{"SZ000972":{"symbol":"SZ000972","exchange":"SZ","code":"000972","name":"*ST中基","current":"3.74","percentage":"0.54","change":"0.02","open":"3.7","high":"3.75","low":"3.69","close":"3.74","last_close":"3.72","high52week":"6.7","low52week":"2.99","volume":"7266707.0","lot_volume":"72667.07","volumeAverage":"0","marketCapital":"2.88460058546E9","eps":"0.1","pe_ttm":"","pe_lyr":"","beta":"0.0","totalShares":"771283579","time":"Fri Mar 09 15:04:03 +0800 2018","afterHours":"0.0","afterHoursPct":"0.0","afterHoursChg":"0.0","updateAt":"1510121113054","dividend":"0.0","yield":"0.0","turnover_rate":"0.94%","instOwn":"0.0","rise_stop":"3.91","fall_stop":"3.53","currency_unit":"CNY","amount":"2.698601434E7","net_assets":"1.1838","hasexist":"","has_warrant":"0","type":"11","flag":"1","rest_day":"","amplitude":"1.61%","market_status":"休市","lot_size":"100","min_order_quantity":"0","max_order_quantity":"0","tick_size":"0.01","variable_tick_size":"","kzz_stock_symbol":"","kzz_stock_name":"","kzz_stock_current":"0.0","kzz_convert_price":"0.0","kzz_covert_value":"0.0","kzz_cpr":"0.0","kzz_putback_price":"0.0","kzz_convert_time":"","kzz_redempt_price":"0.0","kzz_straight_price":"0.0","kzz_stock_percent":"","pb":"3.16","benefit_before_tax":"0.0","benefit_after_tax":"0.0","convert_bond_ratio":"","totalissuescale":"","outstandingamt":"","maturitydate":"","remain_year":"","convertrate":"0.0","interestrtmemo":"","release_date":"","circulation":"0.0","par_value":"0.0","due_time":"0.0","value_date":"","due_date":"","publisher":"","redeem_type":"F","issue_type":"","bond_type":"","warrant":"","sale_rrg":"","rate":"","after_hour_vol":"0","float_shares":"771283579","float_market_capital":"2.88460058546E9","disnext_pay_date":"","convert_rate":"0.0","volume_ratio":"1.61","percent5m":"0.0","pankou_ratio":"5.77%","psr":"4.4784"}}