{"SZ002403":{"symbol":"SZ002403","exchange":"SZ","code":"002403","name":"爱仕达","current":"11.76","percentage":"0.77","change":"0.09","open":"11.6","high":"11.82","low":"11.54","close":"11.76","last_close":"11.67","high52week":"14.47","low52week":"9.83","volume":"1275985.0","lot_volume":"12759.85","volumeAverage":"10407837","marketCapital":"4.11977261976E9","eps":"0.32","pe_ttm":"24.187","pe_lyr":"24.187","beta":"0.0","totalShares":"350320801","time":"Tue Mar 20 15:04:03 +0800 2018","afterHours":"0.0","afterHoursPct":"0.0","afterHoursChg":"0.0","afterHoursTime":"Wed Oct 19 21:59:01 -0400 2011","updateAt":"1510122687819","dividend":"0.2","yield":"1.7","turnover_rate":"0.44%","instOwn":"0.0","rise_stop":"12.84","fall_stop":"10.5","currency_unit":"CNY","amount":"1.497394422E7","net_assets":"6.1351","hasexist":"","has_warrant":"0","type":"11","flag":"1","rest_day":"","amplitude":"2.40%","market_status":"已收盘","lot_size":"100","min_order_quantity":"0","max_order_quantity":"0","tick_size":"0.01","variable_tick_size":"","kzz_stock_symbol":"","kzz_stock_name":"","kzz_stock_current":"0.0","kzz_convert_price":"0.0","kzz_covert_value":"0.0","kzz_cpr":"0.0","kzz_putback_price":"0.0","kzz_convert_time":"","kzz_redempt_price":"0.0","kzz_straight_price":"0.0","kzz_stock_percent":"","pb":"1.92","benefit_before_tax":"0.0","benefit_after_tax":"0.0","convert_bond_ratio":"","totalissuescale":"","outstandingamt":"","maturitydate":"","remain_year":"","convertrate":"0.0","interestrtmemo":"","release_date":"","circulation":"0.0","par_value":"0.0","due_time":"0.0","value_date":"","due_date":"","publisher":"","redeem_type":"F","issue_type":"","bond_type":"","warrant":"","sale_rrg":"","rate":"","after_hour_vol":"0","float_shares":"289097249","float_market_capital":"3.39978364824E9","disnext_pay_date":"","convert_rate":"0.0","volume_ratio":"0.72","percent5m":"0.0","pankou_ratio":"5.5%","psr":"1.4293"}}