{"list":[{"bonusimpdate":"20170613","bonusyear":"2016","cur":"人民币","bonusskratio":null,"tranaddskraio":null,"recorddate":"20170619","exrightdate":"20170620","cdividend":2.0,"fdividendbh":0.0,"tranaddsklistdate":null,"bonussklistdate":null,"tranaddskaccday":null,"bonusskaccday":null,"symbol":null,"secode":"2010003626","divitype":"A","taxfdividendbh":0.0,"taxcdividend":2.0,"divibegdate":"20170620","summarize":"10派2"},{"bonusimpdate":"20150929","bonusyear":"2015","cur":"人民币","bonusskratio":null,"tranaddskraio":3.0,"recorddate":"20151012","exrightdate":"20151013","cdividend":2.0,"fdividendbh":0.0,"tranaddsklistdate":"20151013","bonussklistdate":null,"tranaddskaccday":"20151013","bonusskaccday":null,"symbol":null,"secode":"2010003626","divitype":"AC","taxfdividendbh":0.0,"taxcdividend":2.0,"divibegdate":"20151013","summarize":"10转3派2"},{"bonusimpdate":"20150515","bonusyear":"2014","cur":"人民币","bonusskratio":null,"tranaddskraio":null,"recorddate":"20150521","exrightdate":"20150522","cdividend":2.5,"fdividendbh":0.0,"tranaddsklistdate":null,"bonussklistdate":null,"tranaddskaccday":null,"bonusskaccday":null,"symbol":null,"secode":"2010003626","divitype":"A","taxfdividendbh":0.0,"taxcdividend":2.375,"divibegdate":"20150522","summarize":"10派2.5"},{"bonusimpdate":"20140613","bonusyear":"2013","cur":"人民币","bonusskratio":null,"tranaddskraio":null,"recorddate":"20140619","exrightdate":"20140620","cdividend":2.0,"fdividendbh":0.0,"tranaddsklistdate":null,"bonussklistdate":null,"tranaddskaccday":null,"bonusskaccday":null,"symbol":null,"secode":"2010003626","divitype":"A","taxfdividendbh":0.0,"taxcdividend":1.9,"divibegdate":"20140620","summarize":"10派2"},{"bonusimpdate":"20110521","bonusyear":"2010","cur":"人民币","bonusskratio":null,"tranaddskraio":null,"recorddate":"20110526","exrightdate":"20110527","cdividend":2.0,"fdividendbh":0.0,"tranaddsklistdate":null,"bonussklistdate":null,"tranaddskaccday":null,"bonusskaccday":null,"symbol":null,"secode":"2010003626","divitype":"A","taxfdividendbh":0.0,"taxcdividend":1.8,"divibegdate":"20110527","summarize":"10派2"}]}