{"list":[{"compcode":"80140710","publishdate":"20171028","begindate":"20170101","enddate":"20170930","reporttype":"100111","adjustdate":"20171028","accstacode":"2","accstaname":"新会计准则","biztotinco":2.14684049583E9,"bizinco":2.14684049583E9,"inteinco":null,"earnprem":null,"pouninco":null,"realsale":null,"otherbizinco":null,"biztotincoitse":null,"biztotincoform":null,"biztotcost":2.04321267891E9,"bizcost":1.28995255871E9,"inteexpe":null,"pounexpe":null,"realsalecost":null,"deveexpe":null,"surrgold":null,"compnetexpe":null,"contress":null,"polidiviexpe":null,"reinexpe":null,"otherbizcost":null,"biztax":2.562740026E7,"salesexpe":4.853846673E8,"manaexpe":1.97530314E8,"finexpe":3.297764705E7,"asseimpaloss":1.174009159E7,"biztotcostitse":null,"biztotcostform":null,"valuechgloss":2574000.0,"inveinco":7316692.6,"assoinveprof":-5293173.31,"exchggain":null,"futuloss":null,"custinco":null,"subsidyincome":null,"otherbizprof":null,"bizprofitse":null,"operprofform":null,"perprofit":1.2257639766E8,"nonoreve":1.58299394E7,"nonoexpe":1.234344935E7,"noncassetsdisl":477375.2,"proftotitse":null,"proftotform":null,"totprofit":1.2606288771E8,"incotaxexpe":2.01659692E7,"unreinveloss":null,"netpro1itse":null,"netpro1form":null,"netprofit":1.0589691851E8,"parenetp":1.1316711728E8,"mergeformnetprof":null,"minysharrigh":-7270198.77,"netpro2itse":null,"netpro2form":null,"basiceps":0.32,"dilutedeps":0.32,"othercompinco":264.29,"parecompinco":264.29,"minysharinco":null,"compincoamt":1.058971828E8,"parecompincoamt":1.1316738157E8,"minysharincoamt":-7270198.77,"earlyundiprof":null,"undisprofredu":null,"otherinto":null,"otherdistprof":null,"legalsurp":null,"welfare":null,"capitalreserve":null,"staffaward":null,"reservefund":null,"developfund":null,"profreturninvest":null,"supplycurcap":null,"avaidistshareprof":null,"preferredskdiv":null,"freesurplu":null,"dealwithdivi":null,"capitalizeddivi":null,"undisprofit":null,"selldepartgain":null,"natudisasterloss":null,"accpolicychg":null,"accestimatechg":null,"debtrestruloss":null,"othersupply":null},{"compcode":"80140710","publishdate":"20170830","begindate":"20170101","enddate":"20170630","reporttype":"100111","adjustdate":"20170830","accstacode":"2","accstaname":"新会计准则","biztotinco":1.41828380112E9,"bizinco":1.41828380112E9,"inteinco":null,"earnprem":null,"pouninco":null,"realsale":null,"otherbizinco":null,"biztotincoitse":null,"biztotincoform":null,"biztotcost":1.33737470114E9,"bizcost":8.3965246986E8,"inteexpe":null,"pounexpe":null,"realsalecost":null,"deveexpe":null,"surrgold":null,"compnetexpe":null,"contress":null,"polidiviexpe":null,"reinexpe":null,"otherbizcost":null,"biztax":1.725419001E7,"salesexpe":3.212755481E8,"manaexpe":1.3074851763E8,"finexpe":1.716436171E7,"asseimpaloss":1.127961383E7,"biztotcostitse":null,"biztotcostform":null,"valuechgloss":1192720.0,"inveinco":6011803.2,"assoinveprof":422914.7,"exchggain":null,"futuloss":null,"custinco":null,"subsidyincome":null,"otherbizprof":null,"bizprofitse":null,"operprofform":null,"perprofit":8.811362318E7,"nonoreve":1.639489992E7,"nonoexpe":7438948.6,"noncassetsdisl":260035.29,"proftotitse":null,"proftotform":null,"totprofit":9.70695745E7,"incotaxexpe":1.689738762E7,"unreinveloss":null,"netpro1itse":null,"netpro1form":null,"netprofit":8.017218688E7,"parenetp":8.586949264E7,"mergeformnetprof":null,"minysharrigh":-5697305.76,"netpro2itse":null,"netpro2form":null,"basiceps":0.25,"dilutedeps":0.25,"othercompinco":168.42,"parecompinco":168.42,"minysharinco":null,"compincoamt":8.01723553E7,"parecompincoamt":8.586966106E7,"minysharincoamt":-5697305.76,"earlyundiprof":null,"undisprofredu":null,"otherinto":null,"otherdistprof":null,"legalsurp":null,"welfare":null,"capitalreserve":null,"staffaward":null,"reservefund":null,"developfund":null,"profreturninvest":null,"supplycurcap":null,"avaidistshareprof":null,"preferredskdiv":null,"freesurplu":null,"dealwithdivi":null,"capitalizeddivi":null,"undisprofit":null,"selldepartgain":null,"natudisasterloss":null,"accpolicychg":null,"accestimatechg":null,"debtrestruloss":null,"othersupply":null},{"compcode":"80140710","publishdate":"20170427","begindate":"20170101","enddate":"20170331","reporttype":"100111","adjustdate":"20170427","accstacode":"2","accstaname":"新会计准则","biztotinco":7.4954397974E8,"bizinco":7.4954397974E8,"inteinco":null,"earnprem":null,"pouninco":null,"realsale":null,"otherbizinco":null,"biztotincoitse":null,"biztotincoform":null,"biztotcost":6.9160102298E8,"bizcost":4.3250645643E8,"inteexpe":null,"pounexpe":null,"realsalecost":null,"deveexpe":null,"surrgold":null,"compnetexpe":null,"contress":null,"polidiviexpe":null,"reinexpe":null,"otherbizcost":null,"biztax":9491403.89,"salesexpe":1.7128488279E8,"manaexpe":6.129757934E7,"finexpe":5628309.36,"asseimpaloss":1.139239117E7,"biztotcostitse":null,"biztotcostform":null,"valuechgloss":-869000.0,"inveinco":400077.96,"assoinveprof":null,"exchggain":null,"futuloss":null,"custinco":null,"subsidyincome":null,"otherbizprof":null,"bizprofitse":null,"operprofform":null,"perprofit":5.747403472E7,"nonoreve":7646884.44,"nonoexpe":3179439.62,"noncassetsdisl":6528.26,"proftotitse":null,"proftotform":null,"totprofit":6.194147954E7,"incotaxexpe":1.129218934E7,"unreinveloss":null,"netpro1itse":null,"netpro1form":null,"netprofit":5.06492902E7,"parenetp":5.336500197E7,"mergeformnetprof":null,"minysharrigh":-2715711.77,"netpro2itse":null,"netpro2form":null,"basiceps":0.15,"dilutedeps":0.15,"othercompinco":null,"parecompinco":null,"minysharinco":null,"compincoamt":5.06492902E7,"parecompincoamt":5.336500197E7,"minysharincoamt":-2715711.77,"earlyundiprof":null,"undisprofredu":null,"otherinto":null,"otherdistprof":null,"legalsurp":null,"welfare":null,"capitalreserve":null,"staffaward":null,"reservefund":null,"developfund":null,"profreturninvest":null,"supplycurcap":null,"avaidistshareprof":null,"preferredskdiv":null,"freesurplu":null,"dealwithdivi":null,"capitalizeddivi":null,"undisprofit":null,"selldepartgain":null,"natudisasterloss":null,"accpolicychg":null,"accestimatechg":null,"debtrestruloss":null,"othersupply":null},{"compcode":"80140710","publishdate":"20170427","begindate":"20160101","enddate":"20161231","reporttype":"100111","adjustdate":"20170427","accstacode":"2","accstaname":"新会计准则","biztotinco":2.54753774554E9,"bizinco":2.54753774554E9,"inteinco":null,"earnprem":null,"pouninco":null,"realsale":null,"otherbizinco":null,"biztotincoitse":null,"biztotincoform":null,"biztotcost":2.40491485529E9,"bizcost":1.51835412286E9,"inteexpe":null,"pounexpe":null,"realsalecost":null,"deveexpe":null,"surrgold":null,"compnetexpe":null,"contress":null,"polidiviexpe":null,"reinexpe":null,"otherbizcost":null,"biztax":3.16239256E7,"salesexpe":5.9569547865E8,"manaexpe":2.581123764E8,"finexpe":-8250187.92,"asseimpaloss":9379139.7,"biztotcostitse":null,"biztotcostform":null,"valuechgloss":235700.0,"inveinco":1.483486075E7,"assoinveprof":-3219072.19,"exchggain":null,"futuloss":null,"custinco":null,"subsidyincome":null,"otherbizprof":null,"bizprofitse":null,"operprofform":null,"perprofit":1.57693451E8,"nonoreve":2.372847622E7,"nonoexpe":2.020679063E7,"noncassetsdisl":336225.82,"proftotitse":null,"proftotform":null,"totprofit":1.6121513659E8,"incotaxexpe":2.694239675E7,"unreinveloss":null,"netpro1itse":null,"netpro1form":null,"netprofit":1.3427273984E8,"parenetp":1.3736658607E8,"mergeformnetprof":null,"minysharrigh":-3093846.23,"netpro2itse":null,"netpro2form":null,"basiceps":0.41,"dilutedeps":0.41,"othercompinco":null,"parecompinco":null,"minysharinco":null,"compincoamt":1.3427273984E8,"parecompincoamt":1.3736658607E8,"minysharincoamt":-3093846.23,"earlyundiprof":null,"undisprofredu":null,"otherinto":null,"otherdistprof":null,"legalsurp":null,"welfare":null,"capitalreserve":null,"staffaward":null,"reservefund":null,"developfund":null,"profreturninvest":null,"supplycurcap":null,"avaidistshareprof":null,"preferredskdiv":null,"freesurplu":null,"dealwithdivi":null,"capitalizeddivi":null,"undisprofit":null,"selldepartgain":null,"natudisasterloss":null,"accpolicychg":null,"accestimatechg":null,"debtrestruloss":null,"othersupply":null},{"compcode":"80140710","publishdate":"20161020","begindate":"20160101","enddate":"20160930","reporttype":"100111","adjustdate":"20161020","accstacode":"2","accstaname":"新会计准则","biztotinco":1.81191325044E9,"bizinco":1.81191325044E9,"inteinco":null,"earnprem":null,"pouninco":null,"realsale":null,"otherbizinco":null,"biztotincoitse":null,"biztotincoform":null,"biztotcost":1.71321646173E9,"bizcost":1.06888853008E9,"inteexpe":null,"pounexpe":null,"realsalecost":null,"deveexpe":null,"surrgold":null,"compnetexpe":null,"contress":null,"polidiviexpe":null,"reinexpe":null,"otherbizcost":null,"biztax":1.68952202E7,"salesexpe":4.3216904705E8,"manaexpe":1.8317276823E8,"finexpe":780011.19,"asseimpaloss":1.131088498E7,"biztotcostitse":null,"biztotcostform":null,"valuechgloss":235700.0,"inveinco":1.587803158E7,"assoinveprof":null,"exchggain":null,"futuloss":null,"custinco":null,"subsidyincome":null,"otherbizprof":null,"bizprofitse":null,"operprofform":null,"perprofit":1.1481052029E8,"nonoreve":1.759119229E7,"nonoexpe":1.32379477E7,"noncassetsdisl":263781.14,"proftotitse":null,"proftotform":null,"totprofit":1.1916376488E8,"incotaxexpe":1.957710365E7,"unreinveloss":null,"netpro1itse":null,"netpro1form":null,"netprofit":9.958666123E7,"parenetp":9.958666123E7,"mergeformnetprof":null,"minysharrigh":null,"netpro2itse":null,"netpro2form":null,"basiceps":0.3,"dilutedeps":0.3,"othercompinco":null,"parecompinco":null,"minysharinco":null,"compincoamt":9.958666123E7,"parecompincoamt":9.958666123E7,"minysharincoamt":null,"earlyundiprof":null,"undisprofredu":null,"otherinto":null,"otherdistprof":null,"legalsurp":null,"welfare":null,"capitalreserve":null,"staffaward":null,"reservefund":null,"developfund":null,"profreturninvest":null,"supplycurcap":null,"avaidistshareprof":null,"preferredskdiv":null,"freesurplu":null,"dealwithdivi":null,"capitalizeddivi":null,"undisprofit":null,"selldepartgain":null,"natudisasterloss":null,"accpolicychg":null,"accestimatechg":null,"debtrestruloss":null,"othersupply":null},{"compcode":"80140710","publishdate":"20160825","begindate":"20160101","enddate":"20160630","reporttype":"100111","adjustdate":"20160825","accstacode":"2","accstaname":"新会计准则","biztotinco":1.1773282607E9,"bizinco":1.1773282607E9,"inteinco":null,"earnprem":null,"pouninco":null,"realsale":null,"otherbizinco":null,"biztotincoitse":null,"biztotincoform":null,"biztotcost":1.09897815489E9,"bizcost":6.8015770113E8,"inteexpe":null,"pounexpe":null,"realsalecost":null,"deveexpe":null,"surrgold":null,"compnetexpe":null,"contress":null,"polidiviexpe":null,"reinexpe":null,"otherbizcost":null,"biztax":1.264569713E7,"salesexpe":2.828670619E8,"manaexpe":1.177578183E8,"finexpe":792153.49,"asseimpaloss":4757722.94,"biztotcostitse":null,"biztotcostform":null,"valuechgloss":235700.0,"inveinco":8919335.28,"assoinveprof":null,"exchggain":null,"futuloss":null,"custinco":null,"subsidyincome":null,"otherbizprof":null,"bizprofitse":null,"operprofform":null,"perprofit":8.750514109E7,"nonoreve":9124152.42,"nonoexpe":9559748.72,"noncassetsdisl":263781.14,"proftotitse":null,"proftotform":null,"totprofit":8.706954479E7,"incotaxexpe":1.417920319E7,"unreinveloss":null,"netpro1itse":null,"netpro1form":null,"netprofit":7.28903416E7,"parenetp":7.28903416E7,"mergeformnetprof":null,"minysharrigh":null,"netpro2itse":null,"netpro2form":null,"basiceps":0.23,"dilutedeps":0.23,"othercompinco":null,"parecompinco":null,"minysharinco":null,"compincoamt":7.28903416E7,"parecompincoamt":7.28903416E7,"minysharincoamt":null,"earlyundiprof":null,"undisprofredu":null,"otherinto":null,"otherdistprof":null,"legalsurp":null,"welfare":null,"capitalreserve":null,"staffaward":null,"reservefund":null,"developfund":null,"profreturninvest":null,"supplycurcap":null,"avaidistshareprof":null,"preferredskdiv":null,"freesurplu":null,"dealwithdivi":null,"capitalizeddivi":null,"undisprofit":null,"selldepartgain":null,"natudisasterloss":null,"accpolicychg":null,"accestimatechg":null,"debtrestruloss":null,"othersupply":null},{"compcode":"80140710","publishdate":"20160430","begindate":"20160101","enddate":"20160331","reporttype":"100111","adjustdate":"20160430","accstacode":"2","accstaname":"新会计准则","biztotinco":6.3078415971E8,"bizinco":6.3078415971E8,"inteinco":null,"earnprem":null,"pouninco":null,"realsale":null,"otherbizinco":null,"biztotincoitse":null,"biztotincoform":null,"biztotcost":5.8325967135E8,"bizcost":3.6289611285E8,"inteexpe":null,"pounexpe":null,"realsalecost":null,"deveexpe":null,"surrgold":null,"compnetexpe":null,"contress":null,"polidiviexpe":null,"reinexpe":null,"otherbizcost":null,"biztax":7168166.73,"salesexpe":1.4923032364E8,"manaexpe":5.478694029E7,"finexpe":3261592.0,"asseimpaloss":5916535.84,"biztotcostitse":null,"biztotcostform":null,"valuechgloss":209950.0,"inveinco":6103593.17,"assoinveprof":null,"exchggain":null,"futuloss":null,"custinco":null,"subsidyincome":null,"otherbizprof":null,"bizprofitse":null,"operprofform":null,"perprofit":5.383803153E7,"nonoreve":4554772.95,"nonoexpe":4562990.3,"noncassetsdisl":259542.59,"proftotitse":null,"proftotform":null,"totprofit":5.382981418E7,"incotaxexpe":9580438.94,"unreinveloss":null,"netpro1itse":null,"netpro1form":null,"netprofit":4.424937524E7,"parenetp":4.424937524E7,"mergeformnetprof":null,"minysharrigh":null,"netpro2itse":null,"netpro2form":null,"basiceps":0.14,"dilutedeps":0.14,"othercompinco":null,"parecompinco":null,"minysharinco":null,"compincoamt":4.424937524E7,"parecompincoamt":4.424937524E7,"minysharincoamt":null,"earlyundiprof":null,"undisprofredu":null,"otherinto":null,"otherdistprof":null,"legalsurp":null,"welfare":null,"capitalreserve":null,"staffaward":null,"reservefund":null,"developfund":null,"profreturninvest":null,"supplycurcap":null,"avaidistshareprof":null,"preferredskdiv":null,"freesurplu":null,"dealwithdivi":null,"capitalizeddivi":null,"undisprofit":null,"selldepartgain":null,"natudisasterloss":null,"accpolicychg":null,"accestimatechg":null,"debtrestruloss":null,"othersupply":null},{"compcode":"80140710","publishdate":"20160430","begindate":"20150101","enddate":"20151231","reporttype":"100111","adjustdate":"20160430","accstacode":"2","accstaname":"新会计准则","biztotinco":2.24201942513E9,"bizinco":2.24201942513E9,"inteinco":null,"earnprem":null,"pouninco":null,"realsale":null,"otherbizinco":null,"biztotincoitse":null,"biztotincoform":null,"biztotcost":2.140547238E9,"bizcost":1.37519642986E9,"inteexpe":null,"pounexpe":null,"realsalecost":null,"deveexpe":null,"surrgold":null,"compnetexpe":null,"contress":null,"polidiviexpe":null,"reinexpe":null,"otherbizcost":null,"biztax":1.712481576E7,"salesexpe":5.0275208725E8,"manaexpe":2.3624183801E8,"finexpe":-576816.34,"asseimpaloss":9808883.46,"biztotcostitse":null,"biztotcostform":null,"valuechgloss":627743.33,"inveinco":2.873259428E7,"assoinveprof":null,"exchggain":null,"futuloss":null,"custinco":null,"subsidyincome":null,"otherbizprof":null,"bizprofitse":null,"operprofform":null,"perprofit":1.3083252474E8,"nonoreve":2.306796644E7,"nonoexpe":1.736486173E7,"noncassetsdisl":1241048.65,"proftotitse":null,"proftotform":null,"totprofit":1.3653562945E8,"incotaxexpe":2.289373399E7,"unreinveloss":null,"netpro1itse":null,"netpro1form":null,"netprofit":1.1364189546E8,"parenetp":1.1339462915E8,"mergeformnetprof":null,"minysharrigh":247266.31,"netpro2itse":null,"netpro2form":null,"basiceps":0.36,"dilutedeps":0.36,"othercompinco":null,"parecompinco":null,"minysharinco":null,"compincoamt":1.1364189546E8,"parecompincoamt":1.1339462915E8,"minysharincoamt":247266.31,"earlyundiprof":null,"undisprofredu":null,"otherinto":null,"otherdistprof":null,"legalsurp":null,"welfare":null,"capitalreserve":null,"staffaward":null,"reservefund":null,"developfund":null,"profreturninvest":null,"supplycurcap":null,"avaidistshareprof":null,"preferredskdiv":null,"freesurplu":null,"dealwithdivi":null,"capitalizeddivi":null,"undisprofit":null,"selldepartgain":null,"natudisasterloss":null,"accpolicychg":null,"accestimatechg":null,"debtrestruloss":null,"othersupply":null},{"compcode":"80140710","publishdate":"20151031","begindate":"20150101","enddate":"20150930","reporttype":"100111","adjustdate":"20151031","accstacode":"2","accstaname":"新会计准则","biztotinco":1.6112899373E9,"bizinco":1.6112899373E9,"inteinco":null,"earnprem":null,"pouninco":null,"realsale":null,"otherbizinco":null,"biztotincoitse":null,"biztotincoform":null,"biztotcost":1.54316160343E9,"bizcost":9.8997420362E8,"inteexpe":null,"pounexpe":null,"realsalecost":null,"deveexpe":null,"surrgold":null,"compnetexpe":null,"contress":null,"polidiviexpe":null,"reinexpe":null,"otherbizcost":null,"biztax":1.294764058E7,"salesexpe":3.422340402E8,"manaexpe":1.768533693E8,"finexpe":-1430119.37,"asseimpaloss":2.25824691E7,"biztotcostitse":null,"biztotcostform":null,"valuechgloss":-302610.0,"inveinco":1.76893133E7,"assoinveprof":null,"exchggain":null,"futuloss":null,"custinco":null,"subsidyincome":null,"otherbizprof":null,"bizprofitse":null,"operprofform":null,"perprofit":8.551503717E7,"nonoreve":1.514359757E7,"nonoexpe":1.088633725E7,"noncassetsdisl":189502.48,"proftotitse":null,"proftotform":null,"totprofit":8.977229749E7,"incotaxexpe":1.550368157E7,"unreinveloss":null,"netpro1itse":null,"netpro1form":null,"netprofit":7.426861592E7,"parenetp":7.402134961E7,"mergeformnetprof":null,"minysharrigh":247266.31,"netpro2itse":null,"netpro2form":null,"basiceps":0.24,"dilutedeps":0.24,"othercompinco":null,"parecompinco":null,"minysharinco":null,"compincoamt":7.426861592E7,"parecompincoamt":7.402134961E7,"minysharincoamt":247266.31,"earlyundiprof":null,"undisprofredu":null,"otherinto":null,"otherdistprof":null,"legalsurp":null,"welfare":null,"capitalreserve":null,"staffaward":null,"reservefund":null,"developfund":null,"profreturninvest":null,"supplycurcap":null,"avaidistshareprof":null,"preferredskdiv":null,"freesurplu":null,"dealwithdivi":null,"capitalizeddivi":null,"undisprofit":null,"selldepartgain":null,"natudisasterloss":null,"accpolicychg":null,"accestimatechg":null,"debtrestruloss":null,"othersupply":null},{"compcode":"80140710","publishdate":"20150827","begindate":"20150101","enddate":"20150630","reporttype":"100111","adjustdate":"20150827","accstacode":"2","accstaname":"新会计准则","biztotinco":1.00068691334E9,"bizinco":1.00068691334E9,"inteinco":null,"earnprem":null,"pouninco":null,"realsale":null,"otherbizinco":null,"biztotincoitse":null,"biztotincoform":null,"biztotcost":9.4245503422E8,"bizcost":6.0583529728E8,"inteexpe":null,"pounexpe":null,"realsalecost":null,"deveexpe":null,"surrgold":null,"compnetexpe":null,"contress":null,"polidiviexpe":null,"reinexpe":null,"otherbizcost":null,"biztax":9749005.4,"salesexpe":2.0543162233E8,"manaexpe":1.0967907906E8,"finexpe":4468208.04,"asseimpaloss":7291822.11,"biztotcostitse":null,"biztotcostform":null,"valuechgloss":2663166.66,"inveinco":1.11304929E7,"assoinveprof":null,"exchggain":null,"futuloss":null,"custinco":null,"subsidyincome":null,"otherbizprof":null,"bizprofitse":null,"operprofform":null,"perprofit":7.202553868E7,"nonoreve":9641602.2,"nonoexpe":6702488.21,"noncassetsdisl":69892.03,"proftotitse":null,"proftotform":null,"totprofit":7.496465267E7,"incotaxexpe":1.711225803E7,"unreinveloss":null,"netpro1itse":null,"netpro1form":null,"netprofit":5.785239464E7,"parenetp":5.760512833E7,"mergeformnetprof":null,"minysharrigh":247266.31,"netpro2itse":null,"netpro2form":null,"basiceps":0.24,"dilutedeps":0.24,"othercompinco":null,"parecompinco":null,"minysharinco":null,"compincoamt":5.785239464E7,"parecompincoamt":5.760512833E7,"minysharincoamt":247266.31,"earlyundiprof":null,"undisprofredu":null,"otherinto":null,"otherdistprof":null,"legalsurp":null,"welfare":null,"capitalreserve":null,"staffaward":null,"reservefund":null,"developfund":null,"profreturninvest":null,"supplycurcap":null,"avaidistshareprof":null,"preferredskdiv":null,"freesurplu":null,"dealwithdivi":null,"capitalizeddivi":null,"undisprofit":null,"selldepartgain":null,"natudisasterloss":null,"accpolicychg":null,"accestimatechg":null,"debtrestruloss":null,"othersupply":null},{"compcode":"80140710","publishdate":"20150429","begindate":"20150101","enddate":"20150331","reporttype":"100111","adjustdate":"20150429","accstacode":"2","accstaname":"新会计准则","biztotinco":5.0536329269E8,"bizinco":5.0536329269E8,"inteinco":null,"earnprem":null,"pouninco":null,"realsale":null,"otherbizinco":null,"biztotincoitse":null,"biztotincoform":null,"biztotcost":4.7106046422E8,"bizcost":2.986647302E8,"inteexpe":null,"pounexpe":null,"realsalecost":null,"deveexpe":null,"surrgold":null,"compnetexpe":null,"contress":null,"polidiviexpe":null,"reinexpe":null,"otherbizcost":null,"biztax":5236252.71,"salesexpe":1.1358460861E8,"manaexpe":4.951011727E7,"finexpe":1979718.73,"asseimpaloss":2085036.7,"biztotcostitse":null,"biztotcostform":null,"valuechgloss":1049267.78,"inveinco":5725026.86,"assoinveprof":null,"exchggain":null,"futuloss":null,"custinco":null,"subsidyincome":null,"otherbizprof":null,"bizprofitse":null,"operprofform":null,"perprofit":4.107712311E7,"nonoreve":5838501.38,"nonoexpe":3938150.8,"noncassetsdisl":null,"proftotitse":null,"proftotform":null,"totprofit":4.297747369E7,"incotaxexpe":1.028813318E7,"unreinveloss":null,"netpro1itse":null,"netpro1form":null,"netprofit":3.268934051E7,"parenetp":3.24420742E7,"mergeformnetprof":null,"minysharrigh":247266.31,"netpro2itse":null,"netpro2form":null,"basiceps":0.14,"dilutedeps":0.14,"othercompinco":null,"parecompinco":null,"minysharinco":null,"compincoamt":3.268934051E7,"parecompincoamt":3.24420742E7,"minysharincoamt":247266.31,"earlyundiprof":null,"undisprofredu":null,"otherinto":null,"otherdistprof":null,"legalsurp":null,"welfare":null,"capitalreserve":null,"staffaward":null,"reservefund":null,"developfund":null,"profreturninvest":null,"supplycurcap":null,"avaidistshareprof":null,"preferredskdiv":null,"freesurplu":null,"dealwithdivi":null,"capitalizeddivi":null,"undisprofit":null,"selldepartgain":null,"natudisasterloss":null,"accpolicychg":null,"accestimatechg":null,"debtrestruloss":null,"othersupply":null},{"compcode":"80140710","publishdate":"20150415","begindate":"20140101","enddate":"20141231","reporttype":"100111","adjustdate":"20150415","accstacode":"2","accstaname":"新会计准则","biztotinco":2.20653149349E9,"bizinco":2.20653149349E9,"inteinco":null,"earnprem":null,"pouninco":null,"realsale":null,"otherbizinco":null,"biztotincoitse":null,"biztotincoform":null,"biztotcost":2.12063880171E9,"bizcost":1.42056248547E9,"inteexpe":null,"pounexpe":null,"realsalecost":null,"deveexpe":null,"surrgold":null,"compnetexpe":null,"contress":null,"polidiviexpe":null,"reinexpe":null,"otherbizcost":null,"biztax":1.814514692E7,"salesexpe":4.4072038033E8,"manaexpe":2.1770917528E8,"finexpe":9110467.93,"asseimpaloss":1.439114578E7,"biztotcostitse":null,"biztotcostform":null,"valuechgloss":-1491193.33,"inveinco":1.415387442E7,"assoinveprof":null,"exchggain":null,"futuloss":null,"custinco":null,"subsidyincome":null,"otherbizprof":null,"bizprofitse":null,"operprofform":null,"perprofit":9.855537287E7,"nonoreve":2.418852422E7,"nonoexpe":2.056348109E7,"noncassetsdisl":1107588.57,"proftotitse":null,"proftotform":null,"totprofit":1.02180416E8,"incotaxexpe":1.367560738E7,"unreinveloss":null,"netpro1itse":null,"netpro1form":null,"netprofit":8.850480862E7,"parenetp":8.13440226E7,"mergeformnetprof":null,"minysharrigh":7160786.02,"netpro2itse":null,"netpro2form":null,"basiceps":0.34,"dilutedeps":0.34,"othercompinco":null,"parecompinco":null,"minysharinco":null,"compincoamt":8.850480862E7,"parecompincoamt":8.13440226E7,"minysharincoamt":7160786.02,"earlyundiprof":null,"undisprofredu":null,"otherinto":null,"otherdistprof":null,"legalsurp":null,"welfare":null,"capitalreserve":null,"staffaward":null,"reservefund":null,"developfund":null,"profreturninvest":null,"supplycurcap":null,"avaidistshareprof":null,"preferredskdiv":null,"freesurplu":null,"dealwithdivi":null,"capitalizeddivi":null,"undisprofit":null,"selldepartgain":null,"natudisasterloss":null,"accpolicychg":null,"accestimatechg":null,"debtrestruloss":null,"othersupply":null},{"compcode":"80140710","publishdate":"20141028","begindate":"20140101","enddate":"20140930","reporttype":"100111","adjustdate":"20141028","accstacode":"2","accstaname":"新会计准则","biztotinco":1.61718894642E9,"bizinco":1.61718894642E9,"inteinco":null,"earnprem":null,"pouninco":null,"realsale":null,"otherbizinco":null,"biztotincoitse":null,"biztotincoform":null,"biztotcost":1.55745527105E9,"bizcost":1.03796359939E9,"inteexpe":null,"pounexpe":null,"realsalecost":null,"deveexpe":null,"surrgold":null,"compnetexpe":null,"contress":null,"polidiviexpe":null,"reinexpe":null,"otherbizcost":null,"biztax":1.270080878E7,"salesexpe":3.2865127852E8,"manaexpe":1.6087869839E8,"finexpe":6108717.68,"asseimpaloss":1.115216829E7,"biztotcostitse":null,"biztotcostform":null,"valuechgloss":963400.0,"inveinco":6004416.3,"assoinveprof":null,"exchggain":null,"futuloss":null,"custinco":null,"subsidyincome":null,"otherbizprof":null,"bizprofitse":null,"operprofform":null,"perprofit":6.670149167E7,"nonoreve":1.689704687E7,"nonoexpe":1.643349376E7,"noncassetsdisl":789010.95,"proftotitse":null,"proftotform":null,"totprofit":6.716504478E7,"incotaxexpe":7650956.59,"unreinveloss":null,"netpro1itse":null,"netpro1form":null,"netprofit":5.951408819E7,"parenetp":5.389313793E7,"mergeformnetprof":null,"minysharrigh":5620950.26,"netpro2itse":null,"netpro2form":null,"basiceps":0.22,"dilutedeps":0.22,"othercompinco":null,"parecompinco":null,"minysharinco":null,"compincoamt":5.951408819E7,"parecompincoamt":5.389313793E7,"minysharincoamt":5620950.26,"earlyundiprof":null,"undisprofredu":null,"otherinto":null,"otherdistprof":null,"legalsurp":null,"welfare":null,"capitalreserve":null,"staffaward":null,"reservefund":null,"developfund":null,"profreturninvest":null,"supplycurcap":null,"avaidistshareprof":null,"preferredskdiv":null,"freesurplu":null,"dealwithdivi":null,"capitalizeddivi":null,"undisprofit":null,"selldepartgain":null,"natudisasterloss":null,"accpolicychg":null,"accestimatechg":null,"debtrestruloss":null,"othersupply":null},{"compcode":"80140710","publishdate":"20140822","begindate":"20140101","enddate":"20140630","reporttype":"100111","adjustdate":"20140822","accstacode":"2","accstaname":"新会计准则","biztotinco":1.03603485345E9,"bizinco":1.03603485345E9,"inteinco":null,"earnprem":null,"pouninco":null,"realsale":null,"otherbizinco":null,"biztotincoitse":null,"biztotincoform":null,"biztotcost":9.9096152242E8,"bizcost":6.6727981159E8,"inteexpe":null,"pounexpe":null,"realsalecost":null,"deveexpe":null,"surrgold":null,"compnetexpe":null,"contress":null,"polidiviexpe":null,"reinexpe":null,"otherbizcost":null,"biztax":8371960.88,"salesexpe":2.0640828649E8,"manaexpe":1.0254577515E8,"finexpe":3594915.13,"asseimpaloss":2760773.18,"biztotcostitse":null,"biztotcostform":null,"valuechgloss":2681575.32,"inveinco":-367939.32,"assoinveprof":null,"exchggain":null,"futuloss":null,"custinco":null,"subsidyincome":null,"otherbizprof":null,"bizprofitse":null,"operprofform":null,"perprofit":4.738696703E7,"nonoreve":1.088416438E7,"nonoexpe":1.012800353E7,"noncassetsdisl":13890.93,"proftotitse":null,"proftotform":null,"totprofit":4.814312788E7,"incotaxexpe":5712651.3,"unreinveloss":null,"netpro1itse":null,"netpro1form":null,"netprofit":4.243047658E7,"parenetp":3.847758216E7,"mergeformnetprof":null,"minysharrigh":3952894.42,"netpro2itse":null,"netpro2form":null,"basiceps":0.16,"dilutedeps":0.16,"othercompinco":null,"parecompinco":null,"minysharinco":null,"compincoamt":4.243047658E7,"parecompincoamt":3.847758216E7,"minysharincoamt":3952894.42,"earlyundiprof":null,"undisprofredu":null,"otherinto":null,"otherdistprof":null,"legalsurp":null,"welfare":null,"capitalreserve":null,"staffaward":null,"reservefund":null,"developfund":null,"profreturninvest":null,"supplycurcap":null,"avaidistshareprof":null,"preferredskdiv":null,"freesurplu":null,"dealwithdivi":null,"capitalizeddivi":null,"undisprofit":null,"selldepartgain":null,"natudisasterloss":null,"accpolicychg":null,"accestimatechg":null,"debtrestruloss":null,"othersupply":null},{"compcode":"80140710","publishdate":"20140425","begindate":"20140101","enddate":"20140331","reporttype":"100111","adjustdate":"20140425","accstacode":"2","accstaname":"新会计准则","biztotinco":5.0155252684E8,"bizinco":5.0155252684E8,"inteinco":null,"earnprem":null,"pouninco":null,"realsale":null,"otherbizinco":null,"biztotincoitse":null,"biztotincoform":null,"biztotcost":4.8160676887E8,"bizcost":3.249383104E8,"inteexpe":null,"pounexpe":null,"realsalecost":null,"deveexpe":null,"surrgold":null,"compnetexpe":null,"contress":null,"polidiviexpe":null,"reinexpe":null,"otherbizcost":null,"biztax":3911391.67,"salesexpe":9.913772175E7,"manaexpe":5.024427229E7,"finexpe":3244288.59,"asseimpaloss":130784.17,"biztotcostitse":null,"biztotcostform":null,"valuechgloss":-1703467.78,"inveinco":405650.0,"assoinveprof":null,"exchggain":null,"futuloss":null,"custinco":null,"subsidyincome":null,"otherbizprof":null,"bizprofitse":null,"operprofform":null,"perprofit":1.864794019E7,"nonoreve":4999270.95,"nonoexpe":4682226.45,"noncassetsdisl":null,"proftotitse":null,"proftotform":null,"totprofit":1.896498469E7,"incotaxexpe":1910705.87,"unreinveloss":null,"netpro1itse":null,"netpro1form":null,"netprofit":1.705427882E7,"parenetp":1.636566158E7,"mergeformnetprof":null,"minysharrigh":688617.24,"netpro2itse":null,"netpro2form":null,"basiceps":0.07,"dilutedeps":0.07,"othercompinco":null,"parecompinco":null,"minysharinco":null,"compincoamt":1.705427882E7,"parecompincoamt":1.636566158E7,"minysharincoamt":688617.24,"earlyundiprof":null,"undisprofredu":null,"otherinto":null,"otherdistprof":null,"legalsurp":null,"welfare":null,"capitalreserve":null,"staffaward":null,"reservefund":null,"developfund":null,"profreturninvest":null,"supplycurcap":null,"avaidistshareprof":null,"preferredskdiv":null,"freesurplu":null,"dealwithdivi":null,"capitalizeddivi":null,"undisprofit":null,"selldepartgain":null,"natudisasterloss":null,"accpolicychg":null,"accestimatechg":null,"debtrestruloss":null,"othersupply":null},{"compcode":"80140710","publishdate":"20140422","begindate":"20130101","enddate":"20131231","reporttype":"100111","adjustdate":"20140422","accstacode":"2","accstaname":"新会计准则","biztotinco":2.13469367279E9,"bizinco":2.13469367279E9,"inteinco":null,"earnprem":null,"pouninco":null,"realsale":null,"otherbizinco":null,"biztotincoitse":null,"biztotincoform":null,"biztotcost":2.09521946033E9,"bizcost":1.44642925165E9,"inteexpe":null,"pounexpe":null,"realsalecost":null,"deveexpe":null,"surrgold":null,"compnetexpe":null,"contress":null,"polidiviexpe":null,"reinexpe":null,"otherbizcost":null,"biztax":1.665397071E7,"salesexpe":3.8842452569E8,"manaexpe":2.0630951923E8,"finexpe":2.884647683E7,"asseimpaloss":8555716.22,"biztotcostitse":null,"biztotcostform":null,"valuechgloss":627750.0,"inveinco":3456370.0,"assoinveprof":null,"exchggain":null,"futuloss":null,"custinco":null,"subsidyincome":null,"otherbizprof":null,"bizprofitse":null,"operprofform":null,"perprofit":4.355833246E7,"nonoreve":6.281350828E7,"nonoexpe":5.234631274E7,"noncassetsdisl":3.64149479E7,"proftotitse":null,"proftotform":null,"totprofit":5.4025528E7,"incotaxexpe":4554091.9,"unreinveloss":null,"netpro1itse":null,"netpro1form":null,"netprofit":4.94714361E7,"parenetp":4.287613546E7,"mergeformnetprof":null,"minysharrigh":6595300.64,"netpro2itse":null,"netpro2form":null,"basiceps":0.18,"dilutedeps":0.18,"othercompinco":null,"parecompinco":null,"minysharinco":null,"compincoamt":4.94714361E7,"parecompincoamt":4.287613546E7,"minysharincoamt":6595300.64,"earlyundiprof":null,"undisprofredu":null,"otherinto":null,"otherdistprof":null,"legalsurp":null,"welfare":null,"capitalreserve":null,"staffaward":null,"reservefund":null,"developfund":null,"profreturninvest":null,"supplycurcap":null,"avaidistshareprof":null,"preferredskdiv":null,"freesurplu":null,"dealwithdivi":null,"capitalizeddivi":null,"undisprofit":null,"selldepartgain":null,"natudisasterloss":null,"accpolicychg":null,"accestimatechg":null,"debtrestruloss":null,"othersupply":null},{"compcode":"80140710","publishdate":"20131026","begindate":"20130101","enddate":"20130930","reporttype":"100111","adjustdate":"20131026","accstacode":"2","accstaname":"新会计准则","biztotinco":1.53951249777E9,"bizinco":1.53951249777E9,"inteinco":null,"earnprem":null,"pouninco":null,"realsale":null,"otherbizinco":null,"biztotincoitse":null,"biztotincoform":null,"biztotcost":1.52208987182E9,"bizcost":1.05931146909E9,"inteexpe":null,"pounexpe":null,"realsalecost":null,"deveexpe":null,"surrgold":null,"compnetexpe":null,"contress":null,"polidiviexpe":null,"reinexpe":null,"otherbizcost":null,"biztax":1.104577758E7,"salesexpe":2.7714995423E8,"manaexpe":1.4613512686E8,"finexpe":2.193271945E7,"asseimpaloss":6514824.61,"biztotcostitse":null,"biztotcostform":null,"valuechgloss":1653660.0,"inveinco":1243110.0,"assoinveprof":null,"exchggain":null,"futuloss":null,"custinco":null,"subsidyincome":null,"otherbizprof":null,"bizprofitse":null,"operprofform":null,"perprofit":2.031939595E7,"nonoreve":8785372.26,"nonoexpe":1829458.34,"noncassetsdisl":4590.77,"proftotitse":null,"proftotform":null,"totprofit":2.727530987E7,"incotaxexpe":351592.47,"unreinveloss":null,"netpro1itse":null,"netpro1form":null,"netprofit":2.69237174E7,"parenetp":2.370267161E7,"mergeformnetprof":1.216442025E7,"minysharrigh":3221045.79,"netpro2itse":null,"netpro2form":null,"basiceps":0.1,"dilutedeps":0.1,"othercompinco":null,"parecompinco":null,"minysharinco":null,"compincoamt":2.69237174E7,"parecompincoamt":2.370267161E7,"minysharincoamt":3221045.79,"earlyundiprof":null,"undisprofredu":null,"otherinto":null,"otherdistprof":null,"legalsurp":null,"welfare":null,"capitalreserve":null,"staffaward":null,"reservefund":null,"developfund":null,"profreturninvest":null,"supplycurcap":null,"avaidistshareprof":null,"preferredskdiv":null,"freesurplu":null,"dealwithdivi":null,"capitalizeddivi":null,"undisprofit":null,"selldepartgain":null,"natudisasterloss":null,"accpolicychg":null,"accestimatechg":null,"debtrestruloss":null,"othersupply":null},{"compcode":"80140710","publishdate":"20130820","begindate":"20130101","enddate":"20130630","reporttype":"100111","adjustdate":"20130820","accstacode":"2","accstaname":"新会计准则","biztotinco":9.7009512505E8,"bizinco":9.7009512505E8,"inteinco":null,"earnprem":null,"pouninco":null,"realsale":null,"otherbizinco":null,"biztotincoitse":null,"biztotincoform":null,"biztotcost":9.5460739505E8,"bizcost":6.5574794943E8,"inteexpe":null,"pounexpe":null,"realsalecost":null,"deveexpe":null,"surrgold":null,"compnetexpe":null,"contress":null,"polidiviexpe":null,"reinexpe":null,"otherbizcost":null,"biztax":7685905.68,"salesexpe":1.7489253347E8,"manaexpe":9.645226E7,"finexpe":1.546530406E7,"asseimpaloss":4363442.41,"biztotcostitse":null,"biztotcostform":null,"valuechgloss":null,"inveinco":null,"assoinveprof":null,"exchggain":null,"futuloss":null,"custinco":null,"subsidyincome":null,"otherbizprof":null,"bizprofitse":null,"operprofform":null,"perprofit":1.548773E7,"nonoreve":6683784.18,"nonoexpe":1163828.87,"noncassetsdisl":4590.77,"proftotitse":null,"proftotform":null,"totprofit":2.100768531E7,"incotaxexpe":233730.16,"unreinveloss":null,"netpro1itse":null,"netpro1form":null,"netprofit":2.077395515E7,"parenetp":1.869512054E7,"mergeformnetprof":null,"minysharrigh":2078834.61,"netpro2itse":null,"netpro2form":null,"basiceps":0.08,"dilutedeps":0.08,"othercompinco":null,"parecompinco":null,"minysharinco":null,"compincoamt":2.077395515E7,"parecompincoamt":1.869512054E7,"minysharincoamt":2078834.61,"earlyundiprof":null,"undisprofredu":null,"otherinto":null,"otherdistprof":null,"legalsurp":null,"welfare":null,"capitalreserve":null,"staffaward":null,"reservefund":null,"developfund":null,"profreturninvest":null,"supplycurcap":null,"avaidistshareprof":null,"preferredskdiv":null,"freesurplu":null,"dealwithdivi":null,"capitalizeddivi":null,"undisprofit":null,"selldepartgain":null,"natudisasterloss":null,"accpolicychg":null,"accestimatechg":null,"debtrestruloss":null,"othersupply":null},{"compcode":"80140710","publishdate":"20130426","begindate":"20130101","enddate":"20130331","reporttype":"100111","adjustdate":"20130426","accstacode":"2","accstaname":"新会计准则","biztotinco":5.0677247693E8,"bizinco":5.0677247693E8,"inteinco":null,"earnprem":null,"pouninco":null,"realsale":null,"otherbizinco":null,"biztotincoitse":null,"biztotincoform":null,"biztotcost":4.8948429175E8,"bizcost":3.3657388936E8,"inteexpe":null,"pounexpe":null,"realsalecost":null,"deveexpe":null,"surrgold":null,"compnetexpe":null,"contress":null,"polidiviexpe":null,"reinexpe":null,"otherbizcost":null,"biztax":4269728.04,"salesexpe":9.271343324E7,"manaexpe":4.72032872E7,"finexpe":7043368.4,"asseimpaloss":1680585.51,"biztotcostitse":null,"biztotcostform":null,"valuechgloss":0.0,"inveinco":0.0,"assoinveprof":null,"exchggain":null,"futuloss":null,"custinco":null,"subsidyincome":null,"otherbizprof":null,"bizprofitse":null,"operprofform":null,"perprofit":1.728818518E7,"nonoreve":768929.24,"nonoexpe":546912.53,"noncassetsdisl":0.0,"proftotitse":null,"proftotform":null,"totprofit":1.751020189E7,"incotaxexpe":1592056.63,"unreinveloss":null,"netpro1itse":null,"netpro1form":null,"netprofit":1.591814526E7,"parenetp":1.534300129E7,"mergeformnetprof":null,"minysharrigh":575143.97,"netpro2itse":null,"netpro2form":null,"basiceps":0.06,"dilutedeps":0.06,"othercompinco":null,"parecompinco":null,"minysharinco":null,"compincoamt":1.591814526E7,"parecompincoamt":1.534300129E7,"minysharincoamt":575143.97,"earlyundiprof":null,"undisprofredu":null,"otherinto":null,"otherdistprof":null,"legalsurp":null,"welfare":null,"capitalreserve":null,"staffaward":null,"reservefund":null,"developfund":null,"profreturninvest":null,"supplycurcap":null,"avaidistshareprof":null,"preferredskdiv":null,"freesurplu":null,"dealwithdivi":null,"capitalizeddivi":null,"undisprofit":null,"selldepartgain":null,"natudisasterloss":null,"accpolicychg":null,"accestimatechg":null,"debtrestruloss":null,"othersupply":null},{"compcode":"80140710","publishdate":"20130425","begindate":"20120101","enddate":"20121231","reporttype":"100111","adjustdate":"20130425","accstacode":"2","accstaname":"新会计准则","biztotinco":1.93763038297E9,"bizinco":1.93763038297E9,"inteinco":null,"earnprem":null,"pouninco":null,"realsale":null,"otherbizinco":null,"biztotincoitse":null,"biztotincoform":null,"biztotcost":1.90263076142E9,"bizcost":1.2881434986E9,"inteexpe":null,"pounexpe":null,"realsalecost":null,"deveexpe":null,"surrgold":null,"compnetexpe":null,"contress":null,"polidiviexpe":null,"reinexpe":null,"otherbizcost":null,"biztax":1.595374334E7,"salesexpe":3.7824468115E8,"manaexpe":2.0508124882E8,"finexpe":1.256309365E7,"asseimpaloss":2644495.86,"biztotcostitse":null,"biztotcostform":null,"valuechgloss":-3717793.5,"inveinco":1788221.9,"assoinveprof":null,"exchggain":null,"futuloss":null,"custinco":null,"subsidyincome":null,"otherbizprof":null,"bizprofitse":null,"operprofform":null,"perprofit":3.307004995E7,"nonoreve":4290554.97,"nonoexpe":2417169.34,"noncassetsdisl":18873.37,"proftotitse":null,"proftotform":null,"totprofit":3.494343558E7,"incotaxexpe":864940.19,"unreinveloss":null,"netpro1itse":null,"netpro1form":null,"netprofit":3.407849539E7,"parenetp":3.095913725E7,"mergeformnetprof":null,"minysharrigh":3119358.14,"netpro2itse":null,"netpro2form":null,"basiceps":0.13,"dilutedeps":0.13,"othercompinco":null,"parecompinco":null,"minysharinco":null,"compincoamt":3.407849539E7,"parecompincoamt":3.095913725E7,"minysharincoamt":3119358.14,"earlyundiprof":null,"undisprofredu":null,"otherinto":null,"otherdistprof":null,"legalsurp":null,"welfare":null,"capitalreserve":null,"staffaward":null,"reservefund":null,"developfund":null,"profreturninvest":null,"supplycurcap":null,"avaidistshareprof":null,"preferredskdiv":null,"freesurplu":null,"dealwithdivi":null,"capitalizeddivi":null,"undisprofit":null,"selldepartgain":null,"natudisasterloss":null,"accpolicychg":null,"accestimatechg":null,"debtrestruloss":null,"othersupply":null},{"compcode":"80140710","publishdate":"20121030","begindate":"20120101","enddate":"20120930","reporttype":"100111","adjustdate":"20121030","accstacode":"2","accstaname":"新会计准则","biztotinco":1.38398527365E9,"bizinco":1.38398527365E9,"inteinco":null,"earnprem":null,"pouninco":null,"realsale":null,"otherbizinco":null,"biztotincoitse":null,"biztotincoform":null,"biztotcost":1.3647177216E9,"bizcost":9.1976781948E8,"inteexpe":null,"pounexpe":null,"realsalecost":null,"deveexpe":null,"surrgold":null,"compnetexpe":null,"contress":null,"polidiviexpe":null,"reinexpe":null,"otherbizcost":null,"biztax":1.290370285E7,"salesexpe":2.7776770827E8,"manaexpe":1.4608686905E8,"finexpe":6365227.7,"asseimpaloss":1826394.25,"biztotcostitse":null,"biztotcostform":null,"valuechgloss":-5776508.5,"inveinco":2750743.9,"assoinveprof":null,"exchggain":null,"futuloss":null,"custinco":null,"subsidyincome":null,"otherbizprof":null,"bizprofitse":null,"operprofform":null,"perprofit":1.624178745E7,"nonoreve":3395331.3,"nonoexpe":1975094.46,"noncassetsdisl":null,"proftotitse":null,"proftotform":null,"totprofit":1.766202429E7,"incotaxexpe":-2683568.62,"unreinveloss":null,"netpro1itse":null,"netpro1form":null,"netprofit":2.034559291E7,"parenetp":1.795370993E7,"mergeformnetprof":null,"minysharrigh":2391882.98,"netpro2itse":null,"netpro2form":null,"basiceps":0.07,"dilutedeps":0.07,"othercompinco":null,"parecompinco":null,"minysharinco":null,"compincoamt":2.034559291E7,"parecompincoamt":1.795370993E7,"minysharincoamt":2391882.98,"earlyundiprof":null,"undisprofredu":null,"otherinto":null,"otherdistprof":null,"legalsurp":null,"welfare":null,"capitalreserve":null,"staffaward":null,"reservefund":null,"developfund":null,"profreturninvest":null,"supplycurcap":null,"avaidistshareprof":null,"preferredskdiv":null,"freesurplu":null,"dealwithdivi":null,"capitalizeddivi":null,"undisprofit":null,"selldepartgain":null,"natudisasterloss":null,"accpolicychg":null,"accestimatechg":null,"debtrestruloss":null,"othersupply":null},{"compcode":"80140710","publishdate":"20120822","begindate":"20120101","enddate":"20120630","reporttype":"100111","adjustdate":"20120822","accstacode":"2","accstaname":"新会计准则","biztotinco":8.7189603133E8,"bizinco":8.7189603133E8,"inteinco":0.0,"earnprem":0.0,"pouninco":0.0,"realsale":null,"otherbizinco":null,"biztotincoitse":null,"biztotincoform":null,"biztotcost":8.5210143797E8,"bizcost":5.799344481E8,"inteexpe":null,"pounexpe":null,"realsalecost":null,"deveexpe":null,"surrgold":null,"compnetexpe":null,"contress":null,"polidiviexpe":null,"reinexpe":null,"otherbizcost":null,"biztax":8363281.53,"salesexpe":1.6951575352E8,"manaexpe":9.299949245E7,"finexpe":3976005.48,"asseimpaloss":-2687543.11,"biztotcostitse":null,"biztotcostform":null,"valuechgloss":-5598142.5,"inveinco":3286577.9,"assoinveprof":null,"exchggain":null,"futuloss":null,"custinco":null,"subsidyincome":null,"otherbizprof":null,"bizprofitse":null,"operprofform":null,"perprofit":1.748302876E7,"nonoreve":2274314.14,"nonoexpe":1379955.2,"noncassetsdisl":288.46,"proftotitse":null,"proftotform":null,"totprofit":1.83773877E7,"incotaxexpe":-301563.11,"unreinveloss":null,"netpro1itse":null,"netpro1form":null,"netprofit":1.867895081E7,"parenetp":1.655864051E7,"mergeformnetprof":null,"minysharrigh":2120310.3,"netpro2itse":null,"netpro2form":null,"basiceps":0.07,"dilutedeps":0.07,"othercompinco":null,"parecompinco":null,"minysharinco":null,"compincoamt":1.867895081E7,"parecompincoamt":1.655864051E7,"minysharincoamt":2120310.3,"earlyundiprof":null,"undisprofredu":null,"otherinto":null,"otherdistprof":null,"legalsurp":null,"welfare":null,"capitalreserve":null,"staffaward":null,"reservefund":null,"developfund":null,"profreturninvest":null,"supplycurcap":null,"avaidistshareprof":null,"preferredskdiv":null,"freesurplu":null,"dealwithdivi":null,"capitalizeddivi":null,"undisprofit":null,"selldepartgain":null,"natudisasterloss":null,"accpolicychg":null,"accestimatechg":null,"debtrestruloss":null,"othersupply":null},{"compcode":"80140710","publishdate":"20120424","begindate":"20120101","enddate":"20120331","reporttype":"100111","adjustdate":"20120424","accstacode":"2","accstaname":"新会计准则","biztotinco":4.1632302622E8,"bizinco":4.1632302622E8,"inteinco":null,"earnprem":null,"pouninco":null,"realsale":null,"otherbizinco":null,"biztotincoitse":null,"biztotincoform":null,"biztotcost":3.9747587193E8,"bizcost":2.7273728402E8,"inteexpe":null,"pounexpe":null,"realsalecost":null,"deveexpe":null,"surrgold":null,"compnetexpe":null,"contress":null,"polidiviexpe":null,"reinexpe":null,"otherbizcost":null,"biztax":4597023.81,"salesexpe":8.06350894E7,"manaexpe":3.810243116E7,"finexpe":3260050.32,"asseimpaloss":-1856006.78,"biztotcostitse":null,"biztotcostform":null,"valuechgloss":-2444872.5,"inveinco":2391346.5,"assoinveprof":null,"exchggain":null,"futuloss":null,"custinco":null,"subsidyincome":null,"otherbizprof":null,"bizprofitse":null,"operprofform":null,"perprofit":1.879362829E7,"nonoreve":841341.57,"nonoexpe":435542.92,"noncassetsdisl":null,"proftotitse":null,"proftotform":null,"totprofit":1.919942694E7,"incotaxexpe":2139530.09,"unreinveloss":null,"netpro1itse":null,"netpro1form":null,"netprofit":1.705989685E7,"parenetp":1.653991583E7,"mergeformnetprof":null,"minysharrigh":519981.02,"netpro2itse":null,"netpro2form":null,"basiceps":0.07,"dilutedeps":0.07,"othercompinco":null,"parecompinco":null,"minysharinco":null,"compincoamt":1.705989685E7,"parecompincoamt":1.653991583E7,"minysharincoamt":519981.02,"earlyundiprof":null,"undisprofredu":null,"otherinto":null,"otherdistprof":null,"legalsurp":null,"welfare":null,"capitalreserve":null,"staffaward":null,"reservefund":null,"developfund":null,"profreturninvest":null,"supplycurcap":null,"avaidistshareprof":null,"preferredskdiv":null,"freesurplu":null,"dealwithdivi":null,"capitalizeddivi":null,"undisprofit":null,"selldepartgain":null,"natudisasterloss":null,"accpolicychg":null,"accestimatechg":null,"debtrestruloss":null,"othersupply":null},{"compcode":"80140710","publishdate":"20120424","begindate":"20110101","enddate":"20111231","reporttype":"100111","adjustdate":"20120424","accstacode":"2","accstaname":"新会计准则","biztotinco":2.20269922943E9,"bizinco":2.20269922943E9,"inteinco":null,"earnprem":null,"pouninco":null,"realsale":null,"otherbizinco":null,"biztotincoitse":null,"biztotincoform":null,"biztotcost":2.2080079316E9,"bizcost":1.5658354945E9,"inteexpe":null,"pounexpe":null,"realsalecost":null,"deveexpe":null,"surrgold":null,"compnetexpe":null,"contress":null,"polidiviexpe":null,"reinexpe":null,"otherbizcost":null,"biztax":1.57847256E7,"salesexpe":3.9564151132E8,"manaexpe":2.1075530709E8,"finexpe":1.548764534E7,"asseimpaloss":4503247.75,"biztotcostitse":null,"biztotcostform":null,"valuechgloss":3717793.5,"inveinco":2.848489226E7,"assoinveprof":null,"exchggain":null,"futuloss":null,"custinco":null,"subsidyincome":null,"otherbizprof":null,"bizprofitse":null,"operprofform":null,"perprofit":2.689398359E7,"nonoreve":5.929858338E7,"nonoexpe":3188959.36,"noncassetsdisl":23646.47,"proftotitse":null,"proftotform":null,"totprofit":8.300360761E7,"incotaxexpe":1.167499919E7,"unreinveloss":null,"netpro1itse":null,"netpro1form":null,"netprofit":7.132860842E7,"parenetp":6.015504254E7,"mergeformnetprof":null,"minysharrigh":1.117356588E7,"netpro2itse":null,"netpro2form":null,"basiceps":0.25,"dilutedeps":0.25,"othercompinco":null,"parecompinco":null,"minysharinco":null,"compincoamt":7.132860842E7,"parecompincoamt":6.015504254E7,"minysharincoamt":1.117356588E7,"earlyundiprof":null,"undisprofredu":null,"otherinto":null,"otherdistprof":null,"legalsurp":null,"welfare":null,"capitalreserve":null,"staffaward":null,"reservefund":null,"developfund":null,"profreturninvest":null,"supplycurcap":null,"avaidistshareprof":null,"preferredskdiv":null,"freesurplu":null,"dealwithdivi":null,"capitalizeddivi":null,"undisprofit":null,"selldepartgain":null,"natudisasterloss":null,"accpolicychg":null,"accestimatechg":null,"debtrestruloss":null,"othersupply":null},{"compcode":"80140710","publishdate":"20111022","begindate":"20110101","enddate":"20110930","reporttype":"100111","adjustdate":"20111022","accstacode":"2","accstaname":"新会计准则","biztotinco":1.57419701445E9,"bizinco":1.57419701445E9,"inteinco":null,"earnprem":null,"pouninco":null,"realsale":null,"otherbizinco":null,"biztotincoitse":null,"biztotincoform":null,"biztotcost":1.54119780066E9,"bizcost":1.14432158956E9,"inteexpe":null,"pounexpe":null,"realsalecost":null,"deveexpe":null,"surrgold":null,"compnetexpe":null,"contress":null,"polidiviexpe":null,"reinexpe":null,"otherbizcost":null,"biztax":1.059650001E7,"salesexpe":2.4960722035E8,"manaexpe":1.4136890553E8,"finexpe":-6387528.2,"asseimpaloss":1691113.41,"biztotcostitse":null,"biztotcostform":null,"valuechgloss":7076470.5,"inveinco":32986.3,"assoinveprof":null,"exchggain":null,"futuloss":null,"custinco":null,"subsidyincome":null,"otherbizprof":null,"bizprofitse":null,"operprofform":null,"perprofit":4.010867059E7,"nonoreve":1594815.26,"nonoexpe":2525526.83,"noncassetsdisl":null,"proftotitse":null,"proftotform":null,"totprofit":3.917795902E7,"incotaxexpe":7036956.35,"unreinveloss":null,"netpro1itse":null,"netpro1form":null,"netprofit":3.214100267E7,"parenetp":3.207435278E7,"mergeformnetprof":null,"minysharrigh":66649.89,"netpro2itse":null,"netpro2form":null,"basiceps":0.13,"dilutedeps":0.13,"othercompinco":null,"parecompinco":null,"minysharinco":null,"compincoamt":3.214100267E7,"parecompincoamt":3.207435278E7,"minysharincoamt":66649.89,"earlyundiprof":null,"undisprofredu":null,"otherinto":null,"otherdistprof":null,"legalsurp":null,"welfare":null,"capitalreserve":null,"staffaward":null,"reservefund":null,"developfund":null,"profreturninvest":null,"supplycurcap":null,"avaidistshareprof":null,"preferredskdiv":null,"freesurplu":null,"dealwithdivi":null,"capitalizeddivi":null,"undisprofit":null,"selldepartgain":null,"natudisasterloss":null,"accpolicychg":null,"accestimatechg":null,"debtrestruloss":null,"othersupply":null},{"compcode":"80140710","publishdate":"20110826","begindate":"20110101","enddate":"20110630","reporttype":"100111","adjustdate":"20110826","accstacode":"2","accstaname":"新会计准则","biztotinco":1.02593543843E9,"bizinco":1.02593543843E9,"inteinco":null,"earnprem":null,"pouninco":null,"realsale":null,"otherbizinco":null,"biztotincoitse":null,"biztotincoform":null,"biztotcost":9.8395330336E8,"bizcost":7.3550424888E8,"inteexpe":null,"pounexpe":null,"realsalecost":null,"deveexpe":null,"surrgold":null,"compnetexpe":null,"contress":null,"polidiviexpe":null,"reinexpe":null,"otherbizcost":null,"biztax":6858488.45,"salesexpe":1.5843708123E8,"manaexpe":8.673337038E7,"finexpe":-4763709.59,"asseimpaloss":1183824.01,"biztotcostitse":null,"biztotcostform":null,"valuechgloss":null,"inveinco":32986.3,"assoinveprof":null,"exchggain":null,"futuloss":null,"custinco":null,"subsidyincome":null,"otherbizprof":null,"bizprofitse":null,"operprofform":null,"perprofit":4.201512137E7,"nonoreve":708886.35,"nonoexpe":1882879.88,"noncassetsdisl":null,"proftotitse":null,"proftotform":null,"totprofit":4.084112784E7,"incotaxexpe":7074087.29,"unreinveloss":null,"netpro1itse":null,"netpro1form":null,"netprofit":3.376704055E7,"parenetp":3.239630442E7,"mergeformnetprof":null,"minysharrigh":1370736.13,"netpro2itse":null,"netpro2form":null,"basiceps":0.13,"dilutedeps":0.13,"othercompinco":null,"parecompinco":null,"minysharinco":null,"compincoamt":3.376704055E7,"parecompincoamt":3.239630442E7,"minysharincoamt":1370736.13,"earlyundiprof":null,"undisprofredu":null,"otherinto":null,"otherdistprof":null,"legalsurp":null,"welfare":null,"capitalreserve":null,"staffaward":null,"reservefund":null,"developfund":null,"profreturninvest":null,"supplycurcap":null,"avaidistshareprof":null,"preferredskdiv":null,"freesurplu":null,"dealwithdivi":null,"capitalizeddivi":null,"undisprofit":null,"selldepartgain":null,"natudisasterloss":null,"accpolicychg":null,"accestimatechg":null,"debtrestruloss":null,"othersupply":null},{"compcode":"80140710","publishdate":"20110427","begindate":"20110101","enddate":"20110331","reporttype":"100111","adjustdate":"20110427","accstacode":"2","accstaname":"新会计准则","biztotinco":5.1884832408E8,"bizinco":5.1884832408E8,"inteinco":null,"earnprem":null,"pouninco":null,"realsale":null,"otherbizinco":null,"biztotincoitse":null,"biztotincoform":null,"biztotcost":4.8832506398E8,"bizcost":3.7059091693E8,"inteexpe":null,"pounexpe":null,"realsalecost":null,"deveexpe":null,"surrgold":null,"compnetexpe":null,"contress":null,"polidiviexpe":null,"reinexpe":null,"otherbizcost":null,"biztax":4494669.57,"salesexpe":7.975948508E7,"manaexpe":3.550062048E7,"finexpe":-1111794.59,"asseimpaloss":-908833.49,"biztotcostitse":null,"biztotcostform":null,"valuechgloss":null,"inveinco":32986.3,"assoinveprof":null,"exchggain":null,"futuloss":null,"custinco":null,"subsidyincome":null,"otherbizprof":null,"bizprofitse":null,"operprofform":null,"perprofit":3.05562464E7,"nonoreve":359111.2,"nonoexpe":529892.23,"noncassetsdisl":null,"proftotitse":null,"proftotform":null,"totprofit":3.038546537E7,"incotaxexpe":5399928.87,"unreinveloss":null,"netpro1itse":null,"netpro1form":null,"netprofit":2.49855365E7,"parenetp":2.45892571E7,"mergeformnetprof":null,"minysharrigh":396279.4,"netpro2itse":null,"netpro2form":null,"basiceps":0.1,"dilutedeps":0.1,"othercompinco":null,"parecompinco":null,"minysharinco":null,"compincoamt":2.49855365E7,"parecompincoamt":2.45892571E7,"minysharincoamt":396279.4,"earlyundiprof":null,"undisprofredu":null,"otherinto":null,"otherdistprof":null,"legalsurp":null,"welfare":null,"capitalreserve":null,"staffaward":null,"reservefund":null,"developfund":null,"profreturninvest":null,"supplycurcap":null,"avaidistshareprof":null,"preferredskdiv":null,"freesurplu":null,"dealwithdivi":null,"capitalizeddivi":null,"undisprofit":null,"selldepartgain":null,"natudisasterloss":null,"accpolicychg":null,"accestimatechg":null,"debtrestruloss":null,"othersupply":null},{"compcode":"80140710","publishdate":"20110422","begindate":"20100101","enddate":"20101231","reporttype":"100111","adjustdate":"20110422","accstacode":"2","accstaname":"新会计准则","biztotinco":2.05040152364E9,"bizinco":2.05040152364E9,"inteinco":null,"earnprem":null,"pouninco":null,"realsale":null,"otherbizinco":null,"biztotincoitse":null,"biztotincoform":null,"biztotcost":1.9749075681E9,"bizcost":1.46185177236E9,"inteexpe":null,"pounexpe":null,"realsalecost":null,"deveexpe":null,"surrgold":null,"compnetexpe":null,"contress":null,"polidiviexpe":null,"reinexpe":null,"otherbizcost":null,"biztax":1.304714143E7,"salesexpe":3.678171346E8,"manaexpe":1.1123276895E8,"finexpe":1.75780559E7,"asseimpaloss":3380694.86,"biztotcostitse":null,"biztotcostform":null,"valuechgloss":-1877500.0,"inveinco":-1014175.0,"assoinveprof":null,"exchggain":null,"futuloss":null,"custinco":null,"subsidyincome":null,"otherbizprof":null,"bizprofitse":null,"operprofform":null,"perprofit":7.260228054E7,"nonoreve":5808116.75,"nonoexpe":3685638.5,"noncassetsdisl":466416.65,"proftotitse":null,"proftotform":null,"totprofit":7.472475879E7,"incotaxexpe":7726343.65,"unreinveloss":null,"netpro1itse":null,"netpro1form":null,"netprofit":6.699841514E7,"parenetp":6.223688694E7,"mergeformnetprof":null,"minysharrigh":4761528.2,"netpro2itse":null,"netpro2form":null,"basiceps":0.29,"dilutedeps":0.29,"othercompinco":null,"parecompinco":null,"minysharinco":null,"compincoamt":6.699841514E7,"parecompincoamt":6.223688694E7,"minysharincoamt":4761528.2,"earlyundiprof":null,"undisprofredu":null,"otherinto":null,"otherdistprof":null,"legalsurp":null,"welfare":null,"capitalreserve":null,"staffaward":null,"reservefund":null,"developfund":null,"profreturninvest":null,"supplycurcap":null,"avaidistshareprof":null,"preferredskdiv":null,"freesurplu":null,"dealwithdivi":null,"capitalizeddivi":null,"undisprofit":null,"selldepartgain":null,"natudisasterloss":null,"accpolicychg":null,"accestimatechg":null,"debtrestruloss":null,"othersupply":null},{"compcode":"80140710","publishdate":"20101023","begindate":"20100101","enddate":"20100930","reporttype":"100111","adjustdate":"20101023","accstacode":"2","accstaname":"新会计准则","biztotinco":1.48267226198E9,"bizinco":1.48267226198E9,"inteinco":null,"earnprem":null,"pouninco":null,"realsale":null,"otherbizinco":null,"biztotincoitse":null,"biztotincoform":null,"biztotcost":1.41945887274E9,"bizcost":1.06905291097E9,"inteexpe":null,"pounexpe":null,"realsalecost":null,"deveexpe":null,"surrgold":null,"compnetexpe":null,"contress":null,"polidiviexpe":null,"reinexpe":null,"otherbizcost":null,"biztax":1.042574788E7,"salesexpe":2.4588772958E8,"manaexpe":7.202199573E7,"finexpe":1.97181611E7,"asseimpaloss":2352327.48,"biztotcostitse":null,"biztotcostform":null,"valuechgloss":-1877500.0,"inveinco":-1014175.0,"assoinveprof":null,"exchggain":null,"futuloss":null,"custinco":null,"subsidyincome":null,"otherbizprof":null,"bizprofitse":null,"operprofform":null,"perprofit":6.032171424E7,"nonoreve":5215016.58,"nonoexpe":2285227.85,"noncassetsdisl":null,"proftotitse":null,"proftotform":null,"totprofit":6.325150297E7,"incotaxexpe":8330498.12,"unreinveloss":null,"netpro1itse":null,"netpro1form":null,"netprofit":5.492100485E7,"parenetp":5.173236432E7,"mergeformnetprof":null,"minysharrigh":3188640.53,"netpro2itse":null,"netpro2form":null,"basiceps":0.25,"dilutedeps":0.25,"othercompinco":null,"parecompinco":null,"minysharinco":null,"compincoamt":5.492100485E7,"parecompincoamt":5.173236432E7,"minysharincoamt":3188640.53,"earlyundiprof":null,"undisprofredu":null,"otherinto":null,"otherdistprof":null,"legalsurp":null,"welfare":null,"capitalreserve":null,"staffaward":null,"reservefund":null,"developfund":null,"profreturninvest":null,"supplycurcap":null,"avaidistshareprof":null,"preferredskdiv":null,"freesurplu":null,"dealwithdivi":null,"capitalizeddivi":null,"undisprofit":null,"selldepartgain":null,"natudisasterloss":null,"accpolicychg":null,"accestimatechg":null,"debtrestruloss":null,"othersupply":null},{"compcode":"80140710","publishdate":"20100820","begindate":"20100101","enddate":"20100630","reporttype":"100111","adjustdate":"19000101","accstacode":"2","accstaname":"新会计准则","biztotinco":9.8458161859E8,"bizinco":9.8458161859E8,"inteinco":null,"earnprem":null,"pouninco":null,"realsale":null,"otherbizinco":null,"biztotincoitse":null,"biztotincoform":null,"biztotcost":9.3773336562E8,"bizcost":7.0440751752E8,"inteexpe":null,"pounexpe":null,"realsalecost":null,"deveexpe":null,"surrgold":null,"compnetexpe":null,"contress":null,"polidiviexpe":null,"reinexpe":null,"otherbizcost":null,"biztax":7582865.56,"salesexpe":1.6058429357E8,"manaexpe":4.812862587E7,"finexpe":1.567725756E7,"asseimpaloss":1352805.54,"biztotcostitse":null,"biztotcostform":null,"valuechgloss":-1877500.0,"inveinco":-1014175.0,"assoinveprof":null,"exchggain":null,"futuloss":null,"custinco":null,"subsidyincome":null,"otherbizprof":null,"bizprofitse":null,"operprofform":null,"perprofit":4.395657797E7,"nonoreve":1317703.99,"nonoexpe":1183690.62,"noncassetsdisl":null,"proftotitse":null,"proftotform":null,"totprofit":4.409059134E7,"incotaxexpe":8103069.38,"unreinveloss":null,"netpro1itse":null,"netpro1form":null,"netprofit":3.598752196E7,"parenetp":3.408568921E7,"mergeformnetprof":null,"minysharrigh":1901832.75,"netpro2itse":null,"netpro2form":null,"basiceps":0.18,"dilutedeps":0.18,"othercompinco":null,"parecompinco":null,"minysharinco":null,"compincoamt":3.598752196E7,"parecompincoamt":3.408568921E7,"minysharincoamt":1901832.75,"earlyundiprof":null,"undisprofredu":null,"otherinto":null,"otherdistprof":null,"legalsurp":null,"welfare":null,"capitalreserve":null,"staffaward":null,"reservefund":null,"developfund":null,"profreturninvest":null,"supplycurcap":null,"avaidistshareprof":null,"preferredskdiv":null,"freesurplu":null,"dealwithdivi":null,"capitalizeddivi":null,"undisprofit":null,"selldepartgain":null,"natudisasterloss":null,"accpolicychg":null,"accestimatechg":null,"debtrestruloss":null,"othersupply":null},{"compcode":"80140710","publishdate":"20100510","begindate":"20100101","enddate":"20100331","reporttype":"100111","adjustdate":"19000101","accstacode":"2","accstaname":"新会计准则","biztotinco":4.8900548544E8,"bizinco":4.8900548544E8,"inteinco":0.0,"earnprem":0.0,"pouninco":0.0,"realsale":0.0,"otherbizinco":0.0,"biztotincoitse":null,"biztotincoform":null,"biztotcost":4.5986949999E8,"bizcost":3.4559856991E8,"inteexpe":0.0,"pounexpe":0.0,"realsalecost":0.0,"deveexpe":0.0,"surrgold":0.0,"compnetexpe":0.0,"contress":0.0,"polidiviexpe":0.0,"reinexpe":0.0,"otherbizcost":0.0,"biztax":4848648.94,"salesexpe":7.840450024E7,"manaexpe":2.356122584E7,"finexpe":8183814.47,"asseimpaloss":-727259.41,"biztotcostitse":null,"biztotcostform":null,"valuechgloss":-1167500.0,"inveinco":445750.0,"assoinveprof":0.0,"exchggain":0.0,"futuloss":0.0,"custinco":0.0,"subsidyincome":0.0,"otherbizprof":0.0,"bizprofitse":null,"operprofform":null,"perprofit":2.841423545E7,"nonoreve":366135.48,"nonoexpe":687783.02,"noncassetsdisl":0.0,"proftotitse":null,"proftotform":null,"totprofit":2.809258791E7,"incotaxexpe":5629314.1,"unreinveloss":0.0,"netpro1itse":null,"netpro1form":null,"netprofit":2.246327381E7,"parenetp":2.102903339E7,"mergeformnetprof":0.0,"minysharrigh":1434240.42,"netpro2itse":null,"netpro2form":null,"basiceps":0.12,"dilutedeps":0.12,"othercompinco":0.0,"parecompinco":0.0,"minysharinco":0.0,"compincoamt":2.246327381E7,"parecompincoamt":2.102903339E7,"minysharincoamt":1434240.42,"earlyundiprof":null,"undisprofredu":null,"otherinto":null,"otherdistprof":null,"legalsurp":null,"welfare":null,"capitalreserve":null,"staffaward":null,"reservefund":null,"developfund":null,"profreturninvest":null,"supplycurcap":null,"avaidistshareprof":null,"preferredskdiv":null,"freesurplu":null,"dealwithdivi":null,"capitalizeddivi":null,"undisprofit":null,"selldepartgain":null,"natudisasterloss":null,"accpolicychg":null,"accestimatechg":null,"debtrestruloss":null,"othersupply":null},{"compcode":"80140710","publishdate":"20100420","begindate":"20090101","enddate":"20091231","reporttype":"100111","adjustdate":"19000101","accstacode":"2","accstaname":"新会计准则","biztotinco":1.58996669357E9,"bizinco":1.58996669357E9,"inteinco":0.0,"earnprem":0.0,"pouninco":0.0,"realsale":0.0,"otherbizinco":0.0,"biztotincoitse":null,"biztotincoform":null,"biztotcost":1.49123535365E9,"bizcost":1.09929209166E9,"inteexpe":0.0,"pounexpe":0.0,"realsalecost":0.0,"deveexpe":0.0,"surrgold":0.0,"compnetexpe":0.0,"contress":0.0,"polidiviexpe":0.0,"reinexpe":0.0,"otherbizcost":0.0,"biztax":1.089776976E7,"salesexpe":2.6401822582E8,"manaexpe":8.732816088E7,"finexpe":2.752024526E7,"asseimpaloss":2178860.27,"biztotcostitse":null,"biztotcostform":null,"valuechgloss":3246250.0,"inveinco":658925.0,"assoinveprof":0.0,"exchggain":0.0,"futuloss":0.0,"custinco":0.0,"subsidyincome":0.0,"otherbizprof":0.0,"bizprofitse":null,"operprofform":null,"perprofit":1.0263651492E8,"nonoreve":1381886.94,"nonoexpe":2200753.88,"noncassetsdisl":368392.15,"proftotitse":null,"proftotform":null,"totprofit":1.0181764798E8,"incotaxexpe":1.3433978E7,"unreinveloss":0.0,"netpro1itse":null,"netpro1form":null,"netprofit":8.838366998E7,"parenetp":8.383073567E7,"mergeformnetprof":0.0,"minysharrigh":4552934.31,"netpro2itse":null,"netpro2form":null,"basiceps":0.47,"dilutedeps":0.47,"othercompinco":0.0,"parecompinco":0.0,"minysharinco":0.0,"compincoamt":8.838366998E7,"parecompincoamt":8.383073567E7,"minysharincoamt":4552934.31,"earlyundiprof":null,"undisprofredu":null,"otherinto":null,"otherdistprof":null,"legalsurp":null,"welfare":null,"capitalreserve":null,"staffaward":null,"reservefund":null,"developfund":null,"profreturninvest":null,"supplycurcap":null,"avaidistshareprof":null,"preferredskdiv":null,"freesurplu":null,"dealwithdivi":null,"capitalizeddivi":null,"undisprofit":null,"selldepartgain":null,"natudisasterloss":null,"accpolicychg":null,"accestimatechg":null,"debtrestruloss":null,"othersupply":null},{"compcode":"80140710","publishdate":"20101023","begindate":"20090101","enddate":"20090930","reporttype":"100111","adjustdate":"20101023","accstacode":"2","accstaname":"新会计准则","biztotinco":1.03786916138E9,"bizinco":1.03786916138E9,"inteinco":null,"earnprem":null,"pouninco":null,"realsale":null,"otherbizinco":null,"biztotincoitse":null,"biztotincoform":null,"biztotcost":9.6269327975E8,"bizcost":7.0760504882E8,"inteexpe":null,"pounexpe":null,"realsalecost":null,"deveexpe":null,"surrgold":null,"compnetexpe":null,"contress":null,"polidiviexpe":null,"reinexpe":null,"otherbizcost":null,"biztax":8670676.29,"salesexpe":1.6542353539E8,"manaexpe":5.957304561E7,"finexpe":2.097813061E7,"asseimpaloss":442843.03,"biztotcostitse":null,"biztotcostform":null,"valuechgloss":2187500.0,"inveinco":-691200.0,"assoinveprof":null,"exchggain":null,"futuloss":null,"custinco":null,"subsidyincome":null,"otherbizprof":null,"bizprofitse":null,"operprofform":null,"perprofit":7.667218163E7,"nonoreve":1172848.49,"nonoexpe":1385121.09,"noncassetsdisl":null,"proftotitse":null,"proftotform":null,"totprofit":7.645990903E7,"incotaxexpe":1.664580113E7,"unreinveloss":null,"netpro1itse":null,"netpro1form":null,"netprofit":5.98141079E7,"parenetp":5.571128809E7,"mergeformnetprof":null,"minysharrigh":4102819.81,"netpro2itse":null,"netpro2form":null,"basiceps":0.31,"dilutedeps":0.31,"othercompinco":null,"parecompinco":null,"minysharinco":null,"compincoamt":5.98141079E7,"parecompincoamt":5.571128809E7,"minysharincoamt":4102819.81,"earlyundiprof":null,"undisprofredu":null,"otherinto":null,"otherdistprof":null,"legalsurp":null,"welfare":null,"capitalreserve":null,"staffaward":null,"reservefund":null,"developfund":null,"profreturninvest":null,"supplycurcap":null,"avaidistshareprof":null,"preferredskdiv":null,"freesurplu":null,"dealwithdivi":null,"capitalizeddivi":null,"undisprofit":null,"selldepartgain":null,"natudisasterloss":null,"accpolicychg":null,"accestimatechg":null,"debtrestruloss":null,"othersupply":null},{"compcode":"80140710","publishdate":"20100510","begindate":"20090101","enddate":"20090331","reporttype":"100111","adjustdate":"19000101","accstacode":"2","accstaname":"新会计准则","biztotinco":3.1484098765E8,"bizinco":3.1484098765E8,"inteinco":0.0,"earnprem":0.0,"pouninco":0.0,"realsale":0.0,"otherbizinco":0.0,"biztotincoitse":null,"biztotincoform":null,"biztotcost":2.8958044642E8,"bizcost":2.0804807856E8,"inteexpe":0.0,"pounexpe":0.0,"realsalecost":0.0,"deveexpe":0.0,"surrgold":0.0,"compnetexpe":0.0,"contress":0.0,"polidiviexpe":0.0,"reinexpe":0.0,"otherbizcost":0.0,"biztax":4626479.0,"salesexpe":5.674500706E7,"manaexpe":1.755274768E7,"finexpe":7581193.75,"asseimpaloss":-4973059.63,"biztotcostitse":null,"biztotcostform":null,"valuechgloss":911250.0,"inveinco":-240325.0,"assoinveprof":0.0,"exchggain":0.0,"futuloss":0.0,"custinco":0.0,"subsidyincome":0.0,"otherbizprof":0.0,"bizprofitse":null,"operprofform":null,"perprofit":2.593146623E7,"nonoreve":1101932.0,"nonoexpe":600177.46,"noncassetsdisl":0.0,"proftotitse":null,"proftotform":null,"totprofit":2.643322077E7,"incotaxexpe":6085077.58,"unreinveloss":0.0,"netpro1itse":null,"netpro1form":null,"netprofit":2.034814319E7,"parenetp":1.889302222E7,"mergeformnetprof":0.0,"minysharrigh":1455120.97,"netpro2itse":null,"netpro2form":null,"basiceps":0.1,"dilutedeps":0.1,"othercompinco":0.0,"parecompinco":0.0,"minysharinco":0.0,"compincoamt":2.034814319E7,"parecompincoamt":1.889302222E7,"minysharincoamt":1455120.97,"earlyundiprof":null,"undisprofredu":null,"otherinto":null,"otherdistprof":null,"legalsurp":null,"welfare":null,"capitalreserve":null,"staffaward":null,"reservefund":null,"developfund":null,"profreturninvest":null,"supplycurcap":null,"avaidistshareprof":null,"preferredskdiv":null,"freesurplu":null,"dealwithdivi":null,"capitalizeddivi":null,"undisprofit":null,"selldepartgain":null,"natudisasterloss":null,"accpolicychg":null,"accestimatechg":null,"debtrestruloss":null,"othersupply":null},{"compcode":"80140710","publishdate":"20100420","begindate":"20080101","enddate":"20081231","reporttype":"100111","adjustdate":"19000101","accstacode":"2","accstaname":"新会计准则","biztotinco":1.7378024846E9,"bizinco":1.7378024846E9,"inteinco":null,"earnprem":null,"pouninco":null,"realsale":null,"otherbizinco":null,"biztotincoitse":null,"biztotincoform":null,"biztotcost":1.63405423214E9,"bizcost":1.27903416935E9,"inteexpe":null,"pounexpe":null,"realsalecost":null,"deveexpe":null,"surrgold":null,"compnetexpe":null,"contress":null,"polidiviexpe":null,"reinexpe":null,"otherbizcost":null,"biztax":1.172542332E7,"salesexpe":2.2770285453E8,"manaexpe":7.38478381E7,"finexpe":4.752222802E7,"asseimpaloss":-5778281.18,"biztotcostitse":null,"biztotcostform":null,"valuechgloss":-1368750.0,"inveinco":-3252640.0,"assoinveprof":0.0,"exchggain":null,"futuloss":null,"custinco":null,"subsidyincome":null,"otherbizprof":null,"bizprofitse":null,"operprofform":null,"perprofit":9.912686246E7,"nonoreve":4791528.24,"nonoexpe":3949866.25,"noncassetsdisl":1687110.99,"proftotitse":null,"proftotform":null,"totprofit":9.996852445E7,"incotaxexpe":1.900418602E7,"unreinveloss":null,"netpro1itse":null,"netpro1form":null,"netprofit":8.096433843E7,"parenetp":7.525385145E7,"mergeformnetprof":null,"minysharrigh":5710486.98,"netpro2itse":null,"netpro2form":null,"basiceps":0.42,"dilutedeps":0.42,"othercompinco":null,"parecompinco":null,"minysharinco":null,"compincoamt":8.096433843E7,"parecompincoamt":7.525385145E7,"minysharincoamt":5710486.98,"earlyundiprof":null,"undisprofredu":null,"otherinto":null,"otherdistprof":null,"legalsurp":null,"welfare":null,"capitalreserve":null,"staffaward":null,"reservefund":null,"developfund":null,"profreturninvest":null,"supplycurcap":null,"avaidistshareprof":null,"preferredskdiv":null,"freesurplu":null,"dealwithdivi":null,"capitalizeddivi":null,"undisprofit":null,"selldepartgain":null,"natudisasterloss":null,"accpolicychg":null,"accestimatechg":null,"debtrestruloss":null,"othersupply":null},{"compcode":"80140710","publishdate":"20100420","begindate":"20070101","enddate":"20071231","reporttype":"100111","adjustdate":"19000101","accstacode":"2","accstaname":"新会计准则","biztotinco":1.47520398012E9,"bizinco":1.47520398012E9,"inteinco":null,"earnprem":null,"pouninco":null,"realsale":null,"otherbizinco":null,"biztotincoitse":null,"biztotincoform":null,"biztotcost":1.38068620551E9,"bizcost":1.1048575019E9,"inteexpe":null,"pounexpe":null,"realsalecost":null,"deveexpe":null,"surrgold":null,"compnetexpe":null,"contress":null,"polidiviexpe":null,"reinexpe":null,"otherbizcost":null,"biztax":4381654.89,"salesexpe":1.8128989217E8,"manaexpe":6.612673905E7,"finexpe":4.571422888E7,"asseimpaloss":-2.168381138E7,"biztotcostitse":null,"biztotcostform":null,"valuechgloss":0.0,"inveinco":2301976.74,"assoinveprof":-2268914.79,"exchggain":null,"futuloss":null,"custinco":null,"subsidyincome":null,"otherbizprof":null,"bizprofitse":null,"operprofform":null,"perprofit":9.681975135E7,"nonoreve":2995345.75,"nonoexpe":3969926.98,"noncassetsdisl":1284253.17,"proftotitse":null,"proftotform":null,"totprofit":9.584517012E7,"incotaxexpe":2.948365588E7,"unreinveloss":null,"netpro1itse":null,"netpro1form":null,"netprofit":6.636151424E7,"parenetp":6.137757173E7,"mergeformnetprof":null,"minysharrigh":4983942.51,"netpro2itse":null,"netpro2form":null,"basiceps":0.34,"dilutedeps":0.34,"othercompinco":null,"parecompinco":null,"minysharinco":null,"compincoamt":6.636151424E7,"parecompincoamt":6.137757173E7,"minysharincoamt":4983942.51,"earlyundiprof":null,"undisprofredu":null,"otherinto":null,"otherdistprof":null,"legalsurp":null,"welfare":null,"capitalreserve":null,"staffaward":null,"reservefund":null,"developfund":null,"profreturninvest":null,"supplycurcap":null,"avaidistshareprof":null,"preferredskdiv":null,"freesurplu":null,"dealwithdivi":null,"capitalizeddivi":null,"undisprofit":null,"selldepartgain":null,"natudisasterloss":null,"accpolicychg":null,"accestimatechg":null,"debtrestruloss":null,"othersupply":null}],"comptype":4,"name":"爱仕达"}