{"list":[{"compcode":"80140710","publishdate":"20171028","reportdate":"20170930","reporttype":"100111","adjustdate":"20171028","accstacode":"2","accstaname":"新会计准则","curfds":4.0243251382E8,"tradfinasset":null,"notesrece":2.949956857E7,"accorece":5.2278237703E8,"prep":3.870551576E7,"premrece":null,"interece":426131.41,"dividrece":null,"otherrece":1.766286568E7,"expotaxrebarece":null,"subsrece":null,"margrece":null,"intelrece":null,"inve":6.5216124185E8,"prepexpe":null,"unseg":null,"expinoncurrasset":1948400.13,"othercurrasse":5.0942947663E8,"currassetitse":null,"currasseform":null,"totcurrasset":2.17762209088E9,"lendandloan":null,"avaisellasse":3.672E7,"holdinvedue":null,"longrece":null,"equiinve":4.924877545E8,"otherlonginve":null,"inveprop":3.206559015E7,"fixedasseimmo":null,"accudepr":null,"fixedassenetw":null,"fixedasseimpa":null,"fixedassenet":5.9937052609E8,"consprog":2.3936864083E8,"engimate":null,"fixedasseclea":null,"prodasse":null,"comasse":null,"hydrasset":null,"intaasset":2.7392539867E8,"deveexpe":null,"goodwill":4.606307841E7,"logprepexpe":2.420542534E7,"tradshartrad":null,"defetaxasset":1.843764141E7,"othernoncasse":4.195449731E7,"noncasseitse":null,"noncasseform":null,"totalnoncassets":1.80459855271E9,"totassetitse":null,"totalasseform":null,"totasset":3.98222064359E9,"shorttermborr":5.445E8,"tradfinliab":null,"notespaya":6.266546071E7,"accopaya":4.3217172714E8,"advapaym":3.698863736E7,"copeworkersal":6.046486113E7,"taxespaya":1.77311815E7,"intepaya":1288329.24,"divipaya":null,"otherfeepaya":null,"margrequ":null,"intelpay":null,"otherpay":2.69767254E7,"accrexpe":null,"expecurrliab":null,"copewithreinrece":null,"inteticksett":null,"dometicksett":null,"defereve":null,"shorttermbdspaya":null,"duenoncliab":1.0E8,"othercurreliabi":null,"currliabitse":null,"currliabform":null,"totalcurrliab":1.28278692248E9,"longborr":2.0E8,"bdspaya":null,"longpaya":null,"specpaya":4.393219321E7,"expenoncliab":null,"longdefeinco":2.736686099E8,"defeincotaxliab":386100.0,"othernoncliabi":null,"longliabitse":null,"longliabform":null,"totalnoncliab":5.1798690311E8,"totliabitse":null,"totliabform":null,"totliab":1.80077382559E9,"paidincapi":3.50320801E8,"capisurp":1.24542704847E9,"treastk":null,"specrese":null,"rese":5.20425043E7,"generiskrese":null,"unreinveloss":null,"undiprof":5.0145244146E8,"topaycashdivi":null,"curtrandiff":null,"sharrighitse":null,"sharrightform":null,"paresharrigh":2.14924305952E9,"minysharrigh":3.220375848E7,"righaggritse":null,"rightaggrform":null,"righaggr":2.181446818E9,"rightotitse":null,"rightotform":null,"totliabsharequi":3.98222064359E9,"settresedepo":null,"plac":null,"derifinaasset":2574000.0,"reinrece":null,"reincontrese":null,"purcresaasset":null,"cenbankborr":null,"deposit":null,"fdsborr":null,"deriliab":null,"sellrepasse":null,"copepoun":null,"insucontrese":null,"actitradsecu":null,"actiundesecu":null},{"compcode":"80140710","publishdate":"20170830","reportdate":"20170630","reporttype":"100111","adjustdate":"20170830","accstacode":"2","accstaname":"新会计准则","curfds":3.828766604E8,"tradfinasset":null,"notesrece":7369781.85,"accorece":4.9513937995E8,"prep":3.661519345E7,"premrece":null,"interece":298710.96,"dividrece":null,"otherrece":1.395234068E7,"expotaxrebarece":null,"subsrece":null,"margrece":null,"intelrece":null,"inve":5.8362713506E8,"prepexpe":null,"unseg":null,"expinoncurrasset":499979.69,"othercurrasse":3.7548451695E8,"currassetitse":null,"currasseform":null,"totcurrasset":1.89705641899E9,"lendandloan":null,"avaisellasse":3.672E7,"holdinvedue":null,"longrece":null,"equiinve":4.9820384251E8,"otherlonginve":null,"inveprop":3.254296237E7,"fixedasseimmo":1.02113046768E9,"accudepr":4.1695264853E8,"fixedassenetw":6.0417781915E8,"fixedasseimpa":null,"fixedassenet":6.0417781915E8,"consprog":2.077927482E8,"engimate":null,"fixedasseclea":null,"prodasse":null,"comasse":null,"hydrasset":null,"intaasset":2.758414078E8,"deveexpe":null,"goodwill":4.606307841E7,"logprepexpe":2.712288572E7,"tradshartrad":null,"defetaxasset":1.938425567E7,"othernoncasse":3.461518153E7,"noncasseitse":null,"noncasseform":null,"totalnoncassets":1.78246418136E9,"totassetitse":null,"totalasseform":null,"totasset":3.67952060035E9,"shorttermborr":3.88E8,"tradfinliab":null,"notespaya":4.172013616E7,"accopaya":3.7321501247E8,"advapaym":4.211793177E7,"copeworkersal":5.725256838E7,"taxespaya":1.953592551E7,"intepaya":654516.4,"divipaya":null,"otherfeepaya":null,"margrequ":null,"intelpay":null,"otherpay":2.940899184E7,"accrexpe":null,"expecurrliab":null,"copewithreinrece":null,"inteticksett":null,"dometicksett":null,"defereve":null,"shorttermbdspaya":null,"duenoncliab":2.5E8,"othercurreliabi":null,"currliabitse":null,"currliabform":null,"totalcurrliab":1.20190508253E9,"longborr":null,"bdspaya":null,"longpaya":null,"specpaya":4.714474297E7,"expenoncliab":null,"longdefeinco":2.7456987635E8,"defeincotaxliab":178908.0,"othernoncliabi":null,"longliabitse":null,"longliabform":null,"totalnoncliab":3.2189352732E8,"totliabitse":null,"totliabform":null,"totliab":1.52379860985E9,"paidincapi":3.50320801E8,"capisurp":1.24542704847E9,"treastk":null,"specrese":null,"rese":5.20425043E7,"generiskrese":null,"unreinveloss":null,"undiprof":4.7415481682E8,"topaycashdivi":null,"curtrandiff":null,"sharrighitse":null,"sharrightform":null,"paresharrigh":2.12194533901E9,"minysharrigh":3.377665149E7,"righaggritse":null,"rightaggrform":null,"righaggr":2.1557219905E9,"rightotitse":null,"rightotform":null,"totliabsharequi":3.67952060035E9,"settresedepo":null,"plac":null,"derifinaasset":1192720.0,"reinrece":null,"reincontrese":null,"purcresaasset":null,"cenbankborr":null,"deposit":null,"fdsborr":null,"deriliab":null,"sellrepasse":null,"copepoun":null,"insucontrese":null,"actitradsecu":null,"actiundesecu":null},{"compcode":"80140710","publishdate":"20170427","reportdate":"20170331","reporttype":"100111","adjustdate":"20170427","accstacode":"2","accstaname":"新会计准则","curfds":3.3739704168E8,"tradfinasset":null,"notesrece":2.802081893E7,"accorece":4.8611515347E8,"prep":3.486849352E7,"premrece":null,"interece":178465.71,"dividrece":null,"otherrece":1.631302653E7,"expotaxrebarece":null,"subsrece":null,"margrece":null,"intelrece":null,"inve":5.7952390276E8,"prepexpe":null,"unseg":null,"expinoncurrasset":744978.54,"othercurrasse":4.9564016415E8,"currassetitse":null,"currasseform":null,"totcurrasset":1.97880204529E9,"lendandloan":null,"avaisellasse":3.672E7,"holdinvedue":null,"longrece":null,"equiinve":4.9712320303E8,"otherlonginve":null,"inveprop":2752253.63,"fixedasseimmo":null,"accudepr":null,"fixedassenetw":null,"fixedasseimpa":null,"fixedassenet":5.6795197124E8,"consprog":1.7327051436E8,"engimate":null,"fixedasseclea":null,"prodasse":null,"comasse":null,"hydrasset":null,"intaasset":2.7760182524E8,"deveexpe":null,"goodwill":4.606307841E7,"logprepexpe":2.759570248E7,"tradshartrad":null,"defetaxasset":2.198030223E7,"othernoncasse":1.1866883777E8,"noncasseitse":null,"noncasseform":null,"totalnoncassets":1.76972768839E9,"totassetitse":null,"totalasseform":null,"totasset":3.74852973368E9,"shorttermborr":3.78E8,"tradfinliab":null,"notespaya":3.250428275E7,"accopaya":4.1659966614E8,"advapaym":4.085517673E7,"copeworkersal":5.45015024E7,"taxespaya":1.245608559E7,"intepaya":984368.28,"divipaya":null,"otherfeepaya":null,"margrequ":null,"intelpay":null,"otherpay":3.967816271E7,"accrexpe":null,"expecurrliab":null,"copewithreinrece":null,"inteticksett":null,"dometicksett":null,"defereve":null,"shorttermbdspaya":null,"duenoncliab":2.5E8,"othercurreliabi":null,"currliabitse":null,"currliabform":null,"totalcurrliab":1.2264482446E9,"longborr":null,"bdspaya":null,"longpaya":null,"specpaya":8.926014124E7,"expenoncliab":null,"longdefeinco":2.3655826224E8,"defeincotaxliab":null,"othernoncliabi":null,"longliabitse":null,"longliabform":null,"totalnoncliab":3.2581840348E8,"totliabitse":null,"totliabform":null,"totliab":1.55226664808E9,"paidincapi":3.50320801E8,"capisurp":1.24542704847E9,"treastk":null,"specrese":null,"rese":5.20425043E7,"generiskrese":null,"unreinveloss":null,"undiprof":5.1171448635E8,"topaycashdivi":null,"curtrandiff":null,"sharrighitse":null,"sharrightform":null,"paresharrigh":2.15950484012E9,"minysharrigh":3.675824548E7,"righaggritse":null,"rightaggrform":null,"righaggr":2.1962630856E9,"rightotitse":null,"rightotform":null,"totliabsharequi":3.74852973368E9,"settresedepo":null,"plac":null,"derifinaasset":null,"reinrece":null,"reincontrese":null,"purcresaasset":null,"cenbankborr":null,"deposit":null,"fdsborr":null,"deriliab":869000.0,"sellrepasse":null,"copepoun":null,"insucontrese":null,"actitradsecu":null,"actiundesecu":null},{"compcode":"80140710","publishdate":"20170427","reportdate":"20161231","reporttype":"100111","adjustdate":"20170427","accstacode":"2","accstaname":"新会计准则","curfds":4.0826444325E8,"tradfinasset":null,"notesrece":5.664028375E7,"accorece":4.8040965668E8,"prep":3.378992035E7,"premrece":null,"interece":null,"dividrece":null,"otherrece":6592680.35,"expotaxrebarece":null,"subsrece":null,"margrece":null,"intelrece":null,"inve":5.9190741041E8,"prepexpe":null,"unseg":null,"expinoncurrasset":807133.46,"othercurrasse":1.3009676653E8,"currassetitse":null,"currasseform":null,"totcurrasset":1.70850829478E9,"lendandloan":null,"avaisellasse":3.672E7,"holdinvedue":null,"longrece":null,"equiinve":4.9778092781E8,"otherlonginve":null,"inveprop":2803391.18,"fixedasseimmo":9.6768468176E8,"accudepr":3.8936833325E8,"fixedassenetw":5.7831634851E8,"fixedasseimpa":null,"fixedassenet":5.7831634851E8,"consprog":1.5647067765E8,"engimate":null,"fixedasseclea":null,"prodasse":null,"comasse":null,"hydrasset":null,"intaasset":2.7965642132E8,"deveexpe":null,"goodwill":4.606307841E7,"logprepexpe":2.914502498E7,"tradshartrad":null,"defetaxasset":2.412754147E7,"othernoncasse":1.0284982552E8,"noncasseitse":null,"noncasseform":null,"totalnoncassets":1.75393323685E9,"totassetitse":null,"totalasseform":null,"totasset":3.46244153163E9,"shorttermborr":1.0E8,"tradfinliab":null,"notespaya":2.599069582E7,"accopaya":4.2926730212E8,"advapaym":7.389711829E7,"copeworkersal":6.454169478E7,"taxespaya":1.931298173E7,"intepaya":346223.22,"divipaya":null,"otherfeepaya":null,"margrequ":null,"intelpay":null,"otherpay":2.394203497E7,"accrexpe":null,"expecurrliab":null,"copewithreinrece":null,"inteticksett":null,"dometicksett":null,"defereve":null,"shorttermbdspaya":null,"duenoncliab":2.5E8,"othercurreliabi":null,"currliabitse":null,"currliabform":null,"totalcurrliab":9.8729805093E8,"longborr":null,"bdspaya":null,"longpaya":null,"specpaya":9.207136345E7,"expenoncliab":null,"longdefeinco":2.3745832185E8,"defeincotaxliab":null,"othernoncliabi":null,"longliabitse":null,"longliabform":null,"totalnoncliab":3.295296853E8,"totliabitse":null,"totliabform":null,"totliab":1.31682773623E9,"paidincapi":3.50320801E8,"capisurp":1.24542704847E9,"treastk":null,"specrese":null,"rese":5.20425043E7,"generiskrese":null,"unreinveloss":null,"undiprof":4.5834948438E8,"topaycashdivi":null,"curtrandiff":null,"sharrighitse":null,"sharrightform":null,"paresharrigh":2.10613983815E9,"minysharrigh":3.947395725E7,"righaggritse":null,"rightaggrform":null,"righaggr":2.1456137954E9,"rightotitse":null,"rightotform":null,"totliabsharequi":3.46244153163E9,"settresedepo":null,"plac":null,"derifinaasset":null,"reinrece":null,"reincontrese":null,"purcresaasset":null,"cenbankborr":null,"deposit":null,"fdsborr":null,"deriliab":null,"sellrepasse":null,"copepoun":null,"insucontrese":null,"actitradsecu":null,"actiundesecu":null},{"compcode":"80140710","publishdate":"20161020","reportdate":"20160930","reporttype":"100111","adjustdate":"20161020","accstacode":"2","accstaname":"新会计准则","curfds":2.9263210584E8,"tradfinasset":null,"notesrece":2.125072413E7,"accorece":4.9324392074E8,"prep":1.934545087E7,"premrece":null,"interece":191602.91,"dividrece":null,"otherrece":1.875601538E7,"expotaxrebarece":null,"subsrece":null,"margrece":null,"intelrece":null,"inve":4.8905706632E8,"prepexpe":null,"unseg":null,"expinoncurrasset":1204761.0,"othercurrasse":2.5732838508E8,"currassetitse":null,"currasseform":null,"totcurrasset":1.59301003227E9,"lendandloan":null,"avaisellasse":3.672E7,"holdinvedue":null,"longrece":null,"equiinve":4.88785E8,"otherlonginve":null,"inveprop":2854528.73,"fixedasseimmo":null,"accudepr":null,"fixedassenetw":null,"fixedasseimpa":null,"fixedassenet":5.3526910752E8,"consprog":1.4720636993E8,"engimate":null,"fixedasseclea":null,"prodasse":null,"comasse":null,"hydrasset":null,"intaasset":2.7447905837E8,"deveexpe":null,"goodwill":null,"logprepexpe":2.685456203E7,"tradshartrad":null,"defetaxasset":2.481177436E7,"othernoncasse":2.198220719E7,"noncasseitse":null,"noncasseform":null,"totalnoncassets":1.55896260813E9,"totassetitse":null,"totalasseform":null,"totasset":3.1519726404E9,"shorttermborr":2.0E7,"tradfinliab":null,"notespaya":2.672039291E7,"accopaya":3.3196809136E8,"advapaym":3.569400325E7,"copeworkersal":5.036455906E7,"taxespaya":1.448403279E7,"intepaya":254388.89,"divipaya":null,"otherfeepaya":null,"margrequ":null,"intelpay":null,"otherpay":2.135913119E7,"accrexpe":null,"expecurrliab":null,"copewithreinrece":null,"inteticksett":null,"dometicksett":null,"defereve":null,"shorttermbdspaya":null,"duenoncliab":null,"othercurreliabi":null,"currliabitse":null,"currliabform":null,"totalcurrliab":5.0084459945E8,"longborr":2.5E8,"bdspaya":null,"longpaya":null,"specpaya":1.2746274501E8,"expenoncliab":null,"longdefeinco":2.0530538263E8,"defeincotaxliab":null,"othernoncliabi":null,"longliabitse":null,"longliabform":null,"totalnoncliab":5.8276812764E8,"totliabitse":null,"totliabform":null,"totliab":1.08361272709E9,"paidincapi":3.50320801E8,"capisurp":1.24542704847E9,"treastk":null,"specrese":null,"rese":4.504329043E7,"generiskrese":null,"unreinveloss":null,"undiprof":4.2756877341E8,"topaycashdivi":null,"curtrandiff":null,"sharrighitse":null,"sharrightform":null,"paresharrigh":2.06835991331E9,"minysharrigh":null,"righaggritse":null,"rightaggrform":null,"righaggr":2.06835991331E9,"rightotitse":null,"rightotform":null,"totliabsharequi":3.1519726404E9,"settresedepo":null,"plac":null,"derifinaasset":null,"reinrece":null,"reincontrese":null,"purcresaasset":null,"cenbankborr":null,"deposit":null,"fdsborr":null,"deriliab":null,"sellrepasse":null,"copepoun":null,"insucontrese":null,"actitradsecu":null,"actiundesecu":null},{"compcode":"80140710","publishdate":"20160825","reportdate":"20160630","reporttype":"100111","adjustdate":"20160825","accstacode":"2","accstaname":"新会计准则","curfds":4.1234324788E8,"tradfinasset":null,"notesrece":1.223134826E7,"accorece":4.229242929E8,"prep":2.25781891E7,"premrece":null,"interece":null,"dividrece":null,"otherrece":1.385069027E7,"expotaxrebarece":null,"subsrece":null,"margrece":null,"intelrece":null,"inve":4.8176118088E8,"prepexpe":null,"unseg":null,"expinoncurrasset":2196145.96,"othercurrasse":6.9434265028E8,"currassetitse":null,"currasseform":null,"totcurrasset":2.06222774553E9,"lendandloan":null,"avaisellasse":null,"holdinvedue":null,"longrece":null,"equiinve":null,"otherlonginve":null,"inveprop":2905666.28,"fixedasseimmo":9.0145574039E8,"accudepr":3.6251230738E8,"fixedassenetw":5.3894343301E8,"fixedasseimpa":null,"fixedassenet":5.3894343301E8,"consprog":1.2893093575E8,"engimate":null,"fixedasseclea":null,"prodasse":null,"comasse":null,"hydrasset":null,"intaasset":2.7633228798E8,"deveexpe":null,"goodwill":null,"logprepexpe":2.407325637E7,"tradshartrad":null,"defetaxasset":2.476588548E7,"othernoncasse":2.061551371E7,"noncasseitse":null,"noncasseform":null,"totalnoncassets":1.01656697858E9,"totassetitse":null,"totalasseform":null,"totasset":3.07879472411E9,"shorttermborr":2.0E7,"tradfinliab":null,"notespaya":1.645634345E7,"accopaya":3.0350754131E8,"advapaym":2.8855464E7,"copeworkersal":5.056853323E7,"taxespaya":1.182745467E7,"intepaya":254388.89,"divipaya":null,"otherfeepaya":null,"margrequ":null,"intelpay":null,"otherpay":1.899155882E7,"accrexpe":null,"expecurrliab":null,"copewithreinrece":null,"inteticksett":null,"dometicksett":null,"defereve":null,"shorttermbdspaya":null,"duenoncliab":null,"othercurreliabi":null,"currliabitse":null,"currliabform":null,"totalcurrliab":4.5046128437E8,"longborr":2.5E8,"bdspaya":null,"longpaya":null,"specpaya":1.4611118943E8,"expenoncliab":null,"longdefeinco":1.9055865663E8,"defeincotaxliab":null,"othernoncliabi":null,"longliabitse":null,"longliabform":null,"totalnoncliab":5.8666984606E8,"totliabitse":null,"totliabform":null,"totliab":1.03713113043E9,"paidincapi":3.50320801E8,"capisurp":1.24542704847E9,"treastk":null,"specrese":null,"rese":4.504329043E7,"generiskrese":null,"unreinveloss":null,"undiprof":4.0087245378E8,"topaycashdivi":null,"curtrandiff":null,"sharrighitse":null,"sharrightform":null,"paresharrigh":2.04166359368E9,"minysharrigh":null,"righaggritse":null,"rightaggrform":null,"righaggr":2.04166359368E9,"rightotitse":null,"rightotform":null,"totliabsharequi":3.07879472411E9,"settresedepo":null,"plac":null,"derifinaasset":null,"reinrece":null,"reincontrese":null,"purcresaasset":null,"cenbankborr":null,"deposit":null,"fdsborr":null,"deriliab":null,"sellrepasse":null,"copepoun":null,"insucontrese":null,"actitradsecu":null,"actiundesecu":null},{"compcode":"80140710","publishdate":"20160430","reportdate":"20160331","reporttype":"100111","adjustdate":"20160430","accstacode":"2","accstaname":"新会计准则","curfds":3.1378834486E8,"tradfinasset":null,"notesrece":4.002432332E7,"accorece":4.7258636547E8,"prep":1.656494642E7,"premrece":null,"interece":null,"dividrece":null,"otherrece":1.743070532E7,"expotaxrebarece":null,"subsrece":null,"margrece":null,"intelrece":null,"inve":4.5669718353E8,"prepexpe":null,"unseg":null,"expinoncurrasset":3093467.57,"othercurrasse":4.1666810492E8,"currassetitse":null,"currasseform":null,"totcurrasset":1.73685344141E9,"lendandloan":null,"avaisellasse":null,"holdinvedue":null,"longrece":null,"equiinve":null,"otherlonginve":null,"inveprop":2956803.83,"fixedasseimmo":null,"accudepr":null,"fixedassenetw":null,"fixedasseimpa":null,"fixedassenet":5.4515289358E8,"consprog":1.1072068067E8,"engimate":null,"fixedasseclea":null,"prodasse":null,"comasse":null,"hydrasset":null,"intaasset":2.7838782785E8,"deveexpe":null,"goodwill":null,"logprepexpe":2.080962096E7,"tradshartrad":null,"defetaxasset":2.596384003E7,"othernoncasse":1.370453282E7,"noncasseitse":null,"noncasseform":null,"totalnoncassets":9.9769619974E8,"totassetitse":null,"totalasseform":null,"totasset":2.73454964115E9,"shorttermborr":3.7E7,"tradfinliab":null,"notespaya":null,"accopaya":2.7618147079E8,"advapaym":2.831492649E7,"copeworkersal":5.131514999E7,"taxespaya":1.821817962E7,"intepaya":279847.24,"divipaya":null,"otherfeepaya":null,"margrequ":null,"intelpay":null,"otherpay":2.037875717E7,"accrexpe":null,"expecurrliab":null,"copewithreinrece":null,"inteticksett":null,"dometicksett":null,"defereve":null,"shorttermbdspaya":null,"duenoncliab":null,"othercurreliabi":null,"currliabitse":null,"currliabform":null,"totalcurrliab":4.317140813E8,"longborr":2.5E8,"bdspaya":null,"longpaya":null,"specpaya":1.5742001574E8,"expenoncliab":null,"longdefeinco":1.8372186589E8,"defeincotaxliab":null,"othernoncliabi":null,"longliabitse":null,"longliabform":null,"totalnoncliab":5.9114188163E8,"totliabitse":null,"totliabform":null,"totliab":1.02285596293E9,"paidincapi":3.12E8,"capisurp":9.8241890037E8,"treastk":null,"specrese":null,"rese":4.504329043E7,"generiskrese":null,"unreinveloss":null,"undiprof":3.7223148742E8,"topaycashdivi":null,"curtrandiff":null,"sharrighitse":null,"sharrightform":null,"paresharrigh":1.71169367822E9,"minysharrigh":null,"righaggritse":null,"rightaggrform":null,"righaggr":1.71169367822E9,"rightotitse":null,"rightotform":null,"totliabsharequi":2.73454964115E9,"settresedepo":null,"plac":null,"derifinaasset":null,"reinrece":null,"reincontrese":null,"purcresaasset":null,"cenbankborr":null,"deposit":null,"fdsborr":null,"deriliab":25750.0,"sellrepasse":null,"copepoun":null,"insucontrese":null,"actitradsecu":null,"actiundesecu":null},{"compcode":"80140710","publishdate":"20160430","reportdate":"20151231","reporttype":"100111","adjustdate":"20160430","accstacode":"2","accstaname":"新会计准则","curfds":1.4557618529E8,"tradfinasset":null,"notesrece":8.608897353E7,"accorece":4.3605021342E8,"prep":2.517797478E7,"premrece":null,"interece":259722.22,"dividrece":null,"otherrece":6910678.66,"expotaxrebarece":null,"subsrece":null,"margrece":null,"intelrece":null,"inve":4.9341861609E8,"prepexpe":null,"unseg":null,"expinoncurrasset":5173777.51,"othercurrasse":4.4725917804E8,"currassetitse":null,"currasseform":null,"totcurrasset":1.64591531954E9,"lendandloan":null,"avaisellasse":null,"holdinvedue":null,"longrece":null,"equiinve":null,"otherlonginve":null,"inveprop":3007941.38,"fixedasseimmo":8.9151890055E8,"accudepr":3.3818523101E8,"fixedassenetw":5.5333366954E8,"fixedasseimpa":null,"fixedassenet":5.5333366954E8,"consprog":9.609719128E7,"engimate":null,"fixedasseclea":null,"prodasse":null,"comasse":null,"hydrasset":null,"intaasset":2.8007707118E8,"deveexpe":null,"goodwill":null,"logprepexpe":2.134618556E7,"tradshartrad":null,"defetaxasset":2.721506924E7,"othernoncasse":1.1217660481E8,"noncasseitse":null,"noncasseform":null,"totalnoncassets":1.09325373299E9,"totassetitse":null,"totalasseform":null,"totasset":2.73916905253E9,"shorttermborr":3.06E8,"tradfinliab":null,"notespaya":null,"accopaya":3.0239332557E8,"advapaym":3.454149093E7,"copeworkersal":5.271332474E7,"taxespaya":1.678672398E7,"intepaya":217319.46,"divipaya":null,"otherfeepaya":null,"margrequ":null,"intelpay":null,"otherpay":1.464768067E7,"accrexpe":null,"expecurrliab":null,"copewithreinrece":null,"inteticksett":null,"dometicksett":null,"defereve":null,"shorttermbdspaya":null,"duenoncliab":null,"othercurreliabi":null,"currliabitse":null,"currliabform":null,"totalcurrliab":7.2753556535E8,"longborr":null,"bdspaya":null,"longpaya":null,"specpaya":1.6054156276E8,"expenoncliab":null,"longdefeinco":1.8364762144E8,"defeincotaxliab":null,"othernoncliabi":null,"longliabitse":null,"longliabform":null,"totalnoncliab":3.441891842E8,"totliabitse":null,"totliabform":null,"totliab":1.07172474955E9,"paidincapi":3.12E8,"capisurp":9.8241890037E8,"treastk":null,"specrese":null,"rese":4.504329043E7,"generiskrese":null,"unreinveloss":null,"undiprof":3.2798211218E8,"topaycashdivi":null,"curtrandiff":null,"sharrighitse":null,"sharrightform":null,"paresharrigh":1.66744430298E9,"minysharrigh":null,"righaggritse":null,"rightaggrform":null,"righaggr":1.66744430298E9,"rightotitse":null,"rightotform":null,"totliabsharequi":2.73916905253E9,"settresedepo":null,"plac":null,"derifinaasset":null,"reinrece":null,"reincontrese":null,"purcresaasset":null,"cenbankborr":null,"deposit":null,"fdsborr":null,"deriliab":235700.0,"sellrepasse":null,"copepoun":null,"insucontrese":null,"actitradsecu":null,"actiundesecu":null},{"compcode":"80140710","publishdate":"20151031","reportdate":"20150930","reporttype":"100111","adjustdate":"20151031","accstacode":"2","accstaname":"新会计准则","curfds":1.9763493447E8,"tradfinasset":null,"notesrece":2.926300206E7,"accorece":4.929394735E8,"prep":3.342129161E7,"premrece":null,"interece":703420.7,"dividrece":null,"otherrece":1.321277918E7,"expotaxrebarece":null,"subsrece":null,"margrece":null,"intelrece":null,"inve":5.2149612485E8,"prepexpe":null,"unseg":null,"expinoncurrasset":4285928.48,"othercurrasse":3.7451018483E8,"currassetitse":null,"currasseform":null,"totcurrasset":1.66746713968E9,"lendandloan":null,"avaisellasse":null,"holdinvedue":null,"longrece":null,"equiinve":null,"otherlonginve":null,"inveprop":3059078.93,"fixedasseimmo":null,"accudepr":null,"fixedassenetw":null,"fixedasseimpa":null,"fixedassenet":4.6632510786E8,"consprog":1.6442812202E8,"engimate":null,"fixedasseclea":null,"prodasse":null,"comasse":null,"hydrasset":null,"intaasset":2.7745022121E8,"deveexpe":null,"goodwill":null,"logprepexpe":1.666893008E7,"tradshartrad":null,"defetaxasset":3.695601641E7,"othernoncasse":1.1080113262E8,"noncasseitse":null,"noncasseform":null,"totalnoncassets":1.07568860913E9,"totassetitse":null,"totalasseform":null,"totasset":2.74315574881E9,"shorttermborr":3.1617808E8,"tradfinliab":null,"notespaya":null,"accopaya":2.9638761648E8,"advapaym":2.674287333E7,"copeworkersal":5.132090758E7,"taxespaya":9967367.66,"intepaya":395572.24,"divipaya":4.8E7,"otherfeepaya":null,"margrequ":null,"intelpay":null,"otherpay":1.564755396E7,"accrexpe":null,"expecurrliab":null,"copewithreinrece":null,"inteticksett":null,"dometicksett":null,"defereve":null,"shorttermbdspaya":null,"duenoncliab":null,"othercurreliabi":null,"currliabitse":null,"currliabform":null,"totalcurrliab":7.6580602458E8,"longborr":null,"bdspaya":null,"longpaya":null,"specpaya":1.6430016227E8,"expenoncliab":null,"longdefeinco":1.8497853852E8,"defeincotaxliab":null,"othernoncliabi":null,"longliabitse":null,"longliabform":null,"totalnoncliab":3.4927870079E8,"totliabitse":null,"totliabform":null,"totliab":1.11508472537E9,"paidincapi":3.12E8,"capisurp":9.8241890037E8,"treastk":null,"specrese":null,"rese":3.987290377E7,"generiskrese":null,"unreinveloss":null,"undiprof":2.937792193E8,"topaycashdivi":null,"curtrandiff":null,"sharrighitse":null,"sharrightform":null,"paresharrigh":1.62807102344E9,"minysharrigh":null,"righaggritse":null,"rightaggrform":null,"righaggr":1.62807102344E9,"rightotitse":null,"rightotform":null,"totliabsharequi":2.74315574881E9,"settresedepo":null,"plac":null,"derifinaasset":null,"reinrece":null,"reincontrese":null,"purcresaasset":null,"cenbankborr":null,"deposit":null,"fdsborr":null,"deriliab":1166053.33,"sellrepasse":null,"copepoun":null,"insucontrese":null,"actitradsecu":null,"actiundesecu":null},{"compcode":"80140710","publishdate":"20150827","reportdate":"20150630","reporttype":"100111","adjustdate":"20150827","accstacode":"2","accstaname":"新会计准则","curfds":1.9361998012E8,"tradfinasset":null,"notesrece":3.934210587E7,"accorece":4.2494262746E8,"prep":3.534264855E7,"premrece":null,"interece":426664.53,"dividrece":null,"otherrece":1.472399672E7,"expotaxrebarece":null,"subsrece":null,"margrece":null,"intelrece":null,"inve":5.4348369974E8,"prepexpe":null,"unseg":null,"expinoncurrasset":3705840.17,"othercurrasse":3.9549030733E8,"currassetitse":null,"currasseform":null,"totcurrasset":1.65287759382E9,"lendandloan":null,"avaisellasse":null,"holdinvedue":null,"longrece":null,"equiinve":null,"otherlonginve":null,"inveprop":3110216.48,"fixedasseimmo":7.9528090046E8,"accudepr":3.2113969179E8,"fixedassenetw":4.7414120867E8,"fixedasseimpa":null,"fixedassenet":4.7414120867E8,"consprog":1.6255577712E8,"engimate":null,"fixedasseclea":null,"prodasse":null,"comasse":null,"hydrasset":null,"intaasset":2.789817247E8,"deveexpe":null,"goodwill":null,"logprepexpe":1.679487951E7,"tradshartrad":null,"defetaxasset":3.372302527E7,"othernoncasse":1.09625067E8,"noncasseitse":null,"noncasseform":null,"totalnoncassets":1.07893189875E9,"totassetitse":null,"totalasseform":null,"totasset":2.73180949257E9,"shorttermborr":3.1555904E8,"tradfinliab":null,"notespaya":null,"accopaya":2.9438253484E8,"advapaym":3.134762504E7,"copeworkersal":4.975026755E7,"taxespaya":1.785218917E7,"intepaya":396935.61,"divipaya":null,"otherfeepaya":null,"margrequ":null,"intelpay":null,"otherpay":9668040.93,"accrexpe":null,"expecurrliab":null,"copewithreinrece":null,"inteticksett":null,"dometicksett":null,"defereve":null,"shorttermbdspaya":null,"duenoncliab":null,"othercurreliabi":null,"currliabitse":null,"currliabform":null,"totalcurrliab":7.1895663314E8,"longborr":null,"bdspaya":null,"longpaya":null,"specpaya":1.6706723574E8,"expenoncliab":null,"longdefeinco":1.8586086303E8,"defeincotaxliab":269958.5,"othernoncliabi":null,"longliabitse":null,"longliabform":null,"totalnoncliab":3.5319805727E8,"totliabitse":null,"totliabform":null,"totliab":1.07215469041E9,"paidincapi":2.4E8,"capisurp":1.05441890037E9,"treastk":null,"specrese":null,"rese":3.987290377E7,"generiskrese":null,"unreinveloss":null,"undiprof":3.2536299802E8,"topaycashdivi":null,"curtrandiff":null,"sharrighitse":null,"sharrightform":null,"paresharrigh":1.65965480216E9,"minysharrigh":null,"righaggritse":null,"rightaggrform":null,"righaggr":1.65965480216E9,"rightotitse":null,"rightotform":null,"totliabsharequi":2.73180949257E9,"settresedepo":null,"plac":null,"derifinaasset":1799723.33,"reinrece":null,"reincontrese":null,"purcresaasset":null,"cenbankborr":null,"deposit":null,"fdsborr":null,"deriliab":null,"sellrepasse":null,"copepoun":null,"insucontrese":null,"actitradsecu":null,"actiundesecu":null},{"compcode":"80140710","publishdate":"20150429","reportdate":"20150331","reporttype":"100111","adjustdate":"20150429","accstacode":"2","accstaname":"新会计准则","curfds":3.7123632501E8,"tradfinasset":null,"notesrece":4.424502974E7,"accorece":3.9938120356E8,"prep":3.598992216E7,"premrece":null,"interece":1230735.92,"dividrece":null,"otherrece":1.438799457E7,"expotaxrebarece":null,"subsrece":null,"margrece":null,"intelrece":null,"inve":4.9298295936E8,"prepexpe":null,"unseg":null,"expinoncurrasset":2695192.94,"othercurrasse":3.0408954783E8,"currassetitse":null,"currasseform":null,"totcurrasset":1.66646568554E9,"lendandloan":null,"avaisellasse":2175000.0,"holdinvedue":null,"longrece":null,"equiinve":null,"otherlonginve":null,"inveprop":1630519.88,"fixedasseimmo":null,"accudepr":null,"fixedassenetw":null,"fixedasseimpa":null,"fixedassenet":4.3380146516E8,"consprog":1.7397651683E8,"engimate":null,"fixedasseclea":null,"prodasse":null,"comasse":null,"hydrasset":null,"intaasset":2.8060633128E8,"deveexpe":null,"goodwill":null,"logprepexpe":1.971575241E7,"tradshartrad":null,"defetaxasset":2.913504421E7,"othernoncasse":1.0744683E8,"noncasseitse":null,"noncasseform":null,"totalnoncassets":1.04848745977E9,"totassetitse":null,"totalasseform":null,"totasset":2.71495314531E9,"shorttermborr":2.994266E8,"tradfinliab":null,"notespaya":null,"accopaya":2.3699206289E8,"advapaym":3.004395977E7,"copeworkersal":4.322999136E7,"taxespaya":2.284366026E7,"intepaya":417171.68,"divipaya":null,"otherfeepaya":null,"margrequ":null,"intelpay":null,"otherpay":3.181045195E7,"accrexpe":null,"expecurrliab":null,"copewithreinrece":null,"inteticksett":null,"dometicksett":null,"defereve":null,"shorttermbdspaya":null,"duenoncliab":null,"othercurreliabi":null,"currliabitse":null,"currliabform":null,"totalcurrliab":6.6480484791E8,"longborr":null,"bdspaya":null,"longpaya":null,"specpaya":1.9079128422E8,"expenoncliab":null,"longdefeinco":1.6483124898E8,"defeincotaxliab":34016.17,"othernoncliabi":null,"longliabitse":null,"longliabform":null,"totalnoncliab":3.5565654937E8,"totliabitse":null,"totliabform":null,"totliab":1.02046139728E9,"paidincapi":2.4E8,"capisurp":1.05441890037E9,"treastk":null,"specrese":null,"rese":3.987290377E7,"generiskrese":null,"unreinveloss":null,"undiprof":3.6019994389E8,"topaycashdivi":null,"curtrandiff":null,"sharrighitse":null,"sharrightform":null,"paresharrigh":1.69449174803E9,"minysharrigh":null,"righaggritse":null,"rightaggrform":null,"righaggr":1.69449174803E9,"rightotitse":null,"rightotform":null,"totliabsharequi":2.71495314531E9,"settresedepo":null,"plac":null,"derifinaasset":226774.45,"reinrece":null,"reincontrese":null,"purcresaasset":null,"cenbankborr":null,"deposit":null,"fdsborr":null,"deriliab":40950.0,"sellrepasse":null,"copepoun":null,"insucontrese":null,"actitradsecu":null,"actiundesecu":null},{"compcode":"80140710","publishdate":"20150415","reportdate":"20141231","reporttype":"100111","adjustdate":"20150415","accstacode":"2","accstaname":"新会计准则","curfds":2.526100144E8,"tradfinasset":null,"notesrece":8.319065489E7,"accorece":3.8776672543E8,"prep":2.439906049E7,"premrece":null,"interece":986626.33,"dividrece":null,"otherrece":9476395.34,"expotaxrebarece":null,"subsrece":null,"margrece":null,"intelrece":null,"inve":4.945576192E8,"prepexpe":null,"unseg":null,"expinoncurrasset":2701546.65,"othercurrasse":4.0357881578E8,"currassetitse":null,"currasseform":null,"totcurrasset":1.65926745851E9,"lendandloan":null,"avaisellasse":null,"holdinvedue":null,"longrece":null,"equiinve":null,"otherlonginve":null,"inveprop":1657379.42,"fixedasseimmo":7.3847738762E8,"accudepr":2.9783686297E8,"fixedassenetw":4.4064052465E8,"fixedasseimpa":null,"fixedassenet":4.4064052465E8,"consprog":1.6464399258E8,"engimate":null,"fixedasseclea":null,"prodasse":null,"comasse":null,"hydrasset":null,"intaasset":2.8227506715E8,"deveexpe":null,"goodwill":null,"logprepexpe":2.081346251E7,"tradshartrad":null,"defetaxasset":3.008255258E7,"othernoncasse":1.0744172E8,"noncasseitse":null,"noncasseform":null,"totalnoncassets":1.04755469889E9,"totassetitse":null,"totalasseform":null,"totasset":2.7068221574E9,"shorttermborr":2.86428E8,"tradfinliab":null,"notespaya":null,"accopaya":2.8239160089E8,"advapaym":3.540554208E7,"copeworkersal":4.659028912E7,"taxespaya":2.315432811E7,"intepaya":627941.42,"divipaya":null,"otherfeepaya":null,"margrequ":null,"intelpay":null,"otherpay":1.680641118E7,"accrexpe":null,"expecurrliab":null,"copewithreinrece":null,"inteticksett":null,"dometicksett":null,"defereve":null,"shorttermbdspaya":null,"duenoncliab":null,"othercurreliabi":null,"currliabitse":null,"currliabform":null,"totalcurrliab":6.9226755613E8,"longborr":null,"bdspaya":null,"longpaya":null,"specpaya":1.9391347534E8,"expenoncliab":null,"longdefeinco":1.5351893348E8,"defeincotaxliab":null,"othernoncliabi":null,"longliabitse":null,"longliabform":null,"totalnoncliab":3.4743240882E8,"totliabitse":null,"totliabform":null,"totliab":1.03969996495E9,"paidincapi":2.4E8,"capisurp":1.05269071761E9,"treastk":null,"specrese":null,"rese":3.987290377E7,"generiskrese":null,"unreinveloss":null,"undiprof":3.2775786969E8,"topaycashdivi":null,"curtrandiff":null,"sharrighitse":null,"sharrightform":null,"paresharrigh":1.66032149107E9,"minysharrigh":6800701.38,"righaggritse":null,"rightaggrform":null,"righaggr":1.66712219245E9,"rightotitse":null,"rightotform":null,"totliabsharequi":2.7068221574E9,"settresedepo":null,"plac":null,"derifinaasset":null,"reinrece":null,"reincontrese":null,"purcresaasset":null,"cenbankborr":null,"deposit":null,"fdsborr":null,"deriliab":863443.33,"sellrepasse":null,"copepoun":null,"insucontrese":null,"actitradsecu":null,"actiundesecu":null},{"compcode":"80140710","publishdate":"20141028","reportdate":"20140930","reporttype":"100111","adjustdate":"20141028","accstacode":"2","accstaname":"新会计准则","curfds":2.3049949121E8,"tradfinasset":1591150.0,"notesrece":3.802793402E7,"accorece":4.327565048E8,"prep":4.524025056E7,"premrece":null,"interece":686958.9,"dividrece":null,"otherrece":1.252031029E7,"expotaxrebarece":null,"subsrece":null,"margrece":null,"intelrece":null,"inve":5.3986900257E8,"prepexpe":null,"unseg":null,"expinoncurrasset":1755587.85,"othercurrasse":3.81E8,"currassetitse":null,"currasseform":null,"totcurrasset":1.6839471902E9,"lendandloan":null,"avaisellasse":null,"holdinvedue":null,"longrece":null,"equiinve":null,"otherlonginve":null,"inveprop":1684238.96,"fixedasseimmo":null,"accudepr":null,"fixedassenetw":null,"fixedasseimpa":null,"fixedassenet":4.2822770346E8,"consprog":1.3224817108E8,"engimate":null,"fixedasseclea":null,"prodasse":null,"comasse":null,"hydrasset":null,"intaasset":2.8389121018E8,"deveexpe":null,"goodwill":null,"logprepexpe":2.174262147E7,"tradshartrad":null,"defetaxasset":2.306417352E7,"othernoncasse":1.0316617E8,"noncasseitse":null,"noncasseform":null,"totalnoncassets":9.9402428867E8,"totassetitse":null,"totalasseform":null,"totasset":2.67797147887E9,"shorttermborr":2.7683E8,"tradfinliab":null,"notespaya":null,"accopaya":2.821829673E8,"advapaym":4.919991731E7,"copeworkersal":3.874337181E7,"taxespaya":-2.359111746E7,"intepaya":370073.53,"divipaya":null,"otherfeepaya":null,"margrequ":null,"intelpay":null,"otherpay":1.922610541E7,"accrexpe":null,"expecurrliab":null,"copewithreinrece":null,"inteticksett":null,"dometicksett":null,"defereve":null,"shorttermbdspaya":null,"duenoncliab":null,"othercurreliabi":72815.54,"currliabitse":null,"currliabform":null,"totalcurrliab":6.4303413344E8,"longborr":null,"bdspaya":null,"longpaya":null,"specpaya":2.4078696943E8,"expenoncliab":null,"longdefeinco":null,"defeincotaxliab":238672.5,"othernoncliabi":1.1055663102E8,"longliabitse":null,"longliabform":null,"totalnoncliab":3.5158227295E8,"totliabitse":null,"totliabform":null,"totliab":9.9461640639E8,"paidincapi":2.4E8,"capisurp":1.05269071761E9,"treastk":null,"specrese":null,"rese":2.17723204E7,"generiskrese":null,"unreinveloss":null,"undiprof":3.1840756839E8,"topaycashdivi":null,"curtrandiff":null,"sharrighitse":null,"sharrightform":null,"paresharrigh":1.6328706064E9,"minysharrigh":5.048446608E7,"righaggritse":null,"rightaggrform":null,"righaggr":1.68335507248E9,"rightotitse":null,"rightotform":null,"totliabsharequi":2.67797147887E9,"settresedepo":null,"plac":null,"derifinaasset":null,"reinrece":null,"reincontrese":null,"purcresaasset":null,"cenbankborr":null,"deposit":null,"fdsborr":null,"deriliab":null,"sellrepasse":null,"copepoun":null,"insucontrese":null,"actitradsecu":null,"actiundesecu":null},{"compcode":"80140710","publishdate":"20140822","reportdate":"20140630","reporttype":"100111","adjustdate":"20140822","accstacode":"2","accstaname":"新会计准则","curfds":3.6698076506E8,"tradfinasset":3415705.32,"notesrece":3.496057712E7,"accorece":4.1189585011E8,"prep":4.597818341E7,"premrece":null,"interece":310463.02,"dividrece":null,"otherrece":1.131607067E7,"expotaxrebarece":null,"subsrece":null,"margrece":null,"intelrece":null,"inve":5.3821875232E8,"prepexpe":null,"unseg":null,"expinoncurrasset":2571352.01,"othercurrasse":3.35E8,"currassetitse":null,"currasseform":null,"totcurrasset":1.75064771904E9,"lendandloan":null,"avaisellasse":null,"holdinvedue":null,"longrece":null,"equiinve":null,"otherlonginve":null,"inveprop":1711098.5,"fixedasseimmo":7.2316004276E8,"accudepr":2.8182740176E8,"fixedassenetw":4.41332641E8,"fixedasseimpa":null,"fixedassenet":4.41332641E8,"consprog":1.0934810441E8,"engimate":null,"fixedasseclea":null,"prodasse":null,"comasse":null,"hydrasset":null,"intaasset":2.8543030191E8,"deveexpe":null,"goodwill":null,"logprepexpe":1.699864478E7,"tradshartrad":null,"defetaxasset":2.151531165E7,"othernoncasse":6584415.0,"noncasseitse":null,"noncasseform":null,"totalnoncassets":8.8292051725E8,"totassetitse":null,"totalasseform":null,"totasset":2.63356823629E9,"shorttermborr":2.50966E8,"tradfinliab":106380.0,"notespaya":null,"accopaya":2.9517921575E8,"advapaym":4.514397999E7,"copeworkersal":3.262242076E7,"taxespaya":-2.93057033E7,"intepaya":541386.58,"divipaya":null,"otherfeepaya":null,"margrequ":null,"intelpay":null,"otherpay":1.44405548E7,"accrexpe":null,"expecurrliab":null,"copewithreinrece":null,"inteticksett":null,"dometicksett":null,"defereve":null,"shorttermbdspaya":null,"duenoncliab":null,"othercurreliabi":109223.3,"currliabitse":null,"currliabform":null,"totalcurrliab":6.0980345788E8,"longborr":null,"bdspaya":null,"longpaya":null,"specpaya":2.4545381883E8,"expenoncliab":null,"longdefeinco":null,"defeincotaxliab":608933.19,"othernoncliabi":1.1143056552E8,"longliabitse":null,"longliabform":null,"totalnoncliab":3.5749331754E8,"totliabitse":null,"totliabform":null,"totliab":9.6729677542E8,"paidincapi":2.4E8,"capisurp":1.05269071761E9,"treastk":null,"specrese":null,"rese":2.17723204E7,"generiskrese":null,"unreinveloss":null,"undiprof":3.0299201262E8,"topaycashdivi":null,"curtrandiff":null,"sharrighitse":null,"sharrightform":null,"paresharrigh":1.61745505063E9,"minysharrigh":4.881641024E7,"righaggritse":null,"rightaggrform":null,"righaggr":1.66627146087E9,"rightotitse":null,"rightotform":null,"totliabsharequi":2.63356823629E9,"settresedepo":null,"plac":null,"derifinaasset":null,"reinrece":null,"reincontrese":null,"purcresaasset":null,"cenbankborr":null,"deposit":null,"fdsborr":null,"deriliab":null,"sellrepasse":null,"copepoun":null,"insucontrese":null,"actitradsecu":null,"actiundesecu":null},{"compcode":"80140710","publishdate":"20140425","reportdate":"20140331","reporttype":"100111","adjustdate":"20140425","accstacode":"2","accstaname":"新会计准则","curfds":4.5531625043E8,"tradfinasset":-2300940.0,"notesrece":1.885827102E7,"accorece":3.8559771082E8,"prep":4.883406225E7,"premrece":null,"interece":8400.0,"dividrece":null,"otherrece":2.951941451E7,"expotaxrebarece":null,"subsrece":null,"margrece":null,"intelrece":null,"inve":5.621509929E8,"prepexpe":null,"unseg":null,"expinoncurrasset":3279074.66,"othercurrasse":3.0191663697E8,"currassetitse":null,"currasseform":null,"totcurrasset":1.80317987356E9,"lendandloan":null,"avaisellasse":null,"holdinvedue":null,"longrece":null,"equiinve":null,"otherlonginve":null,"inveprop":1737958.04,"fixedasseimmo":null,"accudepr":null,"fixedassenetw":null,"fixedasseimpa":null,"fixedassenet":4.3258858627E8,"consprog":1.1967272221E8,"engimate":null,"fixedasseclea":null,"prodasse":null,"comasse":null,"hydrasset":null,"intaasset":2.8707097049E8,"deveexpe":null,"goodwill":null,"logprepexpe":1.581039394E7,"tradshartrad":null,"defetaxasset":2.089377436E7,"othernoncasse":2633417.0,"noncasseitse":null,"noncasseform":null,"totalnoncassets":8.8040782231E8,"totassetitse":null,"totalasseform":null,"totasset":2.68358769587E9,"shorttermborr":3.27898578E8,"tradfinliab":null,"notespaya":null,"accopaya":2.5875144099E8,"advapaym":4.323031047E7,"copeworkersal":3.579404805E7,"taxespaya":-2.691439441E7,"intepaya":423493.54,"divipaya":null,"otherfeepaya":null,"margrequ":null,"intelpay":null,"otherpay":1.403221817E7,"accrexpe":null,"expecurrliab":null,"copewithreinrece":null,"inteticksett":null,"dometicksett":null,"defereve":null,"shorttermbdspaya":null,"duenoncliab":null,"othercurreliabi":null,"currliabitse":null,"currliabform":null,"totalcurrliab":6.5321569481E8,"longborr":null,"bdspaya":null,"longpaya":null,"specpaya":2.4950007555E8,"expenoncliab":null,"longdefeinco":null,"defeincotaxliab":209184.45,"othernoncliabi":9.176747795E7,"longliabitse":null,"longliabform":null,"totalnoncliab":3.4147673795E8,"totliabitse":null,"totliabform":null,"totliab":9.9469243276E8,"paidincapi":2.4E8,"capisurp":1.05269071761E9,"treastk":null,"specrese":null,"rese":2.17723204E7,"generiskrese":null,"unreinveloss":null,"undiprof":3.2888009204E8,"topaycashdivi":null,"curtrandiff":null,"sharrighitse":null,"sharrightform":null,"paresharrigh":1.64334313005E9,"minysharrigh":4.555213306E7,"righaggritse":null,"rightaggrform":null,"righaggr":1.68889526311E9,"rightotitse":null,"rightotform":null,"totliabsharequi":2.68358769587E9,"settresedepo":null,"plac":null,"derifinaasset":null,"reinrece":null,"reincontrese":null,"purcresaasset":null,"cenbankborr":null,"deposit":null,"fdsborr":null,"deriliab":null,"sellrepasse":null,"copepoun":null,"insucontrese":null,"actitradsecu":null,"actiundesecu":null},{"compcode":"80140710","publishdate":"20140422","reportdate":"20131231","reporttype":"100111","adjustdate":"20140422","accstacode":"2","accstaname":"新会计准则","curfds":3.702419671E8,"tradfinasset":627750.0,"notesrece":5.759998846E7,"accorece":4.0786758704E8,"prep":3.122255432E7,"premrece":null,"interece":153576.52,"dividrece":null,"otherrece":2.043999597E7,"expotaxrebarece":null,"subsrece":null,"margrece":null,"intelrece":null,"inve":5.8926546829E8,"prepexpe":null,"unseg":null,"expinoncurrasset":6534147.54,"othercurrasse":null,"currassetitse":null,"currasseform":null,"totcurrasset":1.48395303524E9,"lendandloan":null,"avaisellasse":null,"holdinvedue":null,"longrece":null,"equiinve":null,"otherlonginve":null,"inveprop":1764817.58,"fixedasseimmo":6.9631195722E8,"accudepr":2.5910622346E8,"fixedassenetw":4.3720573376E8,"fixedasseimpa":null,"fixedassenet":4.3720573376E8,"consprog":1.2284330966E8,"engimate":null,"fixedasseclea":null,"prodasse":null,"comasse":null,"hydrasset":null,"intaasset":2.8869660544E8,"deveexpe":null,"goodwill":null,"logprepexpe":1.692731354E7,"tradshartrad":null,"defetaxasset":1.964487046E7,"othernoncasse":4907874.0,"noncasseitse":null,"noncasseform":null,"totalnoncassets":8.9199052444E8,"totassetitse":null,"totalasseform":null,"totasset":2.37594355968E9,"shorttermborr":1.53E8,"tradfinliab":null,"notespaya":null,"accopaya":3.1268307085E8,"advapaym":4.788382464E7,"copeworkersal":3.157808235E7,"taxespaya":-1.768622619E7,"intepaya":255166.67,"divipaya":null,"otherfeepaya":null,"margrequ":null,"intelpay":null,"otherpay":1.527719898E7,"accrexpe":null,"expecurrliab":null,"copewithreinrece":null,"inteticksett":null,"dometicksett":null,"defereve":null,"shorttermbdspaya":null,"duenoncliab":null,"othercurreliabi":null,"currliabitse":null,"currliabform":null,"totalcurrliab":5.429911173E8,"longborr":null,"bdspaya":null,"longpaya":null,"specpaya":6.851947604E7,"expenoncliab":null,"longdefeinco":null,"defeincotaxliab":94162.5,"othernoncliabi":9.249781955E7,"longliabitse":null,"longliabform":null,"totalnoncliab":1.6111145809E8,"totliabitse":null,"totliabform":null,"totliab":7.0410257539E8,"paidincapi":2.4E8,"capisurp":1.05269071761E9,"treastk":null,"specrese":null,"rese":2.17723204E7,"generiskrese":null,"unreinveloss":null,"undiprof":3.1251443046E8,"topaycashdivi":null,"curtrandiff":null,"sharrighitse":null,"sharrightform":null,"paresharrigh":1.62697746847E9,"minysharrigh":4.486351582E7,"righaggritse":null,"rightaggrform":null,"righaggr":1.67184098429E9,"rightotitse":null,"rightotform":null,"totliabsharequi":2.37594355968E9,"settresedepo":null,"plac":null,"derifinaasset":null,"reinrece":null,"reincontrese":null,"purcresaasset":null,"cenbankborr":null,"deposit":null,"fdsborr":null,"deriliab":null,"sellrepasse":null,"copepoun":null,"insucontrese":null,"actitradsecu":null,"actiundesecu":null},{"compcode":"80140710","publishdate":"20131026","reportdate":"20130930","reporttype":"100111","adjustdate":"20131026","accstacode":"2","accstaname":"新会计准则","curfds":4.2353121191E8,"tradfinasset":1653660.0,"notesrece":3.632174628E7,"accorece":4.4384800367E8,"prep":4.575773573E7,"premrece":null,"interece":123542.73,"dividrece":null,"otherrece":2.495234886E7,"expotaxrebarece":null,"subsrece":null,"margrece":null,"intelrece":null,"inve":5.7018812031E8,"prepexpe":null,"unseg":null,"expinoncurrasset":5859873.39,"othercurrasse":null,"currassetitse":null,"currasseform":null,"totcurrasset":1.55223624288E9,"lendandloan":null,"avaisellasse":null,"holdinvedue":null,"longrece":null,"equiinve":null,"otherlonginve":null,"inveprop":1791677.12,"fixedasseimmo":null,"accudepr":null,"fixedassenetw":null,"fixedasseimpa":null,"fixedassenet":3.5629362315E8,"consprog":1.5404971495E8,"engimate":null,"fixedasseclea":null,"prodasse":null,"comasse":null,"hydrasset":null,"intaasset":2.904146922E8,"deveexpe":null,"goodwill":null,"logprepexpe":1.889398118E7,"tradshartrad":null,"defetaxasset":1.771806377E7,"othernoncasse":5313193.26,"noncasseitse":null,"noncasseform":null,"totalnoncassets":8.4447494563E8,"totassetitse":null,"totalasseform":null,"totasset":2.39671118851E9,"shorttermborr":2.689848E8,"tradfinliab":null,"notespaya":null,"accopaya":2.4270660385E8,"advapaym":4.756501768E7,"copeworkersal":3.338127466E7,"taxespaya":-3.669454827E7,"intepaya":379023.18,"divipaya":null,"otherfeepaya":null,"margrequ":null,"intelpay":null,"otherpay":1.772985715E8,"accrexpe":null,"expecurrliab":null,"copewithreinrece":null,"inteticksett":null,"dometicksett":null,"defereve":null,"shorttermbdspaya":null,"duenoncliab":null,"othercurreliabi":null,"currliabitse":null,"currliabform":null,"totalcurrliab":7.336207426E8,"longborr":null,"bdspaya":null,"longpaya":null,"specpaya":null,"expenoncliab":null,"longdefeinco":null,"defeincotaxliab":null,"othernoncliabi":1.379718032E7,"longliabitse":null,"longliabform":null,"totalnoncliab":1.379718032E7,"totliabitse":null,"totliabform":null,"totliab":7.4741792292E8,"paidincapi":2.4E8,"capisurp":1.05269071761E9,"treastk":null,"specrese":null,"rese":2.002545755E7,"generiskrese":null,"unreinveloss":null,"undiprof":2.9508782946E8,"topaycashdivi":null,"curtrandiff":null,"sharrighitse":null,"sharrightform":null,"paresharrigh":1.60780400462E9,"minysharrigh":4.148926097E7,"righaggritse":null,"rightaggrform":null,"righaggr":1.64929326559E9,"rightotitse":null,"rightotform":null,"totliabsharequi":2.39671118851E9,"settresedepo":null,"plac":null,"derifinaasset":null,"reinrece":null,"reincontrese":null,"purcresaasset":null,"cenbankborr":null,"deposit":null,"fdsborr":null,"deriliab":null,"sellrepasse":null,"copepoun":null,"insucontrese":null,"actitradsecu":null,"actiundesecu":null},{"compcode":"80140710","publishdate":"20130820","reportdate":"20130630","reporttype":"100111","adjustdate":"20130820","accstacode":"2","accstaname":"新会计准则","curfds":3.2124772336E8,"tradfinasset":null,"notesrece":9819251.1,"accorece":4.1816457906E8,"prep":6.439694661E7,"premrece":null,"interece":135380.56,"dividrece":null,"otherrece":2.059323238E7,"expotaxrebarece":null,"subsrece":null,"margrece":null,"intelrece":null,"inve":6.0940495729E8,"prepexpe":null,"unseg":null,"expinoncurrasset":6917210.8,"othercurrasse":null,"currassetitse":null,"currasseform":null,"totcurrasset":1.45067928116E9,"lendandloan":null,"avaisellasse":null,"holdinvedue":null,"longrece":null,"equiinve":null,"otherlonginve":null,"inveprop":1818536.66,"fixedasseimmo":6.0809853401E8,"accudepr":2.4351808806E8,"fixedassenetw":3.6458044595E8,"fixedasseimpa":null,"fixedassenet":3.6458044595E8,"consprog":1.1448305712E8,"engimate":null,"fixedasseclea":null,"prodasse":null,"comasse":null,"hydrasset":null,"intaasset":3.1901600013E8,"deveexpe":null,"goodwill":null,"logprepexpe":2.12804792E7,"tradshartrad":null,"defetaxasset":1.617492951E7,"othernoncasse":2563291.77,"noncasseitse":null,"noncasseform":null,"totalnoncassets":8.3991674034E8,"totassetitse":null,"totalasseform":null,"totasset":2.2905960215E9,"shorttermborr":3.5282888E8,"tradfinliab":null,"notespaya":null,"accopaya":2.3488674188E8,"advapaym":5.117903854E7,"copeworkersal":3.082761159E7,"taxespaya":-4.699905186E7,"intepaya":477948.31,"divipaya":null,"otherfeepaya":null,"margrequ":null,"intelpay":null,"otherpay":9972708.77,"accrexpe":null,"expecurrliab":null,"copewithreinrece":null,"inteticksett":null,"dometicksett":null,"defereve":null,"shorttermbdspaya":null,"duenoncliab":null,"othercurreliabi":null,"currliabitse":null,"currliabform":null,"totalcurrliab":6.3317387723E8,"longborr":null,"bdspaya":null,"longpaya":null,"specpaya":null,"expenoncliab":null,"longdefeinco":null,"defeincotaxliab":null,"othernoncliabi":1.427864093E7,"longliabitse":null,"longliabform":null,"totalnoncliab":1.427864093E7,"totliabitse":null,"totliabform":null,"totliab":6.4745251816E8,"paidincapi":2.4E8,"capisurp":1.05269071761E9,"treastk":null,"specrese":null,"rese":2.002545755E7,"generiskrese":null,"unreinveloss":null,"undiprof":2.9008027839E8,"topaycashdivi":null,"curtrandiff":null,"sharrighitse":null,"sharrightform":null,"paresharrigh":1.60279645355E9,"minysharrigh":4.034704979E7,"righaggritse":null,"rightaggrform":null,"righaggr":1.64314350334E9,"rightotitse":null,"rightotform":null,"totliabsharequi":2.2905960215E9,"settresedepo":null,"plac":null,"derifinaasset":null,"reinrece":null,"reincontrese":null,"purcresaasset":null,"cenbankborr":null,"deposit":null,"fdsborr":null,"deriliab":null,"sellrepasse":null,"copepoun":null,"insucontrese":null,"actitradsecu":null,"actiundesecu":null},{"compcode":"80140710","publishdate":"20130426","reportdate":"20130331","reporttype":"100111","adjustdate":"20130426","accstacode":"2","accstaname":"新会计准则","curfds":4.1860717935E8,"tradfinasset":null,"notesrece":1.317540443E7,"accorece":3.9270347536E8,"prep":4.947741529E7,"premrece":null,"interece":372949.03,"dividrece":null,"otherrece":2.504222698E7,"expotaxrebarece":null,"subsrece":null,"margrece":null,"intelrece":null,"inve":6.251782751E8,"prepexpe":null,"unseg":null,"expinoncurrasset":2439622.93,"othercurrasse":null,"currassetitse":null,"currasseform":null,"totcurrasset":1.52699654847E9,"lendandloan":null,"avaisellasse":null,"holdinvedue":null,"longrece":null,"equiinve":null,"otherlonginve":null,"inveprop":1845396.2,"fixedasseimmo":null,"accudepr":null,"fixedassenetw":null,"fixedasseimpa":null,"fixedassenet":3.6046169627E8,"consprog":1.1165317723E8,"engimate":null,"fixedasseclea":null,"prodasse":null,"comasse":null,"hydrasset":null,"intaasset":3.2054456705E8,"deveexpe":null,"goodwill":null,"logprepexpe":3.013658902E7,"tradshartrad":null,"defetaxasset":1.456144744E7,"othernoncasse":2532155.17,"noncasseitse":null,"noncasseform":null,"totalnoncassets":8.4173502838E8,"totassetitse":null,"totalasseform":null,"totasset":2.36873157685E9,"shorttermborr":4.15003073E8,"tradfinliab":null,"notespaya":null,"accopaya":2.3542926985E8,"advapaym":5.702199098E7,"copeworkersal":3.18718268E7,"taxespaya":-3.131577454E7,"intepaya":540390.69,"divipaya":null,"otherfeepaya":null,"margrequ":null,"intelpay":null,"otherpay":1.023437222E7,"accrexpe":null,"expecurrliab":null,"copewithreinrece":null,"inteticksett":null,"dometicksett":null,"defereve":null,"shorttermbdspaya":null,"duenoncliab":null,"othercurreliabi":null,"currliabitse":null,"currliabform":null,"totalcurrliab":7.18785149E8,"longborr":null,"bdspaya":null,"longpaya":null,"specpaya":null,"expenoncliab":null,"longdefeinco":null,"defeincotaxliab":null,"othernoncliabi":1.16587344E7,"longliabitse":null,"longliabform":null,"totalnoncliab":1.16587344E7,"totliabitse":null,"totliabform":null,"totliab":7.304438834E8,"paidincapi":2.4E8,"capisurp":1.05269071761E9,"treastk":null,"specrese":null,"rese":2.002545755E7,"generiskrese":null,"unreinveloss":null,"undiprof":2.8672815914E8,"topaycashdivi":null,"curtrandiff":null,"sharrighitse":null,"sharrightform":null,"paresharrigh":1.5994443343E9,"minysharrigh":3.884335915E7,"righaggritse":null,"rightaggrform":null,"righaggr":1.63828769345E9,"rightotitse":null,"rightotform":null,"totliabsharequi":2.36873157685E9,"settresedepo":null,"plac":null,"derifinaasset":null,"reinrece":null,"reincontrese":null,"purcresaasset":null,"cenbankborr":null,"deposit":null,"fdsborr":null,"deriliab":null,"sellrepasse":null,"copepoun":null,"insucontrese":null,"actitradsecu":null,"actiundesecu":null},{"compcode":"80140710","publishdate":"20130425","reportdate":"20121231","reporttype":"100111","adjustdate":"20130425","accstacode":"2","accstaname":"新会计准则","curfds":3.188477503E8,"tradfinasset":0.0,"notesrece":3.464496265E7,"accorece":3.9261058784E8,"prep":6.305646478E7,"premrece":null,"interece":538264.49,"dividrece":null,"otherrece":1.898741351E7,"expotaxrebarece":null,"subsrece":null,"margrece":null,"intelrece":null,"inve":6.2751265184E8,"prepexpe":null,"unseg":null,"expinoncurrasset":4388841.26,"othercurrasse":null,"currassetitse":null,"currasseform":null,"totcurrasset":1.46058693667E9,"lendandloan":null,"avaisellasse":null,"holdinvedue":null,"longrece":null,"equiinve":null,"otherlonginve":null,"inveprop":1872255.74,"fixedasseimmo":5.8711825117E8,"accudepr":2.2449605496E8,"fixedassenetw":3.6262219621E8,"fixedasseimpa":null,"fixedassenet":3.6262219621E8,"consprog":1.098451968E8,"engimate":null,"fixedasseclea":null,"prodasse":null,"comasse":null,"hydrasset":null,"intaasset":3.2227190127E8,"deveexpe":null,"goodwill":null,"logprepexpe":3.16223961E7,"tradshartrad":null,"defetaxasset":1.371496415E7,"othernoncasse":5875968.99,"noncasseitse":null,"noncasseform":null,"totalnoncassets":8.4782487926E8,"totassetitse":null,"totalasseform":null,"totasset":2.30841181593E9,"shorttermborr":3.4342675E8,"tradfinliab":null,"notespaya":null,"accopaya":2.9949610718E8,"advapaym":4.750369643E7,"copeworkersal":2.915283794E7,"taxespaya":-5.007047955E7,"intepaya":322059.92,"divipaya":null,"otherfeepaya":null,"margrequ":null,"intelpay":null,"otherpay":4967434.79,"accrexpe":null,"expecurrliab":null,"copewithreinrece":null,"inteticksett":null,"dometicksett":null,"defereve":null,"shorttermbdspaya":null,"duenoncliab":null,"othercurreliabi":null,"currliabitse":null,"currliabform":null,"totalcurrliab":6.7479840671E8,"longborr":null,"bdspaya":null,"longpaya":null,"specpaya":null,"expenoncliab":null,"longdefeinco":null,"defeincotaxliab":null,"othernoncliabi":1.124386103E7,"longliabitse":null,"longliabform":null,"totalnoncliab":1.124386103E7,"totliabitse":null,"totliabform":null,"totliab":6.8604226774E8,"paidincapi":2.4E8,"capisurp":1.05269071761E9,"treastk":null,"specrese":null,"rese":2.002545755E7,"generiskrese":null,"unreinveloss":null,"undiprof":2.7138515785E8,"topaycashdivi":null,"curtrandiff":null,"sharrighitse":null,"sharrightform":null,"paresharrigh":1.58410133301E9,"minysharrigh":3.826821518E7,"righaggritse":null,"rightaggrform":null,"righaggr":1.62236954819E9,"rightotitse":null,"rightotform":null,"totliabsharequi":2.30841181593E9,"settresedepo":null,"plac":null,"derifinaasset":null,"reinrece":null,"reincontrese":null,"purcresaasset":null,"cenbankborr":null,"deposit":null,"fdsborr":null,"deriliab":null,"sellrepasse":null,"copepoun":null,"insucontrese":null,"actitradsecu":null,"actiundesecu":null},{"compcode":"80140710","publishdate":"20121030","reportdate":"20120930","reporttype":"100111","adjustdate":"20121030","accstacode":"2","accstaname":"新会计准则","curfds":4.2245193146E8,"tradfinasset":-2058715.0,"notesrece":4.58528763E7,"accorece":4.3875305544E8,"prep":7.29679915E7,"premrece":null,"interece":813758.94,"dividrece":null,"otherrece":1.926288259E7,"expotaxrebarece":null,"subsrece":null,"margrece":null,"intelrece":null,"inve":5.5599242649E8,"prepexpe":null,"unseg":null,"expinoncurrasset":null,"othercurrasse":null,"currassetitse":null,"currasseform":null,"totcurrasset":1.55403620772E9,"lendandloan":null,"avaisellasse":null,"holdinvedue":null,"longrece":null,"equiinve":null,"otherlonginve":null,"inveprop":1899115.28,"fixedasseimmo":null,"accudepr":null,"fixedassenetw":null,"fixedasseimpa":null,"fixedassenet":3.5220904158E8,"consprog":6.195492155E7,"engimate":null,"fixedasseclea":null,"prodasse":null,"comasse":null,"hydrasset":null,"intaasset":1.4533941982E8,"deveexpe":null,"goodwill":null,"logprepexpe":2.253860625E7,"tradshartrad":null,"defetaxasset":1.152257874E7,"othernoncasse":null,"noncasseitse":null,"noncasseform":null,"totalnoncassets":5.9546368322E8,"totassetitse":null,"totalasseform":null,"totasset":2.14949989094E9,"shorttermborr":2.381705E8,"tradfinliab":null,"notespaya":null,"accopaya":2.2923141415E8,"advapaym":6.508798984E7,"copeworkersal":2.841340575E7,"taxespaya":-4.124333591E7,"intepaya":275803.45,"divipaya":null,"otherfeepaya":null,"margrequ":null,"intelpay":null,"otherpay":1.16164269E7,"accrexpe":null,"expecurrliab":null,"copewithreinrece":null,"inteticksett":null,"dometicksett":null,"defereve":null,"shorttermbdspaya":null,"duenoncliab":null,"othercurreliabi":null,"currliabitse":null,"currliabform":null,"totalcurrliab":5.3155220418E8,"longborr":null,"bdspaya":null,"longpaya":null,"specpaya":null,"expenoncliab":null,"longdefeinco":null,"defeincotaxliab":null,"othernoncliabi":9311041.05,"longliabitse":null,"longliabform":null,"totalnoncliab":9311041.05,"totliabitse":null,"totliabform":null,"totliab":5.4086324523E8,"paidincapi":2.4E8,"capisurp":1.05269071761E9,"treastk":null,"specrese":null,"rese":1.830919017E7,"generiskrese":null,"unreinveloss":null,"undiprof":2.6009599791E8,"topaycashdivi":null,"curtrandiff":null,"sharrighitse":null,"sharrightform":null,"paresharrigh":1.57109590569E9,"minysharrigh":3.754074002E7,"righaggritse":null,"rightaggrform":null,"righaggr":1.60863664571E9,"rightotitse":null,"rightotform":null,"totliabsharequi":2.14949989094E9,"settresedepo":null,"plac":null,"derifinaasset":null,"reinrece":null,"reincontrese":null,"purcresaasset":null,"cenbankborr":null,"deposit":null,"fdsborr":null,"deriliab":null,"sellrepasse":null,"copepoun":null,"insucontrese":null,"actitradsecu":null,"actiundesecu":null},{"compcode":"80140710","publishdate":"20120822","reportdate":"20120630","reporttype":"100111","adjustdate":"20120822","accstacode":"2","accstaname":"新会计准则","curfds":3.5616140031E8,"tradfinasset":-1880349.0,"notesrece":6.747546368E7,"accorece":3.7001343414E8,"prep":7.120202844E7,"premrece":0.0,"interece":1530991.24,"dividrece":0.0,"otherrece":1.950956349E7,"expotaxrebarece":null,"subsrece":null,"margrece":null,"intelrece":null,"inve":5.3110798472E8,"prepexpe":null,"unseg":null,"expinoncurrasset":0.0,"othercurrasse":0.0,"currassetitse":null,"currasseform":null,"totcurrasset":1.41512051702E9,"lendandloan":0.0,"avaisellasse":0.0,"holdinvedue":0.0,"longrece":0.0,"equiinve":0.0,"otherlonginve":null,"inveprop":1925974.82,"fixedasseimmo":5.581086141E8,"accudepr":2.0479303473E8,"fixedassenetw":3.5331557937E8,"fixedasseimpa":null,"fixedassenet":3.5331557937E8,"consprog":6.197510738E7,"engimate":0.0,"fixedasseclea":0.0,"prodasse":0.0,"comasse":null,"hydrasset":0.0,"intaasset":1.4627639033E8,"deveexpe":0.0,"goodwill":0.0,"logprepexpe":1.547052423E7,"tradshartrad":null,"defetaxasset":9756420.86,"othernoncasse":0.0,"noncasseitse":null,"noncasseform":null,"totalnoncassets":5.8871999699E8,"totassetitse":null,"totalasseform":null,"totasset":2.00384051401E9,"shorttermborr":1.47966045E8,"tradfinliab":0.0,"notespaya":0.0,"accopaya":2.1076332231E8,"advapaym":3.412312221E7,"copeworkersal":2.765544096E7,"taxespaya":-4.289341112E7,"intepaya":185775.13,"divipaya":0.0,"otherfeepaya":null,"margrequ":null,"intelpay":null,"otherpay":9430328.18,"accrexpe":null,"expecurrliab":0.0,"copewithreinrece":0.0,"inteticksett":null,"dometicksett":null,"defereve":null,"shorttermbdspaya":null,"duenoncliab":0.0,"othercurreliabi":0.0,"currliabitse":null,"currliabform":null,"totalcurrliab":3.8723062267E8,"longborr":0.0,"bdspaya":0.0,"longpaya":0.0,"specpaya":0.0,"expenoncliab":null,"longdefeinco":null,"defeincotaxliab":0.0,"othernoncliabi":9639887.73,"longliabitse":null,"longliabform":null,"totalnoncliab":9639887.73,"totliabitse":null,"totliabform":null,"totliab":3.968705104E8,"paidincapi":2.4E8,"capisurp":1.05269071761E9,"treastk":0.0,"specrese":0.0,"rese":1.830919017E7,"generiskrese":0.0,"unreinveloss":null,"undiprof":2.5870092849E8,"topaycashdivi":null,"curtrandiff":0.0,"sharrighitse":null,"sharrightform":null,"paresharrigh":1.56970083627E9,"minysharrigh":3.726916734E7,"righaggritse":null,"rightaggrform":null,"righaggr":1.60697000361E9,"rightotitse":null,"rightotform":null,"totliabsharequi":2.00384051401E9,"settresedepo":null,"plac":null,"derifinaasset":null,"reinrece":0.0,"reincontrese":0.0,"purcresaasset":0.0,"cenbankborr":0.0,"deposit":0.0,"fdsborr":0.0,"deriliab":null,"sellrepasse":0.0,"copepoun":0.0,"insucontrese":0.0,"actitradsecu":0.0,"actiundesecu":0.0},{"compcode":"80140710","publishdate":"20120424","reportdate":"20120331","reporttype":"100111","adjustdate":"20120424","accstacode":"2","accstaname":"新会计准则","curfds":4.1629019735E8,"tradfinasset":1272921.0,"notesrece":8.123572961E7,"accorece":3.513664333E8,"prep":1.0542429052E8,"premrece":null,"interece":830308.03,"dividrece":null,"otherrece":1.150098663E7,"expotaxrebarece":null,"subsrece":null,"margrece":null,"intelrece":null,"inve":5.3368445083E8,"prepexpe":null,"unseg":null,"expinoncurrasset":null,"othercurrasse":null,"currassetitse":null,"currasseform":null,"totcurrasset":1.50160531727E9,"lendandloan":null,"avaisellasse":null,"holdinvedue":null,"longrece":null,"equiinve":null,"otherlonginve":null,"inveprop":1952834.36,"fixedasseimmo":null,"accudepr":null,"fixedassenetw":null,"fixedasseimpa":null,"fixedassenet":3.3995313089E8,"consprog":6.43422871E7,"engimate":null,"fixedasseclea":null,"prodasse":null,"comasse":null,"hydrasset":null,"intaasset":1.2092025956E8,"deveexpe":null,"goodwill":null,"logprepexpe":1.023126247E7,"tradshartrad":null,"defetaxasset":7860326.05,"othernoncasse":null,"noncasseitse":null,"noncasseform":null,"totalnoncassets":5.4526010043E8,"totassetitse":null,"totalasseform":null,"totasset":2.0468654177E9,"shorttermborr":1.811772E8,"tradfinliab":null,"notespaya":50000.0,"accopaya":2.0390061419E8,"advapaym":3.675119814E7,"copeworkersal":2.147589848E7,"taxespaya":-2.816942646E7,"intepaya":191979.32,"divipaya":null,"otherfeepaya":null,"margrequ":null,"intelpay":null,"otherpay":1.597233189E7,"accrexpe":null,"expecurrliab":null,"copewithreinrece":null,"inteticksett":null,"dometicksett":null,"defereve":null,"shorttermbdspaya":null,"duenoncliab":null,"othercurreliabi":null,"currliabitse":null,"currliabform":null,"totalcurrliab":4.3134979556E8,"longborr":null,"bdspaya":null,"longpaya":null,"specpaya":null,"expenoncliab":null,"longdefeinco":null,"defeincotaxliab":190938.15,"othernoncliabi":9973734.34,"longliabitse":null,"longliabform":null,"totalnoncliab":1.016467249E7,"totliabitse":null,"totliabform":null,"totliab":4.4151446805E8,"paidincapi":2.4E8,"capisurp":1.05269071761E9,"treastk":null,"specrese":null,"rese":1.830919017E7,"generiskrese":null,"unreinveloss":null,"undiprof":2.5868220381E8,"topaycashdivi":null,"curtrandiff":null,"sharrighitse":null,"sharrightform":null,"paresharrigh":1.56968211159E9,"minysharrigh":3.566883806E7,"righaggritse":null,"rightaggrform":null,"righaggr":1.60535094965E9,"rightotitse":null,"rightotform":null,"totliabsharequi":2.0468654177E9,"settresedepo":null,"plac":null,"derifinaasset":null,"reinrece":null,"reincontrese":null,"purcresaasset":null,"cenbankborr":null,"deposit":null,"fdsborr":null,"deriliab":null,"sellrepasse":null,"copepoun":null,"insucontrese":null,"actitradsecu":null,"actiundesecu":null},{"compcode":"80140710","publishdate":"20120424","reportdate":"20111231","reporttype":"100111","adjustdate":"20120424","accstacode":"2","accstaname":"新会计准则","curfds":4.0787311498E8,"tradfinasset":3717793.5,"notesrece":4.131825876E7,"accorece":4.4744708101E8,"prep":8.083197376E7,"premrece":null,"interece":800855.13,"dividrece":null,"otherrece":7068520.35,"expotaxrebarece":null,"subsrece":null,"margrece":null,"intelrece":null,"inve":5.7194590475E8,"prepexpe":null,"unseg":null,"expinoncurrasset":null,"othercurrasse":null,"currassetitse":null,"currasseform":null,"totcurrasset":1.56100350224E9,"lendandloan":null,"avaisellasse":null,"holdinvedue":null,"longrece":null,"equiinve":null,"otherlonginve":null,"inveprop":1979693.9,"fixedasseimmo":5.296966915E8,"accudepr":1.8413063336E8,"fixedassenetw":3.4556605814E8,"fixedasseimpa":null,"fixedassenet":3.4556605814E8,"consprog":4.503102447E7,"engimate":null,"fixedasseclea":null,"prodasse":null,"comasse":null,"hydrasset":null,"intaasset":1.2160977176E8,"deveexpe":null,"goodwill":null,"logprepexpe":1.184296238E7,"tradshartrad":null,"defetaxasset":8685686.9,"othernoncasse":null,"noncasseitse":null,"noncasseform":null,"totalnoncassets":5.3471519755E8,"totassetitse":null,"totalasseform":null,"totasset":2.09571869979E9,"shorttermborr":2.0505765E8,"tradfinliab":null,"notespaya":50000.0,"accopaya":2.5661604493E8,"advapaym":2.567596364E7,"copeworkersal":2.626420237E7,"taxespaya":-2.686248727E7,"intepaya":363183.78,"divipaya":null,"otherfeepaya":null,"margrequ":null,"intelpay":null,"otherpay":9397839.48,"accrexpe":null,"expecurrliab":null,"copewithreinrece":null,"inteticksett":null,"dometicksett":null,"defereve":null,"shorttermbdspaya":null,"duenoncliab":null,"othercurreliabi":null,"currliabitse":null,"currliabform":null,"totalcurrliab":4.9656239693E8,"longborr":null,"bdspaya":null,"longpaya":null,"specpaya":null,"expenoncliab":null,"longdefeinco":null,"defeincotaxliab":557669.03,"othernoncliabi":1.030758103E7,"longliabitse":null,"longliabform":null,"totalnoncliab":1.086525006E7,"totliabitse":null,"totliabform":null,"totliab":5.0742764699E8,"paidincapi":2.4E8,"capisurp":1.05269071761E9,"treastk":null,"specrese":null,"rese":1.830919017E7,"generiskrese":null,"unreinveloss":null,"undiprof":2.4214228798E8,"topaycashdivi":null,"curtrandiff":null,"sharrighitse":null,"sharrightform":null,"paresharrigh":1.55314219576E9,"minysharrigh":3.514885704E7,"righaggritse":null,"rightaggrform":null,"righaggr":1.5882910528E9,"rightotitse":null,"rightotform":null,"totliabsharequi":2.09571869979E9,"settresedepo":null,"plac":null,"derifinaasset":null,"reinrece":null,"reincontrese":null,"purcresaasset":null,"cenbankborr":null,"deposit":null,"fdsborr":null,"deriliab":null,"sellrepasse":null,"copepoun":null,"insucontrese":null,"actitradsecu":null,"actiundesecu":null},{"compcode":"80140710","publishdate":"20111022","reportdate":"20110930","reporttype":"100111","adjustdate":"20111022","accstacode":"2","accstaname":"新会计准则","curfds":2.9464548375E8,"tradfinasset":7076470.5,"notesrece":3.756915031E7,"accorece":4.5125617514E8,"prep":2.0051836912E8,"premrece":null,"interece":342479.36,"dividrece":null,"otherrece":1.549168975E7,"expotaxrebarece":null,"subsrece":null,"margrece":null,"intelrece":null,"inve":6.0822140844E8,"prepexpe":null,"unseg":null,"expinoncurrasset":null,"othercurrasse":null,"currassetitse":null,"currasseform":null,"totcurrasset":1.61512122637E9,"lendandloan":null,"avaisellasse":null,"holdinvedue":null,"longrece":null,"equiinve":null,"otherlonginve":null,"inveprop":2006553.44,"fixedasseimmo":null,"accudepr":null,"fixedassenetw":null,"fixedasseimpa":null,"fixedassenet":3.1481322375E8,"consprog":3.698792077E7,"engimate":null,"fixedasseclea":null,"prodasse":null,"comasse":null,"hydrasset":null,"intaasset":6.644510569E7,"deveexpe":null,"goodwill":null,"logprepexpe":5913320.57,"tradshartrad":null,"defetaxasset":7125557.25,"othernoncasse":null,"noncasseitse":null,"noncasseform":null,"totalnoncassets":4.3329168147E8,"totassetitse":null,"totalasseform":null,"totasset":2.04841290784E9,"shorttermborr":1.94573025E8,"tradfinliab":null,"notespaya":null,"accopaya":2.5742700589E8,"advapaym":3.8343198E7,"copeworkersal":2.668234783E7,"taxespaya":-3.493173098E7,"intepaya":500024.25,"divipaya":null,"otherfeepaya":null,"margrequ":null,"intelpay":null,"otherpay":5949069.99,"accrexpe":null,"expecurrliab":null,"copewithreinrece":null,"inteticksett":null,"dometicksett":null,"defereve":null,"shorttermbdspaya":null,"duenoncliab":null,"othercurreliabi":null,"currliabitse":null,"currliabform":null,"totalcurrliab":4.8854293998E8,"longborr":null,"bdspaya":null,"longpaya":null,"specpaya":null,"expenoncliab":null,"longdefeinco":null,"defeincotaxliab":1061470.58,"othernoncliabi":9705050.23,"longliabitse":null,"longliabform":null,"totalnoncliab":1.076652081E7,"totliabitse":null,"totliabform":null,"totliab":4.9930946079E8,"paidincapi":2.4E8,"capisurp":1.05269071761E9,"treastk":null,"specrese":null,"rese":1.606605447E7,"generiskrese":null,"unreinveloss":null,"undiprof":2.1630473392E8,"topaycashdivi":null,"curtrandiff":null,"sharrighitse":null,"sharrightform":null,"paresharrigh":1.525061506E9,"minysharrigh":2.404194105E7,"righaggritse":null,"rightaggrform":null,"righaggr":1.54910344705E9,"rightotitse":null,"rightotform":null,"totliabsharequi":2.04841290784E9,"settresedepo":null,"plac":null,"derifinaasset":null,"reinrece":null,"reincontrese":null,"purcresaasset":null,"cenbankborr":null,"deposit":null,"fdsborr":null,"deriliab":null,"sellrepasse":null,"copepoun":null,"insucontrese":null,"actitradsecu":null,"actiundesecu":null},{"compcode":"80140710","publishdate":"20110826","reportdate":"20110630","reporttype":"100111","adjustdate":"20110826","accstacode":"2","accstaname":"新会计准则","curfds":3.4522021587E8,"tradfinasset":null,"notesrece":3.593576756E7,"accorece":4.4422192796E8,"prep":1.5583544104E8,"premrece":null,"interece":804835.25,"dividrece":null,"otherrece":1.892541611E7,"expotaxrebarece":null,"subsrece":null,"margrece":null,"intelrece":null,"inve":5.907495155E8,"prepexpe":null,"unseg":null,"expinoncurrasset":null,"othercurrasse":null,"currassetitse":null,"currasseform":null,"totcurrasset":1.59169311929E9,"lendandloan":null,"avaisellasse":null,"holdinvedue":null,"longrece":null,"equiinve":null,"otherlonginve":null,"inveprop":2033412.98,"fixedasseimmo":4.9241146326E8,"accudepr":1.7416260867E8,"fixedassenetw":3.1824885459E8,"fixedasseimpa":null,"fixedassenet":3.1824885459E8,"consprog":1.934082556E7,"engimate":null,"fixedasseclea":null,"prodasse":null,"comasse":null,"hydrasset":null,"intaasset":6.686747676E7,"deveexpe":null,"goodwill":null,"logprepexpe":5468023.03,"tradshartrad":null,"defetaxasset":7617494.11,"othernoncasse":null,"noncasseitse":null,"noncasseform":null,"totalnoncassets":4.1957608703E8,"totassetitse":null,"totalasseform":null,"totasset":2.01126920632E9,"shorttermborr":1.68106192E8,"tradfinliab":null,"notespaya":null,"accopaya":2.3817673022E8,"advapaym":3.516740562E7,"copeworkersal":2.793565026E7,"taxespaya":-2.879224755E7,"intepaya":222519.72,"divipaya":null,"otherfeepaya":null,"margrequ":null,"intelpay":null,"otherpay":9709881.69,"accrexpe":null,"expecurrliab":null,"copewithreinrece":null,"inteticksett":null,"dometicksett":null,"defereve":null,"shorttermbdspaya":null,"duenoncliab":null,"othercurreliabi":null,"currliabitse":null,"currliabform":null,"totalcurrliab":4.5052613196E8,"longborr":null,"bdspaya":null,"longpaya":null,"specpaya":null,"expenoncliab":null,"longdefeinco":null,"defeincotaxliab":null,"othernoncliabi":1.001358943E7,"longliabitse":null,"longliabform":null,"totalnoncliab":1.001358943E7,"totliabitse":null,"totliabform":null,"totliab":4.6053972139E8,"paidincapi":2.4E8,"capisurp":1.05269071761E9,"treastk":null,"specrese":null,"rese":1.606605447E7,"generiskrese":null,"unreinveloss":null,"undiprof":2.1662668556E8,"topaycashdivi":null,"curtrandiff":null,"sharrighitse":null,"sharrightform":null,"paresharrigh":1.52538345764E9,"minysharrigh":2.534602729E7,"righaggritse":null,"rightaggrform":null,"righaggr":1.55072948493E9,"rightotitse":null,"rightotform":null,"totliabsharequi":2.01126920632E9,"settresedepo":null,"plac":null,"derifinaasset":null,"reinrece":null,"reincontrese":null,"purcresaasset":null,"cenbankborr":null,"deposit":null,"fdsborr":null,"deriliab":null,"sellrepasse":null,"copepoun":null,"insucontrese":null,"actitradsecu":null,"actiundesecu":null},{"compcode":"80140710","publishdate":"20110427","reportdate":"20110331","reporttype":"100111","adjustdate":"20110427","accstacode":"2","accstaname":"新会计准则","curfds":4.3168154771E8,"tradfinasset":null,"notesrece":2.056147097E7,"accorece":4.0683654638E8,"prep":1.4610257131E8,"premrece":null,"interece":1925757.33,"dividrece":null,"otherrece":2.181205901E7,"expotaxrebarece":null,"subsrece":null,"margrece":null,"intelrece":null,"inve":5.5194341093E8,"prepexpe":null,"unseg":null,"expinoncurrasset":null,"othercurrasse":null,"currassetitse":null,"currasseform":null,"totcurrasset":1.58086336364E9,"lendandloan":null,"avaisellasse":null,"holdinvedue":null,"longrece":null,"equiinve":null,"otherlonginve":null,"inveprop":2060272.52,"fixedasseimmo":null,"accudepr":null,"fixedassenetw":null,"fixedasseimpa":null,"fixedassenet":3.2450208584E8,"consprog":1.242827596E7,"engimate":null,"fixedasseclea":null,"prodasse":null,"comasse":null,"hydrasset":null,"intaasset":6.730199672E7,"deveexpe":null,"goodwill":null,"logprepexpe":4914479.26,"tradshartrad":null,"defetaxasset":6912140.54,"othernoncasse":null,"noncasseitse":null,"noncasseform":null,"totalnoncassets":4.1811925084E8,"totassetitse":null,"totalasseform":null,"totasset":1.99898261448E9,"shorttermborr":8.0E7,"tradfinliab":null,"notespaya":4.0E7,"accopaya":2.4308452662E8,"advapaym":2.547055845E7,"copeworkersal":2.262674325E7,"taxespaya":-2.07603559E7,"intepaya":115622.22,"divipaya":null,"otherfeepaya":null,"margrequ":null,"intelpay":null,"otherpay":8175410.33,"accrexpe":null,"expecurrliab":null,"copewithreinrece":null,"inteticksett":null,"dometicksett":null,"defereve":null,"shorttermbdspaya":null,"duenoncliab":null,"othercurreliabi":null,"currliabitse":null,"currliabform":null,"totalcurrliab":3.9871250497E8,"longborr":null,"bdspaya":null,"longpaya":null,"specpaya":null,"expenoncliab":null,"longdefeinco":null,"defeincotaxliab":null,"othernoncliabi":1.032212863E7,"longliabitse":null,"longliabform":null,"totalnoncliab":1.032212863E7,"totliabitse":null,"totliabform":null,"totliab":4.090346336E8,"paidincapi":2.4E8,"capisurp":1.05269071761E9,"treastk":null,"specrese":null,"rese":1.606605447E7,"generiskrese":null,"unreinveloss":null,"undiprof":2.5681963824E8,"topaycashdivi":null,"curtrandiff":null,"sharrighitse":null,"sharrightform":null,"paresharrigh":1.56557641032E9,"minysharrigh":2.437157056E7,"righaggritse":null,"rightaggrform":null,"righaggr":1.58994798088E9,"rightotitse":null,"rightotform":null,"totliabsharequi":1.99898261448E9,"settresedepo":null,"plac":null,"derifinaasset":null,"reinrece":null,"reincontrese":null,"purcresaasset":null,"cenbankborr":null,"deposit":null,"fdsborr":null,"deriliab":null,"sellrepasse":null,"copepoun":null,"insucontrese":null,"actitradsecu":null,"actiundesecu":null},{"compcode":"80140710","publishdate":"20110422","reportdate":"20101231","reporttype":"100111","adjustdate":"20110422","accstacode":"2","accstaname":"新会计准则","curfds":4.7935564673E8,"tradfinasset":null,"notesrece":2.976067002E7,"accorece":4.1315015029E8,"prep":1.4631422555E8,"premrece":null,"interece":1543492.0,"dividrece":null,"otherrece":1.657148933E7,"expotaxrebarece":null,"subsrece":null,"margrece":null,"intelrece":null,"inve":5.6594112703E8,"prepexpe":null,"unseg":null,"expinoncurrasset":null,"othercurrasse":null,"currassetitse":null,"currasseform":null,"totcurrasset":1.65263680095E9,"lendandloan":null,"avaisellasse":null,"holdinvedue":null,"longrece":null,"equiinve":null,"otherlonginve":null,"inveprop":2087132.06,"fixedasseimmo":4.8838895185E8,"accudepr":1.569529781E8,"fixedassenetw":3.3143597375E8,"fixedasseimpa":null,"fixedassenet":3.3143597375E8,"consprog":9899622.34,"engimate":null,"fixedasseclea":null,"prodasse":null,"comasse":null,"hydrasset":null,"intaasset":6.743767439E7,"deveexpe":null,"goodwill":null,"logprepexpe":4732077.01,"tradshartrad":null,"defetaxasset":7384792.12,"othernoncasse":null,"noncasseitse":null,"noncasseform":null,"totalnoncassets":4.2297727167E8,"totassetitse":null,"totalasseform":null,"totasset":2.07561407262E9,"shorttermborr":6.0232487E7,"tradfinliab":null,"notespaya":1.0637E8,"accopaya":3.0509884562E8,"advapaym":2.924587354E7,"copeworkersal":2.218380923E7,"taxespaya":-2.862888555E7,"intepaya":38541.49,"divipaya":null,"otherfeepaya":null,"margrequ":null,"intelpay":null,"otherpay":5480289.08,"accrexpe":null,"expecurrliab":null,"copewithreinrece":null,"inteticksett":null,"dometicksett":null,"defereve":null,"shorttermbdspaya":null,"duenoncliab":null,"othercurreliabi":null,"currliabitse":null,"currliabform":null,"totalcurrliab":5.0002096041E8,"longborr":null,"bdspaya":null,"longpaya":null,"specpaya":null,"expenoncliab":null,"longdefeinco":null,"defeincotaxliab":null,"othernoncliabi":1.063066783E7,"longliabitse":null,"longliabform":null,"totalnoncliab":1.063066783E7,"totliabitse":null,"totliabform":null,"totliab":5.1065162824E8,"paidincapi":2.4E8,"capisurp":1.05269071761E9,"treastk":null,"specrese":null,"rese":1.606605447E7,"generiskrese":null,"unreinveloss":null,"undiprof":2.3223038114E8,"topaycashdivi":null,"curtrandiff":null,"sharrighitse":null,"sharrightform":null,"paresharrigh":1.54098715322E9,"minysharrigh":2.397529116E7,"righaggritse":null,"rightaggrform":null,"righaggr":1.56496244438E9,"rightotitse":null,"rightotform":null,"totliabsharequi":2.07561407262E9,"settresedepo":null,"plac":null,"derifinaasset":null,"reinrece":null,"reincontrese":null,"purcresaasset":null,"cenbankborr":null,"deposit":null,"fdsborr":null,"deriliab":null,"sellrepasse":null,"copepoun":null,"insucontrese":null,"actitradsecu":null,"actiundesecu":null},{"compcode":"80140710","publishdate":"20101023","reportdate":"20100930","reporttype":"100111","adjustdate":"20101023","accstacode":"2","accstaname":"新会计准则","curfds":4.8187853057E8,"tradfinasset":null,"notesrece":1.488502169E7,"accorece":4.0699825417E8,"prep":1.372253704E8,"premrece":null,"interece":null,"dividrece":null,"otherrece":1.789644635E7,"expotaxrebarece":null,"subsrece":null,"margrece":null,"intelrece":null,"inve":5.0833910991E8,"prepexpe":null,"unseg":null,"expinoncurrasset":null,"othercurrasse":4234634.38,"currassetitse":null,"currasseform":null,"totcurrasset":1.57145736747E9,"lendandloan":null,"avaisellasse":null,"holdinvedue":null,"longrece":null,"equiinve":null,"otherlonginve":null,"inveprop":null,"fixedasseimmo":null,"accudepr":null,"fixedassenetw":null,"fixedasseimpa":null,"fixedassenet":3.0206609467E8,"consprog":8337914.32,"engimate":null,"fixedasseclea":null,"prodasse":null,"comasse":null,"hydrasset":null,"intaasset":6.792629476E7,"deveexpe":null,"goodwill":null,"logprepexpe":5076258.84,"tradshartrad":null,"defetaxasset":6096690.57,"othernoncasse":null,"noncasseitse":null,"noncasseform":null,"totalnoncassets":3.8950325316E8,"totassetitse":null,"totalasseform":null,"totasset":1.96096062063E9,"shorttermborr":2.6335323E7,"tradfinliab":null,"notespaya":7.547E7,"accopaya":2.5994252951E8,"advapaym":3.000052004E7,"copeworkersal":2.387848527E7,"taxespaya":-2.2568763E7,"intepaya":85393.87,"divipaya":null,"otherfeepaya":null,"margrequ":null,"intelpay":null,"otherpay":1.293650435E7,"accrexpe":null,"expecurrliab":null,"copewithreinrece":null,"inteticksett":null,"dometicksett":null,"defereve":null,"shorttermbdspaya":null,"duenoncliab":null,"othercurreliabi":null,"currliabitse":null,"currliabform":null,"totalcurrliab":4.0607999304E8,"longborr":null,"bdspaya":null,"longpaya":null,"specpaya":null,"expenoncliab":null,"longdefeinco":null,"defeincotaxliab":null,"othernoncliabi":1.09440935E7,"longliabitse":null,"longliabform":null,"totalnoncliab":1.09440935E7,"totliabitse":null,"totliabform":null,"totliab":4.1702408654E8,"paidincapi":2.4E8,"capisurp":1.04374221761E9,"treastk":null,"specrese":null,"rese":1.220238105E7,"generiskrese":null,"unreinveloss":null,"undiprof":2.2558953194E8,"topaycashdivi":null,"curtrandiff":null,"sharrighitse":null,"sharrightform":null,"paresharrigh":1.5215341306E9,"minysharrigh":2.240240349E7,"righaggritse":null,"rightaggrform":null,"righaggr":1.54393653409E9,"rightotitse":null,"rightotform":null,"totliabsharequi":1.96096062063E9,"settresedepo":null,"plac":null,"derifinaasset":null,"reinrece":null,"reincontrese":null,"purcresaasset":null,"cenbankborr":null,"deposit":null,"fdsborr":null,"deriliab":null,"sellrepasse":null,"copepoun":null,"insucontrese":null,"actitradsecu":null,"actiundesecu":null},{"compcode":"80140710","publishdate":"20100820","reportdate":"20100630","reporttype":"100111","adjustdate":"19000101","accstacode":"2","accstaname":"新会计准则","curfds":7.8439149554E8,"tradfinasset":0.0,"notesrece":1.160905718E7,"accorece":3.9678855996E8,"prep":5.834331141E7,"premrece":0.0,"interece":0.0,"dividrece":0.0,"otherrece":9390029.85,"expotaxrebarece":0.0,"subsrece":0.0,"margrece":0.0,"intelrece":0.0,"inve":4.506475509E8,"prepexpe":0.0,"unseg":0.0,"expinoncurrasset":0.0,"othercurrasse":0.0,"currassetitse":null,"currasseform":null,"totcurrasset":1.71117000484E9,"lendandloan":0.0,"avaisellasse":0.0,"holdinvedue":0.0,"longrece":0.0,"equiinve":0.0,"otherlonginve":0.0,"inveprop":0.0,"fixedasseimmo":4.3733421466E8,"accudepr":1.4312175332E8,"fixedassenetw":2.9421246134E8,"fixedasseimpa":0.0,"fixedassenet":2.9421246134E8,"consprog":6674816.65,"engimate":0.0,"fixedasseclea":0.0,"prodasse":0.0,"comasse":0.0,"hydrasset":0.0,"intaasset":6.835658457E7,"deveexpe":0.0,"goodwill":0.0,"logprepexpe":4886111.48,"tradshartrad":0.0,"defetaxasset":5518277.0,"othernoncasse":0.0,"noncasseitse":null,"noncasseform":null,"totalnoncassets":3.7964825104E8,"totassetitse":null,"totalasseform":null,"totasset":2.09081825588E9,"shorttermborr":1.3816147459E8,"tradfinliab":0.0,"notespaya":7.40085585E7,"accopaya":2.1760726096E8,"advapaym":2.83842347E7,"copeworkersal":2.790460616E7,"taxespaya":-2.642824678E7,"intepaya":387327.69,"divipaya":0.0,"otherfeepaya":0.0,"margrequ":0.0,"intelpay":0.0,"otherpay":1.561186697E7,"accrexpe":0.0,"expecurrliab":0.0,"copewithreinrece":0.0,"inteticksett":0.0,"dometicksett":0.0,"defereve":0.0,"shorttermbdspaya":0.0,"duenoncliab":0.0,"othercurreliabi":0.0,"currliabitse":null,"currliabform":null,"totalcurrliab":4.7563708279E8,"longborr":8.0E7,"bdspaya":0.0,"longpaya":0.0,"specpaya":0.0,"expenoncliab":0.0,"longdefeinco":0.0,"defeincotaxliab":0.0,"othernoncliabi":1.017812189E7,"longliabitse":null,"longliabform":null,"totalnoncliab":9.017812189E7,"totliabitse":null,"totliabform":null,"totliab":5.6581520468E8,"paidincapi":2.4E8,"capisurp":1.04374221761E9,"treastk":0.0,"specrese":0.0,"rese":1.220238105E7,"generiskrese":0.0,"unreinveloss":0.0,"undiprof":2.0794285683E8,"topaycashdivi":0.0,"curtrandiff":0.0,"sharrighitse":null,"sharrightform":null,"paresharrigh":1.50388745549E9,"minysharrigh":2.111559571E7,"righaggritse":null,"rightaggrform":null,"righaggr":1.5250030512E9,"rightotitse":null,"rightotform":null,"totliabsharequi":2.09081825588E9,"settresedepo":0.0,"plac":0.0,"derifinaasset":0.0,"reinrece":0.0,"reincontrese":0.0,"purcresaasset":0.0,"cenbankborr":0.0,"deposit":0.0,"fdsborr":0.0,"deriliab":0.0,"sellrepasse":0.0,"copepoun":0.0,"insucontrese":0.0,"actitradsecu":0.0,"actiundesecu":0.0},{"compcode":"80140710","publishdate":"20100510","reportdate":"20100331","reporttype":"100111","adjustdate":"19000101","accstacode":"2","accstaname":"新会计准则","curfds":1.5150991582E8,"tradfinasset":2737500.0,"notesrece":6125405.48,"accorece":3.527169177E8,"prep":6.576080393E7,"premrece":0.0,"interece":0.0,"dividrece":0.0,"otherrece":1.397818882E7,"expotaxrebarece":0.0,"subsrece":0.0,"margrece":0.0,"intelrece":0.0,"inve":4.4087008673E8,"prepexpe":0.0,"unseg":0.0,"expinoncurrasset":0.0,"othercurrasse":0.0,"currassetitse":null,"currasseform":null,"totcurrasset":1.03369881848E9,"lendandloan":0.0,"avaisellasse":0.0,"holdinvedue":0.0,"longrece":0.0,"equiinve":0.0,"otherlonginve":0.0,"inveprop":0.0,"fixedasseimmo":0.0,"accudepr":0.0,"fixedassenetw":0.0,"fixedasseimpa":0.0,"fixedassenet":2.9570294522E8,"consprog":1427211.82,"engimate":0.0,"fixedasseclea":0.0,"prodasse":0.0,"comasse":0.0,"hydrasset":0.0,"intaasset":6.879679025E7,"deveexpe":0.0,"goodwill":0.0,"logprepexpe":5236207.04,"tradshartrad":0.0,"defetaxasset":5103951.38,"othernoncasse":0.0,"noncasseitse":null,"noncasseform":null,"totalnoncassets":3.7626710571E8,"totassetitse":null,"totalasseform":null,"totasset":1.40996592419E9,"shorttermborr":5.1786499424E8,"tradfinliab":0.0,"notespaya":1.2999995009E8,"accopaya":2.078463531E8,"advapaym":3.424711126E7,"copeworkersal":2.546375593E7,"taxespaya":-3.1142816E7,"intepaya":820098.94,"divipaya":0.0,"otherfeepaya":0.0,"margrequ":0.0,"intelpay":0.0,"otherpay":1.126951688E7,"accrexpe":0.0,"expecurrliab":0.0,"copewithreinrece":0.0,"inteticksett":0.0,"dometicksett":0.0,"defereve":0.0,"shorttermbdspaya":0.0,"duenoncliab":0.0,"othercurreliabi":0.0,"currliabitse":null,"currliabform":null,"totalcurrliab":8.9636896444E8,"longborr":8.0E7,"bdspaya":0.0,"longpaya":0.0,"specpaya":0.0,"expenoncliab":0.0,"longdefeinco":0.0,"defeincotaxliab":311812.5,"othernoncliabi":3577079.97,"longliabitse":null,"longliabform":null,"totalnoncliab":8.388889247E7,"totliabitse":null,"totliabform":null,"totliab":9.8025785691E8,"paidincapi":1.8E8,"capisurp":2.112421761E7,"treastk":0.0,"specrese":0.0,"rese":1.220238105E7,"generiskrese":0.0,"unreinveloss":0.0,"undiprof":1.9573346524E8,"topaycashdivi":0.0,"curtrandiff":0.0,"sharrighitse":null,"sharrightform":null,"paresharrigh":4.090600639E8,"minysharrigh":2.064800338E7,"righaggritse":null,"rightaggrform":null,"righaggr":4.2970806728E8,"rightotitse":null,"rightotform":null,"totliabsharequi":1.40996592419E9,"settresedepo":0.0,"plac":0.0,"derifinaasset":0.0,"reinrece":0.0,"reincontrese":0.0,"purcresaasset":0.0,"cenbankborr":0.0,"deposit":0.0,"fdsborr":0.0,"deriliab":0.0,"sellrepasse":0.0,"copepoun":0.0,"insucontrese":0.0,"actitradsecu":0.0,"actiundesecu":0.0},{"compcode":"80140710","publishdate":"20100420","reportdate":"20091231","reporttype":"100111","adjustdate":"19000101","accstacode":"2","accstaname":"新会计准则","curfds":1.3606702645E8,"tradfinasset":3686825.0,"notesrece":3574408.47,"accorece":3.7519050883E8,"prep":3.407707449E7,"premrece":0.0,"interece":0.0,"dividrece":0.0,"otherrece":1.264572155E7,"expotaxrebarece":0.0,"subsrece":0.0,"margrece":0.0,"intelrece":0.0,"inve":4.3022049376E8,"prepexpe":0.0,"unseg":0.0,"expinoncurrasset":0.0,"othercurrasse":0.0,"currassetitse":null,"currasseform":null,"totcurrasset":9.9546205855E8,"lendandloan":0.0,"avaisellasse":0.0,"holdinvedue":0.0,"longrece":0.0,"equiinve":0.0,"otherlonginve":0.0,"inveprop":0.0,"fixedasseimmo":4.3132431613E8,"accudepr":1.2623230631E8,"fixedassenetw":3.0509200982E8,"fixedasseimpa":0.0,"fixedassenet":3.0509200982E8,"consprog":791082.7,"engimate":0.0,"fixedasseclea":0.0,"prodasse":0.0,"comasse":0.0,"hydrasset":0.0,"intaasset":6.931740957E7,"deveexpe":0.0,"goodwill":0.0,"logprepexpe":5926189.85,"tradshartrad":0.0,"defetaxasset":5055780.46,"othernoncasse":0.0,"noncasseitse":null,"noncasseform":null,"totalnoncassets":3.861824724E8,"totassetitse":null,"totalasseform":null,"totasset":1.38164453095E9,"shorttermborr":4.58733526E8,"tradfinliab":0.0,"notespaya":1.2E8,"accopaya":2.6048674579E8,"advapaym":2.861572912E7,"copeworkersal":2.864716846E7,"taxespaya":-2.392462143E7,"intepaya":512423.61,"divipaya":0.0,"otherfeepaya":0.0,"margrequ":0.0,"intelpay":0.0,"otherpay":8524082.68,"accrexpe":0.0,"expecurrliab":0.0,"copewithreinrece":0.0,"inteticksett":0.0,"dometicksett":0.0,"defereve":0.0,"shorttermbdspaya":0.0,"duenoncliab":9.0E7,"othercurreliabi":0.0,"currliabitse":null,"currliabform":null,"totalcurrliab":9.7159505423E8,"longborr":0.0,"bdspaya":0.0,"longpaya":0.0,"specpaya":0.0,"expenoncliab":0.0,"longdefeinco":0.0,"defeincotaxliab":486937.5,"othernoncliabi":3165009.98,"longliabitse":null,"longliabform":null,"totalnoncliab":3651947.48,"totliabitse":null,"totliabform":null,"totliab":9.7524700171E8,"paidincapi":1.8E8,"capisurp":2.112421761E7,"treastk":0.0,"specrese":0.0,"rese":1.220238105E7,"generiskrese":0.0,"unreinveloss":0.0,"undiprof":1.7385716762E8,"topaycashdivi":0.0,"curtrandiff":0.0,"sharrighitse":null,"sharrightform":null,"paresharrigh":3.8718376628E8,"minysharrigh":1.921376296E7,"righaggritse":null,"rightaggrform":null,"righaggr":4.0639752924E8,"rightotitse":null,"rightotform":null,"totliabsharequi":1.38164453095E9,"settresedepo":0.0,"plac":0.0,"derifinaasset":0.0,"reinrece":0.0,"reincontrese":0.0,"purcresaasset":0.0,"cenbankborr":0.0,"deposit":0.0,"fdsborr":0.0,"deriliab":0.0,"sellrepasse":0.0,"copepoun":0.0,"insucontrese":0.0,"actitradsecu":0.0,"actiundesecu":0.0},{"compcode":"80140710","publishdate":"20100420","reportdate":"20081231","reporttype":"100111","adjustdate":"19000101","accstacode":"2","accstaname":"新会计准则","curfds":1.8194809378E8,"tradfinasset":1414787.5,"notesrece":964018.0,"accorece":3.1070879116E8,"prep":2.671914922E7,"premrece":0.0,"interece":0.0,"dividrece":0.0,"otherrece":1.212435303E7,"expotaxrebarece":0.0,"subsrece":0.0,"margrece":0.0,"intelrece":0.0,"inve":3.5479172816E8,"prepexpe":0.0,"unseg":0.0,"expinoncurrasset":0.0,"othercurrasse":0.0,"currassetitse":null,"currasseform":null,"totcurrasset":8.8867092085E8,"lendandloan":0.0,"avaisellasse":0.0,"holdinvedue":0.0,"longrece":0.0,"equiinve":0.0,"otherlonginve":0.0,"inveprop":0.0,"fixedasseimmo":3.8697033637E8,"accudepr":9.600307001E7,"fixedassenetw":2.9096726636E8,"fixedasseimpa":0.0,"fixedassenet":2.9096726636E8,"consprog":5344106.12,"engimate":0.0,"fixedasseclea":0.0,"prodasse":0.0,"comasse":0.0,"hydrasset":0.0,"intaasset":4.728374736E7,"deveexpe":0.0,"goodwill":0.0,"logprepexpe":1003000.0,"tradshartrad":0.0,"defetaxasset":5908934.6,"othernoncasse":0.0,"noncasseitse":null,"noncasseform":null,"totalnoncassets":3.5050705444E8,"totassetitse":null,"totalasseform":null,"totasset":1.23917797529E9,"shorttermborr":3.425557235E8,"tradfinliab":0.0,"notespaya":1.508E8,"accopaya":2.0931739762E8,"advapaym":2.376414545E7,"copeworkersal":2.362763359E7,"taxespaya":-1.537829978E7,"intepaya":1057717.66,"divipaya":0.0,"otherfeepaya":0.0,"margrequ":0.0,"intelpay":0.0,"otherpay":1.241979799E7,"accrexpe":0.0,"expecurrliab":0.0,"copewithreinrece":0.0,"inteticksett":0.0,"dometicksett":0.0,"defereve":0.0,"shorttermbdspaya":0.0,"duenoncliab":8.3E7,"othercurreliabi":0.0,"currliabitse":null,"currliabform":null,"totalcurrliab":8.3116411603E8,"longborr":9.0E7,"bdspaya":0.0,"longpaya":0.0,"specpaya":0.0,"expenoncliab":0.0,"longdefeinco":0.0,"defeincotaxliab":0.0,"othernoncliabi":0.0,"longliabitse":null,"longliabform":null,"totalnoncliab":9.0E7,"totliabitse":null,"totliabform":null,"totliab":9.2116411603E8,"paidincapi":1.8E8,"capisurp":2.112421761E7,"treastk":0.0,"specrese":0.0,"rese":6366746.8,"generiskrese":0.0,"unreinveloss":0.0,"undiprof":9.58620662E7,"topaycashdivi":0.0,"curtrandiff":0.0,"sharrighitse":null,"sharrightform":null,"paresharrigh":3.0335303061E8,"minysharrigh":1.466082865E7,"righaggritse":null,"rightaggrform":null,"righaggr":3.1801385926E8,"rightotitse":null,"rightotform":null,"totliabsharequi":1.23917797529E9,"settresedepo":0.0,"plac":0.0,"derifinaasset":0.0,"reinrece":0.0,"reincontrese":0.0,"purcresaasset":0.0,"cenbankborr":0.0,"deposit":0.0,"fdsborr":0.0,"deriliab":0.0,"sellrepasse":0.0,"copepoun":0.0,"insucontrese":0.0,"actitradsecu":0.0,"actiundesecu":0.0},{"compcode":"80140710","publishdate":"20100420","reportdate":"20071231","reporttype":"100111","adjustdate":"19000101","accstacode":"2","accstaname":"新会计准则","curfds":7.907813557E7,"tradfinasset":0.0,"notesrece":4081362.0,"accorece":2.4752241301E8,"prep":2.07064366E7,"premrece":null,"interece":null,"dividrece":null,"otherrece":6.651399253E7,"expotaxrebarece":null,"subsrece":null,"margrece":null,"intelrece":null,"inve":4.2479999979E8,"prepexpe":null,"unseg":null,"expinoncurrasset":null,"othercurrasse":null,"currassetitse":null,"currasseform":null,"totcurrasset":8.427023395E8,"lendandloan":null,"avaisellasse":null,"holdinvedue":null,"longrece":null,"equiinve":null,"otherlonginve":null,"inveprop":null,"fixedasseimmo":null,"accudepr":null,"fixedassenetw":null,"fixedasseimpa":null,"fixedassenet":1.9747205183E8,"consprog":2.171239224E7,"engimate":193626.44,"fixedasseclea":null,"prodasse":null,"comasse":null,"hydrasset":null,"intaasset":3.294052995E7,"deveexpe":null,"goodwill":null,"logprepexpe":3374785.79,"tradshartrad":null,"defetaxasset":9723534.21,"othernoncasse":null,"noncasseitse":null,"noncasseform":null,"totalnoncassets":2.6541692046E8,"totassetitse":null,"totalasseform":null,"totasset":1.10811925996E9,"shorttermborr":2.9938765085E8,"tradfinliab":null,"notespaya":8.922745E7,"accopaya":1.7204437749E8,"advapaym":1.871402736E7,"copeworkersal":2.796339924E7,"taxespaya":-5199605.95,"intepaya":1245790.79,"divipaya":1.635074585E7,"otherfeepaya":null,"margrequ":null,"intelpay":null,"otherpay":7.83359035E7,"accrexpe":null,"expecurrliab":null,"copewithreinrece":null,"inteticksett":null,"dometicksett":null,"defereve":null,"shorttermbdspaya":null,"duenoncliab":0.0,"othercurreliabi":null,"currliabitse":null,"currliabform":null,"totalcurrliab":6.9806973913E8,"longborr":1.73E8,"bdspaya":null,"longpaya":null,"specpaya":null,"expenoncliab":null,"longdefeinco":null,"defeincotaxliab":0.0,"othernoncliabi":0.0,"longliabitse":null,"longliabform":null,"totalnoncliab":1.73E8,"totliabitse":null,"totliabform":null,"totliab":8.7106973913E8,"paidincapi":1.8E8,"capisurp":2.112421761E7,"treastk":null,"specrese":null,"rese":649173.93,"generiskrese":null,"unreinveloss":null,"undiprof":2.632578762E7,"topaycashdivi":null,"curtrandiff":null,"sharrighitse":null,"sharrightform":null,"paresharrigh":2.2809917916E8,"minysharrigh":8950341.67,"righaggritse":null,"rightaggrform":null,"righaggr":2.3704952083E8,"rightotitse":null,"rightotform":null,"totliabsharequi":1.10811925996E9,"settresedepo":null,"plac":null,"derifinaasset":null,"reinrece":null,"reincontrese":null,"purcresaasset":null,"cenbankborr":null,"deposit":null,"fdsborr":null,"deriliab":null,"sellrepasse":null,"copepoun":null,"insucontrese":null,"actitradsecu":null,"actiundesecu":null}],"comptype":4,"name":"爱仕达"}