{"SH603919":{"symbol":"SH603919","exchange":"SH","code":"603919","name":"金徽酒","current":"17.13","percentage":"-1.89","change":"-0.33","open":"17.37","high":"17.37","low":"17.08","close":"17.13","last_close":"17.46","high52week":"23.54","low52week":"16.51","volume":"1243028.0","lot_volume":"12430.28","volumeAverage":"0","marketCapital":"6.23532E9","eps":"0.49","pe_ttm":"26.179","pe_lyr":"28.104","beta":"0.0","totalShares":"364000000","time":"Tue Mar 20 14:59:46 +0800 2018","afterHours":"0.0","afterHoursPct":"0.0","afterHoursChg":"0.0","updateAt":"1493004632873","dividend":"0.24","yield":"1.4","turnover_rate":"1.07%","instOwn":"0.0","rise_stop":"19.21","fall_stop":"15.71","currency_unit":"CNY","amount":"2.1323949E7","net_assets":"4.8108","hasexist":"","has_warrant":"0","type":"11","flag":"1","rest_day":"","amplitude":"1.66%","market_status":"已收盘","lot_size":"100","min_order_quantity":"0","max_order_quantity":"0","tick_size":"0.01","variable_tick_size":"","kzz_stock_symbol":"","kzz_stock_name":"","kzz_stock_current":"0.0","kzz_convert_price":"0.0","kzz_covert_value":"0.0","kzz_cpr":"0.0","kzz_putback_price":"0.0","kzz_convert_time":"","kzz_redempt_price":"0.0","kzz_straight_price":"0.0","kzz_stock_percent":"","pb":"3.56","benefit_before_tax":"0.0","benefit_after_tax":"0.0","convert_bond_ratio":"","totalissuescale":"","outstandingamt":"","maturitydate":"","remain_year":"","convertrate":"0.0","interestrtmemo":"","release_date":"","circulation":"0.0","par_value":"0.0","due_time":"0.0","value_date":"","due_date":"","publisher":"","redeem_type":"F","issue_type":"","bond_type":"","warrant":"","sale_rrg":"","rate":"","after_hour_vol":"0","float_shares":"115838449","float_market_capital":"1.98431263137E9","disnext_pay_date":"","convert_rate":"0.0","volume_ratio":"0.87","percent5m":"0.0","pankou_ratio":"24.93%","psr":"4.8245"}}