{"list":[{"compcode":"80400931","publishdate":"20171027","begindate":"20170101","enddate":"20170930","reporttype":"100111","adjustdate":"20171027","accstacode":"2","accstaname":"新会计准则","laborgetcash":8.246471844E8,"deponetr":null,"bankloannetincr":null,"fininstnetr":null,"inspremcash":null,"insnetc":null,"savinetr":null,"disptradnetincr":null,"charintecash":null,"fdsborrnetr":null,"repnetincr":null,"taxrefd":null,"receotherbizcash":1.789131429E7,"bizinflitse":null,"bizinflform":null,"bizcashinfl":8.4253849869E8,"labopayc":3.8966577608E8,"loansnetr":null,"tradepaymnetr":null,"paycompgold":null,"payintecash":null,"paydivicash":null,"payworkcash":1.2901027749E8,"paytax":2.4447644556E8,"payacticash":1.1824632673E8,"bizoutfitse":null,"bizoutfform":null,"bizcashoutf":8.8139882586E8,"biznetitse":null,"biznetform":null,"mananetr":-3.886032717E7,"withinvgetcash":3.0E8,"inveretugetcash":2287835.2,"fixedassetnetc":260625.45,"subsnetc":null,"receinvcash":null,"reducashpled":null,"invinflitse":null,"invinffrom":null,"invcashinfl":3.0254846065E8,"acquassetcash":1.6974465368E8,"invpayc":null,"loannetr":null,"subspaynetcash":null,"payinvecash":2.0E8,"incrcashpled":null,"invoutfitse":null,"invoutfform":null,"invcashoutf":3.6974465368E8,"netinvitse":null,"netinvform":null,"invnetcashflow":-6.719619303E7,"invrececash":null,"subsrececash":null,"recefromloan":2000000.0,"issbdrececash":null,"recefincash":null,"fininflitse":null,"fininflform":null,"fincashinfl":2000000.0,"debtpaycash":1.4E7,"diviprofpaycash":6.725693333E7,"subspaydivid":null,"finrelacash":null,"finoutfitse":null,"finoutfform":null,"fincashoutf":8.125693333E7,"finnetitse":null,"finnetform":null,"finnetcflow":-7.925693333E7,"chgexchgchgs":null,"netcashitse":null,"netcashform":null,"cashnetr":-1.8531345353E8,"inicashbala":4.7824066267E8,"cashfinalitse":null,"cashfinalform":null,"finalcashbala":2.9292720914E8,"netprofit":null,"minysharrigh":null,"unreinveloss":null,"asseimpa":null,"assedepr":null,"realestadep":null,"intaasseamor":null,"longdefeexpenamor":null,"prepexpedecr":null,"accrexpeincr":null,"dispfixedassetloss":null,"fixedassescraloss":null,"valuechgloss":null,"defeincoincr":null,"estidebts":null,"finexpe":null,"inveloss":null,"defetaxassetdecr":null,"defetaxliabincr":null,"inveredu":null,"receredu":null,"payaincr":null,"unseparachg":null,"unfiparachg":null,"other":null,"biznetscheitse":null,"biznetscheform":null,"biznetcflow":null,"debtintocapi":null,"expiconvbd":null,"finfixedasset":null,"cashfinalbala":2.9292720914E8,"cashopenbala":4.7824066267E8,"equfinalbala":null,"equopenbala":null,"netcashscheitse":null,"netcashscheform":null,"cashneti":-1.8531345353E8},{"compcode":"80400931","publishdate":"20170728","begindate":"20170101","enddate":"20170630","reporttype":"100111","adjustdate":"20170728","accstacode":"2","accstaname":"新会计准则","laborgetcash":6.1031316616E8,"deponetr":null,"bankloannetincr":null,"fininstnetr":null,"inspremcash":null,"insnetc":null,"savinetr":null,"disptradnetincr":null,"charintecash":null,"fdsborrnetr":null,"repnetincr":null,"taxrefd":null,"receotherbizcash":1.135646104E7,"bizinflitse":null,"bizinflform":null,"bizcashinfl":6.216696272E8,"labopayc":2.9374512057E8,"loansnetr":null,"tradepaymnetr":null,"paycompgold":null,"payintecash":null,"paydivicash":null,"payworkcash":9.197280742E7,"paytax":2.1048042603E8,"payacticash":8.118823117E7,"bizoutfitse":null,"bizoutfform":null,"bizcashoutf":6.7738658519E8,"biznetitse":null,"biznetform":null,"mananetr":-5.571695799E7,"withinvgetcash":2.58E8,"inveretugetcash":1940903.69,"fixedassetnetc":102950.0,"subsnetc":null,"receinvcash":null,"reducashpled":null,"invinflitse":null,"invinffrom":null,"invcashinfl":2.6004385369E8,"acquassetcash":8.516200511E7,"invpayc":null,"loannetr":null,"subspaynetcash":null,"payinvecash":2.0E8,"incrcashpled":null,"invoutfitse":null,"invoutfform":null,"invcashoutf":2.8516200511E8,"netinvitse":null,"netinvform":null,"invnetcashflow":-2.511815142E7,"invrececash":null,"subsrececash":null,"recefromloan":2000000.0,"issbdrececash":null,"recefincash":null,"fininflitse":null,"fininflform":null,"fincashinfl":2000000.0,"debtpaycash":1.4E7,"diviprofpaycash":6.725693333E7,"subspaydivid":null,"finrelacash":null,"finoutfitse":null,"finoutfform":null,"fincashoutf":8.125693333E7,"finnetitse":null,"finnetform":null,"finnetcflow":-7.925693333E7,"chgexchgchgs":null,"netcashitse":null,"netcashform":null,"cashnetr":-1.6009204274E8,"inicashbala":4.7824066267E8,"cashfinalitse":null,"cashfinalform":null,"finalcashbala":3.1814861993E8,"netprofit":1.4180843452E8,"minysharrigh":null,"unreinveloss":null,"asseimpa":-920400.55,"assedepr":2.823168659E7,"realestadep":null,"intaasseamor":1905951.06,"longdefeexpenamor":null,"prepexpedecr":null,"accrexpeincr":null,"dispfixedassetloss":-74441.65,"fixedassescraloss":null,"valuechgloss":null,"defeincoincr":null,"estidebts":null,"finexpe":-758164.79,"inveloss":-1940903.69,"defetaxassetdecr":123979.08,"defetaxliabincr":null,"inveredu":1.589449387E7,"receredu":3654837.88,"payaincr":-2.4364243031E8,"unseparachg":null,"unfiparachg":null,"other":null,"biznetscheitse":null,"biznetscheform":null,"biznetcflow":-5.571695799E7,"debtintocapi":null,"expiconvbd":null,"finfixedasset":null,"cashfinalbala":3.1814861993E8,"cashopenbala":4.7824066267E8,"equfinalbala":null,"equopenbala":null,"netcashscheitse":null,"netcashscheform":null,"cashneti":-1.6009204274E8},{"compcode":"80400931","publishdate":"20170429","begindate":"20170101","enddate":"20170331","reporttype":"100111","adjustdate":"20170429","accstacode":"2","accstaname":"新会计准则","laborgetcash":3.341297583E8,"deponetr":null,"bankloannetincr":null,"fininstnetr":null,"inspremcash":null,"insnetc":null,"savinetr":null,"disptradnetincr":null,"charintecash":null,"fdsborrnetr":null,"repnetincr":null,"taxrefd":null,"receotherbizcash":3244601.86,"bizinflitse":null,"bizinflform":null,"bizcashinfl":3.3737436016E8,"labopayc":1.5709355146E8,"loansnetr":null,"tradepaymnetr":null,"paycompgold":null,"payintecash":null,"paydivicash":null,"payworkcash":5.350169171E7,"paytax":1.1723669085E8,"payacticash":4.036719139E7,"bizoutfitse":null,"bizoutfform":null,"bizcashoutf":3.6819912541E8,"biznetitse":null,"biznetform":null,"mananetr":-3.082476525E7,"withinvgetcash":1.0E8,"inveretugetcash":872602.74,"fixedassetnetc":50.0,"subsnetc":null,"receinvcash":null,"reducashpled":null,"invinflitse":null,"invinffrom":null,"invcashinfl":1.0087265274E8,"acquassetcash":3.908671343E7,"invpayc":null,"loannetr":null,"subspaynetcash":null,"payinvecash":5.8E7,"incrcashpled":null,"invoutfitse":null,"invoutfform":null,"invcashoutf":9.708671343E7,"netinvitse":null,"netinvform":null,"invnetcashflow":3785939.31,"invrececash":null,"subsrececash":null,"recefromloan":null,"issbdrececash":null,"recefincash":null,"fininflitse":null,"fininflform":null,"fincashinfl":0.0,"debtpaycash":1.2E7,"diviprofpaycash":42933.33,"subspaydivid":null,"finrelacash":null,"finoutfitse":null,"finoutfform":null,"fincashoutf":1.204293333E7,"finnetitse":null,"finnetform":null,"finnetcflow":-1.204293333E7,"chgexchgchgs":null,"netcashitse":null,"netcashform":null,"cashnetr":-3.908175927E7,"inicashbala":4.7824066267E8,"cashfinalitse":null,"cashfinalform":null,"finalcashbala":4.391589034E8,"netprofit":null,"minysharrigh":null,"unreinveloss":null,"asseimpa":null,"assedepr":null,"realestadep":null,"intaasseamor":null,"longdefeexpenamor":null,"prepexpedecr":null,"accrexpeincr":null,"dispfixedassetloss":null,"fixedassescraloss":null,"valuechgloss":null,"defeincoincr":null,"estidebts":null,"finexpe":null,"inveloss":null,"defetaxassetdecr":null,"defetaxliabincr":null,"inveredu":null,"receredu":null,"payaincr":null,"unseparachg":null,"unfiparachg":null,"other":null,"biznetscheitse":null,"biznetscheform":null,"biznetcflow":null,"debtintocapi":null,"expiconvbd":null,"finfixedasset":null,"cashfinalbala":4.391589034E8,"cashopenbala":4.7824066267E8,"equfinalbala":null,"equopenbala":null,"netcashscheitse":null,"netcashscheform":null,"cashneti":-3.908175927E7},{"compcode":"80400931","publishdate":"20170429","begindate":"20160101","enddate":"20161231","reporttype":"100111","adjustdate":"20170429","accstacode":"2","accstaname":"新会计准则","laborgetcash":1.64379345912E9,"deponetr":null,"bankloannetincr":null,"fininstnetr":null,"inspremcash":null,"insnetc":null,"savinetr":null,"disptradnetincr":null,"charintecash":null,"fdsborrnetr":null,"repnetincr":null,"taxrefd":null,"receotherbizcash":1.712961441E7,"bizinflitse":null,"bizinflform":null,"bizcashinfl":1.66092307353E9,"labopayc":6.0430297081E8,"loansnetr":null,"tradepaymnetr":null,"paycompgold":null,"payintecash":null,"paydivicash":null,"payworkcash":1.3881782624E8,"paytax":3.8826388241E8,"payacticash":1.3995921973E8,"bizoutfitse":null,"bizoutfform":null,"bizcashoutf":1.27134389919E9,"biznetitse":null,"biznetform":null,"mananetr":3.8957917434E8,"withinvgetcash":null,"inveretugetcash":null,"fixedassetnetc":426890.0,"subsnetc":null,"receinvcash":4000000.0,"reducashpled":null,"invinflitse":null,"invinffrom":null,"invcashinfl":4426890.0,"acquassetcash":1.5019726662E8,"invpayc":null,"loannetr":null,"subspaynetcash":null,"payinvecash":1.0129E8,"incrcashpled":null,"invoutfitse":null,"invoutfform":null,"invcashoutf":2.5148726662E8,"netinvitse":null,"netinvform":null,"invnetcashflow":-2.4706037662E8,"invrececash":7.208E8,"subsrececash":null,"recefromloan":1.2E7,"issbdrececash":null,"recefincash":null,"fininflitse":null,"fininflform":null,"fincashinfl":7.328E8,"debtpaycash":6.35E8,"diviprofpaycash":7.537528056E7,"subspaydivid":null,"finrelacash":1.1002E7,"finoutfitse":null,"finoutfform":null,"fincashoutf":7.2137728056E8,"finnetitse":null,"finnetform":null,"finnetcflow":1.142271944E7,"chgexchgchgs":null,"netcashitse":null,"netcashform":null,"cashnetr":1.5394151716E8,"inicashbala":3.2429914551E8,"cashfinalitse":null,"cashfinalform":null,"finalcashbala":4.7824066267E8,"netprofit":2.2186580302E8,"minysharrigh":null,"unreinveloss":null,"asseimpa":2892007.42,"assedepr":4.97676541E7,"realestadep":null,"intaasseamor":3811902.12,"longdefeexpenamor":null,"prepexpedecr":null,"accrexpeincr":null,"dispfixedassetloss":3173187.96,"fixedassescraloss":303616.82,"valuechgloss":null,"defeincoincr":null,"estidebts":null,"finexpe":1.293618337E7,"inveloss":null,"defetaxassetdecr":3298349.67,"defetaxliabincr":null,"inveredu":-7.041258142E7,"receredu":-5363703.16,"payaincr":1.6730675444E8,"unseparachg":null,"unfiparachg":null,"other":null,"biznetscheitse":null,"biznetscheform":null,"biznetcflow":3.8957917434E8,"debtintocapi":null,"expiconvbd":null,"finfixedasset":null,"cashfinalbala":4.7824066267E8,"cashopenbala":3.2429914551E8,"equfinalbala":null,"equopenbala":null,"netcashscheitse":null,"netcashscheform":null,"cashneti":1.5394151716E8},{"compcode":"80400931","publishdate":"20161028","begindate":"20160101","enddate":"20160930","reporttype":"100111","adjustdate":"20161028","accstacode":"2","accstaname":"新会计准则","laborgetcash":9.8974057625E8,"deponetr":null,"bankloannetincr":null,"fininstnetr":null,"inspremcash":null,"insnetc":null,"savinetr":null,"disptradnetincr":null,"charintecash":null,"fdsborrnetr":null,"repnetincr":null,"taxrefd":null,"receotherbizcash":1.808494497E7,"bizinflitse":null,"bizinflform":null,"bizcashinfl":1.00782552122E9,"labopayc":4.0445196105E8,"loansnetr":null,"tradepaymnetr":null,"paycompgold":null,"payintecash":null,"paydivicash":null,"payworkcash":1.0066341886E8,"paytax":2.6080489664E8,"payacticash":1.2314453228E8,"bizoutfitse":null,"bizoutfform":null,"bizcashoutf":8.8906480883E8,"biznetitse":null,"biznetform":null,"mananetr":1.1876071239E8,"withinvgetcash":null,"inveretugetcash":null,"fixedassetnetc":409900.0,"subsnetc":null,"receinvcash":null,"reducashpled":null,"invinflitse":null,"invinffrom":null,"invcashinfl":409900.0,"acquassetcash":1.2710119722E8,"invpayc":null,"loannetr":null,"subspaynetcash":null,"payinvecash":null,"incrcashpled":null,"invoutfitse":null,"invoutfform":null,"invcashoutf":1.2710119722E8,"netinvitse":null,"netinvform":null,"invnetcashflow":-1.2669129722E8,"invrececash":7.208E8,"subsrececash":null,"recefromloan":null,"issbdrececash":null,"recefincash":null,"fininflitse":null,"fininflform":null,"fincashinfl":7.208E8,"debtpaycash":6.35E8,"diviprofpaycash":7.536851389E7,"subspaydivid":null,"finrelacash":1.1002E7,"finoutfitse":null,"finoutfform":null,"fincashoutf":7.2137051389E8,"finnetitse":null,"finnetform":null,"finnetcflow":-570513.89,"chgexchgchgs":null,"netcashitse":null,"netcashform":null,"cashnetr":-8501098.72,"inicashbala":3.2429914551E8,"cashfinalitse":null,"cashfinalform":null,"finalcashbala":3.1579804679E8,"netprofit":null,"minysharrigh":null,"unreinveloss":null,"asseimpa":null,"assedepr":null,"realestadep":null,"intaasseamor":null,"longdefeexpenamor":null,"prepexpedecr":null,"accrexpeincr":null,"dispfixedassetloss":null,"fixedassescraloss":null,"valuechgloss":null,"defeincoincr":null,"estidebts":null,"finexpe":null,"inveloss":null,"defetaxassetdecr":null,"defetaxliabincr":null,"inveredu":null,"receredu":null,"payaincr":null,"unseparachg":null,"unfiparachg":null,"other":null,"biznetscheitse":null,"biznetscheform":null,"biznetcflow":null,"debtintocapi":null,"expiconvbd":null,"finfixedasset":null,"cashfinalbala":3.1579804679E8,"cashopenbala":3.2429914551E8,"equfinalbala":null,"equopenbala":null,"netcashscheitse":null,"netcashscheform":null,"cashneti":-8501098.72},{"compcode":"80400931","publishdate":"20160829","begindate":"20160101","enddate":"20160630","reporttype":"100111","adjustdate":"20160829","accstacode":"2","accstaname":"新会计准则","laborgetcash":7.1770247933E8,"deponetr":null,"bankloannetincr":null,"fininstnetr":null,"inspremcash":null,"insnetc":null,"savinetr":null,"disptradnetincr":null,"charintecash":null,"fdsborrnetr":null,"repnetincr":null,"taxrefd":null,"receotherbizcash":1.27475956E7,"bizinflitse":null,"bizinflform":null,"bizcashinfl":7.3045007493E8,"labopayc":2.7273487023E8,"loansnetr":null,"tradepaymnetr":null,"paycompgold":null,"payintecash":null,"paydivicash":null,"payworkcash":7.353976719E7,"paytax":2.1359572349E8,"payacticash":8.11034125E7,"bizoutfitse":null,"bizoutfform":null,"bizcashoutf":6.4097377341E8,"biznetitse":null,"biznetform":null,"mananetr":8.947630152E7,"withinvgetcash":null,"inveretugetcash":null,"fixedassetnetc":185700.0,"subsnetc":null,"receinvcash":null,"reducashpled":null,"invinflitse":null,"invinffrom":null,"invcashinfl":185700.0,"acquassetcash":9.511495863E7,"invpayc":null,"loannetr":null,"subspaynetcash":null,"payinvecash":null,"incrcashpled":null,"invoutfitse":null,"invoutfform":null,"invcashoutf":9.511495863E7,"netinvitse":null,"netinvform":null,"invnetcashflow":-9.492925863E7,"invrececash":7.208E8,"subsrececash":null,"recefromloan":null,"issbdrececash":null,"recefincash":null,"fininflitse":null,"fininflform":null,"fincashinfl":7.208E8,"debtpaycash":4.35E8,"diviprofpaycash":7.404726389E7,"subspaydivid":null,"finrelacash":1.1002E7,"finoutfitse":null,"finoutfform":null,"fincashoutf":5.2004926389E8,"finnetitse":null,"finnetform":null,"finnetcflow":2.0075073611E8,"chgexchgchgs":null,"netcashitse":null,"netcashform":null,"cashnetr":1.95297779E8,"inicashbala":3.2429914551E8,"cashfinalitse":null,"cashfinalform":null,"finalcashbala":5.1959692451E8,"netprofit":1.1441074742E8,"minysharrigh":null,"unreinveloss":null,"asseimpa":391988.91,"assedepr":2.17256543E7,"realestadep":null,"intaasseamor":1905951.06,"longdefeexpenamor":null,"prepexpedecr":null,"accrexpeincr":null,"dispfixedassetloss":-34945.12,"fixedassescraloss":null,"valuechgloss":null,"defeincoincr":null,"estidebts":null,"finexpe":1.16081667E7,"inveloss":null,"defetaxassetdecr":4228264.6,"defetaxliabincr":null,"inveredu":1.988438997E7,"receredu":-2065917.19,"payaincr":-8.257799913E7,"unseparachg":null,"unfiparachg":null,"other":null,"biznetscheitse":null,"biznetscheform":null,"biznetcflow":8.947630152E7,"debtintocapi":null,"expiconvbd":null,"finfixedasset":null,"cashfinalbala":5.1959692451E8,"cashopenbala":3.2429914551E8,"equfinalbala":null,"equopenbala":null,"netcashscheitse":null,"netcashscheform":null,"cashneti":1.95297779E8},{"compcode":"80400931","publishdate":"20160422","begindate":"20160101","enddate":"20160331","reporttype":"100111","adjustdate":"20160422","accstacode":"2","accstaname":"新会计准则","laborgetcash":4.5196796734E8,"deponetr":null,"bankloannetincr":null,"fininstnetr":null,"inspremcash":null,"insnetc":null,"savinetr":null,"disptradnetincr":null,"charintecash":null,"fdsborrnetr":null,"repnetincr":null,"taxrefd":null,"receotherbizcash":7307978.22,"bizinflitse":null,"bizinflform":null,"bizcashinfl":4.5927594556E8,"labopayc":1.4357890923E8,"loansnetr":null,"tradepaymnetr":null,"paycompgold":null,"payintecash":null,"paydivicash":null,"payworkcash":4.798425373E7,"paytax":1.3398898931E8,"payacticash":4.477684018E7,"bizoutfitse":null,"bizoutfform":null,"bizcashoutf":3.7032899245E8,"biznetitse":null,"biznetform":null,"mananetr":8.894695311E7,"withinvgetcash":null,"inveretugetcash":null,"fixedassetnetc":20000.0,"subsnetc":null,"receinvcash":null,"reducashpled":null,"invinflitse":null,"invinffrom":null,"invcashinfl":20000.0,"acquassetcash":7.048241855E7,"invpayc":null,"loannetr":null,"subspaynetcash":null,"payinvecash":null,"incrcashpled":null,"invoutfitse":null,"invoutfform":null,"invcashoutf":7.048241855E7,"netinvitse":null,"netinvform":null,"invnetcashflow":-7.046241855E7,"invrececash":7.208E8,"subsrececash":null,"recefromloan":null,"issbdrececash":null,"recefincash":null,"fininflitse":null,"fininflform":null,"fincashinfl":7.208E8,"debtpaycash":2.85E8,"diviprofpaycash":6.891816668E7,"subspaydivid":null,"finrelacash":7353000.0,"finoutfitse":null,"finoutfform":null,"fincashoutf":3.6127116668E8,"finnetitse":null,"finnetform":null,"finnetcflow":3.5952883332E8,"chgexchgchgs":null,"netcashitse":null,"netcashform":null,"cashnetr":3.7801336788E8,"inicashbala":3.2429914551E8,"cashfinalitse":null,"cashfinalform":null,"finalcashbala":7.0231251339E8,"netprofit":null,"minysharrigh":null,"unreinveloss":null,"asseimpa":null,"assedepr":null,"realestadep":null,"intaasseamor":null,"longdefeexpenamor":null,"prepexpedecr":null,"accrexpeincr":null,"dispfixedassetloss":null,"fixedassescraloss":null,"valuechgloss":null,"defeincoincr":null,"estidebts":null,"finexpe":null,"inveloss":null,"defetaxassetdecr":null,"defetaxliabincr":null,"inveredu":null,"receredu":null,"payaincr":null,"unseparachg":null,"unfiparachg":null,"other":null,"biznetscheitse":null,"biznetscheform":null,"biznetcflow":null,"debtintocapi":null,"expiconvbd":null,"finfixedasset":null,"cashfinalbala":7.0231251339E8,"cashopenbala":3.2429914551E8,"equfinalbala":null,"equopenbala":null,"netcashscheitse":null,"netcashscheform":null,"cashneti":3.7801336788E8},{"compcode":"80400931","publishdate":"20160222","begindate":"20150101","enddate":"20151231","reporttype":"100111","adjustdate":"20160222","accstacode":"2","accstaname":"新会计准则","laborgetcash":1.4617789644E9,"deponetr":null,"bankloannetincr":null,"fininstnetr":null,"inspremcash":null,"insnetc":null,"savinetr":null,"disptradnetincr":null,"charintecash":null,"fdsborrnetr":null,"repnetincr":null,"taxrefd":null,"receotherbizcash":9543497.21,"bizinflitse":null,"bizinflform":null,"bizcashinfl":1.47132246161E9,"labopayc":5.4933269435E8,"loansnetr":null,"tradepaymnetr":null,"paycompgold":null,"payintecash":null,"paydivicash":null,"payworkcash":1.1184747909E8,"paytax":3.532556853E8,"payacticash":1.7472176539E8,"bizoutfitse":null,"bizoutfform":null,"bizcashoutf":1.18915762413E9,"biznetitse":null,"biznetform":null,"mananetr":2.8216483748E8,"withinvgetcash":null,"inveretugetcash":null,"fixedassetnetc":264535.37,"subsnetc":null,"receinvcash":null,"reducashpled":null,"invinflitse":null,"invinffrom":null,"invcashinfl":264535.37,"acquassetcash":1.8107760171E8,"invpayc":null,"loannetr":null,"subspaynetcash":null,"payinvecash":null,"incrcashpled":null,"invoutfitse":null,"invoutfform":null,"invcashoutf":1.8107760171E8,"netinvitse":null,"netinvform":null,"invnetcashflow":-1.8081306634E8,"invrececash":null,"subsrececash":null,"recefromloan":4.5E8,"issbdrececash":null,"recefincash":null,"fininflitse":null,"fininflform":null,"fincashinfl":4.5E8,"debtpaycash":3.65E8,"diviprofpaycash":8.511018319E7,"subspaydivid":null,"finrelacash":null,"finoutfitse":null,"finoutfform":null,"fincashoutf":4.5011018319E8,"finnetitse":null,"finnetform":null,"finnetcflow":-110183.19,"chgexchgchgs":null,"netcashitse":null,"netcashform":null,"cashnetr":1.0124158795E8,"inicashbala":2.2305755756E8,"cashfinalitse":null,"cashfinalform":null,"finalcashbala":3.2429914551E8,"netprofit":1.6580581364E8,"minysharrigh":null,"unreinveloss":null,"asseimpa":2380055.64,"assedepr":3.80748376E7,"realestadep":null,"intaasseamor":3760850.24,"longdefeexpenamor":null,"prepexpedecr":null,"accrexpeincr":null,"dispfixedassetloss":3529938.86,"fixedassescraloss":-28085.58,"valuechgloss":null,"defeincoincr":null,"estidebts":null,"finexpe":2.36626422E7,"inveloss":null,"defetaxassetdecr":-1320107.97,"defetaxliabincr":null,"inveredu":-3.977563009E7,"receredu":389879.14,"payaincr":8.56846438E7,"unseparachg":null,"unfiparachg":null,"other":null,"biznetscheitse":null,"biznetscheform":null,"biznetcflow":2.8216483748E8,"debtintocapi":null,"expiconvbd":null,"finfixedasset":null,"cashfinalbala":3.2429914551E8,"cashopenbala":2.2305755756E8,"equfinalbala":null,"equopenbala":null,"netcashscheitse":null,"netcashscheform":null,"cashneti":1.0124158795E8},{"compcode":"80400931","publishdate":"20161028","begindate":"20150101","enddate":"20150930","reporttype":"100111","adjustdate":"20161028","accstacode":"2","accstaname":"新会计准则","laborgetcash":9.2003797061E8,"deponetr":null,"bankloannetincr":null,"fininstnetr":null,"inspremcash":null,"insnetc":null,"savinetr":null,"disptradnetincr":null,"charintecash":null,"fdsborrnetr":null,"repnetincr":null,"taxrefd":null,"receotherbizcash":7010565.31,"bizinflitse":null,"bizinflform":null,"bizcashinfl":9.2704853592E8,"labopayc":3.8665025872E8,"loansnetr":null,"tradepaymnetr":null,"paycompgold":null,"payintecash":null,"paydivicash":null,"payworkcash":7.694782523E7,"paytax":2.4536412277E8,"payacticash":9.777202551E7,"bizoutfitse":null,"bizoutfform":null,"bizcashoutf":8.0673423223E8,"biznetitse":null,"biznetform":null,"mananetr":1.2031430369E8,"withinvgetcash":null,"inveretugetcash":null,"fixedassetnetc":290727.43,"subsnetc":null,"receinvcash":null,"reducashpled":null,"invinflitse":null,"invinffrom":null,"invcashinfl":290727.43,"acquassetcash":1.5060844946E8,"invpayc":null,"loannetr":null,"subspaynetcash":null,"payinvecash":null,"incrcashpled":null,"invoutfitse":null,"invoutfform":null,"invcashoutf":1.5060844946E8,"netinvitse":null,"netinvform":null,"invnetcashflow":-1.5031772203E8,"invrececash":null,"subsrececash":null,"recefromloan":4.0E8,"issbdrececash":null,"recefincash":null,"fininflitse":null,"fininflform":null,"fincashinfl":4.0E8,"debtpaycash":3.05E8,"diviprofpaycash":7.378307555E7,"subspaydivid":null,"finrelacash":null,"finoutfitse":null,"finoutfform":null,"fincashoutf":3.7878307555E8,"finnetitse":null,"finnetform":null,"finnetcflow":2.121692445E7,"chgexchgchgs":null,"netcashitse":null,"netcashform":null,"cashnetr":-8786493.89,"inicashbala":2.2305755756E8,"cashfinalitse":null,"cashfinalform":null,"finalcashbala":2.1427106367E8,"netprofit":null,"minysharrigh":null,"unreinveloss":null,"asseimpa":null,"assedepr":null,"realestadep":null,"intaasseamor":null,"longdefeexpenamor":null,"prepexpedecr":null,"accrexpeincr":null,"dispfixedassetloss":null,"fixedassescraloss":null,"valuechgloss":null,"defeincoincr":null,"estidebts":null,"finexpe":null,"inveloss":null,"defetaxassetdecr":null,"defetaxliabincr":null,"inveredu":null,"receredu":null,"payaincr":null,"unseparachg":null,"unfiparachg":null,"other":null,"biznetscheitse":null,"biznetscheform":null,"biznetcflow":null,"debtintocapi":null,"expiconvbd":null,"finfixedasset":null,"cashfinalbala":2.1427106367E8,"cashopenbala":2.2305755756E8,"equfinalbala":null,"equopenbala":null,"netcashscheitse":null,"netcashscheform":null,"cashneti":-8786493.89},{"compcode":"80400931","publishdate":"20160829","begindate":"20150101","enddate":"20150630","reporttype":"100111","adjustdate":"20160829","accstacode":"2","accstaname":"新会计准则","laborgetcash":6.376703355E8,"deponetr":null,"bankloannetincr":null,"fininstnetr":null,"inspremcash":null,"insnetc":null,"savinetr":null,"disptradnetincr":null,"charintecash":null,"fdsborrnetr":null,"repnetincr":null,"taxrefd":null,"receotherbizcash":4503272.99,"bizinflitse":null,"bizinflform":null,"bizcashinfl":6.4217360849E8,"labopayc":2.3097714224E8,"loansnetr":null,"tradepaymnetr":null,"paycompgold":null,"payintecash":null,"paydivicash":null,"payworkcash":5.865898973E7,"paytax":1.8992319962E8,"payacticash":7.040998043E7,"bizoutfitse":null,"bizoutfform":null,"bizcashoutf":5.4996931202E8,"biznetitse":null,"biznetform":null,"mananetr":9.220429647E7,"withinvgetcash":null,"inveretugetcash":null,"fixedassetnetc":197134.14,"subsnetc":null,"receinvcash":null,"reducashpled":null,"invinflitse":null,"invinffrom":null,"invcashinfl":197134.14,"acquassetcash":1.0634265264E8,"invpayc":null,"loannetr":null,"subspaynetcash":null,"payinvecash":null,"incrcashpled":null,"invoutfitse":null,"invoutfform":null,"invcashoutf":1.0634265264E8,"netinvitse":null,"netinvform":null,"invnetcashflow":-1.061455185E8,"invrececash":null,"subsrececash":null,"recefromloan":3.0E8,"issbdrececash":null,"recefincash":null,"fininflitse":null,"fininflform":null,"fincashinfl":3.0E8,"debtpaycash":2.05E8,"diviprofpaycash":6.226468735E7,"subspaydivid":null,"finrelacash":null,"finoutfitse":null,"finoutfform":null,"fincashoutf":2.6726468735E8,"finnetitse":null,"finnetform":null,"finnetcflow":3.273531265E7,"chgexchgchgs":null,"netcashitse":null,"netcashform":null,"cashnetr":1.879409062E7,"inicashbala":2.2305755756E8,"cashfinalitse":null,"cashfinalform":null,"finalcashbala":2.4185164818E8,"netprofit":7.759620526E7,"minysharrigh":null,"unreinveloss":null,"asseimpa":47912.86,"assedepr":1.762864253E7,"realestadep":null,"intaasseamor":1922571.48,"longdefeexpenamor":null,"prepexpedecr":null,"accrexpeincr":null,"dispfixedassetloss":-142490.15,"fixedassescraloss":null,"valuechgloss":null,"defeincoincr":null,"estidebts":null,"finexpe":1.112854846E7,"inveloss":null,"defetaxassetdecr":-218881.51,"defetaxliabincr":null,"inveredu":1.980143181E7,"receredu":1634515.42,"payaincr":-3.719415969E7,"unseparachg":null,"unfiparachg":null,"other":null,"biznetscheitse":null,"biznetscheform":null,"biznetcflow":9.220429647E7,"debtintocapi":null,"expiconvbd":null,"finfixedasset":null,"cashfinalbala":2.4185164818E8,"cashopenbala":2.2305755756E8,"equfinalbala":null,"equopenbala":null,"netcashscheitse":null,"netcashscheform":null,"cashneti":1.879409062E7},{"compcode":"80400931","publishdate":"20160422","begindate":"20150101","enddate":"20150331","reporttype":"100111","adjustdate":"20160422","accstacode":"2","accstaname":"新会计准则","laborgetcash":3.7267819866E8,"deponetr":null,"bankloannetincr":null,"fininstnetr":null,"inspremcash":null,"insnetc":null,"savinetr":null,"disptradnetincr":null,"charintecash":null,"fdsborrnetr":null,"repnetincr":null,"taxrefd":null,"receotherbizcash":1209308.33,"bizinflitse":null,"bizinflform":null,"bizcashinfl":3.7388750699E8,"labopayc":1.370501466E8,"loansnetr":null,"tradepaymnetr":null,"paycompgold":null,"payintecash":null,"paydivicash":null,"payworkcash":3.759898372E7,"paytax":1.2641806883E8,"payacticash":3.485584592E7,"bizoutfitse":null,"bizoutfform":null,"bizcashoutf":3.3592304507E8,"biznetitse":null,"biznetform":null,"mananetr":3.796446192E7,"withinvgetcash":null,"inveretugetcash":null,"fixedassetnetc":128205.13,"subsnetc":null,"receinvcash":null,"reducashpled":null,"invinflitse":null,"invinffrom":null,"invcashinfl":128205.13,"acquassetcash":5.329436433E7,"invpayc":null,"loannetr":null,"subspaynetcash":null,"payinvecash":null,"incrcashpled":null,"invoutfitse":null,"invoutfform":null,"invcashoutf":5.329436433E7,"netinvitse":null,"netinvform":null,"invnetcashflow":-5.31661592E7,"invrececash":null,"subsrececash":null,"recefromloan":3.0E8,"issbdrececash":null,"recefincash":null,"fininflitse":null,"fininflform":null,"fincashinfl":3.0E8,"debtpaycash":null,"diviprofpaycash":4.768522917E7,"subspaydivid":null,"finrelacash":null,"finoutfitse":null,"finoutfform":null,"fincashoutf":4.768522917E7,"finnetitse":null,"finnetform":null,"finnetcflow":2.5231477083E8,"chgexchgchgs":null,"netcashitse":null,"netcashform":null,"cashnetr":2.3711307355E8,"inicashbala":2.2305755756E8,"cashfinalitse":null,"cashfinalform":null,"finalcashbala":4.6017063111E8,"netprofit":null,"minysharrigh":null,"unreinveloss":null,"asseimpa":null,"assedepr":null,"realestadep":null,"intaasseamor":null,"longdefeexpenamor":null,"prepexpedecr":null,"accrexpeincr":null,"dispfixedassetloss":null,"fixedassescraloss":null,"valuechgloss":null,"defeincoincr":null,"estidebts":null,"finexpe":null,"inveloss":null,"defetaxassetdecr":null,"defetaxliabincr":null,"inveredu":null,"receredu":null,"payaincr":null,"unseparachg":null,"unfiparachg":null,"other":null,"biznetscheitse":null,"biznetscheform":null,"biznetcflow":null,"debtintocapi":null,"expiconvbd":null,"finfixedasset":null,"cashfinalbala":4.6017063111E8,"cashopenbala":2.2305755756E8,"equfinalbala":null,"equopenbala":null,"netcashscheitse":null,"netcashscheform":null,"cashneti":2.3711307355E8},{"compcode":"80400931","publishdate":"20160222","begindate":"20140101","enddate":"20141231","reporttype":"100111","adjustdate":"20160222","accstacode":"2","accstaname":"新会计准则","laborgetcash":1.23335195578E9,"deponetr":null,"bankloannetincr":null,"fininstnetr":null,"inspremcash":null,"insnetc":null,"savinetr":null,"disptradnetincr":null,"charintecash":null,"fdsborrnetr":null,"repnetincr":null,"taxrefd":null,"receotherbizcash":9520565.71,"bizinflitse":null,"bizinflform":null,"bizcashinfl":1.24287252149E9,"labopayc":4.921190439E8,"loansnetr":null,"tradepaymnetr":null,"paycompgold":null,"payintecash":null,"paydivicash":null,"payworkcash":1.0130172287E8,"paytax":2.9232456488E8,"payacticash":1.2627056715E8,"bizoutfitse":null,"bizoutfform":null,"bizcashoutf":1.0120158988E9,"biznetitse":null,"biznetform":null,"mananetr":2.3085662269E8,"withinvgetcash":null,"inveretugetcash":210947.94,"fixedassetnetc":647751.38,"subsnetc":null,"receinvcash":4.6E7,"reducashpled":null,"invinflitse":null,"invinffrom":null,"invcashinfl":4.685869932E7,"acquassetcash":3.7346469806E8,"invpayc":null,"loannetr":null,"subspaynetcash":null,"payinvecash":4.6E7,"incrcashpled":null,"invoutfitse":null,"invoutfform":null,"invcashoutf":4.1946469806E8,"netinvitse":null,"netinvform":null,"invnetcashflow":-3.7260599874E8,"invrececash":null,"subsrececash":null,"recefromloan":5.03E8,"issbdrececash":null,"recefincash":null,"fininflitse":null,"fininflform":null,"fincashinfl":5.03E8,"debtpaycash":2.99E8,"diviprofpaycash":6.298984651E7,"subspaydivid":null,"finrelacash":null,"finoutfitse":null,"finoutfform":null,"fincashoutf":3.6198984651E8,"finnetitse":null,"finnetform":null,"finnetcflow":1.4101015349E8,"chgexchgchgs":null,"netcashitse":null,"netcashform":null,"cashnetr":-739222.56,"inicashbala":2.2379678012E8,"cashfinalitse":null,"cashfinalform":null,"finalcashbala":2.2305755756E8,"netprofit":1.2471409523E8,"minysharrigh":null,"unreinveloss":null,"asseimpa":703403.57,"assedepr":3.747503321E7,"realestadep":null,"intaasseamor":3811178.99,"longdefeexpenamor":null,"prepexpedecr":null,"accrexpeincr":null,"dispfixedassetloss":1700288.35,"fixedassescraloss":null,"valuechgloss":null,"defeincoincr":null,"estidebts":null,"finexpe":2.206642171E7,"inveloss":-210947.94,"defetaxassetdecr":416948.46,"defetaxliabincr":null,"inveredu":-1.47705726E7,"receredu":2497382.91,"payaincr":5.24533908E7,"unseparachg":null,"unfiparachg":null,"other":null,"biznetscheitse":null,"biznetscheform":null,"biznetcflow":2.3085662269E8,"debtintocapi":null,"expiconvbd":null,"finfixedasset":null,"cashfinalbala":2.2305755756E8,"cashopenbala":2.2379678012E8,"equfinalbala":null,"equopenbala":null,"netcashscheitse":null,"netcashscheform":null,"cashneti":-739222.56},{"compcode":"80400931","publishdate":"20160222","begindate":"20130101","enddate":"20131231","reporttype":"100111","adjustdate":"20160222","accstacode":"2","accstaname":"新会计准则","laborgetcash":1.26304865419E9,"deponetr":null,"bankloannetincr":null,"fininstnetr":null,"inspremcash":null,"insnetc":null,"savinetr":null,"disptradnetincr":null,"charintecash":null,"fdsborrnetr":null,"repnetincr":null,"taxrefd":null,"receotherbizcash":1.62968546E7,"bizinflitse":null,"bizinflform":null,"bizcashinfl":1.27934550879E9,"labopayc":5.5227957473E8,"loansnetr":null,"tradepaymnetr":null,"paycompgold":null,"payintecash":null,"paydivicash":null,"payworkcash":9.995234117E7,"paytax":3.6233685649E8,"payacticash":1.4011998776E8,"bizoutfitse":null,"bizoutfform":null,"bizcashoutf":1.15468876015E9,"biznetitse":null,"biznetform":null,"mananetr":1.2465674864E8,"withinvgetcash":null,"inveretugetcash":171780.82,"fixedassetnetc":212403.85,"subsnetc":null,"receinvcash":3.0E7,"reducashpled":null,"invinflitse":null,"invinffrom":null,"invcashinfl":3.038418467E7,"acquassetcash":1.0402248697E8,"invpayc":null,"loannetr":null,"subspaynetcash":null,"payinvecash":3.0E7,"incrcashpled":null,"invoutfitse":null,"invoutfform":null,"invcashoutf":1.3402248697E8,"netinvitse":null,"netinvform":null,"invnetcashflow":-1.036383023E8,"invrececash":null,"subsrececash":null,"recefromloan":2.55E8,"issbdrececash":null,"recefincash":null,"fininflitse":null,"fininflform":null,"fincashinfl":2.55E8,"debtpaycash":3.16E8,"diviprofpaycash":4.736357081E7,"subspaydivid":null,"finrelacash":null,"finoutfitse":null,"finoutfform":null,"fincashoutf":3.6336357081E8,"finnetitse":null,"finnetform":null,"finnetcflow":-1.0836357081E8,"chgexchgchgs":null,"netcashitse":null,"netcashform":null,"cashnetr":-8.734512447E7,"inicashbala":3.1114190459E8,"cashfinalitse":null,"cashfinalform":null,"finalcashbala":2.2379678012E8,"netprofit":1.0844734922E8,"minysharrigh":null,"unreinveloss":null,"asseimpa":7397107.64,"assedepr":3.411377813E7,"realestadep":null,"intaasseamor":2426925.17,"longdefeexpenamor":null,"prepexpedecr":null,"accrexpeincr":null,"dispfixedassetloss":-156614.33,"fixedassescraloss":null,"valuechgloss":null,"defeincoincr":null,"estidebts":null,"finexpe":2.196467081E7,"inveloss":-171780.82,"defetaxassetdecr":-1823655.34,"defetaxliabincr":null,"inveredu":3.126859203E7,"receredu":-3.587788511E7,"payaincr":-4.293173876E7,"unseparachg":null,"unfiparachg":null,"other":null,"biznetscheitse":null,"biznetscheform":null,"biznetcflow":1.2465674864E8,"debtintocapi":null,"expiconvbd":null,"finfixedasset":null,"cashfinalbala":2.2379678012E8,"cashopenbala":3.1114190459E8,"equfinalbala":null,"equopenbala":null,"netcashscheitse":null,"netcashscheform":null,"cashneti":-8.734512447E7},{"compcode":"80400931","publishdate":"20140505","begindate":"20120101","enddate":"20121231","reporttype":"100111","adjustdate":"20140505","accstacode":"2","accstaname":"新会计准则","laborgetcash":1.15903392952E9,"deponetr":null,"bankloannetincr":null,"fininstnetr":null,"inspremcash":null,"insnetc":null,"savinetr":null,"disptradnetincr":null,"charintecash":null,"fdsborrnetr":null,"repnetincr":null,"taxrefd":null,"receotherbizcash":1.1353869594E8,"bizinflitse":null,"bizinflform":null,"bizcashinfl":1.27257262546E9,"labopayc":5.4934377038E8,"loansnetr":null,"tradepaymnetr":null,"paycompgold":null,"payintecash":null,"paydivicash":null,"payworkcash":7.798460007E7,"paytax":2.9085431755E8,"payacticash":2.2900945029E8,"bizoutfitse":null,"bizoutfform":null,"bizcashoutf":1.14719213829E9,"biznetitse":null,"biznetform":null,"mananetr":1.2538048717E8,"withinvgetcash":null,"inveretugetcash":null,"fixedassetnetc":344129.41,"subsnetc":null,"receinvcash":null,"reducashpled":null,"invinflitse":null,"invinffrom":null,"invcashinfl":344129.41,"acquassetcash":1.0439596064E8,"invpayc":null,"loannetr":null,"subspaynetcash":null,"payinvecash":null,"incrcashpled":null,"invoutfitse":null,"invoutfform":null,"invcashoutf":1.0439596064E8,"netinvitse":null,"netinvform":null,"invnetcashflow":-1.0405183123E8,"invrececash":1.9E8,"subsrececash":null,"recefromloan":3.6E8,"issbdrececash":null,"recefincash":null,"fininflitse":null,"fininflform":null,"fincashinfl":5.5E8,"debtpaycash":3.5E8,"diviprofpaycash":2.655770829E7,"subspaydivid":null,"finrelacash":null,"finoutfitse":null,"finoutfform":null,"fincashoutf":3.7655770829E8,"finnetitse":null,"finnetform":null,"finnetcflow":1.7344229171E8,"chgexchgchgs":null,"netcashitse":null,"netcashform":null,"cashnetr":1.9477094765E8,"inicashbala":1.1637095694E8,"cashfinalitse":null,"cashfinalform":null,"finalcashbala":3.1114190459E8,"netprofit":1.0644702247E8,"minysharrigh":null,"unreinveloss":null,"asseimpa":-1313089.94,"assedepr":1.681559436E7,"realestadep":null,"intaasseamor":528731.76,"longdefeexpenamor":null,"prepexpedecr":null,"accrexpeincr":null,"dispfixedassetloss":-96508.55,"fixedassescraloss":null,"valuechgloss":null,"defeincoincr":null,"estidebts":null,"finexpe":2.655770829E7,"inveloss":null,"defetaxassetdecr":-320996.83,"defetaxliabincr":null,"inveredu":-1.432534373E8,"receredu":3.708797284E7,"payaincr":7.292749007E7,"unseparachg":null,"unfiparachg":null,"other":1.0E7,"biznetscheitse":null,"biznetscheform":null,"biznetcflow":1.2538048717E8,"debtintocapi":null,"expiconvbd":null,"finfixedasset":null,"cashfinalbala":3.1114190459E8,"cashopenbala":1.1637095694E8,"equfinalbala":null,"equopenbala":null,"netcashscheitse":null,"netcashscheform":null,"cashneti":1.9477094765E8},{"compcode":"80400931","publishdate":"20140505","begindate":"20110101","enddate":"20111231","reporttype":"100111","adjustdate":"20140505","accstacode":"2","accstaname":"新会计准则","laborgetcash":8.364606583E8,"deponetr":null,"bankloannetincr":null,"fininstnetr":null,"inspremcash":null,"insnetc":null,"savinetr":null,"disptradnetincr":null,"charintecash":null,"fdsborrnetr":null,"repnetincr":null,"taxrefd":null,"receotherbizcash":5.238636335E7,"bizinflitse":null,"bizinflform":null,"bizcashinfl":8.8884702165E8,"labopayc":3.3831921172E8,"loansnetr":null,"tradepaymnetr":null,"paycompgold":null,"payintecash":null,"paydivicash":null,"payworkcash":5.779626959E7,"paytax":1.6957524441E8,"payacticash":1.2978051979E8,"bizoutfitse":null,"bizoutfform":null,"bizcashoutf":6.9547124551E8,"biznetitse":null,"biznetform":null,"mananetr":1.9337577614E8,"withinvgetcash":null,"inveretugetcash":null,"fixedassetnetc":19000.0,"subsnetc":null,"receinvcash":6.0E7,"reducashpled":null,"invinflitse":null,"invinffrom":null,"invcashinfl":6.0019E7,"acquassetcash":2.7235715023E8,"invpayc":null,"loannetr":null,"subspaynetcash":null,"payinvecash":null,"incrcashpled":null,"invoutfitse":null,"invoutfform":null,"invcashoutf":2.7235715023E8,"netinvitse":null,"netinvform":null,"invnetcashflow":-2.1233815023E8,"invrececash":null,"subsrececash":null,"recefromloan":1.55E8,"issbdrececash":null,"recefincash":null,"fininflitse":null,"fininflform":null,"fincashinfl":1.55E8,"debtpaycash":5.5E7,"diviprofpaycash":8.971652079E7,"subspaydivid":null,"finrelacash":null,"finoutfitse":null,"finoutfform":null,"fincashoutf":1.4471652079E8,"finnetitse":null,"finnetform":null,"finnetcflow":1.028347921E7,"chgexchgchgs":null,"netcashitse":null,"netcashform":null,"cashnetr":-8678894.88,"inicashbala":1.2504985182E8,"cashfinalitse":null,"cashfinalform":null,"finalcashbala":1.1637095694E8,"netprofit":8.534982606E7,"minysharrigh":null,"unreinveloss":null,"asseimpa":1528768.17,"assedepr":1.351069337E7,"realestadep":null,"intaasseamor":1242181.28,"longdefeexpenamor":null,"prepexpedecr":null,"accrexpeincr":null,"dispfixedassetloss":37649.68,"fixedassescraloss":null,"valuechgloss":null,"defeincoincr":null,"estidebts":null,"finexpe":2.028695008E7,"inveloss":null,"defetaxassetdecr":-1286084.81,"defetaxliabincr":null,"inveredu":-2.312773964E7,"receredu":3.960128003E7,"payaincr":5.623225192E7,"unseparachg":null,"unfiparachg":null,"other":null,"biznetscheitse":null,"biznetscheform":null,"biznetcflow":1.9337577614E8,"debtintocapi":null,"expiconvbd":null,"finfixedasset":null,"cashfinalbala":1.1637095694E8,"cashopenbala":1.2504985182E8,"equfinalbala":null,"equopenbala":null,"netcashscheitse":null,"netcashscheform":null,"cashneti":-8678894.88}],"comptype":4,"name":"金徽酒"}