{"SH600872":{"symbol":"SH600872","exchange":"SH","code":"600872","name":"中炬高新","current":"21.69","percentage":"1.93","change":"0.41","open":"21.28","high":"22.13","low":"21.2","close":"21.69","last_close":"21.28","high52week":"25.35","low52week":"13.26","volume":"5671942.0","lot_volume":"56719.42","volumeAverage":"30348669","marketCapital":"1.727906073786E10","eps":"0.45","pe_ttm":"37.4766","pe_lyr":"47.6836","beta":"0.0","totalShares":"796637194","time":"Tue Nov 28 14:39:55 +0800 2017","afterHours":"0.0","afterHoursPct":"0.0","afterHoursChg":"0.0","afterHoursTime":"Wed Oct 19 21:59:01 -0400 2011","updateAt":"1493006400723","dividend":"0.14","yield":"0.66","turnover_rate":"0.71%","instOwn":"0.0","rise_stop":"23.41","fall_stop":"19.15","currency_unit":"CNY","amount":"1.22850866E8","net_assets":"3.819","hasexist":"","has_warrant":"0","type":"11","flag":"1","rest_day":"","amplitude":"4.37%","market_status":"交易中","lot_size":"100","min_order_quantity":"0","max_order_quantity":"0","tick_size":"0.01","variable_tick_size":"","kzz_stock_symbol":"","kzz_stock_name":"","kzz_stock_current":"0.0","kzz_convert_price":"0.0","kzz_covert_value":"0.0","kzz_cpr":"0.0","kzz_putback_price":"0.0","kzz_convert_time":"","kzz_redempt_price":"0.0","kzz_straight_price":"0.0","kzz_stock_percent":"","pb":"5.69","benefit_before_tax":"0.0","benefit_after_tax":"0.0","convert_bond_ratio":"","totalissuescale":"","outstandingamt":"","maturitydate":"","remain_year":"","convertrate":"0.0","interestrtmemo":"","release_date":"","circulation":"0.0","par_value":"0.0","due_time":"0.0","value_date":"","due_date":"","publisher":"","redeem_type":"T","issue_type":"1","bond_type":"","warrant":"","sale_rrg":"","rate":"","after_hour_vol":"0","float_shares":"796637194","float_market_capital":"1.727906073786E10","disnext_pay_date":"","convert_rate":"0.0","volume_ratio":"0.92","percent5m":"0.09","pankou_ratio":"67.5%","psr":"4.7214"}}