{
      "name" : "华帝股份",
      "list" : [
            {
                  "reportdate" : "20161231",
                  "finstmtcomments" : "",
                  "acntfirm" : "",
                  "finstmtspecials" : "",
                  "sharecount" : 0.0,

                  "shorttermborrdetail" : "",
                  "longborrdetail" : "",
            
                  "curfds_cash" : 0.0,
                  "curfds_bank" : 0.0,
                  "curfds_other" : 0.0,
                  "curfds_limit" : 0.0,
                  
                  "notesrece_bank" : 0.0,
                  "notesrece_business" : 0.0,
                  "notesrece_other" : 0.0,
                  
                  "accorece_credit_tot" : 0.0,
                  "accorece_credit_bad" : 0.0,
                  "accorece_single_tot" : 0.0,
                  "accorece_single_bad" : 0.0,
                  "accorece_single_imp_tot" : 0.0,
                  "accorece_single_imp_bad" : 0.0,
                  "accorece_0_1_tot" : 0.0,
                  "accorece_0_1_bad" : 0.0,
                  "accorece_1_2_tot" : 0.0,
                  "accorece_1_2_bad" : 0.0,
                  "accorece_2_3_tot" : 0.0,
                  "accorece_2_3_bad" : 0.0,
                  "accorece_3_4_tot" : 0.0,
                  "accorece_3_4_bad" : 0.0,
                  "accorece_4_5_tot" : 0.0,
                  "accorece_4_5_bad" : 0.0,
                  "accorece_5_n_tot" : 0.0,
                  "accorece_5_n_bad" : 0.0,
                  "accorece_bad_standard" : "",

                  "prep_0_1" : 0.0,
                  "prep_1_n" : 0.0,

                  "otherrecedetail" : "",
            "otherrecebad" : 0.0,

                  "inverevvallossstandard" : "",
                  "inverevvallosstot" : 0.0,
                  "inveincal" : "",
                  "inveoutcal" : "",
                  "inve_prod" : 5945276,
                  "inve_sale" : 6233908,
                  "inve_save" : 359188,
                  "inve_unit" : "台",

                  "holdinvedue_inrate" : 0.0,
                  "holdinvedue_losscur" : 0.0,
                  "holdinvedue_lossback" : 0.0,

                  "avaisellassecur" : 0.0,
                  "avaisellassecost" : 0.0,

                  "invepropcal" : "",

                  "fixedassedepolicy" : "",
                  "intaassetdmopolicy" : "",
                  "findevexp" : 0.0,

                  "emplyescnt" : 0.0,
                  "equfinpubpri" : 0.0,
                  "debtfininrate" : 0.0,

            "saletax" : 0.0,
            "resourcetax" : 0.0
            },
            {
                  "reportdate" : "20151231",
                  "finstmtcomments" : "",
                  "acntfirm" : "",
                  "finstmtspecials" : "",
                  "sharecount" : 0.0,

                  "shorttermborrdetail" : "",
                  "longborrdetail" : "",
            
                  "curfds_cash" : 0.0,
                  "curfds_bank" : 0.0,
                  "curfds_other" : 0.0,
                  "curfds_limit" : 0.0,
                  
                  "notesrece_bank" : 0.0,
                  "notesrece_business" : 0.0,
                  "notesrece_other" : 0.0,
                  
                  "accorece_credit_tot" : 0.0,
                  "accorece_credit_bad" : 0.0,
                  "accorece_single_tot" : 0.0,
                  "accorece_single_bad" : 0.0,
                  "accorece_single_imp_tot" : 0.0,
                  "accorece_single_imp_bad" : 0.0,
                  "accorece_0_1_tot" : 0.0,
                  "accorece_0_1_bad" : 0.0,
                  "accorece_1_2_tot" : 0.0,
                  "accorece_1_2_bad" : 0.0,
                  "accorece_2_3_tot" : 0.0,
                  "accorece_2_3_bad" : 0.0,
                  "accorece_3_4_tot" : 0.0,
                  "accorece_3_4_bad" : 0.0,
                  "accorece_4_5_tot" : 0.0,
                  "accorece_4_5_bad" : 0.0,
                  "accorece_5_n_tot" : 0.0,
                  "accorece_5_n_bad" : 0.0,
                  "accorece_bad_standard" : "",

                  "prep_0_1" : 0.0,
                  "prep_1_n" : 0.0,

                  "otherrecedetail" : "",
            "otherrecebad" : 0.0,

                  "inverevvallossstandard" : "",
                  "inverevvallosstot" : 0.0,
                  "inveincal" : "",
                  "inveoutcal" : "",
                  "inve_prod" : 5564899,
                  "inve_sale" : 5531508,
                  "inve_save" : 647820,
                  "inve_unit" : "台",

                  "holdinvedue_inrate" : 0.0,
                  "holdinvedue_losscur" : 0.0,
                  "holdinvedue_lossback" : 0.0,

                  "avaisellassecur" : 0.0,
                  "avaisellassecost" : 0.0,

                  "invepropcal" : "",

                  "fixedassedepolicy" : "",
                  "intaassetdmopolicy" : "",
                  "findevexp" : 0.0,

                  "emplyescnt" : 0.0,
                  "equfinpubpri" : 0.0,
                  "debtfininrate" : 0.0,

            "saletax" : 0.0,
            "resourcetax" : 0.0
            },
            {
                  "reportdate" : "20141231",
                  "finstmtcomments" : "",
                  "acntfirm" : "",
                  "finstmtspecials" : "",
                  "sharecount" : 0.0,

                  "shorttermborrdetail" : "",
                  "longborrdetail" : "",
            
                  "curfds_cash" : 0.0,
                  "curfds_bank" : 0.0,
                  "curfds_other" : 0.0,
                  "curfds_limit" : 0.0,
                  
                  "notesrece_bank" : 0.0,
                  "notesrece_business" : 0.0,
                  "notesrece_other" : 0.0,
                  
                  "accorece_credit_tot" : 0.0,
                  "accorece_credit_bad" : 0.0,
                  "accorece_single_tot" : 0.0,
                  "accorece_single_bad" : 0.0,
                  "accorece_single_imp_tot" : 0.0,
                  "accorece_single_imp_bad" : 0.0,
                  "accorece_0_1_tot" : 0.0,
                  "accorece_0_1_bad" : 0.0,
                  "accorece_1_2_tot" : 0.0,
                  "accorece_1_2_bad" : 0.0,
                  "accorece_2_3_tot" : 0.0,
                  "accorece_2_3_bad" : 0.0,
                  "accorece_3_4_tot" : 0.0,
                  "accorece_3_4_bad" : 0.0,
                  "accorece_4_5_tot" : 0.0,
                  "accorece_4_5_bad" : 0.0,
                  "accorece_5_n_tot" : 0.0,
                  "accorece_5_n_bad" : 0.0,
                  "accorece_bad_standard" : "",

                  "prep_0_1" : 0.0,
                  "prep_1_n" : 0.0,

                  "otherrecedetail" : "",
            "otherrecebad" : 0.0,

                  "inverevvallossstandard" : "",
                  "inverevvallosstot" : 0.0,
                  "inveincal" : "",
                  "inveoutcal" : "",
                  "inve_prod" : 6555890,
                  "inve_sale" : 6713142,
                  "inve_save" : 349921,
                  "inve_unit" : "台",

                  "holdinvedue_inrate" : 0.0,
                  "holdinvedue_losscur" : 0.0,
                  "holdinvedue_lossback" : 0.0,

                  "avaisellassecur" : 0.0,
                  "avaisellassecost" : 0.0,

                  "invepropcal" : "",

                  "fixedassedepolicy" : "",
                  "intaassetdmopolicy" : "",
                  "findevexp" : 0.0,

                  "emplyescnt" : 0.0,
                  "equfinpubpri" : 0.0,
                  "debtfininrate" : 0.0,

            "saletax" : 0.0,
            "resourcetax" : 0.0
            },
            {
                  "reportdate" : "20131231",
                  "finstmtcomments" : "",
                  "acntfirm" : "",
                  "finstmtspecials" : "",
                  "sharecount" : 0.0,

                  "shorttermborrdetail" : "",
                  "longborrdetail" : "",
            
                  "curfds_cash" : 0.0,
                  "curfds_bank" : 0.0,
                  "curfds_other" : 0.0,
                  "curfds_limit" : 0.0,
                  
                  "notesrece_bank" : 0.0,
                  "notesrece_business" : 0.0,
                  "notesrece_other" : 0.0,
                  
                  "accorece_credit_tot" : 0.0,
                  "accorece_credit_bad" : 0.0,
                  "accorece_single_tot" : 0.0,
                  "accorece_single_bad" : 0.0,
                  "accorece_single_imp_tot" : 0.0,
                  "accorece_single_imp_bad" : 0.0,
                  "accorece_0_1_tot" : 0.0,
                  "accorece_0_1_bad" : 0.0,
                  "accorece_1_2_tot" : 0.0,
                  "accorece_1_2_bad" : 0.0,
                  "accorece_2_3_tot" : 0.0,
                  "accorece_2_3_bad" : 0.0,
                  "accorece_3_4_tot" : 0.0,
                  "accorece_3_4_bad" : 0.0,
                  "accorece_4_5_tot" : 0.0,
                  "accorece_4_5_bad" : 0.0,
                  "accorece_5_n_tot" : 0.0,
                  "accorece_5_n_bad" : 0.0,
                  "accorece_bad_standard" : "",

                  "prep_0_1" : 0.0,
                  "prep_1_n" : 0.0,

                  "otherrecedetail" : "",
            "otherrecebad" : 0.0,

                  "inverevvallossstandard" : "",
                  "inverevvallosstot" : 0.0,
                  "inveincal" : "",
                  "inveoutcal" : "",
                  "inve_prod" : 5884177,
                  "inve_sale" : 7404242,
                  "inve_save" : 507173,
                  "inve_unit" : "台",

                  "holdinvedue_inrate" : 0.0,
                  "holdinvedue_losscur" : 0.0,
                  "holdinvedue_lossback" : 0.0,

                  "avaisellassecur" : 0.0,
                  "avaisellassecost" : 0.0,

                  "invepropcal" : "",

                  "fixedassedepolicy" : "",
                  "intaassetdmopolicy" : "",
                  "findevexp" : 0.0,

                  "emplyescnt" : 0.0,
                  "equfinpubpri" : 0.0,
                  "debtfininrate" : 0.0,

            "saletax" : 0.0,
            "resourcetax" : 0.0
            },
            {
                  "reportdate" : "20121231",
                  "finstmtcomments" : "",
                  "acntfirm" : "",
                  "finstmtspecials" : "",
                  "sharecount" : 0.0,

                  "shorttermborrdetail" : "",
                  "longborrdetail" : "",
            
                  "curfds_cash" : 0.0,
                  "curfds_bank" : 0.0,
                  "curfds_other" : 0.0,
                  "curfds_limit" : 0.0,
                  
                  "notesrece_bank" : 0.0,
                  "notesrece_business" : 0.0,
                  "notesrece_other" : 0.0,
                  
                  "accorece_credit_tot" : 0.0,
                  "accorece_credit_bad" : 0.0,
                  "accorece_single_tot" : 0.0,
                  "accorece_single_bad" : 0.0,
                  "accorece_single_imp_tot" : 0.0,
                  "accorece_single_imp_bad" : 0.0,
                  "accorece_0_1_tot" : 0.0,
                  "accorece_0_1_bad" : 0.0,
                  "accorece_1_2_tot" : 0.0,
                  "accorece_1_2_bad" : 0.0,
                  "accorece_2_3_tot" : 0.0,
                  "accorece_2_3_bad" : 0.0,
                  "accorece_3_4_tot" : 0.0,
                  "accorece_3_4_bad" : 0.0,
                  "accorece_4_5_tot" : 0.0,
                  "accorece_4_5_bad" : 0.0,
                  "accorece_5_n_tot" : 0.0,
                  "accorece_5_n_bad" : 0.0,
                  "accorece_bad_standard" : "",

                  "prep_0_1" : 0.0,
                  "prep_1_n" : 0.0,

                  "otherrecedetail" : "",
            "otherrecebad" : 0.0,

                  "inverevvallossstandard" : "",
                  "inverevvallosstot" : 0.0,
                  "inveincal" : "",
                  "inveoutcal" : "",
                  "inve_prod" : 3869164,
                  "inve_sale" : 3860274,
                  "inve_save" : 110755,
                  "inve_unit" : "台",

                  "holdinvedue_inrate" : 0.0,
                  "holdinvedue_losscur" : 0.0,
                  "holdinvedue_lossback" : 0.0,

                  "avaisellassecur" : 0.0,
                  "avaisellassecost" : 0.0,

                  "invepropcal" : "",

                  "fixedassedepolicy" : "",
                  "intaassetdmopolicy" : "",
                  "findevexp" : 0.0,

                  "emplyescnt" : 0.0,
                  "equfinpubpri" : 0.0,
                  "debtfininrate" : 0.0,

            "saletax" : 0.0,
            "resourcetax" : 0.0
            },
            {
                  "reportdate" : "20111231",
                  "finstmtcomments" : "",
                  "acntfirm" : "",
                  "finstmtspecials" : "",
                  "sharecount" : 0.0,

                  "shorttermborrdetail" : "",
                  "longborrdetail" : "",
            
                  "curfds_cash" : 0.0,
                  "curfds_bank" : 0.0,
                  "curfds_other" : 0.0,
                  "curfds_limit" : 0.0,
                  
                  "notesrece_bank" : 0.0,
                  "notesrece_business" : 0.0,
                  "notesrece_other" : 0.0,
                  
                  "accorece_credit_tot" : 0.0,
                  "accorece_credit_bad" : 0.0,
                  "accorece_single_tot" : 0.0,
                  "accorece_single_bad" : 0.0,
                  "accorece_single_imp_tot" : 0.0,
                  "accorece_single_imp_bad" : 0.0,
                  "accorece_0_1_tot" : 0.0,
                  "accorece_0_1_bad" : 0.0,
                  "accorece_1_2_tot" : 0.0,
                  "accorece_1_2_bad" : 0.0,
                  "accorece_2_3_tot" : 0.0,
                  "accorece_2_3_bad" : 0.0,
                  "accorece_3_4_tot" : 0.0,
                  "accorece_3_4_bad" : 0.0,
                  "accorece_4_5_tot" : 0.0,
                  "accorece_4_5_bad" : 0.0,
                  "accorece_5_n_tot" : 0.0,
                  "accorece_5_n_bad" : 0.0,
                  "accorece_bad_standard" : "",

                  "prep_0_1" : 0.0,
                  "prep_1_n" : 0.0,

                  "otherrecedetail" : "",
            "otherrecebad" : 0.0,

                  "inverevvallossstandard" : "",
                  "inverevvallosstot" : 0.0,
                  "inveincal" : "",
                  "inveoutcal" : "",
                  "inve_prod" : 3062564,
                  "inve_sale" : 3046055,
                  "inve_save" : 101865,
                  "inve_unit" : "台",

                  "holdinvedue_inrate" : 0.0,
                  "holdinvedue_losscur" : 0.0,
                  "holdinvedue_lossback" : 0.0,

                  "avaisellassecur" : 0.0,
                  "avaisellassecost" : 0.0,

                  "invepropcal" : "",

                  "fixedassedepolicy" : "",
                  "intaassetdmopolicy" : "",
                  "findevexp" : 0.0,

                  "emplyescnt" : 0.0,
                  "equfinpubpri" : 0.0,
                  "debtfininrate" : 0.0,

            "saletax" : 0.0,
            "resourcetax" : 0.0
            },
            {
                  "reportdate" : "20101231",
                  "finstmtcomments" : "标准无保留意见",
                  "acntfirm" : "中审国际会计师事务所",
                  "finstmtspecials" : "无",
                  "sharecount" : 0.0,

                  "shorttermborrdetail" : "",
                  "longborrdetail" : "",
            
                  "curfds_cash" : 67343.64,
                  "curfds_bank" : 360823380.21,
                  "curfds_other" : 34061351.30,
                  "curfds_limit" : 34061351,
                  
                  "notesrece_bank" : 39020109.98,
                  "notesrece_business" : 0.0,
                  "notesrece_other" : 0.0,
                  
                  "accorece_credit_tot" : 0.0,
                  "accorece_credit_bad" : 0.0,
                  "accorece_single_tot" : 8277378.89,
                  "accorece_single_bad" : 0.0,
                  "accorece_single_imp_tot" : 23852424.27,
                  "accorece_single_imp_bad" : 0.0,
                  "accorece_0_1_tot" : 0.0,
                  "accorece_0_1_bad" : 0.0,
                  "accorece_1_2_tot" : 0.0,
                  "accorece_1_2_bad" : 0.0,
                  "accorece_2_3_tot" : 0.0,
                  "accorece_2_3_bad" : 0.0,
                  "accorece_3_4_tot" : 0.0,
                  "accorece_3_4_bad" : 0.0,
                  "accorece_4_5_tot" : 0.0,
                  "accorece_4_5_bad" : 0.0,
                  "accorece_5_n_tot" : 0.0,
                  "accorece_5_n_bad" : 0.0,
                  "accorece_bad_standard" : "",

                  "prep_0_1" : 0.0,
                  "prep_1_n" : 0.0,

                  "otherrecedetail" : "",
            "otherrecebad" : 0.0,

                  "inverevvallossstandard" : "资产负债表日，按单个存货可变现净值低于账面价值的差额计提存货跌价准备，计入当期损益",
                  "inverevvallosstot" : 0.0,
                  "inveincal" : "",
                  "inveoutcal" : "发出存货按加权平均法计价",
                  "inve_prod" : 3062564,
                  "inve_sale" : 3046055,
                  "inve_save" : 101865,
                  "inve_unit" : "台",

                  "holdinvedue_inrate" : 0.0,
                  "holdinvedue_losscur" : 0.0,
                  "holdinvedue_lossback" : 0.0,

                  "avaisellassecur" : 0.0,
                  "avaisellassecost" : 0.0,

                  "invepropcal" : "",

                  "fixedassedepolicy" : "年限平均法",
                  "intaassetdmopolicy" : "使用寿命有限的无形资产采用直线法摊销，使用寿命不确定的无形资产不摊销",
                  "findevexp" : 0.0,

                  "emplyescnt" : 0.0,
                  "equfinpubpri" : 0.0,
                  "debtfininrate" : 0.0,

            "saletax" : 0.0,
            "resourcetax" : 0.0
            }
    ]
}