{"list":[{"bonusimpdate":"20170419","bonusyear":"2016","cur":"人民币","bonusskratio":null,"tranaddskraio":null,"recorddate":"20170424","exrightdate":"20170425","cdividend":6.8,"fdividendbh":0.0,"tranaddsklistdate":null,"bonussklistdate":null,"tranaddskaccday":null,"bonusskaccday":null,"symbol":null,"secode":"2010007721","divitype":"A","taxfdividendbh":0.0,"taxcdividend":6.8,"divibegdate":"20170425","summarize":"10派6.8"},{"bonusimpdate":"20160411","bonusyear":"2015","cur":"人民币","bonusskratio":null,"tranaddskraio":null,"recorddate":"20160414","exrightdate":"20160415","cdividend":6.0,"fdividendbh":0.0,"tranaddsklistdate":null,"bonussklistdate":null,"tranaddskaccday":null,"bonusskaccday":null,"symbol":null,"secode":"2010007721","divitype":"A","taxfdividendbh":0.0,"taxcdividend":6.0,"divibegdate":"20160415","summarize":"10派6"},{"bonusimpdate":"20150409","bonusyear":"2014","cur":"人民币","bonusskratio":null,"tranaddskraio":8.0,"recorddate":"20150414","exrightdate":"20150415","cdividend":8.5,"fdividendbh":0.0,"tranaddsklistdate":"20150416","bonussklistdate":null,"tranaddskaccday":"20150415","bonusskaccday":null,"symbol":null,"secode":"2010007721","divitype":"AC","taxfdividendbh":0.0,"taxcdividend":8.075,"divibegdate":"20150415","summarize":"10转8派8.5"},{"bonusimpdate":"20140513","bonusyear":"2013","cur":"人民币","bonusskratio":null,"tranaddskraio":10.0,"recorddate":"20140516","exrightdate":"20140519","cdividend":5.0,"fdividendbh":0.0,"tranaddsklistdate":"20140520","bonussklistdate":null,"tranaddskaccday":"20140519","bonusskaccday":null,"symbol":null,"secode":"2010007721","divitype":"AC","taxfdividendbh":0.0,"taxcdividend":4.75,"divibegdate":"20140523","summarize":"10转10派5"}]}