{"SH603288":{"symbol":"SH603288","exchange":"SH","code":"603288","name":"海天味业","current":"59.71","percentage":"1.03","change":"0.61","open":"59.21","high":"59.75","low":"58.5","close":"59.71","last_close":"59.1","high52week":"60.5","low52week":"30.72","volume":"1417738.0","lot_volume":"14177.38","volumeAverage":"3826996","marketCapital":"1.61289052057E11","eps":"0.94","pe_ttm":"48.252","pe_lyr":"56.729","beta":"0.0","totalShares":"2701206700","time":"Tue Mar 20 14:59:55 +0800 2018","afterHours":"0.0","afterHoursPct":"0.0","afterHoursChg":"0.0","updateAt":"1508551200426","dividend":"0.68","yield":"1.14","turnover_rate":"0.05%","instOwn":"0.0","rise_stop":"65.01","fall_stop":"53.19","currency_unit":"CNY","amount":"8.3860915E7","net_assets":"3.9657","hasexist":"","has_warrant":"0","type":"11","flag":"1","rest_day":"","amplitude":"2.12%","market_status":"已收盘","lot_size":"100","min_order_quantity":"0","max_order_quantity":"0","tick_size":"0.01","variable_tick_size":"","kzz_stock_symbol":"","kzz_stock_name":"","kzz_stock_current":"0.0","kzz_convert_price":"0.0","kzz_covert_value":"0.0","kzz_cpr":"0.0","kzz_putback_price":"0.0","kzz_convert_time":"","kzz_redempt_price":"0.0","kzz_straight_price":"0.0","kzz_stock_percent":"","pb":"15.06","benefit_before_tax":"0.0","benefit_after_tax":"0.0","convert_bond_ratio":"","totalissuescale":"","outstandingamt":"","maturitydate":"","remain_year":"","convertrate":"0.0","interestrtmemo":"","release_date":"","circulation":"0.0","par_value":"0.0","due_time":"0.0","value_date":"","due_date":"","publisher":"","redeem_type":"F","issue_type":"1","bond_type":"","warrant":"","sale_rrg":"","rate":"","after_hour_vol":"0","float_shares":"2696886699","float_market_capital":"1.6103110479729E11","disnext_pay_date":"","convert_rate":"0.0","volume_ratio":"0.64","percent5m":"0.27","pankou_ratio":"18.72%","psr":"11.2443"}}