{"list":[{"compcode":"80064560","publishdate":"20171027","begindate":"20170101","enddate":"20170930","reporttype":"100111","adjustdate":"20171027","accstacode":"2","accstaname":"新会计准则","laborgetcash":1.185189106901E10,"deponetr":null,"bankloannetincr":null,"fininstnetr":null,"inspremcash":null,"insnetc":null,"savinetr":null,"disptradnetincr":null,"charintecash":null,"fdsborrnetr":null,"repnetincr":null,"taxrefd":null,"receotherbizcash":7700528.2,"bizinflitse":null,"bizinflform":3.528061535E7,"bizcashinfl":1.189487221256E10,"labopayc":6.76541697294E9,"loansnetr":null,"tradepaymnetr":null,"paycompgold":null,"payintecash":null,"paydivicash":null,"payworkcash":5.1291850662E8,"paytax":1.46020380045E9,"payacticash":1.046574713E9,"bizoutfitse":null,"bizoutfform":null,"bizcashoutf":9.78511399301E9,"biznetitse":null,"biznetform":null,"mananetr":2.10975821955E9,"withinvgetcash":3.089E9,"inveretugetcash":1.2767790613E8,"fixedassetnetc":1618393.73,"subsnetc":null,"receinvcash":5.844834278E7,"reducashpled":null,"invinflitse":null,"invinffrom":null,"invcashinfl":3.27674464264E9,"acquassetcash":2.340169834E8,"invpayc":5.499E9,"loannetr":null,"subspaynetcash":2.666059327E7,"payinvecash":null,"incrcashpled":null,"invoutfitse":null,"invoutfform":null,"invcashoutf":5.75967757667E9,"netinvitse":null,"netinvform":null,"invnetcashflow":-2.48293293403E9,"invrececash":null,"subsrececash":null,"recefromloan":null,"issbdrececash":null,"recefincash":null,"fininflitse":null,"fininflform":null,"fincashinfl":0.0,"debtpaycash":1.238532393E7,"diviprofpaycash":1.839366476E9,"subspaydivid":null,"finrelacash":null,"finoutfitse":null,"finoutfform":null,"fincashoutf":1.85175179993E9,"finnetitse":null,"finnetform":null,"finnetcflow":-1.85175179993E9,"chgexchgchgs":null,"netcashitse":null,"netcashform":null,"cashnetr":-2.22492651441E9,"inicashbala":5.16869517259E9,"cashfinalitse":null,"cashfinalform":null,"finalcashbala":2.94376865818E9,"netprofit":null,"minysharrigh":null,"unreinveloss":null,"asseimpa":null,"assedepr":null,"realestadep":null,"intaasseamor":null,"longdefeexpenamor":null,"prepexpedecr":null,"accrexpeincr":null,"dispfixedassetloss":null,"fixedassescraloss":null,"valuechgloss":null,"defeincoincr":null,"estidebts":null,"finexpe":null,"inveloss":null,"defetaxassetdecr":null,"defetaxliabincr":null,"inveredu":null,"receredu":null,"payaincr":null,"unseparachg":null,"unfiparachg":null,"other":null,"biznetscheitse":null,"biznetscheform":null,"biznetcflow":null,"debtintocapi":null,"expiconvbd":null,"finfixedasset":null,"cashfinalbala":2.94376865818E9,"cashopenbala":5.16869517259E9,"equfinalbala":null,"equopenbala":null,"netcashscheitse":null,"netcashscheform":null,"cashneti":-2.22492651441E9},{"compcode":"80064560","publishdate":"20170815","begindate":"20170101","enddate":"20170630","reporttype":"100111","adjustdate":"20170815","accstacode":"2","accstaname":"新会计准则","laborgetcash":7.57850482967E9,"deponetr":null,"bankloannetincr":null,"fininstnetr":null,"inspremcash":null,"insnetc":null,"savinetr":null,"disptradnetincr":null,"charintecash":null,"fdsborrnetr":null,"repnetincr":null,"taxrefd":null,"receotherbizcash":7333582.3,"bizinflitse":null,"bizinflform":2.208218464E7,"bizcashinfl":7.60792059661E9,"labopayc":4.55651550519E9,"loansnetr":null,"tradepaymnetr":null,"paycompgold":null,"payintecash":null,"paydivicash":null,"payworkcash":3.8732180372E8,"paytax":9.4790882519E8,"payacticash":7.0650779339E8,"bizoutfitse":null,"bizoutfform":null,"bizcashoutf":6.59825392749E9,"biznetitse":null,"biznetform":null,"mananetr":1.00966666912E9,"withinvgetcash":2.535E9,"inveretugetcash":7.912896324E7,"fixedassetnetc":7037240.16,"subsnetc":null,"receinvcash":4.387690266E7,"reducashpled":null,"invinflitse":null,"invinffrom":null,"invcashinfl":2.66504310606E9,"acquassetcash":1.254538122E8,"invpayc":3.969E9,"loannetr":null,"subspaynetcash":2.666059327E7,"payinvecash":null,"incrcashpled":null,"invoutfitse":null,"invoutfform":null,"invcashoutf":4.12111440547E9,"netinvitse":null,"netinvform":null,"invnetcashflow":-1.45607129941E9,"invrececash":null,"subsrececash":null,"recefromloan":null,"issbdrececash":null,"recefincash":null,"fininflitse":null,"fininflform":null,"fincashinfl":0.0,"debtpaycash":3985323.93,"diviprofpaycash":1.839366476E9,"subspaydivid":null,"finrelacash":null,"finoutfitse":null,"finoutfform":null,"fincashoutf":1.84335179993E9,"finnetitse":null,"finnetform":null,"finnetcflow":-1.84335179993E9,"chgexchgchgs":null,"netcashitse":null,"netcashform":null,"cashnetr":-2.28975643022E9,"inicashbala":5.16869517259E9,"cashfinalitse":null,"cashfinalform":null,"finalcashbala":2.87893874237E9,"netprofit":1.8219542449E9,"minysharrigh":null,"unreinveloss":null,"asseimpa":null,"assedepr":2.1705252359E8,"realestadep":304655.36,"intaasseamor":3218900.01,"longdefeexpenamor":null,"prepexpedecr":null,"accrexpeincr":null,"dispfixedassetloss":-862656.48,"fixedassescraloss":null,"valuechgloss":null,"defeincoincr":null,"estidebts":null,"finexpe":-4.682807928E7,"inveloss":-7.912896324E7,"defetaxassetdecr":-5.404799206E7,"defetaxliabincr":null,"inveredu":2.4562821478E8,"receredu":-1.486629623E7,"payaincr":-1.08466293168E9,"unseparachg":null,"unfiparachg":null,"other":null,"biznetscheitse":null,"biznetscheform":1905049.45,"biznetcflow":1.00966666912E9,"debtintocapi":null,"expiconvbd":null,"finfixedasset":null,"cashfinalbala":2.87893874237E9,"cashopenbala":5.16869517259E9,"equfinalbala":null,"equopenbala":null,"netcashscheitse":null,"netcashscheform":null,"cashneti":-2.28975643022E9},{"compcode":"80064560","publishdate":"20170426","begindate":"20170101","enddate":"20170331","reporttype":"100111","adjustdate":"20170426","accstacode":"2","accstaname":"新会计准则","laborgetcash":3.45268701703E9,"deponetr":null,"bankloannetincr":null,"fininstnetr":null,"inspremcash":null,"insnetc":null,"savinetr":null,"disptradnetincr":null,"charintecash":null,"fdsborrnetr":null,"repnetincr":null,"taxrefd":null,"receotherbizcash":912851.12,"bizinflitse":null,"bizinflform":5936464.52,"bizcashinfl":3.45953633267E9,"labopayc":2.40536666889E9,"loansnetr":null,"tradepaymnetr":null,"paycompgold":null,"payintecash":null,"paydivicash":null,"payworkcash":2.2770420471E8,"paytax":4.746783777E8,"payacticash":4.4474575422E8,"bizoutfitse":null,"bizoutfform":null,"bizcashoutf":3.55249500552E9,"biznetitse":null,"biznetform":null,"mananetr":-9.295867285E7,"withinvgetcash":1.6E9,"inveretugetcash":3.453699848E7,"fixedassetnetc":226025.66,"subsnetc":null,"receinvcash":2.173279598E7,"reducashpled":null,"invinflitse":null,"invinffrom":null,"invcashinfl":1.65649582012E9,"acquassetcash":7.386465464E7,"invpayc":1.6E9,"loannetr":null,"subspaynetcash":1.466059328E7,"payinvecash":null,"incrcashpled":null,"invoutfitse":null,"invoutfform":null,"invcashoutf":1.68852524792E9,"netinvitse":null,"netinvform":null,"invnetcashflow":-3.20294278E7,"invrececash":null,"subsrececash":null,"recefromloan":null,"issbdrececash":null,"recefincash":null,"fininflitse":null,"fininflform":null,"fincashinfl":0.0,"debtpaycash":null,"diviprofpaycash":null,"subspaydivid":null,"finrelacash":null,"finoutfitse":null,"finoutfform":null,"fincashoutf":0.0,"finnetitse":null,"finnetform":null,"finnetcflow":0.0,"chgexchgchgs":null,"netcashitse":null,"netcashform":null,"cashnetr":-1.2498810065E8,"inicashbala":5.16869517259E9,"cashfinalitse":null,"cashfinalform":null,"finalcashbala":5.04370707194E9,"netprofit":null,"minysharrigh":null,"unreinveloss":null,"asseimpa":null,"assedepr":null,"realestadep":null,"intaasseamor":null,"longdefeexpenamor":null,"prepexpedecr":null,"accrexpeincr":null,"dispfixedassetloss":null,"fixedassescraloss":null,"valuechgloss":null,"defeincoincr":null,"estidebts":null,"finexpe":null,"inveloss":null,"defetaxassetdecr":null,"defetaxliabincr":null,"inveredu":null,"receredu":null,"payaincr":null,"unseparachg":null,"unfiparachg":null,"other":null,"biznetscheitse":null,"biznetscheform":null,"biznetcflow":null,"debtintocapi":null,"expiconvbd":null,"finfixedasset":null,"cashfinalbala":5.04370707194E9,"cashopenbala":5.16869517259E9,"equfinalbala":null,"equopenbala":null,"netcashscheitse":null,"netcashscheform":null,"cashneti":-1.2498810065E8},{"compcode":"80064560","publishdate":"20170323","begindate":"20160101","enddate":"20161231","reporttype":"100111","adjustdate":"20170323","accstacode":"2","accstaname":"新会计准则","laborgetcash":1.526137103748E10,"deponetr":null,"bankloannetincr":null,"fininstnetr":null,"inspremcash":null,"insnetc":null,"savinetr":null,"disptradnetincr":null,"charintecash":null,"fdsborrnetr":null,"repnetincr":null,"taxrefd":3629283.81,"receotherbizcash":3725189.95,"bizinflitse":null,"bizinflform":1.351585699E7,"bizcashinfl":1.528224136823E10,"labopayc":7.8667887894E9,"loansnetr":null,"tradepaymnetr":null,"paycompgold":null,"payintecash":null,"paydivicash":null,"payworkcash":5.9345132645E8,"paytax":1.48518720212E9,"payacticash":1.2627633025E9,"bizoutfitse":null,"bizoutfform":null,"bizcashoutf":1.120819062047E10,"biznetitse":null,"biznetform":null,"mananetr":4.07405074776E9,"withinvgetcash":4.07082821248E9,"inveretugetcash":8.707935919E7,"fixedassetnetc":91588.39,"subsnetc":null,"receinvcash":4.30684496E7,"reducashpled":null,"invinflitse":null,"invinffrom":null,"invcashinfl":4.20106760966E9,"acquassetcash":7.8806684033E8,"invpayc":5.17082821248E9,"loannetr":null,"subspaynetcash":null,"payinvecash":null,"incrcashpled":null,"invoutfitse":null,"invoutfform":null,"invcashoutf":5.95889505281E9,"netinvitse":null,"netinvform":null,"invnetcashflow":-1.75782744315E9,"invrececash":null,"subsrececash":null,"recefromloan":null,"issbdrececash":null,"recefincash":null,"fininflitse":null,"fininflform":null,"fincashinfl":0.0,"debtpaycash":null,"diviprofpaycash":1.6237476E9,"subspaydivid":null,"finrelacash":1.128350222E7,"finoutfitse":null,"finoutfform":null,"fincashoutf":1.63503110222E9,"finnetitse":null,"finnetform":null,"finnetcflow":-1.63503110222E9,"chgexchgchgs":null,"netcashitse":null,"netcashform":null,"cashnetr":6.8119220239E8,"inicashbala":4.4875029702E9,"cashfinalitse":null,"cashfinalform":null,"finalcashbala":5.16869517259E9,"netprofit":2.84313396817E9,"minysharrigh":null,"unreinveloss":null,"asseimpa":null,"assedepr":3.7463373141E8,"realestadep":609310.75,"intaasseamor":5981549.76,"longdefeexpenamor":null,"prepexpedecr":null,"accrexpeincr":null,"dispfixedassetloss":365646.16,"fixedassescraloss":null,"valuechgloss":null,"defeincoincr":null,"estidebts":null,"finexpe":-4.438644301E7,"inveloss":-8.707935919E7,"defetaxassetdecr":3.533071168E7,"defetaxliabincr":null,"inveredu":6.003967622E7,"receredu":8.128578652E7,"payaincr":8.1261757384E8,"unseparachg":null,"unfiparachg":null,"other":null,"biznetscheitse":null,"biznetscheform":-8481404.55,"biznetcflow":4.07405074776E9,"debtintocapi":null,"expiconvbd":null,"finfixedasset":null,"cashfinalbala":5.16869517259E9,"cashopenbala":4.4875029702E9,"equfinalbala":null,"equopenbala":null,"netcashscheitse":null,"netcashscheform":null,"cashneti":6.8119220239E8},{"compcode":"80064560","publishdate":"20161028","begindate":"20160101","enddate":"20160930","reporttype":"100111","adjustdate":"20161028","accstacode":"2","accstaname":"新会计准则","laborgetcash":9.77668040106E9,"deponetr":null,"bankloannetincr":null,"fininstnetr":null,"inspremcash":null,"insnetc":null,"savinetr":null,"disptradnetincr":null,"charintecash":null,"fdsborrnetr":null,"repnetincr":null,"taxrefd":2335267.52,"receotherbizcash":3047422.11,"bizinflitse":null,"bizinflform":8518484.93,"bizcashinfl":9.79058157562E9,"labopayc":5.53120152786E9,"loansnetr":null,"tradepaymnetr":null,"paycompgold":null,"payintecash":null,"paydivicash":null,"payworkcash":5.2153566758E8,"paytax":1.16577412628E9,"payacticash":8.0953215162E8,"bizoutfitse":null,"bizoutfform":null,"bizcashoutf":8.02804347334E9,"biznetitse":null,"biznetform":null,"mananetr":1.76253810228E9,"withinvgetcash":3.6E9,"inveretugetcash":6.011762784E7,"fixedassetnetc":71289.66,"subsnetc":null,"receinvcash":2.818865488E7,"reducashpled":null,"invinflitse":null,"invinffrom":null,"invcashinfl":3.68837757238E9,"acquassetcash":6.4350158381E8,"invpayc":4.63E9,"loannetr":null,"subspaynetcash":null,"payinvecash":null,"incrcashpled":null,"invoutfitse":null,"invoutfform":null,"invcashoutf":5.27350158381E9,"netinvitse":null,"netinvform":null,"invnetcashflow":-1.58512401143E9,"invrececash":null,"subsrececash":null,"recefromloan":null,"issbdrececash":null,"recefincash":null,"fininflitse":null,"fininflform":null,"fincashinfl":0.0,"debtpaycash":null,"diviprofpaycash":1.6237476E9,"subspaydivid":null,"finrelacash":null,"finoutfitse":null,"finoutfform":null,"fincashoutf":1.6237476E9,"finnetitse":null,"finnetform":null,"finnetcflow":-1.6237476E9,"chgexchgchgs":null,"netcashitse":null,"netcashform":null,"cashnetr":-1.44633350915E9,"inicashbala":4.4875029702E9,"cashfinalitse":null,"cashfinalform":null,"finalcashbala":3.04116946105E9,"netprofit":null,"minysharrigh":null,"unreinveloss":null,"asseimpa":null,"assedepr":null,"realestadep":null,"intaasseamor":null,"longdefeexpenamor":null,"prepexpedecr":null,"accrexpeincr":null,"dispfixedassetloss":null,"fixedassescraloss":null,"valuechgloss":null,"defeincoincr":null,"estidebts":null,"finexpe":null,"inveloss":null,"defetaxassetdecr":null,"defetaxliabincr":null,"inveredu":null,"receredu":null,"payaincr":null,"unseparachg":null,"unfiparachg":null,"other":null,"biznetscheitse":null,"biznetscheform":null,"biznetcflow":null,"debtintocapi":null,"expiconvbd":null,"finfixedasset":null,"cashfinalbala":3.04116946105E9,"cashopenbala":4.4875029702E9,"equfinalbala":null,"equopenbala":null,"netcashscheitse":null,"netcashscheform":null,"cashneti":-1.44633350915E9},{"compcode":"80064560","publishdate":"20160816","begindate":"20160101","enddate":"20160630","reporttype":"100111","adjustdate":"20160816","accstacode":"2","accstaname":"新会计准则","laborgetcash":6.38526882809E9,"deponetr":null,"bankloannetincr":null,"fininstnetr":null,"inspremcash":null,"insnetc":null,"savinetr":null,"disptradnetincr":null,"charintecash":null,"fdsborrnetr":null,"repnetincr":null,"taxrefd":2335267.52,"receotherbizcash":1647315.94,"bizinflitse":null,"bizinflform":2131425.0,"bizcashinfl":6.39138283655E9,"labopayc":3.60688433432E9,"loansnetr":null,"tradepaymnetr":null,"paycompgold":null,"payintecash":null,"paydivicash":null,"payworkcash":3.2339276412E8,"paytax":7.9060121696E8,"payacticash":6.2381779155E8,"bizoutfitse":null,"bizoutfform":null,"bizcashoutf":5.34469610695E9,"biznetitse":null,"biznetform":null,"mananetr":1.0466867296E9,"withinvgetcash":3.1E9,"inveretugetcash":4.200925477E7,"fixedassetnetc":17982.9,"subsnetc":null,"receinvcash":2.078234781E7,"reducashpled":null,"invinflitse":null,"invinffrom":null,"invcashinfl":3.16280958548E9,"acquassetcash":4.2843926469E8,"invpayc":3.87E9,"loannetr":null,"subspaynetcash":null,"payinvecash":null,"incrcashpled":null,"invoutfitse":null,"invoutfform":null,"invcashoutf":4.29843926469E9,"netinvitse":null,"netinvform":null,"invnetcashflow":-1.13562967921E9,"invrececash":null,"subsrececash":null,"recefromloan":null,"issbdrececash":null,"recefincash":null,"fininflitse":null,"fininflform":null,"fincashinfl":0.0,"debtpaycash":null,"diviprofpaycash":1.6237476E9,"subspaydivid":null,"finrelacash":null,"finoutfitse":null,"finoutfform":null,"fincashoutf":1.6237476E9,"finnetitse":null,"finnetform":null,"finnetcflow":-1.6237476E9,"chgexchgchgs":null,"netcashitse":null,"netcashform":null,"cashnetr":-1.71269054961E9,"inicashbala":4.4875029702E9,"cashfinalitse":null,"cashfinalform":null,"finalcashbala":2.77481242059E9,"netprofit":1.4859255762E9,"minysharrigh":null,"unreinveloss":null,"asseimpa":null,"assedepr":1.8145165081E8,"realestadep":304655.41,"intaasseamor":2994414.37,"longdefeexpenamor":null,"prepexpedecr":null,"accrexpeincr":null,"dispfixedassetloss":315857.05,"fixedassescraloss":null,"valuechgloss":null,"defeincoincr":null,"estidebts":null,"finexpe":-2.027484793E7,"inveloss":-4.200925477E7,"defetaxassetdecr":1.899168537E7,"defetaxliabincr":null,"inveredu":2.7081424916E8,"receredu":9716132.15,"payaincr":-8.8154379333E8,"unseparachg":null,"unfiparachg":null,"other":null,"biznetscheitse":null,"biznetscheform":2.000040511E7,"biznetcflow":1.0466867296E9,"debtintocapi":null,"expiconvbd":null,"finfixedasset":null,"cashfinalbala":2.77481242059E9,"cashopenbala":4.4875029702E9,"equfinalbala":null,"equopenbala":null,"netcashscheitse":null,"netcashscheform":null,"cashneti":-1.71269054961E9},{"compcode":"80064560","publishdate":"20160429","begindate":"20160101","enddate":"20160331","reporttype":"100111","adjustdate":"20160429","accstacode":"2","accstaname":"新会计准则","laborgetcash":3.09112700427E9,"deponetr":null,"bankloannetincr":null,"fininstnetr":null,"inspremcash":null,"insnetc":null,"savinetr":null,"disptradnetincr":null,"charintecash":null,"fdsborrnetr":null,"repnetincr":null,"taxrefd":1364684.46,"receotherbizcash":964801.85,"bizinflitse":null,"bizinflform":305000.0,"bizcashinfl":3.09376149058E9,"labopayc":1.93386359757E9,"loansnetr":null,"tradepaymnetr":null,"paycompgold":null,"payintecash":null,"paydivicash":null,"payworkcash":2.0475289115E8,"paytax":4.0634821591E8,"payacticash":3.2405406465E8,"bizoutfitse":null,"bizoutfform":null,"bizcashoutf":2.86901876928E9,"biznetitse":null,"biznetform":null,"mananetr":2.247427213E8,"withinvgetcash":5.0E8,"inveretugetcash":1.763579132E7,"fixedassetnetc":17982.9,"subsnetc":null,"receinvcash":1.286835788E7,"reducashpled":null,"invinflitse":null,"invinffrom":null,"invcashinfl":5.305221321E8,"acquassetcash":2.7232881893E8,"invpayc":7.0E8,"loannetr":null,"subspaynetcash":null,"payinvecash":null,"incrcashpled":null,"invoutfitse":null,"invoutfform":null,"invcashoutf":9.7232881893E8,"netinvitse":null,"netinvform":null,"invnetcashflow":-4.4180668683E8,"invrececash":null,"subsrececash":null,"recefromloan":null,"issbdrececash":null,"recefincash":null,"fininflitse":null,"fininflform":null,"fincashinfl":0.0,"debtpaycash":null,"diviprofpaycash":null,"subspaydivid":null,"finrelacash":null,"finoutfitse":null,"finoutfform":null,"fincashoutf":0.0,"finnetitse":null,"finnetform":null,"finnetcflow":0.0,"chgexchgchgs":null,"netcashitse":null,"netcashform":null,"cashnetr":-2.1706396553E8,"inicashbala":4.4875029702E9,"cashfinalitse":null,"cashfinalform":null,"finalcashbala":4.27043900467E9,"netprofit":null,"minysharrigh":null,"unreinveloss":null,"asseimpa":null,"assedepr":null,"realestadep":null,"intaasseamor":null,"longdefeexpenamor":null,"prepexpedecr":null,"accrexpeincr":null,"dispfixedassetloss":null,"fixedassescraloss":null,"valuechgloss":null,"defeincoincr":null,"estidebts":null,"finexpe":null,"inveloss":null,"defetaxassetdecr":null,"defetaxliabincr":null,"inveredu":null,"receredu":null,"payaincr":null,"unseparachg":null,"unfiparachg":null,"other":null,"biznetscheitse":null,"biznetscheform":null,"biznetcflow":null,"debtintocapi":null,"expiconvbd":null,"finfixedasset":null,"cashfinalbala":4.27043900467E9,"cashopenbala":4.4875029702E9,"equfinalbala":null,"equopenbala":null,"netcashscheitse":null,"netcashscheform":null,"cashneti":-2.1706396553E8},{"compcode":"80064560","publishdate":"20160310","begindate":"20150101","enddate":"20151231","reporttype":"100111","adjustdate":"20160310","accstacode":"2","accstaname":"新会计准则","laborgetcash":1.231871162139E10,"deponetr":null,"bankloannetincr":null,"fininstnetr":null,"inspremcash":null,"insnetc":null,"savinetr":null,"disptradnetincr":null,"charintecash":null,"fdsborrnetr":null,"repnetincr":null,"taxrefd":2707698.12,"receotherbizcash":7895329.89,"bizinflitse":null,"bizinflform":1.8596955E7,"bizcashinfl":1.23479116044E10,"labopayc":7.24203673572E9,"loansnetr":null,"tradepaymnetr":null,"paycompgold":null,"payintecash":null,"paydivicash":null,"payworkcash":5.5336898999E8,"paytax":1.37905651892E9,"payacticash":9.7861770342E8,"bizoutfitse":null,"bizoutfform":null,"bizcashoutf":1.015307994805E10,"biznetitse":null,"biznetform":null,"mananetr":2.19483165635E9,"withinvgetcash":2.7E9,"inveretugetcash":7.056804626E7,"fixedassetnetc":779989.03,"subsnetc":null,"receinvcash":5.669619664E7,"reducashpled":null,"invinflitse":null,"invinffrom":null,"invcashinfl":2.82804423193E9,"acquassetcash":7.4428121714E8,"invpayc":2.4E9,"loannetr":null,"subspaynetcash":null,"payinvecash":null,"incrcashpled":null,"invoutfitse":null,"invoutfform":1500000.0,"invcashoutf":3.14578121714E9,"netinvitse":null,"netinvform":null,"invnetcashflow":-3.1773698521E8,"invrececash":null,"subsrececash":null,"recefromloan":null,"issbdrececash":null,"recefincash":null,"fininflitse":null,"fininflform":null,"fincashinfl":0.0,"debtpaycash":null,"diviprofpaycash":1.278043E9,"subspaydivid":null,"finrelacash":1843600.0,"finoutfitse":null,"finoutfform":null,"fincashoutf":1.2798866E9,"finnetitse":null,"finnetform":null,"finnetcflow":-1.2798866E9,"chgexchgchgs":null,"netcashitse":null,"netcashform":null,"cashnetr":5.9720807114E8,"inicashbala":3.89029489906E9,"cashfinalitse":null,"cashfinalform":null,"finalcashbala":4.4875029702E9,"netprofit":2.50963236733E9,"minysharrigh":null,"unreinveloss":null,"asseimpa":null,"assedepr":3.4720667853E8,"realestadep":609310.88,"intaasseamor":5818376.39,"longdefeexpenamor":null,"prepexpedecr":null,"accrexpeincr":null,"dispfixedassetloss":497120.36,"fixedassescraloss":null,"valuechgloss":null,"defeincoincr":null,"estidebts":null,"finexpe":-4.77678219E7,"inveloss":-7.056804626E7,"defetaxassetdecr":-1.14526803E7,"defetaxliabincr":null,"inveredu":1.5428431033E8,"receredu":-1.231929198E7,"payaincr":-7.1563222891E8,"unseparachg":null,"unfiparachg":null,"other":null,"biznetscheitse":null,"biznetscheform":3.452356188E7,"biznetcflow":2.19483165635E9,"debtintocapi":null,"expiconvbd":null,"finfixedasset":null,"cashfinalbala":4.4875029702E9,"cashopenbala":3.89029489906E9,"equfinalbala":null,"equopenbala":null,"netcashscheitse":null,"netcashscheform":null,"cashneti":5.9720807114E8},{"compcode":"80064560","publishdate":"20151022","begindate":"20150101","enddate":"20150930","reporttype":"100111","adjustdate":"20151022","accstacode":"2","accstaname":"新会计准则","laborgetcash":7.75669185348E9,"deponetr":null,"bankloannetincr":null,"fininstnetr":null,"inspremcash":null,"insnetc":null,"savinetr":null,"disptradnetincr":null,"charintecash":null,"fdsborrnetr":null,"repnetincr":null,"taxrefd":null,"receotherbizcash":2248975.46,"bizinflitse":null,"bizinflform":8544412.0,"bizcashinfl":7.76748524094E9,"labopayc":5.02656120228E9,"loansnetr":null,"tradepaymnetr":null,"paycompgold":null,"payintecash":null,"paydivicash":null,"payworkcash":4.3359138894E8,"paytax":9.7092603467E8,"payacticash":6.8911137791E8,"bizoutfitse":null,"bizoutfform":null,"bizcashoutf":7.1201900038E9,"biznetitse":null,"biznetform":null,"mananetr":6.4729523714E8,"withinvgetcash":1.8E9,"inveretugetcash":5.027196088E7,"fixedassetnetc":1559742.3,"subsnetc":null,"receinvcash":4.742597439E7,"reducashpled":null,"invinflitse":null,"invinffrom":null,"invcashinfl":1.89925767757E9,"acquassetcash":5.4131586937E8,"invpayc":1.5E9,"loannetr":null,"subspaynetcash":null,"payinvecash":null,"incrcashpled":null,"invoutfitse":null,"invoutfform":null,"invcashoutf":2.04131586937E9,"netinvitse":null,"netinvform":null,"invnetcashflow":-1.420581918E8,"invrececash":null,"subsrececash":null,"recefromloan":null,"issbdrececash":null,"recefincash":null,"fininflitse":null,"fininflform":null,"fincashinfl":0.0,"debtpaycash":null,"diviprofpaycash":1.278043E9,"subspaydivid":null,"finrelacash":1843600.0,"finoutfitse":null,"finoutfform":null,"fincashoutf":1.2798866E9,"finnetitse":null,"finnetform":null,"finnetcflow":-1.2798866E9,"chgexchgchgs":null,"netcashitse":null,"netcashform":null,"cashnetr":-7.7464955466E8,"inicashbala":3.89029489906E9,"cashfinalitse":null,"cashfinalform":null,"finalcashbala":3.1156453444E9,"netprofit":null,"minysharrigh":null,"unreinveloss":null,"asseimpa":null,"assedepr":null,"realestadep":null,"intaasseamor":null,"longdefeexpenamor":null,"prepexpedecr":null,"accrexpeincr":null,"dispfixedassetloss":null,"fixedassescraloss":null,"valuechgloss":null,"defeincoincr":null,"estidebts":null,"finexpe":null,"inveloss":null,"defetaxassetdecr":null,"defetaxliabincr":null,"inveredu":null,"receredu":null,"payaincr":null,"unseparachg":null,"unfiparachg":null,"other":null,"biznetscheitse":null,"biznetscheform":null,"biznetcflow":null,"debtintocapi":null,"expiconvbd":null,"finfixedasset":null,"cashfinalbala":3.1156453444E9,"cashopenbala":3.89029489906E9,"equfinalbala":null,"equopenbala":null,"netcashscheitse":null,"netcashscheform":null,"cashneti":-7.7464955466E8},{"compcode":"80064560","publishdate":"20150814","begindate":"20150101","enddate":"20150630","reporttype":"100111","adjustdate":"20150814","accstacode":"2","accstaname":"新会计准则","laborgetcash":4.83522434122E9,"deponetr":null,"bankloannetincr":null,"fininstnetr":null,"inspremcash":null,"insnetc":null,"savinetr":null,"disptradnetincr":null,"charintecash":null,"fdsborrnetr":null,"repnetincr":null,"taxrefd":null,"receotherbizcash":1228689.69,"bizinflitse":null,"bizinflform":8261312.0,"bizcashinfl":4.84471434291E9,"labopayc":3.28622366085E9,"loansnetr":null,"tradepaymnetr":null,"paycompgold":null,"payintecash":null,"paydivicash":null,"payworkcash":3.1287147278E8,"paytax":6.5689764033E8,"payacticash":4.5446604492E8,"bizoutfitse":null,"bizoutfform":null,"bizcashoutf":4.71045881888E9,"biznetitse":null,"biznetform":null,"mananetr":1.3425552403E8,"withinvgetcash":1.8E9,"inveretugetcash":3.612135084E7,"fixedassetnetc":93687.68,"subsnetc":null,"receinvcash":3.846477127E7,"reducashpled":null,"invinflitse":null,"invinffrom":null,"invcashinfl":1.87467980979E9,"acquassetcash":3.6069035699E8,"invpayc":1.2E9,"loannetr":null,"subspaynetcash":null,"payinvecash":null,"incrcashpled":null,"invoutfitse":null,"invoutfform":null,"invcashoutf":1.56069035699E9,"netinvitse":null,"netinvform":null,"invnetcashflow":3.139894528E8,"invrececash":null,"subsrececash":null,"recefromloan":null,"issbdrececash":null,"recefincash":null,"fininflitse":null,"fininflform":null,"fincashinfl":0.0,"debtpaycash":null,"diviprofpaycash":1.278043E9,"subspaydivid":null,"finrelacash":null,"finoutfitse":null,"finoutfform":null,"fincashoutf":1.278043E9,"finnetitse":null,"finnetform":null,"finnetcflow":-1.278043E9,"chgexchgchgs":null,"netcashitse":null,"netcashform":null,"cashnetr":-8.2979802317E8,"inicashbala":3.89029489906E9,"cashfinalitse":null,"cashfinalform":null,"finalcashbala":3.06049687589E9,"netprofit":1.33520784062E9,"minysharrigh":null,"unreinveloss":null,"asseimpa":null,"assedepr":1.6749355431E8,"realestadep":304655.41,"intaasseamor":2877855.48,"longdefeexpenamor":null,"prepexpedecr":null,"accrexpeincr":null,"dispfixedassetloss":62626.45,"fixedassescraloss":null,"valuechgloss":null,"defeincoincr":null,"estidebts":null,"finexpe":-3.002739165E7,"inveloss":-3.612135084E7,"defetaxassetdecr":695085.0,"defetaxliabincr":null,"inveredu":4.0277782149E8,"receredu":2.933639829E7,"payaincr":-1.75737536671E9,"unseparachg":null,"unfiparachg":null,"other":null,"biznetscheitse":null,"biznetscheform":1.902379618E7,"biznetcflow":1.3425552403E8,"debtintocapi":null,"expiconvbd":null,"finfixedasset":null,"cashfinalbala":3.06049687589E9,"cashopenbala":3.89029489906E9,"equfinalbala":null,"equopenbala":null,"netcashscheitse":null,"netcashscheform":null,"cashneti":-8.2979802317E8},{"compcode":"80064560","publishdate":"20150430","begindate":"20150101","enddate":"20150331","reporttype":"100111","adjustdate":"20150430","accstacode":"2","accstaname":"新会计准则","laborgetcash":2.03119430405E9,"deponetr":null,"bankloannetincr":null,"fininstnetr":null,"inspremcash":null,"insnetc":null,"savinetr":null,"disptradnetincr":null,"charintecash":null,"fdsborrnetr":null,"repnetincr":null,"taxrefd":null,"receotherbizcash":586492.2,"bizinflitse":null,"bizinflform":8085165.0,"bizcashinfl":2.03986596125E9,"labopayc":1.81708357469E9,"loansnetr":null,"tradepaymnetr":null,"paycompgold":null,"payintecash":null,"paydivicash":null,"payworkcash":2.0077402348E8,"paytax":3.3458608158E8,"payacticash":2.6890119739E8,"bizoutfitse":null,"bizoutfform":null,"bizcashoutf":2.62134487714E9,"biznetitse":null,"biznetform":null,"mananetr":-5.8147891589E8,"withinvgetcash":1.2E9,"inveretugetcash":null,"fixedassetnetc":170.94,"subsnetc":null,"receinvcash":2.190729049E7,"reducashpled":null,"invinflitse":null,"invinffrom":null,"invcashinfl":1.22190746143E9,"acquassetcash":1.8940322976E8,"invpayc":null,"loannetr":null,"subspaynetcash":null,"payinvecash":null,"incrcashpled":null,"invoutfitse":null,"invoutfform":null,"invcashoutf":1.8940322976E8,"netinvitse":null,"netinvform":null,"invnetcashflow":1.03250423167E9,"invrececash":null,"subsrececash":null,"recefromloan":null,"issbdrececash":null,"recefincash":null,"fininflitse":null,"fininflform":null,"fincashinfl":0.0,"debtpaycash":null,"diviprofpaycash":null,"subspaydivid":null,"finrelacash":null,"finoutfitse":null,"finoutfform":null,"fincashoutf":0.0,"finnetitse":null,"finnetform":null,"finnetcflow":0.0,"chgexchgchgs":null,"netcashitse":null,"netcashform":null,"cashnetr":4.5102531578E8,"inicashbala":3.89029489906E9,"cashfinalitse":null,"cashfinalform":null,"finalcashbala":4.34132021484E9,"netprofit":null,"minysharrigh":null,"unreinveloss":null,"asseimpa":null,"assedepr":null,"realestadep":null,"intaasseamor":null,"longdefeexpenamor":null,"prepexpedecr":null,"accrexpeincr":null,"dispfixedassetloss":null,"fixedassescraloss":null,"valuechgloss":null,"defeincoincr":null,"estidebts":null,"finexpe":null,"inveloss":null,"defetaxassetdecr":null,"defetaxliabincr":null,"inveredu":null,"receredu":null,"payaincr":null,"unseparachg":null,"unfiparachg":null,"other":null,"biznetscheitse":null,"biznetscheform":null,"biznetcflow":null,"debtintocapi":null,"expiconvbd":null,"finfixedasset":null,"cashfinalbala":4.34132021484E9,"cashopenbala":3.89029489906E9,"equfinalbala":null,"equopenbala":null,"netcashscheitse":null,"netcashscheform":null,"cashneti":4.5102531578E8},{"compcode":"80064560","publishdate":"20150310","begindate":"20140101","enddate":"20141231","reporttype":"100111","adjustdate":"20150310","accstacode":"2","accstaname":"新会计准则","laborgetcash":1.179115278628E10,"deponetr":null,"bankloannetincr":null,"fininstnetr":null,"inspremcash":null,"insnetc":null,"savinetr":null,"disptradnetincr":null,"charintecash":null,"fdsborrnetr":null,"repnetincr":null,"taxrefd":null,"receotherbizcash":1.872405416E7,"bizinflitse":null,"bizinflform":6.462538254E7,"bizcashinfl":1.187450222298E10,"labopayc":6.66446188848E9,"loansnetr":null,"tradepaymnetr":null,"paycompgold":null,"payintecash":null,"paydivicash":null,"payworkcash":4.9756261595E8,"paytax":1.17412520795E9,"payacticash":7.9902168499E8,"bizoutfitse":null,"bizoutfform":null,"bizcashoutf":9.13517139737E9,"biznetitse":null,"biznetform":null,"mananetr":2.73933082561E9,"withinvgetcash":null,"inveretugetcash":null,"fixedassetnetc":6.983383147E7,"subsnetc":null,"receinvcash":4.044423992E7,"reducashpled":null,"invinflitse":null,"invinffrom":null,"invcashinfl":1.1027807139E8,"acquassetcash":8.8159742173E8,"invpayc":1.8E9,"loannetr":null,"subspaynetcash":1000000.0,"payinvecash":null,"incrcashpled":null,"invoutfitse":null,"invoutfform":3.300944738E7,"invcashoutf":2.71560686911E9,"netinvitse":null,"netinvform":null,"invnetcashflow":-2.60532879772E9,"invrececash":1.856109375E9,"subsrececash":1000000.0,"recefromloan":null,"issbdrececash":null,"recefincash":null,"fininflitse":null,"fininflform":1.158738E8,"fincashinfl":1.971983175E9,"debtpaycash":5.35E7,"diviprofpaycash":3.7425E8,"subspaydivid":null,"finrelacash":6875168.54,"finoutfitse":null,"finoutfform":null,"fincashoutf":4.3462516854E8,"finnetitse":null,"finnetform":null,"finnetcflow":1.53735800646E9,"chgexchgchgs":486.0,"netcashitse":null,"netcashform":null,"cashnetr":1.67136052035E9,"inicashbala":2.21893437871E9,"cashfinalitse":null,"cashfinalform":null,"finalcashbala":3.89029489906E9,"netprofit":2.08990604953E9,"minysharrigh":null,"unreinveloss":null,"asseimpa":null,"assedepr":2.7824147655E8,"realestadep":609310.83,"intaasseamor":3941422.94,"longdefeexpenamor":null,"prepexpedecr":null,"accrexpeincr":null,"dispfixedassetloss":-6.016142E7,"fixedassescraloss":null,"valuechgloss":null,"defeincoincr":null,"estidebts":null,"finexpe":-4.963506698E7,"inveloss":null,"defetaxassetdecr":-1.910643965E7,"defetaxliabincr":-1.009709496E7,"inveredu":-1.4096354542E8,"receredu":-9475407.69,"payaincr":6.496768198E8,"unseparachg":null,"unfiparachg":null,"other":null,"biznetscheitse":null,"biznetscheform":6394720.66,"biznetcflow":2.73933082561E9,"debtintocapi":null,"expiconvbd":null,"finfixedasset":null,"cashfinalbala":3.89029489906E9,"cashopenbala":2.21893437871E9,"equfinalbala":null,"equopenbala":null,"netcashscheitse":null,"netcashscheform":null,"cashneti":1.67136052035E9},{"compcode":"80064560","publishdate":"20141021","begindate":"20140101","enddate":"20140930","reporttype":"100111","adjustdate":"20141021","accstacode":"2","accstaname":"新会计准则","laborgetcash":7.0954793394E9,"deponetr":null,"bankloannetincr":null,"fininstnetr":null,"inspremcash":null,"insnetc":null,"savinetr":null,"disptradnetincr":null,"charintecash":null,"fdsborrnetr":null,"repnetincr":null,"taxrefd":null,"receotherbizcash":1.698509301E7,"bizinflitse":null,"bizinflform":null,"bizcashinfl":7.11246443241E9,"labopayc":4.66370921969E9,"loansnetr":null,"tradepaymnetr":null,"paycompgold":null,"payintecash":null,"paydivicash":null,"payworkcash":4.262780116E8,"paytax":8.8632569662E8,"payacticash":5.0362183632E8,"bizoutfitse":null,"bizoutfform":null,"bizcashoutf":6.47993476423E9,"biznetitse":null,"biznetform":null,"mananetr":6.3252966818E8,"withinvgetcash":null,"inveretugetcash":null,"fixedassetnetc":7.386362093E7,"subsnetc":null,"receinvcash":1.867869703E7,"reducashpled":null,"invinflitse":null,"invinffrom":null,"invcashinfl":9.254231796E7,"acquassetcash":6.7457879359E8,"invpayc":1.821E9,"loannetr":null,"subspaynetcash":null,"payinvecash":null,"incrcashpled":null,"invoutfitse":null,"invoutfform":null,"invcashoutf":2.49557879359E9,"netinvitse":null,"netinvform":null,"invnetcashflow":-2.40303647563E9,"invrececash":1.856109375E9,"subsrececash":1000000.0,"recefromloan":null,"issbdrececash":null,"recefincash":null,"fininflitse":null,"fininflform":null,"fincashinfl":1.856109375E9,"debtpaycash":5.35E7,"diviprofpaycash":3.7425E8,"subspaydivid":null,"finrelacash":6875168.54,"finoutfitse":null,"finoutfform":null,"fincashoutf":4.3462516854E8,"finnetitse":null,"finnetform":null,"finnetcflow":1.42148420646E9,"chgexchgchgs":1191.38,"netcashitse":null,"netcashform":null,"cashnetr":-3.4902140961E8,"inicashbala":2.21893437871E9,"cashfinalitse":null,"cashfinalform":null,"finalcashbala":1.8699129691E9,"netprofit":null,"minysharrigh":null,"unreinveloss":null,"asseimpa":null,"assedepr":null,"realestadep":null,"intaasseamor":null,"longdefeexpenamor":null,"prepexpedecr":null,"accrexpeincr":null,"dispfixedassetloss":null,"fixedassescraloss":null,"valuechgloss":null,"defeincoincr":null,"estidebts":null,"finexpe":null,"inveloss":null,"defetaxassetdecr":null,"defetaxliabincr":null,"inveredu":null,"receredu":null,"payaincr":null,"unseparachg":null,"unfiparachg":null,"other":null,"biznetscheitse":null,"biznetscheform":null,"biznetcflow":null,"debtintocapi":null,"expiconvbd":null,"finfixedasset":null,"cashfinalbala":1.8699129691E9,"cashopenbala":2.21893437871E9,"equfinalbala":null,"equopenbala":null,"netcashscheitse":null,"netcashscheform":null,"cashneti":-3.4902140961E8},{"compcode":"80064560","publishdate":"20140820","begindate":"20140101","enddate":"20140630","reporttype":"100111","adjustdate":"20140820","accstacode":"2","accstaname":"新会计准则","laborgetcash":4.40491507591E9,"deponetr":null,"bankloannetincr":null,"fininstnetr":null,"inspremcash":null,"insnetc":null,"savinetr":null,"disptradnetincr":null,"charintecash":null,"fdsborrnetr":null,"repnetincr":null,"taxrefd":null,"receotherbizcash":1314830.89,"bizinflitse":null,"bizinflform":1.502383254E7,"bizcashinfl":4.42125373934E9,"labopayc":3.04396573866E9,"loansnetr":null,"tradepaymnetr":null,"paycompgold":null,"payintecash":null,"paydivicash":null,"payworkcash":2.9186774374E8,"paytax":6.2366869761E8,"payacticash":3.540035549E8,"bizoutfitse":null,"bizoutfform":null,"bizcashoutf":4.31350573491E9,"biznetitse":null,"biznetform":null,"mananetr":1.0774800443E8,"withinvgetcash":null,"inveretugetcash":null,"fixedassetnetc":7.136156675E7,"subsnetc":null,"receinvcash":1.375910564E7,"reducashpled":null,"invinflitse":null,"invinffrom":null,"invcashinfl":8.512067239E7,"acquassetcash":3.9423565494E8,"invpayc":1.5E9,"loannetr":null,"subspaynetcash":null,"payinvecash":null,"incrcashpled":null,"invoutfitse":null,"invoutfform":7.9810605E7,"invcashoutf":1.97404625994E9,"netinvitse":null,"netinvform":null,"invnetcashflow":-1.88892558755E9,"invrececash":1.856109375E9,"subsrececash":1000000.0,"recefromloan":null,"issbdrececash":null,"recefincash":null,"fininflitse":null,"fininflform":null,"fincashinfl":1.856109375E9,"debtpaycash":null,"diviprofpaycash":3.7425E8,"subspaydivid":null,"finrelacash":6875168.54,"finoutfitse":null,"finoutfform":null,"fincashoutf":3.8112516854E8,"finnetitse":null,"finnetform":null,"finnetcflow":1.47498420646E9,"chgexchgchgs":1437.23,"netcashitse":null,"netcashform":null,"cashnetr":-3.0619193943E8,"inicashbala":2.21893437871E9,"cashfinalitse":null,"cashfinalform":null,"finalcashbala":1.91274243928E9,"netprofit":1.09541203439E9,"minysharrigh":null,"unreinveloss":null,"asseimpa":null,"assedepr":1.2808274302E8,"realestadep":304655.41,"intaasseamor":1453313.55,"longdefeexpenamor":null,"prepexpedecr":null,"accrexpeincr":null,"dispfixedassetloss":-6.073369985E7,"fixedassescraloss":null,"valuechgloss":null,"defeincoincr":null,"estidebts":null,"finexpe":-1.555530226E7,"inveloss":null,"defetaxassetdecr":1.024776669E7,"defetaxliabincr":2.735021395E7,"inveredu":3.46786111E8,"receredu":4.216387229E7,"payaincr":-1.46776370376E9,"unseparachg":null,"unfiparachg":null,"other":null,"biznetscheitse":null,"biznetscheform":null,"biznetcflow":1.0774800443E8,"debtintocapi":null,"expiconvbd":null,"finfixedasset":null,"cashfinalbala":1.91274243928E9,"cashopenbala":2.21893437871E9,"equfinalbala":null,"equopenbala":null,"netcashscheitse":null,"netcashscheform":null,"cashneti":-3.0619193943E8},{"compcode":"80064560","publishdate":"20140430","begindate":"20140101","enddate":"20140331","reporttype":"100111","adjustdate":"20140430","accstacode":"2","accstaname":"新会计准则","laborgetcash":1.92910526762E9,"deponetr":null,"bankloannetincr":null,"fininstnetr":null,"inspremcash":null,"insnetc":null,"savinetr":null,"disptradnetincr":null,"charintecash":null,"fdsborrnetr":null,"repnetincr":null,"taxrefd":null,"receotherbizcash":862188.24,"bizinflitse":null,"bizinflform":null,"bizcashinfl":1.92996745586E9,"labopayc":1.63511807086E9,"loansnetr":null,"tradepaymnetr":null,"paycompgold":null,"payintecash":null,"paydivicash":null,"payworkcash":1.857891144E8,"paytax":3.1422502232E8,"payacticash":1.9841080207E8,"bizoutfitse":null,"bizoutfform":null,"bizcashoutf":2.33354300965E9,"biznetitse":null,"biznetform":null,"mananetr":-4.0357555379E8,"withinvgetcash":null,"inveretugetcash":null,"fixedassetnetc":6.650421238E7,"subsnetc":null,"receinvcash":6968126.9,"reducashpled":null,"invinflitse":null,"invinffrom":null,"invcashinfl":7.347233928E7,"acquassetcash":1.7985048265E8,"invpayc":null,"loannetr":null,"subspaynetcash":null,"payinvecash":null,"incrcashpled":null,"invoutfitse":null,"invoutfform":null,"invcashoutf":1.7985048265E8,"netinvitse":null,"netinvform":null,"invnetcashflow":-1.0637814337E8,"invrececash":1.855109375E9,"subsrececash":null,"recefromloan":null,"issbdrececash":null,"recefincash":null,"fininflitse":null,"fininflform":null,"fincashinfl":1.855109375E9,"debtpaycash":null,"diviprofpaycash":null,"subspaydivid":null,"finrelacash":2316210.54,"finoutfitse":null,"finoutfform":null,"fincashoutf":2316210.54,"finnetitse":null,"finnetform":null,"finnetcflow":1.85279316446E9,"chgexchgchgs":-2609.69,"netcashitse":null,"netcashform":null,"cashnetr":1.34283685761E9,"inicashbala":2.21893437871E9,"cashfinalitse":null,"cashfinalform":null,"finalcashbala":3.56177123632E9,"netprofit":null,"minysharrigh":null,"unreinveloss":null,"asseimpa":null,"assedepr":null,"realestadep":null,"intaasseamor":null,"longdefeexpenamor":null,"prepexpedecr":null,"accrexpeincr":null,"dispfixedassetloss":null,"fixedassescraloss":null,"valuechgloss":null,"defeincoincr":null,"estidebts":null,"finexpe":null,"inveloss":null,"defetaxassetdecr":null,"defetaxliabincr":null,"inveredu":null,"receredu":null,"payaincr":null,"unseparachg":null,"unfiparachg":null,"other":null,"biznetscheitse":null,"biznetscheform":null,"biznetcflow":null,"debtintocapi":null,"expiconvbd":null,"finfixedasset":null,"cashfinalbala":3.56177123632E9,"cashopenbala":2.21893437871E9,"equfinalbala":null,"equopenbala":null,"netcashscheitse":null,"netcashscheform":null,"cashneti":1.34283685761E9},{"compcode":"80064560","publishdate":"20140325","begindate":"20130101","enddate":"20131231","reporttype":"100111","adjustdate":"20140325","accstacode":"2","accstaname":"新会计准则","laborgetcash":9.90585176059E9,"deponetr":null,"bankloannetincr":null,"fininstnetr":null,"inspremcash":null,"insnetc":null,"savinetr":null,"disptradnetincr":null,"charintecash":null,"fdsborrnetr":null,"repnetincr":null,"taxrefd":null,"receotherbizcash":3772614.52,"bizinflitse":null,"bizinflform":1.642894381E7,"bizcashinfl":9.92605331892E9,"labopayc":5.86611296888E9,"loansnetr":null,"tradepaymnetr":null,"paycompgold":null,"payintecash":null,"paydivicash":null,"payworkcash":4.2651960851E8,"paytax":1.02490019231E9,"payacticash":6.7833311981E8,"bizoutfitse":null,"bizoutfform":null,"bizcashoutf":7.99586588951E9,"biznetitse":null,"biznetform":null,"mananetr":1.93018742941E9,"withinvgetcash":1.5756966E8,"inveretugetcash":null,"fixedassetnetc":1.7157783996E8,"subsnetc":null,"receinvcash":1.756851011E7,"reducashpled":null,"invinflitse":null,"invinffrom":null,"invcashinfl":3.4671601007E8,"acquassetcash":1.01365562757E9,"invpayc":null,"loannetr":null,"subspaynetcash":null,"payinvecash":null,"incrcashpled":null,"invoutfitse":null,"invoutfform":null,"invcashoutf":1.01365562757E9,"netinvitse":null,"netinvform":null,"invnetcashflow":-6.669396175E8,"invrececash":null,"subsrececash":null,"recefromloan":null,"issbdrececash":null,"recefincash":null,"fininflitse":null,"fininflform":null,"fincashinfl":0.0,"debtpaycash":null,"diviprofpaycash":1.3509E9,"subspaydivid":null,"finrelacash":3390230.38,"finoutfitse":null,"finoutfform":null,"fincashoutf":1.35429023038E9,"finnetitse":null,"finnetform":null,"finnetcflow":-1.35429023038E9,"chgexchgchgs":-10392.25,"netcashitse":null,"netcashform":null,"cashnetr":-9.105281072E7,"inicashbala":2.30998718943E9,"cashfinalitse":null,"cashfinalform":null,"finalcashbala":2.21893437871E9,"netprofit":1.60641879167E9,"minysharrigh":null,"unreinveloss":null,"asseimpa":null,"assedepr":2.1969498314E8,"realestadep":607223.1,"intaasseamor":4660469.56,"longdefeexpenamor":null,"prepexpedecr":null,"accrexpeincr":null,"dispfixedassetloss":-6.122992604E7,"fixedassescraloss":null,"valuechgloss":null,"defeincoincr":null,"estidebts":null,"finexpe":-1.749905737E7,"inveloss":null,"defetaxassetdecr":-2.39166987E7,"defetaxliabincr":6526715.8,"inveredu":-1.6054804234E8,"receredu":-4.060402083E7,"payaincr":3.9607699142E8,"unseparachg":null,"unfiparachg":null,"other":null,"biznetscheitse":null,"biznetscheform":null,"biznetcflow":1.93018742941E9,"debtintocapi":null,"expiconvbd":null,"finfixedasset":null,"cashfinalbala":2.21893437871E9,"cashopenbala":2.30998718943E9,"equfinalbala":null,"equopenbala":null,"netcashscheitse":null,"netcashscheform":null,"cashneti":-9.105281072E7},{"compcode":"80064560","publishdate":"20140115","begindate":"20130101","enddate":"20130930","reporttype":"100111","adjustdate":"20140115","accstacode":"2","accstaname":"新会计准则","laborgetcash":6.08805425608E9,"deponetr":null,"bankloannetincr":null,"fininstnetr":null,"inspremcash":null,"insnetc":null,"savinetr":null,"disptradnetincr":null,"charintecash":null,"fdsborrnetr":null,"repnetincr":null,"taxrefd":null,"receotherbizcash":2104618.98,"bizinflitse":null,"bizinflform":2973848.0,"bizcashinfl":6.09313272306E9,"labopayc":4.30622060202E9,"loansnetr":null,"tradepaymnetr":null,"paycompgold":null,"payintecash":null,"paydivicash":null,"payworkcash":3.4018564037E8,"paytax":7.7371450648E8,"payacticash":4.898941611E8,"bizoutfitse":null,"bizoutfform":null,"bizcashoutf":5.91001490997E9,"biznetitse":null,"biznetform":null,"mananetr":1.8311781309E8,"withinvgetcash":1.5756966E8,"inveretugetcash":null,"fixedassetnetc":1.5149528147E8,"subsnetc":null,"receinvcash":1.471043795E7,"reducashpled":null,"invinflitse":null,"invinffrom":null,"invcashinfl":3.2377537942E8,"acquassetcash":7.4433635793E8,"invpayc":null,"loannetr":null,"subspaynetcash":null,"payinvecash":null,"incrcashpled":null,"invoutfitse":null,"invoutfform":null,"invcashoutf":7.4433635793E8,"netinvitse":null,"netinvform":null,"invnetcashflow":-4.2056097851E8,"invrececash":null,"subsrececash":null,"recefromloan":null,"issbdrececash":null,"recefincash":null,"fininflitse":null,"fininflform":null,"fincashinfl":0.0,"debtpaycash":null,"diviprofpaycash":1.3509E9,"subspaydivid":null,"finrelacash":3408344.38,"finoutfitse":null,"finoutfform":null,"fincashoutf":1.35430834438E9,"finnetitse":null,"finnetform":null,"finnetcflow":-1.35430834438E9,"chgexchgchgs":-7561.84,"netcashitse":null,"netcashform":null,"cashnetr":-1.59175907164E9,"inicashbala":null,"cashfinalitse":null,"cashfinalform":null,"finalcashbala":null,"netprofit":null,"minysharrigh":null,"unreinveloss":null,"asseimpa":null,"assedepr":null,"realestadep":null,"intaasseamor":null,"longdefeexpenamor":null,"prepexpedecr":null,"accrexpeincr":null,"dispfixedassetloss":null,"fixedassescraloss":null,"valuechgloss":null,"defeincoincr":null,"estidebts":null,"finexpe":null,"inveloss":null,"defetaxassetdecr":null,"defetaxliabincr":null,"inveredu":null,"receredu":null,"payaincr":null,"unseparachg":null,"unfiparachg":null,"other":null,"biznetscheitse":null,"biznetscheform":null,"biznetcflow":null,"debtintocapi":null,"expiconvbd":null,"finfixedasset":null,"cashfinalbala":null,"cashopenbala":null,"equfinalbala":null,"equopenbala":null,"netcashscheitse":null,"netcashscheform":null,"cashneti":null},{"compcode":"80064560","publishdate":"20140115","begindate":"20130101","enddate":"20130630","reporttype":"100111","adjustdate":"20140115","accstacode":"2","accstaname":"新会计准则","laborgetcash":3.76087914108E9,"deponetr":null,"bankloannetincr":null,"fininstnetr":null,"inspremcash":null,"insnetc":null,"savinetr":null,"disptradnetincr":null,"charintecash":null,"fdsborrnetr":null,"repnetincr":null,"taxrefd":null,"receotherbizcash":1629921.49,"bizinflitse":null,"bizinflform":2632348.0,"bizcashinfl":3.76514141057E9,"labopayc":2.97063500675E9,"loansnetr":null,"tradepaymnetr":null,"paycompgold":null,"payintecash":null,"paydivicash":null,"payworkcash":2.2652846955E8,"paytax":5.7843023416E8,"payacticash":3.3624400246E8,"bizoutfitse":null,"bizoutfform":null,"bizcashoutf":4.11183771292E9,"biznetitse":null,"biznetform":null,"mananetr":-3.4669630235E8,"withinvgetcash":1.5756966E8,"inveretugetcash":null,"fixedassetnetc":1.5125165403E8,"subsnetc":null,"receinvcash":1.140160264E7,"reducashpled":null,"invinflitse":null,"invinffrom":null,"invcashinfl":3.2022291667E8,"acquassetcash":4.1344592175E8,"invpayc":null,"loannetr":null,"subspaynetcash":null,"payinvecash":null,"incrcashpled":null,"invoutfitse":null,"invoutfform":null,"invcashoutf":4.1344592175E8,"netinvitse":null,"netinvform":null,"invnetcashflow":-9.322300508E7,"invrececash":null,"subsrececash":null,"recefromloan":null,"issbdrececash":null,"recefincash":null,"fininflitse":null,"fininflform":null,"fincashinfl":0.0,"debtpaycash":null,"diviprofpaycash":7.4655E8,"subspaydivid":null,"finrelacash":1711738.29,"finoutfitse":null,"finoutfform":null,"fincashoutf":7.4826173829E8,"finnetitse":null,"finnetform":null,"finnetcflow":-7.4826173829E8,"chgexchgchgs":-110655.65,"netcashitse":null,"netcashform":null,"cashnetr":-1.18829170137E9,"inicashbala":2.30998718943E9,"cashfinalitse":null,"cashfinalform":null,"finalcashbala":1.12169548806E9,"netprofit":8.6388748902E8,"minysharrigh":null,"unreinveloss":null,"asseimpa":null,"assedepr":1.0223103764E8,"realestadep":229294.84,"intaasseamor":2770079.35,"longdefeexpenamor":null,"prepexpedecr":null,"accrexpeincr":null,"dispfixedassetloss":-6.448128358E7,"fixedassescraloss":null,"valuechgloss":null,"defeincoincr":null,"estidebts":null,"finexpe":-1.140160264E7,"inveloss":null,"defetaxassetdecr":-3517737.08,"defetaxliabincr":-899632.79,"inveredu":1.1475359528E8,"receredu":-2.226215348E7,"payaincr":-1.32800538891E9,"unseparachg":null,"unfiparachg":null,"other":null,"biznetscheitse":null,"biznetscheform":null,"biznetcflow":-3.4669630235E8,"debtintocapi":null,"expiconvbd":null,"finfixedasset":null,"cashfinalbala":1.12169548806E9,"cashopenbala":2.30998718943E9,"equfinalbala":null,"equopenbala":null,"netcashscheitse":null,"netcashscheform":null,"cashneti":-1.18829170137E9},{"compcode":"80064560","publishdate":"20140430","begindate":"20130101","enddate":"20130331","reporttype":"100111","adjustdate":"20140430","accstacode":"2","accstaname":"新会计准则","laborgetcash":1.56780341719E9,"deponetr":null,"bankloannetincr":null,"fininstnetr":null,"inspremcash":null,"insnetc":null,"savinetr":null,"disptradnetincr":null,"charintecash":null,"fdsborrnetr":null,"repnetincr":null,"taxrefd":null,"receotherbizcash":2133651.81,"bizinflitse":null,"bizinflform":null,"bizcashinfl":1.569937069E9,"labopayc":1.45749956369E9,"loansnetr":null,"tradepaymnetr":null,"paycompgold":null,"payintecash":null,"paydivicash":null,"payworkcash":1.3867013969E8,"paytax":3.2215370938E8,"payacticash":1.6109731491E8,"bizoutfitse":null,"bizoutfform":null,"bizcashoutf":2.07942072767E9,"biznetitse":null,"biznetform":null,"mananetr":-5.0948365867E8,"withinvgetcash":null,"inveretugetcash":null,"fixedassetnetc":125946.83,"subsnetc":null,"receinvcash":5749329.5,"reducashpled":null,"invinflitse":null,"invinffrom":null,"invcashinfl":5875276.33,"acquassetcash":2.5905944642E8,"invpayc":null,"loannetr":null,"subspaynetcash":null,"payinvecash":null,"incrcashpled":null,"invoutfitse":null,"invoutfform":null,"invcashoutf":2.5905944642E8,"netinvitse":null,"netinvform":null,"invnetcashflow":-2.5318417009E8,"invrececash":null,"subsrececash":null,"recefromloan":null,"issbdrececash":null,"recefincash":null,"fininflitse":null,"fininflform":null,"fincashinfl":0.0,"debtpaycash":null,"diviprofpaycash":6.942915E8,"subspaydivid":null,"finrelacash":null,"finoutfitse":null,"finoutfform":null,"fincashoutf":6.942915E8,"finnetitse":null,"finnetform":null,"finnetcflow":-6.942915E8,"chgexchgchgs":-5998.78,"netcashitse":null,"netcashform":null,"cashnetr":-1.45696532754E9,"inicashbala":2.30998718943E9,"cashfinalitse":null,"cashfinalform":null,"finalcashbala":8.5302186189E8,"netprofit":null,"minysharrigh":null,"unreinveloss":null,"asseimpa":null,"assedepr":null,"realestadep":null,"intaasseamor":null,"longdefeexpenamor":null,"prepexpedecr":null,"accrexpeincr":null,"dispfixedassetloss":null,"fixedassescraloss":null,"valuechgloss":null,"defeincoincr":null,"estidebts":null,"finexpe":null,"inveloss":null,"defetaxassetdecr":null,"defetaxliabincr":null,"inveredu":null,"receredu":null,"payaincr":null,"unseparachg":null,"unfiparachg":null,"other":null,"biznetscheitse":null,"biznetscheform":null,"biznetcflow":null,"debtintocapi":null,"expiconvbd":null,"finfixedasset":null,"cashfinalbala":8.5302186189E8,"cashopenbala":2.30998718943E9,"equfinalbala":null,"equopenbala":null,"netcashscheitse":null,"netcashscheform":null,"cashneti":-1.45696532754E9},{"compcode":"80064560","publishdate":"20140115","begindate":"20120101","enddate":"20121231","reporttype":"100111","adjustdate":"20140115","accstacode":"2","accstaname":"新会计准则","laborgetcash":9.13261597563E9,"deponetr":null,"bankloannetincr":null,"fininstnetr":null,"inspremcash":null,"insnetc":null,"savinetr":null,"disptradnetincr":null,"charintecash":null,"fdsborrnetr":null,"repnetincr":null,"taxrefd":null,"receotherbizcash":2397155.41,"bizinflitse":null,"bizinflform":9901911.97,"bizcashinfl":9.14491504301E9,"labopayc":5.24692154454E9,"loansnetr":null,"tradepaymnetr":null,"paycompgold":null,"payintecash":null,"paydivicash":null,"payworkcash":3.0726698714E8,"paytax":7.7903874225E8,"payacticash":6.4055253657E8,"bizoutfitse":null,"bizoutfform":null,"bizcashoutf":6.9737798105E9,"biznetitse":null,"biznetform":null,"mananetr":2.17113523251E9,"withinvgetcash":null,"inveretugetcash":null,"fixedassetnetc":3652678.69,"subsnetc":null,"receinvcash":1.13350731E7,"reducashpled":null,"invinflitse":null,"invinffrom":null,"invcashinfl":1.498775179E7,"acquassetcash":4.714571994E8,"invpayc":1.5756966E8,"loannetr":null,"subspaynetcash":null,"payinvecash":null,"incrcashpled":null,"invoutfitse":null,"invoutfform":null,"invcashoutf":6.290268594E8,"netinvitse":null,"netinvform":null,"invnetcashflow":-6.1403910761E8,"invrececash":null,"subsrececash":null,"recefromloan":null,"issbdrececash":null,"recefincash":null,"fininflitse":null,"fininflform":null,"fincashinfl":0.0,"debtpaycash":null,"diviprofpaycash":6.34212E8,"subspaydivid":null,"finrelacash":3660700.37,"finoutfitse":null,"finoutfform":null,"fincashoutf":6.3787270037E8,"finnetitse":null,"finnetform":null,"finnetcflow":-6.3787270037E8,"chgexchgchgs":-44.12,"netcashitse":null,"netcashform":null,"cashnetr":9.1922338041E8,"inicashbala":1.39076380902E9,"cashfinalitse":null,"cashfinalform":null,"finalcashbala":2.30998718943E9,"netprofit":1.20756685296E9,"minysharrigh":null,"unreinveloss":null,"asseimpa":null,"assedepr":1.9321927665E8,"realestadep":525965.22,"intaasseamor":5884690.05,"longdefeexpenamor":null,"prepexpedecr":null,"accrexpeincr":null,"dispfixedassetloss":-600599.61,"fixedassescraloss":null,"valuechgloss":null,"defeincoincr":null,"estidebts":null,"finexpe":-1.189534292E7,"inveloss":null,"defetaxassetdecr":-1.151568418E7,"defetaxliabincr":2557578.89,"inveredu":-1.4464525692E8,"receredu":-1.079670033E7,"payaincr":9.408344527E8,"unseparachg":null,"unfiparachg":null,"other":null,"biznetscheitse":null,"biznetscheform":null,"biznetcflow":2.17113523251E9,"debtintocapi":null,"expiconvbd":null,"finfixedasset":null,"cashfinalbala":2.30998718943E9,"cashopenbala":1.39076380902E9,"equfinalbala":null,"equopenbala":null,"netcashscheitse":null,"netcashscheform":null,"cashneti":9.1922338041E8},{"compcode":"80064560","publishdate":"20140115","begindate":"20110101","enddate":"20111231","reporttype":"100111","adjustdate":"20140115","accstacode":"2","accstaname":"新会计准则","laborgetcash":7.19458838462E9,"deponetr":null,"bankloannetincr":null,"fininstnetr":null,"inspremcash":null,"insnetc":null,"savinetr":null,"disptradnetincr":null,"charintecash":null,"fdsborrnetr":null,"repnetincr":null,"taxrefd":null,"receotherbizcash":1.271109611E7,"bizinflitse":null,"bizinflform":5208713.55,"bizcashinfl":7.21250819428E9,"labopayc":4.60578845883E9,"loansnetr":null,"tradepaymnetr":null,"paycompgold":null,"payintecash":null,"paydivicash":null,"payworkcash":2.2966389746E8,"paytax":5.9032120824E8,"payacticash":6.147594809E8,"bizoutfitse":null,"bizoutfform":null,"bizcashoutf":6.04053304543E9,"biznetitse":null,"biznetform":null,"mananetr":1.17197514885E9,"withinvgetcash":5.077449122E7,"inveretugetcash":null,"fixedassetnetc":2.46577418E7,"subsnetc":null,"receinvcash":7282362.1,"reducashpled":null,"invinflitse":null,"invinffrom":null,"invcashinfl":8.271459512E7,"acquassetcash":5.4997043627E8,"invpayc":5.0E7,"loannetr":null,"subspaynetcash":null,"payinvecash":null,"incrcashpled":null,"invoutfitse":null,"invoutfform":null,"invcashoutf":5.9997043627E8,"netinvitse":null,"netinvform":null,"invnetcashflow":-5.1725584115E8,"invrececash":null,"subsrececash":null,"recefromloan":null,"issbdrececash":null,"recefincash":null,"fininflitse":null,"fininflform":null,"fincashinfl":0.0,"debtpaycash":null,"diviprofpaycash":3.98871E8,"subspaydivid":null,"finrelacash":3927161.89,"finoutfitse":null,"finoutfform":null,"fincashoutf":4.0279816189E8,"finnetitse":null,"finnetform":null,"finnetcflow":-4.0279816189E8,"chgexchgchgs":-18504.52,"netcashitse":null,"netcashform":null,"cashnetr":2.5190264129E8,"inicashbala":1.13886116773E9,"cashfinalitse":null,"cashfinalform":null,"finalcashbala":1.39076380902E9,"netprofit":9.5568471308E8,"minysharrigh":null,"unreinveloss":null,"asseimpa":null,"assedepr":1.1546014126E8,"realestadep":467231.73,"intaasseamor":5880023.39,"longdefeexpenamor":null,"prepexpedecr":null,"accrexpeincr":null,"dispfixedassetloss":926315.52,"fixedassescraloss":null,"valuechgloss":null,"defeincoincr":null,"estidebts":null,"finexpe":-7282362.1,"inveloss":-774491.22,"defetaxassetdecr":-1.268059316E7,"defetaxliabincr":806308.76,"inveredu":-1.0799518271E8,"receredu":3.883840723E7,"payaincr":1.8264463707E8,"unseparachg":null,"unfiparachg":null,"other":null,"biznetscheitse":null,"biznetscheform":null,"biznetcflow":1.17197514885E9,"debtintocapi":null,"expiconvbd":null,"finfixedasset":null,"cashfinalbala":1.39076380902E9,"cashopenbala":1.13886116773E9,"equfinalbala":null,"equopenbala":null,"netcashscheitse":null,"netcashscheform":null,"cashneti":2.5190264129E8},{"compcode":"80064560","publishdate":"20140115","begindate":"20100101","enddate":"20101231","reporttype":"100111","adjustdate":"20140115","accstacode":"2","accstaname":"新会计准则","laborgetcash":6.46475681925E9,"deponetr":null,"bankloannetincr":null,"fininstnetr":null,"inspremcash":null,"insnetc":null,"savinetr":null,"disptradnetincr":null,"charintecash":null,"fdsborrnetr":null,"repnetincr":null,"taxrefd":904339.13,"receotherbizcash":9794738.78,"bizinflitse":null,"bizinflform":2.1711878E7,"bizcashinfl":6.49716777516E9,"labopayc":4.35176238302E9,"loansnetr":null,"tradepaymnetr":null,"paycompgold":null,"payintecash":null,"paydivicash":null,"payworkcash":1.833559531E8,"paytax":4.1424222167E8,"payacticash":4.9601069294E8,"bizoutfitse":null,"bizoutfform":null,"bizcashoutf":5.44537125073E9,"biznetitse":null,"biznetform":null,"mananetr":1.05179652443E9,"withinvgetcash":1.9667159467E9,"inveretugetcash":null,"fixedassetnetc":1934905.73,"subsnetc":null,"receinvcash":1.645805346E7,"reducashpled":null,"invinflitse":null,"invinffrom":null,"invcashinfl":1.98510890589E9,"acquassetcash":8.3194411407E8,"invpayc":1.221076E9,"loannetr":null,"subspaynetcash":1.463139812E7,"payinvecash":null,"incrcashpled":null,"invoutfitse":null,"invoutfform":null,"invcashoutf":2.06765151219E9,"netinvitse":null,"netinvform":null,"invnetcashflow":-8.25426063E7,"invrececash":2.4885E8,"subsrececash":null,"recefromloan":1.5E8,"issbdrececash":null,"recefincash":null,"fininflitse":null,"fininflform":null,"fincashinfl":3.9885E8,"debtpaycash":2.1310488458E8,"diviprofpaycash":6.9499222109E8,"subspaydivid":1.701E8,"finrelacash":null,"finoutfitse":null,"finoutfform":3.8851745946E8,"fincashoutf":1.29661456513E9,"finnetitse":null,"finnetform":null,"finnetcflow":-8.9776456513E8,"chgexchgchgs":-3073.31,"netcashitse":null,"netcashform":null,"cashnetr":7.148627969E7,"inicashbala":1.06737488804E9,"cashfinalitse":null,"cashfinalform":null,"finalcashbala":1.13886116773E9,"netprofit":8.141842569E8,"minysharrigh":null,"unreinveloss":null,"asseimpa":null,"assedepr":1.0514050224E8,"realestadep":68578.63,"intaasseamor":5672496.08,"longdefeexpenamor":22624.0,"prepexpedecr":null,"accrexpeincr":null,"dispfixedassetloss":470726.68,"fixedassescraloss":null,"valuechgloss":null,"defeincoincr":null,"estidebts":null,"finexpe":-1.218253879E7,"inveloss":-5989389.79,"defetaxassetdecr":-3710731.16,"defetaxliabincr":-1.493412931E7,"inveredu":-2984370.04,"receredu":7900353.17,"payaincr":1.5813814582E8,"unseparachg":null,"unfiparachg":null,"other":null,"biznetscheitse":null,"biznetscheform":null,"biznetcflow":1.05179652443E9,"debtintocapi":null,"expiconvbd":null,"finfixedasset":null,"cashfinalbala":1.13886116773E9,"cashopenbala":1.06737488804E9,"equfinalbala":null,"equopenbala":null,"netcashscheitse":null,"netcashscheform":null,"cashneti":7.148627969E7},{"compcode":"80064560","publishdate":"20120319","begindate":"20090101","enddate":"20091231","reporttype":"100111","adjustdate":"20120319","accstacode":"2","accstaname":"新会计准则","laborgetcash":5.76510608485E9,"deponetr":null,"bankloannetincr":null,"fininstnetr":null,"inspremcash":null,"insnetc":null,"savinetr":null,"disptradnetincr":null,"charintecash":null,"fdsborrnetr":null,"repnetincr":null,"taxrefd":295714.24,"receotherbizcash":1037002.78,"bizinflitse":null,"bizinflform":9814388.92,"bizcashinfl":5.77625319079E9,"labopayc":3.43014616954E9,"loansnetr":null,"tradepaymnetr":null,"paycompgold":null,"payintecash":null,"paydivicash":null,"payworkcash":1.4890940122E8,"paytax":4.2343866976E8,"payacticash":4.2965945895E8,"bizoutfitse":null,"bizoutfform":2.0943506839E8,"bizcashoutf":4.64158876786E9,"biznetitse":null,"biznetform":null,"mananetr":1.13466442293E9,"withinvgetcash":1.4751033726E8,"inveretugetcash":1151252.7,"fixedassetnetc":3814420.18,"subsnetc":null,"receinvcash":3.34668076E7,"reducashpled":null,"invinflitse":null,"invinffrom":null,"invcashinfl":1.8594281774E8,"acquassetcash":5.4854264084E8,"invpayc":8.3304E8,"loannetr":null,"subspaynetcash":null,"payinvecash":null,"incrcashpled":null,"invoutfitse":null,"invoutfform":null,"invcashoutf":1.38158264084E9,"netinvitse":null,"netinvform":null,"invnetcashflow":-1.1956398231E9,"invrececash":null,"subsrececash":null,"recefromloan":6.310488458E7,"issbdrececash":null,"recefincash":null,"fininflitse":null,"fininflform":null,"fincashinfl":6.310488458E7,"debtpaycash":null,"diviprofpaycash":3.741854582E8,"subspaydivid":9.315E7,"finrelacash":null,"finoutfitse":null,"finoutfform":null,"fincashoutf":3.741854582E8,"finnetitse":null,"finnetform":null,"finnetcflow":-3.1108057362E8,"chgexchgchgs":null,"netcashitse":null,"netcashform":null,"cashnetr":-3.7205597379E8,"inicashbala":1.43943086183E9,"cashfinalitse":null,"cashfinalform":null,"finalcashbala":1.06737488804E9,"netprofit":null,"minysharrigh":null,"unreinveloss":null,"asseimpa":null,"assedepr":null,"realestadep":null,"intaasseamor":null,"longdefeexpenamor":null,"prepexpedecr":null,"accrexpeincr":null,"dispfixedassetloss":null,"fixedassescraloss":null,"valuechgloss":null,"defeincoincr":null,"estidebts":null,"finexpe":null,"inveloss":null,"defetaxassetdecr":null,"defetaxliabincr":null,"inveredu":null,"receredu":null,"payaincr":null,"unseparachg":null,"unfiparachg":null,"other":null,"biznetscheitse":null,"biznetscheform":null,"biznetcflow":null,"debtintocapi":null,"expiconvbd":null,"finfixedasset":null,"cashfinalbala":1.06737488804E9,"cashopenbala":1.43943086183E9,"equfinalbala":null,"equopenbala":null,"netcashscheitse":null,"netcashscheform":null,"cashneti":-3.7205597379E8}],"comptype":4,"name":"海天味业"}