{"SH600298": {"redeem_type": "T", "kzz_convert_time": "", "code": "600298", "kzz_stock_name": "", "remain_year": "", "marketCapital": "2.801051125257E10", "sale_rrg": "", "current": "33.99", "tick_size": "0.01", "fall_stop": "31.38", "outstandingamt": "", "after_hour_vol": "0", "kzz_covert_value": "0.0", "afterHoursTime": "Wed Oct 19 21:59:01 -0400 2011", "warrant": "", "due_date": "", "kzz_redempt_price": "0.0", "high52week": "36.49", "psr": "5.1848", "afterHoursPct": "0.0", "currency_unit": "CNY", "name": "\u5b89\u742a\u9175\u6bcd", "yield": "0.86", "lot_size": "100", "low52week": "16.3", "convert_bond_ratio": "", "rate": "", "close": "33.99", "turnover_rate": "0.78%", "afterHoursChg": "0.0", "kzz_stock_percent": "", "percent5m": "0.21", "volume_ratio": "0.83", "exchange": "SH", "last_close": "34.87", "dividend": "0.3", "lot_volume": "63902.62", "change": "-0.88", "publisher": "", "kzz_convert_price": "0.0", "hasexist": "", "amount": "2.17893972E8", "issue_type": "1", "has_warrant": "0", "pankou_ratio": "45.53%", "pe_lyr": "52.3471", "benefit_before_tax": "0.0", "convert_rate": "0.0", "afterHours": "0.0", "par_value": "0.0", "maturitydate": "", "open": "34.15", "convertrate": "0.0", "kzz_stock_symbol": "", "pb": "7.78", "kzz_stock_current": "0.0", "low": "33.5", "time": "Mon Nov 20 11:29:59 +0800 2017", "percentage": "-2.52", "type": "11", "rise_stop": "38.36", "kzz_cpr": "0.0", "benefit_after_tax": "0.0", "net_assets": "4.367", "volume": "6390262.0", "flag": "1", "updateAt": "1510207594561", "totalissuescale": "", "circulation": "0.0", "amplitude": "3.50%", "release_date": "", "kzz_straight_price": "0.0", "interestrtmemo": "", "float_market_capital": "2.801051121858E10", "high": "34.72", "pe_ttm": "36.6703", "market_status": "\u4f11\u76d8\u4e2d", "max_order_quantity": "0", "due_time": "0.0", "min_order_quantity": "0", "volumeAverage": "6933474", "bond_type": "", "symbol": "SH600298", "instOwn": "0.0", "rest_day": "", "beta": "0.0", "variable_tick_size": "", "eps": "0.74", "value_date": "", "float_shares": "824080942", "totalShares": "824080943", "disnext_pay_date": "", "kzz_putback_price": "0.0"}}