{"SH600305":{"symbol":"SH600305","exchange":"SH","code":"600305","name":"恒顺醋业","current":"10.22","percentage":"-1.54","change":"-0.16","open":"10.33","high":"10.39","low":"10.16","close":"10.22","last_close":"10.38","high52week":"13.58","low52week":"9.09","volume":"4532736.0","lot_volume":"45327.36","volumeAverage":"5262327","marketCapital":"6.15998236E9","eps":"0.24","pe_ttm":"31.068","pe_lyr":"36.148","beta":"0.0","totalShares":"602738000","time":"Tue Mar 20 14:59:58 +0800 2018","afterHours":"0.0","afterHoursPct":"0.0","afterHoursChg":"0.0","afterHoursTime":"Wed Oct 19 21:59:01 -0400 2011","updateAt":"1510223585133","dividend":"0.08","yield":"0.78","turnover_rate":"0.75%","instOwn":"0.0","rise_stop":"11.42","fall_stop":"9.34","currency_unit":"CNY","amount":"4.6453919E7","net_assets":"2.7626","hasexist":"","has_warrant":"0","type":"11","flag":"1","rest_day":"","amplitude":"2.22%","market_status":"已收盘","lot_size":"100","min_order_quantity":"0","max_order_quantity":"0","tick_size":"0.01","variable_tick_size":"","kzz_stock_symbol":"","kzz_stock_name":"","kzz_stock_current":"0.0","kzz_convert_price":"0.0","kzz_covert_value":"0.0","kzz_cpr":"0.0","kzz_putback_price":"0.0","kzz_convert_time":"","kzz_redempt_price":"0.0","kzz_straight_price":"0.0","kzz_stock_percent":"","pb":"3.7","benefit_before_tax":"0.0","benefit_after_tax":"0.0","convert_bond_ratio":"","totalissuescale":"","outstandingamt":"","maturitydate":"","remain_year":"","convertrate":"0.0","interestrtmemo":"","release_date":"","circulation":"0.0","par_value":"0.0","due_time":"0.0","value_date":"","due_date":"","publisher":"","redeem_type":"F","issue_type":"1","bond_type":"","warrant":"","sale_rrg":"","rate":"","after_hour_vol":"0","float_shares":"602738000","float_market_capital":"6.15998236E9","disnext_pay_date":"","convert_rate":"0.0","volume_ratio":"1.04","percent5m":"0.1","pankou_ratio":"33.07%","psr":"4.0898"}}