{"list":[{"bonusimpdate":"20170613","bonusyear":"2016","cur":"人民币","bonusskratio":null,"tranaddskraio":null,"recorddate":"20170619","exrightdate":"20170620","cdividend":0.85,"fdividendbh":0.0,"tranaddsklistdate":null,"bonussklistdate":null,"tranaddskaccday":null,"bonusskaccday":null,"symbol":null,"secode":"2010000270","divitype":"A","taxfdividendbh":0.0,"taxcdividend":0.85,"divibegdate":"20170620","summarize":"10派0.85"},{"bonusimpdate":"20160609","bonusyear":"2015","cur":"人民币","bonusskratio":null,"tranaddskraio":10.0,"recorddate":"20160616","exrightdate":"20160617","cdividend":2.4,"fdividendbh":0.0,"tranaddsklistdate":"20160620","bonussklistdate":null,"tranaddskaccday":"20160617","bonusskaccday":null,"symbol":null,"secode":"2010000270","divitype":"AC","taxfdividendbh":0.0,"taxcdividend":2.4,"divibegdate":"20160617","summarize":"10转10派2.4"},{"bonusimpdate":"20150615","bonusyear":"2014","cur":"人民币","bonusskratio":null,"tranaddskraio":null,"recorddate":"20150619","exrightdate":"20150623","cdividend":0.75,"fdividendbh":0.0,"tranaddsklistdate":null,"bonussklistdate":null,"tranaddskaccday":null,"bonusskaccday":null,"symbol":null,"secode":"2010000270","divitype":"A","taxfdividendbh":0.0,"taxcdividend":0.7125,"divibegdate":"20150623","summarize":"10派0.75"},{"bonusimpdate":"20140409","bonusyear":"2013","cur":"人民币","bonusskratio":null,"tranaddskraio":null,"recorddate":"20140414","exrightdate":"20140415","cdividend":0.41,"fdividendbh":0.0,"tranaddsklistdate":null,"bonussklistdate":null,"tranaddskaccday":null,"bonusskaccday":null,"symbol":null,"secode":"2010000270","divitype":"A","taxfdividendbh":0.0,"taxcdividend":0.3895,"divibegdate":"20140418","summarize":"10派0.41"},{"bonusimpdate":"20131106","bonusyear":"2013","cur":"人民币","bonusskratio":null,"tranaddskraio":10.0,"recorddate":"20131112","exrightdate":"20131113","cdividend":null,"fdividendbh":0.0,"tranaddsklistdate":"20131114","bonussklistdate":null,"tranaddskaccday":"20131114","bonusskaccday":null,"symbol":null,"secode":"2010000270","divitype":"C","taxfdividendbh":0.0,"taxcdividend":null,"divibegdate":null,"summarize":"10转10"},{"bonusimpdate":"20120709","bonusyear":"2011","cur":"人民币","bonusskratio":null,"tranaddskraio":null,"recorddate":"20120713","exrightdate":"20120716","cdividend":0.36,"fdividendbh":0.0,"tranaddsklistdate":null,"bonussklistdate":null,"tranaddskaccday":null,"bonusskaccday":null,"symbol":null,"secode":"2010000270","divitype":"A","taxfdividendbh":0.0,"taxcdividend":0.324,"divibegdate":"20120720","summarize":"10派0.36"},{"bonusimpdate":"20110531","bonusyear":"2010","cur":"人民币","bonusskratio":null,"tranaddskraio":null,"recorddate":"20110603","exrightdate":"20110607","cdividend":0.75,"fdividendbh":0.0,"tranaddsklistdate":null,"bonussklistdate":null,"tranaddskaccday":null,"bonusskaccday":null,"symbol":null,"secode":"2010000270","divitype":"A","taxfdividendbh":0.0,"taxcdividend":0.675,"divibegdate":"20110613","summarize":"10派0.75"},{"bonusimpdate":"20100531","bonusyear":"2009","cur":"人民币","bonusskratio":null,"tranaddskraio":null,"recorddate":"20100603","exrightdate":"20100604","cdividend":0.73,"fdividendbh":0.0,"tranaddsklistdate":null,"bonussklistdate":null,"tranaddskaccday":null,"bonusskaccday":null,"symbol":null,"secode":"2010000270","divitype":"A","taxfdividendbh":0.0,"taxcdividend":0.657,"divibegdate":"20100610","summarize":"10派0.73"},{"bonusimpdate":"20080523","bonusyear":"2007","cur":"人民币","bonusskratio":null,"tranaddskraio":null,"recorddate":"20080529","exrightdate":"20080530","cdividend":0.73,"fdividendbh":0.0,"tranaddsklistdate":null,"bonussklistdate":null,"tranaddskaccday":null,"bonusskaccday":null,"symbol":null,"secode":"2010000270","divitype":"A","taxfdividendbh":0.0,"taxcdividend":0.657,"divibegdate":"20080605","summarize":"10派0.73"},{"bonusimpdate":"20070712","bonusyear":"2006","cur":"人民币","bonusskratio":null,"tranaddskraio":null,"recorddate":"20070719","exrightdate":"20070720","cdividend":1.1,"fdividendbh":0.0,"tranaddsklistdate":null,"bonussklistdate":null,"tranaddskaccday":null,"bonusskaccday":null,"symbol":null,"secode":"2010000270","divitype":"A","taxfdividendbh":0.0,"taxcdividend":0.99,"divibegdate":"20070726","summarize":"10派1.1"},{"bonusimpdate":"20060703","bonusyear":"2005","cur":"人民币","bonusskratio":null,"tranaddskraio":null,"recorddate":"20060706","exrightdate":"20060707","cdividend":1.5,"fdividendbh":0.0,"tranaddsklistdate":null,"bonussklistdate":null,"tranaddskaccday":null,"bonusskaccday":null,"symbol":null,"secode":"2010000270","divitype":"A","taxfdividendbh":0.0,"taxcdividend":1.35,"divibegdate":"20060713","summarize":"10派1.5"},{"bonusimpdate":"20030712","bonusyear":"2002","cur":"人民币","bonusskratio":null,"tranaddskraio":null,"recorddate":"20030716","exrightdate":"20030717","cdividend":1.4,"fdividendbh":0.0,"tranaddsklistdate":null,"bonussklistdate":null,"tranaddskaccday":null,"bonusskaccday":null,"symbol":null,"secode":"2010000270","divitype":"A","taxfdividendbh":0.0,"taxcdividend":1.12,"divibegdate":"20030723","summarize":"10派1.4"},{"bonusimpdate":"20020624","bonusyear":"2001","cur":"人民币","bonusskratio":null,"tranaddskraio":null,"recorddate":"20020627","exrightdate":"20020628","cdividend":1.8,"fdividendbh":0.0,"tranaddsklistdate":null,"bonussklistdate":null,"tranaddskaccday":null,"bonusskaccday":null,"symbol":null,"secode":"2010000270","divitype":"A","taxfdividendbh":0.0,"taxcdividend":1.44,"divibegdate":"20020705","summarize":"10派1.8"},{"bonusimpdate":"20010615","bonusyear":"2000","cur":"人民币","bonusskratio":null,"tranaddskraio":null,"recorddate":"20010621","exrightdate":"20010622","cdividend":0.5,"fdividendbh":0.0,"tranaddsklistdate":null,"bonussklistdate":null,"tranaddskaccday":null,"bonusskaccday":null,"symbol":null,"secode":"2010000270","divitype":"A","taxfdividendbh":0.0,"taxcdividend":0.4,"divibegdate":"20010629","summarize":"10派0.5"}]}