{"SH600702":{"symbol":"SH600702","exchange":"SH","code":"600702","name":"舍得酒业","current":"40.47","percentage":"-1.53","change":"-0.63","open":"41.04","high":"41.04","low":"40.2","close":"40.47","last_close":"41.1","high52week":"51.52","low52week":"22.43","volume":"2829848.0","lot_volume":"28298.48","volumeAverage":"18070777","marketCapital":"1.3650531E10","eps":"0.28","pe_ttm":"112.938","pe_lyr":"170.208","beta":"0.0","totalShares":"337300000","time":"Tue Mar 20 14:59:42 +0800 2018","afterHours":"0.0","afterHoursPct":"0.0","afterHoursChg":"0.0","afterHoursTime":"Wed Oct 19 21:59:01 -0400 2011","updateAt":"1510207594870","dividend":"0.07","yield":"0.17","turnover_rate":"0.84%","instOwn":"0.0","rise_stop":"45.21","fall_stop":"36.99","currency_unit":"CNY","amount":"1.14255176E8","net_assets":"7.205","hasexist":"","has_warrant":"0","type":"11","flag":"1","rest_day":"","amplitude":"2.04%","market_status":"已收盘","lot_size":"100","min_order_quantity":"0","max_order_quantity":"0","tick_size":"0.01","variable_tick_size":"","kzz_stock_symbol":"","kzz_stock_name":"","kzz_stock_current":"0.0","kzz_convert_price":"0.0","kzz_covert_value":"0.0","kzz_cpr":"0.0","kzz_putback_price":"0.0","kzz_convert_time":"","kzz_redempt_price":"0.0","kzz_straight_price":"0.0","kzz_stock_percent":"","pb":"5.62","benefit_before_tax":"0.0","benefit_after_tax":"0.0","convert_bond_ratio":"","totalissuescale":"","outstandingamt":"","maturitydate":"","remain_year":"","convertrate":"0.0","interestrtmemo":"","release_date":"","circulation":"0.0","par_value":"0.0","due_time":"0.0","value_date":"","due_date":"","publisher":"","redeem_type":"T","issue_type":"","bond_type":"","warrant":"","sale_rrg":"","rate":"","after_hour_vol":"0","float_shares":"337300000","float_market_capital":"1.3650531E10","disnext_pay_date":"","convert_rate":"0.0","volume_ratio":"0.95","percent5m":"0.22","pankou_ratio":"-43.46%","psr":"8.5017"}}