{"SH600702":{"symbol":"SH600702","exchange":"SH","code":"600702","name":"舍得酒业","current":"36.47","percentage":"-6.2","change":"-2.41","open":"37.55","high":"38.36","low":"35.0","close":"36.47","last_close":"38.88","high52week":"51.52","low52week":"22.43","volume":"6116263.0","lot_volume":"61162.63","volumeAverage":"18070777","marketCapital":"1.2301331E10","eps":"0.28","pe_ttm":"101.775","pe_lyr":"153.385","beta":"0.0","totalShares":"337300000","time":"Fri Mar 23 14:59:54 +0800 2018","afterHours":"0.0","afterHoursPct":"0.0","afterHoursChg":"0.0","afterHoursTime":"Wed Oct 19 21:59:01 -0400 2011","updateAt":"1510207594870","dividend":"0.07","yield":"0.19","turnover_rate":"1.81%","instOwn":"0.0","rise_stop":"42.77","fall_stop":"34.99","currency_unit":"CNY","amount":"2.25922369E8","net_assets":"7.205","hasexist":"","has_warrant":"0","type":"11","flag":"1","rest_day":"","amplitude":"8.64%","market_status":"休市","lot_size":"100","min_order_quantity":"0","max_order_quantity":"0","tick_size":"0.01","variable_tick_size":"","kzz_stock_symbol":"","kzz_stock_name":"","kzz_stock_current":"0.0","kzz_convert_price":"0.0","kzz_covert_value":"0.0","kzz_cpr":"0.0","kzz_putback_price":"0.0","kzz_convert_time":"","kzz_redempt_price":"0.0","kzz_straight_price":"0.0","kzz_stock_percent":"","pb":"5.06","benefit_before_tax":"0.0","benefit_after_tax":"0.0","convert_bond_ratio":"","totalissuescale":"","outstandingamt":"","maturitydate":"","remain_year":"","convertrate":"0.0","interestrtmemo":"","release_date":"","circulation":"0.0","par_value":"0.0","due_time":"0.0","value_date":"","due_date":"","publisher":"","redeem_type":"T","issue_type":"","bond_type":"","warrant":"","sale_rrg":"","rate":"","after_hour_vol":"0","float_shares":"337300000","float_market_capital":"1.2301331E10","disnext_pay_date":"","convert_rate":"0.0","volume_ratio":"2.04","percent5m":"0.69","pankou_ratio":"-6.78%","psr":"7.6614"}}