{"list": [{"nonoreve": 2033655.84, "unreinveloss": null, "capitalreserve": null, "inteinco": null, "profreturninvest": null, "avaidistshareprof": null, "preferredskdiv": null, "welfare": null, "minysharrigh": -248087.08, "otherbizprof": null, "biztotincoitse": null, "capitalizeddivi": null, "realsale": null, "subsidyincome": null, "adjustdate": "20171027", "netpro1itse": null, "enddate": "20170930", "otherdistprof": null, "operprofform": null, "legalsurp": null, "netpro2form": null, "parecompincoamt": 770832183.51, "realsalecost": null, "contress": null, "pounexpe": null, "noncassetsdisl": 571177.29, "parenetp": 775819683.51, "parecompinco": -4987500.0, "accpolicychg": null, "surrgold": null, "custinco": null, "netprofit": 775571596.43, "proftotform": null, "dilutedeps": 0.62, "valuechgloss": null, "reservefund": null, "asseimpaloss": 1125746.61, "finexpe": -9232586.12, "compnetexpe": null, "biztotincoform": null, "debtrestruloss": null, "earnprem": null, "nonoexpe": 5242515.39, "assoinveprof": 717904.21, "minysharinco": null, "otherbizcost": null, "supplycurcap": null, "basiceps": 0.62, "biztotcostform": null, "inteexpe": null, "inveinco": 79371925.82, "freesurplu": null, "otherbizinco": null, "totprofit": 1033281990.9, "accstacode": "2", "developfund": null, "exchggain": null, "mergeformnetprof": null, "compcode": "80198461", "pouninco": null, "netpro2itse": null, "incotaxexpe": 257710394.47, "othercompinco": -4987500.0, "biztotcost": 1440299421.83, "undisprofit": null, "biztax": 266038103.58, "accestimatechg": null, "bizprofitse": null, "netpro1form": null, "manaexpe": 133970610.08, "dealwithdivi": null, "selldepartgain": null, "deveexpe": null, "begindate": "20170101", "compincoamt": 770584096.43, "proftotitse": null, "undisprofredu": null, "otherinto": null, "publishdate": "20171027", "futuloss": null, "staffaward": null, "perprofit": 1036490850.45, "salesexpe": 357936486.73, "bizinco": 2392920135.46, "biztotcostitse": null, "minysharincoamt": -248087.08, "accstaname": "\u65b0\u4f1a\u8ba1\u51c6\u5219", "reporttype": "100111", "earlyundiprof": null, "bizcost": 690461060.95, "polidiviexpe": null, "reinexpe": null, "biztotinco": 2392920135.46, "othersupply": null, "natudisasterloss": null}, {"nonoreve": 4974915.28, "unreinveloss": null, "capitalreserve": null, "inteinco": null, "profreturninvest": null, "avaidistshareprof": null, "preferredskdiv": null, "welfare": null, "minysharrigh": -127133.9, "otherbizprof": null, "biztotincoitse": null, "capitalizeddivi": null, "realsale": null, "subsidyincome": null, "adjustdate": "20170731", "netpro1itse": null, "enddate": "20170630", "otherdistprof": null, "operprofform": null, "legalsurp": null, "netpro2form": null, "parecompincoamt": 648056161.53, "realsalecost": null, "contress": null, "pounexpe": null, "noncassetsdisl": 535413.35, "parenetp": 649331161.53, "parecompinco": -1275000.0, "accpolicychg": null, "surrgold": null, "custinco": null, "netprofit": 649204027.63, "proftotform": null, "dilutedeps": 0.52, "valuechgloss": 0.0, "reservefund": null, "asseimpaloss": -90857.39, "finexpe": -10357862.97, "compnetexpe": null, "biztotincoform": null, "debtrestruloss": null, "earnprem": null, "nonoexpe": 1153493.19, "assoinveprof": 980376.13, "minysharinco": null, "otherbizcost": null, "supplycurcap": null, "basiceps": 0.52, "biztotcostform": null, "inteexpe": null, "inveinco": 52027049.77, "freesurplu": null, "otherbizinco": null, "totprofit": 865451230.72, "accstacode": "2", "developfund": null, "exchggain": null, "mergeformnetprof": null, "compcode": "80198461", "pouninco": null, "netpro2itse": null, "incotaxexpe": 216247203.09, "othercompinco": -1275000.0, "biztotcost": 994119108.7, "undisprofit": null, "biztax": 181172475.25, "accestimatechg": null, "bizprofitse": null, "netpro1form": null, "manaexpe": 82945086.52, "dealwithdivi": null, "selldepartgain": null, "deveexpe": null, "begindate": "20170101", "compincoamt": 647929027.63, "proftotitse": null, "undisprofredu": null, "otherinto": null, "publishdate": "20170731", "futuloss": null, "staffaward": null, "perprofit": 861629808.63, "salesexpe": 211575017.48, "bizinco": 1803721867.56, "biztotcostitse": null, "minysharincoamt": -127133.9, "accstaname": "\u65b0\u4f1a\u8ba1\u51c6\u5219", "reporttype": "100111", "earlyundiprof": null, "bizcost": 528875249.81, "polidiviexpe": null, "reinexpe": null, "biztotinco": 1803721867.56, "othersupply": null, "natudisasterloss": null}, {"nonoreve": 2077025.65, "unreinveloss": null, "capitalreserve": null, "inteinco": null, "profreturninvest": null, "avaidistshareprof": null, "preferredskdiv": null, "welfare": null, "minysharrigh": 258151.66, "otherbizprof": null, "biztotincoitse": null, "capitalizeddivi": null, "realsale": null, "subsidyincome": null, "adjustdate": "20170426", "netpro1itse": null, "enddate": "20170331", "otherdistprof": null, "operprofform": null, "legalsurp": null, "netpro2form": null, "parecompincoamt": 386727167.53, "realsalecost": null, "contress": null, "pounexpe": null, "noncassetsdisl": 368973.1, "parenetp": 385339667.53, "parecompinco": 1387500.0, "accpolicychg": null, "surrgold": null, "custinco": null, "netprofit": 385597819.19, "proftotform": null, "dilutedeps": 0.31, "valuechgloss": null, "reservefund": null, "asseimpaloss": 24013.45, "finexpe": -4451691.06, "compnetexpe": null, "biztotincoform": null, "debtrestruloss": null, "earnprem": null, "nonoexpe": 394517.78, "assoinveprof": null, "minysharinco": null, "otherbizcost": null, "supplycurcap": null, "basiceps": 0.31, "biztotcostform": null, "inteexpe": null, "inveinco": 16320625.32, "freesurplu": null, "otherbizinco": null, "totprofit": 511690787.16, "accstacode": "2", "developfund": null, "exchggain": null, "mergeformnetprof": null, "compcode": "80198461", "pouninco": null, "netpro2itse": null, "incotaxexpe": 126092967.97, "othercompinco": 1387500.0, "biztotcost": 642909157.22, "undisprofit": null, "biztax": 143283962.65, "accestimatechg": null, "bizprofitse": null, "netpro1form": null, "manaexpe": 48024223.29, "dealwithdivi": null, "selldepartgain": null, "deveexpe": null, "begindate": "20170101", "compincoamt": 386985319.19, "proftotitse": null, "undisprofredu": null, "otherinto": null, "publishdate": "20170426", "futuloss": null, "staffaward": null, "perprofit": 510008279.29, "salesexpe": 160605234.99, "bizinco": 1136596811.19, "biztotcostitse": null, "minysharincoamt": 258151.66, "accstaname": "\u65b0\u4f1a\u8ba1\u51c6\u5219", "reporttype": "100111", "earlyundiprof": null, "bizcost": 295423413.9, "polidiviexpe": null, "reinexpe": null, "biztotinco": 1136596811.19, "othersupply": null, "natudisasterloss": null}, {"nonoreve": 16967856.36, "unreinveloss": null, "capitalreserve": null, "inteinco": null, "profreturninvest": null, "avaidistshareprof": null, "preferredskdiv": null, "welfare": null, "minysharrigh": -705826.49, "otherbizprof": null, "biztotincoitse": null, "capitalizeddivi": null, "realsale": null, "subsidyincome": null, "adjustdate": "20170401", "netpro1itse": null, "enddate": "20161231", "otherdistprof": null, "operprofform": null, "legalsurp": null, "netpro2form": null, "parecompincoamt": 786524489.43, "realsalecost": null, "contress": null, "pounexpe": null, "noncassetsdisl": 479111.35, "parenetp": 754161989.43, "parecompinco": 32362500.0, "accpolicychg": null, "surrgold": null, "custinco": null, "netprofit": 753456162.94, "proftotform": null, "dilutedeps": 0.6, "valuechgloss": null, "reservefund": null, "asseimpaloss": 890086.86, "finexpe": -18454710.93, "compnetexpe": null, "biztotincoform": null, "debtrestruloss": null, "earnprem": null, "nonoexpe": 6139000.68, "assoinveprof": 36731.93, "minysharinco": null, "otherbizcost": null, "supplycurcap": null, "basiceps": 0.6, "biztotcostform": null, "inteexpe": null, "inveinco": 70684646.69, "freesurplu": null, "otherbizinco": null, "totprofit": 1005757187.49, "accstacode": "2", "developfund": null, "exchggain": null, "mergeformnetprof": null, "compcode": "80198461", "pouninco": null, "netpro2itse": null, "incotaxexpe": 252301024.55, "othercompinco": 32362500.0, "biztotcost": 1630134361.94, "undisprofit": null, "biztax": 245433222.77, "accestimatechg": null, "bizprofitse": null, "netpro1form": null, "manaexpe": 193350632.91, "dealwithdivi": null, "selldepartgain": null, "deveexpe": null, "begindate": "20160101", "compincoamt": 785818662.94, "proftotitse": null, "undisprofredu": null, "otherinto": null, "publishdate": "20170401", "futuloss": null, "staffaward": null, "perprofit": 994928331.81, "salesexpe": 467218890.76, "bizinco": 2554378047.06, "biztotcostitse": null, "minysharincoamt": -705826.49, "accstaname": "\u65b0\u4f1a\u8ba1\u51c6\u5219", "reporttype": "100111", "earlyundiprof": null, "bizcost": 741696239.57, "polidiviexpe": null, "reinexpe": null, "biztotinco": 2554378047.06, "othersupply": null, "natudisasterloss": null}, {"nonoreve": 8491001.78, "unreinveloss": null, "capitalreserve": null, "inteinco": null, "profreturninvest": null, "avaidistshareprof": null, "preferredskdiv": null, "welfare": null, "minysharrigh": -782394.12, "otherbizprof": null, "biztotincoitse": null, "capitalizeddivi": null, "realsale": null, "subsidyincome": null, "adjustdate": "20161027", "netpro1itse": null, "enddate": "20160930", "otherdistprof": null, "operprofform": null, "legalsurp": null, "netpro2form": null, "parecompincoamt": 680224838.09, "realsalecost": null, "contress": null, "pounexpe": null, "noncassetsdisl": 68480.58, "parenetp": 646474838.09, "parecompinco": 33750000.0, "accpolicychg": null, "surrgold": null, "custinco": null, "netprofit": 645692443.97, "proftotform": null, "dilutedeps": 0.52, "valuechgloss": null, "reservefund": null, "asseimpaloss": -26635.89, "finexpe": -15839544.47, "compnetexpe": null, "biztotincoform": null, "debtrestruloss": null, "earnprem": null, "nonoexpe": 3459157.62, "assoinveprof": null, "minysharinco": null, "otherbizcost": null, "supplycurcap": null, "basiceps": 0.52, "biztotcostform": null, "inteexpe": null, "inveinco": 57756414.81, "freesurplu": null, "otherbizinco": null, "totprofit": 866706316.45, "accstacode": "2", "developfund": null, "exchggain": null, "mergeformnetprof": null, "compcode": "80198461", "pouninco": null, "netpro2itse": null, "incotaxexpe": 221013872.48, "othercompinco": 33750000.0, "biztotcost": 1256445925.73, "undisprofit": null, "biztax": 178321020.17, "accestimatechg": null, "bizprofitse": null, "netpro1form": null, "manaexpe": 135973293.12, "dealwithdivi": null, "selldepartgain": null, "deveexpe": null, "begindate": "20160101", "compincoamt": 679442443.97, "proftotitse": null, "undisprofredu": null, "otherinto": null, "publishdate": "20161027", "futuloss": null, "staffaward": null, "perprofit": 861674472.29, "salesexpe": 329423786.07, "bizinco": 2060363983.21, "biztotcostitse": null, "minysharincoamt": -782394.12, "accstaname": "\u65b0\u4f1a\u8ba1\u51c6\u5219", "reporttype": "100111", "earlyundiprof": null, "bizcost": 628594006.73, "polidiviexpe": null, "reinexpe": null, "biztotinco": 2060363983.21, "othersupply": null, "natudisasterloss": null}, {"nonoreve": 4647827.53, "unreinveloss": null, "capitalreserve": null, "inteinco": null, "profreturninvest": null, "avaidistshareprof": null, "preferredskdiv": null, "welfare": null, "minysharrigh": -367494.68, "otherbizprof": null, "biztotincoitse": null, "capitalizeddivi": null, "realsale": null, "subsidyincome": null, "adjustdate": "20160820", "netpro1itse": null, "enddate": "20160630", "otherdistprof": null, "operprofform": null, "legalsurp": null, "netpro2form": null, "parecompincoamt": 530978414.59, "realsalecost": null, "contress": null, "pounexpe": null, "noncassetsdisl": null, "parenetp": 530978414.59, "parecompinco": null, "accpolicychg": null, "surrgold": null, "custinco": null, "netprofit": 530610919.91, "proftotform": null, "dilutedeps": 0.42, "valuechgloss": 0.0, "reservefund": null, "asseimpaloss": 95601.68, "finexpe": -14747505.41, "compnetexpe": null, "biztotincoform": null, "debtrestruloss": null, "earnprem": null, "nonoexpe": 1517232.65, "assoinveprof": null, "minysharinco": null, "otherbizcost": null, "supplycurcap": null, "basiceps": 0.42, "biztotcostform": null, "inteexpe": null, "inveinco": 41806961.76, "freesurplu": null, "otherbizinco": null, "totprofit": 715394771.47, "accstacode": "2", "developfund": null, "exchggain": null, "mergeformnetprof": null, "compcode": "80198461", "pouninco": null, "netpro2itse": null, "incotaxexpe": 184783851.56, "othercompinco": null, "biztotcost": 868023136.44, "undisprofit": null, "biztax": 141824370.37, "accestimatechg": null, "bizprofitse": null, "netpro1form": null, "manaexpe": 89324064.49, "dealwithdivi": null, "selldepartgain": null, "deveexpe": null, "begindate": "20160101", "compincoamt": 530610919.91, "proftotitse": null, "undisprofredu": null, "otherinto": null, "publishdate": "20160820", "futuloss": null, "staffaward": null, "perprofit": 712264176.59, "salesexpe": 186293975.76, "bizinco": 1538480351.27, "biztotcostitse": null, "minysharincoamt": -367494.68, "accstaname": "\u65b0\u4f1a\u8ba1\u51c6\u5219", "reporttype": "100111", "earlyundiprof": null, "bizcost": 465232629.55, "polidiviexpe": null, "reinexpe": null, "biztotinco": 1538480351.27, "othersupply": null, "natudisasterloss": null}, {"nonoreve": 1429121.78, "unreinveloss": null, "capitalreserve": null, "inteinco": null, "profreturninvest": null, "avaidistshareprof": null, "preferredskdiv": null, "welfare": null, "minysharrigh": -240364.86, "otherbizprof": null, "biztotincoitse": null, "capitalizeddivi": null, "realsale": null, "subsidyincome": null, "adjustdate": "20160426", "netpro1itse": null, "enddate": "20160331", "otherdistprof": null, "operprofform": null, "legalsurp": null, "netpro2form": null, "parecompincoamt": 306512320.41, "realsalecost": null, "contress": null, "pounexpe": null, "noncassetsdisl": 51528.22, "parenetp": 306512320.41, "parecompinco": null, "accpolicychg": null, "surrgold": null, "custinco": null, "netprofit": 306271955.55, "proftotform": null, "dilutedeps": 0.61, "valuechgloss": null, "reservefund": null, "asseimpaloss": 47123.63, "finexpe": -4418909.4, "compnetexpe": null, "biztotincoform": null, "debtrestruloss": null, "earnprem": null, "nonoexpe": 604827.32, "assoinveprof": null, "minysharinco": null, "otherbizcost": null, "supplycurcap": null, "basiceps": 0.61, "biztotcostform": null, "inteexpe": null, "inveinco": 9994509.87, "freesurplu": null, "otherbizinco": null, "totprofit": 417617475.06, "accstacode": "2", "developfund": null, "exchggain": null, "mergeformnetprof": null, "compcode": "80198461", "pouninco": null, "netpro2itse": null, "incotaxexpe": 111345519.51, "othercompinco": null, "biztotcost": 534581472.89, "undisprofit": null, "biztax": 115414195.37, "accestimatechg": null, "bizprofitse": null, "netpro1form": null, "manaexpe": 47347160.62, "dealwithdivi": null, "selldepartgain": null, "deveexpe": null, "begindate": "20160101", "compincoamt": 306271955.55, "proftotitse": null, "undisprofredu": null, "otherinto": null, "publishdate": "20160426", "futuloss": null, "staffaward": null, "perprofit": 416793180.6, "salesexpe": 124202800.96, "bizinco": 941380143.62, "biztotcostitse": null, "minysharincoamt": -240364.86, "accstaname": "\u65b0\u4f1a\u8ba1\u51c6\u5219", "reporttype": "100111", "earlyundiprof": null, "bizcost": 251989101.71, "polidiviexpe": null, "reinexpe": null, "biztotinco": 941380143.62, "othersupply": null, "natudisasterloss": null}, {"nonoreve": 8418675.85, "unreinveloss": null, "capitalreserve": null, "inteinco": null, "profreturninvest": null, "avaidistshareprof": null, "preferredskdiv": null, "welfare": null, "minysharrigh": -2736710.29, "otherbizprof": null, "biztotincoitse": null, "capitalizeddivi": null, "realsale": null, "subsidyincome": null, "adjustdate": "20160329", "netpro1itse": null, "enddate": "20151231", "otherdistprof": null, "operprofform": null, "legalsurp": null, "netpro2form": null, "parecompincoamt": 685251481.96, "realsalecost": null, "contress": null, "pounexpe": null, "noncassetsdisl": 745863.37, "parenetp": 685251481.96, "parecompinco": null, "accpolicychg": null, "surrgold": null, "custinco": null, "netprofit": 682514771.67, "proftotform": null, "dilutedeps": 1.37, "valuechgloss": -201677.96, "reservefund": null, "asseimpaloss": 771124.22, "finexpe": -24205696.09, "compnetexpe": null, "biztotincoform": null, "debtrestruloss": null, "earnprem": null, "nonoexpe": 2693266.49, "assoinveprof": null, "minysharinco": null, "otherbizcost": null, "supplycurcap": null, "basiceps": 1.37, "biztotcostform": null, "inteexpe": null, "inveinco": 63934350.85, "freesurplu": null, "otherbizinco": null, "totprofit": 902758353.93, "accstacode": "2", "developfund": null, "exchggain": null, "mergeformnetprof": null, "compcode": "80198461", "pouninco": null, "netpro2itse": null, "incotaxexpe": 220243582.26, "othercompinco": null, "biztotcost": 1591619031.44, "undisprofit": null, "biztax": 253543225.99, "accestimatechg": null, "bizprofitse": null, "netpro1form": null, "manaexpe": 194053054.46, "dealwithdivi": null, "selldepartgain": null, "deveexpe": null, "begindate": "20150101", "compincoamt": 682514771.67, "proftotitse": null, "undisprofredu": null, "otherinto": null, "publishdate": "20160329", "futuloss": null, "staffaward": null, "perprofit": 897032944.57, "salesexpe": 440102438.88, "bizinco": 2424919303.12, "biztotcostitse": null, "minysharincoamt": -2736710.29, "accstaname": "\u65b0\u4f1a\u8ba1\u51c6\u5219", "reporttype": "100111", "earlyundiprof": null, "bizcost": 727354883.98, "polidiviexpe": null, "reinexpe": null, "biztotinco": 2424919303.12, "othersupply": null, "natudisasterloss": null}, {"nonoreve": 3568992.2, "unreinveloss": null, "capitalreserve": null, "inteinco": null, "profreturninvest": null, "avaidistshareprof": null, "preferredskdiv": null, "welfare": null, "minysharrigh": -2006480.11, "otherbizprof": null, "biztotincoitse": null, "capitalizeddivi": null, "realsale": null, "subsidyincome": null, "adjustdate": "20151027", "netpro1itse": null, "enddate": "20150930", "otherdistprof": null, "operprofform": null, "legalsurp": null, "netpro2form": null, "parecompincoamt": 576303419.66, "realsalecost": null, "contress": null, "pounexpe": null, "noncassetsdisl": null, "parenetp": 576303419.66, "parecompinco": null, "accpolicychg": null, "surrgold": null, "custinco": null, "netprofit": 574296939.55, "proftotform": null, "dilutedeps": 1.15, "valuechgloss": -540496.93, "reservefund": null, "asseimpaloss": 1044677.79, "finexpe": -42555711.71, "compnetexpe": null, "biztotincoform": null, "debtrestruloss": null, "earnprem": null, "nonoexpe": 1263840.23, "assoinveprof": null, "minysharinco": null, "otherbizcost": null, "supplycurcap": null, "basiceps": 1.15, "biztotcostform": null, "inteexpe": null, "inveinco": 33195000.0, "freesurplu": null, "otherbizinco": null, "totprofit": 760806813.26, "accstacode": "2", "developfund": null, "exchggain": null, "mergeformnetprof": null, "compcode": "80198461", "pouninco": null, "netpro2itse": null, "incotaxexpe": 186509873.71, "othercompinco": null, "biztotcost": 1185908798.73, "undisprofit": null, "biztax": 191869077.46, "accestimatechg": null, "bizprofitse": null, "netpro1form": null, "manaexpe": 122764790.06, "dealwithdivi": null, "selldepartgain": null, "deveexpe": null, "begindate": "20150101", "compincoamt": 574296939.55, "proftotitse": null, "undisprofredu": null, "otherinto": null, "publishdate": "20151027", "futuloss": null, "staffaward": null, "perprofit": 758501661.29, "salesexpe": 318865369.54, "bizinco": 1911755956.95, "biztotcostitse": null, "minysharincoamt": -2006480.11, "accstaname": "\u65b0\u4f1a\u8ba1\u51c6\u5219", "reporttype": "100111", "earlyundiprof": null, "bizcost": 593920595.59, "polidiviexpe": null, "reinexpe": null, "biztotinco": 1911755956.95, "othersupply": null, "natudisasterloss": null}, {"nonoreve": 3444068.12, "unreinveloss": null, "capitalreserve": null, "inteinco": null, "profreturninvest": null, "avaidistshareprof": null, "preferredskdiv": null, "welfare": null, "minysharrigh": -1401476.13, "otherbizprof": null, "biztotincoitse": null, "capitalizeddivi": null, "realsale": null, "subsidyincome": null, "adjustdate": "20150825", "netpro1itse": null, "enddate": "20150630", "otherdistprof": null, "operprofform": null, "legalsurp": null, "netpro2form": null, "parecompincoamt": 468285847.92, "realsalecost": null, "contress": null, "pounexpe": null, "noncassetsdisl": null, "parenetp": 468285847.92, "parecompinco": null, "accpolicychg": null, "surrgold": null, "custinco": null, "netprofit": 466884371.79, "proftotform": null, "dilutedeps": 0.93, "valuechgloss": 1266537.59, "reservefund": null, "asseimpaloss": 1237230.53, "finexpe": -23999165.12, "compnetexpe": null, "biztotincoform": null, "debtrestruloss": null, "earnprem": null, "nonoexpe": 880362.71, "assoinveprof": null, "minysharinco": null, "otherbizcost": null, "supplycurcap": null, "basiceps": 0.93, "biztotcostform": null, "inteexpe": null, "inveinco": 13460000.0, "freesurplu": null, "otherbizinco": null, "totprofit": 620795719.09, "accstacode": "2", "developfund": null, "exchggain": null, "mergeformnetprof": null, "compcode": "80198461", "pouninco": null, "netpro2itse": null, "incotaxexpe": 153911347.3, "othercompinco": null, "biztotcost": 839091206.13, "undisprofit": null, "biztax": 132982080.26, "accestimatechg": null, "bizprofitse": null, "netpro1form": null, "manaexpe": 83450200.73, "dealwithdivi": null, "selldepartgain": null, "deveexpe": null, "begindate": "20150101", "compincoamt": 466884371.79, "proftotitse": null, "undisprofredu": null, "otherinto": null, "publishdate": "20150825", "futuloss": null, "staffaward": null, "perprofit": 618232013.68, "salesexpe": 198028314.29, "bizinco": 1442596682.22, "biztotcostitse": null, "minysharincoamt": -1401476.13, "accstaname": "\u65b0\u4f1a\u8ba1\u51c6\u5219", "reporttype": "100111", "earlyundiprof": null, "bizcost": 447392545.44, "polidiviexpe": null, "reinexpe": null, "biztotinco": 1442596682.22, "othersupply": null, "natudisasterloss": null}, {"nonoreve": 1846985.98, "unreinveloss": null, "capitalreserve": null, "inteinco": null, "profreturninvest": null, "avaidistshareprof": null, "preferredskdiv": null, "welfare": null, "minysharrigh": -757928.83, "otherbizprof": null, "biztotincoitse": null, "capitalizeddivi": null, "realsale": null, "subsidyincome": null, "adjustdate": "20150430", "netpro1itse": null, "enddate": "20150331", "otherdistprof": null, "operprofform": null, "legalsurp": null, "netpro2form": null, "parecompincoamt": 277093155.87, "realsalecost": null, "contress": null, "pounexpe": null, "noncassetsdisl": 1812.76, "parenetp": 277093155.87, "parecompinco": null, "accpolicychg": null, "surrgold": null, "custinco": null, "netprofit": 276335227.04, "proftotform": null, "dilutedeps": 0.55, "valuechgloss": null, "reservefund": null, "asseimpaloss": -159054.28, "finexpe": -6902451.52, "compnetexpe": null, "biztotincoform": null, "debtrestruloss": null, "earnprem": null, "nonoexpe": 455412.76, "assoinveprof": null, "minysharinco": null, "otherbizcost": null, "supplycurcap": null, "basiceps": 0.55, "biztotcostform": null, "inteexpe": null, "inveinco": null, "freesurplu": null, "otherbizinco": null, "totprofit": 365343130.25, "accstacode": "2", "developfund": null, "exchggain": null, "mergeformnetprof": null, "compcode": "80198461", "pouninco": null, "netpro2itse": null, "incotaxexpe": 89007903.21, "othercompinco": null, "biztotcost": 509723812.78, "undisprofit": null, "biztax": 108796629.23, "accestimatechg": null, "bizprofitse": null, "netpro1form": null, "manaexpe": 39836255.13, "dealwithdivi": null, "selldepartgain": null, "deveexpe": null, "begindate": "20150101", "compincoamt": 276335227.04, "proftotitse": null, "undisprofredu": null, "otherinto": null, "publishdate": "20150430", "futuloss": null, "staffaward": null, "perprofit": 363951557.03, "salesexpe": 128816947.54, "bizinco": 873675369.81, "biztotcostitse": null, "minysharincoamt": -757928.83, "accstaname": "\u65b0\u4f1a\u8ba1\u51c6\u5219", "reporttype": "100111", "earlyundiprof": null, "bizcost": 239335486.68, "polidiviexpe": null, "reinexpe": null, "biztotinco": 873675369.81, "othersupply": null, "natudisasterloss": null}, {"nonoreve": 6527468.69, "unreinveloss": null, "capitalreserve": null, "inteinco": null, "profreturninvest": null, "avaidistshareprof": null, "preferredskdiv": null, "welfare": null, "minysharrigh": -3557108.23, "otherbizprof": null, "biztotincoitse": null, "capitalizeddivi": null, "realsale": null, "subsidyincome": null, "adjustdate": "20150403", "netpro1itse": null, "enddate": "20141231", "otherdistprof": null, "operprofform": null, "legalsurp": null, "netpro2form": null, "parecompincoamt": 645623331.99, "realsalecost": null, "contress": null, "pounexpe": null, "noncassetsdisl": 98042.69, "parenetp": 645623331.99, "parecompinco": null, "accpolicychg": null, "surrgold": null, "custinco": null, "netprofit": 642066223.76, "proftotform": null, "dilutedeps": 1.36, "valuechgloss": 201677.96, "reservefund": null, "asseimpaloss": 741527.45, "finexpe": -27413198.91, "compnetexpe": null, "biztotincoform": null, "debtrestruloss": null, "earnprem": null, "nonoexpe": 1419300.59, "assoinveprof": null, "minysharinco": null, "otherbizcost": null, "supplycurcap": null, "basiceps": 1.36, "biztotcostform": null, "inteexpe": null, "inveinco": 725744.02, "freesurplu": null, "otherbizinco": null, "totprofit": 853421906.03, "accstacode": "2", "developfund": null, "exchggain": null, "mergeformnetprof": null, "compcode": "80198461", "pouninco": null, "netpro2itse": null, "incotaxexpe": 211355682.27, "othercompinco": null, "biztotcost": 1552351484.81, "undisprofit": null, "biztax": 240510566.95, "accestimatechg": null, "bizprofitse": null, "netpro1form": null, "manaexpe": 179753752.2, "dealwithdivi": null, "selldepartgain": null, "deveexpe": null, "begindate": "20140101", "compincoamt": 642066223.76, "proftotitse": null, "undisprofredu": null, "otherinto": null, "publishdate": "20150403", "futuloss": null, "staffaward": null, "perprofit": 848313737.93, "salesexpe": 453095418.26, "bizinco": 2399737800.76, "biztotcostitse": null, "minysharincoamt": -3557108.23, "accstaname": "\u65b0\u4f1a\u8ba1\u51c6\u5219", "reporttype": "100111", "earlyundiprof": null, "bizcost": 705663418.86, "polidiviexpe": null, "reinexpe": null, "biztotinco": 2399737800.76, "othersupply": null, "natudisasterloss": null}, {"nonoreve": 5871393.5, "unreinveloss": null, "capitalreserve": null, "inteinco": null, "profreturninvest": null, "avaidistshareprof": null, "preferredskdiv": null, "welfare": null, "minysharrigh": -2203640.28, "otherbizprof": null, "biztotincoitse": null, "capitalizeddivi": null, "realsale": null, "subsidyincome": null, "adjustdate": "20141021", "netpro1itse": null, "enddate": "20140930", "otherdistprof": null, "operprofform": null, "legalsurp": null, "netpro2form": null, "parecompincoamt": null, "realsalecost": null, "contress": null, "pounexpe": null, "noncassetsdisl": 95625.51, "parenetp": 564719925.66, "parecompinco": null, "accpolicychg": null, "surrgold": null, "custinco": null, "netprofit": 562516285.38, "proftotform": null, "dilutedeps": 1.21, "valuechgloss": null, "reservefund": null, "asseimpaloss": 1083382.43, "finexpe": -18733504.93, "compnetexpe": null, "biztotincoform": null, "debtrestruloss": null, "earnprem": null, "nonoexpe": 919101.03, "assoinveprof": null, "minysharinco": null, "otherbizcost": null, "supplycurcap": null, "basiceps": 1.21, "biztotcostform": null, "inteexpe": null, "inveinco": null, "freesurplu": null, "otherbizinco": null, "totprofit": 744843245.84, "accstacode": "2", "developfund": null, "exchggain": null, "mergeformnetprof": null, "compcode": "80198461", "pouninco": null, "netpro2itse": null, "incotaxexpe": 182326960.46, "othercompinco": null, "biztotcost": 1181148878.79, "undisprofit": null, "biztax": 186026338.53, "accestimatechg": null, "bizprofitse": null, "netpro1form": null, "manaexpe": 119193439.84, "dealwithdivi": null, "selldepartgain": null, "deveexpe": null, "begindate": "20140101", "compincoamt": 562516285.38, "proftotitse": null, "undisprofredu": null, "otherinto": null, "publishdate": "20141021", "futuloss": null, "staffaward": null, "perprofit": 739890953.37, "salesexpe": 300302679.63, "bizinco": 1921039832.16, "biztotcostitse": null, "minysharincoamt": null, "accstaname": "\u65b0\u4f1a\u8ba1\u51c6\u5219", "reporttype": "100111", "earlyundiprof": null, "bizcost": 593276543.29, "polidiviexpe": null, "reinexpe": null, "biztotinco": 1921039832.16, "othersupply": null, "natudisasterloss": null}, {"nonoreve": 2217578.31, "unreinveloss": null, "capitalreserve": null, "inteinco": null, "profreturninvest": null, "avaidistshareprof": null, "preferredskdiv": null, "welfare": null, "minysharrigh": -616146.72, "otherbizprof": null, "biztotincoitse": null, "capitalizeddivi": null, "realsale": null, "subsidyincome": null, "adjustdate": "20140807", "netpro1itse": null, "enddate": "20140630", "otherdistprof": null, "operprofform": null, "legalsurp": null, "netpro2form": null, "parecompincoamt": 458165136.66, "realsalecost": null, "contress": null, "pounexpe": null, "noncassetsdisl": 26293.24, "parenetp": 458165136.66, "parecompinco": null, "accpolicychg": null, "surrgold": null, "custinco": null, "netprofit": 457548989.94, "proftotform": null, "dilutedeps": 1.02, "valuechgloss": null, "reservefund": null, "asseimpaloss": 1000735.39, "finexpe": -17258042.22, "compnetexpe": null, "biztotincoform": null, "debtrestruloss": null, "earnprem": null, "nonoexpe": 497349.62, "assoinveprof": null, "minysharinco": null, "otherbizcost": null, "supplycurcap": null, "basiceps": 1.02, "biztotcostform": null, "inteexpe": null, "inveinco": null, "freesurplu": null, "otherbizinco": null, "totprofit": 603808654.35, "accstacode": "2", "developfund": null, "exchggain": null, "mergeformnetprof": null, "compcode": "80198461", "pouninco": null, "netpro2itse": null, "incotaxexpe": 146259664.41, "othercompinco": null, "biztotcost": 810424684.51, "undisprofit": null, "biztax": 132004374.75, "accestimatechg": null, "bizprofitse": null, "netpro1form": null, "manaexpe": 74203256.8, "dealwithdivi": null, "selldepartgain": null, "deveexpe": null, "begindate": "20140101", "compincoamt": 457548989.94, "proftotitse": null, "undisprofredu": null, "otherinto": null, "publishdate": "20140807", "futuloss": null, "staffaward": null, "perprofit": 602088425.66, "salesexpe": 173653933.48, "bizinco": 1412513110.17, "biztotcostitse": null, "minysharincoamt": -616146.72, "accstaname": "\u65b0\u4f1a\u8ba1\u51c6\u5219", "reporttype": "100111", "earlyundiprof": null, "bizcost": 446820426.31, "polidiviexpe": null, "reinexpe": null, "biztotinco": 1412513110.17, "othersupply": null, "natudisasterloss": null}, {"nonoreve": null, "unreinveloss": null, "capitalreserve": null, "inteinco": null, "profreturninvest": null, "avaidistshareprof": null, "preferredskdiv": null, "welfare": null, "minysharrigh": null, "otherbizprof": null, "biztotincoitse": null, "capitalizeddivi": null, "realsale": null, "subsidyincome": null, "adjustdate": "20140611", "netpro1itse": null, "enddate": "20140331", "otherdistprof": null, "operprofform": null, "legalsurp": null, "netpro2form": null, "parecompincoamt": null, "realsalecost": null, "contress": null, "pounexpe": null, "noncassetsdisl": null, "parenetp": 273123600.0, "parecompinco": null, "accpolicychg": null, "surrgold": null, "custinco": null, "netprofit": null, "proftotform": null, "dilutedeps": null, "valuechgloss": null, "reservefund": null, "asseimpaloss": null, "finexpe": null, "compnetexpe": null, "biztotincoform": null, "debtrestruloss": null, "earnprem": null, "nonoexpe": null, "assoinveprof": null, "minysharinco": null, "otherbizcost": null, "supplycurcap": null, "basiceps": null, "biztotcostform": null, "inteexpe": null, "inveinco": null, "freesurplu": null, "otherbizinco": null, "totprofit": null, "accstacode": "2", "developfund": null, "exchggain": null, "mergeformnetprof": null, "compcode": "80198461", "pouninco": null, "netpro2itse": null, "incotaxexpe": null, "othercompinco": null, "biztotcost": null, "undisprofit": null, "biztax": null, "accestimatechg": null, "bizprofitse": null, "netpro1form": null, "manaexpe": null, "dealwithdivi": null, "selldepartgain": null, "deveexpe": null, "begindate": "20140101", "compincoamt": null, "proftotitse": null, "undisprofredu": null, "otherinto": null, "publishdate": "20140611", "futuloss": null, "staffaward": null, "perprofit": null, "salesexpe": null, "bizinco": null, "biztotcostitse": null, "minysharincoamt": null, "accstaname": "\u65b0\u4f1a\u8ba1\u51c6\u5219", "reporttype": "100111", "earlyundiprof": null, "bizcost": null, "polidiviexpe": null, "reinexpe": null, "biztotinco": null, "othersupply": null, "natudisasterloss": null}, {"nonoreve": 8640700.84, "unreinveloss": null, "capitalreserve": null, "inteinco": null, "profreturninvest": null, "avaidistshareprof": null, "preferredskdiv": null, "welfare": null, "minysharrigh": -1187139.06, "otherbizprof": null, "biztotincoitse": null, "capitalizeddivi": null, "realsale": null, "subsidyincome": null, "adjustdate": "20140611", "netpro1itse": null, "enddate": "20131231", "otherdistprof": null, "operprofform": null, "legalsurp": null, "netpro2form": null, "parecompincoamt": 681297444.27, "realsalecost": null, "contress": null, "pounexpe": null, "noncassetsdisl": 705824.32, "parenetp": 681297444.27, "parecompinco": null, "accpolicychg": null, "surrgold": null, "custinco": null, "netprofit": 680110305.21, "proftotform": null, "dilutedeps": 1.51, "valuechgloss": null, "reservefund": null, "asseimpaloss": -131814.14, "finexpe": -16116759.37, "compnetexpe": null, "biztotincoform": null, "debtrestruloss": null, "earnprem": null, "nonoexpe": 2934458.17, "assoinveprof": null, "minysharinco": null, "otherbizcost": null, "supplycurcap": null, "basiceps": 1.51, "biztotcostform": null, "inteexpe": null, "inveinco": 400000.0, "freesurplu": null, "otherbizinco": null, "totprofit": 914615528.91, "accstacode": "2", "developfund": null, "exchggain": null, "mergeformnetprof": null, "compcode": "80198461", "pouninco": null, "netpro2itse": null, "incotaxexpe": 234505223.7, "othercompinco": null, "biztotcost": 1606912392.16, "undisprofit": null, "biztax": 247708462.4, "accestimatechg": null, "bizprofitse": null, "netpro1form": null, "manaexpe": 153043580.93, "dealwithdivi": null, "selldepartgain": null, "deveexpe": null, "begindate": "20130101", "compincoamt": 680110305.21, "proftotitse": null, "undisprofredu": null, "otherinto": null, "publishdate": "20140611", "futuloss": null, "staffaward": null, "perprofit": 908909286.24, "salesexpe": 482406683.99, "bizinco": 2515421678.4, "biztotcostitse": null, "minysharincoamt": -1187139.06, "accstaname": "\u65b0\u4f1a\u8ba1\u51c6\u5219", "reporttype": "100111", "earlyundiprof": null, "bizcost": 740002238.35, "polidiviexpe": null, "reinexpe": null, "biztotinco": 2515421678.4, "othersupply": null, "natudisasterloss": null}, {"nonoreve": 4946861.47, "unreinveloss": null, "capitalreserve": null, "inteinco": null, "profreturninvest": null, "avaidistshareprof": null, "preferredskdiv": null, "welfare": null, "minysharrigh": -502480.11, "otherbizprof": null, "biztotincoitse": null, "capitalizeddivi": null, "realsale": null, "subsidyincome": null, "adjustdate": "20141021", "netpro1itse": null, "enddate": "20130930", "otherdistprof": null, "operprofform": null, "legalsurp": null, "netpro2form": null, "parecompincoamt": null, "realsalecost": null, "contress": null, "pounexpe": null, "noncassetsdisl": 620850.27, "parenetp": 599382533.95, "parecompinco": null, "accpolicychg": null, "surrgold": null, "custinco": null, "netprofit": 598880053.84, "proftotform": null, "dilutedeps": 1.33, "valuechgloss": null, "reservefund": null, "asseimpaloss": 399946.85, "finexpe": -10486085.5, "compnetexpe": null, "biztotincoform": null, "debtrestruloss": null, "earnprem": null, "nonoexpe": 1421258.88, "assoinveprof": null, "minysharinco": null, "otherbizcost": null, "supplycurcap": null, "basiceps": 1.33, "biztotcostform": null, "inteexpe": null, "inveinco": null, "freesurplu": null, "otherbizinco": null, "totprofit": 832335779.3, "accstacode": "2", "developfund": null, "exchggain": null, "mergeformnetprof": null, "compcode": "80198461", "pouninco": null, "netpro2itse": null, "incotaxexpe": 233455725.46, "othercompinco": null, "biztotcost": 1222315673.67, "undisprofit": null, "biztax": 185519590.68, "accestimatechg": null, "bizprofitse": null, "netpro1form": null, "manaexpe": 98728159.35, "dealwithdivi": null, "selldepartgain": null, "deveexpe": null, "begindate": "20130101", "compincoamt": 598880053.85, "proftotitse": null, "undisprofredu": null, "otherinto": null, "publishdate": "20141021", "futuloss": null, "staffaward": null, "perprofit": 828810176.71, "salesexpe": 308770128.69, "bizinco": 2051125850.38, "biztotcostitse": null, "minysharincoamt": null, "accstaname": "\u65b0\u4f1a\u8ba1\u51c6\u5219", "reporttype": "100111", "earlyundiprof": null, "bizcost": 639383933.6, "polidiviexpe": null, "reinexpe": null, "biztotinco": 2051125850.38, "othersupply": null, "natudisasterloss": null}, {"nonoreve": 3760756.23, "unreinveloss": null, "capitalreserve": null, "inteinco": null, "profreturninvest": null, "avaidistshareprof": null, "preferredskdiv": null, "welfare": null, "minysharrigh": -333838.88, "otherbizprof": null, "biztotincoitse": null, "capitalizeddivi": null, "realsale": null, "subsidyincome": null, "adjustdate": "20140807", "netpro1itse": null, "enddate": "20130630", "otherdistprof": null, "operprofform": null, "legalsurp": null, "netpro2form": null, "parecompincoamt": 488423929.98, "realsalecost": null, "contress": null, "pounexpe": null, "noncassetsdisl": null, "parenetp": 488423929.98, "parecompinco": null, "accpolicychg": null, "surrgold": null, "custinco": null, "netprofit": 488090091.1, "proftotform": null, "dilutedeps": 1.09, "valuechgloss": null, "reservefund": null, "asseimpaloss": 353762.04, "finexpe": -6977710.5, "compnetexpe": null, "biztotincoform": null, "debtrestruloss": null, "earnprem": null, "nonoexpe": 253281.92, "assoinveprof": null, "minysharinco": null, "otherbizcost": null, "supplycurcap": null, "basiceps": 1.09, "biztotcostform": null, "inteexpe": null, "inveinco": null, "freesurplu": null, "otherbizinco": null, "totprofit": 675084036.69, "accstacode": "2", "developfund": null, "exchggain": null, "mergeformnetprof": null, "compcode": "80198461", "pouninco": null, "netpro2itse": null, "incotaxexpe": 186993945.59, "othercompinco": null, "biztotcost": 853311490.03, "undisprofit": null, "biztax": 126552334.13, "accestimatechg": null, "bizprofitse": null, "netpro1form": null, "manaexpe": 63516806.85, "dealwithdivi": null, "selldepartgain": null, "deveexpe": null, "begindate": "20130101", "compincoamt": 488090091.1, "proftotitse": null, "undisprofredu": null, "otherinto": null, "publishdate": "20140807", "futuloss": null, "staffaward": null, "perprofit": 671576562.38, "salesexpe": 202197747.54, "bizinco": 1524888052.41, "biztotcostitse": null, "minysharincoamt": -333838.88, "accstaname": "\u65b0\u4f1a\u8ba1\u51c6\u5219", "reporttype": "100111", "earlyundiprof": null, "bizcost": 467668549.97, "polidiviexpe": null, "reinexpe": null, "biztotinco": 1524888052.41, "othersupply": null, "natudisasterloss": null}, {"nonoreve": null, "unreinveloss": null, "capitalreserve": null, "inteinco": null, "profreturninvest": null, "avaidistshareprof": null, "preferredskdiv": null, "welfare": null, "minysharrigh": null, "otherbizprof": null, "biztotincoitse": null, "capitalizeddivi": null, "realsale": null, "subsidyincome": null, "adjustdate": "20140611", "netpro1itse": null, "enddate": "20130331", "otherdistprof": null, "operprofform": null, "legalsurp": null, "netpro2form": null, "parecompincoamt": null, "realsalecost": null, "contress": null, "pounexpe": null, "noncassetsdisl": null, "parenetp": 312121900.0, "parecompinco": null, "accpolicychg": null, "surrgold": null, "custinco": null, "netprofit": 312020100.0, "proftotform": null, "dilutedeps": null, "valuechgloss": null, "reservefund": null, "asseimpaloss": null, "finexpe": null, "compnetexpe": null, "biztotincoform": null, "debtrestruloss": null, "earnprem": null, "nonoexpe": null, "assoinveprof": null, "minysharinco": null, "otherbizcost": null, "supplycurcap": null, "basiceps": null, "biztotcostform": null, "inteexpe": null, "inveinco": null, "freesurplu": null, "otherbizinco": null, "totprofit": 460973500.0, "accstacode": "2", "developfund": null, "exchggain": null, "mergeformnetprof": null, "compcode": "80198461", "pouninco": null, "netpro2itse": null, "incotaxexpe": null, "othercompinco": null, "biztotcost": 392083200.0, "undisprofit": null, "biztax": 102673700.0, "accestimatechg": null, "bizprofitse": null, "netpro1form": null, "manaexpe": null, "dealwithdivi": null, "selldepartgain": null, "deveexpe": null, "begindate": "20130101", "compincoamt": null, "proftotitse": null, "undisprofredu": null, "otherinto": null, "publishdate": "20140611", "futuloss": null, "staffaward": null, "perprofit": 459092900.0, "salesexpe": null, "bizinco": 1035266600.0, "biztotcostitse": null, "minysharincoamt": null, "accstaname": "\u65b0\u4f1a\u8ba1\u51c6\u5219", "reporttype": "100111", "earlyundiprof": null, "bizcost": 289409500.0, "polidiviexpe": null, "reinexpe": null, "biztotinco": 1035266600.0, "othersupply": null, "natudisasterloss": null}, {"nonoreve": 1702651.77, "unreinveloss": null, "capitalreserve": null, "inteinco": null, "profreturninvest": null, "avaidistshareprof": null, "preferredskdiv": null, "welfare": null, "minysharrigh": -303563.71, "otherbizprof": null, "biztotincoitse": null, "capitalizeddivi": null, "realsale": null, "subsidyincome": null, "adjustdate": "20140611", "netpro1itse": null, "enddate": "20121231", "otherdistprof": null, "operprofform": null, "legalsurp": null, "netpro2form": null, "parecompincoamt": 676679043.13, "realsalecost": null, "contress": null, "pounexpe": null, "noncassetsdisl": null, "parenetp": 676679043.13, "parecompinco": null, "accpolicychg": null, "surrgold": null, "custinco": null, "netprofit": 676375479.42, "proftotform": null, "dilutedeps": 1.5, "valuechgloss": null, "reservefund": null, "asseimpaloss": -89117.79, "finexpe": -8884311.12, "compnetexpe": null, "biztotincoform": null, "debtrestruloss": null, "earnprem": null, "nonoexpe": 3682764.8, "assoinveprof": null, "minysharinco": null, "otherbizcost": null, "supplycurcap": null, "basiceps": 1.5, "biztotcostform": null, "inteexpe": null, "inveinco": 800000.0, "freesurplu": null, "otherbizinco": null, "totprofit": 905423541.44, "accstacode": "2", "developfund": null, "exchggain": null, "mergeformnetprof": null, "compcode": "80198461", "pouninco": null, "netpro2itse": null, "incotaxexpe": 229048062.02, "othercompinco": null, "biztotcost": 1687153188.41, "undisprofit": null, "biztax": 256468030.5, "accestimatechg": null, "bizprofitse": null, "netpro1form": null, "manaexpe": 147917776.29, "dealwithdivi": null, "selldepartgain": null, "deveexpe": null, "begindate": "20120101", "compincoamt": 676375479.42, "proftotitse": null, "undisprofredu": null, "otherinto": null, "publishdate": "20140611", "futuloss": null, "staffaward": null, "perprofit": 907403654.47, "salesexpe": 558596969.21, "bizinco": 2593756842.88, "biztotcostitse": null, "minysharincoamt": -303563.71, "accstaname": "\u65b0\u4f1a\u8ba1\u51c6\u5219", "reporttype": "100111", "earlyundiprof": null, "bizcost": 733143841.32, "polidiviexpe": null, "reinexpe": null, "biztotinco": 2593756842.88, "othersupply": null, "natudisasterloss": null}, {"nonoreve": 7980792.94, "unreinveloss": null, "capitalreserve": null, "inteinco": null, "profreturninvest": null, "avaidistshareprof": null, "preferredskdiv": null, "welfare": null, "minysharrigh": null, "otherbizprof": null, "biztotincoitse": null, "capitalizeddivi": null, "realsale": null, "subsidyincome": null, "adjustdate": "20140611", "netpro1itse": null, "enddate": "20111231", "otherdistprof": null, "operprofform": null, "legalsurp": null, "netpro2form": null, "parecompincoamt": 533150594.98, "realsalecost": null, "contress": null, "pounexpe": null, "noncassetsdisl": 207901.84, "parenetp": 533150594.98, "parecompinco": null, "accpolicychg": null, "surrgold": null, "custinco": null, "netprofit": 533150594.98, "proftotform": null, "dilutedeps": 1.18, "valuechgloss": null, "reservefund": null, "asseimpaloss": 659452.98, "finexpe": -6218353.42, "compnetexpe": null, "biztotincoform": null, "debtrestruloss": null, "earnprem": null, "nonoexpe": 1344182.64, "assoinveprof": null, "minysharinco": null, "otherbizcost": null, "supplycurcap": null, "basiceps": 1.18, "biztotcostform": null, "inteexpe": null, "inveinco": null, "freesurplu": null, "otherbizinco": null, "totprofit": 712389439.14, "accstacode": "2", "developfund": null, "exchggain": null, "mergeformnetprof": null, "compcode": "80198461", "pouninco": null, "netpro2itse": null, "incotaxexpe": 179238844.16, "othercompinco": null, "biztotcost": 1536584999.36, "undisprofit": null, "biztax": 232555720.58, "accestimatechg": null, "bizprofitse": null, "netpro1form": null, "manaexpe": 141275663.7, "dealwithdivi": null, "selldepartgain": null, "deveexpe": null, "begindate": "20110101", "compincoamt": 533150594.98, "proftotitse": null, "undisprofredu": null, "otherinto": null, "publishdate": "20140611", "futuloss": null, "staffaward": null, "perprofit": 705752828.84, "salesexpe": 521321308.66, "bizinco": 2242337828.2, "biztotcostitse": null, "minysharincoamt": null, "accstaname": "\u65b0\u4f1a\u8ba1\u51c6\u5219", "reporttype": "100111", "earlyundiprof": null, "bizcost": 646991206.86, "polidiviexpe": null, "reinexpe": null, "biztotinco": 2242337828.2, "othersupply": null, "natudisasterloss": null}], "comptype": 4, "name": "\u4eca\u4e16\u7f18"}