{"list":[{"bonusimpdate":"20170603","bonusyear":"2016","cur":"人民币","bonusskratio":null,"tranaddskraio":6.0,"recorddate":"20170608","exrightdate":"20170609","cdividend":3.0,"fdividendbh":0.0,"tranaddsklistdate":"20170609","bonussklistdate":null,"tranaddskaccday":"20170609","bonusskaccday":null,"symbol":null,"secode":"2010001478","divitype":"AC","taxfdividendbh":0.0,"taxcdividend":3.0,"divibegdate":"20170609","summarize":"10转6派3"},{"bonusimpdate":"20160519","bonusyear":"2015","cur":"人民币","bonusskratio":null,"tranaddskraio":null,"recorddate":"20160524","exrightdate":"20160525","cdividend":4.0,"fdividendbh":0.0,"tranaddsklistdate":null,"bonussklistdate":null,"tranaddskaccday":null,"bonusskaccday":null,"symbol":null,"secode":"2010001478","divitype":"A","taxfdividendbh":0.0,"taxcdividend":4.0,"divibegdate":"20160525","summarize":"10派4"},{"bonusimpdate":"20150612","bonusyear":"2014","cur":"人民币","bonusskratio":null,"tranaddskraio":null,"recorddate":"20150617","exrightdate":"20150618","cdividend":4.0,"fdividendbh":0.0,"tranaddsklistdate":null,"bonussklistdate":null,"tranaddskaccday":null,"bonusskaccday":null,"symbol":null,"secode":"2010001478","divitype":"A","taxfdividendbh":0.0,"taxcdividend":3.8,"divibegdate":"20150618","summarize":"10派4"},{"bonusimpdate":"20140425","bonusyear":"2013","cur":"人民币","bonusskratio":null,"tranaddskraio":2.0,"recorddate":"20140430","exrightdate":"20140505","cdividend":2.0,"fdividendbh":0.0,"tranaddsklistdate":"20140505","bonussklistdate":null,"tranaddskaccday":"20140505","bonusskaccday":null,"symbol":null,"secode":"2010001478","divitype":"AC","taxfdividendbh":0.0,"taxcdividend":1.9,"divibegdate":"20140505","summarize":"10转2派2"},{"bonusimpdate":"20130415","bonusyear":"2012","cur":"人民币","bonusskratio":null,"tranaddskraio":null,"recorddate":"20130418","exrightdate":"20130419","cdividend":2.0,"fdividendbh":0.0,"tranaddsklistdate":null,"bonussklistdate":null,"tranaddskaccday":null,"bonusskaccday":null,"symbol":null,"secode":"2010001478","divitype":"A","taxfdividendbh":0.0,"taxcdividend":1.9,"divibegdate":"20130419","summarize":"10派2"},{"bonusimpdate":"20120418","bonusyear":"2011","cur":"人民币","bonusskratio":1.0,"tranaddskraio":null,"recorddate":"20120423","exrightdate":"20120424","cdividend":2.0,"fdividendbh":0.0,"tranaddsklistdate":null,"bonussklistdate":"20120424","tranaddskaccday":null,"bonusskaccday":"20120424","symbol":null,"secode":"2010001478","divitype":"AB","taxfdividendbh":0.0,"taxcdividend":1.7,"divibegdate":"20120424","summarize":"10送1派2"},{"bonusimpdate":"20110407","bonusyear":"2010","cur":"人民币","bonusskratio":null,"tranaddskraio":null,"recorddate":"20110412","exrightdate":"20110413","cdividend":3.0,"fdividendbh":0.0,"tranaddsklistdate":null,"bonussklistdate":null,"tranaddskaccday":null,"bonusskaccday":null,"symbol":null,"secode":"2010001478","divitype":"A","taxfdividendbh":0.0,"taxcdividend":2.7,"divibegdate":"20110413","summarize":"10派3"},{"bonusimpdate":"20100506","bonusyear":"2009","cur":"人民币","bonusskratio":2.0,"tranaddskraio":1.0,"recorddate":"20100512","exrightdate":"20100513","cdividend":1.0,"fdividendbh":0.0,"tranaddsklistdate":"20100513","bonussklistdate":"20100513","tranaddskaccday":"20100513","bonusskaccday":"20100513","symbol":null,"secode":"2010001478","divitype":"ABC","taxfdividendbh":0.0,"taxcdividend":0.7,"divibegdate":"20100513","summarize":"10送2转1派1"},{"bonusimpdate":"20080507","bonusyear":"2007","cur":"人民币","bonusskratio":null,"tranaddskraio":null,"recorddate":"20080512","exrightdate":"20080513","cdividend":0.5,"fdividendbh":0.0,"tranaddsklistdate":null,"bonussklistdate":null,"tranaddskaccday":null,"bonusskaccday":null,"symbol":null,"secode":"2010001478","divitype":"A","taxfdividendbh":0.0,"taxcdividend":0.45,"divibegdate":"20080513","summarize":"10派0.5"},{"bonusimpdate":"20070510","bonusyear":"2006","cur":"人民币","bonusskratio":1.0,"tranaddskraio":2.0,"recorddate":"20070516","exrightdate":"20070517","cdividend":0.5,"fdividendbh":0.0,"tranaddsklistdate":"20070517","bonussklistdate":"20070517","tranaddskaccday":"20070517","bonusskaccday":"20070517","symbol":null,"secode":"2010001478","divitype":"ABC","taxfdividendbh":0.0,"taxcdividend":0.35,"divibegdate":"20070517","summarize":"10送1转2派0.5"},{"bonusimpdate":"20060610","bonusyear":"2005","cur":"人民币","bonusskratio":null,"tranaddskraio":2.0,"recorddate":"20060616","exrightdate":"20060619","cdividend":2.0,"fdividendbh":0.0,"tranaddsklistdate":"20060619","bonussklistdate":null,"tranaddskaccday":"20060619","bonusskaccday":null,"symbol":null,"secode":"2010001478","divitype":"AC","taxfdividendbh":0.0,"taxcdividend":1.8,"divibegdate":"20060619","summarize":"10转2派2"},{"bonusimpdate":"20050528","bonusyear":"2004","cur":"人民币","bonusskratio":null,"tranaddskraio":4.0,"recorddate":"20050603","exrightdate":"20050606","cdividend":4.0,"fdividendbh":0.0,"tranaddsklistdate":"20050606","bonussklistdate":null,"tranaddskaccday":"20050606","bonusskaccday":null,"symbol":null,"secode":"2010001478","divitype":"AC","taxfdividendbh":0.0,"taxcdividend":3.2,"divibegdate":"20050606","summarize":"10转4派4"}]}