{"SZ002035":{"symbol":"SZ002035","exchange":"SZ","code":"002035","name":"华帝股份","current":"27.75","percentage":"-1.07","change":"-0.30","open":"28.02","high":"28.15","low":"27.5","close":"27.75","last_close":"28.05","high52week":"35.5","low52week":"19.37","volume":"3740780.0","lot_volume":"37407.8","volumeAverage":"8180071","marketCapital":"1.614389780325E10","eps":"0.54","pe_ttm":"31.756","pe_lyr":"31.756","beta":"0.0","totalShares":"581762083","time":"Tue Mar 20 15:04:03 +0800 2018","afterHours":"0.0","afterHoursPct":"0.0","afterHoursChg":"0.0","afterHoursTime":"Wed Oct 19 21:59:01 -0400 2011","updateAt":"1513578769061","dividend":"0.3","yield":"1.08","turnover_rate":"0.72%","instOwn":"0.0","rise_stop":"30.86","fall_stop":"25.25","currency_unit":"CNY","amount":"1.0359826654E8","net_assets":"3.3644","hasexist":"","has_warrant":"0","type":"11","flag":"1","rest_day":"","amplitude":"2.32%","market_status":"已收盘","lot_size":"100","min_order_quantity":"0","max_order_quantity":"0","tick_size":"0.01","variable_tick_size":"","kzz_stock_symbol":"","kzz_stock_name":"","kzz_stock_current":"0.0","kzz_convert_price":"0.0","kzz_covert_value":"0.0","kzz_cpr":"0.0","kzz_putback_price":"0.0","kzz_convert_time":"","kzz_redempt_price":"0.0","kzz_straight_price":"0.0","kzz_stock_percent":"","pb":"8.25","benefit_before_tax":"0.0","benefit_after_tax":"0.0","convert_bond_ratio":"","totalissuescale":"","outstandingamt":"","maturitydate":"","remain_year":"","convertrate":"0.0","interestrtmemo":"","release_date":"","circulation":"0.0","par_value":"0.0","due_time":"0.0","value_date":"","due_date":"","publisher":"","redeem_type":"F","issue_type":"3","bond_type":"","warrant":"","sale_rrg":"","rate":"","after_hour_vol":"0","float_shares":"520837467","float_market_capital":"1.445323970925E10","disnext_pay_date":"","convert_rate":"0.0","volume_ratio":"0.6","percent5m":"0.04","pankou_ratio":"-3.9%","psr":"3.0121"}}