{"SZ002304":{"symbol":"SZ002304","exchange":"SZ","code":"002304","name":"洋河股份","current":"112.40","percentage":"-0.38","change":"-0.43","open":"112.35","high":"113.2","low":"111.38","close":"112.4","last_close":"112.83","high52week":"139.02","low52week":"75.9","volume":"2480468.0","lot_volume":"24804.68","volumeAverage":"2349595","marketCapital":"1.693854512E11","eps":"3.7","pe_ttm":"25.671","pe_lyr":"25.671","beta":"0.0","totalShares":"1506988000","time":"Tue Mar 20 15:04:03 +0800 2018","afterHours":"0.0","afterHoursPct":"0.0","afterHoursChg":"0.0","afterHoursTime":"Wed Oct 19 21:59:01 -0400 2011","updateAt":"1510208116278","dividend":"2.1","yield":"1.87","turnover_rate":"0.20%","instOwn":"0.0","rise_stop":"124.11","fall_stop":"101.55","currency_unit":"CNY","amount":"2.7972590257E8","net_assets":"18.8917","hasexist":"","has_warrant":"0","type":"11","flag":"1","rest_day":"","amplitude":"1.61%","market_status":"已收盘","lot_size":"100","min_order_quantity":"0","max_order_quantity":"0","tick_size":"0.01","variable_tick_size":"","kzz_stock_symbol":"","kzz_stock_name":"","kzz_stock_current":"0.0","kzz_convert_price":"0.0","kzz_covert_value":"0.0","kzz_cpr":"0.0","kzz_putback_price":"0.0","kzz_convert_time":"","kzz_redempt_price":"0.0","kzz_straight_price":"0.0","kzz_stock_percent":"","pb":"5.95","benefit_before_tax":"0.0","benefit_after_tax":"0.0","convert_bond_ratio":"","totalissuescale":"","outstandingamt":"","maturitydate":"","remain_year":"","convertrate":"0.0","interestrtmemo":"","release_date":"","circulation":"0.0","par_value":"0.0","due_time":"0.0","value_date":"","due_date":"","publisher":"","redeem_type":"T","issue_type":"3","bond_type":"","warrant":"","sale_rrg":"","rate":"","after_hour_vol":"0","float_shares":"1239816010","float_market_capital":"1.39355319524E11","disnext_pay_date":"","convert_rate":"0.0","volume_ratio":"0.65","percent5m":"0.02","pankou_ratio":"84.18%","psr":"8.7337"}}