{"SH600048":{"symbol":"SH600048","exchange":"SH","code":"600048","name":"保利地产","current":"11.62","percentage":"-2.84","change":"-0.34","open":"11.95","high":"11.95","low":"11.42","close":"11.62","last_close":"11.96","high52week":"12.41","low52week":"8.62","volume":"8.4806668E7","lot_volume":"848066.68","volumeAverage":"133707595","marketCapital":"1.3779508512882E11","eps":"0.7","pe_ttm":"10.1463","pe_lyr":"11.0932","beta":"0.0","totalShares":"11858441061","time":"Tue Nov 28 14:43:17 +0800 2017","afterHours":"0.0","afterHoursPct":"0.0","afterHoursChg":"0.0","updateAt":"1510207591697","dividend":"0.32","yield":"2.68","turnover_rate":"0.72%","instOwn":"0.0","rise_stop":"13.16","fall_stop":"10.76","currency_unit":"CNY","amount":"9.87502502E8","net_assets":"7.9414","hasexist":"","has_warrant":"0","type":"11","flag":"1","rest_day":"","amplitude":"4.43%","market_status":"交易中","lot_size":"100","min_order_quantity":"0","max_order_quantity":"0","tick_size":"0.01","variable_tick_size":"","kzz_stock_symbol":"","kzz_stock_name":"","kzz_stock_current":"0.0","kzz_convert_price":"0.0","kzz_covert_value":"0.0","kzz_cpr":"0.0","kzz_putback_price":"0.0","kzz_convert_time":"","kzz_redempt_price":"0.0","kzz_straight_price":"0.0","kzz_stock_percent":"","pb":"1.47","benefit_before_tax":"0.0","benefit_after_tax":"0.0","convert_bond_ratio":"","totalissuescale":"","outstandingamt":"","maturitydate":"","remain_year":"","convertrate":"0.0","interestrtmemo":"","release_date":"","circulation":"0.0","par_value":"0.0","due_time":"0.0","value_date":"","due_date":"","publisher":"","redeem_type":"T","issue_type":"1","bond_type":"","warrant":"","sale_rrg":"","rate":"","after_hour_vol":"0","float_shares":"11736340938","float_market_capital":"1.3637628169956E11","disnext_pay_date":"","convert_rate":"0.0","volume_ratio":"0.54","percent5m":"-0.51","pankou_ratio":"0.85%","psr":"0.9907"}}