{
    "name" : "海天味业",
    "list" : [
      {
            "reportdate" : "20161231",
            "finstmtcomments" : "标准无保留意见",
            "acntfirm" : "毕马威华振会计师事务所",
            "finstmtspecials" : "",
            "sharecount" : 2704950700,

            "shorttermborrdetail" : "",
            "longborrdetail" : "",
            
            "curfds_cash" : 227798.41,
            "curfds_bank" : 5168467374.18,
            "curfds_other" : 27879347.66,
            "curfds_limit" : 27879347.66,
            
            "notesrece_bank" : 0.0,
            "notesrece_business" : 0.0,
            "notesrece_other" : 0.0,
            
            "accorece_credit_tot" : 0.0,
            "accorece_credit_bad" : 0.0,
            "accorece_single_tot" : 0.0,
            "accorece_single_bad" : 0.0,
            "accorece_single_imp_tot" : 0.0,
            "accorece_single_imp_bad" : 0.0,
            "accorece_0_1_tot" : 0.0,
            "accorece_0_1_bad" : 0.0,
            "accorece_1_2_tot" : 0.0,
            "accorece_1_2_bad" : 0.0,
            "accorece_2_3_tot" : 0.0,
            "accorece_2_3_bad" : 0.0,
            "accorece_3_4_tot" : 0.0,
            "accorece_3_4_bad" : 0.0,
            "accorece_4_5_tot" : 0.0,
            "accorece_4_5_bad" : 0.0,
            "accorece_5_n_tot" : 0.0,
            "accorece_5_n_bad" : 0.0,
            "accorece_bad_standard" : "",

            "prep_0_1" : 16997928.74,
            "prep_1_n" : 0.0,

            "otherrecedetail" : "",
            "otherrecebad" : 0.0,

            "inverevvallossstandard" : "按单个存货项目计算的成本高于其可变现净值的差额，计提存货跌价准备，计入当期损益",
            "inverevvallosstot" : 0.0,
            "inveincal" : "按成本进行初始计量。成本包括采购成本、加工成本和其他支出",
            "inveoutcal" : "加权平均法",
            "inve_prod" : 0.0,
            "inve_sale" : 0.0,
            "inve_save" : 0.0,
            "inve_unit" : "",

            "holdinvedue_inrate" : 0.0,
            "holdinvedue_losscur" : 0.0,
            "holdinvedue_lossback" : 0.0,

            "avaisellassecur" : 0.0,
            "avaisellassecost" : 0.0,

            "invepropcal" : "成本模式",

            "fixedassedepolicy" : "年限平均法",
            "intaassetdmopolicy" : "成本减累计摊销 (仅限于使用寿命有限的无形资产) 及减值准备",
            "findevexp" : 0.0,

            "emplyescnt" : 0.0,
            "equfinpubpri" : 0.0,
            "debtfininrate" : 0.0,

            "saletax" : 0.0,
            "resourcetax" : 0.0
      },
      {
            "reportdate" : "20151231",
            "finstmtcomments" : "标准无保留意见",
            "acntfirm" : "毕马威华振会计师事务所",
            "finstmtspecials" : "",
            "sharecount" : 2706246000.00,

            "shorttermborrdetail" : "",
            "longborrdetail" : "",
            
            "curfds_cash" : 160006.13,
            "curfds_bank" : 4487342964.07,
            "curfds_other" : 31588096.95,
            "curfds_limit" : 31588096.95,
            
            "notesrece_bank" : 0.0,
            "notesrece_business" : 0.0,
            "notesrece_other" : 0.0,
            
            "accorece_credit_tot" : 0.0,
            "accorece_credit_bad" : 0.0,
            "accorece_single_tot" : 0.0,
            "accorece_single_bad" : 0.0,
            "accorece_single_imp_tot" : 0.0,
            "accorece_single_imp_bad" : 0.0,
            "accorece_0_1_tot" : 0.0,
            "accorece_0_1_bad" : 0.0,
            "accorece_1_2_tot" : 0.0,
            "accorece_1_2_bad" : 0.0,
            "accorece_2_3_tot" : 0.0,
            "accorece_2_3_bad" : 0.0,
            "accorece_3_4_tot" : 0.0,
            "accorece_3_4_bad" : 0.0,
            "accorece_4_5_tot" : 0.0,
            "accorece_4_5_bad" : 0.0,
            "accorece_5_n_tot" : 0.0,
            "accorece_5_n_bad" : 0.0,
            "accorece_bad_standard" : "",

            "prep_0_1" : 7279517.87,
            "prep_1_n" : 0.0,

            "otherrecedetail" : "",
            "otherrecebad" : 0.0,

            "inverevvallossstandard" : "按单个存货项目计算的成本高于其可变现净值的差额，计提存货跌价准备，计入当期损益",
            "inverevvallosstot" : 0.0,
            "inveincal" : "按成本进行初始计量。成本包括采购成本、加工成本和其他支出",
            "inveoutcal" : "加权平均法",
            "inve_prod" : 0.0,
            "inve_sale" : 0.0,
            "inve_save" : 0.0,
            "inve_unit" : "",

            "holdinvedue_inrate" : 0.0,
            "holdinvedue_losscur" : 0.0,
            "holdinvedue_lossback" : 0.0,

            "avaisellassecur" : 100000.00,
            "avaisellassecost" : 100000.00,

            "invepropcal" : "成本模式",

            "fixedassedepolicy" : "年限平均法",
            "intaassetdmopolicy" : "成本减累计摊销 (仅限于使用寿命有限的无形资产) 及减值准备",
            "findevexp" : 314607782.61,

            "emplyescnt" : 4325,
            "equfinpubpri" : 9.31,
            "debtfininrate" : 0.0,

            "saletax" : 0.0,
            "resourcetax" : 0.0
      },
      {
            "reportdate" : "20141231",
            "finstmtcomments" : "标准无保留意见",
            "acntfirm" : "毕马威华振会计师事务所",
            "finstmtspecials" : "",
            "sharecount" : 1503580000,

            "shorttermborrdetail" : "",
            "longborrdetail" : "",
            
            "curfds_cash" : 302190.68,
            "curfds_bank" : 5089992708.38,
            "curfds_other" : 27270192.89,
            "curfds_limit" : 27270192.89,
            
            "notesrece_bank" : 0.0,
            "notesrece_business" : 0.0,
            "notesrece_other" : 0.0,
            
            "accorece_credit_tot" : 0.0,
            "accorece_credit_bad" : 0.0,
            "accorece_single_tot" : 0.0,
            "accorece_single_bad" : 0.0,
            "accorece_single_imp_tot" : 0.0,
            "accorece_single_imp_bad" : 0.0,
            "accorece_0_1_tot" : 0.0,
            "accorece_0_1_bad" : 0.0,
            "accorece_1_2_tot" : 0.0,
            "accorece_1_2_bad" : 0.0,
            "accorece_2_3_tot" : 0.0,
            "accorece_2_3_bad" : 0.0,
            "accorece_3_4_tot" : 0.0,
            "accorece_3_4_bad" : 0.0,
            "accorece_4_5_tot" : 0.0,
            "accorece_4_5_bad" : 0.0,
            "accorece_5_n_tot" : 0.0,
            "accorece_5_n_bad" : 0.0,
            "accorece_bad_standard" : "",

            "prep_0_1" : 21882548.01,
            "prep_1_n" : 0.0,

            "otherrecedetail" : "",
            "otherrecebad" : 0.0,

            "inverevvallossstandard" : "按单个存货项目计算的成本高于其可变现净值的差额，计提存货跌价准备，计入当期损益",
            "inverevvallosstot" : 0.0,
            "inveincal" : "按成本进行初始计量。成本包括采购成本、加工成本和其他支出",
            "inveoutcal" : "加权平均法",
            "inve_prod" : 0.0,
            "inve_sale" : 0.0,
            "inve_save" : 0.0,
            "inve_unit" : "",

            "holdinvedue_inrate" : 0.0,
            "holdinvedue_losscur" : 0.0,
            "holdinvedue_lossback" : 0.0,

            "avaisellassecur" : 100000.00,
            "avaisellassecost" : 100000.00,

            "invepropcal" : "成本模式",

            "fixedassedepolicy" : "年限平均法",
            "intaassetdmopolicy" : "成本减累计摊销 (仅限于使用寿命有限的无形资产) 及减值准备",
            "findevexp" : 300840676.91,

            "emplyescnt" : 3995,
            "equfinpubpri" : 17.61,
            "debtfininrate" : 0.0,

            "saletax" : 0.0,
            "resourcetax" : 0.0
        },
        {
            "reportdate" : "20131231",
            "finstmtcomments" : "标准无保留意见",
            "acntfirm" : "毕马威华振会计师事务所",
            "finstmtspecials" : "",
            "sharecount" : 711000000.00,

            "shorttermborrdetail" : "",
            "longborrdetail" : "",
            
            "curfds_cash" : 161005.16,
            "curfds_bank" : 2218934378.71,
            "curfds_other" : 45904286.39,
            "curfds_limit" : 45904286.39,
            
            "notesrece_bank" : 0.0,
            "notesrece_business" : 0.0,
            "notesrece_other" : 0.0,
            
            "accorece_credit_tot" : 0.0,
            "accorece_credit_bad" : 0.0,
            "accorece_single_tot" : 0.0,
            "accorece_single_bad" : 0.0,
            "accorece_single_imp_tot" : 0.0,
            "accorece_single_imp_bad" : 0.0,
            "accorece_0_1_tot" : 0.0,
            "accorece_0_1_bad" : 0.0,
            "accorece_1_2_tot" : 0.0,
            "accorece_1_2_bad" : 0.0,
            "accorece_2_3_tot" : 0.0,
            "accorece_2_3_bad" : 0.0,
            "accorece_3_4_tot" : 0.0,
            "accorece_3_4_bad" : 0.0,
            "accorece_4_5_tot" : 0.0,
            "accorece_4_5_bad" : 0.0,
            "accorece_5_n_tot" : 0.0,
            "accorece_5_n_bad" : 0.0,
            "accorece_bad_standard" : "",

            "prep_0_1" : 0.0,
            "prep_1_n" : 0.0,

            "otherrecedetail" : "",
            "otherrecebad" : 0.0,

            "inverevvallossstandard" : "按单个存货项目计算的成本高于其可变现净值的差额，计提存货跌价准备，计入当期损益",
            "inverevvallosstot" : 0.0,
            "inveincal" : "按成本进行初始计量。成本包括采购成本、加工成本和其他支出",
            "inveoutcal" : "加权平均法",
            "inve_prod" : 0.0,
            "inve_sale" : 0.0,
            "inve_save" : 0.0,
            "inve_unit" : "",

            "holdinvedue_inrate" : 0.0,
            "holdinvedue_losscur" : 0.0,
            "holdinvedue_lossback" : 0.0,

            "avaisellassecur" : 100000.00,
            "avaisellassecost" : 100000.00,

            "invepropcal" : "成本模式",

            "fixedassedepolicy" : "年限平均法",
            "intaassetdmopolicy" : "成本减累计摊销 (仅限于使用寿命有限的无形资产) 及减值准备",
            "findevexp" : 284830364.62,

            "emplyescnt" : 3942,
            "equfinpubpri" : 51.25,
            "debtfininrate" : 0.0,

            "saletax" : 0.0,
            "resourcetax" : 0.0
        }
    ]
}