{"list":[{"compcode":"80064560","publishdate":"20171027","begindate":"20170101","enddate":"20170930","reporttype":"100111","adjustdate":"20171027","accstacode":"2","accstaname":"新会计准则","biztotinco":1.084580732082E10,"bizinco":1.084580732082E10,"inteinco":null,"earnprem":null,"pouninco":null,"realsale":null,"otherbizinco":null,"biztotincoitse":null,"biztotincoform":null,"biztotcost":8.00124739253E9,"bizcost":5.92362859307E9,"inteexpe":null,"pounexpe":null,"realsalecost":null,"deveexpe":null,"surrgold":null,"compnetexpe":null,"contress":null,"polidiviexpe":null,"reinexpe":null,"otherbizcost":null,"biztax":1.3250193181E8,"salesexpe":1.5185991079E9,"manaexpe":4.8732218403E8,"finexpe":-6.080442428E7,"asseimpaloss":null,"biztotcostitse":null,"biztotcostform":null,"valuechgloss":null,"inveinco":1.2787889927E8,"assoinveprof":null,"exchggain":null,"futuloss":null,"custinco":null,"subsidyincome":null,"otherbizprof":null,"bizprofitse":null,"operprofform":null,"perprofit":2.99752044291E9,"nonoreve":4221274.86,"nonoexpe":1273384.72,"noncassetsdisl":268031.72,"proftotitse":null,"proftotform":null,"totprofit":3.00046833305E9,"incotaxexpe":4.621396738E8,"unreinveloss":null,"netpro1itse":null,"netpro1form":null,"netprofit":2.53832865925E9,"parenetp":2.5389351857E9,"mergeformnetprof":null,"minysharrigh":-606526.45,"netpro2itse":null,"netpro2form":null,"basiceps":0.94,"dilutedeps":0.94,"othercompinco":4982866.43,"parecompinco":4982866.43,"minysharinco":null,"compincoamt":2.54331152568E9,"parecompincoamt":2.54391805213E9,"minysharincoamt":-606526.45,"earlyundiprof":null,"undisprofredu":null,"otherinto":null,"otherdistprof":null,"legalsurp":null,"welfare":null,"capitalreserve":null,"staffaward":null,"reservefund":null,"developfund":null,"profreturninvest":null,"supplycurcap":null,"avaidistshareprof":null,"preferredskdiv":null,"freesurplu":null,"dealwithdivi":null,"capitalizeddivi":null,"undisprofit":null,"selldepartgain":null,"natudisasterloss":null,"accpolicychg":null,"accestimatechg":null,"debtrestruloss":null,"othersupply":null},{"compcode":"80064560","publishdate":"20170815","begindate":"20170101","enddate":"20170630","reporttype":"100111","adjustdate":"20170815","accstacode":"2","accstaname":"新会计准则","biztotinco":7.43758112346E9,"bizinco":7.43758112346E9,"inteinco":null,"earnprem":null,"pouninco":null,"realsale":null,"otherbizinco":null,"biztotincoitse":null,"biztotincoform":null,"biztotcost":5.40006174834E9,"bizcost":4.09863359227E9,"inteexpe":null,"pounexpe":null,"realsalecost":null,"deveexpe":null,"surrgold":null,"compnetexpe":null,"contress":null,"polidiviexpe":null,"reinexpe":null,"otherbizcost":null,"biztax":8.764114297E7,"salesexpe":9.7683822967E8,"manaexpe":2.8180538323E8,"finexpe":-4.48565998E7,"asseimpaloss":null,"biztotcostitse":null,"biztotcostform":null,"valuechgloss":null,"inveinco":7.912896324E7,"assoinveprof":null,"exchggain":null,"futuloss":null,"custinco":null,"subsidyincome":null,"otherbizprof":null,"bizprofitse":null,"operprofform":null,"perprofit":2.139089523E9,"nonoreve":3833134.76,"nonoexpe":273384.72,"noncassetsdisl":268031.72,"proftotitse":null,"proftotform":null,"totprofit":2.14264927304E9,"incotaxexpe":3.2069502814E8,"unreinveloss":null,"netpro1itse":null,"netpro1form":null,"netprofit":1.8219542449E9,"parenetp":1.82318785607E9,"mergeformnetprof":null,"minysharrigh":-1233611.17,"netpro2itse":null,"netpro2form":null,"basiceps":0.68,"dilutedeps":0.68,"othercompinco":1671143.88,"parecompinco":1671143.88,"minysharinco":null,"compincoamt":1.82362538878E9,"parecompincoamt":1.82485899995E9,"minysharincoamt":-1233611.17,"earlyundiprof":null,"undisprofredu":null,"otherinto":null,"otherdistprof":null,"legalsurp":null,"welfare":null,"capitalreserve":null,"staffaward":null,"reservefund":null,"developfund":null,"profreturninvest":null,"supplycurcap":null,"avaidistshareprof":null,"preferredskdiv":null,"freesurplu":null,"dealwithdivi":null,"capitalizeddivi":null,"undisprofit":null,"selldepartgain":null,"natudisasterloss":null,"accpolicychg":null,"accestimatechg":null,"debtrestruloss":null,"othersupply":null},{"compcode":"80064560","publishdate":"20170426","begindate":"20170101","enddate":"20170331","reporttype":"100111","adjustdate":"20170426","accstacode":"2","accstaname":"新会计准则","biztotinco":4.01102684144E9,"bizinco":4.01102684144E9,"inteinco":null,"earnprem":null,"pouninco":null,"realsale":null,"otherbizinco":null,"biztotincoitse":null,"biztotincoform":null,"biztotcost":2.88899593233E9,"bizcost":2.21865103445E9,"inteexpe":null,"pounexpe":null,"realsalecost":null,"deveexpe":null,"surrgold":null,"compnetexpe":null,"contress":null,"polidiviexpe":null,"reinexpe":null,"otherbizcost":null,"biztax":4.557342686E7,"salesexpe":4.9128833104E8,"manaexpe":1.6095781551E8,"finexpe":-2.747467553E7,"asseimpaloss":null,"biztotcostitse":null,"biztotcostform":null,"valuechgloss":null,"inveinco":3.453699848E7,"assoinveprof":null,"exchggain":null,"futuloss":null,"custinco":null,"subsidyincome":null,"otherbizprof":null,"bizprofitse":null,"operprofform":null,"perprofit":1.15656790759E9,"nonoreve":6603157.08,"nonoexpe":268031.72,"noncassetsdisl":268031.72,"proftotitse":null,"proftotform":null,"totprofit":1.16290303295E9,"incotaxexpe":1.8719230005E8,"unreinveloss":null,"netpro1itse":null,"netpro1form":null,"netprofit":9.757107329E8,"parenetp":9.7695448475E8,"mergeformnetprof":null,"minysharrigh":-1243751.85,"netpro2itse":null,"netpro2form":null,"basiceps":0.36,"dilutedeps":0.36,"othercompinco":-369904.11,"parecompinco":-369904.11,"minysharinco":null,"compincoamt":9.7534082879E8,"parecompincoamt":9.7658458064E8,"minysharincoamt":-1243751.85,"earlyundiprof":null,"undisprofredu":null,"otherinto":null,"otherdistprof":null,"legalsurp":null,"welfare":null,"capitalreserve":null,"staffaward":null,"reservefund":null,"developfund":null,"profreturninvest":null,"supplycurcap":null,"avaidistshareprof":null,"preferredskdiv":null,"freesurplu":null,"dealwithdivi":null,"capitalizeddivi":null,"undisprofit":null,"selldepartgain":null,"natudisasterloss":null,"accpolicychg":null,"accestimatechg":null,"debtrestruloss":null,"othersupply":null},{"compcode":"80064560","publishdate":"20170323","begindate":"20160101","enddate":"20161231","reporttype":"100111","adjustdate":"20170323","accstacode":"2","accstaname":"新会计准则","biztotinco":1.245855894081E10,"bizinco":1.245855894081E10,"inteinco":null,"earnprem":null,"pouninco":null,"realsale":null,"otherbizinco":null,"biztotincoitse":null,"biztotincoform":null,"biztotcost":9.14366972881E9,"bizcost":6.98319962189E9,"inteexpe":null,"pounexpe":null,"realsalecost":null,"deveexpe":null,"surrgold":null,"compnetexpe":null,"contress":null,"polidiviexpe":null,"reinexpe":null,"otherbizcost":null,"biztax":1.2656255912E8,"salesexpe":1.55990390337E9,"manaexpe":5.1968528165E8,"finexpe":-4.568163722E7,"asseimpaloss":null,"biztotcostitse":null,"biztotcostform":null,"valuechgloss":null,"inveinco":8.707935919E7,"assoinveprof":null,"exchggain":null,"futuloss":null,"custinco":null,"subsidyincome":null,"otherbizprof":null,"bizprofitse":null,"operprofform":null,"perprofit":3.40196857119E9,"nonoreve":1.284441939E7,"nonoexpe":1434246.63,"noncassetsdisl":384063.63,"proftotitse":null,"proftotform":null,"totprofit":3.41337874395E9,"incotaxexpe":5.7024477578E8,"unreinveloss":null,"netpro1itse":null,"netpro1form":null,"netprofit":2.84313396817E9,"parenetp":2.84313396817E9,"mergeformnetprof":null,"minysharrigh":null,"netpro2itse":null,"netpro2form":null,"basiceps":1.05,"dilutedeps":1.05,"othercompinco":1.871214725E7,"parecompinco":1.871214725E7,"minysharinco":null,"compincoamt":2.86184611542E9,"parecompincoamt":2.86184611542E9,"minysharincoamt":null,"earlyundiprof":null,"undisprofredu":null,"otherinto":null,"otherdistprof":null,"legalsurp":null,"welfare":null,"capitalreserve":null,"staffaward":null,"reservefund":null,"developfund":null,"profreturninvest":null,"supplycurcap":null,"avaidistshareprof":null,"preferredskdiv":null,"freesurplu":null,"dealwithdivi":null,"capitalizeddivi":null,"undisprofit":null,"selldepartgain":null,"natudisasterloss":null,"accpolicychg":null,"accestimatechg":null,"debtrestruloss":null,"othersupply":null},{"compcode":"80064560","publishdate":"20161028","begindate":"20160101","enddate":"20160930","reporttype":"100111","adjustdate":"20161028","accstacode":"2","accstaname":"新会计准则","biztotinco":8.96033567899E9,"bizinco":8.96033567899E9,"inteinco":null,"earnprem":null,"pouninco":null,"realsale":null,"otherbizinco":null,"biztotincoitse":null,"biztotincoform":null,"biztotcost":6.57136808839E9,"bizcost":4.98975696517E9,"inteexpe":null,"pounexpe":null,"realsalecost":null,"deveexpe":null,"surrgold":null,"compnetexpe":null,"contress":null,"polidiviexpe":null,"reinexpe":null,"otherbizcost":null,"biztax":7.970334679E7,"salesexpe":1.11970474584E9,"manaexpe":4.1175433491E8,"finexpe":-2.955130432E7,"asseimpaloss":null,"biztotcostitse":null,"biztotcostform":null,"valuechgloss":null,"inveinco":6.011762786E7,"assoinveprof":null,"exchggain":null,"futuloss":null,"custinco":null,"subsidyincome":null,"otherbizprof":null,"bizprofitse":null,"operprofform":null,"perprofit":2.44908521846E9,"nonoreve":6055829.71,"nonoexpe":1373145.14,"noncassetsdisl":372912.14,"proftotitse":null,"proftotform":null,"totprofit":2.45376790303E9,"incotaxexpe":4.1430596122E8,"unreinveloss":null,"netpro1itse":null,"netpro1form":null,"netprofit":2.03946194181E9,"parenetp":2.03946194181E9,"mergeformnetprof":null,"minysharrigh":null,"netpro2itse":null,"netpro2form":null,"basiceps":0.76,"dilutedeps":0.76,"othercompinco":1.269492808E7,"parecompinco":1.269492808E7,"minysharinco":null,"compincoamt":2.05215686989E9,"parecompincoamt":2.05215686989E9,"minysharincoamt":null,"earlyundiprof":null,"undisprofredu":null,"otherinto":null,"otherdistprof":null,"legalsurp":null,"welfare":null,"capitalreserve":null,"staffaward":null,"reservefund":null,"developfund":null,"profreturninvest":null,"supplycurcap":null,"avaidistshareprof":null,"preferredskdiv":null,"freesurplu":null,"dealwithdivi":null,"capitalizeddivi":null,"undisprofit":null,"selldepartgain":null,"natudisasterloss":null,"accpolicychg":null,"accestimatechg":null,"debtrestruloss":null,"othersupply":null},{"compcode":"80064560","publishdate":"20160816","begindate":"20160101","enddate":"20160630","reporttype":"100111","adjustdate":"20160816","accstacode":"2","accstaname":"新会计准则","biztotinco":6.16877531276E9,"bizinco":6.16877531276E9,"inteinco":null,"earnprem":null,"pouninco":null,"realsale":null,"otherbizinco":null,"biztotincoitse":null,"biztotincoform":null,"biztotcost":4.42254061508E9,"bizcost":3.44931250134E9,"inteexpe":null,"pounexpe":null,"realsalecost":null,"deveexpe":null,"surrgold":null,"compnetexpe":null,"contress":null,"polidiviexpe":null,"reinexpe":null,"otherbizcost":null,"biztax":5.781620596E7,"salesexpe":6.4431175722E8,"manaexpe":2.9149650197E8,"finexpe":-2.039635141E7,"asseimpaloss":null,"biztotcostitse":null,"biztotcostform":null,"valuechgloss":null,"inveinco":4.200925477E7,"assoinveprof":null,"exchggain":null,"futuloss":null,"custinco":null,"subsidyincome":null,"otherbizprof":null,"bizprofitse":null,"operprofform":null,"perprofit":1.78824395245E9,"nonoreve":2304690.9,"nonoexpe":1315857.05,"noncassetsdisl":315857.05,"proftotitse":null,"proftotform":null,"totprofit":1.7892327863E9,"incotaxexpe":3.033072101E8,"unreinveloss":null,"netpro1itse":null,"netpro1form":null,"netprofit":1.4859255762E9,"parenetp":1.4859255762E9,"mergeformnetprof":null,"minysharrigh":null,"netpro2itse":null,"netpro2form":null,"basiceps":0.55,"dilutedeps":0.55,"othercompinco":2431476.02,"parecompinco":2431476.02,"minysharinco":null,"compincoamt":1.48835705222E9,"parecompincoamt":1.48835705222E9,"minysharincoamt":null,"earlyundiprof":null,"undisprofredu":null,"otherinto":null,"otherdistprof":null,"legalsurp":null,"welfare":null,"capitalreserve":null,"staffaward":null,"reservefund":null,"developfund":null,"profreturninvest":null,"supplycurcap":null,"avaidistshareprof":null,"preferredskdiv":null,"freesurplu":null,"dealwithdivi":null,"capitalizeddivi":null,"undisprofit":null,"selldepartgain":null,"natudisasterloss":null,"accpolicychg":null,"accestimatechg":null,"debtrestruloss":null,"othersupply":null},{"compcode":"80064560","publishdate":"20160429","begindate":"20160101","enddate":"20160331","reporttype":"100111","adjustdate":"20160429","accstacode":"2","accstaname":"新会计准则","biztotinco":3.42488740835E9,"bizinco":3.42488740835E9,"inteinco":null,"earnprem":null,"pouninco":null,"realsale":null,"otherbizinco":null,"biztotincoitse":null,"biztotincoform":null,"biztotcost":2.47435799767E9,"bizcost":1.89687652549E9,"inteexpe":null,"pounexpe":null,"realsalecost":null,"deveexpe":null,"surrgold":null,"compnetexpe":null,"contress":null,"polidiviexpe":null,"reinexpe":null,"otherbizcost":null,"biztax":3.203911193E7,"salesexpe":4.0385287783E8,"manaexpe":1.5451886434E8,"finexpe":-1.292938192E7,"asseimpaloss":null,"biztotcostitse":null,"biztotcostform":null,"valuechgloss":null,"inveinco":1.763579132E7,"assoinveprof":null,"exchggain":null,"futuloss":null,"custinco":null,"subsidyincome":null,"otherbizprof":null,"bizprofitse":null,"operprofform":null,"perprofit":9.68165202E8,"nonoreve":306000.0,"nonoexpe":315857.05,"noncassetsdisl":315857.05,"proftotitse":null,"proftotform":null,"totprofit":9.6815534495E8,"incotaxexpe":1.5839212698E8,"unreinveloss":null,"netpro1itse":null,"netpro1form":null,"netprofit":8.0976321797E8,"parenetp":8.0976321797E8,"mergeformnetprof":null,"minysharrigh":null,"netpro2itse":null,"netpro2form":null,"basiceps":0.3,"dilutedeps":0.3,"othercompinco":1766729.45,"parecompinco":1766729.45,"minysharinco":null,"compincoamt":8.1152994742E8,"parecompincoamt":8.1152994742E8,"minysharincoamt":null,"earlyundiprof":null,"undisprofredu":null,"otherinto":null,"otherdistprof":null,"legalsurp":null,"welfare":null,"capitalreserve":null,"staffaward":null,"reservefund":null,"developfund":null,"profreturninvest":null,"supplycurcap":null,"avaidistshareprof":null,"preferredskdiv":null,"freesurplu":null,"dealwithdivi":null,"capitalizeddivi":null,"undisprofit":null,"selldepartgain":null,"natudisasterloss":null,"accpolicychg":null,"accestimatechg":null,"debtrestruloss":null,"othersupply":null},{"compcode":"80064560","publishdate":"20160310","begindate":"20150101","enddate":"20151231","reporttype":"100111","adjustdate":"20160310","accstacode":"2","accstaname":"新会计准则","biztotinco":1.129438003009E10,"bizinco":1.129438003009E10,"inteinco":null,"earnprem":null,"pouninco":null,"realsale":null,"otherbizinco":null,"biztotincoitse":null,"biztotincoform":null,"biztotcost":8.37580782048E9,"bizcost":6.55724486244E9,"inteexpe":null,"pounexpe":null,"realsalecost":null,"deveexpe":null,"surrgold":null,"compnetexpe":null,"contress":null,"polidiviexpe":null,"reinexpe":null,"otherbizcost":null,"biztax":1.0522768117E8,"salesexpe":1.22722068417E9,"manaexpe":5.3490134704E8,"finexpe":-4.878675434E7,"asseimpaloss":null,"biztotcostitse":null,"biztotcostform":null,"valuechgloss":null,"inveinco":7.056804626E7,"assoinveprof":null,"exchggain":null,"futuloss":null,"custinco":null,"subsidyincome":null,"otherbizprof":null,"bizprofitse":null,"operprofform":null,"perprofit":2.98914025587E9,"nonoreve":2.28330673E7,"nonoexpe":670409.22,"noncassetsdisl":615571.68,"proftotitse":null,"proftotform":null,"totprofit":3.01130291395E9,"incotaxexpe":5.0167054662E8,"unreinveloss":null,"netpro1itse":null,"netpro1form":null,"netprofit":2.50963236733E9,"parenetp":2.50963236733E9,"mergeformnetprof":null,"minysharrigh":null,"netpro2itse":null,"netpro2form":null,"basiceps":0.93,"dilutedeps":0.93,"othercompinco":-8492482.87,"parecompinco":-8492482.87,"minysharinco":null,"compincoamt":2.50113988446E9,"parecompincoamt":2.50113988446E9,"minysharincoamt":null,"earlyundiprof":null,"undisprofredu":null,"otherinto":null,"otherdistprof":null,"legalsurp":null,"welfare":null,"capitalreserve":null,"staffaward":null,"reservefund":null,"developfund":null,"profreturninvest":null,"supplycurcap":null,"avaidistshareprof":null,"preferredskdiv":null,"freesurplu":null,"dealwithdivi":null,"capitalizeddivi":null,"undisprofit":null,"selldepartgain":null,"natudisasterloss":null,"accpolicychg":null,"accestimatechg":null,"debtrestruloss":null,"othersupply":null},{"compcode":"80064560","publishdate":"20151022","begindate":"20150101","enddate":"20150930","reporttype":"100111","adjustdate":"20151022","accstacode":"2","accstaname":"新会计准则","biztotinco":8.12238914121E9,"bizinco":8.12238914121E9,"inteinco":null,"earnprem":null,"pouninco":null,"realsale":null,"otherbizinco":null,"biztotincoitse":null,"biztotincoform":null,"biztotcost":5.96135824565E9,"bizcost":4.6152460251E9,"inteexpe":null,"pounexpe":null,"realsalecost":null,"deveexpe":null,"surrgold":null,"compnetexpe":null,"contress":null,"polidiviexpe":null,"reinexpe":null,"otherbizcost":null,"biztax":7.375527031E7,"salesexpe":9.1360742188E8,"manaexpe":3.9814103012E8,"finexpe":-3.939150176E7,"asseimpaloss":null,"biztotcostitse":null,"biztotcostform":null,"valuechgloss":null,"inveinco":5.027196088E7,"assoinveprof":null,"exchggain":null,"futuloss":null,"custinco":null,"subsidyincome":null,"otherbizprof":null,"bizprofitse":null,"operprofform":null,"perprofit":2.21130285644E9,"nonoreve":8001309.28,"nonoexpe":630637.06,"noncassetsdisl":580637.06,"proftotitse":null,"proftotform":null,"totprofit":2.21867352866E9,"incotaxexpe":3.7750223274E8,"unreinveloss":null,"netpro1itse":null,"netpro1form":null,"netprofit":1.84117129592E9,"parenetp":1.84117129592E9,"mergeformnetprof":null,"minysharrigh":null,"netpro2itse":null,"netpro2form":null,"basiceps":0.68,"dilutedeps":0.68,"othercompinco":-7330351.02,"parecompinco":-7330351.02,"minysharinco":null,"compincoamt":1.8338409449E9,"parecompincoamt":1.8338409449E9,"minysharincoamt":null,"earlyundiprof":null,"undisprofredu":null,"otherinto":null,"otherdistprof":null,"legalsurp":null,"welfare":null,"capitalreserve":null,"staffaward":null,"reservefund":null,"developfund":null,"profreturninvest":null,"supplycurcap":null,"avaidistshareprof":null,"preferredskdiv":null,"freesurplu":null,"dealwithdivi":null,"capitalizeddivi":null,"undisprofit":null,"selldepartgain":null,"natudisasterloss":null,"accpolicychg":null,"accestimatechg":null,"debtrestruloss":null,"othersupply":null},{"compcode":"80064560","publishdate":"20150814","begindate":"20150101","enddate":"20150630","reporttype":"100111","adjustdate":"20150814","accstacode":"2","accstaname":"新会计准则","biztotinco":5.64589643176E9,"bizinco":5.64589643176E9,"inteinco":null,"earnprem":null,"pouninco":null,"realsale":null,"otherbizinco":null,"biztotincoitse":null,"biztotincoform":null,"biztotcost":4.084536322E9,"bizcost":3.16612940419E9,"inteexpe":null,"pounexpe":null,"realsalecost":null,"deveexpe":null,"surrgold":null,"compnetexpe":null,"contress":null,"polidiviexpe":null,"reinexpe":null,"otherbizcost":null,"biztax":5.440966695E7,"salesexpe":6.1760399888E8,"manaexpe":2.7630631003E8,"finexpe":-2.991305805E7,"asseimpaloss":null,"biztotcostitse":null,"biztotcostform":null,"valuechgloss":null,"inveinco":3.612135084E7,"assoinveprof":null,"exchggain":null,"futuloss":null,"custinco":null,"subsidyincome":null,"otherbizprof":null,"bizprofitse":null,"operprofform":null,"perprofit":1.5974814606E9,"nonoreve":3706647.81,"nonoexpe":119286.86,"noncassetsdisl":69286.86,"proftotitse":null,"proftotform":null,"totprofit":1.60106882155E9,"incotaxexpe":2.6586098093E8,"unreinveloss":null,"netpro1itse":null,"netpro1form":null,"netprofit":1.33520784062E9,"parenetp":1.33520784062E9,"mergeformnetprof":null,"minysharrigh":null,"netpro2itse":null,"netpro2form":null,"basiceps":0.49,"dilutedeps":0.49,"othercompinco":-1.046116438E7,"parecompinco":-1.046116438E7,"minysharinco":null,"compincoamt":1.32474667624E9,"parecompincoamt":1.32474667624E9,"minysharincoamt":null,"earlyundiprof":null,"undisprofredu":null,"otherinto":null,"otherdistprof":null,"legalsurp":null,"welfare":null,"capitalreserve":null,"staffaward":null,"reservefund":null,"developfund":null,"profreturninvest":null,"supplycurcap":null,"avaidistshareprof":null,"preferredskdiv":null,"freesurplu":null,"dealwithdivi":null,"capitalizeddivi":null,"undisprofit":null,"selldepartgain":null,"natudisasterloss":null,"accpolicychg":null,"accestimatechg":null,"debtrestruloss":null,"othersupply":null},{"compcode":"80064560","publishdate":"20150430","begindate":"20150101","enddate":"20150331","reporttype":"100111","adjustdate":"20150430","accstacode":"2","accstaname":"新会计准则","biztotinco":3.1937253489E9,"bizinco":3.1937253489E9,"inteinco":null,"earnprem":null,"pouninco":null,"realsale":null,"otherbizinco":null,"biztotincoitse":null,"biztotincoform":null,"biztotcost":2.32467420617E9,"bizcost":1.78239092028E9,"inteexpe":null,"pounexpe":null,"realsalecost":null,"deveexpe":null,"surrgold":null,"compnetexpe":null,"contress":null,"polidiviexpe":null,"reinexpe":null,"otherbizcost":null,"biztax":3.118232423E7,"salesexpe":3.7776750426E8,"manaexpe":1.5427966723E8,"finexpe":-2.094620983E7,"asseimpaloss":null,"biztotcostitse":null,"biztotcostform":null,"valuechgloss":null,"inveinco":null,"assoinveprof":null,"exchggain":null,"futuloss":null,"custinco":null,"subsidyincome":null,"otherbizprof":null,"bizprofitse":null,"operprofform":null,"perprofit":8.6905114273E8,"nonoreve":3329912.73,"nonoexpe":4729.06,"noncassetsdisl":4729.06,"proftotitse":null,"proftotform":null,"totprofit":8.723763264E8,"incotaxexpe":1.387806064E8,"unreinveloss":null,"netpro1itse":null,"netpro1form":null,"netprofit":7.3359572E8,"parenetp":7.3359572E8,"mergeformnetprof":null,"minysharrigh":null,"netpro2itse":null,"netpro2form":null,"basiceps":0.49,"dilutedeps":0.49,"othercompinco":6507123.29,"parecompinco":6507123.29,"minysharinco":null,"compincoamt":7.4010284329E8,"parecompincoamt":7.4010284329E8,"minysharincoamt":null,"earlyundiprof":null,"undisprofredu":null,"otherinto":null,"otherdistprof":null,"legalsurp":null,"welfare":null,"capitalreserve":null,"staffaward":null,"reservefund":null,"developfund":null,"profreturninvest":null,"supplycurcap":null,"avaidistshareprof":null,"preferredskdiv":null,"freesurplu":null,"dealwithdivi":null,"capitalizeddivi":null,"undisprofit":null,"selldepartgain":null,"natudisasterloss":null,"accpolicychg":null,"accestimatechg":null,"debtrestruloss":null,"othersupply":null},{"compcode":"80064560","publishdate":"20150310","begindate":"20140101","enddate":"20141231","reporttype":"100111","adjustdate":"20150310","accstacode":"2","accstaname":"新会计准则","biztotinco":9.81718966262E9,"bizinco":9.81718966262E9,"inteinco":null,"earnprem":null,"pouninco":null,"realsale":null,"otherbizinco":null,"biztotincoitse":null,"biztotincoform":null,"biztotcost":7.41207305234E9,"bizcost":5.85036961346E9,"inteexpe":null,"pounexpe":null,"realsalecost":null,"deveexpe":null,"surrgold":null,"compnetexpe":null,"contress":null,"polidiviexpe":null,"reinexpe":null,"otherbizcost":null,"biztax":7.333154633E7,"salesexpe":1.05048228792E9,"manaexpe":4.8652292246E8,"finexpe":-4.863331783E7,"asseimpaloss":null,"biztotcostitse":null,"biztotcostform":null,"valuechgloss":null,"inveinco":null,"assoinveprof":null,"exchggain":null,"futuloss":null,"custinco":null,"subsidyincome":null,"otherbizprof":null,"bizprofitse":null,"operprofform":null,"perprofit":2.40511661028E9,"nonoreve":8.92379797E7,"nonoexpe":2128158.62,"noncassetsdisl":2062224.13,"proftotitse":null,"proftotform":null,"totprofit":2.49222643136E9,"incotaxexpe":4.0232038183E8,"unreinveloss":null,"netpro1itse":null,"netpro1form":null,"netprofit":2.08990604953E9,"parenetp":2.09027569029E9,"mergeformnetprof":null,"minysharrigh":-369640.76,"netpro2itse":null,"netpro2form":null,"basiceps":1.4,"dilutedeps":1.4,"othercompinco":1.350627337E7,"parecompinco":1.350627337E7,"minysharinco":null,"compincoamt":2.1034123229E9,"parecompincoamt":2.10378196366E9,"minysharincoamt":-369640.76,"earlyundiprof":null,"undisprofredu":null,"otherinto":null,"otherdistprof":null,"legalsurp":null,"welfare":null,"capitalreserve":null,"staffaward":null,"reservefund":null,"developfund":null,"profreturninvest":null,"supplycurcap":null,"avaidistshareprof":null,"preferredskdiv":null,"freesurplu":null,"dealwithdivi":null,"capitalizeddivi":null,"undisprofit":null,"selldepartgain":null,"natudisasterloss":null,"accpolicychg":null,"accestimatechg":null,"debtrestruloss":null,"othersupply":null},{"compcode":"80064560","publishdate":"20141021","begindate":"20140101","enddate":"20140930","reporttype":"100111","adjustdate":"20141021","accstacode":"2","accstaname":"新会计准则","biztotinco":7.27747357627E9,"bizinco":7.27747357627E9,"inteinco":null,"earnprem":null,"pouninco":null,"realsale":null,"otherbizinco":null,"biztotincoitse":null,"biztotincoform":null,"biztotcost":5.46790233662E9,"bizcost":4.32186782996E9,"inteexpe":null,"pounexpe":null,"realsalecost":null,"deveexpe":null,"surrgold":null,"compnetexpe":null,"contress":null,"polidiviexpe":null,"reinexpe":null,"otherbizcost":null,"biztax":5.84060273E7,"salesexpe":7.3556442572E8,"manaexpe":3.8143135131E8,"finexpe":-2.936729767E7,"asseimpaloss":null,"biztotcostitse":null,"biztotcostform":null,"valuechgloss":null,"inveinco":null,"assoinveprof":null,"exchggain":null,"futuloss":null,"custinco":null,"subsidyincome":null,"otherbizprof":null,"bizprofitse":null,"operprofform":null,"perprofit":1.80957123965E9,"nonoreve":8.249570339E7,"nonoexpe":1755723.57,"noncassetsdisl":1689789.08,"proftotitse":null,"proftotform":null,"totprofit":1.89031121947E9,"incotaxexpe":3.5777538082E8,"unreinveloss":null,"netpro1itse":null,"netpro1form":null,"netprofit":1.53253583865E9,"parenetp":1.53280025192E9,"mergeformnetprof":null,"minysharrigh":-264413.27,"netpro2itse":null,"netpro2form":null,"basiceps":1.03,"dilutedeps":1.03,"othercompinco":8785954.52,"parecompinco":null,"minysharinco":null,"compincoamt":1.54132179317E9,"parecompincoamt":1.54158620644E9,"minysharincoamt":-264413.27,"earlyundiprof":null,"undisprofredu":null,"otherinto":null,"otherdistprof":null,"legalsurp":null,"welfare":null,"capitalreserve":null,"staffaward":null,"reservefund":null,"developfund":null,"profreturninvest":null,"supplycurcap":null,"avaidistshareprof":null,"preferredskdiv":null,"freesurplu":null,"dealwithdivi":null,"capitalizeddivi":null,"undisprofit":null,"selldepartgain":null,"natudisasterloss":null,"accpolicychg":null,"accestimatechg":null,"debtrestruloss":null,"othersupply":null},{"compcode":"80064560","publishdate":"20140820","begindate":"20140101","enddate":"20140630","reporttype":"100111","adjustdate":"20140820","accstacode":"2","accstaname":"新会计准则","biztotinco":5.02679665176E9,"bizinco":5.02679665176E9,"inteinco":null,"earnprem":null,"pouninco":null,"realsale":null,"otherbizinco":null,"biztotincoitse":null,"biztotincoform":null,"biztotcost":3.75083193376E9,"bizcost":2.95606494221E9,"inteexpe":null,"pounexpe":null,"realsalecost":null,"deveexpe":null,"surrgold":null,"compnetexpe":null,"contress":null,"polidiviexpe":null,"reinexpe":null,"otherbizcost":null,"biztax":4.153746159E7,"salesexpe":5.0497181821E8,"manaexpe":2.6386352038E8,"finexpe":-1.560580863E7,"asseimpaloss":null,"biztotcostitse":null,"biztotcostform":null,"valuechgloss":null,"inveinco":null,"assoinveprof":null,"exchggain":null,"futuloss":null,"custinco":null,"subsidyincome":null,"otherbizprof":null,"bizprofitse":null,"operprofform":null,"perprofit":1.275964718E9,"nonoreve":8.002613189E7,"nonoexpe":1547985.58,"noncassetsdisl":1482051.09,"proftotitse":null,"proftotform":null,"totprofit":1.35444286431E9,"incotaxexpe":2.5903082992E8,"unreinveloss":null,"netpro1itse":null,"netpro1form":null,"netprofit":1.09541203439E9,"parenetp":1.09545348699E9,"mergeformnetprof":null,"minysharrigh":-41452.6,"netpro2itse":null,"netpro2form":null,"basiceps":0.74,"dilutedeps":0.74,"othercompinco":16007.66,"parecompinco":null,"minysharinco":null,"compincoamt":1.09542804205E9,"parecompincoamt":1.09546949465E9,"minysharincoamt":-41452.6,"earlyundiprof":null,"undisprofredu":null,"otherinto":null,"otherdistprof":null,"legalsurp":null,"welfare":null,"capitalreserve":null,"staffaward":null,"reservefund":null,"developfund":null,"profreturninvest":null,"supplycurcap":null,"avaidistshareprof":null,"preferredskdiv":null,"freesurplu":null,"dealwithdivi":null,"capitalizeddivi":null,"undisprofit":null,"selldepartgain":null,"natudisasterloss":null,"accpolicychg":null,"accestimatechg":null,"debtrestruloss":null,"othersupply":null},{"compcode":"80064560","publishdate":"20140430","begindate":"20140101","enddate":"20140331","reporttype":"100111","adjustdate":"20140430","accstacode":"2","accstaname":"新会计准则","biztotinco":2.79727779388E9,"bizinco":2.79727779388E9,"inteinco":null,"earnprem":null,"pouninco":null,"realsale":null,"otherbizinco":null,"biztotincoitse":null,"biztotincoform":null,"biztotcost":2.07581035376E9,"bizcost":1.64979384195E9,"inteexpe":null,"pounexpe":null,"realsalecost":null,"deveexpe":null,"surrgold":null,"compnetexpe":null,"contress":null,"polidiviexpe":null,"reinexpe":null,"otherbizcost":null,"biztax":2.510312538E7,"salesexpe":2.8363331558E8,"manaexpe":1.2434125644E8,"finexpe":-7061185.59,"asseimpaloss":null,"biztotcostitse":null,"biztotcostform":null,"valuechgloss":null,"inveinco":null,"assoinveprof":null,"exchggain":null,"futuloss":null,"custinco":null,"subsidyincome":null,"otherbizprof":null,"bizprofitse":null,"operprofform":null,"perprofit":7.2146744012E8,"nonoreve":6.260034137E7,"nonoexpe":1470709.79,"noncassetsdisl":1470709.79,"proftotitse":null,"proftotform":null,"totprofit":7.825970717E8,"incotaxexpe":1.4834623519E8,"unreinveloss":null,"netpro1itse":null,"netpro1form":null,"netprofit":6.3425083651E8,"parenetp":6.3425083651E8,"mergeformnetprof":null,"minysharrigh":null,"netpro2itse":null,"netpro2form":null,"basiceps":0.86,"dilutedeps":0.86,"othercompinco":1952.73,"parecompinco":null,"minysharinco":null,"compincoamt":6.3425278924E8,"parecompincoamt":6.3425278924E8,"minysharincoamt":null,"earlyundiprof":null,"undisprofredu":null,"otherinto":null,"otherdistprof":null,"legalsurp":null,"welfare":null,"capitalreserve":null,"staffaward":null,"reservefund":null,"developfund":null,"profreturninvest":null,"supplycurcap":null,"avaidistshareprof":null,"preferredskdiv":null,"freesurplu":null,"dealwithdivi":null,"capitalizeddivi":null,"undisprofit":null,"selldepartgain":null,"natudisasterloss":null,"accpolicychg":null,"accestimatechg":null,"debtrestruloss":null,"othersupply":null},{"compcode":"80064560","publishdate":"20140325","begindate":"20130101","enddate":"20131231","reporttype":"100111","adjustdate":"20140325","accstacode":"2","accstaname":"新会计准则","biztotinco":8.40158932086E9,"bizinco":8.40158932086E9,"inteinco":null,"earnprem":null,"pouninco":null,"realsale":null,"otherbizinco":null,"biztotincoitse":null,"biztotincoform":null,"biztotcost":6.5054367854E9,"bizcost":5.10551428336E9,"inteexpe":null,"pounexpe":null,"realsalecost":null,"deveexpe":null,"surrgold":null,"compnetexpe":null,"contress":null,"polidiviexpe":null,"reinexpe":null,"otherbizcost":null,"biztax":6.182412987E7,"salesexpe":8.989881375E8,"manaexpe":4.5409421519E8,"finexpe":-1.498398052E7,"asseimpaloss":null,"biztotcostitse":null,"biztotcostform":null,"valuechgloss":null,"inveinco":null,"assoinveprof":null,"exchggain":null,"futuloss":null,"custinco":null,"subsidyincome":null,"otherbizprof":null,"bizprofitse":null,"operprofform":null,"perprofit":1.89615253546E9,"nonoreve":8.129138054E7,"nonoexpe":1824764.09,"noncassetsdisl":1824764.09,"proftotitse":null,"proftotform":null,"totprofit":1.97561915191E9,"incotaxexpe":3.6920036024E8,"unreinveloss":null,"netpro1itse":null,"netpro1form":null,"netprofit":1.60641879167E9,"parenetp":1.60641879167E9,"mergeformnetprof":null,"minysharrigh":null,"netpro2itse":null,"netpro2form":null,"basiceps":2.26,"dilutedeps":2.26,"othercompinco":-7320.91,"parecompinco":null,"minysharinco":null,"compincoamt":1.60641147076E9,"parecompincoamt":1.60641147076E9,"minysharincoamt":null,"earlyundiprof":null,"undisprofredu":null,"otherinto":null,"otherdistprof":null,"legalsurp":null,"welfare":null,"capitalreserve":null,"staffaward":null,"reservefund":null,"developfund":null,"profreturninvest":null,"supplycurcap":null,"avaidistshareprof":null,"preferredskdiv":null,"freesurplu":null,"dealwithdivi":null,"capitalizeddivi":null,"undisprofit":null,"selldepartgain":null,"natudisasterloss":null,"accpolicychg":null,"accestimatechg":null,"debtrestruloss":null,"othersupply":null},{"compcode":"80064560","publishdate":"20140115","begindate":"20130101","enddate":"20130930","reporttype":"100111","adjustdate":"20140115","accstacode":"2","accstaname":"新会计准则","biztotinco":6.28655222512E9,"bizinco":6.28655222512E9,"inteinco":null,"earnprem":null,"pouninco":null,"realsale":null,"otherbizinco":null,"biztotincoitse":null,"biztotincoform":null,"biztotcost":4.87228585863E9,"bizcost":3.82854135386E9,"inteexpe":null,"pounexpe":null,"realsalecost":null,"deveexpe":null,"surrgold":null,"compnetexpe":null,"contress":null,"polidiviexpe":null,"reinexpe":null,"otherbizcost":null,"biztax":4.70242801E7,"salesexpe":6.4709338657E8,"manaexpe":3.6153658351E8,"finexpe":-1.190974541E7,"asseimpaloss":null,"biztotcostitse":null,"biztotcostform":null,"valuechgloss":null,"inveinco":null,"assoinveprof":null,"exchggain":null,"futuloss":null,"custinco":null,"subsidyincome":null,"otherbizprof":null,"bizprofitse":null,"operprofform":null,"perprofit":1.41426636649E9,"nonoreve":6.713442794E7,"nonoexpe":1411923.4,"noncassetsdisl":1411923.4,"proftotitse":null,"proftotform":null,"totprofit":1.47998887103E9,"incotaxexpe":2.7470995164E8,"unreinveloss":null,"netpro1itse":null,"netpro1form":null,"netprofit":1.20527891939E9,"parenetp":1.20527891939E9,"mergeformnetprof":null,"minysharrigh":null,"netpro2itse":null,"netpro2form":null,"basiceps":1.7,"dilutedeps":1.7,"othercompinco":-133132.38,"parecompinco":null,"minysharinco":null,"compincoamt":1.20514578701E9,"parecompincoamt":1.20514578701E9,"minysharincoamt":null,"earlyundiprof":null,"undisprofredu":null,"otherinto":null,"otherdistprof":null,"legalsurp":null,"welfare":null,"capitalreserve":null,"staffaward":null,"reservefund":null,"developfund":null,"profreturninvest":null,"supplycurcap":null,"avaidistshareprof":null,"preferredskdiv":null,"freesurplu":null,"dealwithdivi":null,"capitalizeddivi":null,"undisprofit":null,"selldepartgain":null,"natudisasterloss":null,"accpolicychg":null,"accestimatechg":null,"debtrestruloss":null,"othersupply":null},{"compcode":"80064560","publishdate":"20140115","begindate":"20130101","enddate":"20130630","reporttype":"100111","adjustdate":"20140115","accstacode":"2","accstaname":"新会计准则","biztotinco":4.40265501585E9,"bizinco":4.40265501585E9,"inteinco":null,"earnprem":null,"pouninco":null,"realsale":null,"otherbizinco":null,"biztotincoitse":null,"biztotincoform":null,"biztotcost":3.40604772294E9,"bizcost":2.66550559986E9,"inteexpe":null,"pounexpe":null,"realsalecost":null,"deveexpe":null,"surrgold":null,"compnetexpe":null,"contress":null,"polidiviexpe":null,"reinexpe":null,"otherbizcost":null,"biztax":3.740512836E7,"salesexpe":4.4834563456E8,"manaexpe":2.6429101664E8,"finexpe":-9499656.48,"asseimpaloss":null,"biztotcostitse":null,"biztotcostform":null,"valuechgloss":null,"inveinco":null,"assoinveprof":null,"exchggain":null,"futuloss":null,"custinco":null,"subsidyincome":null,"otherbizprof":null,"bizprofitse":null,"operprofform":null,"perprofit":9.9660729291E8,"nonoreve":6.886941361E7,"nonoexpe":1025415.35,"noncassetsdisl":1025415.35,"proftotitse":null,"proftotform":null,"totprofit":1.06445129117E9,"incotaxexpe":2.0056380215E8,"unreinveloss":null,"netpro1itse":null,"netpro1form":null,"netprofit":8.6388748902E8,"parenetp":8.6388748902E8,"mergeformnetprof":null,"minysharrigh":null,"netpro2itse":null,"netpro2form":null,"basiceps":1.22,"dilutedeps":1.22,"othercompinco":-670925.46,"parecompinco":null,"minysharinco":null,"compincoamt":8.6321656356E8,"parecompincoamt":8.6321656356E8,"minysharincoamt":null,"earlyundiprof":null,"undisprofredu":null,"otherinto":null,"otherdistprof":null,"legalsurp":null,"welfare":null,"capitalreserve":null,"staffaward":null,"reservefund":null,"developfund":null,"profreturninvest":null,"supplycurcap":null,"avaidistshareprof":null,"preferredskdiv":null,"freesurplu":null,"dealwithdivi":null,"capitalizeddivi":null,"undisprofit":null,"selldepartgain":null,"natudisasterloss":null,"accpolicychg":null,"accestimatechg":null,"debtrestruloss":null,"othersupply":null},{"compcode":"80064560","publishdate":"20140430","begindate":"20130101","enddate":"20130331","reporttype":"100111","adjustdate":"20140430","accstacode":"2","accstaname":"新会计准则","biztotinco":2.47370260869E9,"bizinco":2.47370260869E9,"inteinco":null,"earnprem":null,"pouninco":null,"realsale":null,"otherbizinco":null,"biztotincoitse":null,"biztotincoform":null,"biztotcost":1.8958118518E9,"bizcost":1.48519848701E9,"inteexpe":null,"pounexpe":null,"realsalecost":null,"deveexpe":null,"surrgold":null,"compnetexpe":null,"contress":null,"polidiviexpe":null,"reinexpe":null,"otherbizcost":null,"biztax":2.517335524E7,"salesexpe":2.49108744E8,"manaexpe":1.4156482223E8,"finexpe":-5233556.68,"asseimpaloss":null,"biztotcostitse":null,"biztotcostform":null,"valuechgloss":null,"inveinco":null,"assoinveprof":null,"exchggain":null,"futuloss":null,"custinco":null,"subsidyincome":null,"otherbizprof":null,"bizprofitse":null,"operprofform":null,"perprofit":5.7789075689E8,"nonoreve":1510745.95,"nonoexpe":120975.48,"noncassetsdisl":120975.48,"proftotitse":null,"proftotform":null,"totprofit":5.7928052736E8,"incotaxexpe":1.1031213179E8,"unreinveloss":null,"netpro1itse":null,"netpro1form":null,"netprofit":4.6896839557E8,"parenetp":4.6896839557E8,"mergeformnetprof":null,"minysharrigh":null,"netpro2itse":null,"netpro2form":null,"basiceps":0.66,"dilutedeps":0.66,"othercompinco":16478.95,"parecompinco":null,"minysharinco":null,"compincoamt":4.6898487452E8,"parecompincoamt":4.6898487452E8,"minysharincoamt":null,"earlyundiprof":null,"undisprofredu":null,"otherinto":null,"otherdistprof":null,"legalsurp":null,"welfare":null,"capitalreserve":null,"staffaward":null,"reservefund":null,"developfund":null,"profreturninvest":null,"supplycurcap":null,"avaidistshareprof":null,"preferredskdiv":null,"freesurplu":null,"dealwithdivi":null,"capitalizeddivi":null,"undisprofit":null,"selldepartgain":null,"natudisasterloss":null,"accpolicychg":null,"accestimatechg":null,"debtrestruloss":null,"othersupply":null},{"compcode":"80064560","publishdate":"20140115","begindate":"20120101","enddate":"20121231","reporttype":"100111","adjustdate":"20140115","accstacode":"2","accstaname":"新会计准则","biztotinco":7.06959161967E9,"bizinco":7.06959161967E9,"inteinco":null,"earnprem":null,"pouninco":null,"realsale":null,"otherbizinco":null,"biztotincoitse":null,"biztotincoform":null,"biztotcost":5.58652421147E9,"bizcost":4.43427594028E9,"inteexpe":null,"pounexpe":null,"realsalecost":null,"deveexpe":null,"surrgold":null,"compnetexpe":null,"contress":null,"polidiviexpe":null,"reinexpe":null,"otherbizcost":null,"biztax":4.90865385E7,"salesexpe":7.2293235682E8,"manaexpe":3.9223513226E8,"finexpe":-1.200575639E7,"asseimpaloss":null,"biztotcostitse":null,"biztotcostform":null,"valuechgloss":null,"inveinco":null,"assoinveprof":null,"exchggain":null,"futuloss":null,"custinco":null,"subsidyincome":null,"otherbizprof":null,"bizprofitse":null,"operprofform":null,"perprofit":1.4830674082E9,"nonoreve":8658109.55,"nonoexpe":2089770.74,"noncassetsdisl":1500166.95,"proftotitse":null,"proftotform":null,"totprofit":1.48963574701E9,"incotaxexpe":2.8206889405E8,"unreinveloss":null,"netpro1itse":null,"netpro1form":null,"netprofit":1.20756685296E9,"parenetp":1.20756685296E9,"mergeformnetprof":null,"minysharrigh":null,"netpro2itse":null,"netpro2form":null,"basiceps":1.7,"dilutedeps":1.7,"othercompinco":1260.96,"parecompinco":null,"minysharinco":null,"compincoamt":1.20756811392E9,"parecompincoamt":1.20756811392E9,"minysharincoamt":null,"earlyundiprof":null,"undisprofredu":null,"otherinto":null,"otherdistprof":null,"legalsurp":null,"welfare":null,"capitalreserve":null,"staffaward":null,"reservefund":null,"developfund":null,"profreturninvest":null,"supplycurcap":null,"avaidistshareprof":null,"preferredskdiv":null,"freesurplu":null,"dealwithdivi":null,"capitalizeddivi":null,"undisprofit":null,"selldepartgain":null,"natudisasterloss":null,"accpolicychg":null,"accestimatechg":null,"debtrestruloss":null,"othersupply":null},{"compcode":"80064560","publishdate":"20140115","begindate":"20110101","enddate":"20111231","reporttype":"100111","adjustdate":"20140115","accstacode":"2","accstaname":"新会计准则","biztotinco":6.09056014437E9,"bizinco":6.09056014437E9,"inteinco":null,"earnprem":null,"pouninco":null,"realsale":null,"otherbizinco":null,"biztotincoitse":null,"biztotincoform":null,"biztotcost":4.91821090533E9,"bizcost":3.90402161631E9,"inteexpe":null,"pounexpe":null,"realsalecost":null,"deveexpe":null,"surrgold":null,"compnetexpe":null,"contress":null,"polidiviexpe":null,"reinexpe":null,"otherbizcost":null,"biztax":3.833773752E7,"salesexpe":6.8057936024E8,"manaexpe":3.0222530395E8,"finexpe":-6953112.69,"asseimpaloss":null,"biztotcostitse":null,"biztotcostform":null,"valuechgloss":null,"inveinco":774491.22,"assoinveprof":null,"exchggain":null,"futuloss":null,"custinco":null,"subsidyincome":null,"otherbizprof":null,"bizprofitse":null,"operprofform":null,"perprofit":1.17312373026E9,"nonoreve":5871073.6,"nonoexpe":3405458.84,"noncassetsdisl":1355458.84,"proftotitse":null,"proftotform":null,"totprofit":1.17558934502E9,"incotaxexpe":2.1990463194E8,"unreinveloss":null,"netpro1itse":null,"netpro1form":null,"netprofit":9.5568471308E8,"parenetp":9.5568471308E8,"mergeformnetprof":null,"minysharrigh":null,"netpro2itse":null,"netpro2form":null,"basiceps":1.34,"dilutedeps":1.34,"othercompinco":-498232.99,"parecompinco":null,"minysharinco":null,"compincoamt":9.5518648009E8,"parecompincoamt":9.5518648009E8,"minysharincoamt":null,"earlyundiprof":null,"undisprofredu":null,"otherinto":null,"otherdistprof":null,"legalsurp":null,"welfare":null,"capitalreserve":null,"staffaward":null,"reservefund":null,"developfund":null,"profreturninvest":null,"supplycurcap":null,"avaidistshareprof":null,"preferredskdiv":null,"freesurplu":null,"dealwithdivi":null,"capitalizeddivi":null,"undisprofit":null,"selldepartgain":null,"natudisasterloss":null,"accpolicychg":null,"accestimatechg":null,"debtrestruloss":null,"othersupply":null},{"compcode":"80064560","publishdate":"20140115","begindate":"20100101","enddate":"20101231","reporttype":"100111","adjustdate":"20140115","accstacode":"2","accstaname":"新会计准则","biztotinco":5.51550755131E9,"bizinco":5.51550755131E9,"inteinco":null,"earnprem":null,"pouninco":null,"realsale":null,"otherbizinco":null,"biztotincoitse":null,"biztotincoform":null,"biztotcost":4.5675771258E9,"bizcost":3.69613967848E9,"inteexpe":null,"pounexpe":null,"realsalecost":null,"deveexpe":null,"surrgold":null,"compnetexpe":null,"contress":null,"polidiviexpe":null,"reinexpe":null,"otherbizcost":null,"biztax":2295929.48,"salesexpe":5.8415862691E8,"manaexpe":2.9673960528E8,"finexpe":-1.175671435E7,"asseimpaloss":null,"biztotcostitse":null,"biztotcostform":null,"valuechgloss":null,"inveinco":5989389.79,"assoinveprof":null,"exchggain":null,"futuloss":null,"custinco":null,"subsidyincome":null,"otherbizprof":null,"bizprofitse":null,"operprofform":null,"perprofit":9.539198153E8,"nonoreve":2.072448176E7,"nonoexpe":2043507.46,"noncassetsdisl":483507.46,"proftotitse":null,"proftotform":null,"totprofit":9.726007896E8,"incotaxexpe":1.584165327E8,"unreinveloss":null,"netpro1itse":null,"netpro1form":null,"netprofit":8.141842569E8,"parenetp":6.6026658185E8,"mergeformnetprof":null,"minysharrigh":1.5391767505E8,"netpro2itse":null,"netpro2form":null,"basiceps":1.28,"dilutedeps":1.28,"othercompinco":-4393561.73,"parecompinco":null,"minysharinco":null,"compincoamt":8.0979069517E8,"parecompincoamt":6.5587302012E8,"minysharincoamt":1.5391767505E8,"earlyundiprof":null,"undisprofredu":null,"otherinto":null,"otherdistprof":null,"legalsurp":null,"welfare":null,"capitalreserve":null,"staffaward":null,"reservefund":null,"developfund":null,"profreturninvest":null,"supplycurcap":null,"avaidistshareprof":null,"preferredskdiv":null,"freesurplu":null,"dealwithdivi":null,"capitalizeddivi":null,"undisprofit":null,"selldepartgain":null,"natudisasterloss":null,"accpolicychg":null,"accestimatechg":null,"debtrestruloss":null,"othersupply":null},{"compcode":"80064560","publishdate":"20120319","begindate":"20090101","enddate":"20091231","reporttype":"100111","adjustdate":"20120319","accstacode":"2","accstaname":"新会计准则","biztotinco":4.4828909042E9,"bizinco":4.4828909042E9,"inteinco":null,"earnprem":null,"pouninco":null,"realsale":null,"otherbizinco":null,"biztotincoitse":null,"biztotincoform":null,"biztotcost":3.46045988608E9,"bizcost":2.75972865785E9,"inteexpe":null,"pounexpe":null,"realsalecost":null,"deveexpe":null,"surrgold":null,"compnetexpe":null,"contress":null,"polidiviexpe":null,"reinexpe":null,"otherbizcost":null,"biztax":13169.75,"salesexpe":4.470449984E8,"manaexpe":2.7022546584E8,"finexpe":-1.655240576E7,"asseimpaloss":null,"biztotcostitse":null,"biztotcostform":null,"valuechgloss":1.37823881E7,"inveinco":1.117009135E7,"assoinveprof":null,"exchggain":null,"futuloss":null,"custinco":null,"subsidyincome":null,"otherbizprof":null,"bizprofitse":null,"operprofform":null,"perprofit":1.04738349757E9,"nonoreve":1.094042753E7,"nonoexpe":1681286.72,"noncassetsdisl":1146286.72,"proftotitse":null,"proftotform":null,"totprofit":1.05664263838E9,"incotaxexpe":1.7875200294E8,"unreinveloss":null,"netpro1itse":null,"netpro1form":null,"netprofit":8.7789063544E8,"parenetp":7.0667526054E8,"mergeformnetprof":null,"minysharrigh":1.712153749E8,"netpro2itse":null,"netpro2form":null,"basiceps":null,"dilutedeps":null,"othercompinco":469021.02,"parecompinco":null,"minysharinco":null,"compincoamt":8.7835965646E8,"parecompincoamt":7.0714428156E8,"minysharincoamt":1.712153749E8,"earlyundiprof":null,"undisprofredu":null,"otherinto":null,"otherdistprof":null,"legalsurp":null,"welfare":null,"capitalreserve":null,"staffaward":null,"reservefund":null,"developfund":null,"profreturninvest":null,"supplycurcap":null,"avaidistshareprof":null,"preferredskdiv":null,"freesurplu":null,"dealwithdivi":null,"capitalizeddivi":null,"undisprofit":null,"selldepartgain":null,"natudisasterloss":null,"accpolicychg":null,"accestimatechg":null,"debtrestruloss":null,"othersupply":null}],"comptype":4,"name":"海天味业"}