{"SH603288":{"symbol":"SH603288","exchange":"SH","code":"603288","name":"海天味业","current":"50.36","percentage":"3.03","change":"1.48","open":"49.5","high":"51.04","low":"48.86","close":"50.36","last_close":"48.88","high52week":"55.88","low52week":"28.22","volume":"3590135.0","lot_volume":"35901.35","volumeAverage":"3826996","marketCapital":"1.36032769412E11","eps":"0.94","pe_ttm":"40.6966","pe_lyr":"47.8461","beta":"0.0","totalShares":"2701206700","time":"Tue Nov 28 14:39:55 +0800 2017","afterHours":"0.0","afterHoursPct":"0.0","afterHoursChg":"0.0","updateAt":"1508551200426","dividend":"0.68","yield":"1.39","turnover_rate":"0.13%","instOwn":"0.0","rise_stop":"53.77","fall_stop":"43.99","currency_unit":"CNY","amount":"1.81378659E8","net_assets":"3.9657","hasexist":"","has_warrant":"0","type":"11","flag":"1","rest_day":"","amplitude":"4.46%","market_status":"交易中","lot_size":"100","min_order_quantity":"0","max_order_quantity":"0","tick_size":"0.01","variable_tick_size":"","kzz_stock_symbol":"","kzz_stock_name":"","kzz_stock_current":"0.0","kzz_convert_price":"0.0","kzz_covert_value":"0.0","kzz_cpr":"0.0","kzz_putback_price":"0.0","kzz_convert_time":"","kzz_redempt_price":"0.0","kzz_straight_price":"0.0","kzz_stock_percent":"","pb":"12.7","benefit_before_tax":"0.0","benefit_after_tax":"0.0","convert_bond_ratio":"","totalissuescale":"","outstandingamt":"","maturitydate":"","remain_year":"","convertrate":"0.0","interestrtmemo":"","release_date":"","circulation":"0.0","par_value":"0.0","due_time":"0.0","value_date":"","due_date":"","publisher":"","redeem_type":"F","issue_type":"1","bond_type":"","warrant":"","sale_rrg":"","rate":"","after_hour_vol":"0","float_shares":"2696886699","float_market_capital":"1.3581521416164E11","disnext_pay_date":"","convert_rate":"0.0","volume_ratio":"1.04","percent5m":"0.02","pankou_ratio":"-66.77%","psr":"9.2049"}}