{"list":[{"bonusimpdate":"20170822","bonusyear":"2016","cur":"人民币","bonusskratio":null,"tranaddskraio":null,"recorddate":"20170828","exrightdate":"20170829","cdividend":7.9,"fdividendbh":0.0,"tranaddsklistdate":null,"bonussklistdate":null,"tranaddskaccday":null,"bonusskaccday":null,"symbol":null,"secode":"2010000938","divitype":"A","taxfdividendbh":0.0,"taxcdividend":7.9,"divibegdate":"20170829","summarize":"10派7.9"},{"bonusimpdate":"20160722","bonusyear":"2015","cur":"人民币","bonusskratio":null,"tranaddskraio":null,"recorddate":"20160728","exrightdate":"20160729","cdividend":7.2,"fdividendbh":0.0,"tranaddsklistdate":null,"bonussklistdate":null,"tranaddskaccday":null,"bonusskaccday":null,"symbol":null,"secode":"2010000938","divitype":"A","taxfdividendbh":0.0,"taxcdividend":7.2,"divibegdate":"20160729","summarize":"10派7.2"},{"bonusimpdate":"20150714","bonusyear":"2014","cur":"人民币","bonusskratio":null,"tranaddskraio":null,"recorddate":"20150720","exrightdate":"20150721","cdividend":5.0,"fdividendbh":0.0,"tranaddsklistdate":null,"bonussklistdate":null,"tranaddskaccday":null,"bonusskaccday":null,"symbol":null,"secode":"2010000938","divitype":"A","taxfdividendbh":0.0,"taxcdividend":4.75,"divibegdate":"20150721","summarize":"10派5"},{"bonusimpdate":"20140428","bonusyear":"2013","cur":"人民币","bonusskratio":null,"tranaddskraio":null,"recorddate":"20140507","exrightdate":"20140508","cdividend":4.1,"fdividendbh":0.0,"tranaddsklistdate":null,"bonussklistdate":null,"tranaddskaccday":null,"bonusskaccday":null,"symbol":null,"secode":"2010000938","divitype":"A","taxfdividendbh":0.0,"taxcdividend":3.895,"divibegdate":"20140508","summarize":"10派4.1"},{"bonusimpdate":"20130508","bonusyear":"2012","cur":"人民币","bonusskratio":null,"tranaddskraio":null,"recorddate":"20130515","exrightdate":"20130516","cdividend":1.8,"fdividendbh":0.0,"tranaddsklistdate":null,"bonussklistdate":null,"tranaddskaccday":null,"bonusskaccday":null,"symbol":null,"secode":"2010000938","divitype":"A","taxfdividendbh":0.0,"taxcdividend":1.71,"divibegdate":"20130516","summarize":"10派1.8"},{"bonusimpdate":"20120627","bonusyear":"2011","cur":"人民币","bonusskratio":null,"tranaddskraio":null,"recorddate":"20120704","exrightdate":"20120705","cdividend":1.3,"fdividendbh":0.0,"tranaddsklistdate":null,"bonussklistdate":null,"tranaddskaccday":null,"bonusskaccday":null,"symbol":null,"secode":"2010000938","divitype":"A","taxfdividendbh":0.0,"taxcdividend":1.17,"divibegdate":"20120705","summarize":"10派1.3"},{"bonusimpdate":"20110520","bonusyear":"2010","cur":"人民币","bonusskratio":null,"tranaddskraio":null,"recorddate":"20110526","exrightdate":"20110527","cdividend":1.0,"fdividendbh":0.0,"tranaddsklistdate":null,"bonussklistdate":null,"tranaddskaccday":null,"bonusskaccday":null,"symbol":null,"secode":"2010000938","divitype":"A","taxfdividendbh":0.0,"taxcdividend":0.9,"divibegdate":"20110527","summarize":"10派1"},{"bonusimpdate":"20100510","bonusyear":"2009","cur":"人民币","bonusskratio":null,"tranaddskraio":null,"recorddate":"20100517","exrightdate":"20100518","cdividend":0.7,"fdividendbh":0.0,"tranaddsklistdate":null,"bonussklistdate":null,"tranaddskaccday":null,"bonusskaccday":null,"symbol":null,"secode":"2010000938","divitype":"A","taxfdividendbh":0.0,"taxcdividend":0.63,"divibegdate":"20100518","summarize":"10派0.7"},{"bonusimpdate":"20090527","bonusyear":"2008","cur":"人民币","bonusskratio":null,"tranaddskraio":null,"recorddate":"20090605","exrightdate":"20090608","cdividend":0.5,"fdividendbh":0.0,"tranaddsklistdate":null,"bonussklistdate":null,"tranaddskaccday":null,"bonusskaccday":null,"symbol":null,"secode":"2010000938","divitype":"A","taxfdividendbh":0.0,"taxcdividend":0.45,"divibegdate":"20090608","summarize":"10派0.5"},{"bonusimpdate":"20080605","bonusyear":"2007","cur":"人民币","bonusskratio":null,"tranaddskraio":6.0,"recorddate":"20080613","exrightdate":"20080616","cdividend":1.0,"fdividendbh":0.0,"tranaddsklistdate":"20080616","bonussklistdate":null,"tranaddskaccday":"20080616","bonusskaccday":null,"symbol":null,"secode":"2010000938","divitype":"AC","taxfdividendbh":0.0,"taxcdividend":0.9,"divibegdate":"20080616","summarize":"10转6派1"},{"bonusimpdate":"20070509","bonusyear":"2006","cur":"人民币","bonusskratio":null,"tranaddskraio":5.0,"recorddate":"20070515","exrightdate":"20070516","cdividend":1.5,"fdividendbh":0.0,"tranaddsklistdate":"20070516","bonussklistdate":null,"tranaddskaccday":"20070516","bonusskaccday":null,"symbol":null,"secode":"2010000938","divitype":"AC","taxfdividendbh":0.0,"taxcdividend":1.35,"divibegdate":"20070516","summarize":"10转5派1.5"},{"bonusimpdate":"20060714","bonusyear":"2005","cur":"人民币","bonusskratio":null,"tranaddskraio":null,"recorddate":"20060720","exrightdate":"20060721","cdividend":1.5,"fdividendbh":0.0,"tranaddsklistdate":null,"bonussklistdate":null,"tranaddskaccday":null,"bonusskaccday":null,"symbol":null,"secode":"2010000938","divitype":"A","taxfdividendbh":0.0,"taxcdividend":1.35,"divibegdate":"20060721","summarize":"10派1.5"},{"bonusimpdate":"20050621","bonusyear":"2004","cur":"人民币","bonusskratio":null,"tranaddskraio":5.0,"recorddate":"20050628","exrightdate":"20050629","cdividend":1.5,"fdividendbh":0.0,"tranaddsklistdate":"20050629","bonussklistdate":null,"tranaddskaccday":"20050629","bonusskaccday":null,"symbol":null,"secode":"2010000938","divitype":"AC","taxfdividendbh":0.0,"taxcdividend":1.35,"divibegdate":"20050629","summarize":"10转5派1.5"},{"bonusimpdate":"20040514","bonusyear":"2003","cur":"人民币","bonusskratio":1.0,"tranaddskraio":4.0,"recorddate":"20040525","exrightdate":"20040526","cdividend":0.5,"fdividendbh":0.0,"tranaddsklistdate":"20040526","bonussklistdate":"20040526","tranaddskaccday":"20040526","bonusskaccday":"20040526","symbol":null,"secode":"2010000938","divitype":"ABC","taxfdividendbh":0.0,"taxcdividend":0.2,"divibegdate":"20040526","summarize":"10送1转4派0.5"},{"bonusimpdate":"20030519","bonusyear":"2002","cur":"人民币","bonusskratio":null,"tranaddskraio":10.0,"recorddate":"20030522","exrightdate":"20030523","cdividend":2.0,"fdividendbh":0.0,"tranaddsklistdate":"20030523","bonussklistdate":null,"tranaddskaccday":"20030523","bonusskaccday":null,"symbol":null,"secode":"2010000938","divitype":"AC","taxfdividendbh":0.0,"taxcdividend":1.6,"divibegdate":"20030523","summarize":"10转10派2"},{"bonusimpdate":"20020710","bonusyear":"2001","cur":"人民币","bonusskratio":null,"tranaddskraio":null,"recorddate":"20020716","exrightdate":"20020717","cdividend":2.0,"fdividendbh":0.0,"tranaddsklistdate":null,"bonussklistdate":null,"tranaddskaccday":null,"bonusskaccday":null,"symbol":null,"secode":"2010000938","divitype":"A","taxfdividendbh":0.0,"taxcdividend":1.6,"divibegdate":"20020717","summarize":"10派2"},{"bonusimpdate":"20010814","bonusyear":"2000","cur":"人民币","bonusskratio":null,"tranaddskraio":null,"recorddate":"20010820","exrightdate":"20010821","cdividend":1.8,"fdividendbh":0.0,"tranaddsklistdate":null,"bonussklistdate":null,"tranaddskaccday":null,"bonusskaccday":null,"symbol":null,"secode":"2010000938","divitype":"A","taxfdividendbh":0.0,"taxcdividend":1.44,"divibegdate":"20010822","summarize":"10派1.8"},{"bonusimpdate":"20000810","bonusyear":"1999","cur":"人民币","bonusskratio":null,"tranaddskraio":null,"recorddate":"20000816","exrightdate":"20000817","cdividend":1.5,"fdividendbh":0.0,"tranaddsklistdate":null,"bonussklistdate":null,"tranaddskaccday":null,"bonusskaccday":null,"symbol":null,"secode":"2010000938","divitype":"A","taxfdividendbh":0.0,"taxcdividend":1.2,"divibegdate":"20000818","summarize":"10派1.5"},{"bonusimpdate":"19990729","bonusyear":"1998","cur":"人民币","bonusskratio":1.0,"tranaddskraio":null,"recorddate":"19990805","exrightdate":"19990806","cdividend":1.0,"fdividendbh":0.0,"tranaddsklistdate":null,"bonussklistdate":"19990810","tranaddskaccday":null,"bonusskaccday":"19990810","symbol":null,"secode":"2010000938","divitype":"AB","taxfdividendbh":0.0,"taxcdividend":0.6756,"divibegdate":"19990812","summarize":"10送1派1"},{"bonusimpdate":"19980704","bonusyear":"1997","cur":"人民币","bonusskratio":1.0,"tranaddskraio":null,"recorddate":"19980709","exrightdate":"19980710","cdividend":1.5,"fdividendbh":0.0,"tranaddsklistdate":null,"bonussklistdate":"19980714","tranaddskaccday":null,"bonusskaccday":"19980714","symbol":null,"secode":"2010000938","divitype":"AB","taxfdividendbh":0.0,"taxcdividend":1.1134,"divibegdate":"19980716","summarize":"10送1派1.5"},{"bonusimpdate":"19970619","bonusyear":"1996","cur":"人民币","bonusskratio":1.5,"tranaddskraio":null,"recorddate":"19970626","exrightdate":"19970627","cdividend":1.0,"fdividendbh":0.0,"tranaddsklistdate":null,"bonussklistdate":"19970703","tranaddskaccday":null,"bonusskaccday":"19970627","symbol":null,"secode":"2010000938","divitype":"AB","taxfdividendbh":0.0,"taxcdividend":0.65,"divibegdate":"19970707","summarize":"10送1.5派1"},{"bonusimpdate":"19960719","bonusyear":"1995","cur":"人民币","bonusskratio":1.0,"tranaddskraio":null,"recorddate":"19960805","exrightdate":"19960806","cdividend":1.4,"fdividendbh":0.0,"tranaddsklistdate":null,"bonussklistdate":"19960808","tranaddskaccday":null,"bonusskaccday":"19960808","symbol":null,"secode":"2010000938","divitype":"AB","taxfdividendbh":0.0,"taxcdividend":1.34,"divibegdate":"19960812","summarize":"10送1派1.4"},{"bonusimpdate":"19950622","bonusyear":"1994","cur":"人民币","bonusskratio":1.5,"tranaddskraio":null,"recorddate":"19950703","exrightdate":"19950704","cdividend":1.5,"fdividendbh":0.0,"tranaddsklistdate":null,"bonussklistdate":"19950706","tranaddskaccday":null,"bonusskaccday":null,"symbol":null,"secode":"2010000938","divitype":"AB","taxfdividendbh":0.0,"taxcdividend":0.0,"divibegdate":"19950706","summarize":"10送1.5派1.5"},{"bonusimpdate":"19940602","bonusyear":"1993","cur":"人民币","bonusskratio":3.5,"tranaddskraio":null,"recorddate":"19940620","exrightdate":"19940621","cdividend":1.5,"fdividendbh":0.0,"tranaddsklistdate":null,"bonussklistdate":"19940624","tranaddskaccday":null,"bonusskaccday":"19940621","symbol":null,"secode":"2010000938","divitype":"AB","taxfdividendbh":0.0,"taxcdividend":0.0,"divibegdate":"19940624","summarize":"10送3.5派1.5"},{"bonusimpdate":"19930325","bonusyear":"1992","cur":"人民币","bonusskratio":5.0,"tranaddskraio":null,"recorddate":"19930402","exrightdate":"19930405","cdividend":0.6,"fdividendbh":0.0,"tranaddsklistdate":null,"bonussklistdate":"19930405","tranaddskaccday":null,"bonusskaccday":null,"symbol":null,"secode":"2010000938","divitype":"AB","taxfdividendbh":0.0,"taxcdividend":0.0,"divibegdate":"19930419","summarize":"10送5派0.6"},{"bonusimpdate":"19920630","bonusyear":"1991","cur":"人民币","bonusskratio":2.0,"tranaddskraio":null,"recorddate":"19920327","exrightdate":"19920330","cdividend":null,"fdividendbh":0.0,"tranaddsklistdate":null,"bonussklistdate":null,"tranaddskaccday":null,"bonusskaccday":null,"symbol":null,"secode":"2010000938","divitype":"B","taxfdividendbh":0.0,"taxcdividend":null,"divibegdate":null,"summarize":"10送2"},{"bonusimpdate":"19910527","bonusyear":"1990","cur":"人民币","bonusskratio":2.0,"tranaddskraio":null,"recorddate":"19910527","exrightdate":"19910608","cdividend":null,"fdividendbh":0.0,"tranaddsklistdate":null,"bonussklistdate":null,"tranaddskaccday":null,"bonusskaccday":null,"symbol":null,"secode":"2010000938","divitype":"B","taxfdividendbh":0.0,"taxcdividend":null,"divibegdate":null,"summarize":"10送2"}]}