{"SZ000002":{"symbol":"SZ000002","exchange":"SZ","code":"000002","name":"万科A","current":"31.34","percentage":"-0.76","change":"-0.24","open":"31.4","high":"31.59","low":"30.75","close":"31.34","last_close":"31.58","high52week":"42.24","low52week":"17.53","volume":"2.9011765E7","lot_volume":"290117.65","volumeAverage":"64682333","marketCapital":"3.4596702371134E11","eps":"1.01","pe_ttm":"14.505","pe_lyr":"16.457","beta":"0.0","totalShares":"11039152001","time":"Tue Mar 20 15:04:03 +0800 2018","afterHours":"0.0","afterHoursPct":"0.0","afterHoursChg":"0.0","updateAt":"1513771205786","dividend":"0.79","yield":"2.52","turnover_rate":"0.30%","instOwn":"0.0","rise_stop":"34.74","fall_stop":"28.42","currency_unit":"CNY","amount":"9.0329681937E8","net_assets":"10.5419","hasexist":"","has_warrant":"0","type":"11","flag":"1","rest_day":"","amplitude":"2.66%","market_status":"已收盘","lot_size":"100","min_order_quantity":"0","max_order_quantity":"0","tick_size":"0.01","variable_tick_size":"","kzz_stock_symbol":"02202","kzz_stock_name":"","kzz_stock_current":"0.0","kzz_convert_price":"0.0","kzz_covert_value":"0.0","kzz_cpr":"0.0","kzz_putback_price":"0.0","kzz_convert_time":"","kzz_redempt_price":"0.0","kzz_straight_price":"0.0","kzz_stock_percent":"","pb":"2.97","benefit_before_tax":"0.0","benefit_after_tax":"0.0","convert_bond_ratio":"","totalissuescale":"","outstandingamt":"","maturitydate":"","remain_year":"","convertrate":"0.0","interestrtmemo":"","release_date":"","circulation":"0.0","par_value":"0.0","due_time":"0.0","value_date":"","due_date":"","publisher":"","redeem_type":"T","issue_type":"3","bond_type":"","warrant":"","sale_rrg":"","rate":"","after_hour_vol":"0","float_shares":"9709165104","float_market_capital":"3.0428523435936E11","disnext_pay_date":"","convert_rate":"0.0","volume_ratio":"0.97","percent5m":"-0.06","pankou_ratio":"18.37%","psr":"1.4384"}}