{"list":[{"bonusimpdate":"20170508","bonusyear":"2016","cur":"人民币","bonusskratio":null,"tranaddskraio":null,"recorddate":"20170511","exrightdate":"20170512","cdividend":1.9,"fdividendbh":0.0,"tranaddsklistdate":null,"bonussklistdate":null,"tranaddskaccday":null,"bonusskaccday":null,"symbol":null,"secode":"2010008267","divitype":"A","taxfdividendbh":0.0,"taxcdividend":1.9,"divibegdate":"20170512","summarize":"10派1.9"},{"bonusimpdate":"20160429","bonusyear":"2015","cur":"人民币","bonusskratio":10.0,"tranaddskraio":5.0,"recorddate":"20160505","exrightdate":"20160506","cdividend":4.1,"fdividendbh":0.0,"tranaddsklistdate":"20160509","bonussklistdate":"20160509","tranaddskaccday":"20160506","bonusskaccday":"20160506","symbol":null,"secode":"2010008267","divitype":"ABC","taxfdividendbh":0.0,"taxcdividend":4.1,"divibegdate":"20160506","summarize":"10送10转5派4.1"},{"bonusimpdate":"20150511","bonusyear":"2014","cur":"人民币","bonusskratio":null,"tranaddskraio":null,"recorddate":"20150514","exrightdate":"20150515","cdividend":3.9,"fdividendbh":0.0,"tranaddsklistdate":null,"bonussklistdate":null,"tranaddskaccday":null,"bonusskaccday":null,"symbol":null,"secode":"2010008267","divitype":"A","taxfdividendbh":0.0,"taxcdividend":3.705,"divibegdate":"20150515","summarize":"10派3.9"}]}