{"list":[{"compcode":"10000974","publishdate":"20171031","begindate":"20170101","enddate":"20170930","reporttype":"100111","adjustdate":"20171031","accstacode":"2","accstaname":"新会计准则","biztotinco":1.1202657175441E11,"bizinco":1.1087467871651E11,"inteinco":1.15070159069E9,"earnprem":null,"pouninco":1191447.21,"realsale":null,"otherbizinco":null,"biztotincoitse":null,"biztotincoform":null,"biztotcost":9.357430047286E10,"bizcost":7.608981294714E10,"inteexpe":2.723707715E7,"pounexpe":401916.63,"realsalecost":null,"deveexpe":null,"surrgold":null,"compnetexpe":null,"contress":null,"polidiviexpe":null,"reinexpe":null,"otherbizcost":null,"biztax":1.09940889413E9,"salesexpe":1.18654109653E10,"manaexpe":4.65390773331E9,"finexpe":-2.7701300254E8,"asseimpaloss":1.1513394174E8,"biztotcostitse":null,"biztotcostform":null,"valuechgloss":-7.5761547828E8,"inveinco":9.973876509E7,"assoinveprof":1923835.45,"exchggain":null,"futuloss":null,"custinco":null,"subsidyincome":null,"otherbizprof":null,"bizprofitse":null,"operprofform":null,"perprofit":1.779439456836E10,"nonoreve":4.8210262184E8,"nonoexpe":1.355304548E7,"noncassetsdisl":7748725.04,"proftotitse":null,"proftotform":null,"totprofit":1.826294414472E10,"incotaxexpe":2.72992200378E9,"unreinveloss":null,"netpro1itse":null,"netpro1form":null,"netprofit":1.553302214094E10,"parenetp":1.546070893203E10,"mergeformnetprof":null,"minysharrigh":7.231320891E7,"netpro2itse":null,"netpro2form":null,"basiceps":2.57,"dilutedeps":2.57,"othercompinco":1.2547545908E8,"parecompinco":1.2755559571E8,"minysharinco":-2080136.63,"compincoamt":1.565849760002E10,"parecompincoamt":1.558826452774E10,"minysharincoamt":7.023307228E7,"earlyundiprof":null,"undisprofredu":null,"otherinto":null,"otherdistprof":null,"legalsurp":null,"welfare":null,"capitalreserve":null,"staffaward":null,"reservefund":null,"developfund":null,"profreturninvest":null,"supplycurcap":null,"avaidistshareprof":null,"preferredskdiv":null,"freesurplu":null,"dealwithdivi":null,"capitalizeddivi":null,"undisprofit":null,"selldepartgain":null,"natudisasterloss":null,"accpolicychg":null,"accestimatechg":null,"debtrestruloss":null,"othersupply":null},{"compcode":"10000974","publishdate":"20170831","begindate":"20170101","enddate":"20170630","reporttype":"100111","adjustdate":"20170831","accstacode":"2","accstaname":"新会计准则","biztotinco":7.00206586141E10,"bizinco":6.91845215727E10,"inteinco":8.3523581738E8,"earnprem":null,"pouninco":901224.02,"realsale":null,"otherbizinco":null,"biztotincoitse":null,"biztotincoform":null,"biztotcost":5.927658620248E10,"bizcost":4.708885478651E10,"inteexpe":2.098544713E7,"pounexpe":307950.5,"realsalecost":null,"deveexpe":null,"surrgold":null,"compnetexpe":null,"contress":null,"polidiviexpe":null,"reinexpe":null,"otherbizcost":null,"biztax":6.4531978075E8,"salesexpe":8.53432417954E9,"manaexpe":2.88551617639E9,"finexpe":-1.9186152682E8,"asseimpaloss":2.9313940848E8,"biztotcostitse":null,"biztotcostform":null,"valuechgloss":4.08186543E7,"inveinco":1.640356049E8,"assoinveprof":3587105.77,"exchggain":null,"futuloss":null,"custinco":null,"subsidyincome":null,"otherbizprof":null,"bizprofitse":null,"operprofform":null,"perprofit":1.094892667082E10,"nonoreve":2.4736516596E8,"nonoexpe":8596332.15,"noncassetsdisl":6614490.33,"proftotitse":null,"proftotform":null,"totprofit":1.118769550463E10,"incotaxexpe":1.68432686084E9,"unreinveloss":null,"netpro1itse":null,"netpro1form":null,"netprofit":9.50336864379E9,"parenetp":9.45248329968E9,"mergeformnetprof":null,"minysharrigh":5.088534411E7,"netpro2itse":null,"netpro2form":null,"basiceps":1.57,"dilutedeps":1.57,"othercompinco":-3.174296049E7,"parecompinco":-2.990371104E7,"minysharinco":-1839249.45,"compincoamt":9.4716256833E9,"parecompincoamt":9.42257958864E9,"minysharincoamt":4.904609466E7,"earlyundiprof":null,"undisprofredu":null,"otherinto":null,"otherdistprof":null,"legalsurp":null,"welfare":null,"capitalreserve":null,"staffaward":null,"reservefund":null,"developfund":null,"profreturninvest":null,"supplycurcap":null,"avaidistshareprof":null,"preferredskdiv":null,"freesurplu":null,"dealwithdivi":null,"capitalizeddivi":null,"undisprofit":null,"selldepartgain":null,"natudisasterloss":null,"accpolicychg":null,"accestimatechg":null,"debtrestruloss":null,"othersupply":null},{"compcode":"10000974","publishdate":"20170429","begindate":"20170101","enddate":"20170331","reporttype":"100111","adjustdate":"20170429","accstacode":"2","accstaname":"新会计准则","biztotinco":3.003526455637E10,"bizinco":2.968150445741E10,"inteinco":3.5292752793E8,"earnprem":null,"pouninco":832571.03,"realsale":null,"otherbizinco":null,"biztotincoitse":null,"biztotincoform":null,"biztotcost":2.570423809892E10,"bizcost":1.947998319916E10,"inteexpe":5710217.89,"pounexpe":112727.8,"realsalecost":null,"deveexpe":null,"surrgold":null,"compnetexpe":null,"contress":null,"polidiviexpe":null,"reinexpe":null,"otherbizcost":null,"biztax":2.1806510117E8,"salesexpe":4.44042306452E9,"manaexpe":1.38630842262E9,"finexpe":-6.871954361E7,"asseimpaloss":2.4235490937E8,"biztotcostitse":null,"biztotcostform":null,"valuechgloss":3.2671379027E8,"inveinco":2.990664249E7,"assoinveprof":-1555329.69,"exchggain":null,"futuloss":null,"custinco":null,"subsidyincome":null,"otherbizprof":null,"bizprofitse":null,"operprofform":null,"perprofit":4.68764689021E9,"nonoreve":6.115980615E7,"nonoexpe":6542186.15,"noncassetsdisl":5045972.44,"proftotitse":null,"proftotform":null,"totprofit":4.74226451021E9,"incotaxexpe":7.0589616628E8,"unreinveloss":null,"netpro1itse":null,"netpro1form":null,"netprofit":4.03636834393E9,"parenetp":4.01453649966E9,"mergeformnetprof":null,"minysharrigh":2.183184427E7,"netpro2itse":null,"netpro2form":null,"basiceps":0.67,"dilutedeps":0.67,"othercompinco":-1.282142549E7,"parecompinco":-1.191680962E7,"minysharinco":-904615.87,"compincoamt":4.02354691844E9,"parecompincoamt":4.00261969004E9,"minysharincoamt":2.09272284E7,"earlyundiprof":null,"undisprofredu":null,"otherinto":null,"otherdistprof":null,"legalsurp":null,"welfare":null,"capitalreserve":null,"staffaward":null,"reservefund":null,"developfund":null,"profreturninvest":null,"supplycurcap":null,"avaidistshareprof":null,"preferredskdiv":null,"freesurplu":null,"dealwithdivi":null,"capitalizeddivi":null,"undisprofit":null,"selldepartgain":null,"natudisasterloss":null,"accpolicychg":null,"accestimatechg":null,"debtrestruloss":null,"othersupply":null},{"compcode":"10000974","publishdate":"20170427","begindate":"20160101","enddate":"20161231","reporttype":"100111","adjustdate":"20170427","accstacode":"2","accstaname":"新会计准则","biztotinco":1.1011310185023E11,"bizinco":1.083025652937E11,"inteinco":1.80958165168E9,"earnprem":null,"pouninco":954904.85,"realsale":null,"otherbizinco":null,"biztotincoitse":null,"biztotincoform":null,"biztotcost":9.152937982461E10,"bizcost":7.2885641217E10,"inteexpe":9.331746231E7,"pounexpe":333542.6,"realsalecost":null,"deveexpe":null,"surrgold":null,"compnetexpe":null,"contress":null,"polidiviexpe":null,"reinexpe":null,"otherbizcost":null,"biztax":1.43040424695E9,"salesexpe":1.647726596304E10,"manaexpe":5.4889555512E9,"finexpe":-4.84554659804E9,"asseimpaloss":-991560.45,"biztotcostitse":null,"biztotcostform":null,"valuechgloss":1.09333213465E9,"inveinco":-2.22135632455E9,"assoinveprof":8034445.96,"exchggain":null,"futuloss":null,"custinco":null,"subsidyincome":null,"otherbizprof":null,"bizprofitse":null,"operprofform":null,"perprofit":1.745569783572E10,"nonoreve":1.09623477423E9,"nonoexpe":2.074253335E7,"noncassetsdisl":1.508376245E7,"proftotitse":null,"proftotform":null,"totprofit":1.85311900766E10,"incotaxexpe":3.00655517273E9,"unreinveloss":null,"netpro1itse":null,"netpro1form":null,"netprofit":1.552463490387E10,"parenetp":1.542096499094E10,"mergeformnetprof":null,"minysharrigh":1.0366991293E8,"netpro2itse":null,"netpro2form":null,"basiceps":2.56,"dilutedeps":2.56,"othercompinco":-5.446947632E7,"parecompinco":-5.224348758E7,"minysharinco":-2225988.74,"compincoamt":1.547016542755E10,"parecompincoamt":1.536872150336E10,"minysharincoamt":1.0144392419E8,"earlyundiprof":null,"undisprofredu":null,"otherinto":null,"otherdistprof":null,"legalsurp":null,"welfare":null,"capitalreserve":null,"staffaward":null,"reservefund":null,"developfund":null,"profreturninvest":null,"supplycurcap":null,"avaidistshareprof":null,"preferredskdiv":null,"freesurplu":null,"dealwithdivi":null,"capitalizeddivi":null,"undisprofit":null,"selldepartgain":null,"natudisasterloss":null,"accpolicychg":null,"accestimatechg":null,"debtrestruloss":null,"othersupply":null},{"compcode":"10000974","publishdate":"20161031","begindate":"20160101","enddate":"20160930","reporttype":"100111","adjustdate":"20161031","accstacode":"2","accstaname":"新会计准则","biztotinco":8.377076039352E10,"bizinco":8.242871139007E10,"inteinco":1.34117231431E9,"earnprem":null,"pouninco":876689.14,"realsale":null,"otherbizinco":null,"biztotincoitse":null,"biztotincoform":null,"biztotcost":6.973402744355E10,"bizcost":5.430381125857E10,"inteexpe":8.177301042E7,"pounexpe":236378.35,"realsalecost":null,"deveexpe":null,"surrgold":null,"compnetexpe":null,"contress":null,"polidiviexpe":null,"reinexpe":null,"otherbizcost":null,"biztax":6.3753339788E8,"salesexpe":1.406745302193E10,"manaexpe":4.08260873287E9,"finexpe":-3.48454516204E9,"asseimpaloss":4.515680557E7,"biztotcostitse":null,"biztotcostform":null,"valuechgloss":7.7112452569E8,"inveinco":-1.8990539618E9,"assoinveprof":4778716.02,"exchggain":null,"futuloss":null,"custinco":null,"subsidyincome":null,"otherbizprof":null,"bizprofitse":null,"operprofform":null,"perprofit":1.290880351386E10,"nonoreve":5.7330402592E8,"nonoexpe":6239393.27,"noncassetsdisl":3098572.47,"proftotitse":null,"proftotform":null,"totprofit":1.347586814651E10,"incotaxexpe":2.17280279408E9,"unreinveloss":null,"netpro1itse":null,"netpro1form":null,"netprofit":1.130306535243E10,"parenetp":1.122905926085E10,"mergeformnetprof":null,"minysharrigh":7.400609158E7,"netpro2itse":null,"netpro2form":null,"basiceps":1.87,"dilutedeps":1.87,"othercompinco":1.516545085E7,"parecompinco":1.577181166E7,"minysharinco":-606360.81,"compincoamt":1.131823080328E10,"parecompincoamt":1.124483107251E10,"minysharincoamt":7.339973077E7,"earlyundiprof":null,"undisprofredu":null,"otherinto":null,"otherdistprof":null,"legalsurp":null,"welfare":null,"capitalreserve":null,"staffaward":null,"reservefund":null,"developfund":null,"profreturninvest":null,"supplycurcap":null,"avaidistshareprof":null,"preferredskdiv":null,"freesurplu":null,"dealwithdivi":null,"capitalizeddivi":null,"undisprofit":null,"selldepartgain":null,"natudisasterloss":null,"accpolicychg":null,"accestimatechg":null,"debtrestruloss":null,"othersupply":null},{"compcode":"10000974","publishdate":"20160819","begindate":"20160101","enddate":"20160630","reporttype":"100111","adjustdate":"20160819","accstacode":"2","accstaname":"新会计准则","biztotinco":5.009130636492E10,"bizinco":4.918282007669E10,"inteinco":9.0772769144E8,"earnprem":null,"pouninco":758596.79,"realsale":null,"otherbizinco":null,"biztotincoitse":null,"biztotincoform":null,"biztotcost":4.161996360021E10,"bizcost":3.162758524774E10,"inteexpe":6.255908711E7,"pounexpe":157543.27,"realsalecost":null,"deveexpe":null,"surrgold":null,"compnetexpe":null,"contress":null,"polidiviexpe":null,"reinexpe":null,"otherbizcost":null,"biztax":4.1211272632E8,"salesexpe":9.43363809896E9,"manaexpe":2.81391069654E9,"finexpe":-2.96998748764E9,"asseimpaloss":2.3998768791E8,"biztotcostitse":null,"biztotcostform":null,"valuechgloss":-2.3733758509E8,"inveinco":-9.6554077433E8,"assoinveprof":853759.22,"exchggain":null,"futuloss":null,"custinco":null,"subsidyincome":null,"otherbizprof":null,"bizprofitse":null,"operprofform":null,"perprofit":7.26846440529E9,"nonoreve":4.8338739556E8,"nonoexpe":4619072.55,"noncassetsdisl":2196630.53,"proftotitse":null,"proftotform":null,"totprofit":7.7472327283E9,"incotaxexpe":1.30062011383E9,"unreinveloss":null,"netpro1itse":null,"netpro1form":null,"netprofit":6.44661261447E9,"parenetp":6.40246998564E9,"mergeformnetprof":null,"minysharrigh":4.414262883E7,"netpro2itse":null,"netpro2form":null,"basiceps":1.06,"dilutedeps":1.06,"othercompinco":1.167695324E7,"parecompinco":1.228882501E7,"minysharinco":-611871.77,"compincoamt":6.45828956771E9,"parecompincoamt":6.41475881065E9,"minysharincoamt":4.353075706E7,"earlyundiprof":null,"undisprofredu":null,"otherinto":null,"otherdistprof":null,"legalsurp":null,"welfare":null,"capitalreserve":null,"staffaward":null,"reservefund":null,"developfund":null,"profreturninvest":null,"supplycurcap":null,"avaidistshareprof":null,"preferredskdiv":null,"freesurplu":null,"dealwithdivi":null,"capitalizeddivi":null,"undisprofit":null,"selldepartgain":null,"natudisasterloss":null,"accpolicychg":null,"accestimatechg":null,"debtrestruloss":null,"othersupply":null},{"compcode":"10000974","publishdate":"20160430","begindate":"20160101","enddate":"20160331","reporttype":"100111","adjustdate":"20160430","accstacode":"2","accstaname":"新会计准则","biztotinco":2.509798931708E10,"bizinco":2.464067569666E10,"inteinco":4.5699718241E8,"earnprem":null,"pouninco":316438.01,"realsale":null,"otherbizinco":null,"biztotincoitse":null,"biztotincoform":null,"biztotcost":2.135704164768E10,"bizcost":1.644736751951E10,"inteexpe":4.657909513E7,"pounexpe":81926.73,"realsalecost":null,"deveexpe":null,"surrgold":null,"compnetexpe":null,"contress":null,"polidiviexpe":null,"reinexpe":null,"otherbizcost":null,"biztax":1.3490152233E8,"salesexpe":4.42903462425E9,"manaexpe":1.21954497196E9,"finexpe":-1.08721910548E9,"asseimpaloss":1.6675109325E8,"biztotcostitse":null,"biztotcostform":null,"valuechgloss":2.0113073377E8,"inveinco":-3.1933346574E8,"assoinveprof":94388.78,"exchggain":null,"futuloss":null,"custinco":null,"subsidyincome":null,"otherbizprof":null,"bizprofitse":null,"operprofform":null,"perprofit":3.62274493743E9,"nonoreve":1.8113559437E8,"nonoexpe":3255367.71,"noncassetsdisl":1499106.11,"proftotitse":null,"proftotform":null,"totprofit":3.80062516409E9,"incotaxexpe":6.2422842205E8,"unreinveloss":null,"netpro1itse":null,"netpro1form":null,"netprofit":3.17639674204E9,"parenetp":3.15981613299E9,"mergeformnetprof":null,"minysharrigh":1.658060905E7,"netpro2itse":null,"netpro2form":null,"basiceps":0.53,"dilutedeps":0.53,"othercompinco":1.117148604E7,"parecompinco":1.154472739E7,"minysharinco":-373241.35,"compincoamt":3.18756822808E9,"parecompincoamt":3.17136086038E9,"minysharincoamt":1.62073677E7,"earlyundiprof":null,"undisprofredu":null,"otherinto":null,"otherdistprof":null,"legalsurp":null,"welfare":null,"capitalreserve":null,"staffaward":null,"reservefund":null,"developfund":null,"profreturninvest":null,"supplycurcap":null,"avaidistshareprof":null,"preferredskdiv":null,"freesurplu":null,"dealwithdivi":null,"capitalizeddivi":null,"undisprofit":null,"selldepartgain":null,"natudisasterloss":null,"accpolicychg":null,"accestimatechg":null,"debtrestruloss":null,"othersupply":null},{"compcode":"10000974","publishdate":"20160429","begindate":"20150101","enddate":"20151231","reporttype":"100111","adjustdate":"20160429","accstacode":"2","accstaname":"新会计准则","biztotinco":1.0056445364656E11,"bizinco":9.774513719416E10,"inteinco":2.81621538845E9,"earnprem":null,"pouninco":3101063.95,"realsale":null,"otherbizinco":null,"biztotincoitse":null,"biztotincoform":null,"biztotcost":8.61346090868E10,"bizcost":6.601735374509E10,"inteexpe":6.5235230792E8,"pounexpe":399791.57,"realsalecost":null,"deveexpe":null,"surrgold":null,"compnetexpe":null,"contress":null,"polidiviexpe":null,"reinexpe":null,"otherbizcost":null,"biztax":7.5189419995E8,"salesexpe":1.550634169421E10,"manaexpe":5.04874663548E9,"finexpe":-1.92879725018E9,"asseimpaloss":8.631796276E7,"biztotcostitse":null,"biztotcostform":null,"valuechgloss":-1.01032249917E9,"inveinco":9.665491995E7,"assoinveprof":3246089.3,"exchggain":null,"futuloss":null,"custinco":null,"subsidyincome":null,"otherbizprof":null,"bizprofitse":null,"operprofform":null,"perprofit":1.351617698054E10,"nonoreve":1.40429165985E9,"nonoexpe":1.104917836E7,"noncassetsdisl":9118859.43,"proftotitse":null,"proftotform":null,"totprofit":1.490941946203E10,"incotaxexpe":2.28568684181E9,"unreinveloss":null,"netpro1itse":null,"netpro1form":null,"netprofit":1.262373262022E10,"parenetp":1.253244281766E10,"mergeformnetprof":null,"minysharrigh":9.128980256E7,"netpro2itse":null,"netpro2form":null,"basiceps":2.08,"dilutedeps":2.08,"othercompinco":-1.3972231644E8,"parecompinco":-1.4267523357E8,"minysharinco":2952917.13,"compincoamt":1.248401030378E10,"parecompincoamt":1.238976758409E10,"minysharincoamt":9.424271969E7,"earlyundiprof":null,"undisprofredu":null,"otherinto":null,"otherdistprof":null,"legalsurp":null,"welfare":null,"capitalreserve":null,"staffaward":null,"reservefund":null,"developfund":null,"profreturninvest":null,"supplycurcap":null,"avaidistshareprof":null,"preferredskdiv":null,"freesurplu":null,"dealwithdivi":null,"capitalizeddivi":null,"undisprofit":null,"selldepartgain":null,"natudisasterloss":null,"accpolicychg":null,"accestimatechg":null,"debtrestruloss":null,"othersupply":null},{"compcode":"10000974","publishdate":"20151031","begindate":"20150101","enddate":"20150930","reporttype":"100111","adjustdate":"20151031","accstacode":"2","accstaname":"新会计准则","biztotinco":8.367511480017E10,"bizinco":8.152286402427E10,"inteinco":2.14936792405E9,"earnprem":null,"pouninco":2882851.85,"realsale":null,"otherbizinco":null,"biztotincoitse":null,"biztotincoform":null,"biztotcost":7.199959213195E10,"bizcost":5.53324645389E10,"inteexpe":5.4456228265E8,"pounexpe":343639.49,"realsalecost":null,"deveexpe":null,"surrgold":null,"compnetexpe":null,"contress":null,"polidiviexpe":null,"reinexpe":null,"otherbizcost":null,"biztax":4.9204390732E8,"salesexpe":1.337342004725E10,"manaexpe":3.59707765806E9,"finexpe":-1.39375806417E9,"asseimpaloss":5.343812245E7,"biztotcostitse":null,"biztotcostform":null,"valuechgloss":-3.0468941422E8,"inveinco":1.0665424476E8,"assoinveprof":-3752020.87,"exchggain":null,"futuloss":null,"custinco":null,"subsidyincome":null,"otherbizprof":null,"bizprofitse":null,"operprofform":null,"perprofit":1.147748749876E10,"nonoreve":4.8244295625E8,"nonoexpe":9145316.05,"noncassetsdisl":7511134.85,"proftotitse":null,"proftotform":null,"totprofit":1.195078513896E10,"incotaxexpe":1.92764999737E9,"unreinveloss":null,"netpro1itse":null,"netpro1form":null,"netprofit":1.002313514159E10,"parenetp":9.95272145533E9,"mergeformnetprof":null,"minysharrigh":7.041368626E7,"netpro2itse":null,"netpro2form":null,"basiceps":1.65,"dilutedeps":1.65,"othercompinco":-1.4888742504E8,"parecompinco":-1.5054323527E8,"minysharinco":1655810.23,"compincoamt":9.87424771655E9,"parecompincoamt":9.80217822006E9,"minysharincoamt":7.206949649E7,"earlyundiprof":null,"undisprofredu":null,"otherinto":null,"otherdistprof":null,"legalsurp":null,"welfare":null,"capitalreserve":null,"staffaward":null,"reservefund":null,"developfund":null,"profreturninvest":null,"supplycurcap":null,"avaidistshareprof":null,"preferredskdiv":null,"freesurplu":null,"dealwithdivi":null,"capitalizeddivi":null,"undisprofit":null,"selldepartgain":null,"natudisasterloss":null,"accpolicychg":null,"accestimatechg":null,"debtrestruloss":null,"othersupply":null},{"compcode":"10000974","publishdate":"20150831","begindate":"20150101","enddate":"20150630","reporttype":"100111","adjustdate":"20150831","accstacode":"2","accstaname":"新会计准则","biztotinco":5.161034516517E10,"bizinco":5.011118238096E10,"inteinco":1.49753616041E9,"earnprem":null,"pouninco":1626623.8,"realsale":null,"otherbizinco":null,"biztotincoitse":null,"biztotincoform":null,"biztotcost":4.54177837185E10,"bizcost":3.603541928701E10,"inteexpe":4.1966266497E8,"pounexpe":264675.93,"realsalecost":null,"deveexpe":null,"surrgold":null,"compnetexpe":null,"contress":null,"polidiviexpe":null,"reinexpe":null,"otherbizcost":null,"biztax":3.3937135632E8,"salesexpe":6.34148717208E9,"manaexpe":2.35879738044E9,"finexpe":-2.3947719507E8,"asseimpaloss":1.6225837682E8,"biztotcostitse":null,"biztotcostform":null,"valuechgloss":3.0804827482E8,"inveinco":8.873778008E7,"assoinveprof":-2477694.05,"exchggain":null,"futuloss":null,"custinco":null,"subsidyincome":null,"otherbizprof":null,"bizprofitse":null,"operprofform":null,"perprofit":6.58934750157E9,"nonoreve":2.4010489825E8,"nonoexpe":6154614.28,"noncassetsdisl":5220972.33,"proftotitse":null,"proftotform":null,"totprofit":6.82329778554E9,"incotaxexpe":1.05536915115E9,"unreinveloss":null,"netpro1itse":null,"netpro1form":null,"netprofit":5.76792863439E9,"parenetp":5.72075367087E9,"mergeformnetprof":null,"minysharrigh":4.717496352E7,"netpro2itse":null,"netpro2form":null,"basiceps":1.9,"dilutedeps":1.9,"othercompinco":2.6601507139E8,"parecompinco":2.6501298143E8,"minysharinco":1002089.96,"compincoamt":6.03394370578E9,"parecompincoamt":5.9857666523E9,"minysharincoamt":4.817705348E7,"earlyundiprof":null,"undisprofredu":null,"otherinto":null,"otherdistprof":null,"legalsurp":null,"welfare":null,"capitalreserve":null,"staffaward":null,"reservefund":null,"developfund":null,"profreturninvest":null,"supplycurcap":null,"avaidistshareprof":null,"preferredskdiv":null,"freesurplu":null,"dealwithdivi":null,"capitalizeddivi":null,"undisprofit":null,"selldepartgain":null,"natudisasterloss":null,"accpolicychg":null,"accestimatechg":null,"debtrestruloss":null,"othersupply":null},{"compcode":"10000974","publishdate":"20150430","begindate":"20150101","enddate":"20150331","reporttype":"100111","adjustdate":"20150430","accstacode":"2","accstaname":"新会计准则","biztotinco":2.509363187337E10,"bizinco":2.450390014925E10,"inteinco":5.8834164714E8,"earnprem":null,"pouninco":1390076.98,"realsale":null,"otherbizinco":null,"biztotincoitse":null,"biztotincoform":null,"biztotcost":2.187067114658E10,"bizcost":1.660970544863E10,"inteexpe":1.9727151536E8,"pounexpe":95184.43,"realsalecost":null,"deveexpe":null,"surrgold":null,"compnetexpe":null,"contress":null,"polidiviexpe":null,"reinexpe":null,"otherbizcost":null,"biztax":1.6023350655E8,"salesexpe":3.82085835826E9,"manaexpe":1.18952343935E9,"finexpe":-2.1958631318E8,"asseimpaloss":1.1257000718E8,"biztotcostitse":null,"biztotcostform":null,"valuechgloss":1.4989738021E8,"inveinco":-5.932449389E7,"assoinveprof":-4197172.0,"exchggain":null,"futuloss":null,"custinco":null,"subsidyincome":null,"otherbizprof":null,"bizprofitse":null,"operprofform":null,"perprofit":3.31353361311E9,"nonoreve":4.394098806E7,"nonoexpe":2999065.34,"noncassetsdisl":2734111.33,"proftotitse":null,"proftotform":null,"totprofit":3.35447553583E9,"incotaxexpe":5.6457048249E8,"unreinveloss":null,"netpro1itse":null,"netpro1form":null,"netprofit":2.78990505334E9,"parenetp":2.77535865661E9,"mergeformnetprof":null,"minysharrigh":1.454639673E7,"netpro2itse":null,"netpro2form":null,"basiceps":0.92,"dilutedeps":0.92,"othercompinco":3005026.59,"parecompinco":3416330.54,"minysharinco":-411303.95,"compincoamt":2.79291007993E9,"parecompincoamt":2.77877498715E9,"minysharincoamt":1.413509278E7,"earlyundiprof":null,"undisprofredu":null,"otherinto":null,"otherdistprof":null,"legalsurp":null,"welfare":null,"capitalreserve":null,"staffaward":null,"reservefund":null,"developfund":null,"profreturninvest":null,"supplycurcap":null,"avaidistshareprof":null,"preferredskdiv":null,"freesurplu":null,"dealwithdivi":null,"capitalizeddivi":null,"undisprofit":null,"selldepartgain":null,"natudisasterloss":null,"accpolicychg":null,"accestimatechg":null,"debtrestruloss":null,"othersupply":null},{"compcode":"10000974","publishdate":"20150428","begindate":"20140101","enddate":"20141231","reporttype":"100111","adjustdate":"20150428","accstacode":"2","accstaname":"新会计准则","biztotinco":1.4000539397558E11,"bizinco":1.377503583957E11,"inteinco":2.2540516437E9,"earnprem":null,"pouninco":983936.18,"realsale":null,"otherbizinco":null,"biztotincoitse":null,"biztotincoform":null,"biztotcost":1.2325897956009E11,"bizcost":8.802212767148E10,"inteexpe":7.0976467717E8,"pounexpe":325646.9,"realsalecost":null,"deveexpe":null,"surrgold":null,"compnetexpe":null,"contress":null,"polidiviexpe":null,"reinexpe":null,"otherbizcost":null,"biztax":1.36242485183E9,"salesexpe":2.888999565843E10,"manaexpe":4.81816857274E9,"finexpe":-9.4224468438E8,"asseimpaloss":3.9841716592E8,"biztotcostitse":null,"biztotcostform":null,"valuechgloss":-1.38155157238E9,"inveinco":7.2436443791E8,"assoinveprof":-3600894.26,"exchggain":null,"futuloss":null,"custinco":null,"subsidyincome":null,"otherbizprof":null,"bizprofitse":null,"operprofform":null,"perprofit":1.608922728102E10,"nonoreve":7.0606378496E8,"nonoexpe":4.28603802E7,"noncassetsdisl":1.506454724E7,"proftotitse":null,"proftotform":null,"totprofit":1.675243068578E10,"incotaxexpe":2.49947587382E9,"unreinveloss":null,"netpro1itse":null,"netpro1form":null,"netprofit":1.425295481196E10,"parenetp":1.415516722936E10,"mergeformnetprof":null,"minysharrigh":9.77875826E7,"netpro2itse":null,"netpro2form":null,"basiceps":4.71,"dilutedeps":4.71,"othercompinco":2.118241293E7,"parecompinco":1.707419477E7,"minysharinco":4108218.16,"compincoamt":1.427413722489E10,"parecompincoamt":1.417224142413E10,"minysharincoamt":1.0189580076E8,"earlyundiprof":null,"undisprofredu":null,"otherinto":null,"otherdistprof":null,"legalsurp":null,"welfare":null,"capitalreserve":null,"staffaward":null,"reservefund":null,"developfund":null,"profreturninvest":null,"supplycurcap":null,"avaidistshareprof":null,"preferredskdiv":null,"freesurplu":null,"dealwithdivi":null,"capitalizeddivi":null,"undisprofit":null,"selldepartgain":null,"natudisasterloss":null,"accpolicychg":null,"accestimatechg":null,"debtrestruloss":null,"othersupply":null},{"compcode":"10000974","publishdate":"20141031","begindate":"20140101","enddate":"20140930","reporttype":"100111","adjustdate":"20141031","accstacode":"2","accstaname":"新会计准则","biztotinco":1.0001930060284E11,"bizinco":9.841006284075E10,"inteinco":1.60852819414E9,"earnprem":null,"pouninco":709567.95,"realsale":null,"otherbizinco":null,"biztotincoitse":null,"biztotincoform":null,"biztotcost":8.769836772208E10,"bizcost":6.34406146563E10,"inteexpe":4.9464375954E8,"pounexpe":241902.77,"realsalecost":null,"deveexpe":null,"surrgold":null,"compnetexpe":null,"contress":null,"polidiviexpe":null,"reinexpe":null,"otherbizcost":null,"biztax":6.9587389269E8,"salesexpe":2.015319671709E10,"manaexpe":3.7390112023E9,"finexpe":-8.9307968264E8,"asseimpaloss":6.786527403E7,"biztotcostitse":null,"biztotcostform":null,"valuechgloss":-1.12941357563E9,"inveinco":5.2229712871E8,"assoinveprof":-1.053566137E7,"exchggain":9899.42,"futuloss":null,"custinco":null,"subsidyincome":null,"otherbizprof":null,"bizprofitse":null,"operprofform":null,"perprofit":1.171382633326E10,"nonoreve":2.3327810639E8,"nonoexpe":1.639441243E7,"noncassetsdisl":1.295693502E7,"proftotitse":null,"proftotform":null,"totprofit":1.193071002722E10,"incotaxexpe":2.02543346661E9,"unreinveloss":null,"netpro1itse":null,"netpro1form":null,"netprofit":9.90527656061E9,"parenetp":9.82754671386E9,"mergeformnetprof":null,"minysharrigh":7.772984675E7,"netpro2itse":null,"netpro2form":null,"basiceps":3.27,"dilutedeps":3.27,"othercompinco":3973567.45,"parecompinco":null,"minysharinco":null,"compincoamt":9.90925012806E9,"parecompincoamt":9.82906633386E9,"minysharincoamt":8.01837942E7,"earlyundiprof":null,"undisprofredu":null,"otherinto":null,"otherdistprof":null,"legalsurp":null,"welfare":null,"capitalreserve":null,"staffaward":null,"reservefund":null,"developfund":null,"profreturninvest":null,"supplycurcap":null,"avaidistshareprof":null,"preferredskdiv":null,"freesurplu":null,"dealwithdivi":null,"capitalizeddivi":null,"undisprofit":null,"selldepartgain":null,"natudisasterloss":null,"accpolicychg":null,"accestimatechg":null,"debtrestruloss":null,"othersupply":null},{"compcode":"10000974","publishdate":"20140826","begindate":"20140101","enddate":"20140630","reporttype":"100111","adjustdate":"20140826","accstacode":"2","accstaname":"新会计准则","biztotinco":5.893018025583E10,"bizinco":5.786578638717E10,"inteinco":1.06410755723E9,"earnprem":null,"pouninco":286311.43,"realsale":null,"otherbizinco":null,"biztotincoitse":null,"biztotincoform":null,"biztotcost":5.116568541715E10,"bizcost":3.865218074629E10,"inteexpe":3.3728563908E8,"pounexpe":173932.95,"realsalecost":null,"deveexpe":null,"surrgold":null,"compnetexpe":null,"contress":null,"polidiviexpe":null,"reinexpe":null,"otherbizcost":null,"biztax":4.2325926946E8,"salesexpe":9.89356008162E9,"manaexpe":2.34012140332E9,"finexpe":-6.716139014E8,"asseimpaloss":1.9071824583E8,"biztotcostitse":null,"biztotcostform":null,"valuechgloss":-1.28305583144E9,"inveinco":3.2603335727E8,"assoinveprof":-8450995.32,"exchggain":10736.82,"futuloss":null,"custinco":null,"subsidyincome":null,"otherbizprof":null,"bizprofitse":null,"operprofform":null,"perprofit":6.80748310133E9,"nonoreve":1.8458405211E8,"nonoexpe":9914284.5,"noncassetsdisl":8341974.21,"proftotitse":null,"proftotform":null,"totprofit":6.98215286894E9,"incotaxexpe":1.20924023672E9,"unreinveloss":null,"netpro1itse":null,"netpro1form":null,"netprofit":5.77291263222E9,"parenetp":5.71815290997E9,"mergeformnetprof":null,"minysharrigh":5.475972225E7,"netpro2itse":null,"netpro2form":null,"basiceps":1.9,"dilutedeps":1.9,"othercompinco":-2960633.06,"parecompinco":null,"minysharinco":null,"compincoamt":5.76995199916E9,"parecompincoamt":5.71227686324E9,"minysharincoamt":5.767513592E7,"earlyundiprof":null,"undisprofredu":null,"otherinto":null,"otherdistprof":null,"legalsurp":null,"welfare":null,"capitalreserve":null,"staffaward":null,"reservefund":null,"developfund":null,"profreturninvest":null,"supplycurcap":null,"avaidistshareprof":null,"preferredskdiv":null,"freesurplu":null,"dealwithdivi":null,"capitalizeddivi":null,"undisprofit":null,"selldepartgain":null,"natudisasterloss":null,"accpolicychg":null,"accestimatechg":null,"debtrestruloss":null,"othersupply":null},{"compcode":"10000974","publishdate":"20140429","begindate":"20140101","enddate":"20140331","reporttype":"100111","adjustdate":"20140429","accstacode":"2","accstaname":"新会计准则","biztotinco":2.501014443462E10,"bizinco":2.466681894463E10,"inteinco":3.4315005492E8,"earnprem":null,"pouninco":175435.07,"realsale":null,"otherbizinco":null,"biztotincoitse":null,"biztotincoform":null,"biztotcost":2.128788509196E10,"bizcost":1.603265165349E10,"inteexpe":9.66819963E7,"pounexpe":91371.13,"realsalecost":null,"deveexpe":null,"surrgold":null,"compnetexpe":null,"contress":null,"polidiviexpe":null,"reinexpe":null,"otherbizcost":null,"biztax":1.9253977249E8,"salesexpe":4.23404098822E9,"manaexpe":1.06895192128E9,"finexpe":-4.0058644821E8,"asseimpaloss":6.351383726E7,"biztotcostitse":null,"biztotcostform":null,"valuechgloss":-1.1331445603E9,"inveinco":2.4303907181E8,"assoinveprof":-1414440.33,"exchggain":null,"futuloss":null,"custinco":null,"subsidyincome":null,"otherbizprof":null,"bizprofitse":null,"operprofform":null,"perprofit":2.83215385417E9,"nonoreve":6.108974292E7,"nonoexpe":8664533.73,"noncassetsdisl":7922554.59,"proftotitse":null,"proftotform":null,"totprofit":2.88457906336E9,"incotaxexpe":6.0939582185E8,"unreinveloss":null,"netpro1itse":null,"netpro1form":null,"netprofit":2.27518324151E9,"parenetp":2.25466295095E9,"mergeformnetprof":null,"minysharrigh":2.052029056E7,"netpro2itse":null,"netpro2form":null,"basiceps":0.75,"dilutedeps":0.75,"othercompinco":-8.946776508E7,"parecompinco":null,"minysharinco":null,"compincoamt":2.18571547643E9,"parecompincoamt":2.16420976065E9,"minysharincoamt":2.150571578E7,"earlyundiprof":null,"undisprofredu":null,"otherinto":null,"otherdistprof":null,"legalsurp":null,"welfare":null,"capitalreserve":null,"staffaward":null,"reservefund":null,"developfund":null,"profreturninvest":null,"supplycurcap":null,"avaidistshareprof":null,"preferredskdiv":null,"freesurplu":null,"dealwithdivi":null,"capitalizeddivi":null,"undisprofit":null,"selldepartgain":null,"natudisasterloss":null,"accpolicychg":null,"accestimatechg":null,"debtrestruloss":null,"othersupply":null},{"compcode":"10000974","publishdate":"20140425","begindate":"20130101","enddate":"20131231","reporttype":"100111","adjustdate":"20140425","accstacode":"2","accstaname":"新会计准则","biztotinco":1.200430700055E11,"bizinco":1.1862794820859E11,"inteinco":1.4147650725E9,"earnprem":null,"pouninco":356724.41,"realsale":null,"otherbizinco":null,"biztotincoitse":null,"biztotincoform":null,"biztotcost":1.0948792614216E11,"bizcost":8.038593982261E10,"inteexpe":4.9196395322E8,"pounexpe":263933.63,"realsalecost":null,"deveexpe":null,"surrgold":null,"compnetexpe":null,"contress":null,"polidiviexpe":null,"reinexpe":null,"otherbizcost":null,"biztax":9.5616981652E8,"salesexpe":2.25089317017E10,"manaexpe":5.08957255273E9,"finexpe":-1.3730862187E8,"asseimpaloss":1.9239298362E8,"biztotcostitse":null,"biztotcostform":null,"valuechgloss":9.905636101E8,"inveinco":7.1733724263E8,"assoinveprof":2855797.81,"exchggain":-34617.14,"futuloss":null,"custinco":null,"subsidyincome":null,"otherbizprof":null,"bizprofitse":null,"operprofform":null,"perprofit":1.226301009893E10,"nonoreve":6.841996231E8,"nonoexpe":5.528577671E7,"noncassetsdisl":3782455.16,"proftotitse":null,"proftotform":null,"totprofit":1.289192394532E10,"incotaxexpe":1.95616876813E9,"unreinveloss":null,"netpro1itse":null,"netpro1form":null,"netprofit":1.093575517719E10,"parenetp":1.087067284247E10,"mergeformnetprof":null,"minysharrigh":6.508233472E7,"netpro2itse":null,"netpro2form":null,"basiceps":3.61,"dilutedeps":3.61,"othercompinco":-4.135003041E7,"parecompinco":null,"minysharinco":null,"compincoamt":1.089440514678E10,"parecompincoamt":1.0832339616E10,"minysharincoamt":6.206553078E7,"earlyundiprof":null,"undisprofredu":null,"otherinto":null,"otherdistprof":null,"legalsurp":null,"welfare":null,"capitalreserve":null,"staffaward":null,"reservefund":null,"developfund":null,"profreturninvest":null,"supplycurcap":null,"avaidistshareprof":null,"preferredskdiv":null,"freesurplu":null,"dealwithdivi":null,"capitalizeddivi":null,"undisprofit":null,"selldepartgain":null,"natudisasterloss":null,"accpolicychg":null,"accestimatechg":null,"debtrestruloss":null,"othersupply":null},{"compcode":"10000974","publishdate":"20131028","begindate":"20130101","enddate":"20130930","reporttype":"100111","adjustdate":"20131028","accstacode":"2","accstaname":"新会计准则","biztotinco":8.875940009542E10,"bizinco":8.781078637757E10,"inteinco":9.4838155367E8,"earnprem":null,"pouninco":232164.18,"realsale":null,"otherbizinco":null,"biztotincoitse":null,"biztotincoform":null,"biztotcost":8.100911828752E10,"bizcost":6.181391688413E10,"inteexpe":3.1279406032E8,"pounexpe":199218.63,"realsalecost":null,"deveexpe":null,"surrgold":null,"compnetexpe":null,"contress":null,"polidiviexpe":null,"reinexpe":null,"otherbizcost":null,"biztax":5.810160561E8,"salesexpe":1.48253892248E10,"manaexpe":3.45257603282E9,"finexpe":-1.3490191115E8,"asseimpaloss":1.5812872187E8,"biztotcostitse":null,"biztotcostform":null,"valuechgloss":5.880312685E8,"inveinco":5.1409890241E8,"assoinveprof":-1482815.32,"exchggain":-20002.0,"futuloss":null,"custinco":null,"subsidyincome":null,"otherbizprof":null,"bizprofitse":null,"operprofform":null,"perprofit":8.85239197681E9,"nonoreve":4.5054825174E8,"nonoexpe":5.251786578E7,"noncassetsdisl":1638885.68,"proftotitse":null,"proftotform":null,"totprofit":9.25042236277E9,"incotaxexpe":1.6133003265E9,"unreinveloss":null,"netpro1itse":null,"netpro1form":null,"netprofit":7.63712203627E9,"parenetp":7.5786961673E9,"mergeformnetprof":null,"minysharrigh":5.842586897E7,"netpro2itse":null,"netpro2form":null,"basiceps":2.52,"dilutedeps":2.52,"othercompinco":-1.839187027E7,"parecompinco":null,"minysharinco":null,"compincoamt":7.618730166E9,"parecompincoamt":7.56142436508E9,"minysharincoamt":5.730580092E7,"earlyundiprof":null,"undisprofredu":null,"otherinto":null,"otherdistprof":null,"legalsurp":null,"welfare":null,"capitalreserve":null,"staffaward":null,"reservefund":null,"developfund":null,"profreturninvest":null,"supplycurcap":null,"avaidistshareprof":null,"preferredskdiv":null,"freesurplu":null,"dealwithdivi":null,"capitalizeddivi":null,"undisprofit":null,"selldepartgain":null,"natudisasterloss":null,"accpolicychg":null,"accestimatechg":null,"debtrestruloss":null,"othersupply":null},{"compcode":"10000974","publishdate":"20130821","begindate":"20130101","enddate":"20130630","reporttype":"100111","adjustdate":"20130821","accstacode":"2","accstaname":"新会计准则","biztotinco":5.348934713758E10,"bizinco":5.28956824546E10,"inteinco":5.9362987894E8,"earnprem":null,"pouninco":34804.04,"realsale":null,"otherbizinco":null,"biztotincoitse":null,"biztotincoform":null,"biztotcost":4.941282554355E10,"bizcost":3.829376286625E10,"inteexpe":1.9578472219E8,"pounexpe":134908.67,"realsalecost":null,"deveexpe":null,"surrgold":null,"compnetexpe":null,"contress":null,"polidiviexpe":null,"reinexpe":null,"otherbizcost":null,"biztax":3.2451576601E8,"salesexpe":8.44658376477E9,"manaexpe":2.04167588289E9,"finexpe":-5.856492759E7,"asseimpaloss":1.6893256036E8,"biztotcostitse":null,"biztotcostform":null,"valuechgloss":4.4050618539E8,"inveinco":1.9453152507E8,"assoinveprof":284156.33,"exchggain":-20002.0,"futuloss":null,"custinco":null,"subsidyincome":null,"otherbizprof":null,"bizprofitse":null,"operprofform":null,"perprofit":4.71153930249E9,"nonoreve":3.2126316834E8,"nonoexpe":5.050081163E7,"noncassetsdisl":1346451.71,"proftotitse":null,"proftotform":null,"totprofit":4.9823016592E9,"incotaxexpe":9.3715867462E8,"unreinveloss":null,"netpro1itse":null,"netpro1form":null,"netprofit":4.04514298458E9,"parenetp":4.01534380977E9,"mergeformnetprof":null,"minysharrigh":2.979917481E7,"netpro2itse":null,"netpro2form":null,"basiceps":1.33,"dilutedeps":1.33,"othercompinco":-8.368622677E7,"parecompinco":null,"minysharinco":null,"compincoamt":3.96145675781E9,"parecompincoamt":3.93126597529E9,"minysharincoamt":3.019078252E7,"earlyundiprof":null,"undisprofredu":null,"otherinto":null,"otherdistprof":null,"legalsurp":null,"welfare":null,"capitalreserve":null,"staffaward":null,"reservefund":null,"developfund":null,"profreturninvest":null,"supplycurcap":null,"avaidistshareprof":null,"preferredskdiv":null,"freesurplu":null,"dealwithdivi":null,"capitalizeddivi":null,"undisprofit":null,"selldepartgain":null,"natudisasterloss":null,"accpolicychg":null,"accestimatechg":null,"debtrestruloss":null,"othersupply":null},{"compcode":"10000974","publishdate":"20130427","begindate":"20130101","enddate":"20130331","reporttype":"100111","adjustdate":"20130427","accstacode":"2","accstaname":"新会计准则","biztotinco":2.229305597914E10,"bizinco":2.209916320053E10,"inteinco":1.9387528421E8,"earnprem":null,"pouninco":17494.4,"realsale":null,"otherbizinco":null,"biztotincoitse":null,"biztotincoform":null,"biztotcost":2.10503332276E10,"bizcost":1.555175891704E10,"inteexpe":7.535851466E7,"pounexpe":72521.83,"realsalecost":null,"deveexpe":null,"surrgold":null,"compnetexpe":null,"contress":null,"polidiviexpe":null,"reinexpe":null,"otherbizcost":null,"biztax":8.323706057E7,"salesexpe":4.48244703082E9,"manaexpe":8.921557624E8,"finexpe":-9.803999518E7,"asseimpaloss":6.334341546E7,"biztotcostitse":null,"biztotcostform":null,"valuechgloss":1.6838585319E8,"inveinco":7.185825667E7,"assoinveprof":-346746.29,"exchggain":null,"futuloss":null,"custinco":null,"subsidyincome":null,"otherbizprof":null,"bizprofitse":null,"operprofform":null,"perprofit":1.4829668614E9,"nonoreve":1.4776795151E8,"nonoexpe":3.422536093E7,"noncassetsdisl":890106.12,"proftotitse":null,"proftotform":null,"totprofit":1.59650945198E9,"incotaxexpe":2.5247869386E8,"unreinveloss":null,"netpro1itse":null,"netpro1form":null,"netprofit":1.34403075812E9,"parenetp":1.33519541409E9,"mergeformnetprof":null,"minysharrigh":8835344.03,"netpro2itse":null,"netpro2form":null,"basiceps":0.45,"dilutedeps":0.45,"othercompinco":-2.887749882E7,"parecompinco":null,"minysharinco":null,"compincoamt":1.3151532593E9,"parecompincoamt":1.30643314236E9,"minysharincoamt":8720116.94,"earlyundiprof":null,"undisprofredu":null,"otherinto":null,"otherdistprof":null,"legalsurp":null,"welfare":null,"capitalreserve":null,"staffaward":null,"reservefund":null,"developfund":null,"profreturninvest":null,"supplycurcap":null,"avaidistshareprof":null,"preferredskdiv":null,"freesurplu":null,"dealwithdivi":null,"capitalizeddivi":null,"undisprofit":null,"selldepartgain":null,"natudisasterloss":null,"accpolicychg":null,"accestimatechg":null,"debtrestruloss":null,"othersupply":null},{"compcode":"10000974","publishdate":"20130427","begindate":"20120101","enddate":"20121231","reporttype":"100111","adjustdate":"20130427","accstacode":"2","accstaname":"新会计准则","biztotinco":1.0011010884826E11,"bizinco":9.931619626519E10,"inteinco":7.9374756164E8,"earnprem":null,"pouninco":165021.43,"realsale":null,"otherbizinco":null,"biztotincoitse":null,"biztotincoform":null,"biztotcost":9.231019151672E10,"bizcost":7.320307742532E10,"inteexpe":2.3065903339E8,"pounexpe":273817.71,"realsalecost":null,"deveexpe":null,"surrgold":null,"compnetexpe":null,"contress":null,"polidiviexpe":null,"reinexpe":null,"otherbizcost":null,"biztax":5.8995359868E8,"salesexpe":1.46262284881E10,"manaexpe":4.05580961926E9,"finexpe":-4.6134758966E8,"asseimpaloss":6.553712392E7,"biztotcostitse":null,"biztotcostform":null,"valuechgloss":2.4688483205E8,"inveinco":-2.049437682E7,"assoinveprof":8732172.23,"exchggain":96.3,"futuloss":null,"custinco":null,"subsidyincome":null,"otherbizprof":null,"bizprofitse":null,"operprofform":null,"perprofit":8.02630788307E9,"nonoreve":7.60383226E8,"nonoexpe":2.39818368E7,"noncassetsdisl":1.429491448E7,"proftotitse":null,"proftotform":null,"totprofit":8.76270927227E9,"incotaxexpe":1.31678128957E9,"unreinveloss":null,"netpro1itse":null,"netpro1form":null,"netprofit":7.4459279827E9,"parenetp":7.37966634509E9,"mergeformnetprof":null,"minysharrigh":6.626163761E7,"netpro2itse":null,"netpro2form":null,"basiceps":2.47,"dilutedeps":2.47,"othercompinco":5.217704643E7,"parecompinco":null,"minysharinco":null,"compincoamt":7.49810502913E9,"parecompincoamt":7.43132603362E9,"minysharincoamt":6.677899551E7,"earlyundiprof":null,"undisprofredu":null,"otherinto":null,"otherdistprof":null,"legalsurp":null,"welfare":null,"capitalreserve":null,"staffaward":null,"reservefund":null,"developfund":null,"profreturninvest":null,"supplycurcap":null,"avaidistshareprof":null,"preferredskdiv":null,"freesurplu":null,"dealwithdivi":null,"capitalizeddivi":null,"undisprofit":null,"selldepartgain":null,"natudisasterloss":null,"accpolicychg":null,"accestimatechg":null,"debtrestruloss":null,"othersupply":null},{"compcode":"10000974","publishdate":"20121031","begindate":"20120101","enddate":"20120930","reporttype":"100111","adjustdate":"20121031","accstacode":"2","accstaname":"新会计准则","biztotinco":7.71645590798E10,"bizinco":7.659135771108E10,"inteinco":5.7314031713E8,"earnprem":null,"pouninco":61051.59,"realsale":null,"otherbizinco":null,"biztotincoitse":null,"biztotincoform":null,"biztotcost":7.150346024214E10,"bizcost":5.758589576391E10,"inteexpe":1.2268564657E8,"pounexpe":211630.59,"realsalecost":null,"deveexpe":null,"surrgold":null,"compnetexpe":null,"contress":null,"polidiviexpe":null,"reinexpe":null,"otherbizcost":null,"biztax":4.1304247997E8,"salesexpe":1.109938791432E10,"manaexpe":2.5771562238E9,"finexpe":-3.0584750762E8,"asseimpaloss":1.09280906E7,"biztotcostitse":null,"biztotcostform":null,"valuechgloss":6.009697776E7,"inveinco":-4.529182441E7,"assoinveprof":-4660945.17,"exchggain":6242.76,"futuloss":null,"custinco":null,"subsidyincome":null,"otherbizprof":null,"bizprofitse":null,"operprofform":null,"perprofit":5.67591023377E9,"nonoreve":7.1163776526E8,"nonoexpe":1.637080673E7,"noncassetsdisl":1.083907784E7,"proftotitse":null,"proftotform":null,"totprofit":6.3711771923E9,"incotaxexpe":9.8684360936E8,"unreinveloss":null,"netpro1itse":null,"netpro1form":null,"netprofit":5.38433358294E9,"parenetp":5.33217875211E9,"mergeformnetprof":null,"minysharrigh":5.215483083E7,"netpro2itse":null,"netpro2form":null,"basiceps":1.79,"dilutedeps":1.79,"othercompinco":7.227391575E7,"parecompinco":null,"minysharinco":null,"compincoamt":5.45660749869E9,"parecompincoamt":5.40428791152E9,"minysharincoamt":5.231958717E7,"earlyundiprof":null,"undisprofredu":null,"otherinto":null,"otherdistprof":null,"legalsurp":null,"welfare":null,"capitalreserve":null,"staffaward":null,"reservefund":null,"developfund":null,"profreturninvest":null,"supplycurcap":null,"avaidistshareprof":null,"preferredskdiv":null,"freesurplu":null,"dealwithdivi":null,"capitalizeddivi":null,"undisprofit":null,"selldepartgain":null,"natudisasterloss":null,"accpolicychg":null,"accestimatechg":null,"debtrestruloss":null,"othersupply":null},{"compcode":"10000974","publishdate":"20120824","begindate":"20120101","enddate":"20120630","reporttype":"100111","adjustdate":"20120824","accstacode":"2","accstaname":"新会计准则","biztotinco":4.830331164012E10,"bizinco":4.792343839198E10,"inteinco":3.7984283332E8,"earnprem":null,"pouninco":30414.82,"realsale":null,"otherbizinco":null,"biztotincoitse":null,"biztotincoform":null,"biztotcost":4.50104748394E10,"bizcost":3.696710444505E10,"inteexpe":5.558167904E7,"pounexpe":166753.16,"realsalecost":null,"deveexpe":null,"surrgold":null,"compnetexpe":null,"contress":null,"polidiviexpe":null,"reinexpe":null,"otherbizcost":null,"biztax":2.3271157406E8,"salesexpe":6.05813890141E9,"manaexpe":1.66164949097E9,"finexpe":-7.333209755E7,"asseimpaloss":1.0845409326E8,"biztotcostitse":null,"biztotcostform":null,"valuechgloss":3638570.1,"inveinco":-3.295473977E7,"assoinveprof":-2882634.51,"exchggain":6242.76,"futuloss":null,"custinco":null,"subsidyincome":null,"otherbizprof":null,"bizprofitse":null,"operprofform":null,"perprofit":3.26352687381E9,"nonoreve":1.6153685784E8,"nonoexpe":1.255875649E7,"noncassetsdisl":7901944.03,"proftotitse":null,"proftotform":null,"totprofit":3.41250497516E9,"incotaxexpe":5.1040830426E8,"unreinveloss":null,"netpro1itse":null,"netpro1form":null,"netprofit":2.9020966709E9,"parenetp":2.87113974774E9,"mergeformnetprof":null,"minysharrigh":3.095692316E7,"netpro2itse":null,"netpro2form":null,"basiceps":0.96,"dilutedeps":0.96,"othercompinco":2.892294102E7,"parecompinco":null,"minysharinco":null,"compincoamt":2.93101961192E9,"parecompincoamt":2.89980253898E9,"minysharincoamt":3.121707294E7,"earlyundiprof":null,"undisprofredu":null,"otherinto":null,"otherdistprof":null,"legalsurp":null,"welfare":null,"capitalreserve":null,"staffaward":null,"reservefund":null,"developfund":null,"profreturninvest":null,"supplycurcap":null,"avaidistshareprof":null,"preferredskdiv":null,"freesurplu":null,"dealwithdivi":null,"capitalizeddivi":null,"undisprofit":null,"selldepartgain":null,"natudisasterloss":null,"accpolicychg":null,"accestimatechg":null,"debtrestruloss":null,"othersupply":null},{"compcode":"10000974","publishdate":"20120427","begindate":"20120101","enddate":"20120331","reporttype":"100111","adjustdate":"20120427","accstacode":"2","accstaname":"新会计准则","biztotinco":2.008810712592E10,"bizinco":1.998468163749E10,"inteinco":1.0340355087E8,"earnprem":null,"pouninco":21937.56,"realsale":null,"otherbizinco":null,"biztotincoitse":null,"biztotincoform":null,"biztotcost":1.874043528741E10,"bizcost":1.548981262995E10,"inteexpe":2972631.5,"pounexpe":67190.63,"realsalecost":null,"deveexpe":null,"surrgold":null,"compnetexpe":null,"contress":null,"polidiviexpe":null,"reinexpe":null,"otherbizcost":null,"biztax":8.270873011E7,"salesexpe":2.42842060322E9,"manaexpe":7.7409918866E8,"finexpe":-7.984805455E7,"asseimpaloss":4.220236789E7,"biztotcostitse":null,"biztotcostform":null,"valuechgloss":-3029161.26,"inveinco":1.012229729E7,"assoinveprof":-1157927.07,"exchggain":null,"futuloss":null,"custinco":null,"subsidyincome":null,"otherbizprof":null,"bizprofitse":null,"operprofform":null,"perprofit":1.35476497454E9,"nonoreve":1.0597574423E8,"nonoexpe":1.141996731E7,"noncassetsdisl":8110402.58,"proftotitse":null,"proftotform":null,"totprofit":1.44932075146E9,"incotaxexpe":2.578138321E8,"unreinveloss":null,"netpro1itse":null,"netpro1form":null,"netprofit":1.19150691936E9,"parenetp":1.17364286106E9,"mergeformnetprof":null,"minysharrigh":1.78640583E7,"netpro2itse":null,"netpro2form":null,"basiceps":0.39,"dilutedeps":0.39,"othercompinco":4.724208417E7,"parecompinco":null,"minysharinco":null,"compincoamt":1.23874900353E9,"parecompincoamt":1.22081208444E9,"minysharincoamt":1.793691909E7,"earlyundiprof":null,"undisprofredu":null,"otherinto":null,"otherdistprof":null,"legalsurp":null,"welfare":null,"capitalreserve":null,"staffaward":null,"reservefund":null,"developfund":null,"profreturninvest":null,"supplycurcap":null,"avaidistshareprof":null,"preferredskdiv":null,"freesurplu":null,"dealwithdivi":null,"capitalizeddivi":null,"undisprofit":null,"selldepartgain":null,"natudisasterloss":null,"accpolicychg":null,"accestimatechg":null,"debtrestruloss":null,"othersupply":null},{"compcode":"10000974","publishdate":"20120425","begindate":"20110101","enddate":"20111231","reporttype":"100111","adjustdate":"20120425","accstacode":"2","accstaname":"新会计准则","biztotinco":8.351725246796E10,"bizinco":8.315547450459E10,"inteinco":3.6174834441E8,"earnprem":null,"pouninco":29618.96,"realsale":null,"otherbizinco":null,"biztotincoitse":null,"biztotincoform":null,"biztotcost":7.900847546406E10,"bizcost":6.813211532493E10,"inteexpe":1.786745389E7,"pounexpe":212624.08,"realsalecost":null,"deveexpe":null,"surrgold":null,"compnetexpe":null,"contress":null,"polidiviexpe":null,"reinexpe":null,"otherbizcost":null,"biztax":4.9790804944E8,"salesexpe":8.05040823613E9,"manaexpe":2.78326609112E9,"finexpe":-4.5270759456E8,"asseimpaloss":-2.059472097E7,"biztotcostitse":null,"biztotcostform":null,"valuechgloss":-5.750866664E7,"inveinco":9.109408492E7,"assoinveprof":-4910452.65,"exchggain":-55997.98,"futuloss":null,"custinco":null,"subsidyincome":null,"otherbizprof":null,"bizprofitse":null,"operprofform":null,"perprofit":4.5423064242E9,"nonoreve":1.84578555325E9,"nonoexpe":5.953155197E7,"noncassetsdisl":7015131.03,"proftotitse":null,"proftotform":null,"totprofit":6.32856042548E9,"incotaxexpe":1.03121988241E9,"unreinveloss":null,"netpro1itse":null,"netpro1form":null,"netprofit":5.29734054307E9,"parenetp":5.23693860843E9,"mergeformnetprof":null,"minysharrigh":6.040193464E7,"netpro2itse":null,"netpro2form":null,"basiceps":1.86,"dilutedeps":1.86,"othercompinco":-8.678588932E7,"parecompinco":null,"minysharinco":null,"compincoamt":5.21055465375E9,"parecompincoamt":5.14967764915E9,"minysharincoamt":6.08770046E7,"earlyundiprof":null,"undisprofredu":null,"otherinto":null,"otherdistprof":null,"legalsurp":null,"welfare":null,"capitalreserve":null,"staffaward":null,"reservefund":null,"developfund":null,"profreturninvest":null,"supplycurcap":null,"avaidistshareprof":null,"preferredskdiv":null,"freesurplu":null,"dealwithdivi":null,"capitalizeddivi":null,"undisprofit":null,"selldepartgain":null,"natudisasterloss":null,"accpolicychg":null,"accestimatechg":null,"debtrestruloss":null,"othersupply":null},{"compcode":"10000974","publishdate":"20111028","begindate":"20110101","enddate":"20110930","reporttype":"100111","adjustdate":"20111028","accstacode":"2","accstaname":"新会计准则","biztotinco":6.407461270861E10,"bizinco":6.379160247533E10,"inteinco":2.8298091532E8,"earnprem":null,"pouninco":29317.96,"realsale":null,"otherbizinco":null,"biztotincoitse":null,"biztotincoform":null,"biztotcost":6.115835976777E10,"bizcost":5.272300190708E10,"inteexpe":1.730083941E7,"pounexpe":176684.13,"realsalecost":null,"deveexpe":null,"surrgold":null,"compnetexpe":null,"contress":null,"polidiviexpe":null,"reinexpe":null,"otherbizcost":null,"biztax":4.1868712459E8,"salesexpe":6.37177353768E9,"manaexpe":1.79131777788E9,"finexpe":-2.428724843E8,"asseimpaloss":7.89743813E7,"biztotcostitse":null,"biztotcostform":null,"valuechgloss":-3.070751068E7,"inveinco":6.860180616E7,"assoinveprof":-3919138.76,"exchggain":-26882.68,"futuloss":null,"custinco":null,"subsidyincome":null,"otherbizprof":null,"bizprofitse":null,"operprofform":null,"perprofit":2.95412035364E9,"nonoreve":1.73234984209E9,"nonoexpe":2.773335657E7,"noncassetsdisl":4364141.5,"proftotitse":null,"proftotform":null,"totprofit":4.65873683916E9,"incotaxexpe":8.5226491109E8,"unreinveloss":null,"netpro1itse":null,"netpro1form":null,"netprofit":3.80647192807E9,"parenetp":3.77254984832E9,"mergeformnetprof":null,"minysharrigh":3.392207975E7,"netpro2itse":null,"netpro2form":null,"basiceps":1.34,"dilutedeps":1.34,"othercompinco":-1.2219966047E8,"parecompinco":null,"minysharinco":null,"compincoamt":3.6842722676E9,"parecompincoamt":3.6498552697E9,"minysharincoamt":3.44169979E7,"earlyundiprof":null,"undisprofredu":null,"otherinto":null,"otherdistprof":null,"legalsurp":null,"welfare":null,"capitalreserve":null,"staffaward":null,"reservefund":null,"developfund":null,"profreturninvest":null,"supplycurcap":null,"avaidistshareprof":null,"preferredskdiv":null,"freesurplu":null,"dealwithdivi":null,"capitalizeddivi":null,"undisprofit":null,"selldepartgain":null,"natudisasterloss":null,"accpolicychg":null,"accestimatechg":null,"debtrestruloss":null,"othersupply":null},{"compcode":"10000974","publishdate":"20110727","begindate":"20110101","enddate":"20110630","reporttype":"100111","adjustdate":"20110727","accstacode":"2","accstaname":"新会计准则","biztotinco":4.023920454366E10,"bizinco":4.006163604931E10,"inteinco":1.7753959689E8,"earnprem":null,"pouninco":28897.46,"realsale":null,"otherbizinco":null,"biztotincoitse":null,"biztotincoform":null,"biztotcost":3.869173915177E10,"bizcost":3.384775676307E10,"inteexpe":1.593369087E7,"pounexpe":130768.06,"realsalecost":null,"deveexpe":null,"surrgold":null,"compnetexpe":null,"contress":null,"polidiviexpe":null,"reinexpe":null,"otherbizcost":null,"biztax":2.7348530842E8,"salesexpe":3.60678461952E9,"manaexpe":1.05936156977E9,"finexpe":-1.92205523E8,"asseimpaloss":8.049195506E7,"biztotcostitse":null,"biztotcostform":null,"valuechgloss":-439808.7,"inveinco":-2232957.43,"assoinveprof":-4194143.48,"exchggain":-26882.68,"futuloss":null,"custinco":null,"subsidyincome":null,"otherbizprof":null,"bizprofitse":null,"operprofform":null,"perprofit":1.54476574308E9,"nonoreve":1.17266445463E9,"nonoexpe":2.025307773E7,"noncassetsdisl":3687176.76,"proftotitse":null,"proftotform":null,"totprofit":2.69717711998E9,"incotaxexpe":4.7094904866E8,"unreinveloss":null,"netpro1itse":null,"netpro1form":null,"netprofit":2.22622807132E9,"parenetp":2.20752301415E9,"mergeformnetprof":null,"minysharrigh":1.870505717E7,"netpro2itse":null,"netpro2form":null,"basiceps":0.78,"dilutedeps":0.78,"othercompinco":-9424524.58,"parecompinco":null,"minysharinco":null,"compincoamt":2.21680354674E9,"parecompincoamt":2.19760357142E9,"minysharincoamt":1.919997532E7,"earlyundiprof":null,"undisprofredu":null,"otherinto":null,"otherdistprof":null,"legalsurp":null,"welfare":null,"capitalreserve":null,"staffaward":null,"reservefund":null,"developfund":null,"profreturninvest":null,"supplycurcap":null,"avaidistshareprof":null,"preferredskdiv":null,"freesurplu":null,"dealwithdivi":null,"capitalizeddivi":null,"undisprofit":null,"selldepartgain":null,"natudisasterloss":null,"accpolicychg":null,"accestimatechg":null,"debtrestruloss":null,"othersupply":null},{"compcode":"10000974","publishdate":"20110422","begindate":"20110101","enddate":"20110331","reporttype":"100111","adjustdate":"20110422","accstacode":"2","accstaname":"新会计准则","biztotinco":1.72740799938E10,"bizinco":1.72125876624E10,"inteinco":6.147575366E7,"earnprem":null,"pouninco":16577.74,"realsale":null,"otherbizinco":null,"biztotincoitse":null,"biztotincoform":null,"biztotcost":1.66603406444E10,"bizcost":1.438104828161E10,"inteexpe":4787601.99,"pounexpe":57687.77,"realsalecost":null,"deveexpe":null,"surrgold":null,"compnetexpe":null,"contress":null,"polidiviexpe":null,"reinexpe":null,"otherbizcost":null,"biztax":1.0123765532E8,"salesexpe":1.6844459302E9,"manaexpe":4.8090610111E8,"finexpe":-9.883591713E7,"asseimpaloss":1.0669330353E8,"biztotcostitse":null,"biztotcostform":null,"valuechgloss":-1.229278255E7,"inveinco":3854230.66,"assoinveprof":-101932.78,"exchggain":null,"futuloss":null,"custinco":null,"subsidyincome":null,"otherbizprof":null,"bizprofitse":null,"operprofform":null,"perprofit":6.0530079751E8,"nonoreve":5.1946364268E8,"nonoexpe":1.54825318E7,"noncassetsdisl":1741491.06,"proftotitse":null,"proftotform":null,"totprofit":1.10928190839E9,"incotaxexpe":1.6794160118E8,"unreinveloss":null,"netpro1itse":null,"netpro1form":null,"netprofit":9.4134030721E8,"parenetp":9.3472383159E8,"mergeformnetprof":null,"minysharrigh":6616475.62,"netpro2itse":null,"netpro2form":null,"basiceps":0.33,"dilutedeps":0.33,"othercompinco":1.216213482E7,"parecompinco":null,"minysharinco":null,"compincoamt":9.5350244203E8,"parecompincoamt":9.4639104823E8,"minysharincoamt":7111393.8,"earlyundiprof":null,"undisprofredu":null,"otherinto":null,"otherdistprof":null,"legalsurp":null,"welfare":null,"capitalreserve":null,"staffaward":null,"reservefund":null,"developfund":null,"profreturninvest":null,"supplycurcap":null,"avaidistshareprof":null,"preferredskdiv":null,"freesurplu":null,"dealwithdivi":null,"capitalizeddivi":null,"undisprofit":null,"selldepartgain":null,"natudisasterloss":null,"accpolicychg":null,"accestimatechg":null,"debtrestruloss":null,"othersupply":null},{"compcode":"10000974","publishdate":"20110324","begindate":"20100101","enddate":"20101231","reporttype":"100111","adjustdate":"20110324","accstacode":"2","accstaname":"新会计准则","biztotinco":6.080724245283E10,"bizinco":6.043162605046E10,"inteinco":3.7293420062E8,"earnprem":null,"pouninco":2682201.75,"realsale":null,"otherbizinco":null,"biztotincoitse":null,"biztotincoform":null,"biztotcost":5.819180992787E10,"bizcost":4.740918705176E10,"inteexpe":6.482325212E7,"pounexpe":167025.56,"realsalecost":null,"deveexpe":null,"surrgold":null,"compnetexpe":null,"contress":null,"polidiviexpe":null,"reinexpe":null,"otherbizcost":null,"biztax":5.3881542783E8,"salesexpe":8.41013560148E9,"manaexpe":1.97805436625E9,"finexpe":-3.0896953568E8,"asseimpaloss":9.959673855E7,"biztotcostitse":null,"biztotcostform":null,"valuechgloss":6.919246915E7,"inveinco":6.219770004E7,"assoinveprof":-8088874.88,"exchggain":-40876.29,"futuloss":null,"custinco":null,"subsidyincome":null,"otherbizprof":null,"bizprofitse":null,"operprofform":null,"perprofit":2.74678181786E9,"nonoreve":2.35332408033E9,"nonoexpe":4.378330809E7,"noncassetsdisl":4161397.6,"proftotitse":null,"proftotform":null,"totprofit":5.0563225901E9,"incotaxexpe":7.5311709394E8,"unreinveloss":null,"netpro1itse":null,"netpro1form":null,"netprofit":4.30320549616E9,"parenetp":4.27572162427E9,"mergeformnetprof":null,"minysharrigh":2.748387189E7,"netpro2itse":null,"netpro2form":null,"basiceps":1.52,"dilutedeps":1.52,"othercompinco":-4118704.28,"parecompinco":null,"minysharinco":null,"compincoamt":4.29908679188E9,"parecompincoamt":4.27271837848E9,"minysharincoamt":2.63684134E7,"earlyundiprof":null,"undisprofredu":null,"otherinto":null,"otherdistprof":null,"legalsurp":null,"welfare":null,"capitalreserve":null,"staffaward":null,"reservefund":null,"developfund":null,"profreturninvest":null,"supplycurcap":null,"avaidistshareprof":null,"preferredskdiv":null,"freesurplu":null,"dealwithdivi":null,"capitalizeddivi":null,"undisprofit":null,"selldepartgain":null,"natudisasterloss":null,"accpolicychg":null,"accestimatechg":null,"debtrestruloss":null,"othersupply":null},{"compcode":"10000974","publishdate":"20101022","begindate":"20100101","enddate":"20100930","reporttype":"100111","adjustdate":"20101022","accstacode":"2","accstaname":"新会计准则","biztotinco":4.429675662027E10,"bizinco":4.400392682351E10,"inteinco":2.9114123326E8,"earnprem":null,"pouninco":1688563.5,"realsale":null,"otherbizinco":null,"biztotincoitse":null,"biztotincoform":null,"biztotcost":4.26626052686E10,"bizcost":3.514601973723E10,"inteexpe":4.790382051E7,"pounexpe":102883.73,"realsalecost":null,"deveexpe":null,"surrgold":null,"compnetexpe":null,"contress":null,"polidiviexpe":null,"reinexpe":null,"otherbizcost":null,"biztax":3.6602784298E8,"salesexpe":6.12738012839E9,"manaexpe":1.16889274785E9,"finexpe":-2.1797389047E8,"asseimpaloss":2.425199838E7,"biztotcostitse":null,"biztotcostform":null,"valuechgloss":4.532816695E7,"inveinco":5.648094429E7,"assoinveprof":-3296805.89,"exchggain":-11103.83,"futuloss":null,"custinco":null,"subsidyincome":null,"otherbizprof":null,"bizprofitse":null,"operprofform":null,"perprofit":1.73594935908E9,"nonoreve":1.7432720843E9,"nonoexpe":3.034731698E7,"noncassetsdisl":2614342.02,"proftotitse":null,"proftotform":null,"totprofit":3.4488741264E9,"incotaxexpe":5.5221170857E8,"unreinveloss":null,"netpro1itse":null,"netpro1form":null,"netprofit":2.89666241783E9,"parenetp":2.89007614285E9,"mergeformnetprof":null,"minysharrigh":6586274.98,"netpro2itse":null,"netpro2form":null,"basiceps":1.03,"dilutedeps":1.03,"othercompinco":5.43446775E7,"parecompinco":null,"minysharinco":null,"compincoamt":2.95100709533E9,"parecompincoamt":2.94055191844E9,"minysharincoamt":1.045517689E7,"earlyundiprof":null,"undisprofredu":null,"otherinto":null,"otherdistprof":null,"legalsurp":null,"welfare":null,"capitalreserve":null,"staffaward":null,"reservefund":null,"developfund":null,"profreturninvest":null,"supplycurcap":null,"avaidistshareprof":null,"preferredskdiv":null,"freesurplu":null,"dealwithdivi":null,"capitalizeddivi":null,"undisprofit":null,"selldepartgain":null,"natudisasterloss":null,"accpolicychg":null,"accestimatechg":null,"debtrestruloss":null,"othersupply":null},{"compcode":"10000974","publishdate":"20100819","begindate":"20100101","enddate":"20100630","reporttype":"100111","adjustdate":"19000101","accstacode":"2","accstaname":"新会计准则","biztotinco":2.514506800619E10,"bizinco":2.495706718288E10,"inteinco":1.8631456331E8,"earnprem":null,"pouninco":1686260.0,"realsale":null,"otherbizinco":null,"biztotincoitse":null,"biztotincoform":null,"biztotcost":2.445881791158E10,"bizcost":2.089744866853E10,"inteexpe":2.935561803E7,"pounexpe":72708.73,"realsalecost":null,"deveexpe":null,"surrgold":null,"compnetexpe":null,"contress":null,"polidiviexpe":null,"reinexpe":null,"otherbizcost":null,"biztax":2.0209020725E8,"salesexpe":2.75065920503E9,"manaexpe":7.1008158882E8,"finexpe":-1.9451200058E8,"asseimpaloss":6.362191577E7,"biztotcostitse":null,"biztotcostform":null,"valuechgloss":7.82049004E7,"inveinco":3.418561024E7,"assoinveprof":-2490949.39,"exchggain":-11103.83,"futuloss":null,"custinco":null,"subsidyincome":null,"otherbizprof":null,"bizprofitse":null,"operprofform":null,"perprofit":7.9862950142E8,"nonoreve":1.12898973579E9,"nonoexpe":2.127939254E7,"noncassetsdisl":1047154.99,"proftotitse":null,"proftotform":null,"totprofit":1.90633984467E9,"incotaxexpe":3.3312512547E8,"unreinveloss":null,"netpro1itse":null,"netpro1form":null,"netprofit":1.5732147192E9,"parenetp":1.57261216306E9,"mergeformnetprof":null,"minysharrigh":602556.14,"netpro2itse":null,"netpro2form":null,"basiceps":0.84,"dilutedeps":0.84,"othercompinco":-8630761.5,"parecompinco":null,"minysharinco":null,"compincoamt":1.5645839577E9,"parecompincoamt":1.56087398761E9,"minysharincoamt":3709970.09,"earlyundiprof":null,"undisprofredu":null,"otherinto":null,"otherdistprof":null,"legalsurp":null,"welfare":null,"capitalreserve":null,"staffaward":null,"reservefund":null,"developfund":null,"profreturninvest":null,"supplycurcap":null,"avaidistshareprof":null,"preferredskdiv":null,"freesurplu":null,"dealwithdivi":null,"capitalizeddivi":null,"undisprofit":null,"selldepartgain":null,"natudisasterloss":null,"accpolicychg":null,"accestimatechg":null,"debtrestruloss":null,"othersupply":null},{"compcode":"10000974","publishdate":"20100429","begindate":"20100101","enddate":"20100331","reporttype":"100111","adjustdate":"19000101","accstacode":"2","accstaname":"新会计准则","biztotinco":1.022656002852E10,"bizinco":1.015895060333E10,"inteinco":6.532079057E7,"earnprem":null,"pouninco":2288634.62,"realsale":null,"otherbizinco":null,"biztotincoitse":null,"biztotincoform":null,"biztotcost":9.8746115604E9,"bizcost":7.98482826376E9,"inteexpe":8944476.85,"pounexpe":46112.27,"realsalecost":null,"deveexpe":null,"surrgold":null,"compnetexpe":null,"contress":null,"polidiviexpe":null,"reinexpe":null,"otherbizcost":null,"biztax":1.0301713408E8,"salesexpe":1.54053751685E9,"manaexpe":3.2819042484E8,"finexpe":-1.483843472E8,"asseimpaloss":5.743197895E7,"biztotcostitse":null,"biztotcostform":null,"valuechgloss":2.491095932E7,"inveinco":1.405056567E7,"assoinveprof":-421552.47,"exchggain":null,"futuloss":null,"custinco":null,"subsidyincome":null,"otherbizprof":null,"bizprofitse":null,"operprofform":null,"perprofit":3.9090999311E8,"nonoreve":3.9105723432E8,"nonoexpe":1410201.17,"noncassetsdisl":165908.84,"proftotitse":null,"proftotform":null,"totprofit":7.8055702626E8,"incotaxexpe":1.4002954701E8,"unreinveloss":null,"netpro1itse":null,"netpro1form":null,"netprofit":6.4052747925E8,"parenetp":6.3905544008E8,"mergeformnetprof":null,"minysharrigh":1472039.17,"netpro2itse":null,"netpro2form":null,"basiceps":0.34,"dilutedeps":0.34,"othercompinco":-3521957.49,"parecompinco":null,"minysharinco":null,"compincoamt":6.3700552176E8,"parecompincoamt":6.341269743E8,"minysharincoamt":2878547.46,"earlyundiprof":null,"undisprofredu":null,"otherinto":null,"otherdistprof":null,"legalsurp":null,"welfare":null,"capitalreserve":null,"staffaward":null,"reservefund":null,"developfund":null,"profreturninvest":null,"supplycurcap":null,"avaidistshareprof":null,"preferredskdiv":null,"freesurplu":null,"dealwithdivi":null,"capitalizeddivi":null,"undisprofit":null,"selldepartgain":null,"natudisasterloss":null,"accpolicychg":null,"accestimatechg":null,"debtrestruloss":null,"othersupply":null},{"compcode":"10000974","publishdate":"20100427","begindate":"20090101","enddate":"20091231","reporttype":"100111","adjustdate":"19000101","accstacode":"2","accstaname":"新会计准则","biztotinco":4.263729105326E10,"bizinco":4.245777291928E10,"inteinco":1.7776676598E8,"earnprem":null,"pouninco":1751368.0,"realsale":null,"otherbizinco":null,"biztotincoitse":null,"biztotincoform":null,"biztotcost":3.967184106961E10,"bizcost":3.195597936867E10,"inteexpe":1.576487767E7,"pounexpe":198145.11,"realsalecost":null,"deveexpe":null,"surrgold":null,"compnetexpe":null,"contress":null,"polidiviexpe":null,"reinexpe":null,"otherbizcost":null,"biztax":4.0336888084E8,"salesexpe":5.79785839212E9,"manaexpe":1.56660450011E9,"finexpe":-9.70219068E7,"asseimpaloss":2.908881189E7,"biztotcostitse":null,"biztotcostform":null,"valuechgloss":2307044.77,"inveinco":6770194.45,"assoinveprof":-2083231.92,"exchggain":-1934.75,"futuloss":null,"custinco":null,"subsidyincome":null,"otherbizprof":null,"bizprofitse":null,"operprofform":null,"perprofit":2.97452528812E9,"nonoreve":4.1754456586E8,"nonoexpe":1.179431883E7,"noncassetsdisl":2551337.12,"proftotitse":null,"proftotform":null,"totprofit":3.38027553515E9,"incotaxexpe":4.4861214987E8,"unreinveloss":null,"netpro1itse":null,"netpro1form":null,"netprofit":2.93166338528E9,"parenetp":2.91345035015E9,"mergeformnetprof":null,"minysharrigh":1.821303513E7,"netpro2itse":null,"netpro2form":null,"basiceps":1.55,"dilutedeps":1.55,"othercompinco":9.143370877E7,"parecompinco":null,"minysharinco":null,"compincoamt":3.02309709405E9,"parecompincoamt":3.00426351859E9,"minysharincoamt":1.883357546E7,"earlyundiprof":null,"undisprofredu":null,"otherinto":null,"otherdistprof":null,"legalsurp":null,"welfare":null,"capitalreserve":null,"staffaward":null,"reservefund":null,"developfund":null,"profreturninvest":null,"supplycurcap":null,"avaidistshareprof":null,"preferredskdiv":null,"freesurplu":null,"dealwithdivi":null,"capitalizeddivi":null,"undisprofit":null,"selldepartgain":null,"natudisasterloss":null,"accpolicychg":null,"accestimatechg":null,"debtrestruloss":null,"othersupply":null},{"compcode":"10000974","publishdate":"20091031","begindate":"20090101","enddate":"20090930","reporttype":"100111","adjustdate":"19000101","accstacode":"2","accstaname":"新会计准则","biztotinco":3.067623018704E10,"bizinco":3.056550812011E10,"inteinco":1.1002196493E8,"earnprem":null,"pouninco":700102.0,"realsale":null,"otherbizinco":null,"biztotincoitse":null,"biztotincoform":null,"biztotcost":2.839564045432E10,"bizcost":2.286663249335E10,"inteexpe":8655214.37,"pounexpe":135134.28,"realsalecost":null,"deveexpe":null,"surrgold":null,"compnetexpe":null,"contress":null,"polidiviexpe":null,"reinexpe":null,"otherbizcost":null,"biztax":2.5601389246E8,"salesexpe":4.39665640654E9,"manaexpe":8.7856554358E8,"finexpe":-2.999598425E7,"asseimpaloss":1.897775399E7,"biztotcostitse":null,"biztotcostform":null,"valuechgloss":null,"inveinco":-339431.69,"assoinveprof":-872948.33,"exchggain":-1038.2,"futuloss":null,"custinco":null,"subsidyincome":null,"otherbizprof":null,"bizprofitse":null,"operprofform":null,"perprofit":2.28024926283E9,"nonoreve":9.430707026E7,"nonoexpe":9245436.97,"noncassetsdisl":1834797.87,"proftotitse":null,"proftotform":null,"totprofit":2.36531089612E9,"incotaxexpe":3.6391444509E8,"unreinveloss":null,"netpro1itse":null,"netpro1form":null,"netprofit":2.00139645103E9,"parenetp":1.99188386549E9,"mergeformnetprof":null,"minysharrigh":9512585.54,"netpro2itse":null,"netpro2form":null,"basiceps":1.06,"dilutedeps":1.06,"othercompinco":5.465713147E7,"parecompinco":null,"minysharinco":null,"compincoamt":2.0560535825E9,"parecompincoamt":2.04654099696E9,"minysharincoamt":9512585.54,"earlyundiprof":null,"undisprofredu":null,"otherinto":null,"otherdistprof":null,"legalsurp":null,"welfare":null,"capitalreserve":null,"staffaward":null,"reservefund":null,"developfund":null,"profreturninvest":null,"supplycurcap":null,"avaidistshareprof":null,"preferredskdiv":null,"freesurplu":null,"dealwithdivi":null,"capitalizeddivi":null,"undisprofit":null,"selldepartgain":null,"natudisasterloss":null,"accpolicychg":null,"accestimatechg":null,"debtrestruloss":null,"othersupply":null},{"compcode":"10000974","publishdate":"20090827","begindate":"20090101","enddate":"20090630","reporttype":"100111","adjustdate":"19000101","accstacode":"2","accstaname":"新会计准则","biztotinco":2.005729200446E10,"bizinco":1.99902220371E10,"inteinco":6.699760927E7,"earnprem":0.0,"pouninco":72358.09,"realsale":0.0,"otherbizinco":0.0,"biztotincoitse":null,"biztotincoform":null,"biztotcost":1.864609544144E10,"bizcost":1.49297846106E10,"inteexpe":8536456.12,"pounexpe":104852.73,"realsalecost":0.0,"deveexpe":0.0,"surrgold":0.0,"compnetexpe":0.0,"contress":0.0,"polidiviexpe":0.0,"reinexpe":0.0,"otherbizcost":0.0,"biztax":1.4761614456E8,"salesexpe":2.95527070027E9,"manaexpe":5.4254345237E8,"finexpe":5339847.48,"asseimpaloss":5.689937731E7,"biztotcostitse":null,"biztotcostform":null,"valuechgloss":0.0,"inveinco":-951363.07,"assoinveprof":-951363.07,"exchggain":0.0,"futuloss":0.0,"custinco":0.0,"subsidyincome":0.0,"otherbizprof":0.0,"bizprofitse":null,"operprofform":null,"perprofit":1.41024519995E9,"nonoreve":7.177228955E7,"nonoexpe":8541668.57,"noncassetsdisl":1175236.18,"proftotitse":null,"proftotform":null,"totprofit":1.47347582093E9,"incotaxexpe":2.3569385883E8,"unreinveloss":0.0,"netpro1itse":null,"netpro1form":null,"netprofit":1.2377819621E9,"parenetp":1.23167766215E9,"mergeformnetprof":null,"minysharrigh":6104299.95,"netpro2itse":null,"netpro2form":null,"basiceps":0.66,"dilutedeps":0.66,"othercompinco":3.424973809E7,"parecompinco":null,"minysharinco":null,"compincoamt":1.27203170019E9,"parecompincoamt":1.26592740024E9,"minysharincoamt":6104299.95,"earlyundiprof":null,"undisprofredu":null,"otherinto":null,"otherdistprof":null,"legalsurp":null,"welfare":null,"capitalreserve":null,"staffaward":null,"reservefund":null,"developfund":null,"profreturninvest":null,"supplycurcap":null,"avaidistshareprof":null,"preferredskdiv":null,"freesurplu":null,"dealwithdivi":null,"capitalizeddivi":null,"undisprofit":null,"selldepartgain":null,"natudisasterloss":null,"accpolicychg":null,"accestimatechg":null,"debtrestruloss":null,"othersupply":null},{"compcode":"10000974","publishdate":"20090430","begindate":"20090101","enddate":"20090331","reporttype":"100111","adjustdate":"19000101","accstacode":"2","accstaname":"新会计准则","biztotinco":9.06907343593E9,"bizinco":9.0326844127E9,"inteinco":3.632038541E7,"earnprem":0.0,"pouninco":68637.82,"realsale":0.0,"otherbizinco":0.0,"biztotincoitse":null,"biztotincoform":null,"biztotcost":8.39998680506E9,"bizcost":6.8542901893E9,"inteexpe":3685981.68,"pounexpe":101267.67,"realsalecost":0.0,"deveexpe":0.0,"surrgold":0.0,"compnetexpe":0.0,"contress":0.0,"polidiviexpe":0.0,"reinexpe":0.0,"otherbizcost":0.0,"biztax":6.402330387E7,"salesexpe":1.16518007225E9,"manaexpe":2.3354085493E8,"finexpe":1.940541506E7,"asseimpaloss":5.97597203E7,"biztotcostitse":null,"biztotcostform":null,"valuechgloss":0.0,"inveinco":-991897.2,"assoinveprof":-991897.2,"exchggain":0.0,"futuloss":0.0,"custinco":0.0,"subsidyincome":0.0,"otherbizprof":0.0,"bizprofitse":null,"operprofform":null,"perprofit":6.6809473367E8,"nonoreve":1.507559517E7,"nonoexpe":5194627.77,"noncassetsdisl":0.0,"proftotitse":null,"proftotform":null,"totprofit":6.7797570107E8,"incotaxexpe":1.2637920865E8,"unreinveloss":0.0,"netpro1itse":null,"netpro1form":null,"netprofit":5.5159649242E8,"parenetp":5.5423627718E8,"mergeformnetprof":null,"minysharrigh":-2639784.76,"netpro2itse":null,"netpro2form":null,"basiceps":0.44,"dilutedeps":0.44,"othercompinco":null,"parecompinco":null,"minysharinco":null,"compincoamt":null,"parecompincoamt":null,"minysharincoamt":null,"earlyundiprof":null,"undisprofredu":null,"otherinto":null,"otherdistprof":null,"legalsurp":null,"welfare":null,"capitalreserve":null,"staffaward":null,"reservefund":null,"developfund":null,"profreturninvest":null,"supplycurcap":null,"avaidistshareprof":null,"preferredskdiv":null,"freesurplu":null,"dealwithdivi":null,"capitalizeddivi":null,"undisprofit":null,"selldepartgain":null,"natudisasterloss":null,"accpolicychg":null,"accestimatechg":null,"debtrestruloss":null,"othersupply":null},{"compcode":"10000974","publishdate":"20090421","begindate":"20080101","enddate":"20081231","reporttype":"100111","adjustdate":"19000101","accstacode":"2","accstaname":"新会计准则","biztotinco":4.219971567953E10,"bizinco":4.20323880018E10,"inteinco":1.6724219457E8,"earnprem":0.0,"pouninco":85483.16,"realsale":0.0,"otherbizinco":0.0,"biztotincoitse":null,"biztotincoform":null,"biztotcost":3.986984122808E10,"bizcost":3.373319087713E10,"inteexpe":1.219841489E7,"pounexpe":105752.69,"realsalecost":0.0,"deveexpe":0.0,"surrgold":0.0,"compnetexpe":0.0,"contress":0.0,"polidiviexpe":0.0,"reinexpe":0.0,"otherbizcost":0.0,"biztax":3.6263562356E8,"salesexpe":4.40262363498E9,"manaexpe":1.2713612136E9,"finexpe":8.499544634E7,"asseimpaloss":2730264.89,"biztotcostitse":null,"biztotcostform":null,"valuechgloss":0.0,"inveinco":9417421.67,"assoinveprof":-3237209.76,"exchggain":-105392.61,"futuloss":0.0,"custinco":0.0,"subsidyincome":0.0,"otherbizprof":0.0,"bizprofitse":null,"operprofform":null,"perprofit":2.33918648051E9,"nonoreve":8.313532034E7,"nonoexpe":1.60669544E7,"noncassetsdisl":834379.42,"proftotitse":null,"proftotform":null,"totprofit":2.40625484645E9,"incotaxexpe":2.7817979379E8,"unreinveloss":0.0,"netpro1itse":null,"netpro1form":null,"netprofit":2.12807505266E9,"parenetp":2.10274433896E9,"mergeformnetprof":null,"minysharrigh":2.53307137E7,"netpro2itse":null,"netpro2form":null,"basiceps":1.68,"dilutedeps":1.68,"othercompinco":null,"parecompinco":null,"minysharinco":null,"compincoamt":null,"parecompincoamt":null,"minysharincoamt":null,"earlyundiprof":null,"undisprofredu":null,"otherinto":null,"otherdistprof":null,"legalsurp":null,"welfare":null,"capitalreserve":null,"staffaward":null,"reservefund":null,"developfund":null,"profreturninvest":null,"supplycurcap":null,"avaidistshareprof":null,"preferredskdiv":null,"freesurplu":null,"dealwithdivi":null,"capitalizeddivi":null,"undisprofit":null,"selldepartgain":null,"natudisasterloss":null,"accpolicychg":null,"accestimatechg":null,"debtrestruloss":null,"othersupply":null},{"compcode":"10000974","publishdate":"20081031","begindate":"20080101","enddate":"20080930","reporttype":"100111","adjustdate":"19000101","accstacode":"2","accstaname":"新会计准则","biztotinco":3.5112433571E10,"bizinco":3.49870128848E10,"inteinco":1.2540625454E8,"earnprem":0.0,"pouninco":14431.66,"realsale":0.0,"otherbizinco":0.0,"biztotincoitse":null,"biztotincoform":null,"biztotcost":3.332412641369E10,"bizcost":2.8376630965E10,"inteexpe":6723094.01,"pounexpe":73130.57,"realsalecost":0.0,"deveexpe":0.0,"surrgold":0.0,"compnetexpe":0.0,"contress":0.0,"polidiviexpe":0.0,"reinexpe":0.0,"otherbizcost":0.0,"biztax":2.926328426E8,"salesexpe":3.67190366335E9,"manaexpe":7.9388353639E8,"finexpe":1.4864986479E8,"asseimpaloss":3.362931698E7,"biztotcostitse":null,"biztotcostform":null,"valuechgloss":0.0,"inveinco":-1520068.57,"assoinveprof":-1520068.57,"exchggain":0.0,"futuloss":0.0,"custinco":0.0,"subsidyincome":0.0,"otherbizprof":0.0,"bizprofitse":null,"operprofform":null,"perprofit":1.78678708874E9,"nonoreve":3.730943839E7,"nonoexpe":2.204453507E7,"noncassetsdisl":7126005.41,"proftotitse":null,"proftotform":null,"totprofit":1.80205199206E9,"incotaxexpe":3.3492972077E8,"unreinveloss":0.0,"netpro1itse":null,"netpro1form":null,"netprofit":1.46712227129E9,"parenetp":1.44787787064E9,"mergeformnetprof":null,"minysharrigh":1.924440065E7,"netpro2itse":null,"netpro2form":null,"basiceps":1.16,"dilutedeps":1.16,"othercompinco":null,"parecompinco":null,"minysharinco":null,"compincoamt":null,"parecompincoamt":null,"minysharincoamt":null,"earlyundiprof":null,"undisprofredu":null,"otherinto":null,"otherdistprof":null,"legalsurp":null,"welfare":null,"capitalreserve":null,"staffaward":null,"reservefund":null,"developfund":null,"profreturninvest":null,"supplycurcap":null,"avaidistshareprof":null,"preferredskdiv":null,"freesurplu":null,"dealwithdivi":null,"capitalizeddivi":null,"undisprofit":null,"selldepartgain":null,"natudisasterloss":null,"accpolicychg":null,"accestimatechg":null,"debtrestruloss":null,"othersupply":null},{"compcode":"10000974","publishdate":"20080828","begindate":"20080101","enddate":"20080630","reporttype":"100111","adjustdate":"19000101","accstacode":"2","accstaname":"新会计准则","biztotinco":2.501847734758E10,"bizinco":2.49519220105E10,"inteinco":6.654454585E7,"earnprem":null,"pouninco":10791.23,"realsale":null,"otherbizinco":null,"biztotincoitse":null,"biztotincoform":null,"biztotcost":2.378902215446E10,"bizcost":2.039613059253E10,"inteexpe":4498065.72,"pounexpe":44297.23,"realsalecost":null,"deveexpe":null,"surrgold":null,"compnetexpe":null,"contress":null,"polidiviexpe":null,"reinexpe":null,"otherbizcost":null,"biztax":1.5385503212E8,"salesexpe":2.4828737693E9,"manaexpe":5.2636836473E8,"finexpe":6.438600255E7,"asseimpaloss":1.6086603028E8,"biztotcostitse":null,"biztotcostform":null,"valuechgloss":null,"inveinco":null,"assoinveprof":null,"exchggain":null,"futuloss":null,"custinco":null,"subsidyincome":null,"otherbizprof":null,"bizprofitse":null,"operprofform":null,"perprofit":1.22945519312E9,"nonoreve":3.311669194E7,"nonoexpe":1.380351286E7,"noncassetsdisl":1053844.09,"proftotitse":null,"proftotform":null,"totprofit":1.2487683722E9,"incotaxexpe":2.3346980287E8,"unreinveloss":null,"netpro1itse":null,"netpro1form":null,"netprofit":1.01529856933E9,"parenetp":1.0042027976E9,"mergeformnetprof":null,"minysharrigh":1.109577173E7,"netpro2itse":null,"netpro2form":null,"basiceps":1.2,"dilutedeps":1.2,"othercompinco":null,"parecompinco":null,"minysharinco":null,"compincoamt":null,"parecompincoamt":null,"minysharincoamt":null,"earlyundiprof":null,"undisprofredu":null,"otherinto":null,"otherdistprof":null,"legalsurp":null,"welfare":null,"capitalreserve":null,"staffaward":null,"reservefund":null,"developfund":null,"profreturninvest":null,"supplycurcap":null,"avaidistshareprof":null,"preferredskdiv":null,"freesurplu":null,"dealwithdivi":null,"capitalizeddivi":null,"undisprofit":null,"selldepartgain":null,"natudisasterloss":null,"accpolicychg":null,"accestimatechg":null,"debtrestruloss":null,"othersupply":null},{"compcode":"10000974","publishdate":"20080423","begindate":"20080101","enddate":"20080331","reporttype":"100111","adjustdate":"19000101","accstacode":"2","accstaname":"新会计准则","biztotinco":1.079240014908E10,"bizinco":1.077304792188E10,"inteinco":1.9349835E7,"earnprem":null,"pouninco":2392.2,"realsale":null,"otherbizinco":null,"biztotincoitse":null,"biztotincoform":null,"biztotcost":1.025868630563E10,"bizcost":8.80726306651E9,"inteexpe":1362497.86,"pounexpe":15909.66,"realsalecost":null,"deveexpe":null,"surrgold":null,"compnetexpe":null,"contress":null,"polidiviexpe":null,"reinexpe":null,"otherbizcost":null,"biztax":6.698158816E7,"salesexpe":9.8931291855E8,"manaexpe":2.6567134928E8,"finexpe":3.609138314E7,"asseimpaloss":9.198759247E7,"biztotcostitse":null,"biztotcostform":null,"valuechgloss":null,"inveinco":null,"assoinveprof":null,"exchggain":null,"futuloss":null,"custinco":null,"subsidyincome":null,"otherbizprof":null,"bizprofitse":null,"operprofform":null,"perprofit":5.3371384345E8,"nonoreve":1.473753932E7,"nonoexpe":2550879.56,"noncassetsdisl":323509.34,"proftotitse":null,"proftotform":null,"totprofit":5.4590050321E8,"incotaxexpe":1.0619300225E8,"unreinveloss":null,"netpro1itse":null,"netpro1form":null,"netprofit":4.3970750096E8,"parenetp":4.3609580854E8,"mergeformnetprof":null,"minysharrigh":3611692.42,"netpro2itse":null,"netpro2form":null,"basiceps":0.52,"dilutedeps":0.52,"othercompinco":null,"parecompinco":null,"minysharinco":null,"compincoamt":null,"parecompincoamt":null,"minysharincoamt":null,"earlyundiprof":null,"undisprofredu":null,"otherinto":null,"otherdistprof":null,"legalsurp":null,"welfare":null,"capitalreserve":null,"staffaward":null,"reservefund":null,"developfund":null,"profreturninvest":null,"supplycurcap":null,"avaidistshareprof":null,"preferredskdiv":null,"freesurplu":null,"dealwithdivi":null,"capitalizeddivi":null,"undisprofit":null,"selldepartgain":null,"natudisasterloss":null,"accpolicychg":null,"accestimatechg":null,"debtrestruloss":null,"othersupply":null},{"compcode":"10000974","publishdate":"20080418","begindate":"20070101","enddate":"20071231","reporttype":"100111","adjustdate":"19000101","accstacode":"2","accstaname":"新会计准则","biztotinco":3.804131312226E10,"bizinco":3.800918475817E10,"inteinco":3.202948659E7,"earnprem":0.0,"pouninco":98877.5,"realsale":0.0,"otherbizinco":0.0,"biztotincoitse":0.0,"biztotincoform":0.0,"biztotcost":3.66654894968E10,"bizcost":3.111708855036E10,"inteexpe":7631027.37,"pounexpe":26053.71,"realsalecost":0.0,"deveexpe":0.0,"surrgold":0.0,"compnetexpe":0.0,"contress":0.0,"polidiviexpe":0.0,"reinexpe":0.0,"otherbizcost":0.0,"biztax":3.1679761741E8,"salesexpe":4.3493145272E9,"manaexpe":8.6899923723E8,"finexpe":-9742238.75,"asseimpaloss":1.537472227E7,"biztotcostitse":0.0,"biztotcostform":0.0,"valuechgloss":0.0,"inveinco":-938459.58,"assoinveprof":-614.82,"exchggain":-73371.06,"futuloss":0.0,"custinco":0.0,"subsidyincome":0.0,"otherbizprof":0.0,"bizprofitse":0.0,"operprofform":0.0,"perprofit":1.37481179482E9,"nonoreve":6.370795966E7,"nonoexpe":1.215277873E7,"noncassetsdisl":4311298.25,"proftotitse":0.0,"proftotform":0.0,"totprofit":1.42636697575E9,"incotaxexpe":1.3912716236E8,"unreinveloss":0.0,"netpro1itse":0.0,"netpro1form":0.0,"netprofit":1.28723981339E9,"parenetp":1.26975786451E9,"mergeformnetprof":4456133.14,"minysharrigh":1.748194888E7,"netpro2itse":0.0,"netpro2form":0.0,"basiceps":1.58,"dilutedeps":1.58,"othercompinco":0.0,"parecompinco":0.0,"minysharinco":0.0,"compincoamt":0.0,"parecompincoamt":0.0,"minysharincoamt":0.0,"earlyundiprof":null,"undisprofredu":null,"otherinto":null,"otherdistprof":null,"legalsurp":null,"welfare":null,"capitalreserve":null,"staffaward":null,"reservefund":null,"developfund":null,"profreturninvest":null,"supplycurcap":null,"avaidistshareprof":null,"preferredskdiv":null,"freesurplu":null,"dealwithdivi":null,"capitalizeddivi":null,"undisprofit":null,"selldepartgain":null,"natudisasterloss":null,"accpolicychg":null,"accestimatechg":null,"debtrestruloss":null,"othersupply":null},{"compcode":"10000974","publishdate":"20071031","begindate":"20070101","enddate":"20070930","reporttype":"100111","adjustdate":"19000101","accstacode":"2","accstaname":"新会计准则","biztotinco":2.935876517599E10,"bizinco":2.933809596426E10,"inteinco":2.057076355E7,"earnprem":null,"pouninco":98448.18,"realsale":null,"otherbizinco":null,"biztotincoitse":null,"biztotincoform":null,"biztotcost":2.846974096901E10,"bizcost":2.389391132584E10,"inteexpe":4562180.85,"pounexpe":19753.33,"realsalecost":null,"deveexpe":null,"surrgold":null,"compnetexpe":null,"contress":null,"polidiviexpe":null,"reinexpe":null,"otherbizcost":null,"biztax":2.1786012176E8,"salesexpe":3.64908844236E9,"manaexpe":6.1876323484E8,"finexpe":2.863461975E7,"asseimpaloss":5.690129028E7,"biztotcostitse":null,"biztotcostform":null,"valuechgloss":null,"inveinco":-721127.24,"assoinveprof":-821091.23,"exchggain":-56933.84,"futuloss":null,"custinco":null,"subsidyincome":null,"otherbizprof":null,"bizprofitse":null,"operprofform":null,"perprofit":8.882461459E8,"nonoreve":2.589255408E7,"nonoexpe":4274569.28,"noncassetsdisl":134093.68,"proftotitse":null,"proftotform":null,"totprofit":9.098641307E8,"incotaxexpe":1.3780811736E8,"unreinveloss":null,"netpro1itse":null,"netpro1form":null,"netprofit":7.7205601334E8,"parenetp":7.6235393321E8,"mergeformnetprof":null,"minysharrigh":9702080.13,"netpro2itse":null,"netpro2form":null,"basiceps":0.95,"dilutedeps":0.95,"othercompinco":null,"parecompinco":null,"minysharinco":null,"compincoamt":null,"parecompincoamt":null,"minysharincoamt":null,"earlyundiprof":null,"undisprofredu":null,"otherinto":null,"otherdistprof":null,"legalsurp":null,"welfare":null,"capitalreserve":null,"staffaward":null,"reservefund":null,"developfund":null,"profreturninvest":null,"supplycurcap":null,"avaidistshareprof":null,"preferredskdiv":null,"freesurplu":null,"dealwithdivi":null,"capitalizeddivi":null,"undisprofit":null,"selldepartgain":null,"natudisasterloss":null,"accpolicychg":null,"accestimatechg":null,"debtrestruloss":null,"othersupply":null},{"compcode":"10000974","publishdate":"20070813","begindate":"20070101","enddate":"20070630","reporttype":"100111","adjustdate":"19000101","accstacode":"2","accstaname":"新会计准则","biztotinco":2.005156573365E10,"bizinco":2.005156573365E10,"inteinco":null,"earnprem":null,"pouninco":null,"realsale":null,"otherbizinco":null,"biztotincoitse":null,"biztotincoform":null,"biztotcost":1.950379052452E10,"bizcost":1.638712344609E10,"inteexpe":null,"pounexpe":null,"realsalecost":null,"deveexpe":null,"surrgold":null,"compnetexpe":null,"contress":null,"polidiviexpe":null,"reinexpe":null,"otherbizcost":null,"biztax":1.5057212029E8,"salesexpe":2.44103850983E9,"manaexpe":3.9120320194E8,"finexpe":1.143961872E7,"asseimpaloss":1.2241362765E8,"biztotcostitse":null,"biztotcostform":null,"valuechgloss":null,"inveinco":590158.2,"assoinveprof":590158.2,"exchggain":null,"futuloss":null,"custinco":null,"subsidyincome":null,"otherbizprof":null,"bizprofitse":null,"operprofform":null,"perprofit":5.4836536733E8,"nonoreve":2.162324879E7,"nonoexpe":3487248.04,"noncassetsdisl":null,"proftotitse":null,"proftotform":null,"totprofit":5.6650136808E8,"incotaxexpe":7.911211646E7,"unreinveloss":null,"netpro1itse":null,"netpro1form":null,"netprofit":4.8738925162E8,"parenetp":4.8550949714E8,"mergeformnetprof":null,"minysharrigh":1879754.48,"netpro2itse":null,"netpro2form":null,"basiceps":0.6,"dilutedeps":0.6,"othercompinco":null,"parecompinco":null,"minysharinco":null,"compincoamt":null,"parecompincoamt":null,"minysharincoamt":null,"earlyundiprof":null,"undisprofredu":null,"otherinto":null,"otherdistprof":null,"legalsurp":null,"welfare":null,"capitalreserve":null,"staffaward":null,"reservefund":null,"developfund":null,"profreturninvest":null,"supplycurcap":null,"avaidistshareprof":null,"preferredskdiv":null,"freesurplu":null,"dealwithdivi":null,"capitalizeddivi":null,"undisprofit":null,"selldepartgain":null,"natudisasterloss":null,"accpolicychg":null,"accestimatechg":null,"debtrestruloss":null,"othersupply":null},{"compcode":"10000974","publishdate":"20070425","begindate":"20070101","enddate":"20070331","reporttype":"100111","adjustdate":"19000101","accstacode":"2","accstaname":"新会计准则","biztotinco":7.06348718829E9,"bizinco":7.06348718829E9,"inteinco":0.0,"earnprem":0.0,"pouninco":0.0,"realsale":0.0,"otherbizinco":0.0,"biztotincoitse":0.0,"biztotincoform":0.0,"biztotcost":6.87960264626E9,"bizcost":5.74060157696E9,"inteexpe":0.0,"pounexpe":0.0,"realsalecost":0.0,"deveexpe":0.0,"surrgold":0.0,"compnetexpe":0.0,"contress":0.0,"polidiviexpe":0.0,"reinexpe":0.0,"otherbizcost":0.0,"biztax":7.19758629E7,"salesexpe":7.6372011385E8,"manaexpe":1.8313031893E8,"finexpe":-3027559.12,"asseimpaloss":1.2320233274E8,"biztotcostitse":0.0,"biztotcostform":0.0,"valuechgloss":0.0,"inveinco":324192.33,"assoinveprof":324192.33,"exchggain":0.0,"futuloss":0.0,"custinco":0.0,"subsidyincome":0.0,"otherbizprof":0.0,"bizprofitse":0.0,"operprofform":0.0,"perprofit":1.8420873436E8,"nonoreve":2830902.87,"nonoexpe":2359382.27,"noncassetsdisl":0.0,"proftotitse":0.0,"proftotform":0.0,"totprofit":1.8468025496E8,"incotaxexpe":2.682372619E7,"unreinveloss":4831530.98,"netpro1itse":0.0,"netpro1form":0.0,"netprofit":1.5785652877E8,"parenetp":1.6407662239E8,"mergeformnetprof":0.0,"minysharrigh":-1388562.64,"netpro2itse":0.0,"netpro2form":0.0,"basiceps":0.2,"dilutedeps":0.2,"othercompinco":0.0,"parecompinco":0.0,"minysharinco":0.0,"compincoamt":0.0,"parecompincoamt":0.0,"minysharincoamt":0.0,"earlyundiprof":null,"undisprofredu":null,"otherinto":null,"otherdistprof":null,"legalsurp":null,"welfare":null,"capitalreserve":null,"staffaward":null,"reservefund":null,"developfund":null,"profreturninvest":null,"supplycurcap":null,"avaidistshareprof":null,"preferredskdiv":null,"freesurplu":null,"dealwithdivi":null,"capitalizeddivi":null,"undisprofit":null,"selldepartgain":null,"natudisasterloss":null,"accpolicychg":null,"accestimatechg":null,"debtrestruloss":null,"othersupply":null},{"compcode":"10000974","publishdate":"20070412","begindate":"20060101","enddate":"20061231","reporttype":"100111","adjustdate":"20080418","accstacode":"2","accstaname":"新会计准则","biztotinco":2.635791597808E10,"bizinco":2.633426748535E10,"inteinco":2.364831123E7,"earnprem":null,"pouninco":181.5,"realsale":null,"otherbizinco":null,"biztotincoitse":null,"biztotincoform":null,"biztotcost":2.553053086032E10,"bizcost":2.152464760927E10,"inteexpe":330428.45,"pounexpe":10137.73,"realsalecost":null,"deveexpe":null,"surrgold":0.0,"compnetexpe":0.0,"contress":null,"polidiviexpe":0.0,"reinexpe":0.0,"otherbizcost":null,"biztax":2.2713606493E8,"salesexpe":2.94815839867E9,"manaexpe":8.0187727985E8,"finexpe":-4441138.2,"asseimpaloss":3.281207962E7,"biztotcostitse":null,"biztotcostform":null,"valuechgloss":0.0,"inveinco":-121137.72,"assoinveprof":-544632.17,"exchggain":-42334.94,"futuloss":null,"custinco":null,"subsidyincome":null,"otherbizprof":null,"bizprofitse":null,"operprofform":null,"perprofit":8.272216451E8,"nonoreve":3.379430996E7,"nonoexpe":1.226259714E7,"noncassetsdisl":1791827.95,"proftotitse":null,"proftotform":null,"totprofit":8.4875335792E8,"incotaxexpe":1.4671934656E8,"unreinveloss":null,"netpro1itse":null,"netpro1form":null,"netprofit":7.0203401136E8,"parenetp":6.9174180809E8,"mergeformnetprof":null,"minysharrigh":1.029220327E7,"netpro2itse":null,"netpro2form":null,"basiceps":0.86,"dilutedeps":0.86,"othercompinco":null,"parecompinco":null,"minysharinco":null,"compincoamt":null,"parecompincoamt":null,"minysharincoamt":null,"earlyundiprof":null,"undisprofredu":null,"otherinto":null,"otherdistprof":null,"legalsurp":null,"welfare":null,"capitalreserve":null,"staffaward":null,"reservefund":null,"developfund":null,"profreturninvest":null,"supplycurcap":null,"avaidistshareprof":null,"preferredskdiv":null,"freesurplu":null,"dealwithdivi":null,"capitalizeddivi":null,"undisprofit":null,"selldepartgain":null,"natudisasterloss":null,"accpolicychg":null,"accestimatechg":null,"debtrestruloss":null,"othersupply":null}],"comptype":4,"name":"格力电器"}