{"list":[{"bonusimpdate":"20170629","bonusyear":"2016","cur":"人民币","bonusskratio":null,"tranaddskraio":null,"recorddate":"20170704","exrightdate":"20170705","cdividend":18.0,"fdividendbh":0.0,"tranaddsklistdate":null,"bonussklistdate":null,"tranaddskaccday":null,"bonusskaccday":null,"symbol":null,"secode":"2010001175","divitype":"A","taxfdividendbh":0.0,"taxcdividend":18.0,"divibegdate":"20170705","summarize":"10派18"},{"bonusimpdate":"20160701","bonusyear":"2015","cur":"人民币","bonusskratio":null,"tranaddskraio":null,"recorddate":"20160706","exrightdate":"20160707","cdividend":15.0,"fdividendbh":0.0,"tranaddsklistdate":null,"bonussklistdate":null,"tranaddskaccday":null,"bonusskaccday":null,"symbol":null,"secode":"2010001175","divitype":"A","taxfdividendbh":0.0,"taxcdividend":15.0,"divibegdate":"20160707","summarize":"10派15"},{"bonusimpdate":"20150625","bonusyear":"2014","cur":"人民币","bonusskratio":null,"tranaddskraio":10.0,"recorddate":"20150702","exrightdate":"20150703","cdividend":30.0,"fdividendbh":0.0,"tranaddsklistdate":"20150703","bonussklistdate":null,"tranaddskaccday":"20150703","bonusskaccday":null,"symbol":null,"secode":"2010001175","divitype":"AC","taxfdividendbh":0.0,"taxcdividend":28.5,"divibegdate":"20150703","summarize":"10转10派30"},{"bonusimpdate":"20140528","bonusyear":"2013","cur":"人民币","bonusskratio":null,"tranaddskraio":null,"recorddate":"20140605","exrightdate":"20140606","cdividend":15.0,"fdividendbh":0.0,"tranaddsklistdate":null,"bonussklistdate":null,"tranaddskaccday":null,"bonusskaccday":null,"symbol":null,"secode":"2010001175","divitype":"A","taxfdividendbh":0.0,"taxcdividend":14.25,"divibegdate":"20140606","summarize":"10派15"},{"bonusimpdate":"20130703","bonusyear":"2012","cur":"人民币","bonusskratio":null,"tranaddskraio":null,"recorddate":"20130710","exrightdate":"20130711","cdividend":10.0,"fdividendbh":0.0,"tranaddsklistdate":null,"bonussklistdate":null,"tranaddskaccday":null,"bonusskaccday":null,"symbol":null,"secode":"2010001175","divitype":"A","taxfdividendbh":0.0,"taxcdividend":9.5,"divibegdate":"20130711","summarize":"10派10"},{"bonusimpdate":"20120629","bonusyear":"2011","cur":"人民币","bonusskratio":null,"tranaddskraio":null,"recorddate":"20120705","exrightdate":"20120706","cdividend":5.0,"fdividendbh":0.0,"tranaddsklistdate":null,"bonussklistdate":null,"tranaddskaccday":null,"bonusskaccday":null,"symbol":null,"secode":"2010001175","divitype":"A","taxfdividendbh":0.0,"taxcdividend":4.5,"divibegdate":"20120706","summarize":"10派5"},{"bonusimpdate":"20110524","bonusyear":"2010","cur":"人民币","bonusskratio":null,"tranaddskraio":null,"recorddate":"20110530","exrightdate":"20110531","cdividend":3.0,"fdividendbh":0.0,"tranaddsklistdate":null,"bonussklistdate":null,"tranaddskaccday":null,"bonusskaccday":null,"symbol":null,"secode":"2010001175","divitype":"A","taxfdividendbh":0.0,"taxcdividend":2.7,"divibegdate":"20110531","summarize":"10派3"},{"bonusimpdate":"20100706","bonusyear":"2009","cur":"人民币","bonusskratio":5.0,"tranaddskraio":null,"recorddate":"20100712","exrightdate":"20100713","cdividend":5.0,"fdividendbh":0.0,"tranaddsklistdate":null,"bonussklistdate":"20100713","tranaddskaccday":null,"bonusskaccday":"20100713","symbol":null,"secode":"2010001175","divitype":"AB","taxfdividendbh":0.0,"taxcdividend":4.0,"divibegdate":"20100713","summarize":"10送5派5"},{"bonusimpdate":"20090526","bonusyear":"2008","cur":"人民币","bonusskratio":null,"tranaddskraio":5.0,"recorddate":"20090602","exrightdate":"20090603","cdividend":3.0,"fdividendbh":0.0,"tranaddsklistdate":"20090603","bonussklistdate":null,"tranaddskaccday":"20090603","bonusskaccday":null,"symbol":null,"secode":"2010001175","divitype":"AC","taxfdividendbh":0.0,"taxcdividend":2.7,"divibegdate":"20090603","summarize":"10转5派3"},{"bonusimpdate":"20080708","bonusyear":"2007","cur":"人民币","bonusskratio":null,"tranaddskraio":5.0,"recorddate":"20080711","exrightdate":"20080714","cdividend":3.0,"fdividendbh":0.0,"tranaddsklistdate":"20080714","bonussklistdate":null,"tranaddskaccday":"20080714","bonusskaccday":null,"symbol":null,"secode":"2010001175","divitype":"AC","taxfdividendbh":0.0,"taxcdividend":2.7,"divibegdate":"20080714","summarize":"10转5派3"},{"bonusimpdate":"20060705","bonusyear":"2005","cur":"人民币","bonusskratio":null,"tranaddskraio":5.0,"recorddate":"20060710","exrightdate":"20060711","cdividend":4.0,"fdividendbh":0.0,"tranaddsklistdate":"20060711","bonussklistdate":null,"tranaddskaccday":"20060711","bonusskaccday":null,"symbol":null,"secode":"2010001175","divitype":"AC","taxfdividendbh":0.0,"taxcdividend":3.6,"divibegdate":"20060711","summarize":"10转5派4"},{"bonusimpdate":"20050401","bonusyear":"2004","cur":"人民币","bonusskratio":null,"tranaddskraio":null,"recorddate":"20050407","exrightdate":"20050408","cdividend":3.8,"fdividendbh":0.0,"tranaddsklistdate":null,"bonussklistdate":null,"tranaddskaccday":null,"bonusskaccday":null,"symbol":null,"secode":"2010001175","divitype":"A","taxfdividendbh":0.0,"taxcdividend":3.04,"divibegdate":"20050408","summarize":"10派3.8"},{"bonusimpdate":"20040624","bonusyear":"2003","cur":"人民币","bonusskratio":null,"tranaddskraio":null,"recorddate":"20040629","exrightdate":"20040630","cdividend":3.3,"fdividendbh":0.0,"tranaddsklistdate":null,"bonussklistdate":null,"tranaddskaccday":null,"bonusskaccday":null,"symbol":null,"secode":"2010001175","divitype":"A","taxfdividendbh":0.0,"taxcdividend":2.64,"divibegdate":"20040630","summarize":"10派3.3"},{"bonusimpdate":"20030620","bonusyear":"2002","cur":"人民币","bonusskratio":null,"tranaddskraio":null,"recorddate":"20030626","exrightdate":"20030627","cdividend":3.2,"fdividendbh":0.0,"tranaddsklistdate":null,"bonussklistdate":null,"tranaddskaccday":null,"bonusskaccday":null,"symbol":null,"secode":"2010001175","divitype":"A","taxfdividendbh":0.0,"taxcdividend":2.56,"divibegdate":"20030627","summarize":"10派3.2"},{"bonusimpdate":"20020606","bonusyear":"2001","cur":"人民币","bonusskratio":null,"tranaddskraio":null,"recorddate":"20020612","exrightdate":"20020613","cdividend":3.0,"fdividendbh":0.0,"tranaddsklistdate":null,"bonussklistdate":null,"tranaddskaccday":null,"bonusskaccday":null,"symbol":null,"secode":"2010001175","divitype":"A","taxfdividendbh":0.0,"taxcdividend":2.4,"divibegdate":"20020613","summarize":"10派3"},{"bonusimpdate":"20010529","bonusyear":"2000","cur":"人民币","bonusskratio":null,"tranaddskraio":5.0,"recorddate":"20010604","exrightdate":"20010605","cdividend":4.0,"fdividendbh":0.0,"tranaddsklistdate":"20010606","bonussklistdate":null,"tranaddskaccday":"20010606","bonusskaccday":null,"symbol":null,"secode":"2010001175","divitype":"AC","taxfdividendbh":0.0,"taxcdividend":3.2,"divibegdate":"20010606","summarize":"10转5派4"},{"bonusimpdate":"20000606","bonusyear":"1999","cur":"人民币","bonusskratio":null,"tranaddskraio":null,"recorddate":"20000612","exrightdate":"20000613","cdividend":4.0,"fdividendbh":0.0,"tranaddsklistdate":null,"bonussklistdate":null,"tranaddskaccday":null,"bonusskaccday":null,"symbol":null,"secode":"2010001175","divitype":"A","taxfdividendbh":0.0,"taxcdividend":3.2,"divibegdate":"20000614","summarize":"10派4"},{"bonusimpdate":"19990615","bonusyear":"1998","cur":"人民币","bonusskratio":null,"tranaddskraio":null,"recorddate":"19990618","exrightdate":"19990621","cdividend":4.0,"fdividendbh":0.0,"tranaddsklistdate":null,"bonussklistdate":null,"tranaddskaccday":null,"bonusskaccday":null,"symbol":null,"secode":"2010001175","divitype":"A","taxfdividendbh":0.0,"taxcdividend":3.3134,"divibegdate":"19990625","summarize":"10派4"},{"bonusimpdate":"19980904","bonusyear":"1998","cur":"人民币","bonusskratio":null,"tranaddskraio":10.0,"recorddate":"19980910","exrightdate":"19980911","cdividend":null,"fdividendbh":0.0,"tranaddsklistdate":"19980915","bonussklistdate":null,"tranaddskaccday":"19980915","bonusskaccday":null,"symbol":null,"secode":"2010001175","divitype":"C","taxfdividendbh":0.0,"taxcdividend":null,"divibegdate":null,"summarize":"10转10"},{"bonusimpdate":"19971107","bonusyear":"1996","cur":"人民币","bonusskratio":null,"tranaddskraio":null,"recorddate":"19971117","exrightdate":"19971118","cdividend":10.0,"fdividendbh":0.0,"tranaddsklistdate":null,"bonussklistdate":null,"tranaddskaccday":null,"bonusskaccday":null,"symbol":null,"secode":"2010001175","divitype":"A","taxfdividendbh":0.0,"taxcdividend":8.1494,"divibegdate":"19971124","summarize":"10派10"},{"bonusimpdate":"19961220","bonusyear":"1995","cur":"人民币","bonusskratio":10.0,"tranaddskraio":null,"recorddate":"19961226","exrightdate":"19961230","cdividend":null,"fdividendbh":0.0,"tranaddsklistdate":null,"bonussklistdate":"19961231","tranaddskaccday":null,"bonusskaccday":null,"symbol":null,"secode":"2010001175","divitype":"B","taxfdividendbh":0.0,"taxcdividend":null,"divibegdate":null,"summarize":"10送10"}]}