{"SZ000651":{"symbol":"SZ000651","exchange":"SZ","code":"000651","name":"格力电器","current":"48.88","percentage":"-2.04","change":"-1.02","open":"47.9","high":"49.2","low":"46.41","close":"48.88","last_close":"49.9","high52week":"58.7","low52week":"27.92","volume":"8.9701743E7","lot_volume":"897017.43","volumeAverage":"75551446","marketCapital":"2.9404892531664E11","eps":"2.57","pe_ttm":"14.962","pe_lyr":"19.068","beta":"0.0","totalShares":"6015730878","time":"Fri Mar 23 15:04:03 +0800 2018","afterHours":"0.0","afterHoursPct":"0.0","afterHoursChg":"0.0","updateAt":"1516104006404","dividend":"1.8","yield":"3.68","turnover_rate":"1.50%","instOwn":"0.0","rise_stop":"54.89","fall_stop":"44.91","currency_unit":"CNY","amount":"4.31333127E9","net_assets":"9.7451","hasexist":"","has_warrant":"0","type":"11","flag":"1","rest_day":"","amplitude":"5.59%","market_status":"休市","lot_size":"100","min_order_quantity":"0","max_order_quantity":"0","tick_size":"0.01","variable_tick_size":"","kzz_stock_symbol":"","kzz_stock_name":"","kzz_stock_current":"0.0","kzz_convert_price":"0.0","kzz_covert_value":"0.0","kzz_cpr":"0.0","kzz_putback_price":"0.0","kzz_convert_time":"","kzz_redempt_price":"0.0","kzz_straight_price":"0.0","kzz_stock_percent":"","pb":"5.02","benefit_before_tax":"0.0","benefit_after_tax":"0.0","convert_bond_ratio":"","totalissuescale":"","outstandingamt":"","maturitydate":"","remain_year":"","convertrate":"0.0","interestrtmemo":"","release_date":"","circulation":"0.0","par_value":"0.0","due_time":"0.0","value_date":"","due_date":"","publisher":"","redeem_type":"T","issue_type":"3","bond_type":"","warrant":"","sale_rrg":"","rate":"","after_hour_vol":"0","float_shares":"5970491879","float_market_capital":"2.9183764304552E11","disnext_pay_date":"","convert_rate":"0.0","volume_ratio":"1.62","percent5m":"0.12","pankou_ratio":"66.45%","psr":"2.1503"}}