{"SZ000799": {"value_date": "", "kzz_convert_time": "", "code": "000799", "kzz_stock_name": "", "remain_year": "", "marketCapital": "9.617897808E9", "sale_rrg": "", "current": "29.60", "tick_size": "0.01", "fall_stop": "26.0", "outstandingamt": "", "after_hour_vol": "0", "kzz_covert_value": "0.0", "warrant": "", "due_date": "", "kzz_redempt_price": "0.0", "high52week": "31.49", "psr": "12.4566", "afterHoursPct": "0.0", "currency_unit": "CNY", "name": "\u9152\u9b3c\u9152", "yield": "0.37", "lot_size": "100", "low52week": "16.24", "convert_bond_ratio": "", "rate": "", "close": "29.6", "turnover_rate": "13.37%", "afterHoursChg": "0.0", "kzz_stock_percent": "", "percent5m": "0.0", "volume_ratio": "1.37", "exchange": "SZ", "last_close": "28.89", "redeem_type": "F", "dividend": "0.11", "lot_volume": "299687.11", "change": "0.71", "publisher": "", "kzz_convert_price": "0.0", "hasexist": "", "amount": "8.7910529533E8", "issue_type": "3", "has_warrant": "0", "pankou_ratio": "34.48%", "pe_lyr": "88.5753", "benefit_before_tax": "0.0", "convert_rate": "0.0", "afterHours": "0.0", "par_value": "0.0", "maturitydate": "", "open": "28.71", "convertrate": "0.0", "kzz_stock_symbol": "", "pb": "4.94", "kzz_stock_current": "0.0", "low": "28.61", "time": "Fri Nov 03 15:04:03 +0800 2017", "percentage": "2.46", "type": "11", "rise_stop": "31.78", "kzz_cpr": "0.0", "benefit_after_tax": "0.0", "net_assets": "5.989", "volume": "2.9968711E7", "flag": "1", "updateAt": "1493007249186", "totalissuescale": "", "circulation": "0.0", "amplitude": "4.67%", "release_date": "", "kzz_straight_price": "0.0", "interestrtmemo": "", "float_market_capital": "6.6363699944E9", "high": "29.96", "pe_ttm": "60.3102", "market_status": "\u4f11\u5e02", "max_order_quantity": "0", "due_time": "0.0", "min_order_quantity": "0", "volumeAverage": "12324789", "bond_type": "", "symbol": "SZ000799", "instOwn": "0.0", "rest_day": "", "beta": "0.0", "variable_tick_size": "", "eps": "0.36", "float_shares": "224201689", "totalShares": "324928980", "disnext_pay_date": "", "kzz_putback_price": "0.0"}}