{"SZ000972":{"symbol":"SZ000972","exchange":"SZ","code":"000972","name":"*ST中基","current":"4.17","percentage":"3.99","change":"0.16","open":"4.01","high":"4.19","low":"3.96","close":"4.17","last_close":"4.01","high52week":"6.7","low52week":"2.99","volume":"9469015.0","lot_volume":"94690.15","volumeAverage":"0","marketCapital":"3.21625252443E9","eps":"0.1","pe_ttm":"","pe_lyr":"","beta":"0.0","totalShares":"771283579","time":"Tue Mar 20 15:04:03 +0800 2018","afterHours":"0.0","afterHoursPct":"0.0","afterHoursChg":"0.0","updateAt":"1510121113054","dividend":"0.0","yield":"0.0","turnover_rate":"1.23%","instOwn":"0.0","rise_stop":"4.21","fall_stop":"3.81","currency_unit":"CNY","amount":"3.900847874E7","net_assets":"1.1838","hasexist":"","has_warrant":"0","type":"11","flag":"1","rest_day":"","amplitude":"5.74%","market_status":"已收盘","lot_size":"100","min_order_quantity":"0","max_order_quantity":"0","tick_size":"0.01","variable_tick_size":"","kzz_stock_symbol":"","kzz_stock_name":"","kzz_stock_current":"0.0","kzz_convert_price":"0.0","kzz_covert_value":"0.0","kzz_cpr":"0.0","kzz_putback_price":"0.0","kzz_convert_time":"","kzz_redempt_price":"0.0","kzz_straight_price":"0.0","kzz_stock_percent":"","pb":"3.52","benefit_before_tax":"0.0","benefit_after_tax":"0.0","convert_bond_ratio":"","totalissuescale":"","outstandingamt":"","maturitydate":"","remain_year":"","convertrate":"0.0","interestrtmemo":"","release_date":"","circulation":"0.0","par_value":"0.0","due_time":"0.0","value_date":"","due_date":"","publisher":"","redeem_type":"F","issue_type":"","bond_type":"","warrant":"","sale_rrg":"","rate":"","after_hour_vol":"0","float_shares":"771283579","float_market_capital":"3.21625252443E9","disnext_pay_date":"","convert_rate":"0.0","volume_ratio":"1.29","percent5m":"0.0","pankou_ratio":"-82.38%","psr":"4.9933"}}