{"SH600340": {"redeem_type": "T", "kzz_convert_time": "", "code": "600340", "kzz_stock_name": "", "remain_year": "", "marketCapital": "9.095325970302E10", "sale_rrg": "", "current": "30.78", "tick_size": "0.01", "fall_stop": "27.58", "outstandingamt": "", "after_hour_vol": "0", "kzz_covert_value": "0.0", "afterHoursTime": "Wed Oct 19 21:59:01 -0400 2011", "warrant": "", "due_date": "", "kzz_redempt_price": "0.0", "high52week": "47.64", "psr": "1.5484", "afterHoursPct": "0.0", "currency_unit": "CNY", "name": "\u534e\u590f\u5e78\u798f", "yield": "2.15", "lot_size": "100", "low52week": "22.87", "convert_bond_ratio": "", "rate": "", "close": "30.78", "turnover_rate": "0.34%", "afterHoursChg": "0.0", "kzz_stock_percent": "", "percent5m": "-0.03", "volume_ratio": "0.7", "exchange": "SH", "last_close": "30.64", "dividend": "0.66", "lot_volume": "100311.86", "change": "0.14", "publisher": "", "kzz_convert_price": "0.0", "hasexist": "", "amount": "3.08150728E8", "issue_type": "1", "has_warrant": "0", "pankou_ratio": "-48.11%", "pe_lyr": "14.011", "benefit_before_tax": "0.0", "convert_rate": "0.0", "afterHours": "0.0", "par_value": "0.0", "maturitydate": "", "open": "30.68", "convertrate": "0.0", "kzz_stock_symbol": "", "pb": "3.43", "kzz_stock_current": "0.0", "low": "30.5", "time": "Mon Oct 23 14:59:57 +0800 2017", "percentage": "0.46", "type": "11", "rise_stop": "33.7", "kzz_cpr": "0.0", "benefit_after_tax": "0.0", "net_assets": "8.9791", "volume": "1.0031186E7", "flag": "1", "updateAt": "1508558401066", "totalissuescale": "", "circulation": "0.0", "amplitude": "1.17%", "release_date": "", "kzz_straight_price": "0.0", "interestrtmemo": "", "float_market_capital": "9.095325970302E10", "high": "30.86", "pe_ttm": "11.5099", "market_status": "\u5df2\u6536\u76d8", "max_order_quantity": "0", "due_time": "0.0", "min_order_quantity": "0", "volumeAverage": "17515092", "bond_type": "", "symbol": "SH600340", "instOwn": "0.0", "rest_day": "", "beta": "0.0", "variable_tick_size": "", "eps": "1.82", "value_date": "", "float_shares": "2954946709", "totalShares": "2954946709", "disnext_pay_date": "", "kzz_putback_price": "0.0"}}