{"list":[{"bonusimpdate":"20170607","bonusyear":"2016","cur":"人民币","bonusskratio":null,"tranaddskraio":null,"recorddate":"20170612","exrightdate":"20170613","cdividend":6.6,"fdividendbh":0.0,"tranaddsklistdate":null,"bonussklistdate":null,"tranaddskaccday":null,"bonusskaccday":null,"symbol":null,"secode":"2010000302","divitype":"A","taxfdividendbh":0.0,"taxcdividend":6.6,"divibegdate":"20170613","summarize":"10派6.6"},{"bonusimpdate":"20160511","bonusyear":"2015","cur":"人民币","bonusskratio":null,"tranaddskraio":null,"recorddate":"20160516","exrightdate":"20160517","cdividend":5.4,"fdividendbh":0.0,"tranaddsklistdate":null,"bonussklistdate":null,"tranaddskaccday":null,"bonusskaccday":null,"symbol":null,"secode":"2010000302","divitype":"A","taxfdividendbh":0.0,"taxcdividend":5.4,"divibegdate":"20160517","summarize":"10派5.4"},{"bonusimpdate":"20150424","bonusyear":"2014","cur":"人民币","bonusskratio":10.0,"tranaddskraio":null,"recorddate":"20150430","exrightdate":"20150504","cdividend":8.0,"fdividendbh":0.0,"tranaddsklistdate":null,"bonussklistdate":"20150505","tranaddskaccday":null,"bonusskaccday":"20150504","symbol":null,"secode":"2010000302","divitype":"AB","taxfdividendbh":0.0,"taxcdividend":7.1,"divibegdate":"20150504","summarize":"10送10派8"},{"bonusimpdate":"20140515","bonusyear":"2013","cur":"人民币","bonusskratio":null,"tranaddskraio":null,"recorddate":"20140520","exrightdate":"20140521","cdividend":1.5,"fdividendbh":0.0,"tranaddsklistdate":null,"bonussklistdate":null,"tranaddskaccday":null,"bonusskaccday":null,"symbol":null,"secode":"2010000302","divitype":"A","taxfdividendbh":0.0,"taxcdividend":1.425,"divibegdate":"20140526","summarize":"10派1.5"},{"bonusimpdate":"20130927","bonusyear":"2013","cur":"人民币","bonusskratio":5.0,"tranaddskraio":null,"recorddate":"20131009","exrightdate":"20131010","cdividend":1.5,"fdividendbh":0.0,"tranaddsklistdate":null,"bonussklistdate":"20131011","tranaddskaccday":null,"bonusskaccday":"20131010","symbol":null,"secode":"2010000302","divitype":"AB","taxfdividendbh":0.0,"taxcdividend":1.175,"divibegdate":"20131015","summarize":"10送5派1.5"},{"bonusimpdate":"20130529","bonusyear":"2012","cur":"人民币","bonusskratio":null,"tranaddskraio":null,"recorddate":"20130603","exrightdate":"20130604","cdividend":2.3,"fdividendbh":0.0,"tranaddsklistdate":null,"bonussklistdate":null,"tranaddskaccday":null,"bonusskaccday":null,"symbol":null,"secode":"2010000302","divitype":"A","taxfdividendbh":0.0,"taxcdividend":2.185,"divibegdate":"20130607","summarize":"10派2.3"},{"bonusimpdate":"20120503","bonusyear":"2011","cur":"人民币","bonusskratio":3.0,"tranaddskraio":2.0,"recorddate":"20120508","exrightdate":"20120509","cdividend":2.0,"fdividendbh":0.0,"tranaddsklistdate":"20120510","bonussklistdate":"20120510","tranaddskaccday":"20120509","bonusskaccday":"20120509","symbol":null,"secode":"2010000302","divitype":"ABC","taxfdividendbh":0.0,"taxcdividend":1.5,"divibegdate":"20120514","summarize":"10送3转2派2"},{"bonusimpdate":"20110526","bonusyear":"2010","cur":"人民币","bonusskratio":null,"tranaddskraio":6.0,"recorddate":"20110531","exrightdate":"20110601","cdividend":null,"fdividendbh":0.0,"tranaddsklistdate":"20110602","bonussklistdate":null,"tranaddskaccday":"20110602","bonusskaccday":null,"symbol":null,"secode":"2010000302","divitype":"C","taxfdividendbh":0.0,"taxcdividend":null,"divibegdate":null,"summarize":"10转6"},{"bonusimpdate":"20060705","bonusyear":"2005","cur":"人民币","bonusskratio":null,"tranaddskraio":5.25,"recorddate":"20060710","exrightdate":"20060711","cdividend":null,"fdividendbh":0.0,"tranaddsklistdate":"20060712","bonussklistdate":null,"tranaddskaccday":"20060711","bonusskaccday":null,"symbol":null,"secode":"2010000302","divitype":"C","taxfdividendbh":0.0,"taxcdividend":null,"divibegdate":null,"summarize":"10转5.25"},{"bonusimpdate":"20050623","bonusyear":"2004","cur":"人民币","bonusskratio":null,"tranaddskraio":null,"recorddate":"20050628","exrightdate":"20050629","cdividend":2.0,"fdividendbh":0.0,"tranaddsklistdate":null,"bonussklistdate":null,"tranaddskaccday":null,"bonusskaccday":null,"symbol":null,"secode":"2010000302","divitype":"A","taxfdividendbh":0.0,"taxcdividend":1.8,"divibegdate":"20050704","summarize":"10派2"},{"bonusimpdate":"20040515","bonusyear":"2003","cur":"人民币","bonusskratio":null,"tranaddskraio":null,"recorddate":"20040521","exrightdate":"20040524","cdividend":2.0,"fdividendbh":0.0,"tranaddsklistdate":null,"bonussklistdate":null,"tranaddskaccday":null,"bonusskaccday":null,"symbol":null,"secode":"2010000302","divitype":"A","taxfdividendbh":0.0,"taxcdividend":1.6,"divibegdate":"20040527","summarize":"10派2"}]}