{"SH600340":{"symbol":"SH600340","exchange":"SH","code":"600340","name":"华夏幸福","current":"34.57","percentage":"0.23","change":"0.08","open":"34.18","high":"34.73","low":"33.88","close":"34.57","last_close":"34.49","high52week":"47.64","low52week":"25.61","volume":"2.2020485E7","lot_volume":"220204.85","volumeAverage":"17515092","marketCapital":"1.0215250773013E11","eps":"2.02","pe_ttm":"12.586","pe_lyr":"15.736","beta":"0.0","totalShares":"2954946709","time":"Tue Mar 20 14:59:59 +0800 2018","afterHours":"0.0","afterHoursPct":"0.0","afterHoursChg":"0.0","afterHoursTime":"Wed Oct 19 21:59:01 -0400 2011","updateAt":"1520328644098","dividend":"0.66","yield":"1.91","turnover_rate":"0.75%","instOwn":"0.0","rise_stop":"37.94","fall_stop":"31.04","currency_unit":"CNY","amount":"7.55759226E8","net_assets":"9.121","hasexist":"","has_warrant":"0","type":"11","flag":"1","rest_day":"","amplitude":"2.46%","market_status":"已收盘","lot_size":"100","min_order_quantity":"0","max_order_quantity":"0","tick_size":"0.01","variable_tick_size":"","kzz_stock_symbol":"","kzz_stock_name":"","kzz_stock_current":"0.0","kzz_convert_price":"0.0","kzz_covert_value":"0.0","kzz_cpr":"0.0","kzz_putback_price":"0.0","kzz_convert_time":"","kzz_redempt_price":"0.0","kzz_straight_price":"0.0","kzz_stock_percent":"","pb":"3.79","benefit_before_tax":"0.0","benefit_after_tax":"0.0","convert_bond_ratio":"","totalissuescale":"","outstandingamt":"","maturitydate":"","remain_year":"","convertrate":"0.0","interestrtmemo":"","release_date":"","circulation":"0.0","par_value":"0.0","due_time":"0.0","value_date":"","due_date":"","publisher":"","redeem_type":"T","issue_type":"1","bond_type":"","warrant":"","sale_rrg":"","rate":"","after_hour_vol":"0","float_shares":"2954946709","float_market_capital":"1.0215250773013E11","disnext_pay_date":"","convert_rate":"0.0","volume_ratio":"0.88","percent5m":"0.12","pankou_ratio":"-16.68%","psr":"1.7248"}}