{"list": [{"laborgetcash": 784605486.57, "inveredu": null, "unreinveloss": null, "bizcashinfl": 792303372.35, "diviprofpaycash": 31166291.65, "invcashoutf": 613505093.72, "accrexpeincr": null, "subspaynetcash": null, "finrelacash": 1691518.0, "payworkcash": 100358472.31, "subspaydivid": null, "chgexchgchgs": null, "finnetcflow": 47142190.35, "receotherbizcash": 7697885.78, "longdefeexpenamor": null, "acquassetcash": 124505093.72, "recefincash": null, "inspremcash": null, "netcashform": null, "bizcashoutf": 646650762.78, "fininstnetr": null, "invrececash": null, "defetaxassetdecr": null, "inicashbala": 92047470.8, "invcashinfl": 358561156.7, "paydivicash": null, "netcashscheitse": null, "defeincoincr": null, "disptradnetincr": null, "mananetr": 145652609.57, "debtintocapi": null, "defetaxliabincr": null, "adjustdate": "20171026", "enddate": "20170930", "assedepr": null, "biznetscheitse": null, "biznetform": null, "equfinalbala": null, "finoutfitse": null, "cashfinalbala": 29898333.7, "fixedassetnetc": 627198.13, "cashfinalitse": null, "payintecash": null, "unfiparachg": null, "loansnetr": null, "incrcashpled": null, "biznetcflow": null, "asseimpa": null, "reducashpled": null, "invinffrom": null, "netprofit": null, "minysharrigh": null, "equopenbala": null, "inveloss": null, "valuechgloss": null, "receinvcash": 1200000.0, "bizoutfform": null, "biznetscheform": null, "finexpe": null, "intaasseamor": null, "taxrefd": null, "biznetitse": null, "finnetitse": null, "invinflitse": null, "subsnetc": null, "unseparachg": null, "finoutfform": null, "recefromloan": 80000000.0, "netinvitse": null, "estidebts": null, "payaincr": null, "fdsborrnetr": null, "realestadep": null, "reporttype": "100111", "dispfixedassetloss": null, "fininflitse": null, "finalcashbala": 29898333.7, "cashfinalform": null, "invoutfitse": null, "netcashitse": null, "payinvecash": null, "fixedassescraloss": null, "savinetr": null, "subsrececash": null, "accstacode": "2", "fincashoutf": 32857809.65, "charintecash": null, "finfixedasset": null, "labopayc": 398173261.35, "expiconvbd": null, "paycompgold": null, "inveretugetcash": 5096458.57, "compcode": "80362507", "prepexpedecr": null, "repnetincr": null, "issbdrececash": null, "loannetr": null, "withinvgetcash": 351637500.0, "invpayc": 489000000.0, "debtpaycash": null, "fincashinfl": 80000000.0, "cashopenbala": 92047470.8, "netcashscheform": null, "begindate": "20170101", "bizoutfitse": null, "bizinflitse": null, "insnetc": null, "bankloannetincr": null, "receredu": null, "publishdate": "20171026", "other": null, "deponetr": null, "paytax": 60534362.94, "bizinflform": null, "tradepaymnetr": null, "cashneti": -62149137.1, "accstaname": "\u65b0\u4f1a\u8ba1\u51c6\u5219", "cashnetr": -62149137.1, "invnetcashflow": -254943937.02, "netinvform": null, "finnetform": null, "payacticash": 87584666.18, "fininflform": null, "invoutfform": null}, {"laborgetcash": 543642794.38, "inveredu": -19440486.75, "unreinveloss": null, "bizcashinfl": 548363953.22, "diviprofpaycash": 30331333.33, "invcashoutf": 312834202.75, "accrexpeincr": null, "subspaynetcash": null, "finrelacash": 1691518.0, "payworkcash": 69304650.96, "subspaydivid": null, "chgexchgchgs": null, "finnetcflow": 17977148.67, "receotherbizcash": 4721158.84, "longdefeexpenamor": 41472.42, "acquassetcash": 69834202.75, "recefincash": null, "inspremcash": null, "netcashform": null, "bizcashoutf": 448352171.12, "fininstnetr": null, "invrececash": null, "defetaxassetdecr": -114826.74, "inicashbala": 92047470.8, "invcashinfl": 184565839.52, "paydivicash": null, "netcashscheitse": null, "defeincoincr": null, "disptradnetincr": null, "mananetr": 100011782.1, "debtintocapi": null, "defetaxliabincr": null, "adjustdate": "20170825", "enddate": "20170630", "assedepr": 22102815.28, "biznetscheitse": null, "biznetform": null, "equfinalbala": null, "finoutfitse": null, "cashfinalbala": 81768038.34, "fixedassetnetc": 564876.4, "cashfinalitse": null, "payintecash": null, "unfiparachg": null, "loansnetr": null, "incrcashpled": null, "biznetcflow": 100011782.1, "asseimpa": 177377.34, "reducashpled": null, "invinffrom": null, "netprofit": 75349858.65, "minysharrigh": null, "equopenbala": null, "inveloss": -2449747.98, "valuechgloss": null, "receinvcash": 1200000.0, "bizoutfform": null, "biznetscheform": null, "finexpe": 307479.45, "intaasseamor": 1087911.08, "taxrefd": null, "biznetitse": null, "finnetitse": null, "invinflitse": null, "subsnetc": null, "unseparachg": null, "finoutfform": null, "recefromloan": 50000000.0, "netinvitse": null, "estidebts": null, "payaincr": -2744917.96, "fdsborrnetr": null, "realestadep": null, "reporttype": "100111", "dispfixedassetloss": null, "fininflitse": null, "finalcashbala": 81768038.34, "cashfinalform": null, "invoutfitse": null, "netcashitse": null, "payinvecash": null, "fixedassescraloss": 990628.41, "savinetr": null, "subsrececash": null, "accstacode": "2", "fincashoutf": 32022851.33, "charintecash": null, "finfixedasset": null, "labopayc": 276410533.6, "expiconvbd": null, "paycompgold": null, "inveretugetcash": 2800963.12, "compcode": "80362507", "prepexpedecr": null, "repnetincr": null, "issbdrececash": null, "loannetr": null, "withinvgetcash": 180000000.0, "invpayc": 243000000.0, "debtpaycash": null, "fincashinfl": 50000000.0, "cashopenbala": 92047470.8, "netcashscheform": null, "begindate": "20170101", "bizoutfitse": null, "bizinflitse": null, "insnetc": null, "bankloannetincr": null, "receredu": 26315752.03, "publishdate": "20170825", "other": -1611533.13, "deponetr": null, "paytax": 42526470.4, "bizinflform": null, "tradepaymnetr": null, "cashneti": -10279432.46, "accstaname": "\u65b0\u4f1a\u8ba1\u51c6\u5219", "cashnetr": -10279432.46, "invnetcashflow": -128268363.23, "netinvform": null, "finnetform": null, "payacticash": 60110516.16, "fininflform": null, "invoutfform": null}, {"laborgetcash": 286108139.27, "inveredu": null, "unreinveloss": null, "bizcashinfl": 290520933.76, "diviprofpaycash": null, "invcashoutf": 125675403.29, "accrexpeincr": null, "subspaynetcash": null, "finrelacash": null, "payworkcash": 36118360.18, "subspaydivid": null, "chgexchgchgs": null, "finnetcflow": 0.0, "receotherbizcash": 4412794.49, "longdefeexpenamor": null, "acquassetcash": 22675403.29, "recefincash": null, "inspremcash": null, "netcashform": null, "bizcashoutf": 216114953.12, "fininstnetr": null, "invrececash": null, "defetaxassetdecr": null, "inicashbala": 92047470.8, "invcashinfl": 31648981.34, "paydivicash": null, "netcashscheitse": null, "defeincoincr": null, "disptradnetincr": null, "mananetr": 74405980.64, "debtintocapi": null, "defetaxliabincr": null, "adjustdate": "20170426", "enddate": "20170331", "assedepr": null, "biznetscheitse": null, "biznetform": null, "equfinalbala": null, "finoutfitse": null, "cashfinalbala": 72427029.49, "fixedassetnetc": 501916.4, "cashfinalitse": null, "payintecash": null, "unfiparachg": null, "loansnetr": null, "incrcashpled": null, "biznetcflow": null, "asseimpa": null, "reducashpled": null, "invinffrom": null, "netprofit": null, "minysharrigh": null, "equopenbala": null, "inveloss": null, "valuechgloss": null, "receinvcash": null, "bizoutfform": null, "biznetscheform": null, "finexpe": null, "intaasseamor": null, "taxrefd": null, "biznetitse": null, "finnetitse": null, "invinflitse": null, "subsnetc": null, "unseparachg": null, "finoutfform": null, "recefromloan": null, "netinvitse": null, "estidebts": null, "payaincr": null, "fdsborrnetr": null, "realestadep": null, "reporttype": "100111", "dispfixedassetloss": null, "fininflitse": null, "finalcashbala": 72427029.49, "cashfinalform": null, "invoutfitse": null, "netcashitse": null, "payinvecash": null, "fixedassescraloss": null, "savinetr": null, "subsrececash": null, "accstacode": "2", "fincashoutf": 0.0, "charintecash": null, "finfixedasset": null, "labopayc": 136449769.12, "expiconvbd": null, "paycompgold": null, "inveretugetcash": 1147064.94, "compcode": "80362507", "prepexpedecr": null, "repnetincr": null, "issbdrececash": null, "loannetr": null, "withinvgetcash": 30000000.0, "invpayc": 103000000.0, "debtpaycash": null, "fincashinfl": 0.0, "cashopenbala": 92047470.8, "netcashscheform": null, "begindate": "20170101", "bizoutfitse": null, "bizinflitse": null, "insnetc": null, "bankloannetincr": null, "receredu": null, "publishdate": "20170426", "other": null, "deponetr": null, "paytax": 17105826.42, "bizinflform": null, "tradepaymnetr": null, "cashneti": -19620441.31, "accstaname": "\u65b0\u4f1a\u8ba1\u51c6\u5219", "cashnetr": -19620441.31, "invnetcashflow": -94026421.95, "netinvform": null, "finnetform": null, "payacticash": 26440997.4, "fininflform": null, "invoutfform": null}, {"laborgetcash": 873937513.62, "inveredu": -40524345.43, "unreinveloss": null, "bizcashinfl": 893103423.22, "diviprofpaycash": 17544490.66, "invcashoutf": 422191528.18, "accrexpeincr": null, "subspaynetcash": null, "finrelacash": null, "payworkcash": 111671877.91, "subspaydivid": null, "chgexchgchgs": null, "finnetcflow": 209007733.78, "receotherbizcash": 19165909.6, "longdefeexpenamor": 82944.84, "acquassetcash": 112379547.47, "recefincash": 16900388.56, "inspremcash": null, "netcashform": null, "bizcashoutf": 823611417.33, "fininstnetr": null, "invrececash": 344151835.88, "defetaxassetdecr": -2649523.83, "inicashbala": 31517741.64, "invcashinfl": 204221517.67, "paydivicash": null, "netcashscheitse": null, "defeincoincr": null, "disptradnetincr": null, "mananetr": 69492005.89, "debtintocapi": null, "defetaxliabincr": null, "adjustdate": "20170322", "enddate": "20161231", "assedepr": 29745923.51, "biznetscheitse": null, "biznetform": null, "equfinalbala": null, "finoutfitse": null, "cashfinalbala": 92047470.8, "fixedassetnetc": 1178532.11, "cashfinalitse": null, "payintecash": null, "unfiparachg": null, "loansnetr": null, "incrcashpled": null, "biznetcflow": 69492005.89, "asseimpa": 1344487.03, "reducashpled": null, "invinffrom": null, "netprofit": 100088565.58, "minysharrigh": null, "equopenbala": null, "inveloss": -1741004.85, "valuechgloss": null, "receinvcash": 1490000.0, "bizoutfform": null, "biznetscheform": null, "finexpe": 1363181.63, "intaasseamor": 1480578.71, "taxrefd": null, "biznetitse": null, "finnetitse": null, "invinflitse": null, "subsnetc": null, "unseparachg": null, "finoutfform": null, "recefromloan": 20000000.0, "netinvitse": null, "estidebts": null, "payaincr": 35809227.77, "fdsborrnetr": null, "realestadep": null, "reporttype": "100111", "dispfixedassetloss": null, "fininflitse": null, "finalcashbala": 92047470.8, "cashfinalform": null, "invoutfitse": null, "netcashitse": null, "payinvecash": null, "fixedassescraloss": 1698886.48, "savinetr": null, "subsrececash": null, "accstacode": "2", "fincashoutf": 172044490.66, "charintecash": null, "finfixedasset": null, "labopayc": 525430597.62, "expiconvbd": null, "paycompgold": null, "inveretugetcash": 1741004.85, "compcode": "80362507", "prepexpedecr": null, "repnetincr": null, "issbdrececash": null, "loannetr": null, "withinvgetcash": 199811980.71, "invpayc": 309811980.71, "debtpaycash": 154500000.0, "fincashinfl": 381052224.44, "cashopenbala": 31517741.64, "netcashscheform": null, "begindate": "20160101", "bizoutfitse": null, "bizinflitse": null, "insnetc": null, "bankloannetincr": null, "receredu": -54756778.26, "publishdate": "20170322", "other": -2450137.29, "deponetr": null, "paytax": 77953886.02, "bizinflform": null, "tradepaymnetr": null, "cashneti": 60529729.16, "accstaname": "\u65b0\u4f1a\u8ba1\u51c6\u5219", "cashnetr": 60529729.16, "invnetcashflow": -217970010.51, "netinvform": null, "finnetform": null, "payacticash": 108555055.78, "fininflform": null, "invoutfform": null}, {"laborgetcash": 617725823.59, "inveredu": null, "unreinveloss": null, "bizcashinfl": 630631627.41, "diviprofpaycash": 17544490.66, "invcashoutf": 237967194.77, "accrexpeincr": null, "subspaynetcash": null, "finrelacash": null, "payworkcash": 82041220.65, "subspaydivid": null, "chgexchgchgs": null, "finnetcflow": 208375615.93, "receotherbizcash": 12905803.82, "longdefeexpenamor": null, "acquassetcash": 68467194.77, "recefincash": 21586006.53, "inspremcash": null, "netcashform": null, "bizcashoutf": 555982684.56, "fininstnetr": null, "invrececash": 338834100.06, "defetaxassetdecr": null, "inicashbala": 31517741.64, "invcashinfl": 22212588.65, "paydivicash": null, "netcashscheitse": null, "defeincoincr": null, "disptradnetincr": null, "mananetr": 74648942.85, "debtintocapi": null, "defetaxliabincr": null, "adjustdate": "20161027", "enddate": "20160930", "assedepr": null, "biznetscheitse": null, "biznetform": null, "equfinalbala": null, "finoutfitse": null, "cashfinalbala": 98787694.3, "fixedassetnetc": 367394.13, "cashfinalitse": null, "payintecash": null, "unfiparachg": null, "loansnetr": null, "incrcashpled": null, "biznetcflow": null, "asseimpa": null, "reducashpled": null, "invinffrom": null, "netprofit": null, "minysharrigh": null, "equopenbala": null, "inveloss": null, "valuechgloss": null, "receinvcash": 1490000.0, "bizoutfform": null, "biznetscheform": null, "finexpe": null, "intaasseamor": null, "taxrefd": null, "biznetitse": null, "finnetitse": null, "invinflitse": null, "subsnetc": null, "unseparachg": null, "finoutfform": null, "recefromloan": 20000000.0, "netinvitse": null, "estidebts": null, "payaincr": null, "fdsborrnetr": null, "realestadep": null, "reporttype": "100111", "dispfixedassetloss": null, "fininflitse": null, "finalcashbala": 98787694.3, "cashfinalform": null, "invoutfitse": null, "netcashitse": null, "payinvecash": null, "fixedassescraloss": null, "savinetr": null, "subsrececash": null, "accstacode": "2", "fincashoutf": 172044490.66, "charintecash": null, "finfixedasset": null, "labopayc": 352322269.99, "expiconvbd": null, "paycompgold": null, "inveretugetcash": 355194.52, "compcode": "80362507", "prepexpedecr": null, "repnetincr": null, "issbdrececash": null, "loannetr": null, "withinvgetcash": 20000000.0, "invpayc": 169500000.0, "debtpaycash": 154500000.0, "fincashinfl": 380420106.59, "cashopenbala": 31517741.64, "netcashscheform": null, "begindate": "20160101", "bizoutfitse": null, "bizinflitse": null, "insnetc": null, "bankloannetincr": null, "receredu": null, "publishdate": "20161027", "other": null, "deponetr": null, "paytax": 51806851.97, "bizinflform": null, "tradepaymnetr": null, "cashneti": 67269952.66, "accstaname": "\u65b0\u4f1a\u8ba1\u51c6\u5219", "cashnetr": 67269952.66, "invnetcashflow": -215754606.12, "netinvform": null, "finnetform": null, "payacticash": 69812341.95, "fininflform": null, "invoutfform": null}, {"laborgetcash": 403403839.4, "inveredu": -28303278.32, "unreinveloss": null, "bizcashinfl": 412084379.86, "diviprofpaycash": 17544490.66, "invcashoutf": 31211544.51, "accrexpeincr": null, "subspaynetcash": null, "finrelacash": null, "payworkcash": 55576459.88, "subspaydivid": null, "chgexchgchgs": null, "finnetcflow": 206015615.93, "receotherbizcash": 8680540.46, "longdefeexpenamor": 41472.42, "acquassetcash": 31211544.51, "recefincash": 19226006.53, "inspremcash": null, "netcashform": null, "bizcashoutf": 383235099.65, "fininstnetr": null, "invrececash": 338834100.06, "defetaxassetdecr": 300608.73, "inicashbala": 31517741.64, "invcashinfl": 1771894.13, "paydivicash": null, "netcashscheitse": null, "defeincoincr": null, "disptradnetincr": null, "mananetr": 28849280.21, "debtintocapi": null, "defetaxliabincr": null, "adjustdate": "20160826", "enddate": "20160630", "assedepr": 14667881.54, "biznetscheitse": null, "biznetform": null, "equfinalbala": null, "finoutfitse": null, "cashfinalbala": 236942987.4, "fixedassetnetc": 281894.13, "cashfinalitse": null, "payintecash": null, "unfiparachg": null, "loansnetr": null, "incrcashpled": null, "biznetcflow": 28849280.21, "asseimpa": 225396.9, "reducashpled": null, "invinffrom": null, "netprofit": 48223892.08, "minysharrigh": null, "equopenbala": null, "inveloss": null, "valuechgloss": null, "receinvcash": 1490000.0, "bizoutfform": null, "biznetscheform": null, "finexpe": 1363181.63, "intaasseamor": 608643.6, "taxrefd": null, "biznetitse": null, "finnetitse": null, "invinflitse": null, "subsnetc": null, "unseparachg": null, "finoutfform": null, "recefromloan": 20000000.0, "netinvitse": null, "estidebts": null, "payaincr": -29253898.37, "fdsborrnetr": null, "realestadep": null, "reporttype": "100111", "dispfixedassetloss": null, "fininflitse": null, "finalcashbala": 236942987.4, "cashfinalform": null, "invoutfitse": null, "netcashitse": null, "payinvecash": null, "fixedassescraloss": 821959.42, "savinetr": null, "subsrececash": null, "accstacode": "2", "fincashoutf": 172044490.66, "charintecash": null, "finfixedasset": null, "labopayc": 246664889.86, "expiconvbd": null, "paycompgold": null, "inveretugetcash": null, "compcode": "80362507", "prepexpedecr": null, "repnetincr": null, "issbdrececash": null, "loannetr": null, "withinvgetcash": null, "invpayc": null, "debtpaycash": 154500000.0, "fincashinfl": 378060106.59, "cashopenbala": 31517741.64, "netcashscheform": null, "begindate": "20160101", "bizoutfitse": null, "bizinflitse": null, "insnetc": null, "bankloannetincr": null, "receredu": 21397944.17, "publishdate": "20160826", "other": -1244523.59, "deponetr": null, "paytax": 35515014.98, "bizinflform": null, "tradepaymnetr": null, "cashneti": 205425245.76, "accstaname": "\u65b0\u4f1a\u8ba1\u51c6\u5219", "cashnetr": 205425245.76, "invnetcashflow": -29439650.38, "netinvform": null, "finnetform": null, "payacticash": 45478734.93, "fininflform": null, "invoutfform": null}, {"laborgetcash": 198085437.22, "inveredu": null, "unreinveloss": null, "bizcashinfl": 199842690.05, "diviprofpaycash": 1381782.53, "invcashoutf": 16982539.17, "accrexpeincr": null, "subspaynetcash": null, "finrelacash": null, "payworkcash": 30115402.35, "subspaydivid": null, "chgexchgchgs": null, "finnetcflow": 240694055.17, "receotherbizcash": 1757252.83, "longdefeexpenamor": null, "acquassetcash": 16982539.17, "recefincash": 18241737.64, "inspremcash": null, "netcashform": null, "bizcashoutf": 198514998.18, "fininstnetr": null, "invrececash": 338834100.06, "defetaxassetdecr": null, "inicashbala": 31517741.64, "invcashinfl": 1622864.13, "paydivicash": null, "netcashscheitse": null, "defeincoincr": null, "disptradnetincr": null, "mananetr": 1327691.87, "debtintocapi": null, "defetaxliabincr": null, "adjustdate": "20160428", "enddate": "20160331", "assedepr": null, "biznetscheitse": null, "biznetform": null, "equfinalbala": null, "finoutfitse": null, "cashfinalbala": 258179813.64, "fixedassetnetc": 272864.13, "cashfinalitse": null, "payintecash": null, "unfiparachg": null, "loansnetr": null, "incrcashpled": null, "biznetcflow": null, "asseimpa": null, "reducashpled": null, "invinffrom": null, "netprofit": null, "minysharrigh": null, "equopenbala": null, "inveloss": null, "valuechgloss": null, "receinvcash": 1350000.0, "bizoutfform": null, "biznetscheform": null, "finexpe": null, "intaasseamor": null, "taxrefd": null, "biznetitse": null, "finnetitse": null, "invinflitse": null, "subsnetc": null, "unseparachg": null, "finoutfform": null, "recefromloan": 20000000.0, "netinvitse": null, "estidebts": null, "payaincr": null, "fdsborrnetr": null, "realestadep": null, "reporttype": "100111", "dispfixedassetloss": null, "fininflitse": null, "finalcashbala": 258179813.64, "cashfinalform": null, "invoutfitse": null, "netcashitse": null, "payinvecash": null, "fixedassescraloss": null, "savinetr": null, "subsrececash": null, "accstacode": "2", "fincashoutf": 136381782.53, "charintecash": null, "finfixedasset": null, "labopayc": 129322380.67, "expiconvbd": null, "paycompgold": null, "inveretugetcash": null, "compcode": "80362507", "prepexpedecr": null, "repnetincr": null, "issbdrececash": null, "loannetr": null, "withinvgetcash": null, "invpayc": null, "debtpaycash": 135000000.0, "fincashinfl": 377075837.7, "cashopenbala": 31517741.64, "netcashscheform": null, "begindate": "20160101", "bizoutfitse": null, "bizinflitse": null, "insnetc": null, "bankloannetincr": null, "receredu": null, "publishdate": "20160428", "other": null, "deponetr": null, "paytax": 15535048.6, "bizinflform": null, "tradepaymnetr": null, "cashneti": 226662072.0, "accstaname": "\u65b0\u4f1a\u8ba1\u51c6\u5219", "cashnetr": 226662072.0, "invnetcashflow": -15359675.04, "netinvform": null, "finnetform": null, "payacticash": 23542166.56, "fininflform": null, "invoutfform": null}, {"laborgetcash": 734996037.46, "inveredu": -57085158.15, "unreinveloss": null, "bizcashinfl": 740391576.1, "diviprofpaycash": 7485892.85, "invcashoutf": 60960512.43, "accrexpeincr": null, "subspaynetcash": null, "finrelacash": 12488272.86, "payworkcash": 81980148.36, "subspaydivid": null, "chgexchgchgs": null, "finnetcflow": -15474165.71, "receotherbizcash": 5395538.64, "longdefeexpenamor": null, "acquassetcash": 60960512.43, "recefincash": null, "inspremcash": null, "netcashform": null, "bizcashoutf": 667357639.53, "fininstnetr": null, "invrececash": null, "defetaxassetdecr": -1029014.71, "inicashbala": 34511506.72, "invcashinfl": 406976.49, "paydivicash": null, "netcashscheitse": null, "defeincoincr": null, "disptradnetincr": null, "mananetr": 73033936.57, "debtintocapi": null, "defetaxliabincr": null, "adjustdate": "20160217", "enddate": "20151231", "assedepr": 23618508.56, "biznetscheitse": null, "biznetform": null, "equfinalbala": null, "finoutfitse": null, "cashfinalbala": 31517741.64, "fixedassetnetc": 406976.49, "cashfinalitse": null, "payintecash": null, "unfiparachg": null, "loansnetr": null, "incrcashpled": null, "biznetcflow": 73033936.57, "asseimpa": 309430.31, "reducashpled": null, "invinffrom": null, "netprofit": 66531118.6, "minysharrigh": null, "equopenbala": null, "inveloss": null, "valuechgloss": null, "receinvcash": null, "bizoutfform": null, "biznetscheform": null, "finexpe": 7418041.55, "intaasseamor": 1083776.81, "taxrefd": null, "biznetitse": null, "finnetitse": null, "invinflitse": null, "subsnetc": null, "unseparachg": null, "finoutfform": null, "recefromloan": 174500000.0, "netinvitse": null, "estidebts": null, "payaincr": 30996936.03, "fdsborrnetr": null, "realestadep": null, "reporttype": "100111", "dispfixedassetloss": 125632.7, "fininflitse": null, "finalcashbala": 31517741.64, "cashfinalform": null, "invoutfitse": null, "netcashitse": null, "payinvecash": null, "fixedassescraloss": null, "savinetr": null, "subsrececash": null, "accstacode": "2", "fincashoutf": 189974165.71, "charintecash": null, "finfixedasset": null, "labopayc": 457302516.34, "expiconvbd": null, "paycompgold": null, "inveretugetcash": null, "compcode": "80362507", "prepexpedecr": null, "repnetincr": null, "issbdrececash": null, "loannetr": null, "withinvgetcash": null, "invpayc": null, "debtpaycash": 170000000.0, "fincashinfl": 174500000.0, "cashopenbala": 34511506.72, "netcashscheform": null, "begindate": "20150101", "bizoutfitse": null, "bizinflitse": null, "insnetc": null, "bankloannetincr": null, "receredu": 3238306.59, "publishdate": "20160217", "other": -2173641.72, "deponetr": null, "paytax": 55098664.26, "bizinflform": null, "tradepaymnetr": null, "cashneti": -2993765.08, "accstaname": "\u65b0\u4f1a\u8ba1\u51c6\u5219", "cashnetr": -2993765.08, "invnetcashflow": -60553535.94, "netinvform": null, "finnetform": null, "payacticash": 72976310.57, "fininflform": null, "invoutfform": null}, {"laborgetcash": 537399247.6, "inveredu": null, "unreinveloss": null, "bizcashinfl": 540913475.18, "diviprofpaycash": 5890949.05, "invcashoutf": 44726707.0, "accrexpeincr": null, "subspaynetcash": null, "finrelacash": 1976304.45, "payworkcash": 61330037.54, "subspaydivid": null, "chgexchgchgs": null, "finnetcflow": -2867253.5, "receotherbizcash": 3514227.58, "longdefeexpenamor": null, "acquassetcash": 44726707.0, "recefincash": null, "inspremcash": null, "netcashform": null, "bizcashoutf": 493425445.51, "fininstnetr": null, "invrececash": null, "defetaxassetdecr": null, "inicashbala": 34511506.72, "invcashinfl": 73964.0, "paydivicash": null, "netcashscheitse": null, "defeincoincr": null, "disptradnetincr": null, "mananetr": 47488029.67, "debtintocapi": null, "defetaxliabincr": null, "adjustdate": "20161027", "enddate": "20150930", "assedepr": null, "biznetscheitse": null, "biznetform": null, "equfinalbala": null, "finoutfitse": null, "cashfinalbala": 34479539.89, "fixedassetnetc": 73964.0, "cashfinalitse": null, "payintecash": null, "unfiparachg": null, "loansnetr": null, "incrcashpled": null, "biznetcflow": null, "asseimpa": null, "reducashpled": null, "invinffrom": null, "netprofit": null, "minysharrigh": null, "equopenbala": null, "inveloss": null, "valuechgloss": null, "receinvcash": null, "bizoutfform": null, "biznetscheform": null, "finexpe": null, "intaasseamor": null, "taxrefd": null, "biznetitse": null, "finnetitse": null, "invinflitse": null, "subsnetc": null, "unseparachg": null, "finoutfform": null, "recefromloan": 115000000.0, "netinvitse": null, "estidebts": null, "payaincr": null, "fdsborrnetr": null, "realestadep": null, "reporttype": "100111", "dispfixedassetloss": null, "fininflitse": null, "finalcashbala": 34479539.89, "cashfinalform": null, "invoutfitse": null, "netcashitse": null, "payinvecash": null, "fixedassescraloss": null, "savinetr": null, "subsrececash": null, "accstacode": "2", "fincashoutf": 117867253.5, "charintecash": null, "finfixedasset": null, "labopayc": 342330851.3, "expiconvbd": null, "paycompgold": null, "inveretugetcash": null, "compcode": "80362507", "prepexpedecr": null, "repnetincr": null, "issbdrececash": null, "loannetr": null, "withinvgetcash": null, "invpayc": null, "debtpaycash": 110000000.0, "fincashinfl": 115000000.0, "cashopenbala": 34511506.72, "netcashscheform": null, "begindate": "20150101", "bizoutfitse": null, "bizinflitse": null, "insnetc": null, "bankloannetincr": null, "receredu": null, "publishdate": "20161027", "other": null, "deponetr": null, "paytax": 36244649.36, "bizinflform": null, "tradepaymnetr": null, "cashneti": -31966.83, "accstaname": "\u65b0\u4f1a\u8ba1\u51c6\u5219", "cashnetr": -31966.83, "invnetcashflow": -44652743.0, "netinvform": null, "finnetform": null, "payacticash": 53519907.31, "fininflform": null, "invoutfform": null}, {"laborgetcash": 359232414.79, "inveredu": -47090649.43, "unreinveloss": null, "bizcashinfl": 361165192.87, "diviprofpaycash": 4067287.92, "invcashoutf": 37828119.55, "accrexpeincr": null, "subspaynetcash": null, "finrelacash": 844005.36, "payworkcash": 38094492.33, "subspaydivid": null, "chgexchgchgs": null, "finnetcflow": -4911293.28, "receotherbizcash": 1932778.08, "longdefeexpenamor": null, "acquassetcash": 37828119.55, "recefincash": null, "inspremcash": null, "netcashform": null, "bizcashoutf": 340434525.86, "fininstnetr": null, "invrececash": null, "defetaxassetdecr": -340696.56, "inicashbala": 34511506.72, "invcashinfl": 73964.0, "paydivicash": null, "netcashscheitse": null, "defeincoincr": null, "disptradnetincr": null, "mananetr": 20730667.01, "debtintocapi": null, "defetaxliabincr": null, "adjustdate": "20160826", "enddate": "20150630", "assedepr": 10922632.19, "biznetscheitse": null, "biznetform": null, "equfinalbala": null, "finoutfitse": null, "cashfinalbala": 12576724.9, "fixedassetnetc": 73964.0, "cashfinalitse": null, "payintecash": null, "unfiparachg": null, "loansnetr": null, "incrcashpled": null, "biznetcflow": 20730667.01, "asseimpa": -330067.41, "reducashpled": null, "invinffrom": null, "netprofit": 32462675.52, "minysharrigh": null, "equopenbala": null, "inveloss": null, "valuechgloss": null, "receinvcash": null, "bizoutfform": null, "biznetscheform": null, "finexpe": 4031843.48, "intaasseamor": 526898.5, "taxrefd": null, "biznetitse": null, "finnetitse": null, "invinflitse": null, "subsnetc": null, "unseparachg": null, "finoutfform": null, "recefromloan": 60000000.0, "netinvitse": null, "estidebts": null, "payaincr": 9687551.98, "fdsborrnetr": null, "realestadep": null, "reporttype": "100111", "dispfixedassetloss": null, "fininflitse": null, "finalcashbala": 12576724.9, "cashfinalform": null, "invoutfitse": null, "netcashitse": null, "payinvecash": null, "fixedassescraloss": -49882.28, "savinetr": null, "subsrececash": null, "accstacode": "2", "fincashoutf": 64911293.28, "charintecash": null, "finfixedasset": null, "labopayc": 241124218.75, "expiconvbd": null, "paycompgold": null, "inveretugetcash": null, "compcode": "80362507", "prepexpedecr": null, "repnetincr": null, "issbdrececash": null, "loannetr": null, "withinvgetcash": null, "invpayc": null, "debtpaycash": 60000000.0, "fincashinfl": 60000000.0, "cashopenbala": 34511506.72, "netcashscheform": null, "begindate": "20150101", "bizoutfitse": null, "bizinflitse": null, "insnetc": null, "bankloannetincr": null, "receredu": 11907262.1, "publishdate": "20160826", "other": -996901.08, "deponetr": null, "paytax": 25957658.71, "bizinflform": null, "tradepaymnetr": null, "cashneti": -21934781.82, "accstaname": "\u65b0\u4f1a\u8ba1\u51c6\u5219", "cashnetr": -21934781.82, "invnetcashflow": -37754155.55, "netinvform": null, "finnetform": null, "payacticash": 35258156.07, "fininflform": null, "invoutfform": null}, {"laborgetcash": 184153194.67, "inveredu": null, "unreinveloss": null, "bizcashinfl": 185071327.34, "diviprofpaycash": 2097835.15, "invcashoutf": 26735698.38, "accrexpeincr": null, "subspaynetcash": null, "finrelacash": null, "payworkcash": 20181345.88, "subspaydivid": null, "chgexchgchgs": null, "finnetcflow": 8784152.17, "receotherbizcash": 918132.67, "longdefeexpenamor": null, "acquassetcash": 26735698.38, "recefincash": 881987.32, "inspremcash": null, "netcashform": null, "bizcashoutf": 183659764.26, "fininstnetr": null, "invrececash": null, "defetaxassetdecr": null, "inicashbala": 34511506.72, "invcashinfl": 141110.4, "paydivicash": null, "netcashscheitse": null, "defeincoincr": null, "disptradnetincr": null, "mananetr": 1411563.08, "debtintocapi": null, "defetaxliabincr": null, "adjustdate": "20160428", "enddate": "20150331", "assedepr": null, "biznetscheitse": null, "biznetform": null, "equfinalbala": null, "finoutfitse": null, "cashfinalbala": 18112633.99, "fixedassetnetc": 141110.4, "cashfinalitse": null, "payintecash": null, "unfiparachg": null, "loansnetr": null, "incrcashpled": null, "biznetcflow": null, "asseimpa": null, "reducashpled": null, "invinffrom": null, "netprofit": null, "minysharrigh": null, "equopenbala": null, "inveloss": null, "valuechgloss": null, "receinvcash": null, "bizoutfform": null, "biznetscheform": null, "finexpe": null, "intaasseamor": null, "taxrefd": null, "biznetitse": null, "finnetitse": null, "invinflitse": null, "subsnetc": null, "unseparachg": null, "finoutfform": null, "recefromloan": 40000000.0, "netinvitse": null, "estidebts": null, "payaincr": null, "fdsborrnetr": null, "realestadep": null, "reporttype": "100111", "dispfixedassetloss": null, "fininflitse": null, "finalcashbala": 18112633.99, "cashfinalform": null, "invoutfitse": null, "netcashitse": null, "payinvecash": null, "fixedassescraloss": null, "savinetr": null, "subsrececash": null, "accstacode": "2", "fincashoutf": 32097835.15, "charintecash": null, "finfixedasset": null, "labopayc": 132721613.99, "expiconvbd": null, "paycompgold": null, "inveretugetcash": null, "compcode": "80362507", "prepexpedecr": null, "repnetincr": null, "issbdrececash": null, "loannetr": null, "withinvgetcash": null, "invpayc": null, "debtpaycash": 30000000.0, "fincashinfl": 40881987.32, "cashopenbala": 34511506.72, "netcashscheform": null, "begindate": "20150101", "bizoutfitse": null, "bizinflitse": null, "insnetc": null, "bankloannetincr": null, "receredu": null, "publishdate": "20160428", "other": null, "deponetr": null, "paytax": 12949523.57, "bizinflform": null, "tradepaymnetr": null, "cashneti": -16398872.73, "accstaname": "\u65b0\u4f1a\u8ba1\u51c6\u5219", "cashnetr": -16398872.73, "invnetcashflow": -26594587.98, "netinvform": null, "finnetform": null, "payacticash": 17807280.82, "fininflform": null, "invoutfform": null}, {"laborgetcash": 751302193.86, "inveredu": -10370333.5, "unreinveloss": null, "bizcashinfl": 758386533.55, "diviprofpaycash": 20105541.67, "invcashoutf": 118585103.46, "accrexpeincr": null, "subspaynetcash": null, "finrelacash": 6362115.7, "payworkcash": 80346132.48, "subspaydivid": null, "chgexchgchgs": null, "finnetcflow": 23532342.63, "receotherbizcash": 7084339.69, "longdefeexpenamor": null, "acquassetcash": 118585103.46, "recefincash": null, "inspremcash": null, "netcashform": null, "bizcashoutf": 659161853.48, "fininstnetr": null, "invrececash": null, "defetaxassetdecr": -1196786.28, "inicashbala": 24459422.87, "invcashinfl": 5880164.61, "paydivicash": null, "netcashscheitse": null, "defeincoincr": null, "disptradnetincr": null, "mananetr": 99224680.07, "debtintocapi": null, "defetaxliabincr": null, "adjustdate": "20160217", "enddate": "20141231", "assedepr": 21147127.96, "biznetscheitse": null, "biznetform": null, "equfinalbala": null, "finoutfitse": null, "cashfinalbala": 34511506.72, "fixedassetnetc": 2087454.61, "cashfinalitse": null, "payintecash": null, "unfiparachg": null, "loansnetr": null, "incrcashpled": null, "biznetcflow": 99224680.07, "asseimpa": -139292.96, "reducashpled": null, "invinffrom": null, "netprofit": 52970324.69, "minysharrigh": null, "equopenbala": null, "inveloss": null, "valuechgloss": null, "receinvcash": 3792710.0, "bizoutfform": null, "biznetscheform": null, "finexpe": 7004541.67, "intaasseamor": 1030755.6, "taxrefd": null, "biznetitse": null, "finnetitse": null, "invinflitse": null, "subsnetc": null, "unseparachg": null, "finoutfform": null, "recefromloan": 130000000.0, "netinvitse": null, "estidebts": null, "payaincr": 22410720.88, "fdsborrnetr": null, "realestadep": null, "reporttype": "100111", "dispfixedassetloss": 2425016.35, "fininflitse": null, "finalcashbala": 34511506.72, "cashfinalform": null, "invoutfitse": null, "netcashitse": null, "payinvecash": null, "fixedassescraloss": null, "savinetr": null, "subsrececash": null, "accstacode": "2", "fincashoutf": 106467657.37, "charintecash": null, "finfixedasset": null, "labopayc": 467088059.87, "expiconvbd": null, "paycompgold": null, "inveretugetcash": null, "compcode": "80362507", "prepexpedecr": null, "repnetincr": null, "issbdrececash": null, "loannetr": null, "withinvgetcash": null, "invpayc": null, "debtpaycash": 80000000.0, "fincashinfl": 130000000.0, "cashopenbala": 24459422.87, "netcashscheform": null, "begindate": "20140101", "bizoutfitse": null, "bizinflitse": null, "insnetc": null, "bankloannetincr": null, "receredu": 5925420.26, "publishdate": "20160217", "other": -1982814.6, "deponetr": null, "paytax": 46015612.72, "bizinflform": null, "tradepaymnetr": null, "cashneti": 10052083.85, "accstaname": "\u65b0\u4f1a\u8ba1\u51c6\u5219", "cashnetr": 10052083.85, "invnetcashflow": -112704938.85, "netinvform": null, "finnetform": null, "payacticash": 65712048.41, "fininflform": null, "invoutfform": null}, {"laborgetcash": 712312283.01, "inveredu": -8677876.87, "unreinveloss": null, "bizcashinfl": 724047468.74, "diviprofpaycash": 15998200.0, "invcashoutf": 93393791.34, "accrexpeincr": null, "subspaynetcash": null, "finrelacash": 900000.0, "payworkcash": 65066606.94, "subspaydivid": null, "chgexchgchgs": 34096.68, "finnetcflow": -14898200.0, "receotherbizcash": 11735185.73, "longdefeexpenamor": null, "acquassetcash": 93393791.34, "recefincash": null, "inspremcash": null, "netcashform": null, "bizcashoutf": 633915303.05, "fininstnetr": null, "invrececash": null, "defetaxassetdecr": -870905.39, "inicashbala": 32775486.44, "invcashinfl": 9809665.4, "paydivicash": null, "netcashscheitse": null, "defeincoincr": null, "disptradnetincr": null, "mananetr": 90132165.69, "debtintocapi": null, "defetaxliabincr": null, "adjustdate": "20160217", "enddate": "20131231", "assedepr": 19005839.76, "biznetscheitse": null, "biznetform": null, "equfinalbala": null, "finoutfitse": null, "cashfinalbala": 24459422.87, "fixedassetnetc": 1642375.4, "cashfinalitse": null, "payintecash": null, "unfiparachg": null, "loansnetr": null, "incrcashpled": null, "biznetcflow": 90132165.69, "asseimpa": 451896.95, "reducashpled": null, "invinffrom": null, "netprofit": 70469172.6, "minysharrigh": null, "equopenbala": null, "inveloss": null, "valuechgloss": null, "receinvcash": 8167290.0, "bizoutfform": null, "biznetscheform": null, "finexpe": 3997466.66, "intaasseamor": 937702.02, "taxrefd": null, "biznetitse": null, "finnetitse": null, "invinflitse": null, "subsnetc": null, "unseparachg": null, "finoutfform": null, "recefromloan": 90000000.0, "netinvitse": null, "estidebts": null, "payaincr": 1585993.98, "fdsborrnetr": null, "realestadep": null, "reporttype": "100111", "dispfixedassetloss": 4470008.08, "fininflitse": null, "finalcashbala": 24459422.87, "cashfinalform": null, "invoutfitse": null, "netcashitse": null, "payinvecash": null, "fixedassescraloss": null, "savinetr": null, "subsrececash": null, "accstacode": "2", "fincashoutf": 104898200.0, "charintecash": null, "finfixedasset": null, "labopayc": 459064416.74, "expiconvbd": null, "paycompgold": null, "inveretugetcash": null, "compcode": "80362507", "prepexpedecr": null, "repnetincr": null, "issbdrececash": null, "loannetr": null, "withinvgetcash": null, "invpayc": null, "debtpaycash": 88000000.0, "fincashinfl": 90000000.0, "cashopenbala": 32775486.44, "netcashscheform": null, "begindate": "20130101", "bizoutfitse": null, "bizinflitse": null, "insnetc": null, "bankloannetincr": null, "receredu": 763355.39, "publishdate": "20160217", "other": -2000487.49, "deponetr": null, "paytax": 58290109.08, "bizinflform": null, "tradepaymnetr": null, "cashneti": -8316063.57, "accstaname": "\u65b0\u4f1a\u8ba1\u51c6\u5219", "cashnetr": -8316063.57, "invnetcashflow": -83584125.94, "netinvform": null, "finnetform": null, "payacticash": 51494170.29, "fininflform": null, "invoutfform": null}, {"laborgetcash": 627355362.88, "inveredu": -897206.89, "unreinveloss": null, "bizcashinfl": 642249713.62, "diviprofpaycash": 30059382.48, "invcashoutf": 64319071.12, "accrexpeincr": null, "subspaynetcash": 2538956.83, "finrelacash": 9345000.0, "payworkcash": 53893458.42, "subspaydivid": null, "chgexchgchgs": null, "finnetcflow": -18654132.48, "receotherbizcash": 14882446.99, "longdefeexpenamor": null, "acquassetcash": 61780114.29, "recefincash": 2750250.0, "inspremcash": null, "netcashform": null, "bizcashoutf": 579120338.2, "fininstnetr": null, "invrececash": null, "defetaxassetdecr": -291656.8, "inicashbala": 51018270.29, "invcashinfl": 1601044.33, "paydivicash": null, "netcashscheitse": null, "defeincoincr": null, "disptradnetincr": null, "mananetr": 63129375.42, "debtintocapi": null, "defetaxliabincr": null, "adjustdate": "20150611", "enddate": "20121231", "assedepr": 17871852.44, "biznetscheitse": null, "biznetform": null, "equfinalbala": null, "finoutfitse": null, "cashfinalbala": 32775486.44, "fixedassetnetc": 288586.86, "cashfinalitse": null, "payintecash": null, "unfiparachg": null, "loansnetr": null, "incrcashpled": null, "biznetcflow": 63129375.42, "asseimpa": 2242449.24, "reducashpled": null, "invinffrom": null, "netprofit": 61894616.79, "minysharrigh": null, "equopenbala": null, "inveloss": -312457.47, "valuechgloss": null, "receinvcash": 1000000.0, "bizoutfform": null, "biznetscheform": null, "finexpe": 4859392.98, "intaasseamor": 443430.79, "taxrefd": 11903.75, "biznetitse": null, "finnetitse": null, "invinflitse": null, "subsnetc": null, "unseparachg": null, "finoutfform": null, "recefromloan": 40000000.0, "netinvitse": null, "estidebts": null, "payaincr": 2355923.53, "fdsborrnetr": null, "realestadep": null, "reporttype": "100111", "dispfixedassetloss": 363321.11, "fininflitse": null, "finalcashbala": 32775486.44, "cashfinalform": null, "invoutfitse": null, "netcashitse": null, "payinvecash": null, "fixedassescraloss": null, "savinetr": null, "subsrececash": null, "accstacode": "2", "fincashoutf": 61404382.48, "charintecash": null, "finfixedasset": null, "labopayc": 427348896.92, "expiconvbd": null, "paycompgold": null, "inveretugetcash": 312457.47, "compcode": "80362507", "prepexpedecr": null, "repnetincr": null, "issbdrececash": null, "loannetr": null, "withinvgetcash": null, "invpayc": null, "debtpaycash": 22000000.0, "fincashinfl": 42750250.0, "cashopenbala": 51018270.29, "netcashscheform": null, "begindate": "20120101", "bizoutfitse": null, "bizinflitse": null, "insnetc": null, "bankloannetincr": null, "receredu": -23432860.22, "publishdate": "20150611", "other": -1967430.08, "deponetr": null, "paytax": 56804582.77, "bizinflform": null, "tradepaymnetr": null, "cashneti": -18242783.85, "accstaname": "\u65b0\u4f1a\u8ba1\u51c6\u5219", "cashnetr": -18242783.85, "invnetcashflow": -62718026.79, "netinvform": null, "finnetform": null, "payacticash": 41073400.09, "fininflform": null, "invoutfform": null}, {"laborgetcash": 576760157.71, "inveredu": 2490738.83, "unreinveloss": null, "bizcashinfl": 583379605.53, "diviprofpaycash": 26190712.87, "invcashoutf": 41850450.94, "accrexpeincr": null, "subspaynetcash": null, "finrelacash": 91029363.22, "payworkcash": 43968770.41, "subspaydivid": null, "chgexchgchgs": null, "finnetcflow": -29154664.31, "receotherbizcash": 6153219.47, "longdefeexpenamor": null, "acquassetcash": 41850450.94, "recefincash": 65409750.0, "inspremcash": null, "netcashform": null, "bizcashoutf": 497149879.72, "fininstnetr": null, "invrececash": 114455661.78, "defetaxassetdecr": -882753.8, "inicashbala": 22661369.19, "invcashinfl": 13132290.54, "paydivicash": null, "netcashscheitse": null, "defeincoincr": null, "disptradnetincr": null, "mananetr": 86229725.81, "debtintocapi": null, "defetaxliabincr": -13242.25, "adjustdate": "20140604", "enddate": "20111231", "assedepr": 13921331.13, "biznetscheitse": null, "biznetform": null, "equfinalbala": null, "finoutfitse": null, "cashfinalbala": 51018270.29, "fixedassetnetc": 3315496.02, "cashfinalitse": null, "payintecash": null, "unfiparachg": null, "loansnetr": null, "incrcashpled": null, "biznetcflow": 86229725.81, "asseimpa": 11192379.23, "reducashpled": null, "invinffrom": null, "netprofit": 47054999.46, "minysharrigh": null, "equopenbala": null, "inveloss": -32794.52, "valuechgloss": null, "receinvcash": 9784000.0, "bizoutfform": null, "biznetscheform": null, "finexpe": 12227622.95, "intaasseamor": 408117.47, "taxrefd": 466228.35, "biznetitse": null, "finnetitse": null, "invinflitse": null, "subsnetc": null, "unseparachg": null, "finoutfform": null, "recefromloan": 92000000.0, "netinvitse": null, "estidebts": null, "payaincr": -17321884.63, "fdsborrnetr": null, "realestadep": null, "reporttype": "100111", "dispfixedassetloss": -2160390.59, "fininflitse": null, "finalcashbala": 51018270.29, "cashfinalform": null, "invoutfitse": null, "netcashitse": null, "payinvecash": null, "fixedassescraloss": null, "savinetr": null, "subsrececash": null, "accstacode": "2", "fincashoutf": 301020076.09, "charintecash": null, "finfixedasset": null, "labopayc": 384140373.28, "expiconvbd": null, "paycompgold": null, "inveretugetcash": 32794.52, "compcode": "80362507", "prepexpedecr": null, "repnetincr": null, "issbdrececash": null, "loannetr": null, "withinvgetcash": null, "invpayc": null, "debtpaycash": 183800000.0, "fincashinfl": 271865411.78, "cashopenbala": 22661369.19, "netcashscheform": null, "begindate": "20110101", "bizoutfitse": null, "bizinflitse": null, "insnetc": null, "bankloannetincr": null, "receredu": 21046169.2, "publishdate": "20140604", "other": -1700566.67, "deponetr": null, "paytax": 45837082.51, "bizinflform": null, "tradepaymnetr": null, "cashneti": 28356901.1, "accstaname": "\u65b0\u4f1a\u8ba1\u51c6\u5219", "cashnetr": 28356901.1, "invnetcashflow": -28718160.4, "netinvform": null, "finnetform": null, "payacticash": 23203653.52, "fininflform": null, "invoutfform": null}], "comptype": 4, "name": "\u5343\u79be\u5473\u4e1a"}