{"list": [{"unreinveloss": null, "specrese": null, "righaggritse": null, "righaggr": 964907710.36, "otherlonginve": null, "topaycashdivi": null, "minysharrigh": null, "rese": 31320891.95, "intelrece": null, "taxespaya": 12820945.56, "othernoncasse": 11760069.34, "tradshartrad": null, "totcurrasset": 595220963.85, "otherrece": 6278093.63, "accrexpe": null, "expenoncliab": null, "fixedasseclea": null, "currliabitse": null, "consprog": 92959973.17, "engimate": 24585.63, "copepoun": null, "longliabform": null, "bdspaya": null, "specpaya": null, "hydrasset": null, "adjustdate": "20171026", "totliabsharequi": 1183804521.6, "inveprop": null, "cenbankborr": null, "capisurp": 235394384.18, "currliabform": null, "intelpay": null, "shorttermborr": 80000000.0, "shorttermbdspaya": null, "reinrece": null, "totalasseform": null, "sharrighitse": null, "accorece": 57571625.79, "totalnoncassets": 588583557.75, "accopaya": 58113326.31, "othercurreliabi": 15292010.98, "purcresaasset": null, "intaasset": 58210842.56, "inve": 239888962.1, "totalcurrliab": 200189105.91, "sharrightform": null, "expinoncurrasset": null, "tradfinliab": null, "fixedasseimpa": null, "fixedassenetw": null, "fixedasseimmo": null, "equiinve": null, "paresharrigh": 964907710.36, "currassetitse": null, "fdsborr": null, "expotaxrebarece": null, "totassetitse": null, "subsrece": null, "comasse": null, "tradfinasset": null, "actiundesecu": null, "noncasseitse": null, "intepaya": 96666.67, "prepexpe": null, "reportdate": "20170930", "otherfeepaya": null, "rightotitse": null, "derifinaasset": null, "dometicksett": null, "generiskrese": null, "dividrece": null, "interece": null, "rightotform": null, "treastk": null, "undiprof": 378192434.23, "avaisellasse": null, "totliabform": null, "rightaggrform": null, "paidincapi": 320000000.0, "longliabitse": null, "accstacode": "2", "totliabitse": null, "longborr": null, "premrece": null, "noncasseform": null, "curtrandiff": null, "prep": 12193088.88, "defetaxasset": 8024125.65, "compcode": "80362507", "expecurrliab": null, "copewithreinrece": null, "divipaya": null, "notespaya": 3271723.5, "currasseform": null, "margrequ": null, "totasset": 1183804521.6, "reincontrese": null, "totalnoncliab": 18707705.33, "notesrece": 250000.0, "totliab": 218896811.24, "duenoncliab": null, "holdinvedue": null, "accudepr": null, "insucontrese": null, "deveexpe": null, "settresedepo": null, "defereve": null, "othernoncliabi": null, "lendandloan": null, "longdefeinco": 18707705.33, "publishdate": "20171026", "advapaym": 7617739.19, "margrece": null, "defeincotaxliab": null, "logprepexpe": 269570.53, "prodasse": null, "othercurrasse": 248159341.75, "longrece": null, "accstaname": "\u65b0\u4f1a\u8ba1\u51c6\u5219", "reporttype": "100111", "deriliab": null, "plac": null, "sellrepasse": null, "inteticksett": null, "longpaya": null, "copeworkersal": 12647581.44, "goodwill": null, "unseg": null, "actitradsecu": null, "otherpay": 10329112.26, "deposit": null, "fixedassenet": 417334390.87, "curfds": 30879851.7}, {"unreinveloss": null, "specrese": null, "righaggritse": null, "righaggr": 935690612.78, "otherlonginve": null, "topaycashdivi": null, "minysharrigh": null, "rese": 31320891.95, "intelrece": null, "taxespaya": 14827461.92, "othernoncasse": 28001521.82, "tradshartrad": null, "totcurrasset": 561797042.86, "otherrece": 4652491.45, "accrexpe": null, "expenoncliab": null, "fixedasseclea": null, "currliabitse": null, "consprog": 50132905.83, "engimate": 24376.9, "copepoun": null, "longliabform": null, "bdspaya": null, "specpaya": null, "hydrasset": null, "adjustdate": "20170825", "totliabsharequi": 1124954123.19, "inveprop": null, "cenbankborr": null, "capisurp": 235394384.18, "currliabform": null, "intelpay": null, "shorttermborr": 50000000.0, "shorttermbdspaya": null, "reinrece": null, "totalasseform": null, "sharrighitse": null, "accorece": 57937351.17, "totalnoncassets": 563157080.33, "accopaya": 56869823.45, "othercurreliabi": 16001110.04, "purcresaasset": null, "intaasset": 51484252.56, "inve": 230885653.66, "totalcurrliab": 169740010.28, "sharrightform": null, "expinoncurrasset": null, "tradfinliab": null, "fixedasseimpa": 1219809.02, "fixedassenetw": 423695351.39, "fixedasseimmo": 574813587.56, "equiinve": 2672087.78, "paresharrigh": 935690612.78, "currassetitse": null, "fdsborr": null, "expotaxrebarece": null, "totassetitse": null, "subsrece": null, "comasse": null, "tradfinasset": null, "actiundesecu": null, "noncasseitse": null, "intepaya": 56146.12, "prepexpe": null, "reportdate": "20170630", "otherfeepaya": null, "rightotitse": null, "derifinaasset": null, "dometicksett": null, "generiskrese": null, "dividrece": null, "interece": null, "rightotform": null, "treastk": null, "undiprof": 348975336.65, "avaisellasse": null, "totliabform": null, "rightaggrform": null, "paidincapi": 320000000.0, "longliabitse": null, "accstacode": "2", "totliabitse": null, "longborr": null, "premrece": null, "noncasseform": null, "curtrandiff": null, "prep": 12432966.4, "defetaxasset": 8076086.33, "compcode": "80362507", "expecurrliab": null, "copewithreinrece": null, "divipaya": null, "notespaya": 3271723.5, "currasseform": null, "margrequ": null, "totasset": 1124954123.19, "reincontrese": null, "totalnoncliab": 19523500.13, "notesrece": 800000.0, "totliab": 189263510.41, "duenoncliab": null, "holdinvedue": null, "accudepr": 151118236.17, "insucontrese": null, "deveexpe": null, "settresedepo": null, "defereve": null, "othernoncliabi": null, "lendandloan": null, "longdefeinco": 19523500.13, "publishdate": "20170825", "advapaym": 7358936.05, "margrece": null, "defeincotaxliab": null, "logprepexpe": 290306.74, "prodasse": null, "othercurrasse": 172339023.84, "longrece": null, "accstaname": "\u65b0\u4f1a\u8ba1\u51c6\u5219", "reporttype": "100111", "deriliab": null, "plac": null, "sellrepasse": null, "inteticksett": null, "longpaya": null, "copeworkersal": 12855089.57, "goodwill": null, "unseg": null, "actitradsecu": null, "otherpay": 8499719.63, "deposit": null, "fixedassenet": 422475542.37, "curfds": 82749556.34}, {"unreinveloss": null, "specrese": null, "righaggritse": null, "righaggr": 927922889.55, "otherlonginve": null, "topaycashdivi": null, "minysharrigh": null, "rese": 31320891.95, "intelrece": null, "taxespaya": 16977316.69, "othernoncasse": 15602730.14, "tradshartrad": null, "totcurrasset": 554145859.01, "otherrece": 5298705.47, "accrexpe": null, "expenoncliab": null, "fixedasseclea": null, "currliabitse": null, "consprog": 11046874.08, "engimate": 26768.6, "copepoun": null, "longliabform": null, "bdspaya": null, "specpaya": null, "hydrasset": null, "adjustdate": "20170426", "totliabsharequi": 1074407034.65, "inveprop": null, "cenbankborr": null, "capisurp": 395394384.18, "currliabform": null, "intelpay": null, "shorttermborr": null, "shorttermbdspaya": null, "reinrece": null, "totalasseform": null, "sharrighitse": null, "accorece": 60450665.77, "totalnoncassets": 520261175.64, "accopaya": 58989449.65, "othercurreliabi": 14349418.87, "purcresaasset": null, "intaasset": 51994494.9, "inve": 219311285.95, "totalcurrliab": 127136516.83, "sharrightform": null, "expinoncurrasset": null, "tradfinliab": null, "fixedasseimpa": null, "fixedassenetw": null, "fixedasseimmo": null, "equiinve": 3000000.0, "paresharrigh": 927922889.55, "currassetitse": null, "fdsborr": null, "expotaxrebarece": null, "totassetitse": null, "subsrece": null, "comasse": null, "tradfinasset": null, "actiundesecu": null, "noncasseitse": null, "intepaya": null, "prepexpe": null, "reportdate": "20170331", "otherfeepaya": null, "rightotitse": null, "derifinaasset": null, "dometicksett": null, "generiskrese": null, "dividrece": null, "interece": null, "rightotform": null, "treastk": null, "undiprof": 341207613.42, "avaisellasse": null, "totliabform": null, "rightaggrform": null, "paidincapi": 160000000.0, "longliabitse": null, "accstacode": "2", "totliabitse": null, "longborr": null, "premrece": null, "noncasseform": null, "curtrandiff": null, "prep": 12785745.42, "defetaxasset": 7731469.09, "compcode": "80362507", "expecurrliab": null, "copewithreinrece": null, "divipaya": null, "notespaya": null, "currasseform": null, "margrequ": null, "totasset": 1074407034.65, "reincontrese": null, "totalnoncliab": 19347628.27, "notesrece": 1270000.0, "totliab": 146484145.1, "duenoncliab": null, "holdinvedue": null, "accudepr": null, "insucontrese": null, "deveexpe": null, "settresedepo": null, "defereve": null, "othernoncliabi": null, "lendandloan": null, "longdefeinco": 19347628.27, "publishdate": "20170426", "advapaym": 14272991.75, "margrece": null, "defeincotaxliab": null, "logprepexpe": 311042.95, "prodasse": null, "othercurrasse": 182602426.91, "longrece": null, "accstaname": "\u65b0\u4f1a\u8ba1\u51c6\u5219", "reporttype": "100111", "deriliab": null, "plac": null, "sellrepasse": null, "inteticksett": null, "longpaya": null, "copeworkersal": 12617060.29, "goodwill": null, "unseg": null, "actitradsecu": null, "otherpay": 9930279.58, "deposit": null, "fixedassenet": 430547795.88, "curfds": 72427029.49}, {"unreinveloss": null, "specrese": null, "righaggritse": null, "righaggr": 890420754.13, "otherlonginve": null, "topaycashdivi": null, "minysharrigh": null, "rese": 31320891.95, "intelrece": null, "taxespaya": 8919928.84, "othernoncasse": 6100355.25, "tradshartrad": null, "totcurrasset": 518217599.94, "otherrece": 4184063.85, "accrexpe": null, "expenoncliab": null, "fixedasseclea": null, "currliabitse": null, "consprog": 351208.05, "engimate": 32762.84, "copepoun": null, "longliabform": null, "bdspaya": null, "specpaya": null, "hydrasset": null, "adjustdate": "20170322", "totliabsharequi": 1026655803.71, "inveprop": null, "cenbankborr": null, "capisurp": 395394384.18, "currliabform": null, "intelpay": null, "shorttermborr": null, "shorttermbdspaya": null, "reinrece": null, "totalasseform": null, "sharrighitse": null, "accorece": 56458090.29, "totalnoncassets": 508438203.77, "accopaya": 52574203.3, "othercurreliabi": 14203565.84, "purcresaasset": null, "intaasset": 52537975.61, "inve": 211445166.91, "totalcurrliab": 116300016.32, "sharrightform": null, "expinoncurrasset": null, "tradfinliab": null, "fixedasseimpa": 1655504.32, "fixedassenetw": 442778367.59, "fixedasseimmo": 575460866.09, "equiinve": null, "paresharrigh": 890420754.13, "currassetitse": null, "fdsborr": null, "expotaxrebarece": null, "totassetitse": null, "subsrece": null, "comasse": null, "tradfinasset": null, "actiundesecu": null, "noncasseitse": null, "intepaya": null, "prepexpe": null, "reportdate": "20161231", "otherfeepaya": null, "rightotitse": null, "derifinaasset": null, "dometicksett": null, "generiskrese": null, "dividrece": null, "interece": null, "rightotform": null, "treastk": null, "undiprof": 303705478.0, "avaisellasse": null, "totliabform": null, "rightaggrform": null, "paidincapi": 160000000.0, "longliabitse": null, "accstacode": "2", "totliabitse": null, "longborr": null, "premrece": null, "noncasseform": null, "curtrandiff": null, "prep": 36501482.45, "defetaxasset": 7961259.59, "compcode": "80362507", "expecurrliab": null, "copewithreinrece": null, "divipaya": null, "notespaya": null, "currasseform": null, "margrequ": null, "totasset": 1026655803.71, "reincontrese": null, "totalnoncliab": 19935033.26, "notesrece": 543831.99, "totliab": 136235049.58, "duenoncliab": null, "holdinvedue": null, "accudepr": 132682498.5, "insucontrese": null, "deveexpe": null, "settresedepo": null, "defereve": null, "othernoncliabi": null, "lendandloan": null, "longdefeinco": 19935033.26, "publishdate": "20170322", "advapaym": 16649416.26, "margrece": null, "defeincotaxliab": null, "logprepexpe": 331779.16, "prodasse": null, "othercurrasse": 117037493.65, "longrece": null, "accstaname": "\u65b0\u4f1a\u8ba1\u51c6\u5219", "reporttype": "100111", "deriliab": null, "plac": null, "sellrepasse": null, "inteticksett": null, "longpaya": null, "copeworkersal": 13398370.83, "goodwill": null, "unseg": null, "actitradsecu": null, "otherpay": 10554531.25, "deposit": null, "fixedassenet": 441122863.27, "curfds": 92047470.8}, {"unreinveloss": null, "specrese": null, "righaggritse": null, "righaggr": 862421245.13, "otherlonginve": null, "topaycashdivi": null, "minysharrigh": null, "rese": 23168337.13, "intelrece": null, "taxespaya": 12223342.04, "othernoncasse": 16334215.4, "tradshartrad": null, "totcurrasset": 491943259.77, "otherrece": 3959771.53, "accrexpe": null, "expenoncliab": null, "fixedasseclea": null, "currliabitse": null, "consprog": 109227550.73, "engimate": 55914.74, "copepoun": null, "longliabform": null, "bdspaya": null, "specpaya": null, "hydrasset": null, "adjustdate": "20161027", "totliabsharequi": 968764983.09, "inveprop": null, "cenbankborr": null, "capisurp": 395394384.18, "currliabform": null, "intelpay": null, "shorttermborr": null, "shorttermbdspaya": null, "reinrece": null, "totalasseform": null, "sharrighitse": null, "accorece": 49798593.89, "totalnoncassets": 476821723.32, "accopaya": 32734575.81, "othercurreliabi": 13855714.15, "purcresaasset": null, "intaasset": 48844821.44, "inve": 182060429.07, "totalcurrliab": 85792994.63, "sharrightform": null, "expinoncurrasset": null, "tradfinliab": null, "fixedasseimpa": null, "fixedassenetw": null, "fixedasseimmo": null, "equiinve": null, "paresharrigh": 862421245.13, "currassetitse": null, "fdsborr": null, "expotaxrebarece": null, "totassetitse": null, "subsrece": null, "comasse": null, "tradfinasset": null, "actiundesecu": null, "noncasseitse": null, "intepaya": null, "prepexpe": null, "reportdate": "20160930", "otherfeepaya": null, "rightotitse": null, "derifinaasset": null, "dometicksett": null, "generiskrese": null, "dividrece": null, "interece": null, "rightotform": null, "treastk": null, "undiprof": 283858523.82, "avaisellasse": null, "totliabform": null, "rightaggrform": null, "paidincapi": 160000000.0, "longliabitse": null, "accstacode": "2", "totliabitse": null, "longborr": null, "premrece": null, "noncasseform": null, "curtrandiff": null, "prep": 7152938.99, "defetaxasset": 6432562.53, "compcode": "80362507", "expecurrliab": null, "copewithreinrece": null, "divipaya": null, "notespaya": null, "currasseform": null, "margrequ": null, "totasset": 968764983.09, "reincontrese": null, "totalnoncliab": 20550743.33, "notesrece": 683831.99, "totliab": 106343737.96, "duenoncliab": null, "holdinvedue": null, "accudepr": null, "insucontrese": null, "deveexpe": null, "settresedepo": null, "defereve": null, "othernoncliabi": null, "lendandloan": null, "longdefeinco": 20550743.33, "publishdate": "20161027", "advapaym": 9749616.38, "margrece": null, "defeincotaxliab": null, "logprepexpe": 359427.44, "prodasse": null, "othercurrasse": 149500000.0, "longrece": null, "accstaname": "\u65b0\u4f1a\u8ba1\u51c6\u5219", "reporttype": "100111", "deriliab": null, "plac": null, "sellrepasse": null, "inteticksett": null, "longpaya": null, "copeworkersal": 9758462.76, "goodwill": null, "unseg": null, "actitradsecu": null, "otherpay": 7471283.49, "deposit": null, "fixedassenet": 295567231.04, "curfds": 98787694.3}, {"unreinveloss": null, "specrese": null, "righaggritse": null, "righaggr": 838556080.63, "otherlonginve": null, "topaycashdivi": null, "minysharrigh": null, "rese": 23168337.13, "intelrece": null, "taxespaya": 6311141.57, "othernoncasse": 2947975.98, "tradshartrad": null, "totcurrasset": 481415003.99, "otherrece": 4463450.98, "accrexpe": null, "expenoncliab": null, "fixedasseclea": null, "currliabitse": null, "consprog": 118907490.55, "engimate": 28543.03, "copepoun": null, "longliabform": null, "bdspaya": null, "specpaya": null, "hydrasset": null, "adjustdate": "20160826", "totliabsharequi": 940772430.11, "inveprop": null, "cenbankborr": null, "capisurp": 395394384.18, "currliabform": null, "intelpay": null, "shorttermborr": null, "shorttermbdspaya": null, "reinrece": null, "totalasseform": null, "sharrighitse": null, "accorece": 34009044.19, "totalnoncassets": 459357426.12, "accopaya": 36822086.82, "othercurreliabi": 9566948.2, "purcresaasset": null, "intaasset": 45063580.85, "inve": 196078494.99, "totalcurrliab": 81075702.52, "sharrightform": null, "expinoncurrasset": null, "tradfinliab": null, "fixedasseimpa": 2291331.1, "fixedassenetw": 288085557.66, "fixedasseimmo": 412673176.41, "equiinve": null, "paresharrigh": 838556080.63, "currassetitse": null, "fdsborr": null, "expotaxrebarece": null, "totassetitse": null, "subsrece": null, "comasse": null, "tradfinasset": null, "actiundesecu": null, "noncasseitse": null, "intepaya": null, "prepexpe": null, "reportdate": "20160630", "otherfeepaya": null, "rightotitse": null, "derifinaasset": null, "dometicksett": null, "generiskrese": null, "dividrece": null, "interece": null, "rightotform": null, "treastk": null, "undiprof": 259993359.32, "avaisellasse": null, "totliabform": null, "rightaggrform": null, "paidincapi": 160000000.0, "longliabitse": null, "accstacode": "2", "totliabitse": null, "longborr": null, "premrece": null, "noncasseform": null, "curtrandiff": null, "prep": 4520574.44, "defetaxasset": 6242357.57, "compcode": "80362507", "expecurrliab": null, "copewithreinrece": null, "divipaya": null, "notespaya": 3510000.0, "currasseform": null, "margrequ": null, "totasset": 940772430.11, "reincontrese": null, "totalnoncliab": 21140646.96, "notesrece": 1570000.0, "totliab": 102216349.48, "duenoncliab": null, "holdinvedue": null, "accudepr": 124587618.75, "insucontrese": null, "deveexpe": null, "settresedepo": null, "defereve": null, "othernoncliabi": null, "lendandloan": null, "longdefeinco": 21140646.96, "publishdate": "20160826", "advapaym": 7016213.7, "margrece": null, "defeincotaxliab": null, "logprepexpe": 373251.58, "prodasse": null, "othercurrasse": null, "longrece": null, "accstaname": "\u65b0\u4f1a\u8ba1\u51c6\u5219", "reporttype": "100111", "deriliab": null, "plac": null, "sellrepasse": null, "inteticksett": null, "longpaya": null, "copeworkersal": 9275333.37, "goodwill": null, "unseg": null, "actitradsecu": null, "otherpay": 8573978.86, "deposit": null, "fixedassenet": 285794226.56, "curfds": 240773439.39}, {"unreinveloss": null, "specrese": null, "righaggritse": null, "righaggr": 829750208.09, "otherlonginve": null, "topaycashdivi": null, "minysharrigh": null, "rese": 23168337.13, "intelrece": null, "taxespaya": 4684380.35, "othernoncasse": 6998435.64, "tradshartrad": null, "totcurrasset": 498145987.11, "otherrece": 3867366.87, "accrexpe": null, "expenoncliab": null, "fixedasseclea": null, "currliabitse": null, "consprog": 106852093.9, "engimate": 88092.47, "copepoun": null, "longliabform": null, "bdspaya": null, "specpaya": null, "hydrasset": null, "adjustdate": "20160428", "totliabsharequi": 954184075.64, "inveprop": null, "cenbankborr": null, "capisurp": 395394384.18, "currliabform": null, "intelpay": null, "shorttermborr": 19500000.0, "shorttermbdspaya": null, "reinrece": null, "totalasseform": null, "sharrighitse": null, "accorece": 39560422.41, "totalnoncassets": 456038088.53, "accopaya": 40015897.23, "othercurreliabi": 6996820.77, "purcresaasset": null, "intaasset": 45367902.65, "inve": 184733214.63, "totalcurrliab": 102799352.27, "sharrightform": null, "expinoncurrasset": null, "tradfinliab": null, "fixedasseimpa": null, "fixedassenetw": null, "fixedasseimmo": null, "equiinve": null, "paresharrigh": 829750208.09, "currassetitse": null, "fdsborr": null, "expotaxrebarece": null, "totassetitse": null, "subsrece": null, "comasse": null, "tradfinasset": null, "actiundesecu": null, "noncasseitse": null, "intepaya": 73312.61, "prepexpe": null, "reportdate": "20160331", "otherfeepaya": null, "rightotitse": null, "derifinaasset": null, "dometicksett": null, "generiskrese": null, "dividrece": null, "interece": null, "rightotform": null, "treastk": null, "undiprof": 251187486.78, "avaisellasse": null, "totliabform": null, "rightaggrform": null, "paidincapi": 160000000.0, "longliabitse": null, "accstacode": "2", "totliabitse": null, "longborr": null, "premrece": null, "noncasseform": null, "curtrandiff": null, "prep": 4760735.29, "defetaxasset": 6217776.25, "compcode": "80362507", "expecurrliab": null, "copewithreinrece": null, "divipaya": null, "notespaya": 9145905.16, "currasseform": null, "margrequ": null, "totasset": 954184075.64, "reincontrese": null, "totalnoncliab": 21634515.28, "notesrece": 800000.0, "totliab": 124433867.55, "duenoncliab": null, "holdinvedue": null, "accudepr": null, "insucontrese": null, "deveexpe": null, "settresedepo": null, "defereve": null, "othernoncliabi": null, "lendandloan": null, "longdefeinco": 21634515.28, "publishdate": "20160428", "advapaym": 7708746.35, "margrece": null, "defeincotaxliab": null, "logprepexpe": 393987.79, "prodasse": null, "othercurrasse": null, "longrece": null, "accstaname": "\u65b0\u4f1a\u8ba1\u51c6\u5219", "reporttype": "100111", "deriliab": null, "plac": null, "sellrepasse": null, "inteticksett": null, "longpaya": null, "copeworkersal": 8369179.74, "goodwill": null, "unseg": null, "actitradsecu": null, "otherpay": 6305110.06, "deposit": null, "fixedassenet": 290119799.83, "curfds": 264424247.91}, {"unreinveloss": null, "specrese": null, "righaggritse": null, "righaggr": 467498088.49, "otherlonginve": null, "topaycashdivi": null, "minysharrigh": null, "rese": 23168337.13, "intelrece": null, "taxespaya": 1504024.67, "othernoncasse": 4121903.16, "tradshartrad": null, "totcurrasset": 270715067.73, "otherrece": 2986993.56, "accrexpe": null, "expenoncliab": null, "fixedasseclea": null, "currliabitse": null, "consprog": 100113894.14, "engimate": 387152.93, "copepoun": null, "longliabform": null, "bdspaya": null, "specpaya": null, "hydrasset": null, "adjustdate": "20160217", "totliabsharequi": 724122606.18, "inveprop": null, "cenbankborr": null, "capisurp": 96560284.12, "currliabform": null, "intelpay": null, "shorttermborr": 134500000.0, "shorttermbdspaya": null, "reinrece": null, "totalasseform": null, "sharrighitse": null, "accorece": 35316035.9, "totalnoncassets": 453407538.45, "accopaya": 46244829.41, "othercurreliabi": 9820269.6, "purcresaasset": null, "intaasset": 45529574.87, "inve": 170920821.48, "totalcurrliab": 235729347.14, "sharrightform": null, "expinoncurrasset": null, "tradfinliab": null, "fixedasseimpa": 3188449.54, "fixedassenetw": 299900496.59, "fixedasseimmo": 412800556.58, "equiinve": null, "paresharrigh": 467498088.49, "currassetitse": null, "fdsborr": null, "expotaxrebarece": null, "totassetitse": null, "subsrece": null, "comasse": null, "tradfinasset": null, "actiundesecu": null, "noncasseitse": null, "intepaya": 181309.03, "prepexpe": null, "reportdate": "20151231", "otherfeepaya": null, "rightotitse": null, "derifinaasset": null, "dometicksett": null, "generiskrese": null, "dividrece": null, "interece": null, "rightotform": null, "treastk": null, "undiprof": 227769467.24, "avaisellasse": null, "totliabform": null, "rightaggrform": null, "paidincapi": 120000000.0, "longliabitse": null, "accstacode": "2", "totliabitse": null, "longborr": null, "premrece": null, "noncasseform": null, "curtrandiff": null, "prep": 12773086.59, "defetaxasset": 6542966.3, "compcode": "80362507", "expecurrliab": null, "copewithreinrece": null, "divipaya": null, "notespaya": 14150135.62, "currasseform": null, "margrequ": null, "totasset": 724122606.18, "reincontrese": null, "totalnoncliab": 20895170.55, "notesrece": 300000.0, "totliab": 256624517.69, "duenoncliab": null, "holdinvedue": null, "accudepr": 112900059.99, "insucontrese": null, "deveexpe": null, "settresedepo": null, "defereve": null, "othernoncliabi": null, "lendandloan": null, "longdefeinco": 20895170.55, "publishdate": "20160217", "advapaym": 11771646.74, "margrece": null, "defeincotaxliab": null, "logprepexpe": null, "prodasse": null, "othercurrasse": null, "longrece": null, "accstaname": "\u65b0\u4f1a\u8ba1\u51c6\u5219", "reporttype": "100111", "deriliab": null, "plac": null, "sellrepasse": null, "inteticksett": null, "longpaya": null, "copeworkersal": 9608928.73, "goodwill": null, "unseg": null, "actitradsecu": null, "otherpay": 7948203.34, "deposit": null, "fixedassenet": 296712047.05, "curfds": 48418130.2}, {"unreinveloss": null, "specrese": null, "righaggritse": null, "righaggr": 400966969.89, "otherlonginve": null, "topaycashdivi": null, "minysharrigh": null, "rese": 13567679.05, "intelrece": null, "taxespaya": -1667715.11, "othernoncasse": 2769695.03, "tradshartrad": null, "totcurrasset": 207398034.29, "otherrece": 2384382.2, "accrexpe": null, "expenoncliab": null, "fixedasseclea": null, "currliabitse": null, "consprog": 166901835.24, "engimate": 1673963.91, "copepoun": null, "longliabform": null, "bdspaya": null, "specpaya": null, "hydrasset": null, "adjustdate": "20160217", "totliabsharequi": 649044867.29, "inveprop": null, "cenbankborr": null, "capisurp": 96560284.12, "currliabform": null, "intelpay": null, "shorttermborr": 130000000.0, "shorttermbdspaya": null, "reinrece": null, "totalasseform": null, "sharrighitse": null, "accorece": 36635772.51, "totalnoncassets": 441646833.0, "accopaya": 54071991.59, "othercurreliabi": 3930838.61, "purcresaasset": null, "intaasset": 46007723.55, "inve": 113835663.33, "totalcurrliab": 225009085.13, "sharrightform": null, "expinoncurrasset": null, "tradfinliab": null, "fixedasseimpa": 2903345.13, "fixedassenetw": 221683008.81, "fixedasseimmo": 311856468.26, "equiinve": null, "paresharrigh": 400966969.89, "currassetitse": null, "fdsborr": null, "expotaxrebarece": null, "totassetitse": null, "subsrece": null, "comasse": null, "tradfinasset": null, "actiundesecu": null, "noncasseitse": null, "intepaya": 249333.33, "prepexpe": null, "reportdate": "20141231", "otherfeepaya": null, "rightotitse": null, "derifinaasset": null, "dometicksett": null, "generiskrese": null, "dividrece": null, "interece": null, "rightotform": null, "treastk": null, "undiprof": 170839006.72, "avaisellasse": null, "totliabform": null, "rightaggrform": null, "paidincapi": 120000000.0, "longliabitse": null, "accstacode": "2", "totliabitse": null, "longborr": null, "premrece": null, "noncasseform": null, "curtrandiff": null, "prep": 14968593.83, "defetaxasset": 5513951.59, "compcode": "80362507", "expecurrliab": null, "copewithreinrece": null, "divipaya": null, "notespaya": 18181318.09, "currasseform": null, "margrequ": null, "totasset": 649044867.29, "reincontrese": null, "totalnoncliab": 23068812.27, "notesrece": null, "totliab": 248077897.4, "duenoncliab": null, "holdinvedue": null, "accudepr": 90173459.45, "insucontrese": null, "deveexpe": null, "settresedepo": null, "defereve": null, "othernoncliabi": null, "lendandloan": null, "longdefeinco": 23068812.27, "publishdate": "20160217", "advapaym": 6926219.1, "margrece": null, "defeincotaxliab": null, "logprepexpe": null, "prodasse": null, "othercurrasse": null, "longrece": null, "accstaname": "\u65b0\u4f1a\u8ba1\u51c6\u5219", "reporttype": "100111", "deriliab": null, "plac": null, "sellrepasse": null, "inteticksett": null, "longpaya": null, "copeworkersal": 7873654.71, "goodwill": null, "unseg": null, "actitradsecu": null, "otherpay": 5443444.81, "deposit": null, "fixedassenet": 218779663.68, "curfds": 39573622.42}, {"unreinveloss": null, "specrese": null, "righaggritse": null, "righaggr": 361196645.2, "otherlonginve": null, "topaycashdivi": null, "minysharrigh": null, "rese": 9159178.72, "intelrece": null, "taxespaya": -2381444.74, "othernoncasse": 18256452.74, "tradshartrad": null, "totcurrasset": 185245469.88, "otherrece": 2493045.48, "accrexpe": null, "expenoncliab": null, "fixedasseclea": null, "currliabitse": null, "consprog": 34382143.85, "engimate": 1891129.74, "copepoun": null, "longliabform": null, "bdspaya": null, "specpaya": null, "hydrasset": null, "adjustdate": "20160217", "totliabsharequi": 517791722.18, "inveprop": null, "cenbankborr": null, "capisurp": 96560284.12, "currliabform": null, "intelpay": null, "shorttermborr": 80000000.0, "shorttermbdspaya": null, "reinrece": null, "totalasseform": null, "sharrighitse": null, "accorece": 38454159.26, "totalnoncassets": 332546252.3, "accopaya": 27952448.31, "othercurreliabi": 6414053.94, "purcresaasset": null, "intaasset": 47055188.55, "inve": 103465329.83, "totalcurrliab": 135336160.11, "sharrightform": null, "expinoncurrasset": null, "tradfinliab": null, "fixedasseimpa": null, "fixedassenetw": null, "fixedasseimmo": null, "equiinve": null, "paresharrigh": 361196645.2, "currassetitse": null, "fdsborr": null, "expotaxrebarece": null, "totassetitse": null, "subsrece": null, "comasse": null, "tradfinasset": null, "actiundesecu": null, "noncasseitse": null, "intepaya": 150333.33, "prepexpe": null, "reportdate": "20131231", "otherfeepaya": null, "rightotitse": null, "derifinaasset": null, "dometicksett": null, "generiskrese": null, "dividrece": null, "interece": null, "rightotform": null, "treastk": null, "undiprof": 135477182.36, "avaisellasse": null, "totliabform": null, "rightaggrform": null, "paidincapi": 120000000.0, "longliabitse": null, "accstacode": "2", "totliabitse": null, "longborr": null, "premrece": null, "noncasseform": null, "curtrandiff": null, "prep": 15313467.19, "defetaxasset": 4317165.31, "compcode": "80362507", "expecurrliab": null, "copewithreinrece": null, "divipaya": null, "notespaya": null, "currasseform": null, "margrequ": null, "totasset": 517791722.18, "reincontrese": null, "totalnoncliab": 21258916.87, "notesrece": null, "totliab": 156595076.98, "duenoncliab": null, "holdinvedue": null, "accudepr": null, "insucontrese": null, "deveexpe": null, "settresedepo": null, "defereve": null, "othernoncliabi": null, "lendandloan": null, "longdefeinco": 21258916.87, "publishdate": "20160217", "advapaym": 10377107.14, "margrece": null, "defeincotaxliab": null, "logprepexpe": null, "prodasse": null, "othercurrasse": 1060045.25, "longrece": null, "accstaname": "\u65b0\u4f1a\u8ba1\u51c6\u5219", "reporttype": "100111", "deriliab": null, "plac": null, "sellrepasse": null, "inteticksett": null, "longpaya": null, "copeworkersal": 7185632.55, "goodwill": null, "unseg": null, "actitradsecu": null, "otherpay": 5638029.58, "deposit": null, "fixedassenet": 226644172.11, "curfds": 24459422.87}, {"unreinveloss": null, "specrese": null, "righaggritse": null, "righaggr": 302727472.6, "otherlonginve": null, "topaycashdivi": null, "minysharrigh": null, "rese": 4050913.02, "intelrece": null, "taxespaya": 376724.73, "othernoncasse": 8378493.42, "tradshartrad": null, "totcurrasset": 185108829.52, "otherrece": 1186946.79, "accrexpe": null, "expenoncliab": null, "fixedasseclea": null, "currliabitse": null, "consprog": 6839099.02, "engimate": null, "copepoun": null, "longliabform": null, "bdspaya": null, "specpaya": null, "hydrasset": null, "adjustdate": "20150611", "totliabsharequi": 446392978.87, "inveprop": null, "cenbankborr": null, "capisurp": 96560284.12, "currliabform": null, "intelpay": null, "shorttermborr": 30000000.0, "shorttermbdspaya": null, "reinrece": null, "totalasseform": null, "sharrighitse": null, "accorece": 32598099.68, "totalnoncassets": 261284149.35, "accopaya": 20959046.9, "othercurreliabi": 3285887.18, "purcresaasset": null, "intaasset": 40944750.57, "inve": 94787452.96, "totalcurrliab": 92573391.91, "sharrightform": null, "expinoncurrasset": null, "tradfinliab": null, "fixedasseimpa": null, "fixedassenetw": null, "fixedasseimmo": null, "equiinve": null, "paresharrigh": 302727472.6, "currassetitse": null, "fdsborr": null, "expotaxrebarece": null, "totassetitse": null, "subsrece": null, "comasse": null, "tradfinasset": null, "actiundesecu": null, "noncasseitse": null, "intepaya": 151066.67, "prepexpe": null, "reportdate": "20121231", "otherfeepaya": null, "rightotitse": null, "derifinaasset": null, "dometicksett": null, "generiskrese": null, "dividrece": null, "interece": null, "rightotform": null, "treastk": null, "undiprof": 82116275.46, "avaisellasse": null, "totliabform": null, "rightaggrform": null, "paidincapi": 120000000.0, "longliabitse": null, "accstacode": "2", "totliabitse": null, "longborr": 36000000.0, "premrece": null, "noncasseform": null, "curtrandiff": null, "prep": 13795829.65, "defetaxasset": 3446259.92, "compcode": "80362507", "expecurrliab": null, "copewithreinrece": null, "divipaya": null, "notespaya": null, "currasseform": null, "margrequ": null, "totasset": 446392978.87, "reincontrese": null, "totalnoncliab": 51092114.36, "notesrece": 3365014.0, "totliab": 143665506.27, "duenoncliab": 12000000.0, "holdinvedue": null, "accudepr": null, "insucontrese": null, "deveexpe": null, "settresedepo": null, "defereve": null, "othernoncliabi": null, "lendandloan": null, "longdefeinco": 15092114.36, "publishdate": "20150611", "advapaym": 10525065.91, "margrece": null, "defeincotaxliab": null, "logprepexpe": null, "prodasse": null, "othercurrasse": 6600000.0, "longrece": null, "accstaname": "\u65b0\u4f1a\u8ba1\u51c6\u5219", "reporttype": "100111", "deriliab": null, "plac": null, "sellrepasse": null, "inteticksett": null, "longpaya": null, "copeworkersal": 5439253.83, "goodwill": null, "unseg": null, "actitradsecu": null, "otherpay": 9836346.69, "deposit": null, "fixedassenet": 201675546.42, "curfds": 32775486.44}, {"unreinveloss": null, "specrese": null, "righaggritse": null, "righaggr": 262432855.81, "otherlonginve": null, "topaycashdivi": null, "minysharrigh": null, "rese": 3777649.73, "intelrece": null, "taxespaya": 11004576.42, "othernoncasse": 159859.55, "tradshartrad": null, "totcurrasset": 165212801.72, "otherrece": 393415.9, "accrexpe": null, "expenoncliab": null, "fixedasseclea": null, "currliabitse": null, "consprog": 7231901.51, "engimate": 376.8, "copepoun": null, "longliabform": null, "bdspaya": null, "specpaya": null, "hydrasset": null, "adjustdate": "20140604", "totliabsharequi": 382332111.85, "inveprop": null, "cenbankborr": null, "capisurp": 99180837.3, "currliabform": null, "intelpay": null, "shorttermborr": 12000000.0, "shorttermbdspaya": null, "reinrece": null, "totalasseform": null, "sharrighitse": null, "accorece": 13448425.91, "totalnoncassets": 217119310.13, "accopaya": 17148659.05, "othercurreliabi": null, "purcresaasset": null, "intaasset": 16018606.36, "inve": 86842192.37, "totalcurrliab": 55839711.6, "sharrightform": null, "expinoncurrasset": null, "tradfinliab": null, "fixedasseimpa": null, "fixedassenetw": null, "fixedasseimmo": null, "equiinve": null, "paresharrigh": 262432855.81, "currassetitse": null, "fdsborr": null, "expotaxrebarece": null, "totassetitse": null, "subsrece": null, "comasse": null, "tradfinasset": null, "actiundesecu": null, "noncasseitse": null, "intepaya": 128656.0, "prepexpe": null, "reportdate": "20111231", "otherfeepaya": null, "rightotitse": null, "derifinaasset": null, "dometicksett": null, "generiskrese": null, "dividrece": null, "interece": null, "rightotform": null, "treastk": null, "undiprof": 47164479.78, "avaisellasse": null, "totliabform": null, "rightaggrform": null, "paidincapi": 112309889.0, "longliabitse": null, "accstacode": "2", "totliabitse": null, "longborr": 48000000.0, "premrece": null, "noncasseform": null, "curtrandiff": null, "prep": 10744247.25, "defetaxasset": 3154603.12, "compcode": "80362507", "expecurrliab": null, "copewithreinrece": null, "divipaya": null, "notespaya": 2750000.0, "currasseform": null, "margrequ": null, "totasset": 382332111.85, "reincontrese": null, "totalnoncliab": 64059544.44, "notesrece": null, "totliab": 119899256.04, "duenoncliab": null, "holdinvedue": null, "accudepr": null, "insucontrese": null, "deveexpe": null, "settresedepo": null, "defereve": null, "othernoncliabi": 16059544.44, "lendandloan": null, "longdefeinco": null, "publishdate": "20140604", "advapaym": 7057982.87, "margrece": null, "defeincotaxliab": null, "logprepexpe": null, "prodasse": null, "othercurrasse": 16000.0, "longrece": null, "accstaname": "\u65b0\u4f1a\u8ba1\u51c6\u5219", "reporttype": "100111", "deriliab": null, "plac": null, "sellrepasse": null, "inteticksett": null, "longpaya": null, "copeworkersal": 3701793.08, "goodwill": null, "unseg": null, "actitradsecu": null, "otherpay": 2048044.18, "deposit": null, "fixedassenet": 190553962.79, "curfds": 53768520.29}], "comptype": 4, "name": "\u5343\u79be\u5473\u4e1a"}