{"SZ002677":{"symbol":"SZ002677","exchange":"SZ","code":"002677","name":"浙江美大","current":"16.37","percentage":"1.68","change":"0.27","open":"16.1","high":"16.5","low":"16.1","close":"16.37","last_close":"16.1","high52week":"18.45","low52week":"10.8","volume":"1370333.0","lot_volume":"13703.33","volumeAverage":"6517853","marketCapital":"1.057627335268E10","eps":"0.28","pe_ttm":"40.6075","pe_lyr":"52.1883","beta":"0.0","totalShares":"646076564","time":"Tue Nov 28 14:18:21 +0800 2017","afterHours":"0.0","afterHoursPct":"0.0","afterHoursChg":"0.0","updateAt":"1510196115294","dividend":"0.31","yield":"1.93","turnover_rate":"0.48%","instOwn":"0.0","rise_stop":"17.71","fall_stop":"14.49","currency_unit":"CNY","amount":"2.2437091E7","net_assets":"1.7824","hasexist":"","has_warrant":"0","type":"11","flag":"1","rest_day":"","amplitude":"2.48%","market_status":"交易中","lot_size":"100","min_order_quantity":"0","max_order_quantity":"0","tick_size":"0.01","variable_tick_size":"","kzz_stock_symbol":"","kzz_stock_name":"","kzz_stock_current":"0.0","kzz_convert_price":"0.0","kzz_covert_value":"0.0","kzz_cpr":"0.0","kzz_putback_price":"0.0","kzz_convert_time":"","kzz_redempt_price":"0.0","kzz_straight_price":"0.0","kzz_stock_percent":"","pb":"9.19","benefit_before_tax":"0.0","benefit_after_tax":"0.0","convert_bond_ratio":"","totalissuescale":"","outstandingamt":"","maturitydate":"","remain_year":"","convertrate":"0.0","interestrtmemo":"","release_date":"","circulation":"0.0","par_value":"0.0","due_time":"0.0","value_date":"","due_date":"","publisher":"","redeem_type":"F","issue_type":"","bond_type":"","warrant":"","sale_rrg":"","rate":"","after_hour_vol":"0","float_shares":"282936051","float_market_capital":"4.63166315487E9","disnext_pay_date":"","convert_rate":"0.0","volume_ratio":"0.56","percent5m":"0.12","pankou_ratio":"11.32%","psr":"11.6219"}}