{"SZ002677":{"symbol":"SZ002677","exchange":"SZ","code":"002677","name":"浙江美大","current":"18.60","percentage":"2.82","change":"0.51","open":"18.15","high":"18.97","low":"18.1","close":"18.6","last_close":"18.09","high52week":"18.97","low52week":"12.82","volume":"5228287.0","lot_volume":"52282.87","volumeAverage":"6517853","marketCapital":"1.20170240904E10","eps":"0.48","pe_ttm":"39.375","pe_lyr":"39.375","beta":"0.0","totalShares":"646076564","time":"Fri Mar 09 15:04:03 +0800 2018","afterHours":"0.0","afterHoursPct":"0.0","afterHoursChg":"0.0","updateAt":"1510196115294","dividend":"0.31","yield":"1.67","turnover_rate":"1.85%","instOwn":"0.0","rise_stop":"19.9","fall_stop":"16.28","currency_unit":"CNY","amount":"9.702379088E7","net_assets":"2.03","hasexist":"","has_warrant":"0","type":"11","flag":"1","rest_day":"","amplitude":"4.81%","market_status":"休市","lot_size":"100","min_order_quantity":"0","max_order_quantity":"0","tick_size":"0.01","variable_tick_size":"","kzz_stock_symbol":"","kzz_stock_name":"","kzz_stock_current":"0.0","kzz_convert_price":"0.0","kzz_covert_value":"0.0","kzz_cpr":"0.0","kzz_putback_price":"0.0","kzz_convert_time":"","kzz_redempt_price":"0.0","kzz_straight_price":"0.0","kzz_stock_percent":"","pb":"9.16","benefit_before_tax":"0.0","benefit_after_tax":"0.0","convert_bond_ratio":"","totalissuescale":"","outstandingamt":"","maturitydate":"","remain_year":"","convertrate":"0.0","interestrtmemo":"","release_date":"","circulation":"0.0","par_value":"0.0","due_time":"0.0","value_date":"","due_date":"","publisher":"","redeem_type":"F","issue_type":"","bond_type":"","warrant":"","sale_rrg":"","rate":"","after_hour_vol":"0","float_shares":"282936051","float_market_capital":"5.2626105486E9","disnext_pay_date":"","convert_rate":"0.0","volume_ratio":"1.06","percent5m":"0.16","pankou_ratio":"80.29%","psr":"11.7084"}}