{"list":[{"compcode":"80195268","publishdate":"20171027","begindate":"20170101","enddate":"20170930","reporttype":"100111","adjustdate":"20171027","accstacode":"2","accstaname":"新会计准则","laborgetcash":8.5162840426E8,"deponetr":null,"bankloannetincr":null,"fininstnetr":null,"inspremcash":null,"insnetc":null,"savinetr":null,"disptradnetincr":null,"charintecash":null,"fdsborrnetr":null,"repnetincr":null,"taxrefd":null,"receotherbizcash":5763349.3,"bizinflitse":null,"bizinflform":null,"bizcashinfl":8.5739175356E8,"labopayc":3.3253097535E8,"loansnetr":null,"tradepaymnetr":null,"paycompgold":null,"payintecash":null,"paydivicash":null,"payworkcash":6.402308703E7,"paytax":9.884020246E7,"payacticash":9.882676395E7,"bizoutfitse":null,"bizoutfform":null,"bizcashoutf":5.9422102879E8,"biznetitse":null,"biznetform":null,"mananetr":2.6317072477E8,"withinvgetcash":5.5E8,"inveretugetcash":2.366405646E7,"fixedassetnetc":741200.0,"subsnetc":null,"receinvcash":null,"reducashpled":null,"invinflitse":null,"invinffrom":null,"invcashinfl":5.7440525646E8,"acquassetcash":2.25137902E7,"invpayc":7.5E8,"loannetr":null,"subspaynetcash":null,"payinvecash":null,"incrcashpled":null,"invoutfitse":null,"invoutfform":null,"invcashoutf":7.725137902E8,"netinvitse":null,"netinvform":null,"invnetcashflow":-1.9810853374E8,"invrececash":null,"subsrececash":null,"recefromloan":null,"issbdrececash":null,"recefincash":null,"fininflitse":null,"fininflform":null,"fincashinfl":0.0,"debtpaycash":null,"diviprofpaycash":1.984E8,"subspaydivid":null,"finrelacash":null,"finoutfitse":null,"finoutfform":null,"fincashoutf":1.984E8,"finnetitse":null,"finnetform":null,"finnetcflow":-1.984E8,"chgexchgchgs":null,"netcashitse":null,"netcashform":null,"cashnetr":-1.3333780897E8,"inicashbala":3.6433399316E8,"cashfinalitse":null,"cashfinalform":null,"finalcashbala":2.3099618419E8,"netprofit":null,"minysharrigh":null,"unreinveloss":null,"asseimpa":null,"assedepr":null,"realestadep":null,"intaasseamor":null,"longdefeexpenamor":null,"prepexpedecr":null,"accrexpeincr":null,"dispfixedassetloss":null,"fixedassescraloss":null,"valuechgloss":null,"defeincoincr":null,"estidebts":null,"finexpe":null,"inveloss":null,"defetaxassetdecr":null,"defetaxliabincr":null,"inveredu":null,"receredu":null,"payaincr":null,"unseparachg":null,"unfiparachg":null,"other":null,"biznetscheitse":null,"biznetscheform":null,"biznetcflow":null,"debtintocapi":null,"expiconvbd":null,"finfixedasset":null,"cashfinalbala":2.3099618419E8,"cashopenbala":3.6433399316E8,"equfinalbala":null,"equopenbala":null,"netcashscheitse":null,"netcashscheform":null,"cashneti":-1.3333780897E8},{"compcode":"80195268","publishdate":"20170818","begindate":"20170101","enddate":"20170630","reporttype":"100111","adjustdate":"20170818","accstacode":"2","accstaname":"新会计准则","laborgetcash":4.9489416823E8,"deponetr":null,"bankloannetincr":null,"fininstnetr":null,"inspremcash":null,"insnetc":null,"savinetr":null,"disptradnetincr":null,"charintecash":null,"fdsborrnetr":null,"repnetincr":null,"taxrefd":null,"receotherbizcash":5021563.4,"bizinflitse":null,"bizinflform":null,"bizcashinfl":4.9991573163E8,"labopayc":2.1131903123E8,"loansnetr":null,"tradepaymnetr":null,"paycompgold":null,"payintecash":null,"paydivicash":null,"payworkcash":4.744614955E7,"paytax":5.781798113E7,"payacticash":5.562317295E7,"bizoutfitse":null,"bizoutfform":null,"bizcashoutf":3.7220633486E8,"biznetitse":null,"biznetform":null,"mananetr":1.2770939677E8,"withinvgetcash":5.5E8,"inveretugetcash":1.341018249E7,"fixedassetnetc":114473.77,"subsnetc":null,"receinvcash":null,"reducashpled":null,"invinflitse":null,"invinffrom":null,"invcashinfl":5.6352465626E8,"acquassetcash":1.332275215E7,"invpayc":6.5E8,"loannetr":null,"subspaynetcash":null,"payinvecash":null,"incrcashpled":null,"invoutfitse":null,"invoutfform":null,"invcashoutf":6.6332275215E8,"netinvitse":null,"netinvform":null,"invnetcashflow":-9.979809589E7,"invrececash":null,"subsrececash":null,"recefromloan":null,"issbdrececash":null,"recefincash":null,"fininflitse":null,"fininflform":null,"fincashinfl":0.0,"debtpaycash":null,"diviprofpaycash":1.984E8,"subspaydivid":null,"finrelacash":null,"finoutfitse":null,"finoutfform":null,"fincashoutf":1.984E8,"finnetitse":null,"finnetform":null,"finnetcflow":-1.984E8,"chgexchgchgs":null,"netcashitse":null,"netcashform":null,"cashnetr":-1.7048869912E8,"inicashbala":3.6433399316E8,"cashfinalitse":null,"cashfinalform":null,"finalcashbala":1.9384529404E8,"netprofit":9.916338609E7,"minysharrigh":null,"unreinveloss":null,"asseimpa":229538.36,"assedepr":1.57525066E7,"realestadep":null,"intaasseamor":1173855.03,"longdefeexpenamor":524875.91,"prepexpedecr":null,"accrexpeincr":null,"dispfixedassetloss":-66439.32,"fixedassescraloss":null,"valuechgloss":null,"defeincoincr":null,"estidebts":null,"finexpe":null,"inveloss":-1.341018249E7,"defetaxassetdecr":-1979876.48,"defetaxliabincr":null,"inveredu":-4.669377071E7,"receredu":-2.960354212E7,"payaincr":8.948511106E7,"unseparachg":null,"unfiparachg":null,"other":1.313393484E7,"biznetscheitse":null,"biznetscheform":null,"biznetcflow":1.2770939677E8,"debtintocapi":null,"expiconvbd":null,"finfixedasset":null,"cashfinalbala":1.9384529404E8,"cashopenbala":3.6433399316E8,"equfinalbala":null,"equopenbala":null,"netcashscheitse":null,"netcashscheform":null,"cashneti":-1.7048869912E8},{"compcode":"80195268","publishdate":"20170418","begindate":"20170101","enddate":"20170331","reporttype":"100111","adjustdate":"20170418","accstacode":"2","accstaname":"新会计准则","laborgetcash":2.2345094027E8,"deponetr":null,"bankloannetincr":null,"fininstnetr":null,"inspremcash":null,"insnetc":null,"savinetr":null,"disptradnetincr":null,"charintecash":null,"fdsborrnetr":null,"repnetincr":null,"taxrefd":null,"receotherbizcash":8375099.98,"bizinflitse":null,"bizinflform":null,"bizcashinfl":2.3182604025E8,"labopayc":9.89483242E7,"loansnetr":null,"tradepaymnetr":null,"paycompgold":null,"payintecash":null,"paydivicash":null,"payworkcash":3.231855178E7,"paytax":3.587606942E7,"payacticash":1.646759758E7,"bizoutfitse":null,"bizoutfform":null,"bizcashoutf":1.8361054298E8,"biznetitse":null,"biznetform":null,"mananetr":4.821549727E7,"withinvgetcash":2.0E8,"inveretugetcash":4062041.88,"fixedassetnetc":107000.0,"subsnetc":null,"receinvcash":null,"reducashpled":null,"invinflitse":null,"invinffrom":null,"invcashinfl":2.0416904188E8,"acquassetcash":900840.93,"invpayc":2.0E8,"loannetr":null,"subspaynetcash":null,"payinvecash":null,"incrcashpled":null,"invoutfitse":null,"invoutfform":null,"invcashoutf":2.0090084093E8,"netinvitse":null,"netinvform":null,"invnetcashflow":3268200.95,"invrececash":null,"subsrececash":null,"recefromloan":null,"issbdrececash":null,"recefincash":null,"fininflitse":null,"fininflform":null,"fincashinfl":0.0,"debtpaycash":null,"diviprofpaycash":null,"subspaydivid":null,"finrelacash":null,"finoutfitse":null,"finoutfform":null,"fincashoutf":0.0,"finnetitse":null,"finnetform":null,"finnetcflow":0.0,"chgexchgchgs":null,"netcashitse":null,"netcashform":null,"cashnetr":5.148369822E7,"inicashbala":3.6433399316E8,"cashfinalitse":null,"cashfinalform":null,"finalcashbala":4.1581769138E8,"netprofit":null,"minysharrigh":null,"unreinveloss":null,"asseimpa":null,"assedepr":null,"realestadep":null,"intaasseamor":null,"longdefeexpenamor":null,"prepexpedecr":null,"accrexpeincr":null,"dispfixedassetloss":null,"fixedassescraloss":null,"valuechgloss":null,"defeincoincr":null,"estidebts":null,"finexpe":null,"inveloss":null,"defetaxassetdecr":null,"defetaxliabincr":null,"inveredu":null,"receredu":null,"payaincr":null,"unseparachg":null,"unfiparachg":null,"other":null,"biznetscheitse":null,"biznetscheform":null,"biznetcflow":null,"debtintocapi":null,"expiconvbd":null,"finfixedasset":null,"cashfinalbala":4.1581769138E8,"cashopenbala":3.6433399316E8,"equfinalbala":null,"equopenbala":null,"netcashscheitse":null,"netcashscheform":null,"cashneti":5.148369822E7},{"compcode":"80195268","publishdate":"20170310","begindate":"20160101","enddate":"20161231","reporttype":"100111","adjustdate":"20170310","accstacode":"2","accstaname":"新会计准则","laborgetcash":7.9709554469E8,"deponetr":null,"bankloannetincr":null,"fininstnetr":null,"inspremcash":null,"insnetc":null,"savinetr":null,"disptradnetincr":null,"charintecash":null,"fdsborrnetr":null,"repnetincr":null,"taxrefd":696014.05,"receotherbizcash":1.384726845E7,"bizinflitse":null,"bizinflform":null,"bizcashinfl":8.1163882719E8,"labopayc":2.9811703948E8,"loansnetr":null,"tradepaymnetr":null,"paycompgold":null,"payintecash":null,"paydivicash":null,"payworkcash":6.591082644E7,"paytax":1.0893780794E8,"payacticash":7.216480024E7,"bizoutfitse":null,"bizoutfform":null,"bizcashoutf":5.451304741E8,"biznetitse":null,"biznetform":null,"mananetr":2.6650835309E8,"withinvgetcash":2.056E9,"inveretugetcash":1.729639416E7,"fixedassetnetc":1431897.55,"subsnetc":null,"receinvcash":null,"reducashpled":null,"invinflitse":null,"invinffrom":null,"invcashinfl":2.07472829171E9,"acquassetcash":4.606201738E7,"invpayc":2.236E9,"loannetr":null,"subspaynetcash":null,"payinvecash":null,"incrcashpled":null,"invoutfitse":null,"invoutfform":null,"invcashoutf":2.28206201738E9,"netinvitse":null,"netinvform":null,"invnetcashflow":-2.0733372567E8,"invrececash":3.535005404E7,"subsrececash":null,"recefromloan":null,"issbdrececash":null,"recefincash":1.1E7,"fininflitse":null,"fininflform":null,"fincashinfl":4.635005404E7,"debtpaycash":null,"diviprofpaycash":1.0E8,"subspaydivid":null,"finrelacash":null,"finoutfitse":null,"finoutfform":null,"fincashoutf":1.0E8,"finnetitse":null,"finnetform":null,"finnetcflow":-5.364994596E7,"chgexchgchgs":null,"netcashitse":null,"netcashform":null,"cashnetr":5524681.46,"inicashbala":3.588093117E8,"cashfinalitse":null,"cashfinalform":null,"finalcashbala":3.6433399316E8,"netprofit":2.0265611518E8,"minysharrigh":null,"unreinveloss":null,"asseimpa":328681.98,"assedepr":3.040794345E7,"realestadep":null,"intaasseamor":2394016.3,"longdefeexpenamor":821601.1,"prepexpedecr":null,"accrexpeincr":null,"dispfixedassetloss":4410129.42,"fixedassescraloss":null,"valuechgloss":null,"defeincoincr":null,"estidebts":null,"finexpe":null,"inveloss":-1.729639416E7,"defetaxassetdecr":-641589.61,"defetaxliabincr":null,"inveredu":-7731539.96,"receredu":-6752005.53,"payaincr":5.298616936E7,"unseparachg":null,"unfiparachg":null,"other":4925225.56,"biznetscheitse":null,"biznetscheform":null,"biznetcflow":2.6650835309E8,"debtintocapi":null,"expiconvbd":null,"finfixedasset":null,"cashfinalbala":3.6433399316E8,"cashopenbala":3.588093117E8,"equfinalbala":null,"equopenbala":null,"netcashscheitse":null,"netcashscheform":null,"cashneti":5524681.46},{"compcode":"80195268","publishdate":"20161021","begindate":"20160101","enddate":"20160930","reporttype":"100111","adjustdate":"20161021","accstacode":"2","accstaname":"新会计准则","laborgetcash":5.0749632965E8,"deponetr":null,"bankloannetincr":null,"fininstnetr":null,"inspremcash":null,"insnetc":null,"savinetr":null,"disptradnetincr":null,"charintecash":null,"fdsborrnetr":null,"repnetincr":null,"taxrefd":346252.28,"receotherbizcash":3618633.78,"bizinflitse":null,"bizinflform":null,"bizcashinfl":5.1146121571E8,"labopayc":1.9875249336E8,"loansnetr":null,"tradepaymnetr":null,"paycompgold":null,"payintecash":null,"paydivicash":null,"payworkcash":4.791962007E7,"paytax":8.213139404E7,"payacticash":4.047486411E7,"bizoutfitse":null,"bizoutfform":null,"bizcashoutf":3.6927837158E8,"biznetitse":null,"biznetform":null,"mananetr":1.4218284413E8,"withinvgetcash":1.696E9,"inveretugetcash":1.306416361E7,"fixedassetnetc":1400000.0,"subsnetc":null,"receinvcash":null,"reducashpled":null,"invinflitse":null,"invinffrom":null,"invcashinfl":1.71046416361E9,"acquassetcash":2.621282802E7,"invpayc":1.726E9,"loannetr":null,"subspaynetcash":null,"payinvecash":7920.32,"incrcashpled":null,"invoutfitse":null,"invoutfform":null,"invcashoutf":1.75222074834E9,"netinvitse":null,"netinvform":null,"invnetcashflow":-4.175658473E7,"invrececash":null,"subsrececash":null,"recefromloan":null,"issbdrececash":null,"recefincash":null,"fininflitse":null,"fininflform":null,"fincashinfl":0.0,"debtpaycash":null,"diviprofpaycash":1.0E8,"subspaydivid":null,"finrelacash":null,"finoutfitse":null,"finoutfform":null,"fincashoutf":1.0E8,"finnetitse":null,"finnetform":null,"finnetcflow":-1.0E8,"chgexchgchgs":null,"netcashitse":null,"netcashform":null,"cashnetr":426259.4,"inicashbala":3.588093117E8,"cashfinalitse":null,"cashfinalform":null,"finalcashbala":3.592355711E8,"netprofit":null,"minysharrigh":null,"unreinveloss":null,"asseimpa":null,"assedepr":null,"realestadep":null,"intaasseamor":null,"longdefeexpenamor":null,"prepexpedecr":null,"accrexpeincr":null,"dispfixedassetloss":null,"fixedassescraloss":null,"valuechgloss":null,"defeincoincr":null,"estidebts":null,"finexpe":null,"inveloss":null,"defetaxassetdecr":null,"defetaxliabincr":null,"inveredu":null,"receredu":null,"payaincr":null,"unseparachg":null,"unfiparachg":null,"other":null,"biznetscheitse":null,"biznetscheform":null,"biznetcflow":null,"debtintocapi":null,"expiconvbd":null,"finfixedasset":null,"cashfinalbala":3.592355711E8,"cashopenbala":3.588093117E8,"equfinalbala":null,"equopenbala":null,"netcashscheitse":null,"netcashscheform":null,"cashneti":426259.4},{"compcode":"80195268","publishdate":"20160818","begindate":"20160101","enddate":"20160630","reporttype":"100111","adjustdate":"20160818","accstacode":"2","accstaname":"新会计准则","laborgetcash":2.8912644896E8,"deponetr":null,"bankloannetincr":null,"fininstnetr":null,"inspremcash":null,"insnetc":null,"savinetr":null,"disptradnetincr":null,"charintecash":null,"fdsborrnetr":null,"repnetincr":null,"taxrefd":619.23,"receotherbizcash":3555486.72,"bizinflitse":null,"bizinflform":null,"bizcashinfl":2.9268255491E8,"labopayc":1.1787985558E8,"loansnetr":null,"tradepaymnetr":null,"paycompgold":null,"payintecash":null,"paydivicash":null,"payworkcash":3.273057198E7,"paytax":5.385801219E7,"payacticash":2.424233451E7,"bizoutfitse":null,"bizoutfform":null,"bizcashoutf":2.2871077426E8,"biznetitse":null,"biznetform":null,"mananetr":6.397178065E7,"withinvgetcash":1.396E9,"inveretugetcash":1.002761671E7,"fixedassetnetc":1318515.18,"subsnetc":null,"receinvcash":null,"reducashpled":null,"invinflitse":null,"invinffrom":null,"invcashinfl":1.40734613189E9,"acquassetcash":1.601780106E7,"invpayc":1.226E9,"loannetr":null,"subspaynetcash":null,"payinvecash":null,"incrcashpled":null,"invoutfitse":null,"invoutfform":null,"invcashoutf":1.24201780106E9,"netinvitse":null,"netinvform":null,"invnetcashflow":1.6532833083E8,"invrececash":null,"subsrececash":null,"recefromloan":null,"issbdrececash":null,"recefincash":null,"fininflitse":null,"fininflform":null,"fincashinfl":0.0,"debtpaycash":null,"diviprofpaycash":1.0E8,"subspaydivid":null,"finrelacash":null,"finoutfitse":null,"finoutfform":null,"fincashoutf":1.0E8,"finnetitse":null,"finnetform":null,"finnetcflow":-1.0E8,"chgexchgchgs":null,"netcashitse":null,"netcashform":null,"cashnetr":1.2930011148E8,"inicashbala":3.588093117E8,"cashfinalitse":null,"cashfinalform":null,"finalcashbala":4.8810942318E8,"netprofit":6.565438109E7,"minysharrigh":null,"unreinveloss":null,"asseimpa":432160.88,"assedepr":1.522944349E7,"realestadep":null,"intaasseamor":1195709.5,"longdefeexpenamor":520029.65,"prepexpedecr":null,"accrexpeincr":null,"dispfixedassetloss":-262566.2,"fixedassescraloss":null,"valuechgloss":null,"defeincoincr":null,"estidebts":null,"finexpe":null,"inveloss":-1.002761671E7,"defetaxassetdecr":371956.89,"defetaxliabincr":null,"inveredu":6876890.87,"receredu":-5.720848382E7,"payaincr":4.118987501E7,"unseparachg":null,"unfiparachg":null,"other":null,"biznetscheitse":null,"biznetscheform":null,"biznetcflow":6.397178065E7,"debtintocapi":null,"expiconvbd":null,"finfixedasset":null,"cashfinalbala":4.8810942318E8,"cashopenbala":3.588093117E8,"equfinalbala":null,"equopenbala":null,"netcashscheitse":null,"netcashscheform":null,"cashneti":1.2930011148E8},{"compcode":"80195268","publishdate":"20160418","begindate":"20160101","enddate":"20160331","reporttype":"100111","adjustdate":"20160418","accstacode":"2","accstaname":"新会计准则","laborgetcash":8.943408538E7,"deponetr":null,"bankloannetincr":null,"fininstnetr":null,"inspremcash":null,"insnetc":null,"savinetr":null,"disptradnetincr":null,"charintecash":null,"fdsborrnetr":null,"repnetincr":null,"taxrefd":null,"receotherbizcash":1.05289721E7,"bizinflitse":null,"bizinflform":null,"bizcashinfl":9.996305748E7,"labopayc":6.585898278E7,"loansnetr":null,"tradepaymnetr":null,"paycompgold":null,"payintecash":null,"paydivicash":null,"payworkcash":1.974616503E7,"paytax":3.163834314E7,"payacticash":1.088686747E7,"bizoutfitse":null,"bizoutfform":null,"bizcashoutf":1.2813035842E8,"biznetitse":null,"biznetform":null,"mananetr":-2.816730094E7,"withinvgetcash":6.18E8,"inveretugetcash":5868535.84,"fixedassetnetc":1326404.64,"subsnetc":null,"receinvcash":null,"reducashpled":null,"invinflitse":null,"invinffrom":null,"invcashinfl":6.2519494048E8,"acquassetcash":1.270725518E7,"invpayc":7.56E8,"loannetr":null,"subspaynetcash":null,"payinvecash":null,"incrcashpled":null,"invoutfitse":null,"invoutfform":null,"invcashoutf":7.6870725518E8,"netinvitse":null,"netinvform":null,"invnetcashflow":-1.435123147E8,"invrececash":null,"subsrececash":null,"recefromloan":null,"issbdrececash":null,"recefincash":null,"fininflitse":null,"fininflform":null,"fincashinfl":0.0,"debtpaycash":null,"diviprofpaycash":null,"subspaydivid":null,"finrelacash":null,"finoutfitse":null,"finoutfform":null,"fincashoutf":0.0,"finnetitse":null,"finnetform":null,"finnetcflow":0.0,"chgexchgchgs":null,"netcashitse":null,"netcashform":null,"cashnetr":-1.7167961564E8,"inicashbala":3.588093117E8,"cashfinalitse":null,"cashfinalform":null,"finalcashbala":1.8712969606E8,"netprofit":null,"minysharrigh":null,"unreinveloss":null,"asseimpa":null,"assedepr":null,"realestadep":null,"intaasseamor":null,"longdefeexpenamor":null,"prepexpedecr":null,"accrexpeincr":null,"dispfixedassetloss":null,"fixedassescraloss":null,"valuechgloss":null,"defeincoincr":null,"estidebts":null,"finexpe":null,"inveloss":null,"defetaxassetdecr":null,"defetaxliabincr":null,"inveredu":null,"receredu":null,"payaincr":null,"unseparachg":null,"unfiparachg":null,"other":null,"biznetscheitse":null,"biznetscheform":null,"biznetcflow":null,"debtintocapi":null,"expiconvbd":null,"finfixedasset":null,"cashfinalbala":1.8712969606E8,"cashopenbala":3.588093117E8,"equfinalbala":null,"equopenbala":null,"netcashscheitse":null,"netcashscheform":null,"cashneti":-1.7167961564E8},{"compcode":"80195268","publishdate":"20160418","begindate":"20150101","enddate":"20151231","reporttype":"100111","adjustdate":"20160418","accstacode":"2","accstaname":"新会计准则","laborgetcash":6.0994126048E8,"deponetr":null,"bankloannetincr":null,"fininstnetr":null,"inspremcash":null,"insnetc":null,"savinetr":null,"disptradnetincr":null,"charintecash":null,"fdsborrnetr":null,"repnetincr":null,"taxrefd":5171592.57,"receotherbizcash":2.040185347E7,"bizinflitse":null,"bizinflform":null,"bizcashinfl":6.3551470652E8,"labopayc":2.6831375311E8,"loansnetr":null,"tradepaymnetr":null,"paycompgold":null,"payintecash":null,"paydivicash":null,"payworkcash":6.196387636E7,"paytax":7.257703211E7,"payacticash":7.718376655E7,"bizoutfitse":null,"bizoutfform":null,"bizcashoutf":4.8003842813E8,"biznetitse":null,"biznetform":null,"mananetr":1.5547627839E8,"withinvgetcash":2.027E9,"inveretugetcash":2.614898693E7,"fixedassetnetc":1416416.24,"subsnetc":null,"receinvcash":null,"reducashpled":null,"invinflitse":null,"invinffrom":null,"invcashinfl":2.05456540317E9,"acquassetcash":3.915941517E7,"invpayc":2.062E9,"loannetr":null,"subspaynetcash":null,"payinvecash":null,"incrcashpled":null,"invoutfitse":null,"invoutfform":null,"invcashoutf":2.10115941517E9,"netinvitse":null,"netinvform":null,"invnetcashflow":-4.6594012E7,"invrececash":null,"subsrececash":null,"recefromloan":null,"issbdrececash":null,"recefincash":3510000.0,"fininflitse":null,"fininflform":null,"fincashinfl":3510000.0,"debtpaycash":null,"diviprofpaycash":1.0E8,"subspaydivid":null,"finrelacash":1.451E7,"finoutfitse":null,"finoutfform":null,"fincashoutf":1.1451E8,"finnetitse":null,"finnetform":null,"finnetcflow":-1.11E8,"chgexchgchgs":2396.33,"netcashitse":null,"netcashform":null,"cashnetr":-2115337.28,"inicashbala":3.6092464898E8,"cashfinalitse":null,"cashfinalform":null,"finalcashbala":3.588093117E8,"netprofit":1.5564117871E8,"minysharrigh":null,"unreinveloss":null,"asseimpa":101796.88,"assedepr":2.151850021E7,"realestadep":null,"intaasseamor":2321858.26,"longdefeexpenamor":1689939.12,"prepexpedecr":null,"accrexpeincr":null,"dispfixedassetloss":207287.13,"fixedassescraloss":null,"valuechgloss":null,"defeincoincr":null,"estidebts":null,"finexpe":-2396.33,"inveloss":-2.614898693E7,"defetaxassetdecr":-406113.46,"defetaxliabincr":null,"inveredu":-9884662.14,"receredu":1902570.75,"payaincr":8535306.19,"unseparachg":null,"unfiparachg":null,"other":null,"biznetscheitse":null,"biznetscheform":null,"biznetcflow":1.5547627839E8,"debtintocapi":null,"expiconvbd":null,"finfixedasset":null,"cashfinalbala":3.588093117E8,"cashopenbala":3.6092464898E8,"equfinalbala":null,"equopenbala":null,"netcashscheitse":null,"netcashscheform":null,"cashneti":-2115337.28},{"compcode":"80195268","publishdate":"20151020","begindate":"20150101","enddate":"20150930","reporttype":"100111","adjustdate":"20151020","accstacode":"2","accstaname":"新会计准则","laborgetcash":3.8450908169E8,"deponetr":null,"bankloannetincr":null,"fininstnetr":null,"inspremcash":null,"insnetc":null,"savinetr":null,"disptradnetincr":null,"charintecash":null,"fdsborrnetr":null,"repnetincr":null,"taxrefd":3885517.6,"receotherbizcash":1.546543468E7,"bizinflitse":null,"bizinflform":null,"bizcashinfl":4.0386003397E8,"labopayc":2.0519439918E8,"loansnetr":null,"tradepaymnetr":null,"paycompgold":null,"payintecash":null,"paydivicash":null,"payworkcash":4.773102072E7,"paytax":5.159878237E7,"payacticash":5.589446227E7,"bizoutfitse":null,"bizoutfform":null,"bizcashoutf":3.6041866454E8,"biznetitse":null,"biznetform":null,"mananetr":4.344136943E7,"withinvgetcash":1.4806694E9,"inveretugetcash":2.053092997E7,"fixedassetnetc":1390415.0,"subsnetc":null,"receinvcash":null,"reducashpled":null,"invinflitse":null,"invinffrom":null,"invcashinfl":1.50259074497E9,"acquassetcash":2.42523505E7,"invpayc":1.622E9,"loannetr":null,"subspaynetcash":null,"payinvecash":null,"incrcashpled":null,"invoutfitse":null,"invoutfform":null,"invcashoutf":1.6462523505E9,"netinvitse":null,"netinvform":null,"invnetcashflow":-1.4366160553E8,"invrececash":null,"subsrececash":null,"recefromloan":null,"issbdrececash":null,"recefincash":null,"fininflitse":null,"fininflform":null,"fincashinfl":0.0,"debtpaycash":null,"diviprofpaycash":1.0E8,"subspaydivid":null,"finrelacash":null,"finoutfitse":null,"finoutfform":null,"fincashoutf":1.0E8,"finnetitse":null,"finnetform":null,"finnetcflow":-1.0E8,"chgexchgchgs":null,"netcashitse":null,"netcashform":null,"cashnetr":-2.002202361E8,"inicashbala":3.6092464898E8,"cashfinalitse":null,"cashfinalform":null,"finalcashbala":1.6070441288E8,"netprofit":null,"minysharrigh":null,"unreinveloss":null,"asseimpa":null,"assedepr":null,"realestadep":null,"intaasseamor":null,"longdefeexpenamor":null,"prepexpedecr":null,"accrexpeincr":null,"dispfixedassetloss":null,"fixedassescraloss":null,"valuechgloss":null,"defeincoincr":null,"estidebts":null,"finexpe":null,"inveloss":null,"defetaxassetdecr":null,"defetaxliabincr":null,"inveredu":null,"receredu":null,"payaincr":null,"unseparachg":null,"unfiparachg":null,"other":null,"biznetscheitse":null,"biznetscheform":null,"biznetcflow":null,"debtintocapi":null,"expiconvbd":null,"finfixedasset":null,"cashfinalbala":1.6070441288E8,"cashopenbala":3.6092464898E8,"equfinalbala":null,"equopenbala":null,"netcashscheitse":null,"netcashscheform":null,"cashneti":-2.002202361E8},{"compcode":"80195268","publishdate":"20150820","begindate":"20150101","enddate":"20150630","reporttype":"100111","adjustdate":"20150820","accstacode":"2","accstaname":"新会计准则","laborgetcash":2.1371183599E8,"deponetr":null,"bankloannetincr":null,"fininstnetr":null,"inspremcash":null,"insnetc":null,"savinetr":null,"disptradnetincr":null,"charintecash":null,"fdsborrnetr":null,"repnetincr":null,"taxrefd":3031413.24,"receotherbizcash":5416182.92,"bizinflitse":null,"bizinflform":null,"bizcashinfl":2.2215943215E8,"labopayc":1.2458041399E8,"loansnetr":null,"tradepaymnetr":null,"paycompgold":null,"payintecash":null,"paydivicash":null,"payworkcash":3.368338586E7,"paytax":3.403439935E7,"payacticash":3.019323306E7,"bizoutfitse":null,"bizoutfform":null,"bizcashoutf":2.2249143226E8,"biznetitse":null,"biznetform":null,"mananetr":-332000.11,"withinvgetcash":1.1206694E9,"inveretugetcash":1.601745087E7,"fixedassetnetc":761915.0,"subsnetc":null,"receinvcash":null,"reducashpled":null,"invinflitse":null,"invinffrom":null,"invcashinfl":1.13744876587E9,"acquassetcash":1.262123903E7,"invpayc":9.42E8,"loannetr":null,"subspaynetcash":null,"payinvecash":19731.47,"incrcashpled":null,"invoutfitse":null,"invoutfform":null,"invcashoutf":9.546409705E8,"netinvitse":null,"netinvform":null,"invnetcashflow":1.8280779537E8,"invrececash":null,"subsrececash":null,"recefromloan":null,"issbdrececash":null,"recefincash":null,"fininflitse":null,"fininflform":null,"fincashinfl":0.0,"debtpaycash":null,"diviprofpaycash":1.0E8,"subspaydivid":null,"finrelacash":null,"finoutfitse":null,"finoutfform":null,"fincashoutf":1.0E8,"finnetitse":null,"finnetform":null,"finnetcflow":-1.0E8,"chgexchgchgs":563.11,"netcashitse":null,"netcashform":null,"cashnetr":8.247635837E7,"inicashbala":3.6092464898E8,"cashfinalitse":null,"cashfinalform":null,"finalcashbala":4.4340100735E8,"netprofit":5.412128373E7,"minysharrigh":null,"unreinveloss":null,"asseimpa":697869.56,"assedepr":1.092968126E7,"realestadep":null,"intaasseamor":1133271.4,"longdefeexpenamor":875108.34,"prepexpedecr":null,"accrexpeincr":null,"dispfixedassetloss":413257.34,"fixedassescraloss":null,"valuechgloss":null,"defeincoincr":null,"estidebts":null,"finexpe":-563.11,"inveloss":-1.601745087E7,"defetaxassetdecr":-102380.25,"defetaxliabincr":null,"inveredu":-9138221.72,"receredu":-1.676503113E7,"payaincr":-2.647882466E7,"unseparachg":null,"unfiparachg":null,"other":null,"biznetscheitse":null,"biznetscheform":null,"biznetcflow":-332000.11,"debtintocapi":null,"expiconvbd":null,"finfixedasset":null,"cashfinalbala":4.4340100735E8,"cashopenbala":3.6092464898E8,"equfinalbala":null,"equopenbala":null,"netcashscheitse":null,"netcashscheform":null,"cashneti":8.247635837E7},{"compcode":"80195268","publishdate":"20150424","begindate":"20150101","enddate":"20150331","reporttype":"100111","adjustdate":"20150424","accstacode":"2","accstaname":"新会计准则","laborgetcash":5.949573688E7,"deponetr":null,"bankloannetincr":null,"fininstnetr":null,"inspremcash":null,"insnetc":null,"savinetr":null,"disptradnetincr":null,"charintecash":null,"fdsborrnetr":null,"repnetincr":null,"taxrefd":1394168.26,"receotherbizcash":2552024.08,"bizinflitse":null,"bizinflform":null,"bizcashinfl":6.344192922E7,"labopayc":6.576749951E7,"loansnetr":null,"tradepaymnetr":null,"paycompgold":null,"payintecash":null,"paydivicash":null,"payworkcash":2.031959447E7,"paytax":2.059108049E7,"payacticash":1.349865177E7,"bizoutfitse":null,"bizoutfform":null,"bizcashoutf":1.2017682624E8,"biznetitse":null,"biznetform":null,"mananetr":-5.673489702E7,"withinvgetcash":4.85E8,"inveretugetcash":1.006753411E7,"fixedassetnetc":550782.73,"subsnetc":null,"receinvcash":null,"reducashpled":null,"invinflitse":null,"invinffrom":null,"invcashinfl":4.9561831684E8,"acquassetcash":9028962.32,"invpayc":4.32E8,"loannetr":null,"subspaynetcash":null,"payinvecash":null,"incrcashpled":null,"invoutfitse":null,"invoutfform":null,"invcashoutf":4.4102896232E8,"netinvitse":null,"netinvform":null,"invnetcashflow":5.458935452E7,"invrececash":null,"subsrececash":null,"recefromloan":null,"issbdrececash":null,"recefincash":null,"fininflitse":null,"fininflform":null,"fincashinfl":0.0,"debtpaycash":null,"diviprofpaycash":null,"subspaydivid":null,"finrelacash":null,"finoutfitse":null,"finoutfform":null,"fincashoutf":0.0,"finnetitse":null,"finnetform":null,"finnetcflow":0.0,"chgexchgchgs":-2782.62,"netcashitse":null,"netcashform":null,"cashnetr":-2148325.12,"inicashbala":3.6092464898E8,"cashfinalitse":null,"cashfinalform":null,"finalcashbala":3.5877632386E8,"netprofit":null,"minysharrigh":null,"unreinveloss":null,"asseimpa":null,"assedepr":null,"realestadep":null,"intaasseamor":null,"longdefeexpenamor":null,"prepexpedecr":null,"accrexpeincr":null,"dispfixedassetloss":null,"fixedassescraloss":null,"valuechgloss":null,"defeincoincr":null,"estidebts":null,"finexpe":null,"inveloss":null,"defetaxassetdecr":null,"defetaxliabincr":null,"inveredu":null,"receredu":null,"payaincr":null,"unseparachg":null,"unfiparachg":null,"other":null,"biznetscheitse":null,"biznetscheform":null,"biznetcflow":null,"debtintocapi":null,"expiconvbd":null,"finfixedasset":null,"cashfinalbala":3.5877632386E8,"cashopenbala":3.6092464898E8,"equfinalbala":null,"equopenbala":null,"netcashscheitse":null,"netcashscheform":null,"cashneti":-2148325.12},{"compcode":"80195268","publishdate":"20150326","begindate":"20140101","enddate":"20141231","reporttype":"100111","adjustdate":"20150326","accstacode":"2","accstaname":"新会计准则","laborgetcash":5.9481079154E8,"deponetr":null,"bankloannetincr":null,"fininstnetr":null,"inspremcash":null,"insnetc":null,"savinetr":null,"disptradnetincr":null,"charintecash":null,"fdsborrnetr":null,"repnetincr":null,"taxrefd":8528468.17,"receotherbizcash":1.503627281E7,"bizinflitse":null,"bizinflform":null,"bizcashinfl":6.1837553252E8,"labopayc":2.9817513011E8,"loansnetr":null,"tradepaymnetr":null,"paycompgold":null,"payintecash":null,"paydivicash":null,"payworkcash":4.89541391E7,"paytax":7.137912996E7,"payacticash":7.023349704E7,"bizoutfitse":null,"bizoutfform":null,"bizcashoutf":4.8874189621E8,"biznetitse":null,"biznetform":null,"mananetr":1.2963363631E8,"withinvgetcash":1.81545E9,"inveretugetcash":3.175374546E7,"fixedassetnetc":2498697.67,"subsnetc":null,"receinvcash":305882.46,"reducashpled":null,"invinflitse":null,"invinffrom":null,"invcashinfl":1.85000832559E9,"acquassetcash":8.668032894E7,"invpayc":1.52E9,"loannetr":null,"subspaynetcash":null,"payinvecash":null,"incrcashpled":null,"invoutfitse":null,"invoutfform":null,"invcashoutf":1.60668032894E9,"netinvitse":null,"netinvform":null,"invnetcashflow":2.4332799665E8,"invrececash":null,"subsrececash":null,"recefromloan":null,"issbdrececash":null,"recefincash":null,"fininflitse":null,"fininflform":null,"fincashinfl":0.0,"debtpaycash":null,"diviprofpaycash":7.0E7,"subspaydivid":null,"finrelacash":null,"finoutfitse":null,"finoutfform":null,"fincashoutf":7.0E7,"finnetitse":null,"finnetform":null,"finnetcflow":-7.0E7,"chgexchgchgs":818.11,"netcashitse":null,"netcashform":null,"cashnetr":3.0296245107E8,"inicashbala":5.796219791E7,"cashfinalitse":null,"cashfinalform":null,"finalcashbala":3.6092464898E8,"netprofit":1.37733705E8,"minysharrigh":null,"unreinveloss":null,"asseimpa":289843.3,"assedepr":2.715399148E7,"realestadep":null,"intaasseamor":2059787.5,"longdefeexpenamor":1672588.92,"prepexpedecr":null,"accrexpeincr":null,"dispfixedassetloss":2473228.45,"fixedassescraloss":null,"valuechgloss":null,"defeincoincr":null,"estidebts":null,"finexpe":-818.11,"inveloss":-3.175374546E7,"defetaxassetdecr":61641.22,"defetaxliabincr":null,"inveredu":460500.64,"receredu":-3788598.35,"payaincr":-6728488.28,"unseparachg":null,"unfiparachg":null,"other":null,"biznetscheitse":null,"biznetscheform":null,"biznetcflow":1.2963363631E8,"debtintocapi":null,"expiconvbd":null,"finfixedasset":null,"cashfinalbala":3.6092464898E8,"cashopenbala":5.796219791E7,"equfinalbala":null,"equopenbala":null,"netcashscheitse":null,"netcashscheform":null,"cashneti":3.0296245107E8},{"compcode":"80195268","publishdate":"20141024","begindate":"20140101","enddate":"20140930","reporttype":"100111","adjustdate":"20141024","accstacode":"2","accstaname":"新会计准则","laborgetcash":3.1894164187E8,"deponetr":null,"bankloannetincr":null,"fininstnetr":null,"inspremcash":null,"insnetc":null,"savinetr":null,"disptradnetincr":null,"charintecash":null,"fdsborrnetr":null,"repnetincr":null,"taxrefd":3691224.59,"receotherbizcash":5206226.51,"bizinflitse":null,"bizinflform":null,"bizcashinfl":3.2783909297E8,"labopayc":1.536926155E8,"loansnetr":null,"tradepaymnetr":null,"paycompgold":null,"payintecash":null,"paydivicash":null,"payworkcash":3.469725567E7,"paytax":4.591527827E7,"payacticash":5.469248521E7,"bizoutfitse":null,"bizoutfform":null,"bizcashoutf":2.8899763465E8,"biznetitse":null,"biznetform":null,"mananetr":3.884145832E7,"withinvgetcash":1.411E9,"inveretugetcash":2.730596247E7,"fixedassetnetc":363500.0,"subsnetc":null,"receinvcash":null,"reducashpled":null,"invinflitse":null,"invinffrom":null,"invcashinfl":1.43866946247E9,"acquassetcash":5.915328604E7,"invpayc":1.16E9,"loannetr":null,"subspaynetcash":null,"payinvecash":null,"incrcashpled":null,"invoutfitse":null,"invoutfform":null,"invcashoutf":1.21915328604E9,"netinvitse":null,"netinvform":null,"invnetcashflow":2.1951617643E8,"invrececash":null,"subsrececash":null,"recefromloan":null,"issbdrececash":null,"recefincash":null,"fininflitse":null,"fininflform":null,"fincashinfl":0.0,"debtpaycash":null,"diviprofpaycash":7.0E7,"subspaydivid":null,"finrelacash":null,"finoutfitse":null,"finoutfform":null,"fincashoutf":7.0E7,"finnetitse":null,"finnetform":null,"finnetcflow":-7.0E7,"chgexchgchgs":null,"netcashitse":null,"netcashform":null,"cashnetr":1.8835763475E8,"inicashbala":5.796219791E7,"cashfinalitse":null,"cashfinalform":null,"finalcashbala":2.4631983266E8,"netprofit":null,"minysharrigh":null,"unreinveloss":null,"asseimpa":null,"assedepr":null,"realestadep":null,"intaasseamor":null,"longdefeexpenamor":null,"prepexpedecr":null,"accrexpeincr":null,"dispfixedassetloss":null,"fixedassescraloss":null,"valuechgloss":null,"defeincoincr":null,"estidebts":null,"finexpe":null,"inveloss":null,"defetaxassetdecr":null,"defetaxliabincr":null,"inveredu":null,"receredu":null,"payaincr":null,"unseparachg":null,"unfiparachg":null,"other":null,"biznetscheitse":null,"biznetscheform":null,"biznetcflow":null,"debtintocapi":null,"expiconvbd":null,"finfixedasset":null,"cashfinalbala":2.4631983266E8,"cashopenbala":5.796219791E7,"equfinalbala":null,"equopenbala":null,"netcashscheitse":null,"netcashscheform":null,"cashneti":1.8835763475E8},{"compcode":"80195268","publishdate":"20140826","begindate":"20140101","enddate":"20140630","reporttype":"100111","adjustdate":"20140826","accstacode":"2","accstaname":"新会计准则","laborgetcash":1.7177345936E8,"deponetr":null,"bankloannetincr":null,"fininstnetr":null,"inspremcash":null,"insnetc":null,"savinetr":null,"disptradnetincr":null,"charintecash":null,"fdsborrnetr":null,"repnetincr":null,"taxrefd":2384556.43,"receotherbizcash":1306845.38,"bizinflitse":null,"bizinflform":null,"bizcashinfl":1.7546486117E8,"labopayc":1.0363106453E8,"loansnetr":null,"tradepaymnetr":null,"paycompgold":null,"payintecash":null,"paydivicash":null,"payworkcash":2.580776903E7,"paytax":3.50502569E7,"payacticash":2.789365536E7,"bizoutfitse":null,"bizoutfform":null,"bizcashoutf":1.9238274582E8,"biznetitse":null,"biznetform":null,"mananetr":-1.691788465E7,"withinvgetcash":9.3655E8,"inveretugetcash":1.755655209E7,"fixedassetnetc":151500.0,"subsnetc":null,"receinvcash":null,"reducashpled":null,"invinflitse":null,"invinffrom":null,"invcashinfl":9.5425805209E8,"acquassetcash":1.933938452E7,"invpayc":7.6E8,"loannetr":null,"subspaynetcash":null,"payinvecash":null,"incrcashpled":null,"invoutfitse":null,"invoutfform":null,"invcashoutf":7.7933938452E8,"netinvitse":null,"netinvform":null,"invnetcashflow":1.7491866757E8,"invrececash":null,"subsrececash":null,"recefromloan":null,"issbdrececash":null,"recefincash":null,"fininflitse":null,"fininflform":null,"fincashinfl":0.0,"debtpaycash":null,"diviprofpaycash":7.0E7,"subspaydivid":null,"finrelacash":null,"finoutfitse":null,"finoutfform":null,"fincashoutf":7.0E7,"finnetitse":null,"finnetform":null,"finnetcflow":-7.0E7,"chgexchgchgs":null,"netcashitse":null,"netcashform":null,"cashnetr":8.800078292E7,"inicashbala":5.796219791E7,"cashfinalitse":null,"cashfinalform":null,"finalcashbala":1.4596298083E8,"netprofit":4.81535539E7,"minysharrigh":null,"unreinveloss":null,"asseimpa":980623.16,"assedepr":1.351273773E7,"realestadep":null,"intaasseamor":1091776.34,"longdefeexpenamor":808591.66,"prepexpedecr":null,"accrexpeincr":null,"dispfixedassetloss":222208.75,"fixedassescraloss":0.0,"valuechgloss":0.0,"defeincoincr":null,"estidebts":null,"finexpe":null,"inveloss":-1.755655209E7,"defetaxassetdecr":29931.42,"defetaxliabincr":null,"inveredu":-5043124.11,"receredu":3.357354467E7,"payaincr":-9.269117608E7,"unseparachg":null,"unfiparachg":null,"other":null,"biznetscheitse":null,"biznetscheform":null,"biznetcflow":-1.691788465E7,"debtintocapi":null,"expiconvbd":null,"finfixedasset":null,"cashfinalbala":1.4596298083E8,"cashopenbala":5.796219791E7,"equfinalbala":null,"equopenbala":null,"netcashscheitse":null,"netcashscheform":null,"cashneti":8.800078292E7},{"compcode":"80195268","publishdate":"20140424","begindate":"20140101","enddate":"20140331","reporttype":"100111","adjustdate":"20140424","accstacode":"2","accstaname":"新会计准则","laborgetcash":4.920738297E7,"deponetr":null,"bankloannetincr":null,"fininstnetr":null,"inspremcash":null,"insnetc":null,"savinetr":null,"disptradnetincr":null,"charintecash":null,"fdsborrnetr":null,"repnetincr":null,"taxrefd":402500.46,"receotherbizcash":1.796220369E7,"bizinflitse":null,"bizinflform":null,"bizcashinfl":6.757208712E7,"labopayc":5.965293324E7,"loansnetr":null,"tradepaymnetr":null,"paycompgold":null,"payintecash":null,"paydivicash":null,"payworkcash":1.513831692E7,"paytax":1.399502462E7,"payacticash":1.450215208E7,"bizoutfitse":null,"bizoutfform":null,"bizcashoutf":1.0328842686E8,"biznetitse":null,"biznetform":null,"mananetr":-3.571633974E7,"withinvgetcash":5.51E8,"inveretugetcash":1.055495586E7,"fixedassetnetc":6000.0,"subsnetc":null,"receinvcash":null,"reducashpled":null,"invinflitse":null,"invinffrom":null,"invcashinfl":5.6156095586E8,"acquassetcash":4061446.26,"invpayc":4.25E8,"loannetr":null,"subspaynetcash":null,"payinvecash":null,"incrcashpled":null,"invoutfitse":null,"invoutfform":null,"invcashoutf":4.2906144626E8,"netinvitse":null,"netinvform":null,"invnetcashflow":1.324995096E8,"invrececash":null,"subsrececash":null,"recefromloan":null,"issbdrececash":null,"recefincash":null,"fininflitse":null,"fininflform":null,"fincashinfl":0.0,"debtpaycash":null,"diviprofpaycash":null,"subspaydivid":null,"finrelacash":null,"finoutfitse":null,"finoutfform":null,"fincashoutf":0.0,"finnetitse":null,"finnetform":null,"finnetcflow":0.0,"chgexchgchgs":null,"netcashitse":null,"netcashform":null,"cashnetr":9.678316986E7,"inicashbala":5.796219791E7,"cashfinalitse":null,"cashfinalform":null,"finalcashbala":1.5474536777E8,"netprofit":null,"minysharrigh":null,"unreinveloss":null,"asseimpa":null,"assedepr":null,"realestadep":null,"intaasseamor":null,"longdefeexpenamor":null,"prepexpedecr":null,"accrexpeincr":null,"dispfixedassetloss":null,"fixedassescraloss":null,"valuechgloss":null,"defeincoincr":null,"estidebts":null,"finexpe":null,"inveloss":null,"defetaxassetdecr":null,"defetaxliabincr":null,"inveredu":null,"receredu":null,"payaincr":null,"unseparachg":null,"unfiparachg":null,"other":null,"biznetscheitse":null,"biznetscheform":null,"biznetcflow":null,"debtintocapi":null,"expiconvbd":null,"finfixedasset":null,"cashfinalbala":1.5474536777E8,"cashopenbala":5.796219791E7,"equfinalbala":null,"equopenbala":null,"netcashscheitse":null,"netcashscheform":null,"cashneti":9.678316986E7},{"compcode":"80195268","publishdate":"20140328","begindate":"20130101","enddate":"20131231","reporttype":"100111","adjustdate":"20140328","accstacode":"2","accstaname":"新会计准则","laborgetcash":5.1260824378E8,"deponetr":null,"bankloannetincr":null,"fininstnetr":null,"inspremcash":null,"insnetc":null,"savinetr":null,"disptradnetincr":null,"charintecash":null,"fdsborrnetr":null,"repnetincr":null,"taxrefd":6136786.82,"receotherbizcash":1.991459412E7,"bizinflitse":null,"bizinflform":null,"bizcashinfl":5.3865962472E8,"labopayc":2.447042791E8,"loansnetr":null,"tradepaymnetr":null,"paycompgold":null,"payintecash":null,"paydivicash":null,"payworkcash":4.251642645E7,"paytax":5.411076687E7,"payacticash":6.915636499E7,"bizoutfitse":null,"bizoutfform":null,"bizcashoutf":4.1048783741E8,"biznetitse":null,"biznetform":null,"mananetr":1.2817178731E8,"withinvgetcash":7.99E8,"inveretugetcash":2.115865894E7,"fixedassetnetc":263966.57,"subsnetc":null,"receinvcash":321713.78,"reducashpled":null,"invinflitse":null,"invinffrom":null,"invcashinfl":8.2074433929E8,"acquassetcash":9.179802294E7,"invpayc":1.42945E9,"loannetr":null,"subspaynetcash":null,"payinvecash":550000.0,"incrcashpled":null,"invoutfitse":null,"invoutfform":null,"invcashoutf":1.52179802294E9,"netinvitse":null,"netinvform":null,"invnetcashflow":-7.0105368365E8,"invrececash":null,"subsrececash":null,"recefromloan":null,"issbdrececash":null,"recefincash":null,"fininflitse":null,"fininflform":null,"fincashinfl":0.0,"debtpaycash":null,"diviprofpaycash":5.0E7,"subspaydivid":null,"finrelacash":null,"finoutfitse":null,"finoutfform":null,"fincashoutf":5.0E7,"finnetitse":null,"finnetform":null,"finnetcflow":-5.0E7,"chgexchgchgs":-1168.6,"netcashitse":null,"netcashform":null,"cashnetr":-6.2288306494E8,"inicashbala":6.8084526285E8,"cashfinalitse":null,"cashfinalform":null,"finalcashbala":5.796219791E7,"netprofit":1.0767727187E8,"minysharrigh":null,"unreinveloss":null,"asseimpa":-66900.46,"assedepr":2.389231217E7,"realestadep":null,"intaasseamor":2004788.74,"longdefeexpenamor":928614.94,"prepexpedecr":null,"accrexpeincr":null,"dispfixedassetloss":157730.27,"fixedassescraloss":null,"valuechgloss":null,"defeincoincr":null,"estidebts":null,"finexpe":1168.6,"inveloss":-2.060865894E7,"defetaxassetdecr":-97754.49,"defetaxliabincr":null,"inveredu":-1629851.56,"receredu":4233636.75,"payaincr":1.167942942E7,"unseparachg":null,"unfiparachg":null,"other":null,"biznetscheitse":null,"biznetscheform":null,"biznetcflow":1.2817178731E8,"debtintocapi":null,"expiconvbd":null,"finfixedasset":null,"cashfinalbala":5.796219791E7,"cashopenbala":6.8084526285E8,"equfinalbala":null,"equopenbala":null,"netcashscheitse":null,"netcashscheform":null,"cashneti":-6.2288306494E8},{"compcode":"80195268","publishdate":"20131023","begindate":"20130101","enddate":"20130930","reporttype":"100111","adjustdate":"20131023","accstacode":"2","accstaname":"新会计准则","laborgetcash":2.8659468494E8,"deponetr":null,"bankloannetincr":null,"fininstnetr":null,"inspremcash":null,"insnetc":null,"savinetr":null,"disptradnetincr":null,"charintecash":null,"fdsborrnetr":null,"repnetincr":null,"taxrefd":3462438.89,"receotherbizcash":1.207457873E7,"bizinflitse":null,"bizinflform":null,"bizcashinfl":3.0213170256E8,"labopayc":1.4066658391E8,"loansnetr":null,"tradepaymnetr":null,"paycompgold":null,"payintecash":null,"paydivicash":null,"payworkcash":3.179618074E7,"paytax":4.317030089E7,"payacticash":4.640961529E7,"bizoutfitse":null,"bizoutfform":null,"bizcashoutf":2.6204268083E8,"biznetitse":null,"biznetform":null,"mananetr":4.008902173E7,"withinvgetcash":3.41E8,"inveretugetcash":1.061696925E7,"fixedassetnetc":300000.0,"subsnetc":null,"receinvcash":null,"reducashpled":null,"invinflitse":null,"invinffrom":null,"invcashinfl":3.5191696925E8,"acquassetcash":5.751966967E7,"invpayc":8.69E8,"loannetr":null,"subspaynetcash":null,"payinvecash":null,"incrcashpled":null,"invoutfitse":null,"invoutfform":null,"invcashoutf":9.2651966967E8,"netinvitse":null,"netinvform":null,"invnetcashflow":-5.7460270042E8,"invrececash":null,"subsrececash":null,"recefromloan":null,"issbdrececash":null,"recefincash":null,"fininflitse":null,"fininflform":null,"fincashinfl":0.0,"debtpaycash":null,"diviprofpaycash":5.0E7,"subspaydivid":null,"finrelacash":null,"finoutfitse":null,"finoutfform":null,"fincashoutf":5.0E7,"finnetitse":null,"finnetform":null,"finnetcflow":-5.0E7,"chgexchgchgs":null,"netcashitse":null,"netcashform":null,"cashnetr":-5.8451367869E8,"inicashbala":6.8084526285E8,"cashfinalitse":null,"cashfinalform":null,"finalcashbala":9.633158416E7,"netprofit":null,"minysharrigh":null,"unreinveloss":null,"asseimpa":null,"assedepr":null,"realestadep":null,"intaasseamor":null,"longdefeexpenamor":null,"prepexpedecr":null,"accrexpeincr":null,"dispfixedassetloss":null,"fixedassescraloss":null,"valuechgloss":null,"defeincoincr":null,"estidebts":null,"finexpe":null,"inveloss":null,"defetaxassetdecr":null,"defetaxliabincr":null,"inveredu":null,"receredu":null,"payaincr":null,"unseparachg":null,"unfiparachg":null,"other":null,"biznetscheitse":null,"biznetscheform":null,"biznetcflow":null,"debtintocapi":null,"expiconvbd":null,"finfixedasset":null,"cashfinalbala":9.633158416E7,"cashopenbala":6.8084526285E8,"equfinalbala":null,"equopenbala":null,"netcashscheitse":null,"netcashscheform":null,"cashneti":-5.8451367869E8},{"compcode":"80195268","publishdate":"20130815","begindate":"20130101","enddate":"20130630","reporttype":"100111","adjustdate":"20130815","accstacode":"2","accstaname":"新会计准则","laborgetcash":1.4758905705E8,"deponetr":null,"bankloannetincr":null,"fininstnetr":null,"inspremcash":null,"insnetc":null,"savinetr":null,"disptradnetincr":null,"charintecash":null,"fdsborrnetr":null,"repnetincr":null,"taxrefd":1776603.63,"receotherbizcash":1.135320241E7,"bizinflitse":null,"bizinflform":null,"bizcashinfl":1.6071886309E8,"labopayc":9.629896676E7,"loansnetr":null,"tradepaymnetr":null,"paycompgold":null,"payintecash":null,"paydivicash":null,"payworkcash":2.41955808E7,"paytax":3.246602888E7,"payacticash":2.766180013E7,"bizoutfitse":null,"bizoutfform":null,"bizcashoutf":1.8062237657E8,"biznetitse":null,"biznetform":null,"mananetr":-1.990351348E7,"withinvgetcash":1.28E8,"inveretugetcash":4224470.02,"fixedassetnetc":null,"subsnetc":null,"receinvcash":null,"reducashpled":null,"invinflitse":null,"invinffrom":null,"invcashinfl":1.3222447002E8,"acquassetcash":3.901124688E7,"invpayc":6.19E8,"loannetr":null,"subspaynetcash":null,"payinvecash":null,"incrcashpled":null,"invoutfitse":null,"invoutfform":null,"invcashoutf":6.5801124688E8,"netinvitse":null,"netinvform":null,"invnetcashflow":-5.2578677686E8,"invrececash":null,"subsrececash":null,"recefromloan":null,"issbdrececash":null,"recefincash":null,"fininflitse":null,"fininflform":null,"fincashinfl":0.0,"debtpaycash":null,"diviprofpaycash":5.0E7,"subspaydivid":null,"finrelacash":null,"finoutfitse":null,"finoutfform":null,"fincashoutf":5.0E7,"finnetitse":null,"finnetform":null,"finnetcflow":-5.0E7,"chgexchgchgs":null,"netcashitse":null,"netcashform":null,"cashnetr":-5.9569029034E8,"inicashbala":6.8084526285E8,"cashfinalitse":null,"cashfinalform":null,"finalcashbala":8.515497251E7,"netprofit":4.072275365E7,"minysharrigh":null,"unreinveloss":null,"asseimpa":1211179.87,"assedepr":1.165124311E7,"realestadep":null,"intaasseamor":963296.15,"longdefeexpenamor":355078.73,"prepexpedecr":null,"accrexpeincr":null,"dispfixedassetloss":0.0,"fixedassescraloss":null,"valuechgloss":0.0,"defeincoincr":null,"estidebts":null,"finexpe":0.0,"inveloss":-4224470.02,"defetaxassetdecr":-226948.76,"defetaxliabincr":0.0,"inveredu":9055397.31,"receredu":-3.049497099E7,"payaincr":-4.891607253E7,"unseparachg":null,"unfiparachg":null,"other":null,"biznetscheitse":null,"biznetscheform":null,"biznetcflow":-1.990351348E7,"debtintocapi":null,"expiconvbd":null,"finfixedasset":null,"cashfinalbala":8.515497251E7,"cashopenbala":6.8084526285E8,"equfinalbala":null,"equopenbala":null,"netcashscheitse":null,"netcashscheform":null,"cashneti":-5.9569029034E8},{"compcode":"80195268","publishdate":"20130425","begindate":"20130101","enddate":"20130331","reporttype":"100111","adjustdate":"20130425","accstacode":"2","accstaname":"新会计准则","laborgetcash":4.153499541E7,"deponetr":null,"bankloannetincr":null,"fininstnetr":null,"inspremcash":null,"insnetc":null,"savinetr":null,"disptradnetincr":null,"charintecash":null,"fdsborrnetr":null,"repnetincr":null,"taxrefd":1391603.19,"receotherbizcash":4.069216141E7,"bizinflitse":null,"bizinflform":null,"bizcashinfl":8.361876001E7,"labopayc":5.90992432E7,"loansnetr":null,"tradepaymnetr":null,"paycompgold":null,"payintecash":null,"paydivicash":null,"payworkcash":1.59417739E7,"paytax":1.957985712E7,"payacticash":2.4115053084E8,"bizoutfitse":null,"bizoutfform":null,"bizcashoutf":3.3577140506E8,"biznetitse":null,"biznetform":null,"mananetr":-2.5215264505E8,"withinvgetcash":null,"inveretugetcash":null,"fixedassetnetc":null,"subsnetc":null,"receinvcash":null,"reducashpled":null,"invinflitse":null,"invinffrom":null,"invcashinfl":0.0,"acquassetcash":2.04278014E7,"invpayc":7.8E7,"loannetr":null,"subspaynetcash":null,"payinvecash":null,"incrcashpled":null,"invoutfitse":null,"invoutfform":null,"invcashoutf":9.84278014E7,"netinvitse":null,"netinvform":null,"invnetcashflow":-9.84278014E7,"invrececash":null,"subsrececash":null,"recefromloan":null,"issbdrececash":null,"recefincash":null,"fininflitse":null,"fininflform":null,"fincashinfl":0.0,"debtpaycash":null,"diviprofpaycash":null,"subspaydivid":null,"finrelacash":null,"finoutfitse":null,"finoutfform":null,"fincashoutf":0.0,"finnetitse":null,"finnetform":null,"finnetcflow":0.0,"chgexchgchgs":null,"netcashitse":null,"netcashform":null,"cashnetr":-3.5058044645E8,"inicashbala":6.8084526285E8,"cashfinalitse":null,"cashfinalform":null,"finalcashbala":3.302648164E8,"netprofit":null,"minysharrigh":null,"unreinveloss":null,"asseimpa":null,"assedepr":null,"realestadep":null,"intaasseamor":null,"longdefeexpenamor":null,"prepexpedecr":null,"accrexpeincr":null,"dispfixedassetloss":null,"fixedassescraloss":null,"valuechgloss":null,"defeincoincr":null,"estidebts":null,"finexpe":null,"inveloss":null,"defetaxassetdecr":null,"defetaxliabincr":null,"inveredu":null,"receredu":null,"payaincr":null,"unseparachg":null,"unfiparachg":null,"other":null,"biznetscheitse":null,"biznetscheform":null,"biznetcflow":null,"debtintocapi":null,"expiconvbd":null,"finfixedasset":null,"cashfinalbala":3.302648164E8,"cashopenbala":6.8084526285E8,"equfinalbala":null,"equopenbala":null,"netcashscheitse":null,"netcashscheform":null,"cashneti":-3.5058044645E8},{"compcode":"80195268","publishdate":"20130425","begindate":"20120101","enddate":"20121231","reporttype":"100111","adjustdate":"20130425","accstacode":"2","accstaname":"新会计准则","laborgetcash":4.6740047186E8,"deponetr":null,"bankloannetincr":null,"fininstnetr":null,"inspremcash":null,"insnetc":null,"savinetr":null,"disptradnetincr":null,"charintecash":null,"fdsborrnetr":null,"repnetincr":null,"taxrefd":5578872.29,"receotherbizcash":2.495220232E7,"bizinflitse":null,"bizinflform":null,"bizcashinfl":4.9793154647E8,"labopayc":2.4036747212E8,"loansnetr":null,"tradepaymnetr":null,"paycompgold":null,"payintecash":null,"paydivicash":null,"payworkcash":3.608325853E7,"paytax":5.230171363E7,"payacticash":6.071705857E7,"bizoutfitse":null,"bizoutfform":null,"bizcashoutf":3.8946950285E8,"biznetitse":null,"biznetform":null,"mananetr":1.0846204362E8,"withinvgetcash":null,"inveretugetcash":null,"fixedassetnetc":88936.93,"subsnetc":null,"receinvcash":null,"reducashpled":null,"invinflitse":null,"invinffrom":null,"invcashinfl":88936.93,"acquassetcash":9.149092353E7,"invpayc":null,"loannetr":null,"subspaynetcash":null,"payinvecash":null,"incrcashpled":null,"invoutfitse":null,"invoutfform":null,"invcashoutf":9.149092353E7,"netinvitse":null,"netinvform":null,"invnetcashflow":-9.14019866E7,"invrececash":4.5656E8,"subsrececash":null,"recefromloan":null,"issbdrececash":null,"recefincash":null,"fininflitse":null,"fininflform":null,"fincashinfl":4.5656E8,"debtpaycash":null,"diviprofpaycash":null,"subspaydivid":null,"finrelacash":8250000.0,"finoutfitse":null,"finoutfform":null,"fincashoutf":8250000.0,"finnetitse":null,"finnetform":null,"finnetcflow":4.4831E8,"chgexchgchgs":null,"netcashitse":null,"netcashform":null,"cashnetr":4.6537005702E8,"inicashbala":2.1547520583E8,"cashfinalitse":null,"cashfinalform":null,"finalcashbala":6.8084526285E8,"netprofit":8.804858982E7,"minysharrigh":null,"unreinveloss":null,"asseimpa":152169.38,"assedepr":2.147466194E7,"realestadep":null,"intaasseamor":1545004.97,"longdefeexpenamor":60277.76,"prepexpedecr":null,"accrexpeincr":null,"dispfixedassetloss":-28193.67,"fixedassescraloss":null,"valuechgloss":null,"defeincoincr":null,"estidebts":null,"finexpe":null,"inveloss":null,"defetaxassetdecr":6937.5,"defetaxliabincr":null,"inveredu":-3903769.81,"receredu":-6222797.35,"payaincr":7329163.08,"unseparachg":null,"unfiparachg":null,"other":null,"biznetscheitse":null,"biznetscheform":null,"biznetcflow":1.0846204362E8,"debtintocapi":null,"expiconvbd":null,"finfixedasset":null,"cashfinalbala":6.8084526285E8,"cashopenbala":2.1547520583E8,"equfinalbala":null,"equopenbala":null,"netcashscheitse":null,"netcashscheform":null,"cashneti":4.6537005702E8},{"compcode":"80195268","publishdate":"20121020","begindate":"20120101","enddate":"20120930","reporttype":"100111","adjustdate":"20121020","accstacode":"2","accstaname":"新会计准则","laborgetcash":2.4315818308E8,"deponetr":null,"bankloannetincr":null,"fininstnetr":null,"inspremcash":null,"insnetc":null,"savinetr":null,"disptradnetincr":null,"charintecash":null,"fdsborrnetr":null,"repnetincr":null,"taxrefd":3325003.8,"receotherbizcash":8933618.51,"bizinflitse":null,"bizinflform":null,"bizcashinfl":2.5541680539E8,"labopayc":1.5474491656E8,"loansnetr":null,"tradepaymnetr":null,"paycompgold":null,"payintecash":null,"paydivicash":null,"payworkcash":2.767053254E7,"paytax":3.827405651E7,"payacticash":4.091518952E7,"bizoutfitse":null,"bizoutfform":null,"bizcashoutf":2.6160469513E8,"biznetitse":null,"biznetform":null,"mananetr":-6187889.74,"withinvgetcash":null,"inveretugetcash":null,"fixedassetnetc":60400.0,"subsnetc":null,"receinvcash":2199569.73,"reducashpled":null,"invinflitse":null,"invinffrom":null,"invcashinfl":2259969.73,"acquassetcash":4.553763334E7,"invpayc":null,"loannetr":null,"subspaynetcash":null,"payinvecash":null,"incrcashpled":null,"invoutfitse":null,"invoutfform":null,"invcashoutf":4.553763334E7,"netinvitse":null,"netinvform":null,"invnetcashflow":-4.327766361E7,"invrececash":4.4631E8,"subsrececash":null,"recefromloan":null,"issbdrececash":null,"recefincash":null,"fininflitse":null,"fininflform":null,"fincashinfl":4.4631E8,"debtpaycash":null,"diviprofpaycash":null,"subspaydivid":null,"finrelacash":null,"finoutfitse":null,"finoutfform":null,"fincashoutf":0.0,"finnetitse":null,"finnetform":null,"finnetcflow":4.4631E8,"chgexchgchgs":null,"netcashitse":null,"netcashform":null,"cashnetr":3.9684444665E8,"inicashbala":2.1547520583E8,"cashfinalitse":null,"cashfinalform":null,"finalcashbala":6.1231965248E8,"netprofit":null,"minysharrigh":null,"unreinveloss":null,"asseimpa":null,"assedepr":null,"realestadep":null,"intaasseamor":null,"longdefeexpenamor":null,"prepexpedecr":null,"accrexpeincr":null,"dispfixedassetloss":null,"fixedassescraloss":null,"valuechgloss":null,"defeincoincr":null,"estidebts":null,"finexpe":null,"inveloss":null,"defetaxassetdecr":null,"defetaxliabincr":null,"inveredu":null,"receredu":null,"payaincr":null,"unseparachg":null,"unfiparachg":null,"other":null,"biznetscheitse":null,"biznetscheform":null,"biznetcflow":null,"debtintocapi":null,"expiconvbd":null,"finfixedasset":null,"cashfinalbala":6.1231965248E8,"cashopenbala":2.1547520583E8,"equfinalbala":null,"equopenbala":null,"netcashscheitse":null,"netcashscheform":null,"cashneti":3.9684444665E8},{"compcode":"80195268","publishdate":"20120827","begindate":"20120101","enddate":"20120630","reporttype":"100111","adjustdate":"20120827","accstacode":"2","accstaname":"新会计准则","laborgetcash":1.1089430176E8,"deponetr":null,"bankloannetincr":null,"fininstnetr":null,"inspremcash":null,"insnetc":null,"savinetr":null,"disptradnetincr":null,"charintecash":null,"fdsborrnetr":null,"repnetincr":null,"taxrefd":2105835.74,"receotherbizcash":7884243.13,"bizinflitse":null,"bizinflform":null,"bizcashinfl":1.2088438063E8,"labopayc":8.716678189E7,"loansnetr":null,"tradepaymnetr":null,"paycompgold":null,"payintecash":null,"paydivicash":null,"payworkcash":2.056062487E7,"paytax":2.982216401E7,"payacticash":3.324408893E7,"bizoutfitse":null,"bizoutfform":null,"bizcashoutf":1.707936597E8,"biznetitse":null,"biznetform":null,"mananetr":-4.990927907E7,"withinvgetcash":null,"inveretugetcash":null,"fixedassetnetc":null,"subsnetc":null,"receinvcash":593132.15,"reducashpled":null,"invinflitse":null,"invinffrom":null,"invcashinfl":593132.15,"acquassetcash":3.596327264E7,"invpayc":null,"loannetr":null,"subspaynetcash":null,"payinvecash":null,"incrcashpled":null,"invoutfitse":null,"invoutfform":null,"invcashoutf":3.596327264E7,"netinvitse":null,"netinvform":null,"invnetcashflow":-3.537014049E7,"invrececash":4.4631E8,"subsrececash":null,"recefromloan":null,"issbdrececash":null,"recefincash":null,"fininflitse":null,"fininflform":null,"fincashinfl":4.4631E8,"debtpaycash":null,"diviprofpaycash":null,"subspaydivid":null,"finrelacash":null,"finoutfitse":null,"finoutfform":null,"fincashoutf":0.0,"finnetitse":null,"finnetform":null,"finnetcflow":4.4631E8,"chgexchgchgs":null,"netcashitse":null,"netcashform":null,"cashnetr":3.6103058044E8,"inicashbala":2.1547520583E8,"cashfinalitse":null,"cashfinalform":null,"finalcashbala":5.7650578627E8,"netprofit":3.764607423E7,"minysharrigh":null,"unreinveloss":null,"asseimpa":1253969.8,"assedepr":1.04027522E7,"realestadep":null,"intaasseamor":689146.35,"longdefeexpenamor":null,"prepexpedecr":null,"accrexpeincr":null,"dispfixedassetloss":null,"fixedassescraloss":null,"valuechgloss":null,"defeincoincr":null,"estidebts":null,"finexpe":-593132.15,"inveloss":null,"defetaxassetdecr":-59137.82,"defetaxliabincr":null,"inveredu":-5554699.68,"receredu":-2.566858683E7,"payaincr":-6.802566517E7,"unseparachg":null,"unfiparachg":null,"other":null,"biznetscheitse":null,"biznetscheform":null,"biznetcflow":-4.990927907E7,"debtintocapi":null,"expiconvbd":null,"finfixedasset":null,"cashfinalbala":5.7650578627E8,"cashopenbala":2.1547520583E8,"equfinalbala":null,"equopenbala":null,"netcashscheitse":null,"netcashscheform":null,"cashneti":3.6103058044E8},{"compcode":"80195268","publishdate":"20120524","begindate":"20120101","enddate":"20120331","reporttype":"100111","adjustdate":"20120524","accstacode":"2","accstaname":"新会计准则","laborgetcash":6.197688928E7,"deponetr":null,"bankloannetincr":null,"fininstnetr":null,"inspremcash":null,"insnetc":null,"savinetr":null,"disptradnetincr":null,"charintecash":null,"fdsborrnetr":null,"repnetincr":null,"taxrefd":1427501.46,"receotherbizcash":2064167.92,"bizinflitse":null,"bizinflform":null,"bizcashinfl":6.546855866E7,"labopayc":5.766719603E7,"loansnetr":null,"tradepaymnetr":null,"paycompgold":null,"payintecash":null,"paydivicash":null,"payworkcash":1.245772148E7,"paytax":1.628117552E7,"payacticash":1.694587847E7,"bizoutfitse":null,"bizoutfform":null,"bizcashoutf":1.033519715E8,"biznetitse":null,"biznetform":null,"mananetr":-3.788341284E7,"withinvgetcash":null,"inveretugetcash":null,"fixedassetnetc":null,"subsnetc":null,"receinvcash":null,"reducashpled":null,"invinflitse":null,"invinffrom":null,"invcashinfl":0.0,"acquassetcash":1.977887335E7,"invpayc":null,"loannetr":null,"subspaynetcash":null,"payinvecash":null,"incrcashpled":null,"invoutfitse":null,"invoutfform":null,"invcashoutf":1.977887335E7,"netinvitse":null,"netinvform":null,"invnetcashflow":-1.977887335E7,"invrececash":null,"subsrececash":null,"recefromloan":null,"issbdrececash":null,"recefincash":null,"fininflitse":null,"fininflform":null,"fincashinfl":0.0,"debtpaycash":null,"diviprofpaycash":null,"subspaydivid":null,"finrelacash":null,"finoutfitse":null,"finoutfform":null,"fincashoutf":0.0,"finnetitse":null,"finnetform":null,"finnetcflow":0.0,"chgexchgchgs":null,"netcashitse":null,"netcashform":null,"cashnetr":-5.766228619E7,"inicashbala":2.1867757819E8,"cashfinalitse":null,"cashfinalform":null,"finalcashbala":1.61015292E8,"netprofit":null,"minysharrigh":null,"unreinveloss":null,"asseimpa":null,"assedepr":null,"realestadep":null,"intaasseamor":null,"longdefeexpenamor":null,"prepexpedecr":null,"accrexpeincr":null,"dispfixedassetloss":null,"fixedassescraloss":null,"valuechgloss":null,"defeincoincr":null,"estidebts":null,"finexpe":null,"inveloss":null,"defetaxassetdecr":null,"defetaxliabincr":null,"inveredu":null,"receredu":null,"payaincr":null,"unseparachg":null,"unfiparachg":null,"other":null,"biznetscheitse":null,"biznetscheform":null,"biznetcflow":null,"debtintocapi":null,"expiconvbd":null,"finfixedasset":null,"cashfinalbala":1.61015292E8,"cashopenbala":2.1867757819E8,"equfinalbala":null,"equopenbala":null,"netcashscheitse":null,"netcashscheform":null,"cashneti":-5.766228619E7},{"compcode":"80195268","publishdate":"20120504","begindate":"20110101","enddate":"20111231","reporttype":"100111","adjustdate":"20120504","accstacode":"2","accstaname":"新会计准则","laborgetcash":4.3541231432E8,"deponetr":null,"bankloannetincr":null,"fininstnetr":null,"inspremcash":null,"insnetc":null,"savinetr":null,"disptradnetincr":null,"charintecash":null,"fdsborrnetr":null,"repnetincr":null,"taxrefd":5515246.77,"receotherbizcash":1.171844494E7,"bizinflitse":null,"bizinflform":null,"bizcashinfl":4.5264600603E8,"labopayc":2.1587177744E8,"loansnetr":null,"tradepaymnetr":null,"paycompgold":null,"payintecash":null,"paydivicash":null,"payworkcash":3.243192756E7,"paytax":5.502984645E7,"payacticash":6.984589536E7,"bizoutfitse":null,"bizoutfform":null,"bizcashoutf":3.7317944681E8,"biznetitse":null,"biznetform":null,"mananetr":7.946655922E7,"withinvgetcash":null,"inveretugetcash":null,"fixedassetnetc":140847.49,"subsnetc":null,"receinvcash":681491.47,"reducashpled":null,"invinflitse":null,"invinffrom":null,"invcashinfl":822338.96,"acquassetcash":5.763470776E7,"invpayc":null,"loannetr":null,"subspaynetcash":null,"payinvecash":null,"incrcashpled":null,"invoutfitse":null,"invoutfform":null,"invcashoutf":5.763470776E7,"netinvitse":null,"netinvform":null,"invnetcashflow":-5.68123688E7,"invrececash":null,"subsrececash":null,"recefromloan":null,"issbdrececash":null,"recefincash":null,"fininflitse":null,"fininflform":null,"fincashinfl":0.0,"debtpaycash":null,"diviprofpaycash":1.8E7,"subspaydivid":null,"finrelacash":null,"finoutfitse":null,"finoutfform":null,"fincashoutf":1.8E7,"finnetitse":null,"finnetform":null,"finnetcflow":-1.8E7,"chgexchgchgs":null,"netcashitse":null,"netcashform":null,"cashnetr":4654190.42,"inicashbala":2.1082101541E8,"cashfinalitse":null,"cashfinalform":null,"finalcashbala":2.1547520583E8,"netprofit":8.082797164E7,"minysharrigh":null,"unreinveloss":null,"asseimpa":-103485.95,"assedepr":1.694826013E7,"realestadep":null,"intaasseamor":1087818.77,"longdefeexpenamor":null,"prepexpedecr":null,"accrexpeincr":null,"dispfixedassetloss":15232.1,"fixedassescraloss":null,"valuechgloss":null,"defeincoincr":null,"estidebts":null,"finexpe":-681491.47,"inveloss":null,"defetaxassetdecr":-78272.59,"defetaxliabincr":null,"inveredu":3670325.55,"receredu":1834592.57,"payaincr":-2.405439153E7,"unseparachg":null,"unfiparachg":null,"other":null,"biznetscheitse":null,"biznetscheform":null,"biznetcflow":7.946655922E7,"debtintocapi":null,"expiconvbd":null,"finfixedasset":null,"cashfinalbala":2.1547520583E8,"cashopenbala":2.1082101541E8,"equfinalbala":null,"equopenbala":null,"netcashscheitse":null,"netcashscheform":null,"cashneti":4654190.42},{"compcode":"80195268","publishdate":"20120105","begindate":"20110101","enddate":"20110630","reporttype":"100111","adjustdate":"20120105","accstacode":"2","accstaname":"新会计准则","laborgetcash":1.2550690647E8,"deponetr":null,"bankloannetincr":null,"fininstnetr":null,"inspremcash":null,"insnetc":null,"savinetr":null,"disptradnetincr":null,"charintecash":null,"fdsborrnetr":null,"repnetincr":null,"taxrefd":1715001.96,"receotherbizcash":7455418.09,"bizinflitse":null,"bizinflform":null,"bizcashinfl":1.3467732652E8,"labopayc":9.666585542E7,"loansnetr":null,"tradepaymnetr":null,"paycompgold":null,"payintecash":null,"paydivicash":null,"payworkcash":1.715846197E7,"paytax":3.397370786E7,"payacticash":2.37853772E7,"bizoutfitse":null,"bizoutfform":null,"bizcashoutf":1.7158340245E8,"biznetitse":null,"biznetform":null,"mananetr":-3.690607593E7,"withinvgetcash":null,"inveretugetcash":null,"fixedassetnetc":1897.49,"subsnetc":null,"receinvcash":285800.36,"reducashpled":null,"invinflitse":null,"invinffrom":null,"invcashinfl":287697.85,"acquassetcash":5.21655376E7,"invpayc":null,"loannetr":null,"subspaynetcash":null,"payinvecash":null,"incrcashpled":null,"invoutfitse":null,"invoutfform":null,"invcashoutf":5.21655376E7,"netinvitse":null,"netinvform":null,"invnetcashflow":-5.187783975E7,"invrececash":null,"subsrececash":null,"recefromloan":null,"issbdrececash":null,"recefincash":null,"fininflitse":null,"fininflform":null,"fincashinfl":0.0,"debtpaycash":null,"diviprofpaycash":1.8E7,"subspaydivid":null,"finrelacash":null,"finoutfitse":null,"finoutfform":null,"fincashoutf":1.8E7,"finnetitse":null,"finnetform":null,"finnetcflow":-1.8E7,"chgexchgchgs":null,"netcashitse":null,"netcashform":null,"cashnetr":-1.0678391568E8,"inicashbala":2.1082101541E8,"cashfinalitse":null,"cashfinalform":null,"finalcashbala":1.0403709973E8,"netprofit":3.75241E7,"minysharrigh":null,"unreinveloss":null,"asseimpa":-126500.0,"assedepr":8175800.0,"realestadep":null,"intaasseamor":418500.0,"longdefeexpenamor":null,"prepexpedecr":null,"accrexpeincr":null,"dispfixedassetloss":null,"fixedassescraloss":null,"valuechgloss":null,"defeincoincr":null,"estidebts":null,"finexpe":-285800.0,"inveloss":null,"defetaxassetdecr":6600.0,"defetaxliabincr":null,"inveredu":9021800.0,"receredu":-1355100.0,"payaincr":-9.02855E7,"unseparachg":null,"unfiparachg":null,"other":null,"biznetscheitse":null,"biznetscheform":null,"biznetcflow":-3.69061E7,"debtintocapi":null,"expiconvbd":null,"finfixedasset":null,"cashfinalbala":1.040371E8,"cashopenbala":2.10821E8,"equfinalbala":null,"equopenbala":null,"netcashscheitse":null,"netcashscheform":null,"cashneti":-1.067839E8},{"compcode":"80195268","publishdate":"20120504","begindate":"20100101","enddate":"20101231","reporttype":"100111","adjustdate":"20120504","accstacode":"2","accstaname":"新会计准则","laborgetcash":4.7440129649E8,"deponetr":null,"bankloannetincr":null,"fininstnetr":null,"inspremcash":null,"insnetc":null,"savinetr":null,"disptradnetincr":null,"charintecash":null,"fdsborrnetr":null,"repnetincr":null,"taxrefd":4975839.2,"receotherbizcash":1.133146188E8,"bizinflitse":null,"bizinflform":null,"bizcashinfl":5.9269175449E8,"labopayc":2.2230752315E8,"loansnetr":null,"tradepaymnetr":null,"paycompgold":null,"payintecash":null,"paydivicash":null,"payworkcash":2.046441564E7,"paytax":4.947038844E7,"payacticash":8.58608919E7,"bizoutfitse":null,"bizoutfform":null,"bizcashoutf":3.7810321913E8,"biznetitse":null,"biznetform":null,"mananetr":2.1458853536E8,"withinvgetcash":null,"inveretugetcash":null,"fixedassetnetc":null,"subsnetc":null,"receinvcash":2472233.38,"reducashpled":null,"invinflitse":null,"invinffrom":null,"invcashinfl":2472233.38,"acquassetcash":3.456139673E7,"invpayc":null,"loannetr":null,"subspaynetcash":4.5E7,"payinvecash":null,"incrcashpled":null,"invoutfitse":null,"invoutfform":null,"invcashoutf":7.956139673E7,"netinvitse":null,"netinvform":null,"invnetcashflow":-7.708916335E7,"invrececash":null,"subsrececash":null,"recefromloan":6.0E7,"issbdrececash":null,"recefincash":null,"fininflitse":null,"fininflform":null,"fincashinfl":6.0E7,"debtpaycash":8.0E7,"diviprofpaycash":6.8525471E7,"subspaydivid":2.0E7,"finrelacash":null,"finoutfitse":null,"finoutfform":null,"fincashoutf":1.48525471E8,"finnetitse":null,"finnetform":null,"finnetcflow":-8.8525471E7,"chgexchgchgs":null,"netcashitse":null,"netcashform":null,"cashnetr":4.897390101E7,"inicashbala":1.618471144E8,"cashfinalitse":null,"cashfinalform":null,"finalcashbala":2.1082101541E8,"netprofit":6.260681768E7,"minysharrigh":null,"unreinveloss":null,"asseimpa":-766202.43,"assedepr":1.211396511E7,"realestadep":null,"intaasseamor":350025.3,"longdefeexpenamor":null,"prepexpedecr":null,"accrexpeincr":null,"dispfixedassetloss":null,"fixedassescraloss":null,"valuechgloss":null,"defeincoincr":null,"estidebts":null,"finexpe":-1461428.38,"inveloss":null,"defetaxassetdecr":106751.44,"defetaxliabincr":null,"inveredu":5629730.88,"receredu":9.189505013E7,"payaincr":2.373081904E7,"unseparachg":null,"unfiparachg":null,"other":2.038300659E7,"biznetscheitse":null,"biznetscheform":null,"biznetcflow":2.1458853536E8,"debtintocapi":null,"expiconvbd":null,"finfixedasset":null,"cashfinalbala":2.1082101541E8,"cashopenbala":1.618471144E8,"equfinalbala":null,"equopenbala":null,"netcashscheitse":null,"netcashscheform":null,"cashneti":4.897390101E7},{"compcode":"80195268","publishdate":"20120504","begindate":"20090101","enddate":"20091231","reporttype":"100111","adjustdate":"20120504","accstacode":"2","accstaname":"新会计准则","laborgetcash":4.2300346041E8,"deponetr":null,"bankloannetincr":null,"fininstnetr":null,"inspremcash":null,"insnetc":null,"savinetr":null,"disptradnetincr":null,"charintecash":null,"fdsborrnetr":null,"repnetincr":null,"taxrefd":5437365.41,"receotherbizcash":2.009192886E7,"bizinflitse":null,"bizinflform":null,"bizcashinfl":4.4853275468E8,"labopayc":1.6226670033E8,"loansnetr":null,"tradepaymnetr":null,"paycompgold":null,"payintecash":null,"paydivicash":null,"payworkcash":1.730435916E7,"paytax":5.141625914E7,"payacticash":7.899730341E7,"bizoutfitse":null,"bizoutfform":null,"bizcashoutf":3.0998462204E8,"biznetitse":null,"biznetform":null,"mananetr":1.3854813264E8,"withinvgetcash":null,"inveretugetcash":null,"fixedassetnetc":117692.31,"subsnetc":null,"receinvcash":1489747.04,"reducashpled":null,"invinflitse":null,"invinffrom":null,"invcashinfl":1607439.35,"acquassetcash":2.544176034E7,"invpayc":null,"loannetr":null,"subspaynetcash":null,"payinvecash":null,"incrcashpled":null,"invoutfitse":null,"invoutfform":null,"invcashoutf":2.544176034E7,"netinvitse":null,"netinvform":null,"invnetcashflow":-2.383432099E7,"invrececash":null,"subsrececash":null,"recefromloan":5.0E7,"issbdrececash":null,"recefincash":null,"fininflitse":null,"fininflform":null,"fincashinfl":5.0E7,"debtpaycash":6.0E7,"diviprofpaycash":2865150.0,"subspaydivid":null,"finrelacash":null,"finoutfitse":null,"finoutfform":null,"fincashoutf":6.286515E7,"finnetitse":null,"finnetform":null,"finnetcflow":-1.286515E7,"chgexchgchgs":null,"netcashitse":null,"netcashform":null,"cashnetr":1.0184866165E8,"inicashbala":5.999845275E7,"cashfinalitse":null,"cashfinalform":null,"finalcashbala":1.618471144E8,"netprofit":8.611276323E7,"minysharrigh":null,"unreinveloss":null,"asseimpa":873277.32,"assedepr":9354720.41,"realestadep":null,"intaasseamor":320468.89,"longdefeexpenamor":null,"prepexpedecr":null,"accrexpeincr":null,"dispfixedassetloss":251992.69,"fixedassescraloss":null,"valuechgloss":null,"defeincoincr":null,"estidebts":null,"finexpe":-625697.04,"inveloss":null,"defetaxassetdecr":15475.14,"defetaxliabincr":null,"inveredu":1764797.51,"receredu":-1.955909826E7,"payaincr":6.003943275E7,"unseparachg":null,"unfiparachg":null,"other":null,"biznetscheitse":null,"biznetscheform":null,"biznetcflow":1.3854813264E8,"debtintocapi":null,"expiconvbd":null,"finfixedasset":null,"cashfinalbala":1.618471144E8,"cashopenbala":5.999845275E7,"equfinalbala":null,"equopenbala":null,"netcashscheitse":null,"netcashscheform":null,"cashneti":1.0184866165E8},{"compcode":"80195268","publishdate":"20120105","begindate":"20080101","enddate":"20081231","reporttype":"100111","adjustdate":"20120105","accstacode":"2","accstaname":"新会计准则","laborgetcash":3.0056611174E8,"deponetr":null,"bankloannetincr":null,"fininstnetr":null,"inspremcash":null,"insnetc":null,"savinetr":null,"disptradnetincr":null,"charintecash":null,"fdsborrnetr":null,"repnetincr":null,"taxrefd":5127589.17,"receotherbizcash":2.251048754E7,"bizinflitse":null,"bizinflform":null,"bizcashinfl":3.2820418845E8,"labopayc":1.5712941093E8,"loansnetr":null,"tradepaymnetr":null,"paycompgold":null,"payintecash":null,"paydivicash":null,"payworkcash":1.218380962E7,"paytax":2.837460355E7,"payacticash":5.927904475E7,"bizoutfitse":null,"bizoutfform":null,"bizcashoutf":2.5696686885E8,"biznetitse":null,"biznetform":null,"mananetr":7.12373196E7,"withinvgetcash":null,"inveretugetcash":null,"fixedassetnetc":null,"subsnetc":null,"receinvcash":694500.28,"reducashpled":null,"invinflitse":null,"invinffrom":null,"invcashinfl":694500.28,"acquassetcash":5.458696017E7,"invpayc":null,"loannetr":null,"subspaynetcash":null,"payinvecash":null,"incrcashpled":null,"invoutfitse":null,"invoutfform":null,"invcashoutf":5.458696017E7,"netinvitse":null,"netinvform":null,"invnetcashflow":-5.389245989E7,"invrececash":5000000.0,"subsrececash":null,"recefromloan":1.6E8,"issbdrececash":null,"recefincash":null,"fininflitse":null,"fininflform":null,"fincashinfl":1.65E8,"debtpaycash":1.64E8,"diviprofpaycash":2465533.0,"subspaydivid":null,"finrelacash":null,"finoutfitse":null,"finoutfform":null,"fincashoutf":1.66465533E8,"finnetitse":null,"finnetform":null,"finnetcflow":-1465533.0,"chgexchgchgs":null,"netcashitse":null,"netcashform":null,"cashnetr":1.587932671E7,"inicashbala":4.411912604E7,"cashfinalitse":null,"cashfinalform":null,"finalcashbala":5.999845275E7,"netprofit":6.28538E7,"minysharrigh":null,"unreinveloss":null,"asseimpa":-1338000.0,"assedepr":6117000.0,"realestadep":null,"intaasseamor":319000.0,"longdefeexpenamor":null,"prepexpedecr":null,"accrexpeincr":null,"dispfixedassetloss":null,"fixedassescraloss":null,"valuechgloss":null,"defeincoincr":null,"estidebts":null,"finexpe":1765400.0,"inveloss":null,"defetaxassetdecr":-278300.0,"defetaxliabincr":null,"inveredu":-1.86034E7,"receredu":2.62559E7,"payaincr":-5854000.0,"unseparachg":null,"unfiparachg":null,"other":null,"biznetscheitse":-100.0,"biznetscheform":null,"biznetcflow":7.12373E7,"debtintocapi":null,"expiconvbd":null,"finfixedasset":null,"cashfinalbala":5.99985E7,"cashopenbala":4.41191E7,"equfinalbala":null,"equopenbala":null,"netcashscheitse":-100.0,"netcashscheform":null,"cashneti":1.58793E7}],"comptype":4,"name":"浙江美大"}