{"list":[{"compcode":"80195268","publishdate":"20171027","reportdate":"20170930","reporttype":"100111","adjustdate":"20171027","accstacode":"2","accstaname":"新会计准则","curfds":2.3890675308E8,"tradfinasset":null,"notesrece":1900000.0,"accorece":1.042118341E7,"prep":1.378263578E7,"premrece":null,"interece":null,"dividrece":null,"otherrece":3368401.05,"expotaxrebarece":null,"subsrece":null,"margrece":null,"intelrece":null,"inve":8.712293075E7,"prepexpe":null,"unseg":null,"expinoncurrasset":null,"othercurrasse":7.5069522993E8,"currassetitse":null,"currasseform":null,"totcurrasset":1.106197134E9,"lendandloan":null,"avaisellasse":null,"holdinvedue":null,"longrece":null,"equiinve":null,"otherlonginve":null,"inveprop":null,"fixedasseimmo":null,"accudepr":null,"fixedassenetw":null,"fixedasseimpa":null,"fixedassenet":3.342646837E8,"consprog":1.816766421E7,"engimate":null,"fixedasseclea":null,"prodasse":null,"comasse":null,"hydrasset":null,"intaasset":6.254352928E7,"deveexpe":null,"goodwill":null,"logprepexpe":null,"tradshartrad":null,"defetaxasset":5816000.08,"othernoncasse":null,"noncasseitse":null,"noncasseform":null,"totalnoncassets":4.2079187727E8,"totassetitse":null,"totalasseform":null,"totasset":1.52698901127E9,"shorttermborr":null,"tradfinliab":null,"notespaya":3.955E7,"accopaya":8.259503864E7,"advapaym":1.4290602527E8,"copeworkersal":1.928637259E7,"taxespaya":2.984766397E7,"intepaya":null,"divipaya":1820351.62,"otherfeepaya":null,"margrequ":null,"intelpay":null,"otherpay":5.69330788E7,"accrexpe":null,"expecurrliab":null,"copewithreinrece":null,"inteticksett":null,"dometicksett":null,"defereve":null,"shorttermbdspaya":null,"duenoncliab":null,"othercurreliabi":null,"currliabitse":null,"currliabform":null,"totalcurrliab":3.7293853089E8,"longborr":null,"bdspaya":null,"longpaya":null,"specpaya":null,"expenoncliab":null,"longdefeinco":2819945.2,"defeincotaxliab":null,"othernoncliabi":null,"longliabitse":null,"longliabform":null,"totalnoncliab":2819945.2,"totliabitse":null,"totliabform":null,"totliab":3.7575847609E8,"paidincapi":6.45872102E8,"capisurp":8.647422753E7,"treastk":3.535005404E7,"specrese":null,"rese":8.004189039E7,"generiskrese":null,"unreinveloss":null,"undiprof":3.741923693E8,"topaycashdivi":null,"curtrandiff":null,"sharrighitse":null,"sharrightform":null,"paresharrigh":1.15123053518E9,"minysharrigh":null,"righaggritse":null,"rightaggrform":null,"righaggr":1.15123053518E9,"rightotitse":null,"rightotform":null,"totliabsharequi":1.52698901127E9,"settresedepo":null,"plac":null,"derifinaasset":null,"reinrece":null,"reincontrese":null,"purcresaasset":null,"cenbankborr":null,"deposit":null,"fdsborr":null,"deriliab":null,"sellrepasse":null,"copepoun":null,"insucontrese":null,"actitradsecu":null,"actiundesecu":null},{"compcode":"80195268","publishdate":"20170818","reportdate":"20170630","reporttype":"100111","adjustdate":"20170818","accstacode":"2","accstaname":"新会计准则","curfds":2.0486165648E8,"tradfinasset":null,"notesrece":1432981.86,"accorece":1.232656411E7,"prep":6467966.0,"premrece":null,"interece":null,"dividrece":null,"otherrece":3183942.2,"expotaxrebarece":null,"subsrece":null,"margrece":null,"intelrece":null,"inve":9.498772654E7,"prepexpe":null,"unseg":null,"expinoncurrasset":null,"othercurrasse":6.5E8,"currassetitse":null,"currasseform":null,"totcurrasset":9.7326083719E8,"lendandloan":null,"avaisellasse":null,"holdinvedue":null,"longrece":null,"equiinve":null,"otherlonginve":null,"inveprop":null,"fixedasseimmo":5.0660207675E8,"accudepr":1.6693059431E8,"fixedassenetw":3.3967148244E8,"fixedasseimpa":null,"fixedassenet":3.3967148244E8,"consprog":9577324.3,"engimate":null,"fixedasseclea":null,"prodasse":null,"comasse":null,"hydrasset":null,"intaasset":5.972067066E7,"deveexpe":null,"goodwill":null,"logprepexpe":11111.24,"tradshartrad":null,"defetaxasset":3920567.69,"othernoncasse":null,"noncasseitse":null,"noncasseform":null,"totalnoncassets":4.1290115633E8,"totassetitse":null,"totalasseform":null,"totasset":1.38616199352E9,"shorttermborr":null,"tradfinliab":null,"notespaya":3.94E7,"accopaya":7.137501589E7,"advapaym":1.176543046E8,"copeworkersal":1.318606659E7,"taxespaya":2.39546087E7,"intepaya":null,"divipaya":1820351.62,"otherfeepaya":null,"margrequ":null,"intelpay":null,"otherpay":5.277772507E7,"accrexpe":null,"expecurrliab":null,"copewithreinrece":null,"inteticksett":null,"dometicksett":null,"defereve":null,"shorttermbdspaya":null,"duenoncliab":null,"othercurreliabi":null,"currliabitse":null,"currliabform":null,"totalcurrliab":3.2016807247E8,"longborr":null,"bdspaya":null,"longpaya":null,"specpaya":null,"expenoncliab":null,"longdefeinco":2863552.6,"defeincotaxliab":null,"othernoncliabi":null,"longliabitse":null,"longliabform":null,"totalnoncliab":2863552.6,"totliabitse":null,"totliabform":null,"totliab":3.2303162507E8,"paidincapi":6.45872102E8,"capisurp":7.990726011E7,"treastk":3.535005404E7,"specrese":null,"rese":8.004189039E7,"generiskrese":null,"unreinveloss":null,"undiprof":2.9265916999E8,"topaycashdivi":null,"curtrandiff":null,"sharrighitse":null,"sharrightform":null,"paresharrigh":1.06313036845E9,"minysharrigh":null,"righaggritse":null,"rightaggrform":null,"righaggr":1.06313036845E9,"rightotitse":null,"rightotform":null,"totliabsharequi":1.38616199352E9,"settresedepo":null,"plac":null,"derifinaasset":null,"reinrece":null,"reincontrese":null,"purcresaasset":null,"cenbankborr":null,"deposit":null,"fdsborr":null,"deriliab":null,"sellrepasse":null,"copepoun":null,"insucontrese":null,"actitradsecu":null,"actiundesecu":null},{"compcode":"80195268","publishdate":"20170418","reportdate":"20170331","reporttype":"100111","adjustdate":"20170418","accstacode":"2","accstaname":"新会计准则","curfds":4.2169169138E8,"tradfinasset":null,"notesrece":1150000.0,"accorece":1.531296799E7,"prep":1.380490517E7,"premrece":null,"interece":null,"dividrece":null,"otherrece":3452636.6,"expotaxrebarece":null,"subsrece":null,"margrece":null,"intelrece":null,"inve":7.127360944E7,"prepexpe":null,"unseg":null,"expinoncurrasset":null,"othercurrasse":5.5E8,"currassetitse":null,"currasseform":null,"totcurrasset":1.07668581058E9,"lendandloan":null,"avaisellasse":null,"holdinvedue":null,"longrece":null,"equiinve":null,"otherlonginve":null,"inveprop":null,"fixedasseimmo":null,"accudepr":null,"fixedassenetw":null,"fixedasseimpa":null,"fixedassenet":3.4561064415E8,"consprog":495726.5,"engimate":null,"fixedasseclea":null,"prodasse":null,"comasse":null,"hydrasset":null,"intaasset":6.00383674E7,"deveexpe":null,"goodwill":null,"logprepexpe":31944.56,"tradshartrad":null,"defetaxasset":2675345.74,"othernoncasse":null,"noncasseitse":null,"noncasseform":null,"totalnoncassets":4.0885202835E8,"totassetitse":null,"totalasseform":null,"totasset":1.48553783893E9,"shorttermborr":null,"tradfinliab":null,"notespaya":2.937E7,"accopaya":5.710065244E7,"advapaym":1.1887804404E8,"copeworkersal":8909848.59,"taxespaya":1.692621284E7,"intepaya":null,"divipaya":null,"otherfeepaya":null,"margrequ":null,"intelpay":null,"otherpay":5.261084944E7,"accrexpe":null,"expecurrliab":null,"copewithreinrece":null,"inteticksett":null,"dometicksett":null,"defereve":null,"shorttermbdspaya":null,"duenoncliab":null,"othercurreliabi":null,"currliabitse":null,"currliabform":null,"totalcurrliab":2.8379560735E8,"longborr":null,"bdspaya":null,"longpaya":null,"specpaya":null,"expenoncliab":null,"longdefeinco":2907160.0,"defeincotaxliab":null,"othernoncliabi":null,"longliabitse":null,"longliabform":null,"totalnoncliab":2907160.0,"totliabitse":null,"totliabform":null,"totliab":2.8670276735E8,"paidincapi":6.45872102E8,"capisurp":7.334029269E7,"treastk":3.535005404E7,"specrese":null,"rese":8.004189039E7,"generiskrese":null,"unreinveloss":null,"undiprof":4.3493084054E8,"topaycashdivi":null,"curtrandiff":null,"sharrighitse":null,"sharrightform":null,"paresharrigh":1.19883507158E9,"minysharrigh":null,"righaggritse":null,"rightaggrform":null,"righaggr":1.19883507158E9,"rightotitse":null,"rightotform":null,"totliabsharequi":1.48553783893E9,"settresedepo":null,"plac":null,"derifinaasset":null,"reinrece":null,"reincontrese":null,"purcresaasset":null,"cenbankborr":null,"deposit":null,"fdsborr":null,"deriliab":null,"sellrepasse":null,"copepoun":null,"insucontrese":null,"actitradsecu":null,"actiundesecu":null},{"compcode":"80195268","publishdate":"20170310","reportdate":"20161231","reporttype":"100111","adjustdate":"20170310","accstacode":"2","accstaname":"新会计准则","curfds":3.7007799316E8,"tradfinasset":null,"notesrece":500000.0,"accorece":7948355.92,"prep":4259693.58,"premrece":null,"interece":null,"dividrece":null,"otherrece":1329400.91,"expotaxrebarece":null,"subsrece":null,"margrece":null,"intelrece":null,"inve":4.829395583E7,"prepexpe":null,"unseg":null,"expinoncurrasset":null,"othercurrasse":5.5E8,"currassetitse":null,"currasseform":null,"totcurrasset":9.824093994E8,"lendandloan":null,"avaisellasse":null,"holdinvedue":null,"longrece":null,"equiinve":null,"otherlonginve":null,"inveprop":null,"fixedasseimmo":5.0342492043E8,"accudepr":null,"fixedassenetw":5.0342492043E8,"fixedasseimpa":1.5200522077E8,"fixedassenet":3.5141969966E8,"consprog":1751464.95,"engimate":null,"fixedasseclea":null,"prodasse":null,"comasse":null,"hydrasset":null,"intaasset":6.063811543E7,"deveexpe":null,"goodwill":null,"logprepexpe":77628.16,"tradshartrad":null,"defetaxasset":1332293.94,"othernoncasse":null,"noncasseitse":null,"noncasseform":null,"totalnoncassets":4.1521920214E8,"totassetitse":null,"totalasseform":null,"totasset":1.39762860154E9,"shorttermborr":null,"tradfinliab":null,"notespaya":2.872E7,"accopaya":6.12616465E7,"advapaym":5.540665159E7,"copeworkersal":1.711388049E7,"taxespaya":3.001174206E7,"intepaya":null,"divipaya":null,"otherfeepaya":null,"margrequ":null,"intelpay":null,"otherpay":5.111051436E7,"accrexpe":null,"expecurrliab":null,"copewithreinrece":null,"inteticksett":null,"dometicksett":null,"defereve":null,"shorttermbdspaya":null,"duenoncliab":null,"othercurreliabi":null,"currliabitse":null,"currliabform":null,"totalcurrliab":2.43624435E8,"longborr":null,"bdspaya":null,"longpaya":null,"specpaya":null,"expenoncliab":null,"longdefeinco":2950767.4,"defeincotaxliab":null,"othernoncliabi":null,"longliabitse":null,"longliabform":null,"totalnoncliab":2950767.4,"totliabitse":null,"totliabform":null,"totliab":2.465752024E8,"paidincapi":6.45872102E8,"capisurp":6.677332527E7,"treastk":3.535005404E7,"specrese":null,"rese":8.004189039E7,"generiskrese":null,"unreinveloss":null,"undiprof":3.9371613552E8,"topaycashdivi":null,"curtrandiff":null,"sharrighitse":null,"sharrightform":null,"paresharrigh":1.15105339914E9,"minysharrigh":null,"righaggritse":null,"rightaggrform":null,"righaggr":1.15105339914E9,"rightotitse":null,"rightotform":null,"totliabsharequi":1.39762860154E9,"settresedepo":null,"plac":null,"derifinaasset":null,"reinrece":null,"reincontrese":null,"purcresaasset":null,"cenbankborr":null,"deposit":null,"fdsborr":null,"deriliab":null,"sellrepasse":null,"copepoun":null,"insucontrese":null,"actitradsecu":null,"actiundesecu":null},{"compcode":"80195268","publishdate":"20161021","reportdate":"20160930","reporttype":"100111","adjustdate":"20161021","accstacode":"2","accstaname":"新会计准则","curfds":3.640121211E8,"tradfinasset":null,"notesrece":832337.0,"accorece":1.416572454E7,"prep":3100952.19,"premrece":null,"interece":null,"dividrece":null,"otherrece":5011093.59,"expotaxrebarece":null,"subsrece":null,"margrece":null,"intelrece":null,"inve":4.591087474E7,"prepexpe":null,"unseg":null,"expinoncurrasset":null,"othercurrasse":4.0E8,"currassetitse":null,"currasseform":null,"totcurrasset":8.3303310316E8,"lendandloan":null,"avaisellasse":null,"holdinvedue":null,"longrece":null,"equiinve":null,"otherlonginve":null,"inveprop":null,"fixedasseimmo":null,"accudepr":null,"fixedassenetw":null,"fixedasseimpa":null,"fixedassenet":3.2838331382E8,"consprog":2.275124586E7,"engimate":null,"fixedasseclea":null,"prodasse":null,"comasse":null,"hydrasset":null,"intaasset":6.098585664E7,"deveexpe":null,"goodwill":null,"logprepexpe":600037.71,"tradshartrad":null,"defetaxasset":350801.21,"othernoncasse":null,"noncasseitse":null,"noncasseform":null,"totalnoncassets":4.1307125524E8,"totassetitse":null,"totalasseform":null,"totasset":1.2461043584E9,"shorttermborr":null,"tradfinliab":null,"notespaya":2.388275E7,"accopaya":5.639357427E7,"advapaym":4.579781946E7,"copeworkersal":1.379894828E7,"taxespaya":1.907401879E7,"intepaya":null,"divipaya":null,"otherfeepaya":null,"margrequ":null,"intelpay":null,"otherpay":1.778932386E7,"accrexpe":null,"expecurrliab":null,"copewithreinrece":null,"inteticksett":null,"dometicksett":null,"defereve":null,"shorttermbdspaya":null,"duenoncliab":null,"othercurreliabi":null,"currliabitse":null,"currliabform":null,"totalcurrliab":1.7673643466E8,"longborr":null,"bdspaya":null,"longpaya":null,"specpaya":null,"expenoncliab":null,"longdefeinco":2994374.8,"defeincotaxliab":null,"othernoncliabi":null,"longliabitse":null,"longliabform":null,"totalnoncliab":2994374.8,"totliabitse":null,"totliabform":null,"totliab":1.7973080946E8,"paidincapi":6.4E8,"capisurp":3.237014767E7,"treastk":null,"specrese":null,"rese":5.791351089E7,"generiskrese":null,"unreinveloss":null,"undiprof":3.3608989038E8,"topaycashdivi":null,"curtrandiff":null,"sharrighitse":null,"sharrightform":null,"paresharrigh":1.06637354894E9,"minysharrigh":null,"righaggritse":null,"rightaggrform":null,"righaggr":1.06637354894E9,"rightotitse":null,"rightotform":null,"totliabsharequi":1.2461043584E9,"settresedepo":null,"plac":null,"derifinaasset":null,"reinrece":null,"reincontrese":null,"purcresaasset":null,"cenbankborr":null,"deposit":null,"fdsborr":null,"deriliab":null,"sellrepasse":null,"copepoun":null,"insucontrese":null,"actitradsecu":null,"actiundesecu":null},{"compcode":"80195268","publishdate":"20160818","reportdate":"20160630","reporttype":"100111","adjustdate":"20160818","accstacode":"2","accstaname":"新会计准则","curfds":4.9150630918E8,"tradfinasset":null,"notesrece":200000.0,"accorece":1.422968468E7,"prep":3506008.26,"premrece":null,"interece":null,"dividrece":null,"otherrece":3834494.03,"expotaxrebarece":null,"subsrece":null,"margrece":null,"intelrece":null,"inve":3.380187403E7,"prepexpe":null,"unseg":null,"expinoncurrasset":null,"othercurrasse":2.0E8,"currassetitse":null,"currasseform":null,"totcurrasset":7.4707837018E8,"lendandloan":null,"avaisellasse":null,"holdinvedue":null,"longrece":null,"equiinve":null,"otherlonginve":null,"inveprop":null,"fixedasseimmo":4.7774188103E8,"accudepr":1.4052873799E8,"fixedassenetw":3.3721314304E8,"fixedasseimpa":null,"fixedassenet":3.3721314304E8,"consprog":1.639512215E7,"engimate":null,"fixedasseclea":null,"prodasse":null,"comasse":null,"hydrasset":null,"intaasset":6.134753335E7,"deveexpe":null,"goodwill":null,"logprepexpe":379199.61,"tradshartrad":null,"defetaxasset":318747.44,"othernoncasse":null,"noncasseitse":null,"noncasseform":null,"totalnoncassets":4.1565374559E8,"totassetitse":null,"totalasseform":null,"totasset":1.16273211577E9,"shorttermborr":null,"tradfinliab":null,"notespaya":1.698443E7,"accopaya":4.533717602E7,"advapaym":4.417595637E7,"copeworkersal":9229300.28,"taxespaya":1.684384228E7,"intepaya":null,"divipaya":null,"otherfeepaya":null,"margrequ":null,"intelpay":null,"otherpay":1.799698913E7,"accrexpe":null,"expecurrliab":null,"copewithreinrece":null,"inteticksett":null,"dometicksett":null,"defereve":null,"shorttermbdspaya":null,"duenoncliab":null,"othercurreliabi":null,"currliabitse":null,"currliabform":null,"totalcurrliab":1.5056769408E8,"longborr":null,"bdspaya":null,"longpaya":null,"specpaya":null,"expenoncliab":null,"longdefeinco":3037982.2,"defeincotaxliab":null,"othernoncliabi":null,"longliabitse":null,"longliabform":null,"totalnoncliab":3037982.2,"totliabitse":null,"totliabform":null,"totliab":1.5360567628E8,"paidincapi":6.4E8,"capisurp":3.237014767E7,"treastk":null,"specrese":null,"rese":5.791351089E7,"generiskrese":null,"unreinveloss":null,"undiprof":2.7884278093E8,"topaycashdivi":null,"curtrandiff":null,"sharrighitse":null,"sharrightform":null,"paresharrigh":1.00912643949E9,"minysharrigh":null,"righaggritse":null,"rightaggrform":null,"righaggr":1.00912643949E9,"rightotitse":null,"rightotform":null,"totliabsharequi":1.16273211577E9,"settresedepo":null,"plac":null,"derifinaasset":null,"reinrece":null,"reincontrese":null,"purcresaasset":null,"cenbankborr":null,"deposit":null,"fdsborr":null,"deriliab":null,"sellrepasse":null,"copepoun":null,"insucontrese":null,"actitradsecu":null,"actiundesecu":null},{"compcode":"80195268","publishdate":"20160418","reportdate":"20160331","reporttype":"100111","adjustdate":"20160418","accstacode":"2","accstaname":"新会计准则","curfds":1.9055603206E8,"tradfinasset":null,"notesrece":800000.0,"accorece":1.672028466E7,"prep":1.073354173E7,"premrece":null,"interece":null,"dividrece":null,"otherrece":2595642.38,"expotaxrebarece":null,"subsrece":null,"margrece":null,"intelrece":null,"inve":3.738062069E7,"prepexpe":null,"unseg":null,"expinoncurrasset":null,"othercurrasse":5.08E8,"currassetitse":null,"currasseform":null,"totcurrasset":7.6678612152E8,"lendandloan":null,"avaisellasse":null,"holdinvedue":null,"longrece":null,"equiinve":null,"otherlonginve":null,"inveprop":null,"fixedasseimmo":null,"accudepr":null,"fixedassenetw":null,"fixedasseimpa":null,"fixedassenet":3.4761891546E8,"consprog":1.316464751E7,"engimate":null,"fixedasseclea":null,"prodasse":null,"comasse":null,"hydrasset":null,"intaasset":6.188485847E7,"deveexpe":null,"goodwill":null,"logprepexpe":583902.27,"tradshartrad":null,"defetaxasset":329576.22,"othernoncasse":null,"noncasseitse":null,"noncasseform":null,"totalnoncassets":4.2358189993E8,"totassetitse":null,"totalasseform":null,"totasset":1.19036802145E9,"shorttermborr":null,"tradfinliab":null,"notespaya":1.713168E7,"accopaya":4.350600191E7,"advapaym":1.739754152E7,"copeworkersal":3417162.53,"taxespaya":1.537054204E7,"intepaya":null,"divipaya":null,"otherfeepaya":null,"margrequ":null,"intelpay":null,"otherpay":1.837182846E7,"accrexpe":null,"expecurrliab":null,"copewithreinrece":null,"inteticksett":null,"dometicksett":null,"defereve":null,"shorttermbdspaya":null,"duenoncliab":null,"othercurreliabi":null,"currliabitse":null,"currliabform":null,"totalcurrliab":1.1519475646E8,"longborr":null,"bdspaya":null,"longpaya":null,"specpaya":null,"expenoncliab":null,"longdefeinco":3081589.6,"defeincotaxliab":null,"othernoncliabi":null,"longliabitse":null,"longliabform":null,"totalnoncliab":3081589.6,"totliabitse":null,"totliabform":null,"totliab":1.1827634606E8,"paidincapi":4.0E8,"capisurp":2.7237014767E8,"treastk":null,"specrese":null,"rese":5.791351089E7,"generiskrese":null,"unreinveloss":null,"undiprof":3.4180801683E8,"topaycashdivi":null,"curtrandiff":null,"sharrighitse":null,"sharrightform":null,"paresharrigh":1.07209167539E9,"minysharrigh":null,"righaggritse":null,"rightaggrform":null,"righaggr":1.07209167539E9,"rightotitse":null,"rightotform":null,"totliabsharequi":1.19036802145E9,"settresedepo":null,"plac":null,"derifinaasset":null,"reinrece":null,"reincontrese":null,"purcresaasset":null,"cenbankborr":null,"deposit":null,"fdsborr":null,"deriliab":null,"sellrepasse":null,"copepoun":null,"insucontrese":null,"actitradsecu":null,"actiundesecu":null},{"compcode":"80195268","publishdate":"20160418","reportdate":"20151231","reporttype":"100111","adjustdate":"20160418","accstacode":"2","accstaname":"新会计准则","curfds":3.718173117E8,"tradfinasset":null,"notesrece":800000.0,"accorece":4792615.3,"prep":3903898.92,"premrece":null,"interece":null,"dividrece":null,"otherrece":1737263.61,"expotaxrebarece":null,"subsrece":null,"margrece":null,"intelrece":null,"inve":4.06787649E7,"prepexpe":null,"unseg":null,"expinoncurrasset":null,"othercurrasse":3.7E8,"currassetitse":null,"currasseform":null,"totcurrasset":7.9372985443E8,"lendandloan":null,"avaisellasse":null,"holdinvedue":null,"longrece":null,"equiinve":null,"otherlonginve":null,"inveprop":null,"fixedasseimmo":4.8142520187E8,"accudepr":1.2996242777E8,"fixedassenetw":3.514627741E8,"fixedasseimpa":null,"fixedassenet":3.514627741E8,"consprog":2623593.16,"engimate":null,"fixedasseclea":null,"prodasse":null,"comasse":null,"hydrasset":null,"intaasset":6.248170439E7,"deveexpe":null,"goodwill":null,"logprepexpe":899229.26,"tradshartrad":null,"defetaxasset":690704.33,"othernoncasse":null,"noncasseitse":null,"noncasseform":null,"totalnoncassets":4.1815800524E8,"totassetitse":null,"totalasseform":null,"totasset":1.21188785967E9,"shorttermborr":null,"tradfinliab":null,"notespaya":2.104E7,"accopaya":5.714376465E7,"advapaym":2.649220429E7,"copeworkersal":1.182183559E7,"taxespaya":3.107922486E7,"intepaya":null,"divipaya":null,"otherfeepaya":null,"margrequ":null,"intelpay":null,"otherpay":1.771357488E7,"accrexpe":null,"expecurrliab":null,"copewithreinrece":null,"inteticksett":null,"dometicksett":null,"defereve":null,"shorttermbdspaya":null,"duenoncliab":null,"othercurreliabi":null,"currliabitse":null,"currliabform":null,"totalcurrliab":1.6529060427E8,"longborr":null,"bdspaya":null,"longpaya":null,"specpaya":null,"expenoncliab":null,"longdefeinco":3125197.0,"defeincotaxliab":null,"othernoncliabi":null,"longliabitse":null,"longliabform":null,"totalnoncliab":3125197.0,"totliabitse":null,"totliabform":null,"totliab":1.6841580127E8,"paidincapi":4.0E8,"capisurp":2.7237014767E8,"treastk":null,"specrese":null,"rese":5.791351089E7,"generiskrese":null,"unreinveloss":null,"undiprof":3.1318839984E8,"topaycashdivi":null,"curtrandiff":null,"sharrighitse":null,"sharrightform":null,"paresharrigh":1.0434720584E9,"minysharrigh":null,"righaggritse":null,"rightaggrform":null,"righaggr":1.0434720584E9,"rightotitse":null,"rightotform":null,"totliabsharequi":1.21188785967E9,"settresedepo":null,"plac":null,"derifinaasset":null,"reinrece":null,"reincontrese":null,"purcresaasset":null,"cenbankborr":null,"deposit":null,"fdsborr":null,"deriliab":null,"sellrepasse":null,"copepoun":null,"insucontrese":null,"actitradsecu":null,"actiundesecu":null},{"compcode":"80195268","publishdate":"20151020","reportdate":"20150930","reporttype":"100111","adjustdate":"20151020","accstacode":"2","accstaname":"新会计准则","curfds":1.6561658654E8,"tradfinasset":null,"notesrece":1000000.0,"accorece":1.596282789E7,"prep":1.224139934E7,"premrece":null,"interece":null,"dividrece":null,"otherrece":696816.29,"expotaxrebarece":null,"subsrece":null,"margrece":null,"intelrece":null,"inve":4.806882978E7,"prepexpe":null,"unseg":null,"expinoncurrasset":null,"othercurrasse":4.763306E8,"currassetitse":null,"currasseform":null,"totcurrasset":7.1991705984E8,"lendandloan":null,"avaisellasse":null,"holdinvedue":null,"longrece":null,"equiinve":null,"otherlonginve":null,"inveprop":null,"fixedasseimmo":null,"accudepr":null,"fixedassenetw":null,"fixedasseimpa":null,"fixedassenet":1.8113836505E8,"consprog":1.4812338376E8,"engimate":null,"fixedasseclea":null,"prodasse":null,"comasse":null,"hydrasset":null,"intaasset":6.285678269E7,"deveexpe":null,"goodwill":null,"logprepexpe":1454894.7,"tradshartrad":null,"defetaxasset":483609.26,"othernoncasse":null,"noncasseitse":null,"noncasseform":null,"totalnoncassets":3.9405703546E8,"totassetitse":null,"totalasseform":null,"totasset":1.1139740953E9,"shorttermborr":null,"tradfinliab":null,"notespaya":2.12048805E7,"accopaya":3.760221696E7,"advapaym":3.134959174E7,"copeworkersal":7977565.43,"taxespaya":1.579739722E7,"intepaya":null,"divipaya":null,"otherfeepaya":null,"margrequ":null,"intelpay":null,"otherpay":1.737000966E7,"accrexpe":null,"expecurrliab":null,"copewithreinrece":null,"inteticksett":null,"dometicksett":null,"defereve":null,"shorttermbdspaya":null,"duenoncliab":null,"othercurreliabi":null,"currliabitse":null,"currliabform":null,"totalcurrliab":1.3130166151E8,"longborr":null,"bdspaya":null,"longpaya":null,"specpaya":null,"expenoncliab":null,"longdefeinco":null,"defeincotaxliab":null,"othernoncliabi":3168804.4,"longliabitse":null,"longliabform":null,"totalnoncliab":3168804.4,"totliabitse":null,"totliabform":null,"totliab":1.3447046591E8,"paidincapi":4.0E8,"capisurp":2.7237014767E8,"treastk":null,"specrese":null,"rese":4.22753071E7,"generiskrese":null,"unreinveloss":null,"undiprof":2.6485817462E8,"topaycashdivi":null,"curtrandiff":null,"sharrighitse":null,"sharrightform":null,"paresharrigh":9.7950362939E8,"minysharrigh":null,"righaggritse":null,"rightaggrform":null,"righaggr":9.7950362939E8,"rightotitse":null,"rightotform":null,"totliabsharequi":1.1139740953E9,"settresedepo":null,"plac":null,"derifinaasset":null,"reinrece":null,"reincontrese":null,"purcresaasset":null,"cenbankborr":null,"deposit":null,"fdsborr":null,"deriliab":null,"sellrepasse":null,"copepoun":null,"insucontrese":null,"actitradsecu":null,"actiundesecu":null},{"compcode":"80195268","publishdate":"20150820","reportdate":"20150630","reporttype":"100111","adjustdate":"20150820","accstacode":"2","accstaname":"新会计准则","curfds":4.485294715E8,"tradfinasset":null,"notesrece":250000.0,"accorece":1.97382788E7,"prep":5534936.44,"premrece":null,"interece":null,"dividrece":null,"otherrece":661627.64,"expotaxrebarece":null,"subsrece":null,"margrece":null,"intelrece":null,"inve":3.993232448E7,"prepexpe":null,"unseg":null,"expinoncurrasset":null,"othercurrasse":1.563306E8,"currassetitse":null,"currasseform":null,"totcurrasset":6.7097723886E8,"lendandloan":null,"avaisellasse":null,"holdinvedue":null,"longrece":null,"equiinve":null,"otherlonginve":null,"inveprop":null,"fixedasseimmo":3.088419556E8,"accudepr":1.2258582764E8,"fixedassenetw":1.8625612796E8,"fixedasseimpa":null,"fixedassenet":1.8625612796E8,"consprog":1.364033468E8,"engimate":null,"fixedasseclea":null,"prodasse":null,"comasse":null,"hydrasset":null,"intaasset":6.307669078E7,"deveexpe":null,"goodwill":null,"logprepexpe":1714060.04,"tradshartrad":null,"defetaxasset":386971.12,"othernoncasse":null,"noncasseitse":null,"noncasseform":null,"totalnoncassets":3.878371967E8,"totassetitse":null,"totalasseform":null,"totasset":1.05881443556E9,"shorttermborr":null,"tradfinliab":null,"notespaya":1.82648805E7,"accopaya":3.005186157E7,"advapaym":2.076301123E7,"copeworkersal":5902448.41,"taxespaya":1.551945307E7,"intepaya":null,"divipaya":null,"otherfeepaya":null,"margrequ":null,"intelpay":null,"otherpay":2.314820556E7,"accrexpe":null,"expecurrliab":null,"copewithreinrece":null,"inteticksett":null,"dometicksett":null,"defereve":null,"shorttermbdspaya":null,"duenoncliab":null,"othercurreliabi":null,"currliabitse":null,"currliabform":null,"totalcurrliab":1.1364986034E8,"longborr":null,"bdspaya":null,"longpaya":null,"specpaya":null,"expenoncliab":null,"longdefeinco":3212411.8,"defeincotaxliab":null,"othernoncliabi":null,"longliabitse":null,"longliabform":null,"totalnoncliab":3212411.8,"totliabitse":null,"totliabform":null,"totliab":1.1686227214E8,"paidincapi":4.0E8,"capisurp":2.7237014767E8,"treastk":null,"specrese":null,"rese":4.22753071E7,"generiskrese":null,"unreinveloss":null,"undiprof":2.2730670865E8,"topaycashdivi":null,"curtrandiff":null,"sharrighitse":null,"sharrightform":null,"paresharrigh":9.4195216342E8,"minysharrigh":null,"righaggritse":null,"rightaggrform":null,"righaggr":9.4195216342E8,"rightotitse":null,"rightotform":null,"totliabsharequi":1.05881443556E9,"settresedepo":null,"plac":null,"derifinaasset":null,"reinrece":null,"reincontrese":null,"purcresaasset":null,"cenbankborr":null,"deposit":null,"fdsborr":null,"deriliab":null,"sellrepasse":null,"copepoun":null,"insucontrese":null,"actitradsecu":null,"actiundesecu":null},{"compcode":"80195268","publishdate":"20150424","reportdate":"20150331","reporttype":"100111","adjustdate":"20150424","accstacode":"2","accstaname":"新会计准则","curfds":3.6425580376E8,"tradfinasset":null,"notesrece":210000.0,"accorece":3.798111017E7,"prep":5269541.57,"premrece":null,"interece":null,"dividrece":null,"otherrece":609144.54,"expotaxrebarece":null,"subsrece":null,"margrece":null,"intelrece":null,"inve":3.808349865E7,"prepexpe":null,"unseg":null,"expinoncurrasset":null,"othercurrasse":2.82E8,"currassetitse":null,"currasseform":null,"totcurrasset":7.2840909869E8,"lendandloan":null,"avaisellasse":null,"holdinvedue":null,"longrece":null,"equiinve":null,"otherlonginve":null,"inveprop":null,"fixedasseimmo":null,"accudepr":null,"fixedassenetw":null,"fixedasseimpa":null,"fixedassenet":1.9072287603E8,"consprog":1.3385180791E8,"engimate":null,"fixedasseclea":null,"prodasse":null,"comasse":null,"hydrasset":null,"intaasset":6.353939087E7,"deveexpe":null,"goodwill":null,"logprepexpe":2151614.21,"tradshartrad":null,"defetaxasset":912280.39,"othernoncasse":null,"noncasseitse":null,"noncasseform":null,"totalnoncassets":3.9117796941E8,"totassetitse":null,"totalasseform":null,"totasset":1.1195870681E9,"shorttermborr":null,"tradfinliab":null,"notespaya":1.8264933E7,"accopaya":3.145414713E7,"advapaym":1.295759305E7,"copeworkersal":3368536.59,"taxespaya":1.453276481E7,"intepaya":null,"divipaya":null,"otherfeepaya":null,"margrequ":null,"intelpay":null,"otherpay":2.246910083E7,"accrexpe":null,"expecurrliab":null,"copewithreinrece":null,"inteticksett":null,"dometicksett":null,"defereve":null,"shorttermbdspaya":null,"duenoncliab":null,"othercurreliabi":null,"currliabitse":null,"currliabform":null,"totalcurrliab":1.0304707541E8,"longborr":null,"bdspaya":null,"longpaya":null,"specpaya":null,"expenoncliab":null,"longdefeinco":null,"defeincotaxliab":null,"othernoncliabi":3299626.6,"longliabitse":null,"longliabform":null,"totalnoncliab":3299626.6,"totliabitse":null,"totliabform":null,"totliab":1.0634670201E8,"paidincapi":2.0E8,"capisurp":4.7237014767E8,"treastk":null,"specrese":null,"rese":4.22753071E7,"generiskrese":null,"unreinveloss":null,"undiprof":2.9859491132E8,"topaycashdivi":null,"curtrandiff":null,"sharrighitse":null,"sharrightform":null,"paresharrigh":1.01324036609E9,"minysharrigh":null,"righaggritse":null,"rightaggrform":null,"righaggr":1.01324036609E9,"rightotitse":null,"rightotform":null,"totliabsharequi":1.1195870681E9,"settresedepo":null,"plac":null,"derifinaasset":null,"reinrece":null,"reincontrese":null,"purcresaasset":null,"cenbankborr":null,"deposit":null,"fdsborr":null,"deriliab":null,"sellrepasse":null,"copepoun":null,"insucontrese":null,"actitradsecu":null,"actiundesecu":null},{"compcode":"80195268","publishdate":"20150326","reportdate":"20141231","reporttype":"100111","adjustdate":"20150326","accstacode":"2","accstaname":"新会计准则","curfds":3.6791912888E8,"tradfinasset":null,"notesrece":910000.0,"accorece":6248173.28,"prep":732755.68,"premrece":null,"interece":null,"dividrece":null,"otherrece":360736.6,"expotaxrebarece":null,"subsrece":null,"margrece":null,"intelrece":null,"inve":3.079410276E7,"prepexpe":null,"unseg":null,"expinoncurrasset":null,"othercurrasse":3.35E8,"currassetitse":null,"currasseform":null,"totcurrasset":7.419648972E8,"lendandloan":null,"avaisellasse":null,"holdinvedue":null,"longrece":null,"equiinve":null,"otherlonginve":null,"inveprop":null,"fixedasseimmo":3.1100163566E8,"accudepr":1.137814053E8,"fixedassenetw":1.9722023036E8,"fixedasseimpa":null,"fixedassenet":1.9722023036E8,"consprog":1.2590772982E8,"engimate":null,"fixedasseclea":null,"prodasse":null,"comasse":null,"hydrasset":null,"intaasset":6.320535986E7,"deveexpe":null,"goodwill":null,"logprepexpe":2589168.38,"tradshartrad":null,"defetaxasset":284590.87,"othernoncasse":null,"noncasseitse":null,"noncasseform":null,"totalnoncassets":3.8920707929E8,"totassetitse":null,"totalasseform":null,"totasset":1.13117197649E9,"shorttermborr":null,"tradfinliab":null,"notespaya":2.3314933E7,"accopaya":4.255096465E7,"advapaym":1.493911997E7,"copeworkersal":1.254342859E7,"taxespaya":2.388816583E7,"intepaya":null,"divipaya":null,"otherfeepaya":null,"margrequ":null,"intelpay":null,"otherpay":2.280485816E7,"accrexpe":null,"expecurrliab":null,"copewithreinrece":null,"inteticksett":null,"dometicksett":null,"defereve":null,"shorttermbdspaya":null,"duenoncliab":null,"othercurreliabi":null,"currliabitse":null,"currliabform":null,"totalcurrliab":1.400414702E8,"longborr":null,"bdspaya":null,"longpaya":null,"specpaya":null,"expenoncliab":null,"longdefeinco":3299626.6,"defeincotaxliab":null,"othernoncliabi":null,"longliabitse":null,"longliabform":null,"totalnoncliab":3299626.6,"totliabitse":null,"totliabform":null,"totliab":1.433410968E8,"paidincapi":2.0E8,"capisurp":4.7237014767E8,"treastk":null,"specrese":null,"rese":4.22753071E7,"generiskrese":null,"unreinveloss":null,"undiprof":2.7318542492E8,"topaycashdivi":null,"curtrandiff":null,"sharrighitse":null,"sharrightform":null,"paresharrigh":9.8783087969E8,"minysharrigh":null,"righaggritse":null,"rightaggrform":null,"righaggr":9.8783087969E8,"rightotitse":null,"rightotform":null,"totliabsharequi":1.13117197649E9,"settresedepo":null,"plac":null,"derifinaasset":null,"reinrece":null,"reincontrese":null,"purcresaasset":null,"cenbankborr":null,"deposit":null,"fdsborr":null,"deriliab":null,"sellrepasse":null,"copepoun":null,"insucontrese":null,"actitradsecu":null,"actiundesecu":null},{"compcode":"80195268","publishdate":"20141024","reportdate":"20140930","reporttype":"100111","adjustdate":"20141024","accstacode":"2","accstaname":"新会计准则","curfds":2.5287183266E8,"tradfinasset":null,"notesrece":1300000.0,"accorece":1.711056385E7,"prep":4268054.45,"premrece":null,"interece":null,"dividrece":null,"otherrece":597444.81,"expotaxrebarece":null,"subsrece":null,"margrece":null,"intelrece":null,"inve":4.407925373E7,"prepexpe":null,"unseg":null,"expinoncurrasset":null,"othercurrasse":3.5E8,"currassetitse":null,"currasseform":null,"totcurrasset":6.702271495E8,"lendandloan":null,"avaisellasse":null,"holdinvedue":3.0E7,"longrece":null,"equiinve":null,"otherlonginve":null,"inveprop":null,"fixedasseimmo":null,"accudepr":null,"fixedassenetw":null,"fixedasseimpa":null,"fixedassenet":1.8870726967E8,"consprog":1.2277561078E8,"engimate":null,"fixedasseclea":null,"prodasse":null,"comasse":null,"hydrasset":null,"intaasset":6.218021784E7,"deveexpe":null,"goodwill":null,"logprepexpe":2975333.67,"tradshartrad":null,"defetaxasset":480620.8,"othernoncasse":null,"noncasseitse":null,"noncasseform":null,"totalnoncassets":4.0711905276E8,"totassetitse":null,"totalasseform":null,"totasset":1.07734620226E9,"shorttermborr":null,"tradfinliab":null,"notespaya":2.184E7,"accopaya":3.850064882E7,"advapaym":2.939094625E7,"copeworkersal":9762942.8,"taxespaya":1.832215793E7,"intepaya":null,"divipaya":null,"otherfeepaya":null,"margrequ":null,"intelpay":null,"otherpay":2.369624522E7,"accrexpe":null,"expecurrliab":null,"copewithreinrece":null,"inteticksett":null,"dometicksett":null,"defereve":null,"shorttermbdspaya":null,"duenoncliab":null,"othercurreliabi":null,"currliabitse":null,"currliabform":null,"totalcurrliab":1.4151294102E8,"longborr":null,"bdspaya":null,"longpaya":null,"specpaya":null,"expenoncliab":null,"longdefeinco":null,"defeincotaxliab":null,"othernoncliabi":3343234.0,"longliabitse":null,"longliabform":null,"totalnoncliab":3343234.0,"totliabitse":null,"totliabform":null,"totliab":1.4485617502E8,"paidincapi":2.0E8,"capisurp":4.7237014767E8,"treastk":null,"specrese":null,"rese":2.638983472E7,"generiskrese":null,"unreinveloss":null,"undiprof":2.3373004485E8,"topaycashdivi":null,"curtrandiff":null,"sharrighitse":null,"sharrightform":null,"paresharrigh":9.3249002724E8,"minysharrigh":null,"righaggritse":null,"rightaggrform":null,"righaggr":9.3249002724E8,"rightotitse":null,"rightotform":null,"totliabsharequi":1.07734620226E9,"settresedepo":null,"plac":null,"derifinaasset":null,"reinrece":null,"reincontrese":null,"purcresaasset":null,"cenbankborr":null,"deposit":null,"fdsborr":null,"deriliab":null,"sellrepasse":null,"copepoun":null,"insucontrese":null,"actitradsecu":null,"actiundesecu":null},{"compcode":"80195268","publishdate":"20140826","reportdate":"20140630","reporttype":"100111","adjustdate":"20140826","accstacode":"2","accstaname":"新会计准则","curfds":1.5003998083E8,"tradfinasset":null,"notesrece":300000.0,"accorece":2.088486298E7,"prep":1038271.95,"premrece":null,"interece":null,"dividrece":null,"otherrece":1.2061270796E8,"expotaxrebarece":null,"subsrece":null,"margrece":null,"intelrece":null,"inve":3.629772751E7,"prepexpe":null,"unseg":null,"expinoncurrasset":null,"othercurrasse":2.35E8,"currassetitse":null,"currasseform":null,"totcurrasset":5.6417355123E8,"lendandloan":null,"avaisellasse":null,"holdinvedue":9.945E7,"longrece":null,"equiinve":null,"otherlonginve":null,"inveprop":null,"fixedasseimmo":2.901753271E8,"accudepr":1.0701419818E8,"fixedassenetw":1.8316112892E8,"fixedasseimpa":null,"fixedassenet":1.8316112892E8,"consprog":9.604770926E7,"engimate":null,"fixedasseclea":null,"prodasse":null,"comasse":null,"hydrasset":null,"intaasset":6.244252488E7,"deveexpe":null,"goodwill":null,"logprepexpe":3203165.64,"tradshartrad":null,"defetaxasset":316300.67,"othernoncasse":257500.0,"noncasseitse":null,"noncasseform":null,"totalnoncassets":4.4487832937E8,"totassetitse":null,"totalasseform":null,"totasset":1.0090518806E9,"shorttermborr":null,"tradfinliab":null,"notespaya":1.359E7,"accopaya":2.650344114E7,"advapaym":2.625278525E7,"copeworkersal":4980561.14,"taxespaya":1.392096328E7,"intepaya":null,"divipaya":null,"otherfeepaya":null,"margrequ":null,"intelpay":null,"otherpay":2.21665598E7,"accrexpe":null,"expecurrliab":null,"copewithreinrece":null,"inteticksett":null,"dometicksett":null,"defereve":null,"shorttermbdspaya":null,"duenoncliab":null,"othercurreliabi":null,"currliabitse":null,"currliabform":null,"totalcurrliab":1.0741431061E8,"longborr":null,"bdspaya":null,"longpaya":null,"specpaya":null,"expenoncliab":null,"longdefeinco":null,"defeincotaxliab":null,"othernoncliabi":3386841.4,"longliabitse":null,"longliabform":null,"totalnoncliab":3386841.4,"totliabitse":null,"totliabform":null,"totliab":1.1080115201E8,"paidincapi":2.0E8,"capisurp":4.7237014767E8,"treastk":null,"specrese":null,"rese":2.638983472E7,"generiskrese":null,"unreinveloss":null,"undiprof":1.994907462E8,"topaycashdivi":null,"curtrandiff":null,"sharrighitse":null,"sharrightform":null,"paresharrigh":8.9825072859E8,"minysharrigh":null,"righaggritse":null,"rightaggrform":null,"righaggr":8.9825072859E8,"rightotitse":null,"rightotform":null,"totliabsharequi":1.0090518806E9,"settresedepo":null,"plac":null,"derifinaasset":null,"reinrece":null,"reincontrese":null,"purcresaasset":null,"cenbankborr":null,"deposit":null,"fdsborr":null,"deriliab":null,"sellrepasse":null,"copepoun":null,"insucontrese":null,"actitradsecu":null,"actiundesecu":null},{"compcode":"80195268","publishdate":"20140424","reportdate":"20140331","reporttype":"100111","adjustdate":"20140424","accstacode":"2","accstaname":"新会计准则","curfds":1.4483285624E8,"tradfinasset":null,"notesrece":100000.0,"accorece":2.247802035E7,"prep":1812110.37,"premrece":null,"interece":null,"dividrece":null,"otherrece":1.2041427889E8,"expotaxrebarece":null,"subsrece":null,"margrece":null,"intelrece":null,"inve":3.356886213E7,"prepexpe":null,"unseg":null,"expinoncurrasset":null,"othercurrasse":2.85E8,"currassetitse":null,"currasseform":null,"totcurrasset":6.0820612798E8,"lendandloan":null,"avaisellasse":null,"holdinvedue":9.945E7,"longrece":null,"equiinve":null,"otherlonginve":null,"inveprop":null,"fixedasseimmo":null,"accudepr":null,"fixedassenetw":null,"fixedasseimpa":null,"fixedassenet":1.8971202436E8,"consprog":9.059624369E7,"engimate":null,"fixedasseclea":null,"prodasse":null,"comasse":null,"hydrasset":null,"intaasset":6.298965384E7,"deveexpe":null,"goodwill":null,"logprepexpe":3619886.49,"tradshartrad":null,"defetaxasset":444047.33,"othernoncasse":null,"noncasseitse":null,"noncasseform":null,"totalnoncassets":4.4681185571E8,"totassetitse":null,"totalasseform":null,"totasset":1.05501798369E9,"shorttermborr":null,"tradfinliab":null,"notespaya":1.695829491E7,"accopaya":3.026992957E7,"advapaym":1.537498895E7,"copeworkersal":2847582.86,"taxespaya":2.159524231E7,"intepaya":null,"divipaya":null,"otherfeepaya":null,"margrequ":null,"intelpay":null,"otherpay":2.168131258E7,"accrexpe":null,"expecurrliab":null,"copewithreinrece":null,"inteticksett":null,"dometicksett":null,"defereve":null,"shorttermbdspaya":null,"duenoncliab":null,"othercurreliabi":null,"currliabitse":null,"currliabform":null,"totalcurrliab":1.0872735118E8,"longborr":null,"bdspaya":null,"longpaya":null,"specpaya":null,"expenoncliab":null,"longdefeinco":null,"defeincotaxliab":null,"othernoncliabi":3474056.2,"longliabitse":null,"longliabform":null,"totalnoncliab":3474056.2,"totliabitse":null,"totliabform":null,"totliab":1.1220140738E8,"paidincapi":2.0E8,"capisurp":4.7237014767E8,"treastk":null,"specrese":null,"rese":2.638983472E7,"generiskrese":null,"unreinveloss":null,"undiprof":2.4405659392E8,"topaycashdivi":null,"curtrandiff":null,"sharrighitse":null,"sharrightform":null,"paresharrigh":9.4281657631E8,"minysharrigh":null,"righaggritse":null,"rightaggrform":null,"righaggr":9.4281657631E8,"rightotitse":null,"rightotform":null,"totliabsharequi":1.05501798369E9,"settresedepo":null,"plac":null,"derifinaasset":null,"reinrece":null,"reincontrese":null,"purcresaasset":null,"cenbankborr":null,"deposit":null,"fdsborr":null,"deriliab":null,"sellrepasse":null,"copepoun":null,"insucontrese":null,"actitradsecu":null,"actiundesecu":null},{"compcode":"80195268","publishdate":"20140328","reportdate":"20131231","reporttype":"100111","adjustdate":"20140328","accstacode":"2","accstaname":"新会计准则","curfds":6.436668638E7,"tradfinasset":null,"notesrece":640000.0,"accorece":2667946.54,"prep":1645197.21,"premrece":null,"interece":null,"dividrece":null,"otherrece":1.6038975819E8,"expotaxrebarece":null,"subsrece":null,"margrece":null,"intelrece":null,"inve":3.12546034E7,"prepexpe":null,"unseg":null,"expinoncurrasset":null,"othercurrasse":3.71E8,"currassetitse":null,"currasseform":null,"totcurrasset":6.3196419172E8,"lendandloan":null,"avaisellasse":null,"holdinvedue":9.945E7,"longrece":null,"equiinve":null,"otherlonginve":null,"inveprop":null,"fixedasseimmo":2.8980468808E8,"accudepr":9.428778165E7,"fixedassenetw":1.9551690643E8,"fixedasseimpa":null,"fixedassenet":1.9551690643E8,"consprog":7.870375035E7,"engimate":null,"fixedasseclea":null,"prodasse":null,"comasse":null,"hydrasset":null,"intaasset":6.351292516E7,"deveexpe":null,"goodwill":null,"logprepexpe":3564991.3,"tradshartrad":null,"defetaxasset":346232.09,"othernoncasse":null,"noncasseitse":null,"noncasseform":null,"totalnoncassets":4.4109480533E8,"totassetitse":null,"totalasseform":null,"totasset":1.07305899705E9,"shorttermborr":null,"tradfinliab":null,"notespaya":2.134829491E7,"accopaya":3.834554958E7,"advapaym":3.570456596E7,"copeworkersal":8991750.15,"taxespaya":2.497286521E7,"intepaya":null,"divipaya":null,"otherfeepaya":null,"margrequ":null,"intelpay":null,"otherpay":2.012474035E7,"accrexpe":null,"expecurrliab":null,"copewithreinrece":null,"inteticksett":null,"dometicksett":null,"defereve":null,"shorttermbdspaya":null,"duenoncliab":null,"othercurreliabi":null,"currliabitse":null,"currliabform":null,"totalcurrliab":1.4948776616E8,"longborr":null,"bdspaya":null,"longpaya":null,"specpaya":null,"expenoncliab":null,"longdefeinco":null,"defeincotaxliab":null,"othernoncliabi":3474056.2,"longliabitse":null,"longliabform":null,"totalnoncliab":3474056.2,"totliabitse":null,"totliabform":null,"totliab":1.5296182236E8,"paidincapi":2.0E8,"capisurp":4.7237014767E8,"treastk":null,"specrese":null,"rese":2.638983472E7,"generiskrese":null,"unreinveloss":null,"undiprof":2.213371923E8,"topaycashdivi":null,"curtrandiff":null,"sharrighitse":null,"sharrightform":null,"paresharrigh":9.2009717469E8,"minysharrigh":null,"righaggritse":null,"rightaggrform":null,"righaggr":9.2009717469E8,"rightotitse":null,"rightotform":null,"totliabsharequi":1.07305899705E9,"settresedepo":null,"plac":null,"derifinaasset":null,"reinrece":null,"reincontrese":null,"purcresaasset":null,"cenbankborr":null,"deposit":null,"fdsborr":null,"deriliab":null,"sellrepasse":null,"copepoun":null,"insucontrese":null,"actitradsecu":null,"actiundesecu":null},{"compcode":"80195268","publishdate":"20131023","reportdate":"20130930","reporttype":"100111","adjustdate":"20131023","accstacode":"2","accstaname":"新会计准则","curfds":9.910658416E7,"tradfinasset":2.28E8,"notesrece":148253.53,"accorece":1.532295127E7,"prep":7291276.19,"premrece":null,"interece":null,"dividrece":null,"otherrece":954376.96,"expotaxrebarece":null,"subsrece":null,"margrece":null,"intelrece":null,"inve":3.088507854E7,"prepexpe":null,"unseg":null,"expinoncurrasset":null,"othercurrasse":null,"currassetitse":null,"currasseform":null,"totcurrasset":3.8170852065E8,"lendandloan":null,"avaisellasse":null,"holdinvedue":1.0E8,"longrece":null,"equiinve":null,"otherlonginve":null,"inveprop":null,"fixedasseimmo":null,"accudepr":null,"fixedassenetw":null,"fixedasseimpa":null,"fixedassenet":1.5929727882E8,"consprog":9.115189552E7,"engimate":null,"fixedasseclea":null,"prodasse":null,"comasse":null,"hydrasset":null,"intaasset":6.392992324E7,"deveexpe":null,"goodwill":null,"logprepexpe":2927981.64,"tradshartrad":null,"defetaxasset":318289.44,"othernoncasse":2.0E8,"noncasseitse":null,"noncasseform":null,"totalnoncassets":6.1762536866E8,"totassetitse":null,"totalasseform":null,"totasset":9.9933388931E8,"shorttermborr":null,"tradfinliab":null,"notespaya":2.002744481E7,"accopaya":4.267295299E7,"advapaym":3.289345482E7,"copeworkersal":8157916.94,"taxespaya":6438749.95,"intepaya":null,"divipaya":null,"otherfeepaya":null,"margrequ":null,"intelpay":null,"otherpay":2.171522026E7,"accrexpe":null,"expecurrliab":null,"copewithreinrece":null,"inteticksett":null,"dometicksett":null,"defereve":null,"shorttermbdspaya":null,"duenoncliab":null,"othercurreliabi":null,"currliabitse":null,"currliabform":null,"totalcurrliab":1.3190573977E8,"longborr":null,"bdspaya":null,"longpaya":null,"specpaya":null,"expenoncliab":null,"longdefeinco":null,"defeincotaxliab":null,"othernoncliabi":null,"longliabitse":null,"longliabform":null,"totalnoncliab":0.0,"totliabitse":null,"totliabform":null,"totliab":1.3190573977E8,"paidincapi":2.0E8,"capisurp":4.7237014767E8,"treastk":null,"specrese":null,"rese":1.847069307E7,"generiskrese":null,"unreinveloss":null,"undiprof":1.765873088E8,"topaycashdivi":null,"curtrandiff":null,"sharrighitse":null,"sharrightform":null,"paresharrigh":8.6742814954E8,"minysharrigh":null,"righaggritse":null,"rightaggrform":null,"righaggr":8.6742814954E8,"rightotitse":null,"rightotform":null,"totliabsharequi":9.9933388931E8,"settresedepo":null,"plac":null,"derifinaasset":null,"reinrece":null,"reincontrese":null,"purcresaasset":null,"cenbankborr":null,"deposit":null,"fdsborr":null,"deriliab":null,"sellrepasse":null,"copepoun":null,"insucontrese":null,"actitradsecu":null,"actiundesecu":null},{"compcode":"80195268","publishdate":"20130815","reportdate":"20130630","reporttype":"100111","adjustdate":"20130815","accstacode":"2","accstaname":"新会计准则","curfds":8.838820595E7,"tradfinasset":2.13E8,"notesrece":1164341.63,"accorece":2.783016257E7,"prep":2937343.28,"premrece":null,"interece":null,"dividrece":null,"otherrece":2.002313096E8,"expotaxrebarece":null,"subsrece":null,"margrece":null,"intelrece":null,"inve":2.056935453E7,"prepexpe":null,"unseg":null,"expinoncurrasset":null,"othercurrasse":null,"currassetitse":null,"currasseform":null,"totcurrasset":5.5412071756E8,"lendandloan":null,"avaisellasse":null,"holdinvedue":7.8E7,"longrece":null,"equiinve":null,"otherlonginve":null,"inveprop":null,"fixedasseimmo":2.3240374309E8,"accudepr":8.275729006E7,"fixedassenetw":1.4964645303E8,"fixedasseimpa":null,"fixedassenet":1.4964645303E8,"consprog":8.453840586E7,"engimate":null,"fixedasseclea":null,"prodasse":null,"comasse":null,"hydrasset":null,"intaasset":6.435749467E7,"deveexpe":null,"goodwill":null,"logprepexpe":2532527.51,"tradshartrad":null,"defetaxasset":475426.36,"othernoncasse":null,"noncasseitse":null,"noncasseform":null,"totalnoncassets":3.7955030743E8,"totassetitse":null,"totalasseform":null,"totasset":9.3367102499E8,"shorttermborr":null,"tradfinliab":null,"notespaya":1.728744481E7,"accopaya":1.825926713E7,"advapaym":9431748.39,"copeworkersal":3651097.35,"taxespaya":1.18507532E7,"intepaya":null,"divipaya":null,"otherfeepaya":null,"margrequ":null,"intelpay":null,"otherpay":2.004805764E7,"accrexpe":null,"expecurrliab":null,"copewithreinrece":null,"inteticksett":null,"dometicksett":null,"defereve":null,"shorttermbdspaya":null,"duenoncliab":null,"othercurreliabi":null,"currliabitse":null,"currliabform":null,"totalcurrliab":8.052836852E7,"longborr":null,"bdspaya":null,"longpaya":null,"specpaya":null,"expenoncliab":null,"longdefeinco":null,"defeincotaxliab":null,"othernoncliabi":null,"longliabitse":null,"longliabform":null,"totalnoncliab":0.0,"totliabitse":null,"totliabform":null,"totliab":8.052836852E7,"paidincapi":2.0E8,"capisurp":4.7237014767E8,"treastk":null,"specrese":null,"rese":1.847069307E7,"generiskrese":null,"unreinveloss":null,"undiprof":1.6230181573E8,"topaycashdivi":null,"curtrandiff":null,"sharrighitse":null,"sharrightform":null,"paresharrigh":8.5314265647E8,"minysharrigh":null,"righaggritse":null,"rightaggrform":null,"righaggr":8.5314265647E8,"rightotitse":null,"rightotform":null,"totliabsharequi":9.3367102499E8,"settresedepo":null,"plac":null,"derifinaasset":null,"reinrece":null,"reincontrese":null,"purcresaasset":null,"cenbankborr":null,"deposit":null,"fdsborr":null,"deriliab":null,"sellrepasse":null,"copepoun":null,"insucontrese":null,"actitradsecu":null,"actiundesecu":null},{"compcode":"80195268","publishdate":"20130425","reportdate":"20130331","reporttype":"100111","adjustdate":"20130425","accstacode":"2","accstaname":"新会计准则","curfds":3.302648164E8,"tradfinasset":null,"notesrece":1000000.0,"accorece":2.855733886E7,"prep":7509835.24,"premrece":null,"interece":null,"dividrece":null,"otherrece":2.0018275117E8,"expotaxrebarece":null,"subsrece":null,"margrece":null,"intelrece":null,"inve":2.990935466E7,"prepexpe":null,"unseg":null,"expinoncurrasset":null,"othercurrasse":null,"currassetitse":null,"currasseform":null,"totcurrasset":5.9742409633E8,"lendandloan":null,"avaisellasse":null,"holdinvedue":7.8E7,"longrece":null,"equiinve":null,"otherlonginve":null,"inveprop":null,"fixedasseimmo":null,"accudepr":null,"fixedassenetw":null,"fixedasseimpa":null,"fixedassenet":1.5361238082E8,"consprog":6.886492739E7,"engimate":null,"fixedasseclea":null,"prodasse":null,"comasse":null,"hydrasset":null,"intaasset":6.473699164E7,"deveexpe":null,"goodwill":null,"logprepexpe":1949618.7,"tradshartrad":null,"defetaxasset":184289.05,"othernoncasse":null,"noncasseitse":null,"noncasseform":null,"totalnoncassets":3.673482076E8,"totassetitse":null,"totalasseform":null,"totasset":9.6477230393E8,"shorttermborr":null,"tradfinliab":null,"notespaya":1.678318288E7,"accopaya":2.164907272E7,"advapaym":8499805.54,"copeworkersal":2765807.71,"taxespaya":1.240692731E7,"intepaya":null,"divipaya":null,"otherfeepaya":null,"margrequ":null,"intelpay":null,"otherpay":1.986571754E7,"accrexpe":null,"expecurrliab":null,"copewithreinrece":null,"inteticksett":null,"dometicksett":null,"defereve":null,"shorttermbdspaya":null,"duenoncliab":null,"othercurreliabi":null,"currliabitse":null,"currliabform":null,"totalcurrliab":8.19705137E7,"longborr":null,"bdspaya":null,"longpaya":null,"specpaya":null,"expenoncliab":null,"longdefeinco":null,"defeincotaxliab":null,"othernoncliabi":null,"longliabitse":null,"longliabform":null,"totalnoncliab":0.0,"totliabitse":null,"totliabform":null,"totliab":8.19705137E7,"paidincapi":2.0E8,"capisurp":4.7237014767E8,"treastk":null,"specrese":null,"rese":1.847069307E7,"generiskrese":null,"unreinveloss":null,"undiprof":1.9196094949E8,"topaycashdivi":null,"curtrandiff":null,"sharrighitse":null,"sharrightform":null,"paresharrigh":8.8280179023E8,"minysharrigh":null,"righaggritse":null,"rightaggrform":null,"righaggr":8.8280179023E8,"rightotitse":null,"rightotform":null,"totliabsharequi":9.6477230393E8,"settresedepo":null,"plac":null,"derifinaasset":null,"reinrece":null,"reincontrese":null,"purcresaasset":null,"cenbankborr":null,"deposit":null,"fdsborr":null,"deriliab":null,"sellrepasse":null,"copepoun":null,"insucontrese":null,"actitradsecu":null,"actiundesecu":null},{"compcode":"80195268","publishdate":"20130425","reportdate":"20121231","reporttype":"100111","adjustdate":"20130425","accstacode":"2","accstaname":"新会计准则","curfds":6.8659490229E8,"tradfinasset":null,"notesrece":222947.18,"accorece":4509618.56,"prep":5268721.67,"premrece":null,"interece":null,"dividrece":null,"otherrece":163199.85,"expotaxrebarece":null,"subsrece":null,"margrece":null,"intelrece":null,"inve":2.962475184E7,"prepexpe":null,"unseg":null,"expinoncurrasset":null,"othercurrasse":null,"currassetitse":null,"currasseform":null,"totcurrasset":7.2638414139E8,"lendandloan":null,"avaisellasse":null,"holdinvedue":null,"longrece":null,"equiinve":null,"otherlonginve":null,"inveprop":null,"fixedasseimmo":2.201810411E8,"accudepr":7.110604695E7,"fixedassenetw":1.4907499415E8,"fixedasseimpa":null,"fixedassenet":1.4907499415E8,"consprog":6.129800142E7,"engimate":null,"fixedasseclea":null,"prodasse":null,"comasse":null,"hydrasset":null,"intaasset":6.371053437E7,"deveexpe":null,"goodwill":null,"logprepexpe":949722.24,"tradshartrad":null,"defetaxasset":248477.6,"othernoncasse":600000.0,"noncasseitse":null,"noncasseform":null,"totalnoncassets":2.7588172978E8,"totassetitse":null,"totalasseform":null,"totasset":1.00226587117E9,"shorttermborr":null,"tradfinliab":null,"notespaya":1.916546482E7,"accopaya":2.974503124E7,"advapaym":4.228057316E7,"copeworkersal":9540084.67,"taxespaya":1.99848161E7,"intepaya":null,"divipaya":null,"otherfeepaya":null,"margrequ":null,"intelpay":null,"otherpay":1.912999836E7,"accrexpe":null,"expecurrliab":null,"copewithreinrece":null,"inteticksett":null,"dometicksett":null,"defereve":null,"shorttermbdspaya":null,"duenoncliab":null,"othercurreliabi":null,"currliabitse":null,"currliabform":null,"totalcurrliab":1.3984596835E8,"longborr":null,"bdspaya":null,"longpaya":null,"specpaya":null,"expenoncliab":null,"longdefeinco":null,"defeincotaxliab":null,"othernoncliabi":null,"longliabitse":null,"longliabform":null,"totalnoncliab":0.0,"totliabitse":null,"totliabform":null,"totliab":1.3984596835E8,"paidincapi":2.0E8,"capisurp":4.7237014767E8,"treastk":null,"specrese":null,"rese":1.847069307E7,"generiskrese":null,"unreinveloss":null,"undiprof":1.7157906208E8,"topaycashdivi":null,"curtrandiff":null,"sharrighitse":null,"sharrightform":null,"paresharrigh":8.6241990282E8,"minysharrigh":null,"righaggritse":null,"rightaggrform":null,"righaggr":8.6241990282E8,"rightotitse":null,"rightotform":null,"totliabsharequi":1.00226587117E9,"settresedepo":null,"plac":null,"derifinaasset":null,"reinrece":null,"reincontrese":null,"purcresaasset":null,"cenbankborr":null,"deposit":null,"fdsborr":null,"deriliab":null,"sellrepasse":null,"copepoun":null,"insucontrese":null,"actitradsecu":null,"actiundesecu":null},{"compcode":"80195268","publishdate":"20121020","reportdate":"20120930","reporttype":"100111","adjustdate":"20121020","accstacode":"2","accstaname":"新会计准则","curfds":6.1498733706E8,"tradfinasset":null,"notesrece":656817.12,"accorece":1.09837114E7,"prep":5867487.55,"premrece":null,"interece":null,"dividrece":null,"otherrece":466040.76,"expotaxrebarece":null,"subsrece":null,"margrece":null,"intelrece":null,"inve":2.891388522E7,"prepexpe":null,"unseg":null,"expinoncurrasset":null,"othercurrasse":null,"currassetitse":null,"currasseform":null,"totcurrasset":6.6187527911E8,"lendandloan":null,"avaisellasse":null,"holdinvedue":null,"longrece":null,"equiinve":null,"otherlonginve":null,"inveprop":5467991.05,"fixedasseimmo":null,"accudepr":null,"fixedassenetw":null,"fixedasseimpa":null,"fixedassenet":1.4842286893E8,"consprog":2.121809184E7,"engimate":null,"fixedasseclea":null,"prodasse":null,"comasse":null,"hydrasset":null,"intaasset":6.140800321E7,"deveexpe":null,"goodwill":null,"logprepexpe":749166.69,"tradshartrad":null,"defetaxasset":463399.41,"othernoncasse":null,"noncasseitse":null,"noncasseform":null,"totalnoncassets":2.3772952113E8,"totassetitse":null,"totalasseform":null,"totasset":8.9960480024E8,"shorttermborr":null,"tradfinliab":null,"notespaya":1.808252755E7,"accopaya":1.816671709E7,"advapaym":1.268278865E7,"copeworkersal":5082874.45,"taxespaya":8417599.51,"intepaya":null,"divipaya":null,"otherfeepaya":null,"margrequ":null,"intelpay":null,"otherpay":1.410365666E7,"accrexpe":null,"expecurrliab":null,"copewithreinrece":null,"inteticksett":null,"dometicksett":null,"defereve":null,"shorttermbdspaya":null,"duenoncliab":null,"othercurreliabi":null,"currliabitse":null,"currliabform":null,"totalcurrliab":7.653616391E7,"longborr":null,"bdspaya":null,"longpaya":null,"specpaya":null,"expenoncliab":null,"longdefeinco":null,"defeincotaxliab":null,"othernoncliabi":null,"longliabitse":null,"longliabform":null,"totalnoncliab":0.0,"totliabitse":null,"totliabform":null,"totliab":7.653616391E7,"paidincapi":2.0E8,"capisurp":4.7237014767E8,"treastk":null,"specrese":null,"rese":1.220803652E7,"generiskrese":null,"unreinveloss":null,"undiprof":1.3849045214E8,"topaycashdivi":null,"curtrandiff":null,"sharrighitse":null,"sharrightform":null,"paresharrigh":8.2306863633E8,"minysharrigh":null,"righaggritse":null,"rightaggrform":null,"righaggr":8.2306863633E8,"rightotitse":null,"rightotform":null,"totliabsharequi":8.9960480024E8,"settresedepo":null,"plac":null,"derifinaasset":null,"reinrece":null,"reincontrese":null,"purcresaasset":null,"cenbankborr":null,"deposit":null,"fdsborr":null,"deriliab":null,"sellrepasse":null,"copepoun":null,"insucontrese":null,"actitradsecu":null,"actiundesecu":null},{"compcode":"80195268","publishdate":"20120827","reportdate":"20120630","reporttype":"100111","adjustdate":"20120827","accstacode":"2","accstaname":"新会计准则","curfds":5.7926285995E8,"tradfinasset":null,"notesrece":null,"accorece":1.893520231E7,"prep":8326069.4,"premrece":null,"interece":null,"dividrece":null,"otherrece":6284749.37,"expotaxrebarece":null,"subsrece":null,"margrece":null,"intelrece":null,"inve":3.137944869E7,"prepexpe":null,"unseg":null,"expinoncurrasset":null,"othercurrasse":null,"currassetitse":null,"currasseform":null,"totcurrasset":6.4418832972E8,"lendandloan":null,"avaisellasse":null,"holdinvedue":null,"longrece":null,"equiinve":null,"otherlonginve":null,"inveprop":5541888.73,"fixedasseimmo":2.1034536794E8,"accudepr":5.842218348E7,"fixedassenetw":1.5192318446E8,"fixedasseimpa":null,"fixedassenet":1.5192318446E8,"consprog":1.222933984E7,"engimate":null,"fixedasseclea":null,"prodasse":null,"comasse":null,"hydrasset":null,"intaasset":6.17649695E7,"deveexpe":null,"goodwill":null,"logprepexpe":null,"tradshartrad":null,"defetaxasset":314552.92,"othernoncasse":null,"noncasseitse":null,"noncasseform":null,"totalnoncassets":2.3177393545E8,"totassetitse":null,"totalasseform":null,"totasset":8.7596226517E8,"shorttermborr":null,"tradfinliab":null,"notespaya":1.130024561E7,"accopaya":2.335814031E7,"advapaym":5478190.64,"copeworkersal":3424152.45,"taxespaya":6718973.48,"intepaya":null,"divipaya":null,"otherfeepaya":null,"margrequ":null,"intelpay":null,"otherpay":1.366517545E7,"accrexpe":null,"expecurrliab":null,"copewithreinrece":null,"inteticksett":null,"dometicksett":null,"defereve":null,"shorttermbdspaya":null,"duenoncliab":null,"othercurreliabi":null,"currliabitse":null,"currliabform":null,"totalcurrliab":6.394487794E7,"longborr":null,"bdspaya":null,"longpaya":null,"specpaya":null,"expenoncliab":null,"longdefeinco":null,"defeincotaxliab":null,"othernoncliabi":null,"longliabitse":null,"longliabform":null,"totalnoncliab":0.0,"totliabitse":null,"totliabform":null,"totliab":6.394487794E7,"paidincapi":2.0E8,"capisurp":4.7237014767E8,"treastk":null,"specrese":null,"rese":1.220803652E7,"generiskrese":null,"unreinveloss":null,"undiprof":1.2743920304E8,"topaycashdivi":null,"curtrandiff":null,"sharrighitse":null,"sharrightform":null,"paresharrigh":8.1201738723E8,"minysharrigh":null,"righaggritse":null,"rightaggrform":null,"righaggr":8.1201738723E8,"rightotitse":null,"rightotform":null,"totliabsharequi":8.7596226517E8,"settresedepo":null,"plac":null,"derifinaasset":null,"reinrece":null,"reincontrese":null,"purcresaasset":null,"cenbankborr":null,"deposit":null,"fdsborr":null,"deriliab":null,"sellrepasse":null,"copepoun":null,"insucontrese":null,"actitradsecu":null,"actiundesecu":null},{"compcode":"80195268","publishdate":"20120524","reportdate":"20120331","reporttype":"100111","adjustdate":"20120524","accstacode":"2","accstaname":"新会计准则","curfds":1.61015292E8,"tradfinasset":null,"notesrece":null,"accorece":7765679.78,"prep":8323757.15,"premrece":null,"interece":null,"dividrece":null,"otherrece":228003.67,"expotaxrebarece":null,"subsrece":null,"margrece":null,"intelrece":null,"inve":2.527187446E7,"prepexpe":null,"unseg":null,"expinoncurrasset":null,"othercurrasse":null,"currassetitse":null,"currasseform":null,"totcurrasset":2.0260460706E8,"lendandloan":null,"avaisellasse":null,"holdinvedue":null,"longrece":null,"equiinve":null,"otherlonginve":null,"inveprop":5615786.41,"fixedasseimmo":2.0989580388E8,"accudepr":5.315120584E7,"fixedassenetw":1.5674459804E8,"fixedasseimpa":null,"fixedassenet":1.5674459804E8,"consprog":2438850.0,"engimate":null,"fixedasseclea":null,"prodasse":null,"comasse":null,"hydrasset":null,"intaasset":5.664126737E7,"deveexpe":null,"goodwill":null,"logprepexpe":null,"tradshartrad":null,"defetaxasset":26948.44,"othernoncasse":null,"noncasseitse":null,"noncasseform":null,"totalnoncassets":2.2146745026E8,"totassetitse":null,"totalasseform":null,"totasset":4.2407205732E8,"shorttermborr":null,"tradfinliab":null,"notespaya":1.229290785E7,"accopaya":3.054316287E7,"advapaym":null,"copeworkersal":2576436.47,"taxespaya":1.427185546E7,"intepaya":null,"divipaya":null,"otherfeepaya":null,"margrequ":null,"intelpay":null,"otherpay":1.419199968E7,"accrexpe":null,"expecurrliab":null,"copewithreinrece":null,"inteticksett":null,"dometicksett":null,"defereve":null,"shorttermbdspaya":null,"duenoncliab":null,"othercurreliabi":null,"currliabitse":null,"currliabform":null,"totalcurrliab":7.387636233E7,"longborr":null,"bdspaya":null,"longpaya":null,"specpaya":null,"expenoncliab":null,"longdefeinco":null,"defeincotaxliab":null,"othernoncliabi":null,"longliabitse":null,"longliabform":null,"totalnoncliab":0.0,"totliabitse":null,"totliabform":null,"totliab":7.387636233E7,"paidincapi":1.5E8,"capisurp":7.606014767E7,"treastk":null,"specrese":null,"rese":1.220803652E7,"generiskrese":null,"unreinveloss":null,"undiprof":1.119275108E8,"topaycashdivi":null,"curtrandiff":null,"sharrighitse":null,"sharrightform":null,"paresharrigh":3.5019569499E8,"minysharrigh":null,"righaggritse":null,"rightaggrform":null,"righaggr":3.5019569499E8,"rightotitse":null,"rightotform":null,"totliabsharequi":4.2407205732E8,"settresedepo":null,"plac":null,"derifinaasset":null,"reinrece":null,"reincontrese":null,"purcresaasset":null,"cenbankborr":null,"deposit":null,"fdsborr":null,"deriliab":null,"sellrepasse":null,"copepoun":null,"insucontrese":null,"actitradsecu":null,"actiundesecu":null},{"compcode":"80195268","publishdate":"20120504","reportdate":"20111231","reporttype":"100111","adjustdate":"20120504","accstacode":"2","accstaname":"新会计准则","curfds":2.1853007819E8,"tradfinasset":null,"notesrece":250000.0,"accorece":2018590.57,"prep":4287729.88,"premrece":null,"interece":null,"dividrece":null,"otherrece":302305.92,"expotaxrebarece":null,"subsrece":null,"margrece":null,"intelrece":null,"inve":2.572098203E7,"prepexpe":null,"unseg":null,"expinoncurrasset":null,"othercurrasse":null,"currassetitse":null,"currasseform":null,"totcurrasset":2.5110968659E8,"lendandloan":null,"avaisellasse":null,"holdinvedue":null,"longrece":null,"equiinve":null,"otherlonginve":null,"inveprop":5689684.09,"fixedasseimmo":1.9322036241E8,"accudepr":4.81348414E7,"fixedassenetw":1.4508552101E8,"fixedasseimpa":null,"fixedassenet":1.4508552101E8,"consprog":1025850.0,"engimate":null,"fixedasseclea":null,"prodasse":null,"comasse":null,"hydrasset":null,"intaasset":5.676193234E7,"deveexpe":null,"goodwill":null,"logprepexpe":null,"tradshartrad":null,"defetaxasset":255415.1,"othernoncasse":null,"noncasseitse":null,"noncasseform":null,"totalnoncassets":2.0881840254E8,"totassetitse":null,"totalasseform":null,"totasset":4.5992808913E8,"shorttermborr":null,"tradfinliab":null,"notespaya":1.325290785E7,"accopaya":2.543719054E7,"advapaym":5.356567675E7,"copeworkersal":8270355.05,"taxespaya":1.564873349E7,"intepaya":null,"divipaya":null,"otherfeepaya":null,"margrequ":null,"intelpay":null,"otherpay":1.569191245E7,"accrexpe":null,"expecurrliab":null,"copewithreinrece":null,"inteticksett":null,"dometicksett":null,"defereve":null,"shorttermbdspaya":null,"duenoncliab":null,"othercurreliabi":null,"currliabitse":null,"currliabform":null,"totalcurrliab":1.3186677613E8,"longborr":null,"bdspaya":null,"longpaya":null,"specpaya":null,"expenoncliab":null,"longdefeinco":null,"defeincotaxliab":null,"othernoncliabi":null,"longliabitse":null,"longliabform":null,"totalnoncliab":0.0,"totliabitse":null,"totliabform":null,"totliab":1.3186677613E8,"paidincapi":1.5E8,"capisurp":7.606014767E7,"treastk":null,"specrese":null,"rese":1.220803652E7,"generiskrese":null,"unreinveloss":null,"undiprof":8.979312881E7,"topaycashdivi":null,"curtrandiff":null,"sharrighitse":null,"sharrightform":null,"paresharrigh":3.28061313E8,"minysharrigh":null,"righaggritse":null,"rightaggrform":null,"righaggr":3.28061313E8,"rightotitse":null,"rightotform":null,"totliabsharequi":4.5992808913E8,"settresedepo":null,"plac":null,"derifinaasset":null,"reinrece":null,"reincontrese":null,"purcresaasset":null,"cenbankborr":null,"deposit":null,"fdsborr":null,"deriliab":null,"sellrepasse":null,"copepoun":null,"insucontrese":null,"actitradsecu":null,"actiundesecu":null},{"compcode":"80195268","publishdate":"20120105","reportdate":"20110630","reporttype":"100111","adjustdate":"20120105","accstacode":"2","accstaname":"新会计准则","curfds":1.0602309973E8,"tradfinasset":null,"notesrece":200000.0,"accorece":670847.41,"prep":8761001.87,"premrece":null,"interece":null,"dividrece":null,"otherrece":1438313.47,"expotaxrebarece":null,"subsrece":null,"margrece":null,"intelrece":null,"inve":2.036952863E7,"prepexpe":null,"unseg":null,"expinoncurrasset":null,"othercurrasse":null,"currassetitse":null,"currasseform":null,"totcurrasset":1.3746279111E8,"lendandloan":null,"avaisellasse":null,"holdinvedue":null,"longrece":null,"equiinve":null,"otherlonginve":null,"inveprop":5837479.45,"fixedasseimmo":1.9229463941E8,"accudepr":3.951940603E7,"fixedassenetw":1.5277523338E8,"fixedasseimpa":null,"fixedassenet":1.5277523338E8,"consprog":null,"engimate":null,"fixedasseclea":null,"prodasse":null,"comasse":null,"hydrasset":null,"intaasset":5.694239602E7,"deveexpe":null,"goodwill":null,"logprepexpe":null,"tradshartrad":null,"defetaxasset":170563.33,"othernoncasse":null,"noncasseitse":null,"noncasseform":null,"totalnoncassets":2.1572567218E8,"totassetitse":null,"totalasseform":null,"totasset":3.5318846329E8,"shorttermborr":null,"tradfinliab":null,"notespaya":9440000.0,"accopaya":1.90084636E7,"advapaym":1.283830761E7,"copeworkersal":3231315.81,"taxespaya":9627920.06,"intepaya":null,"divipaya":null,"otherfeepaya":null,"margrequ":null,"intelpay":null,"otherpay":1.428502415E7,"accrexpe":null,"expecurrliab":null,"copewithreinrece":null,"inteticksett":null,"dometicksett":null,"defereve":null,"shorttermbdspaya":null,"duenoncliab":null,"othercurreliabi":null,"currliabitse":null,"currliabform":null,"totalcurrliab":6.843103123E7,"longborr":null,"bdspaya":null,"longpaya":null,"specpaya":null,"expenoncliab":null,"longdefeinco":null,"defeincotaxliab":null,"othernoncliabi":null,"longliabitse":null,"longliabform":null,"totalnoncliab":0.0,"totliabitse":null,"totliabform":null,"totliab":6.843103123E7,"paidincapi":1.5E8,"capisurp":7.606014767E7,"treastk":null,"specrese":null,"rese":5135627.69,"generiskrese":null,"unreinveloss":null,"undiprof":5.35616567E7,"topaycashdivi":null,"curtrandiff":null,"sharrighitse":null,"sharrightform":null,"paresharrigh":2.8475743206E8,"minysharrigh":null,"righaggritse":null,"rightaggrform":null,"righaggr":2.8475743206E8,"rightotitse":null,"rightotform":null,"totliabsharequi":3.5318846329E8,"settresedepo":null,"plac":null,"derifinaasset":null,"reinrece":null,"reincontrese":null,"purcresaasset":null,"cenbankborr":null,"deposit":null,"fdsborr":null,"deriliab":null,"sellrepasse":null,"copepoun":null,"insucontrese":null,"actitradsecu":null,"actiundesecu":null},{"compcode":"80195268","publishdate":"20120504","reportdate":"20101231","reporttype":"100111","adjustdate":"20120504","accstacode":"2","accstaname":"新会计准则","curfds":2.1283701541E8,"tradfinasset":null,"notesrece":800000.0,"accorece":422228.83,"prep":9232633.46,"premrece":null,"interece":null,"dividrece":null,"otherrece":1593143.06,"expotaxrebarece":null,"subsrece":null,"margrece":null,"intelrece":null,"inve":2.939130758E7,"prepexpe":null,"unseg":null,"expinoncurrasset":null,"othercurrasse":null,"currassetitse":null,"currasseform":null,"totcurrasset":2.5427632834E8,"lendandloan":null,"avaisellasse":null,"holdinvedue":null,"longrece":null,"equiinve":null,"otherlonginve":null,"inveprop":5969082.19,"fixedasseimmo":1.6904149321E8,"accudepr":3.148666977E7,"fixedassenetw":1.3755482344E8,"fixedasseimpa":null,"fixedassenet":1.3755482344E8,"consprog":450000.0,"engimate":null,"fixedasseclea":null,"prodasse":null,"comasse":null,"hydrasset":null,"intaasset":2.870159205E7,"deveexpe":null,"goodwill":null,"logprepexpe":null,"tradshartrad":null,"defetaxasset":177142.51,"othernoncasse":null,"noncasseitse":null,"noncasseform":null,"totalnoncassets":1.7285264019E8,"totassetitse":null,"totalasseform":null,"totasset":4.2712896853E8,"shorttermborr":null,"tradfinliab":null,"notespaya":1.487E7,"accopaya":2.38115055E7,"advapaym":8.384808406E7,"copeworkersal":6243618.47,"taxespaya":1.734278121E7,"intepaya":null,"divipaya":null,"otherfeepaya":null,"margrequ":null,"intelpay":null,"otherpay":1.577963793E7,"accrexpe":null,"expecurrliab":null,"copewithreinrece":null,"inteticksett":null,"dometicksett":null,"defereve":null,"shorttermbdspaya":null,"duenoncliab":null,"othercurreliabi":null,"currliabitse":null,"currliabform":null,"totalcurrliab":1.6189562717E8,"longborr":null,"bdspaya":null,"longpaya":null,"specpaya":null,"expenoncliab":null,"longdefeinco":null,"defeincotaxliab":null,"othernoncliabi":null,"longliabitse":null,"longliabform":null,"totalnoncliab":0.0,"totliabitse":null,"totliabform":null,"totliab":1.6189562717E8,"paidincapi":1.5E8,"capisurp":7.606014767E7,"treastk":null,"specrese":null,"rese":5135627.69,"generiskrese":null,"unreinveloss":null,"undiprof":3.4037566E7,"topaycashdivi":null,"curtrandiff":null,"sharrighitse":null,"sharrightform":null,"paresharrigh":2.6523334136E8,"minysharrigh":null,"righaggritse":null,"rightaggrform":null,"righaggr":2.6523334136E8,"rightotitse":null,"rightotform":null,"totliabsharequi":4.2712896853E8,"settresedepo":null,"plac":null,"derifinaasset":null,"reinrece":null,"reincontrese":null,"purcresaasset":null,"cenbankborr":null,"deposit":null,"fdsborr":null,"deriliab":null,"sellrepasse":null,"copepoun":null,"insucontrese":null,"actitradsecu":null,"actiundesecu":null},{"compcode":"80195268","publishdate":"20120504","reportdate":"20091231","reporttype":"100111","adjustdate":"20120504","accstacode":"2","accstaname":"新会计准则","curfds":1.655443824E8,"tradfinasset":null,"notesrece":null,"accorece":1650926.32,"prep":3239646.51,"premrece":null,"interece":null,"dividrece":null,"otherrece":9.411561222E7,"expotaxrebarece":null,"subsrece":null,"margrece":null,"intelrece":null,"inve":3.502103846E7,"prepexpe":null,"unseg":null,"expinoncurrasset":null,"othercurrasse":null,"currassetitse":null,"currasseform":null,"totcurrasset":2.9957160591E8,"lendandloan":null,"avaisellasse":null,"holdinvedue":null,"longrece":null,"equiinve":null,"otherlonginve":null,"inveprop":null,"fixedasseimmo":1.547019E8,"accudepr":2.07722E7,"fixedassenetw":1.339297E8,"fixedasseimpa":null,"fixedassenet":1.3392973935E8,"consprog":1803475.0,"engimate":null,"fixedasseclea":null,"prodasse":null,"comasse":null,"hydrasset":null,"intaasset":1.517182701E7,"deveexpe":null,"goodwill":null,"logprepexpe":null,"tradshartrad":null,"defetaxasset":283893.95,"othernoncasse":null,"noncasseitse":null,"noncasseform":null,"totalnoncassets":1.5118893531E8,"totassetitse":null,"totalasseform":null,"totasset":4.5076054122E8,"shorttermborr":2.0E7,"tradfinliab":null,"notespaya":1.9644225E7,"accopaya":2.486048964E7,"advapaym":5.357669786E7,"copeworkersal":2547813.6,"taxespaya":1.223019314E7,"intepaya":33000.0,"divipaya":null,"otherfeepaya":null,"margrequ":null,"intelpay":null,"otherpay":2.314293889E7,"accrexpe":null,"expecurrliab":null,"copewithreinrece":null,"inteticksett":null,"dometicksett":null,"defereve":null,"shorttermbdspaya":null,"duenoncliab":null,"othercurreliabi":null,"currliabitse":null,"currliabform":null,"totalcurrliab":1.5603535813E8,"longborr":null,"bdspaya":null,"longpaya":null,"specpaya":null,"expenoncliab":null,"longdefeinco":null,"defeincotaxliab":null,"othernoncliabi":null,"longliabitse":null,"longliabform":null,"totalnoncliab":0.0,"totliabitse":null,"totliabform":null,"totliab":1.5603535813E8,"paidincapi":5.3E7,"capisurp":4.5E7,"treastk":null,"specrese":null,"rese":1.989538205E7,"generiskrese":null,"unreinveloss":null,"undiprof":1.7682980104E8,"topaycashdivi":null,"curtrandiff":null,"sharrighitse":null,"sharrightform":null,"paresharrigh":2.9472518309E8,"minysharrigh":null,"righaggritse":null,"rightaggrform":null,"righaggr":2.9472518309E8,"rightotitse":null,"rightotform":null,"totliabsharequi":4.5076054122E8,"settresedepo":null,"plac":null,"derifinaasset":null,"reinrece":null,"reincontrese":null,"purcresaasset":null,"cenbankborr":null,"deposit":null,"fdsborr":null,"deriliab":null,"sellrepasse":null,"copepoun":null,"insucontrese":null,"actitradsecu":null,"actiundesecu":null},{"compcode":"80195268","publishdate":"20120105","reportdate":"20081231","reporttype":"100111","adjustdate":"20120105","accstacode":"2","accstaname":"新会计准则","curfds":6.236245275E7,"tradfinasset":null,"notesrece":null,"accorece":1435174.4,"prep":1045417.64,"premrece":null,"interece":null,"dividrece":null,"otherrece":7.917304007E7,"expotaxrebarece":null,"subsrece":null,"margrece":null,"intelrece":null,"inve":3.678583597E7,"prepexpe":null,"unseg":null,"expinoncurrasset":null,"othercurrasse":null,"currassetitse":null,"currasseform":null,"totcurrasset":1.8080192083E8,"lendandloan":null,"avaisellasse":null,"holdinvedue":null,"longrece":null,"equiinve":null,"otherlonginve":null,"inveprop":null,"fixedasseimmo":1.237506E8,"accudepr":1.1877E7,"fixedassenetw":1.118736E8,"fixedasseimpa":null,"fixedassenet":1.1187360942E8,"consprog":8061450.0,"engimate":null,"fixedasseclea":null,"prodasse":null,"comasse":null,"hydrasset":null,"intaasset":1.549318533E7,"deveexpe":null,"goodwill":null,"logprepexpe":null,"tradshartrad":null,"defetaxasset":299369.09,"othernoncasse":null,"noncasseitse":null,"noncasseform":null,"totalnoncassets":1.3572761384E8,"totassetitse":null,"totalasseform":null,"totasset":3.1652953467E8,"shorttermborr":3.0E7,"tradfinliab":null,"notespaya":1.051475E7,"accopaya":1.717418359E7,"advapaym":1.834277064E7,"copeworkersal":2082389.75,"taxespaya":1.150043453E7,"intepaya":34100.0,"divipaya":null,"otherfeepaya":null,"margrequ":null,"intelpay":null,"otherpay":1.62684863E7,"accrexpe":null,"expecurrliab":null,"copewithreinrece":null,"inteticksett":null,"dometicksett":null,"defereve":null,"shorttermbdspaya":null,"duenoncliab":null,"othercurreliabi":null,"currliabitse":null,"currliabform":null,"totalcurrliab":1.0591711481E8,"longborr":null,"bdspaya":null,"longpaya":null,"specpaya":null,"expenoncliab":null,"longdefeinco":null,"defeincotaxliab":null,"othernoncliabi":null,"longliabitse":null,"longliabform":null,"totalnoncliab":0.0,"totliabitse":null,"totliabform":null,"totliab":1.0591711481E8,"paidincapi":5.3E7,"capisurp":4.5E7,"treastk":null,"specrese":null,"rese":1.136331438E7,"generiskrese":null,"unreinveloss":null,"undiprof":1.0124910548E8,"topaycashdivi":null,"curtrandiff":null,"sharrighitse":null,"sharrightform":null,"paresharrigh":2.1061241986E8,"minysharrigh":null,"righaggritse":null,"rightaggrform":null,"righaggr":2.1061241986E8,"rightotitse":null,"rightotform":null,"totliabsharequi":3.1652953467E8,"settresedepo":null,"plac":null,"derifinaasset":null,"reinrece":null,"reincontrese":null,"purcresaasset":null,"cenbankborr":null,"deposit":null,"fdsborr":null,"deriliab":null,"sellrepasse":null,"copepoun":null,"insucontrese":null,"actitradsecu":null,"actiundesecu":null}],"comptype":4,"name":"浙江美大"}