{"list":[{"compcode":"80191712","publishdate":"20171020","begindate":"20170101","enddate":"20170930","reporttype":"100111","adjustdate":"20171020","accstacode":"2","accstaname":"新会计准则","laborgetcash":1.5438448207E9,"deponetr":null,"bankloannetincr":null,"fininstnetr":null,"inspremcash":null,"insnetc":null,"savinetr":null,"disptradnetincr":null,"charintecash":null,"fdsborrnetr":null,"repnetincr":null,"taxrefd":null,"receotherbizcash":1.020625627E7,"bizinflitse":null,"bizinflform":null,"bizcashinfl":1.55405107697E9,"labopayc":1.22727325248E9,"loansnetr":null,"tradepaymnetr":null,"paycompgold":null,"payintecash":null,"paydivicash":null,"payworkcash":9.039681728E7,"paytax":1.1057227914E8,"payacticash":1.0684606093E8,"bizoutfitse":null,"bizoutfform":null,"bizcashoutf":1.53508840983E9,"biznetitse":null,"biznetform":null,"mananetr":1.896266714E7,"withinvgetcash":1.03E8,"inveretugetcash":4904151.08,"fixedassetnetc":1542342.16,"subsnetc":null,"receinvcash":null,"reducashpled":null,"invinflitse":null,"invinffrom":null,"invcashinfl":1.0944649324E8,"acquassetcash":8.874673347E7,"invpayc":5000000.0,"loannetr":null,"subspaynetcash":null,"payinvecash":1.0E8,"incrcashpled":null,"invoutfitse":null,"invoutfform":null,"invcashoutf":1.9374673347E8,"netinvitse":null,"netinvform":null,"invnetcashflow":-8.430024023E7,"invrececash":null,"subsrececash":null,"recefromloan":3.25E8,"issbdrececash":null,"recefincash":4.74E7,"fininflitse":null,"fininflform":null,"fincashinfl":3.724E8,"debtpaycash":2.049E8,"diviprofpaycash":5.884294461E7,"subspaydivid":null,"finrelacash":1.3052E8,"finoutfitse":null,"finoutfform":null,"fincashoutf":3.9426294461E8,"finnetitse":null,"finnetform":null,"finnetcflow":-2.186294461E7,"chgexchgchgs":null,"netcashitse":null,"netcashform":null,"cashnetr":-8.72005177E7,"inicashbala":2.0166504045E8,"cashfinalitse":null,"cashfinalform":null,"finalcashbala":1.1446452275E8,"netprofit":null,"minysharrigh":null,"unreinveloss":null,"asseimpa":null,"assedepr":null,"realestadep":null,"intaasseamor":null,"longdefeexpenamor":null,"prepexpedecr":null,"accrexpeincr":null,"dispfixedassetloss":null,"fixedassescraloss":null,"valuechgloss":null,"defeincoincr":null,"estidebts":null,"finexpe":null,"inveloss":null,"defetaxassetdecr":null,"defetaxliabincr":null,"inveredu":null,"receredu":null,"payaincr":null,"unseparachg":null,"unfiparachg":null,"other":null,"biznetscheitse":null,"biznetscheform":null,"biznetcflow":null,"debtintocapi":null,"expiconvbd":null,"finfixedasset":null,"cashfinalbala":1.1446452275E8,"cashopenbala":2.0166504045E8,"equfinalbala":null,"equopenbala":null,"netcashscheitse":null,"netcashscheform":null,"cashneti":-8.72005177E7},{"compcode":"80191712","publishdate":"20170804","begindate":"20170101","enddate":"20170630","reporttype":"100111","adjustdate":"20170804","accstacode":"2","accstaname":"新会计准则","laborgetcash":1.08087900129E9,"deponetr":null,"bankloannetincr":null,"fininstnetr":null,"inspremcash":null,"insnetc":null,"savinetr":null,"disptradnetincr":null,"charintecash":null,"fdsborrnetr":null,"repnetincr":null,"taxrefd":null,"receotherbizcash":6674191.95,"bizinflitse":null,"bizinflform":null,"bizcashinfl":1.08755319324E9,"labopayc":8.5121918764E8,"loansnetr":null,"tradepaymnetr":null,"paycompgold":null,"payintecash":null,"paydivicash":null,"payworkcash":6.458025541E7,"paytax":8.91797849E7,"payacticash":6.013602193E7,"bizoutfitse":null,"bizoutfform":null,"bizcashoutf":1.06511524988E9,"biznetitse":null,"biznetform":null,"mananetr":2.243794336E7,"withinvgetcash":3000000.0,"inveretugetcash":19167.12,"fixedassetnetc":63366.64,"subsnetc":null,"receinvcash":null,"reducashpled":null,"invinflitse":null,"invinffrom":null,"invcashinfl":3082533.76,"acquassetcash":7.51209131E7,"invpayc":null,"loannetr":null,"subspaynetcash":null,"payinvecash":null,"incrcashpled":null,"invoutfitse":null,"invoutfform":null,"invcashoutf":7.51209131E7,"netinvitse":null,"netinvform":null,"invnetcashflow":-7.203837934E7,"invrececash":null,"subsrececash":null,"recefromloan":2.8E8,"issbdrececash":null,"recefincash":3.6E7,"fininflitse":null,"fininflform":null,"fincashinfl":3.16E8,"debtpaycash":1.3E8,"diviprofpaycash":6874425.86,"subspaydivid":null,"finrelacash":1.2E8,"finoutfitse":null,"finoutfform":null,"fincashoutf":2.5687442586E8,"finnetitse":null,"finnetform":null,"finnetcflow":5.912557414E7,"chgexchgchgs":null,"netcashitse":null,"netcashform":null,"cashnetr":9525138.16,"inicashbala":2.0166504045E8,"cashfinalitse":null,"cashfinalform":null,"finalcashbala":2.1119017861E8,"netprofit":9.924888124E7,"minysharrigh":null,"unreinveloss":null,"asseimpa":1468698.59,"assedepr":4.753390139E7,"realestadep":null,"intaasseamor":2037330.16,"longdefeexpenamor":0.0,"prepexpedecr":null,"accrexpeincr":null,"dispfixedassetloss":167247.43,"fixedassescraloss":0.0,"valuechgloss":0.0,"defeincoincr":null,"estidebts":null,"finexpe":7683012.33,"inveloss":256825.23,"defetaxassetdecr":-118376.58,"defetaxliabincr":41351.94,"inveredu":-4377281.58,"receredu":3296476.93,"payaincr":-1.3799850598E8,"unseparachg":null,"unfiparachg":null,"other":3198382.26,"biznetscheitse":null,"biznetscheform":null,"biznetcflow":2.243794336E7,"debtintocapi":null,"expiconvbd":null,"finfixedasset":null,"cashfinalbala":2.1119017861E8,"cashopenbala":2.0166504045E8,"equfinalbala":null,"equopenbala":null,"netcashscheitse":null,"netcashscheform":null,"cashneti":9525138.16},{"compcode":"80191712","publishdate":"20170428","begindate":"20170101","enddate":"20170331","reporttype":"100111","adjustdate":"20170428","accstacode":"2","accstaname":"新会计准则","laborgetcash":5.903975212E8,"deponetr":null,"bankloannetincr":null,"fininstnetr":null,"inspremcash":null,"insnetc":null,"savinetr":null,"disptradnetincr":null,"charintecash":null,"fdsborrnetr":null,"repnetincr":null,"taxrefd":null,"receotherbizcash":4173436.09,"bizinflitse":null,"bizinflform":null,"bizcashinfl":5.9457095729E8,"labopayc":4.7428517509E8,"loansnetr":null,"tradepaymnetr":null,"paycompgold":null,"payintecash":null,"paydivicash":null,"payworkcash":3.833941271E7,"paytax":3.258037804E7,"payacticash":2.692694836E7,"bizoutfitse":null,"bizoutfform":null,"bizcashoutf":5.721319142E8,"biznetitse":null,"biznetform":null,"mananetr":2.243904309E7,"withinvgetcash":3000000.0,"inveretugetcash":19167.12,"fixedassetnetc":63366.64,"subsnetc":null,"receinvcash":null,"reducashpled":null,"invinflitse":null,"invinffrom":null,"invcashinfl":3082533.76,"acquassetcash":5.976395561E7,"invpayc":null,"loannetr":null,"subspaynetcash":null,"payinvecash":null,"incrcashpled":null,"invoutfitse":null,"invoutfform":null,"invcashoutf":5.976395561E7,"netinvitse":null,"netinvform":null,"invnetcashflow":-5.668142185E7,"invrececash":null,"subsrececash":null,"recefromloan":2.1E8,"issbdrececash":null,"recefincash":3.6E7,"fininflitse":null,"fininflform":null,"fincashinfl":2.46E8,"debtpaycash":3.0E7,"diviprofpaycash":2881995.85,"subspaydivid":null,"finrelacash":1.2E8,"finoutfitse":null,"finoutfform":null,"fincashoutf":1.5288199585E8,"finnetitse":null,"finnetform":null,"finnetcflow":9.311800415E7,"chgexchgchgs":null,"netcashitse":null,"netcashform":null,"cashnetr":5.887562539E7,"inicashbala":2.0166504045E8,"cashfinalitse":null,"cashfinalform":null,"finalcashbala":2.6054066584E8,"netprofit":null,"minysharrigh":null,"unreinveloss":null,"asseimpa":null,"assedepr":null,"realestadep":null,"intaasseamor":null,"longdefeexpenamor":null,"prepexpedecr":null,"accrexpeincr":null,"dispfixedassetloss":null,"fixedassescraloss":null,"valuechgloss":null,"defeincoincr":null,"estidebts":null,"finexpe":null,"inveloss":null,"defetaxassetdecr":null,"defetaxliabincr":null,"inveredu":null,"receredu":null,"payaincr":null,"unseparachg":null,"unfiparachg":null,"other":null,"biznetscheitse":null,"biznetscheform":null,"biznetcflow":null,"debtintocapi":null,"expiconvbd":null,"finfixedasset":null,"cashfinalbala":2.6054066584E8,"cashopenbala":2.0166504045E8,"equfinalbala":null,"equopenbala":null,"netcashscheitse":null,"netcashscheform":null,"cashneti":5.887562539E7},{"compcode":"80191712","publishdate":"20170420","begindate":"20160101","enddate":"20161231","reporttype":"100111","adjustdate":"20170420","accstacode":"2","accstaname":"新会计准则","laborgetcash":2.19029214675E9,"deponetr":null,"bankloannetincr":null,"fininstnetr":null,"inspremcash":null,"insnetc":null,"savinetr":null,"disptradnetincr":null,"charintecash":null,"fdsborrnetr":null,"repnetincr":null,"taxrefd":null,"receotherbizcash":1.411120085E7,"bizinflitse":null,"bizinflform":null,"bizcashinfl":2.2044033476E9,"labopayc":1.39928035737E9,"loansnetr":null,"tradepaymnetr":null,"paycompgold":null,"payintecash":null,"paydivicash":null,"payworkcash":1.1988147494E8,"paytax":1.3230094798E8,"payacticash":1.898786675E8,"bizoutfitse":null,"bizoutfform":null,"bizcashoutf":1.84134144779E9,"biznetitse":null,"biznetform":null,"mananetr":3.6306189981E8,"withinvgetcash":null,"inveretugetcash":5.530403585E7,"fixedassetnetc":822339.09,"subsnetc":null,"receinvcash":1.999E7,"reducashpled":null,"invinflitse":null,"invinffrom":null,"invcashinfl":7.611637494E7,"acquassetcash":3.7109259263E8,"invpayc":1.015E8,"loannetr":null,"subspaynetcash":null,"payinvecash":3400000.0,"incrcashpled":null,"invoutfitse":null,"invoutfform":null,"invcashoutf":4.7599259263E8,"netinvitse":null,"netinvform":null,"invnetcashflow":-3.9987621769E8,"invrececash":null,"subsrececash":null,"recefromloan":2.399E8,"issbdrececash":null,"recefincash":1.2E8,"fininflitse":null,"fininflform":null,"fincashinfl":3.599E8,"debtpaycash":3.25E8,"diviprofpaycash":5.89346367E7,"subspaydivid":null,"finrelacash":3.994333333E7,"finoutfitse":null,"finoutfform":null,"fincashoutf":4.2387797003E8,"finnetitse":null,"finnetform":null,"finnetcflow":-6.397797003E7,"chgexchgchgs":null,"netcashitse":null,"netcashform":null,"cashnetr":-1.0079228791E8,"inicashbala":3.0245732836E8,"cashfinalitse":null,"cashfinalform":null,"finalcashbala":2.0166504045E8,"netprofit":1.5009842121E8,"minysharrigh":null,"unreinveloss":null,"asseimpa":1.599434297E7,"assedepr":6.861341978E7,"realestadep":null,"intaasseamor":4229486.28,"longdefeexpenamor":null,"prepexpedecr":null,"accrexpeincr":null,"dispfixedassetloss":452389.89,"fixedassescraloss":null,"valuechgloss":null,"defeincoincr":null,"estidebts":null,"finexpe":1.776171077E7,"inveloss":-8146697.84,"defetaxassetdecr":534800.08,"defetaxliabincr":null,"inveredu":-4.186927691E7,"receredu":-7535496.55,"payaincr":1.6418368652E8,"unseparachg":null,"unfiparachg":null,"other":-1254886.39,"biznetscheitse":null,"biznetscheform":null,"biznetcflow":3.6306189981E8,"debtintocapi":null,"expiconvbd":null,"finfixedasset":null,"cashfinalbala":2.0166504045E8,"cashopenbala":3.0245732836E8,"equfinalbala":null,"equopenbala":null,"netcashscheitse":null,"netcashscheform":null,"cashneti":-1.0079228791E8},{"compcode":"80191712","publishdate":"20161029","begindate":"20160101","enddate":"20160930","reporttype":"100111","adjustdate":"20161029","accstacode":"2","accstaname":"新会计准则","laborgetcash":1.52730925209E9,"deponetr":null,"bankloannetincr":null,"fininstnetr":null,"inspremcash":null,"insnetc":null,"savinetr":null,"disptradnetincr":null,"charintecash":null,"fdsborrnetr":null,"repnetincr":null,"taxrefd":null,"receotherbizcash":8064555.36,"bizinflitse":null,"bizinflform":null,"bizcashinfl":1.53537380745E9,"labopayc":9.3764050638E8,"loansnetr":null,"tradepaymnetr":null,"paycompgold":null,"payintecash":null,"paydivicash":null,"payworkcash":9.904553183E7,"paytax":9.634619476E7,"payacticash":1.5676097565E8,"bizoutfitse":null,"bizoutfform":null,"bizcashoutf":1.28979320862E9,"biznetitse":null,"biznetform":null,"mananetr":2.4558059883E8,"withinvgetcash":null,"inveretugetcash":4416867.33,"fixedassetnetc":687093.97,"subsnetc":null,"receinvcash":400000.0,"reducashpled":null,"invinflitse":null,"invinffrom":null,"invcashinfl":5503961.3,"acquassetcash":2.4856488419E8,"invpayc":null,"loannetr":null,"subspaynetcash":null,"payinvecash":400000.0,"incrcashpled":null,"invoutfitse":null,"invoutfform":null,"invcashoutf":2.4896488419E8,"netinvitse":null,"netinvform":null,"invnetcashflow":-2.4346092289E8,"invrececash":null,"subsrececash":null,"recefromloan":2.8E8,"issbdrececash":null,"recefincash":null,"fininflitse":null,"fininflform":null,"fincashinfl":2.8E8,"debtpaycash":2.9E8,"diviprofpaycash":5.822401676E7,"subspaydivid":null,"finrelacash":null,"finoutfitse":null,"finoutfform":null,"fincashoutf":3.4822401676E8,"finnetitse":null,"finnetform":null,"finnetcflow":-6.822401676E7,"chgexchgchgs":null,"netcashitse":null,"netcashform":null,"cashnetr":-6.610434082E7,"inicashbala":3.0245732836E8,"cashfinalitse":null,"cashfinalform":null,"finalcashbala":2.3635298754E8,"netprofit":null,"minysharrigh":null,"unreinveloss":null,"asseimpa":null,"assedepr":null,"realestadep":null,"intaasseamor":null,"longdefeexpenamor":null,"prepexpedecr":null,"accrexpeincr":null,"dispfixedassetloss":null,"fixedassescraloss":null,"valuechgloss":null,"defeincoincr":null,"estidebts":null,"finexpe":null,"inveloss":null,"defetaxassetdecr":null,"defetaxliabincr":null,"inveredu":null,"receredu":null,"payaincr":null,"unseparachg":null,"unfiparachg":null,"other":null,"biznetscheitse":null,"biznetscheform":null,"biznetcflow":null,"debtintocapi":null,"expiconvbd":null,"finfixedasset":null,"cashfinalbala":2.3635298754E8,"cashopenbala":3.0245732836E8,"equfinalbala":null,"equopenbala":null,"netcashscheitse":null,"netcashscheform":null,"cashneti":-6.610434082E7},{"compcode":"80191712","publishdate":"20160827","begindate":"20160101","enddate":"20160630","reporttype":"100111","adjustdate":"20160827","accstacode":"2","accstaname":"新会计准则","laborgetcash":1.0732432634E9,"deponetr":null,"bankloannetincr":null,"fininstnetr":null,"inspremcash":null,"insnetc":null,"savinetr":null,"disptradnetincr":null,"charintecash":null,"fdsborrnetr":null,"repnetincr":null,"taxrefd":null,"receotherbizcash":8126156.01,"bizinflitse":null,"bizinflform":null,"bizcashinfl":1.08136941941E9,"labopayc":6.2352949805E8,"loansnetr":null,"tradepaymnetr":null,"paycompgold":null,"payintecash":null,"paydivicash":null,"payworkcash":6.544377208E7,"paytax":6.550117612E7,"payacticash":1.2054005806E8,"bizoutfitse":null,"bizoutfform":null,"bizcashoutf":8.7501450431E8,"biznetitse":null,"biznetform":null,"mananetr":2.063549151E8,"withinvgetcash":null,"inveretugetcash":4414412.54,"fixedassetnetc":596581.15,"subsnetc":null,"receinvcash":null,"reducashpled":null,"invinflitse":null,"invinffrom":null,"invcashinfl":5010993.69,"acquassetcash":2.1616604869E8,"invpayc":null,"loannetr":null,"subspaynetcash":null,"payinvecash":400000.0,"incrcashpled":null,"invoutfitse":null,"invoutfform":null,"invcashoutf":2.1656604869E8,"netinvitse":null,"netinvform":null,"invnetcashflow":-2.11555055E8,"invrececash":null,"subsrececash":null,"recefromloan":1.8E8,"issbdrececash":null,"recefincash":null,"fininflitse":null,"fininflform":null,"fincashinfl":1.8E8,"debtpaycash":2.6E8,"diviprofpaycash":7630032.53,"subspaydivid":null,"finrelacash":null,"finoutfitse":null,"finoutfform":null,"fincashoutf":2.6763003253E8,"finnetitse":null,"finnetform":null,"finnetcflow":-8.763003253E7,"chgexchgchgs":null,"netcashitse":null,"netcashform":null,"cashnetr":-9.283017243E7,"inicashbala":3.0245732836E8,"cashfinalitse":null,"cashfinalform":null,"finalcashbala":2.0962715593E8,"netprofit":9.791733138E7,"minysharrigh":null,"unreinveloss":null,"asseimpa":1998122.23,"assedepr":3.064767096E7,"realestadep":null,"intaasseamor":2279009.56,"longdefeexpenamor":0.0,"prepexpedecr":null,"accrexpeincr":null,"dispfixedassetloss":-20003.53,"fixedassescraloss":0.0,"valuechgloss":0.0,"defeincoincr":null,"estidebts":null,"finexpe":8194162.96,"inveloss":-7778016.71,"defetaxassetdecr":1835931.65,"defetaxliabincr":1126208.79,"inveredu":-6.729092757E7,"receredu":-7.308927096E7,"payaincr":2.6076660084E8,"unseparachg":null,"unfiparachg":null,"other":-5.02319045E7,"biznetscheitse":null,"biznetscheform":null,"biznetcflow":2.063549151E8,"debtintocapi":null,"expiconvbd":null,"finfixedasset":null,"cashfinalbala":2.0962715593E8,"cashopenbala":3.0245732836E8,"equfinalbala":null,"equopenbala":null,"netcashscheitse":null,"netcashscheform":null,"cashneti":-9.283017243E7},{"compcode":"80191712","publishdate":"20160429","begindate":"20160101","enddate":"20160331","reporttype":"100111","adjustdate":"20160429","accstacode":"2","accstaname":"新会计准则","laborgetcash":5.5055375628E8,"deponetr":null,"bankloannetincr":null,"fininstnetr":null,"inspremcash":null,"insnetc":null,"savinetr":null,"disptradnetincr":null,"charintecash":null,"fdsborrnetr":null,"repnetincr":null,"taxrefd":null,"receotherbizcash":4000116.51,"bizinflitse":null,"bizinflform":null,"bizcashinfl":5.5455387279E8,"labopayc":3.0855035702E8,"loansnetr":null,"tradepaymnetr":null,"paycompgold":null,"payintecash":null,"paydivicash":null,"payworkcash":3.559117309E7,"paytax":3.643461547E7,"payacticash":6.91225632E7,"bizoutfitse":null,"bizoutfform":null,"bizcashoutf":4.4969870878E8,"biznetitse":null,"biznetform":null,"mananetr":1.0485516401E8,"withinvgetcash":null,"inveretugetcash":null,"fixedassetnetc":596581.15,"subsnetc":null,"receinvcash":null,"reducashpled":null,"invinflitse":null,"invinffrom":null,"invcashinfl":596581.15,"acquassetcash":1.1732069299E8,"invpayc":null,"loannetr":null,"subspaynetcash":null,"payinvecash":null,"incrcashpled":null,"invoutfitse":null,"invoutfform":null,"invcashoutf":1.1732069299E8,"netinvitse":null,"netinvform":null,"invnetcashflow":-1.1672411184E8,"invrececash":null,"subsrececash":null,"recefromloan":8.0E7,"issbdrececash":null,"recefincash":null,"fininflitse":null,"fininflform":null,"fincashinfl":8.0E7,"debtpaycash":1.1E8,"diviprofpaycash":4053201.04,"subspaydivid":null,"finrelacash":null,"finoutfitse":null,"finoutfform":null,"fincashoutf":1.1405320104E8,"finnetitse":null,"finnetform":null,"finnetcflow":-3.405320104E7,"chgexchgchgs":null,"netcashitse":null,"netcashform":null,"cashnetr":-4.592214887E7,"inicashbala":3.0245732836E8,"cashfinalitse":null,"cashfinalform":null,"finalcashbala":2.5653517949E8,"netprofit":null,"minysharrigh":null,"unreinveloss":null,"asseimpa":null,"assedepr":null,"realestadep":null,"intaasseamor":null,"longdefeexpenamor":null,"prepexpedecr":null,"accrexpeincr":null,"dispfixedassetloss":null,"fixedassescraloss":null,"valuechgloss":null,"defeincoincr":null,"estidebts":null,"finexpe":null,"inveloss":null,"defetaxassetdecr":null,"defetaxliabincr":null,"inveredu":null,"receredu":null,"payaincr":null,"unseparachg":null,"unfiparachg":null,"other":null,"biznetscheitse":null,"biznetscheform":null,"biznetcflow":null,"debtintocapi":null,"expiconvbd":null,"finfixedasset":null,"cashfinalbala":2.5653517949E8,"cashopenbala":3.0245732836E8,"equfinalbala":null,"equopenbala":null,"netcashscheitse":null,"netcashscheform":null,"cashneti":-4.592214887E7},{"compcode":"80191712","publishdate":"20160422","begindate":"20150101","enddate":"20151231","reporttype":"100111","adjustdate":"20160422","accstacode":"2","accstaname":"新会计准则","laborgetcash":2.06289886505E9,"deponetr":null,"bankloannetincr":null,"fininstnetr":null,"inspremcash":null,"insnetc":null,"savinetr":null,"disptradnetincr":null,"charintecash":null,"fdsborrnetr":null,"repnetincr":null,"taxrefd":null,"receotherbizcash":2.522894647E7,"bizinflitse":null,"bizinflform":null,"bizcashinfl":2.08812781152E9,"labopayc":1.46039429581E9,"loansnetr":null,"tradepaymnetr":null,"paycompgold":null,"payintecash":null,"paydivicash":null,"payworkcash":1.2459557208E8,"paytax":1.2837492033E8,"payacticash":1.9226881137E8,"bizoutfitse":null,"bizoutfform":null,"bizcashoutf":1.90563359959E9,"biznetitse":null,"biznetform":null,"mananetr":1.8249421193E8,"withinvgetcash":null,"inveretugetcash":4161655.38,"fixedassetnetc":1454000.0,"subsnetc":null,"receinvcash":1.1138E8,"reducashpled":null,"invinflitse":null,"invinffrom":null,"invcashinfl":1.1699565538E8,"acquassetcash":3.3951560902E8,"invpayc":4.85E7,"loannetr":null,"subspaynetcash":null,"payinvecash":null,"incrcashpled":null,"invoutfitse":null,"invoutfform":null,"invcashoutf":3.8801560902E8,"netinvitse":null,"netinvform":null,"invnetcashflow":-2.7101995364E8,"invrececash":null,"subsrececash":null,"recefromloan":3.25E8,"issbdrececash":null,"recefincash":null,"fininflitse":null,"fininflform":null,"fincashinfl":3.25E8,"debtpaycash":2.4E8,"diviprofpaycash":6.111242777E7,"subspaydivid":null,"finrelacash":null,"finoutfitse":null,"finoutfform":null,"fincashoutf":3.0111242777E8,"finnetitse":null,"finnetform":null,"finnetcflow":2.388757223E7,"chgexchgchgs":null,"netcashitse":null,"netcashform":null,"cashnetr":-6.463816948E7,"inicashbala":3.6709549784E8,"cashfinalitse":null,"cashfinalform":null,"finalcashbala":3.0245732836E8,"netprofit":1.4732176946E8,"minysharrigh":null,"unreinveloss":null,"asseimpa":1.337712738E7,"assedepr":3.214565022E7,"realestadep":null,"intaasseamor":4201196.92,"longdefeexpenamor":null,"prepexpedecr":null,"accrexpeincr":null,"dispfixedassetloss":-326438.75,"fixedassescraloss":null,"valuechgloss":null,"defeincoincr":null,"estidebts":null,"finexpe":9958866.05,"inveloss":-2.485117781E7,"defetaxassetdecr":-2231058.54,"defetaxliabincr":null,"inveredu":-6.384932945E7,"receredu":4.669116827E7,"payaincr":-2194731.4,"unseparachg":null,"unfiparachg":null,"other":2.225116958E7,"biznetscheitse":null,"biznetscheform":null,"biznetcflow":1.8249421193E8,"debtintocapi":null,"expiconvbd":null,"finfixedasset":null,"cashfinalbala":3.0245732836E8,"cashopenbala":3.6709549784E8,"equfinalbala":null,"equopenbala":null,"netcashscheitse":null,"netcashscheform":null,"cashneti":-6.463816948E7},{"compcode":"80191712","publishdate":"20151016","begindate":"20150101","enddate":"20150930","reporttype":"100111","adjustdate":"20151016","accstacode":"2","accstaname":"新会计准则","laborgetcash":1.47811254382E9,"deponetr":null,"bankloannetincr":null,"fininstnetr":null,"inspremcash":null,"insnetc":null,"savinetr":null,"disptradnetincr":null,"charintecash":null,"fdsborrnetr":null,"repnetincr":null,"taxrefd":null,"receotherbizcash":2.656423556E7,"bizinflitse":null,"bizinflform":null,"bizcashinfl":1.50467677938E9,"labopayc":1.09536414115E9,"loansnetr":null,"tradepaymnetr":null,"paycompgold":null,"payintecash":null,"paydivicash":null,"payworkcash":9.507156318E7,"paytax":9.713427867E7,"payacticash":1.4416017167E8,"bizoutfitse":null,"bizoutfform":null,"bizcashoutf":1.43173015467E9,"biznetitse":null,"biznetform":null,"mananetr":7.294662471E7,"withinvgetcash":null,"inveretugetcash":3476906.26,"fixedassetnetc":null,"subsnetc":null,"receinvcash":1.1138E8,"reducashpled":null,"invinflitse":null,"invinffrom":null,"invcashinfl":1.1485690626E8,"acquassetcash":2.7101799122E8,"invpayc":4.0E7,"loannetr":null,"subspaynetcash":null,"payinvecash":null,"incrcashpled":null,"invoutfitse":null,"invoutfform":null,"invcashoutf":3.1101799122E8,"netinvitse":null,"netinvform":null,"invnetcashflow":-1.9616108496E8,"invrececash":null,"subsrececash":null,"recefromloan":2.9E8,"issbdrececash":null,"recefincash":null,"fininflitse":null,"fininflform":null,"fincashinfl":2.9E8,"debtpaycash":2.4E8,"diviprofpaycash":5.714736667E7,"subspaydivid":null,"finrelacash":null,"finoutfitse":null,"finoutfform":null,"fincashoutf":2.9714736667E8,"finnetitse":null,"finnetform":null,"finnetcflow":-7147366.67,"chgexchgchgs":null,"netcashitse":null,"netcashform":null,"cashnetr":-1.3036182692E8,"inicashbala":3.6709549784E8,"cashfinalitse":null,"cashfinalform":null,"finalcashbala":2.3673367092E8,"netprofit":null,"minysharrigh":null,"unreinveloss":null,"asseimpa":null,"assedepr":null,"realestadep":null,"intaasseamor":null,"longdefeexpenamor":null,"prepexpedecr":null,"accrexpeincr":null,"dispfixedassetloss":null,"fixedassescraloss":null,"valuechgloss":null,"defeincoincr":null,"estidebts":null,"finexpe":null,"inveloss":null,"defetaxassetdecr":null,"defetaxliabincr":null,"inveredu":null,"receredu":null,"payaincr":null,"unseparachg":null,"unfiparachg":null,"other":null,"biznetscheitse":null,"biznetscheform":null,"biznetcflow":null,"debtintocapi":null,"expiconvbd":null,"finfixedasset":null,"cashfinalbala":2.3673367092E8,"cashopenbala":3.6709549784E8,"equfinalbala":null,"equopenbala":null,"netcashscheitse":null,"netcashscheform":null,"cashneti":-1.3036182692E8},{"compcode":"80191712","publishdate":"20150825","begindate":"20150101","enddate":"20150630","reporttype":"100111","adjustdate":"20150825","accstacode":"2","accstaname":"新会计准则","laborgetcash":1.03930645071E9,"deponetr":null,"bankloannetincr":null,"fininstnetr":null,"inspremcash":null,"insnetc":null,"savinetr":null,"disptradnetincr":null,"charintecash":null,"fdsborrnetr":null,"repnetincr":null,"taxrefd":null,"receotherbizcash":1.831035533E7,"bizinflitse":null,"bizinflform":null,"bizcashinfl":1.05761680604E9,"labopayc":7.6913219694E8,"loansnetr":null,"tradepaymnetr":null,"paycompgold":null,"payintecash":null,"paydivicash":null,"payworkcash":6.552430284E7,"paytax":7.421673278E7,"payacticash":1.0050756646E8,"bizoutfitse":null,"bizoutfform":null,"bizcashoutf":1.00938079902E9,"biznetitse":null,"biznetform":null,"mananetr":4.823600702E7,"withinvgetcash":null,"inveretugetcash":3059097.29,"fixedassetnetc":null,"subsnetc":null,"receinvcash":1.05E8,"reducashpled":null,"invinflitse":null,"invinffrom":null,"invcashinfl":1.0805909729E8,"acquassetcash":1.9984754566E8,"invpayc":3.0E7,"loannetr":null,"subspaynetcash":null,"payinvecash":null,"incrcashpled":null,"invoutfitse":null,"invoutfform":null,"invcashoutf":2.2984754566E8,"netinvitse":null,"netinvform":null,"invnetcashflow":-1.2178844837E8,"invrececash":null,"subsrececash":null,"recefromloan":2.6E8,"issbdrececash":null,"recefincash":null,"fininflitse":null,"fininflform":null,"fincashinfl":2.6E8,"debtpaycash":2.2E8,"diviprofpaycash":5.332996667E7,"subspaydivid":null,"finrelacash":null,"finoutfitse":null,"finoutfform":null,"fincashoutf":2.7332996667E8,"finnetitse":null,"finnetform":null,"finnetcflow":-1.332996667E7,"chgexchgchgs":null,"netcashitse":null,"netcashform":null,"cashnetr":-8.688240802E7,"inicashbala":3.6709549784E8,"cashfinalitse":null,"cashfinalform":null,"finalcashbala":2.8021308982E8,"netprofit":1.483698171E8,"minysharrigh":null,"unreinveloss":null,"asseimpa":1560535.4,"assedepr":1.228725909E7,"realestadep":null,"intaasseamor":2055567.81,"longdefeexpenamor":null,"prepexpedecr":null,"accrexpeincr":null,"dispfixedassetloss":null,"fixedassescraloss":null,"valuechgloss":null,"defeincoincr":null,"estidebts":null,"finexpe":4955102.12,"inveloss":-8.717063794E7,"defetaxassetdecr":-390133.84,"defetaxliabincr":2.226045114E7,"inveredu":-1.802296129E7,"receredu":-1.476332869E7,"payaincr":-2.689066388E7,"unseparachg":null,"unfiparachg":null,"other":3985000.0,"biznetscheitse":null,"biznetscheform":null,"biznetcflow":4.823600702E7,"debtintocapi":null,"expiconvbd":null,"finfixedasset":null,"cashfinalbala":2.8021308982E8,"cashopenbala":3.6709549784E8,"equfinalbala":null,"equopenbala":null,"netcashscheitse":null,"netcashscheform":null,"cashneti":-8.688240802E7},{"compcode":"80191712","publishdate":"20150424","begindate":"20150101","enddate":"20150331","reporttype":"100111","adjustdate":"20150424","accstacode":"2","accstaname":"新会计准则","laborgetcash":5.834076201E8,"deponetr":null,"bankloannetincr":null,"fininstnetr":null,"inspremcash":null,"insnetc":null,"savinetr":null,"disptradnetincr":null,"charintecash":null,"fdsborrnetr":null,"repnetincr":null,"taxrefd":null,"receotherbizcash":3.468555479E7,"bizinflitse":null,"bizinflform":null,"bizcashinfl":6.1809317489E8,"labopayc":4.8386357659E8,"loansnetr":null,"tradepaymnetr":null,"paycompgold":null,"payintecash":null,"paydivicash":null,"payworkcash":3.227851745E7,"paytax":3.957425873E7,"payacticash":6.219112352E7,"bizoutfitse":null,"bizoutfform":null,"bizcashoutf":6.1790747629E8,"biznetitse":null,"biznetform":null,"mananetr":185698.6,"withinvgetcash":null,"inveretugetcash":1151575.21,"fixedassetnetc":null,"subsnetc":null,"receinvcash":1.03E8,"reducashpled":null,"invinflitse":null,"invinffrom":null,"invcashinfl":1.0415157521E8,"acquassetcash":1.3361922155E8,"invpayc":null,"loannetr":null,"subspaynetcash":null,"payinvecash":1.0E7,"incrcashpled":null,"invoutfitse":null,"invoutfform":null,"invcashoutf":1.4361922155E8,"netinvitse":null,"netinvform":null,"invnetcashflow":-3.946764634E7,"invrececash":null,"subsrececash":null,"recefromloan":8.0E7,"issbdrececash":null,"recefincash":null,"fininflitse":null,"fininflform":null,"fincashinfl":8.0E7,"debtpaycash":1.2E8,"diviprofpaycash":3961972.23,"subspaydivid":null,"finrelacash":null,"finoutfitse":null,"finoutfform":null,"fincashoutf":1.2396197223E8,"finnetitse":null,"finnetform":null,"finnetcflow":-4.396197223E7,"chgexchgchgs":null,"netcashitse":null,"netcashform":null,"cashnetr":-8.324391997E7,"inicashbala":3.6709549784E8,"cashfinalitse":null,"cashfinalform":null,"finalcashbala":2.8385157787E8,"netprofit":null,"minysharrigh":null,"unreinveloss":null,"asseimpa":null,"assedepr":null,"realestadep":null,"intaasseamor":null,"longdefeexpenamor":null,"prepexpedecr":null,"accrexpeincr":null,"dispfixedassetloss":null,"fixedassescraloss":null,"valuechgloss":null,"defeincoincr":null,"estidebts":null,"finexpe":null,"inveloss":null,"defetaxassetdecr":null,"defetaxliabincr":null,"inveredu":null,"receredu":null,"payaincr":null,"unseparachg":null,"unfiparachg":null,"other":null,"biznetscheitse":null,"biznetscheform":null,"biznetcflow":null,"debtintocapi":null,"expiconvbd":null,"finfixedasset":null,"cashfinalbala":2.8385157787E8,"cashopenbala":3.6709549784E8,"equfinalbala":null,"equopenbala":null,"netcashscheitse":null,"netcashscheform":null,"cashneti":-8.324391997E7},{"compcode":"80191712","publishdate":"20150320","begindate":"20140101","enddate":"20141231","reporttype":"100111","adjustdate":"20150320","accstacode":"2","accstaname":"新会计准则","laborgetcash":1.94446515264E9,"deponetr":null,"bankloannetincr":null,"fininstnetr":null,"inspremcash":null,"insnetc":null,"savinetr":null,"disptradnetincr":null,"charintecash":null,"fdsborrnetr":null,"repnetincr":null,"taxrefd":null,"receotherbizcash":4.897296518E7,"bizinflitse":null,"bizinflform":null,"bizcashinfl":1.99343811782E9,"labopayc":1.24053085809E9,"loansnetr":null,"tradepaymnetr":null,"paycompgold":null,"payintecash":null,"paydivicash":null,"payworkcash":1.1470205188E8,"paytax":1.5194097538E8,"payacticash":2.2270778155E8,"bizoutfitse":null,"bizoutfform":null,"bizcashoutf":1.7298816669E9,"biznetitse":null,"biznetform":null,"mananetr":2.6355645092E8,"withinvgetcash":null,"inveretugetcash":3589821.18,"fixedassetnetc":46750.0,"subsnetc":null,"receinvcash":3.412E7,"reducashpled":null,"invinflitse":null,"invinffrom":null,"invcashinfl":3.775657118E7,"acquassetcash":1.9180307543E8,"invpayc":2.115E8,"loannetr":null,"subspaynetcash":null,"payinvecash":5000000.0,"incrcashpled":null,"invoutfitse":null,"invoutfform":null,"invcashoutf":4.0830307543E8,"netinvitse":null,"netinvform":null,"invnetcashflow":-3.7054650425E8,"invrececash":null,"subsrececash":null,"recefromloan":2.4830418473E8,"issbdrececash":null,"recefincash":null,"fininflitse":null,"fininflform":null,"fincashinfl":2.4830418473E8,"debtpaycash":8304184.73,"diviprofpaycash":1.4805282577E8,"subspaydivid":null,"finrelacash":null,"finoutfitse":null,"finoutfform":null,"fincashoutf":1.563570105E8,"finnetitse":null,"finnetform":null,"finnetcflow":9.194717423E7,"chgexchgchgs":null,"netcashitse":null,"netcashform":null,"cashnetr":-1.50428791E7,"inicashbala":3.8213837694E8,"cashfinalitse":null,"cashfinalform":null,"finalcashbala":3.6709549784E8,"netprofit":1.3289024389E8,"minysharrigh":null,"unreinveloss":null,"asseimpa":1998281.09,"assedepr":2.447920407E7,"realestadep":null,"intaasseamor":4062079.9,"longdefeexpenamor":null,"prepexpedecr":null,"accrexpeincr":null,"dispfixedassetloss":null,"fixedassescraloss":null,"valuechgloss":null,"defeincoincr":null,"estidebts":null,"finexpe":8473831.93,"inveloss":-1316840.89,"defetaxassetdecr":-4656811.4,"defetaxliabincr":null,"inveredu":-1.234770239E7,"receredu":1.5424942292E8,"payaincr":-7.81912582E7,"unseparachg":null,"unfiparachg":null,"other":3.3916E7,"biznetscheitse":null,"biznetscheform":null,"biznetcflow":2.6355645092E8,"debtintocapi":null,"expiconvbd":null,"finfixedasset":null,"cashfinalbala":3.6709549784E8,"cashopenbala":3.8213837694E8,"equfinalbala":null,"equopenbala":null,"netcashscheitse":null,"netcashscheform":null,"cashneti":-1.50428791E7},{"compcode":"80191712","publishdate":"20141028","begindate":"20140101","enddate":"20140930","reporttype":"100111","adjustdate":"20141028","accstacode":"2","accstaname":"新会计准则","laborgetcash":1.36251829773E9,"deponetr":null,"bankloannetincr":null,"fininstnetr":null,"inspremcash":null,"insnetc":null,"savinetr":null,"disptradnetincr":null,"charintecash":null,"fdsborrnetr":null,"repnetincr":null,"taxrefd":null,"receotherbizcash":7.176843116E7,"bizinflitse":null,"bizinflform":null,"bizcashinfl":1.43428672889E9,"labopayc":9.0202882488E8,"loansnetr":null,"tradepaymnetr":null,"paycompgold":null,"payintecash":null,"paydivicash":null,"payworkcash":8.533875228E7,"paytax":1.0599573643E8,"payacticash":2.0386803403E8,"bizoutfitse":null,"bizoutfform":null,"bizcashoutf":1.29723134762E9,"biznetitse":null,"biznetform":null,"mananetr":1.3705538127E8,"withinvgetcash":null,"inveretugetcash":3589821.18,"fixedassetnetc":46750.0,"subsnetc":null,"receinvcash":1.22E8,"reducashpled":null,"invinflitse":null,"invinffrom":null,"invcashinfl":1.2563657118E8,"acquassetcash":1.1800949687E8,"invpayc":2.115E8,"loannetr":null,"subspaynetcash":null,"payinvecash":2000000.0,"incrcashpled":null,"invoutfitse":null,"invoutfform":null,"invcashoutf":3.3150949687E8,"netinvitse":null,"netinvform":null,"invnetcashflow":-2.0587292569E8,"invrececash":null,"subsrececash":null,"recefromloan":2.4830418473E8,"issbdrececash":null,"recefincash":1.062E7,"fininflitse":null,"fininflform":null,"fincashinfl":2.5892418473E8,"debtpaycash":8304184.73,"diviprofpaycash":1.4421813132E8,"subspaydivid":null,"finrelacash":null,"finoutfitse":null,"finoutfform":null,"fincashoutf":1.5252231605E8,"finnetitse":null,"finnetform":null,"finnetcflow":1.0640186868E8,"chgexchgchgs":null,"netcashitse":null,"netcashform":null,"cashnetr":3.758432426E7,"inicashbala":3.8213837694E8,"cashfinalitse":null,"cashfinalform":null,"finalcashbala":4.197227012E8,"netprofit":null,"minysharrigh":null,"unreinveloss":null,"asseimpa":null,"assedepr":null,"realestadep":null,"intaasseamor":null,"longdefeexpenamor":null,"prepexpedecr":null,"accrexpeincr":null,"dispfixedassetloss":null,"fixedassescraloss":null,"valuechgloss":null,"defeincoincr":null,"estidebts":null,"finexpe":null,"inveloss":null,"defetaxassetdecr":null,"defetaxliabincr":null,"inveredu":null,"receredu":null,"payaincr":null,"unseparachg":null,"unfiparachg":null,"other":null,"biznetscheitse":null,"biznetscheform":null,"biznetcflow":null,"debtintocapi":null,"expiconvbd":null,"finfixedasset":null,"cashfinalbala":4.197227012E8,"cashopenbala":3.8213837694E8,"equfinalbala":null,"equopenbala":null,"netcashscheitse":null,"netcashscheform":null,"cashneti":3.758432426E7},{"compcode":"80191712","publishdate":"20140815","begindate":"20140101","enddate":"20140630","reporttype":"100111","adjustdate":"20140815","accstacode":"2","accstaname":"新会计准则","laborgetcash":9.0921275104E8,"deponetr":null,"bankloannetincr":null,"fininstnetr":null,"inspremcash":null,"insnetc":null,"savinetr":null,"disptradnetincr":null,"charintecash":null,"fdsborrnetr":null,"repnetincr":null,"taxrefd":null,"receotherbizcash":1.407456063E7,"bizinflitse":null,"bizinflform":null,"bizcashinfl":9.2328731167E8,"labopayc":5.0448638046E8,"loansnetr":null,"tradepaymnetr":null,"paycompgold":null,"payintecash":null,"paydivicash":null,"payworkcash":5.973595927E7,"paytax":7.116894427E7,"payacticash":1.6063443013E8,"bizoutfitse":null,"bizoutfform":null,"bizcashoutf":7.9602571413E8,"biznetitse":null,"biznetform":null,"mananetr":1.2726159754E8,"withinvgetcash":null,"inveretugetcash":3589821.18,"fixedassetnetc":53980.64,"subsnetc":null,"receinvcash":1.22E8,"reducashpled":null,"invinflitse":null,"invinffrom":null,"invcashinfl":1.2564380182E8,"acquassetcash":6.471734566E7,"invpayc":2.06E8,"loannetr":null,"subspaynetcash":null,"payinvecash":2000000.0,"incrcashpled":null,"invoutfitse":null,"invoutfform":null,"invcashoutf":2.7271734566E8,"netinvitse":null,"netinvform":null,"invnetcashflow":-1.4707354384E8,"invrececash":null,"subsrececash":null,"recefromloan":2.2830418473E8,"issbdrececash":null,"recefincash":1.062E7,"fininflitse":null,"fininflform":null,"fincashinfl":2.3892418473E8,"debtpaycash":null,"diviprofpaycash":1.4031034414E8,"subspaydivid":null,"finrelacash":null,"finoutfitse":null,"finoutfform":null,"fincashoutf":1.4031034414E8,"finnetitse":null,"finnetform":null,"finnetcflow":9.861384059E7,"chgexchgchgs":null,"netcashitse":null,"netcashform":null,"cashnetr":7.880189429E7,"inicashbala":3.8213837694E8,"cashfinalitse":null,"cashfinalform":null,"finalcashbala":4.6094027123E8,"netprofit":8.15248528E7,"minysharrigh":null,"unreinveloss":null,"asseimpa":2370417.21,"assedepr":1.193479656E7,"realestadep":null,"intaasseamor":2021836.53,"longdefeexpenamor":null,"prepexpedecr":null,"accrexpeincr":null,"dispfixedassetloss":8030.64,"fixedassescraloss":null,"valuechgloss":null,"defeincoincr":null,"estidebts":null,"finexpe":558654.24,"inveloss":-266293.4,"defetaxassetdecr":-592604.29,"defetaxliabincr":null,"inveredu":-4.62013777E7,"receredu":-1.0581382057E8,"payaincr":2.3171710552E8,"unseparachg":null,"unfiparachg":null,"other":-5.0E7,"biznetscheitse":null,"biznetscheform":null,"biznetcflow":1.2726159754E8,"debtintocapi":null,"expiconvbd":null,"finfixedasset":null,"cashfinalbala":4.6094027123E8,"cashopenbala":3.8213837694E8,"equfinalbala":null,"equopenbala":null,"netcashscheitse":null,"netcashscheform":null,"cashneti":7.880189429E7},{"compcode":"80191712","publishdate":"20140429","begindate":"20140101","enddate":"20140331","reporttype":"100111","adjustdate":"20140429","accstacode":"2","accstaname":"新会计准则","laborgetcash":4.4491346501E8,"deponetr":null,"bankloannetincr":null,"fininstnetr":null,"inspremcash":null,"insnetc":null,"savinetr":null,"disptradnetincr":null,"charintecash":null,"fdsborrnetr":null,"repnetincr":null,"taxrefd":null,"receotherbizcash":7782417.52,"bizinflitse":null,"bizinflform":null,"bizcashinfl":4.5269588253E8,"labopayc":2.6615468938E8,"loansnetr":null,"tradepaymnetr":null,"paycompgold":null,"payintecash":null,"paydivicash":null,"payworkcash":2.954712768E7,"paytax":4.113908312E7,"payacticash":1.1485192478E8,"bizoutfitse":null,"bizoutfform":null,"bizcashoutf":4.5169282496E8,"biznetitse":null,"biznetform":null,"mananetr":1003057.57,"withinvgetcash":null,"inveretugetcash":176293.4,"fixedassetnetc":null,"subsnetc":null,"receinvcash":2.140250444E7,"reducashpled":null,"invinflitse":null,"invinffrom":null,"invcashinfl":2.157879784E7,"acquassetcash":3.71275353E7,"invpayc":1.54E8,"loannetr":null,"subspaynetcash":null,"payinvecash":null,"incrcashpled":null,"invoutfitse":null,"invoutfform":null,"invcashoutf":1.911275353E8,"netinvitse":null,"netinvform":null,"invnetcashflow":-1.6954873746E8,"invrececash":null,"subsrececash":null,"recefromloan":9.0E7,"issbdrececash":null,"recefincash":9720000.0,"fininflitse":null,"fininflform":null,"fincashinfl":9.972E7,"debtpaycash":null,"diviprofpaycash":125833.33,"subspaydivid":null,"finrelacash":null,"finoutfitse":null,"finoutfform":null,"fincashoutf":125833.33,"finnetitse":null,"finnetform":null,"finnetcflow":9.959416667E7,"chgexchgchgs":null,"netcashitse":null,"netcashform":null,"cashnetr":-6.895151322E7,"inicashbala":3.8213837694E8,"cashfinalitse":null,"cashfinalform":null,"finalcashbala":3.1318686372E8,"netprofit":null,"minysharrigh":null,"unreinveloss":null,"asseimpa":null,"assedepr":null,"realestadep":null,"intaasseamor":null,"longdefeexpenamor":null,"prepexpedecr":null,"accrexpeincr":null,"dispfixedassetloss":null,"fixedassescraloss":null,"valuechgloss":null,"defeincoincr":null,"estidebts":null,"finexpe":null,"inveloss":null,"defetaxassetdecr":null,"defetaxliabincr":null,"inveredu":null,"receredu":null,"payaincr":null,"unseparachg":null,"unfiparachg":null,"other":null,"biznetscheitse":null,"biznetscheform":null,"biznetcflow":null,"debtintocapi":null,"expiconvbd":null,"finfixedasset":null,"cashfinalbala":3.1318686372E8,"cashopenbala":3.8213837694E8,"equfinalbala":null,"equopenbala":null,"netcashscheitse":null,"netcashscheform":null,"cashneti":-6.895151322E7},{"compcode":"80191712","publishdate":"20140424","begindate":"20130101","enddate":"20131231","reporttype":"100111","adjustdate":"20140424","accstacode":"2","accstaname":"新会计准则","laborgetcash":1.90292847224E9,"deponetr":null,"bankloannetincr":null,"fininstnetr":null,"inspremcash":null,"insnetc":null,"savinetr":null,"disptradnetincr":null,"charintecash":null,"fdsborrnetr":null,"repnetincr":null,"taxrefd":null,"receotherbizcash":4.675360973E7,"bizinflitse":null,"bizinflform":null,"bizcashinfl":1.94968208197E9,"labopayc":1.30711777392E9,"loansnetr":null,"tradepaymnetr":null,"paycompgold":null,"payintecash":null,"paydivicash":null,"payworkcash":1.0914921074E8,"paytax":1.5221204084E8,"payacticash":2.5104044405E8,"bizoutfitse":null,"bizoutfform":null,"bizcashoutf":1.81951946955E9,"biznetitse":null,"biznetform":null,"mananetr":1.3016261242E8,"withinvgetcash":null,"inveretugetcash":1.296304281E7,"fixedassetnetc":null,"subsnetc":null,"receinvcash":2.07E8,"reducashpled":null,"invinflitse":null,"invinffrom":null,"invcashinfl":2.1996304281E8,"acquassetcash":5.7181728323E8,"invpayc":null,"loannetr":null,"subspaynetcash":8.293E7,"payinvecash":2.340250444E7,"incrcashpled":null,"invoutfitse":null,"invoutfform":null,"invcashoutf":6.7814978767E8,"netinvitse":null,"netinvform":null,"invnetcashflow":-4.5818674486E8,"invrececash":null,"subsrececash":null,"recefromloan":null,"issbdrececash":null,"recefincash":4.61E7,"fininflitse":null,"fininflform":null,"fincashinfl":4.61E7,"debtpaycash":null,"diviprofpaycash":1.152E8,"subspaydivid":null,"finrelacash":3.59E7,"finoutfitse":null,"finoutfform":null,"fincashoutf":1.511E8,"finnetitse":null,"finnetform":null,"finnetcflow":-1.05E8,"chgexchgchgs":null,"netcashitse":null,"netcashform":null,"cashnetr":-4.3302413244E8,"inicashbala":8.1516250938E8,"cashfinalitse":null,"cashfinalform":null,"finalcashbala":3.8213837694E8,"netprofit":1.6188050784E8,"minysharrigh":null,"unreinveloss":null,"asseimpa":-302148.58,"assedepr":2.190996988E7,"realestadep":null,"intaasseamor":3876227.7,"longdefeexpenamor":null,"prepexpedecr":null,"accrexpeincr":null,"dispfixedassetloss":null,"fixedassescraloss":null,"valuechgloss":null,"defeincoincr":null,"estidebts":null,"finexpe":-6952780.43,"inveloss":-809718.89,"defetaxassetdecr":-150652.61,"defetaxliabincr":null,"inveredu":-1.817901138E7,"receredu":-1.8697468594E8,"payaincr":2.0986490483E8,"unseparachg":null,"unfiparachg":null,"other":-5.4E7,"biznetscheitse":null,"biznetscheform":null,"biznetcflow":1.3016261242E8,"debtintocapi":null,"expiconvbd":null,"finfixedasset":null,"cashfinalbala":3.8213837694E8,"cashopenbala":8.1516250938E8,"equfinalbala":null,"equopenbala":null,"netcashscheitse":null,"netcashscheform":null,"cashneti":-4.3302413244E8},{"compcode":"80191712","publishdate":"20131024","begindate":"20130101","enddate":"20130930","reporttype":"100111","adjustdate":"20131024","accstacode":"2","accstaname":"新会计准则","laborgetcash":1.38125136978E9,"deponetr":null,"bankloannetincr":null,"fininstnetr":null,"inspremcash":null,"insnetc":null,"savinetr":null,"disptradnetincr":null,"charintecash":null,"fdsborrnetr":null,"repnetincr":null,"taxrefd":null,"receotherbizcash":2.4210485E7,"bizinflitse":null,"bizinflform":null,"bizcashinfl":1.40546185478E9,"labopayc":9.7426232793E8,"loansnetr":null,"tradepaymnetr":null,"paycompgold":null,"payintecash":null,"paydivicash":null,"payworkcash":8.187806017E7,"paytax":1.2356433774E8,"payacticash":2.0786722272E8,"bizoutfitse":null,"bizoutfform":null,"bizcashoutf":1.38757194856E9,"biznetitse":null,"biznetform":null,"mananetr":1.788990622E7,"withinvgetcash":null,"inveretugetcash":586218.84,"fixedassetnetc":null,"subsnetc":null,"receinvcash":4.3906099319E8,"reducashpled":null,"invinflitse":null,"invinffrom":null,"invcashinfl":4.3964721203E8,"acquassetcash":4.8341709621E8,"invpayc":8.293E7,"loannetr":null,"subspaynetcash":null,"payinvecash":2.22E8,"incrcashpled":null,"invoutfitse":null,"invoutfform":null,"invcashoutf":7.8834709621E8,"netinvitse":null,"netinvform":null,"invnetcashflow":-3.4869988418E8,"invrececash":null,"subsrececash":null,"recefromloan":null,"issbdrececash":null,"recefincash":3.99E7,"fininflitse":null,"fininflform":null,"fincashinfl":3.99E7,"debtpaycash":3.59E7,"diviprofpaycash":1.1535327778E8,"subspaydivid":null,"finrelacash":null,"finoutfitse":null,"finoutfform":null,"fincashoutf":1.5125327778E8,"finnetitse":null,"finnetform":null,"finnetcflow":-1.1135327778E8,"chgexchgchgs":null,"netcashitse":null,"netcashform":null,"cashnetr":-4.4216325574E8,"inicashbala":8.1516250938E8,"cashfinalitse":null,"cashfinalform":null,"finalcashbala":3.7299925364E8,"netprofit":null,"minysharrigh":null,"unreinveloss":null,"asseimpa":null,"assedepr":null,"realestadep":null,"intaasseamor":null,"longdefeexpenamor":null,"prepexpedecr":null,"accrexpeincr":null,"dispfixedassetloss":null,"fixedassescraloss":null,"valuechgloss":null,"defeincoincr":null,"estidebts":null,"finexpe":null,"inveloss":null,"defetaxassetdecr":null,"defetaxliabincr":null,"inveredu":null,"receredu":null,"payaincr":null,"unseparachg":null,"unfiparachg":null,"other":null,"biznetscheitse":null,"biznetscheform":null,"biznetcflow":null,"debtintocapi":null,"expiconvbd":null,"finfixedasset":null,"cashfinalbala":3.7299925364E8,"cashopenbala":8.1516250938E8,"equfinalbala":null,"equopenbala":null,"netcashscheitse":null,"netcashscheform":null,"cashneti":-4.4216325574E8},{"compcode":"80191712","publishdate":"20130815","begindate":"20130101","enddate":"20130630","reporttype":"100111","adjustdate":"20130815","accstacode":"2","accstaname":"新会计准则","laborgetcash":9.5128431729E8,"deponetr":null,"bankloannetincr":null,"fininstnetr":null,"inspremcash":null,"insnetc":null,"savinetr":null,"disptradnetincr":null,"charintecash":null,"fdsborrnetr":null,"repnetincr":null,"taxrefd":null,"receotherbizcash":2.274530139E7,"bizinflitse":null,"bizinflform":null,"bizcashinfl":9.7402961868E8,"labopayc":6.7864001451E8,"loansnetr":null,"tradepaymnetr":null,"paycompgold":null,"payintecash":null,"paydivicash":null,"payworkcash":5.709892368E7,"paytax":9.784730003E7,"payacticash":1.3948103453E8,"bizoutfitse":null,"bizoutfform":null,"bizcashoutf":9.7306727275E8,"biznetitse":null,"biznetform":null,"mananetr":962345.93,"withinvgetcash":null,"inveretugetcash":394841.77,"fixedassetnetc":null,"subsnetc":null,"receinvcash":3.3751992375E8,"reducashpled":null,"invinflitse":null,"invinffrom":null,"invcashinfl":3.3791476552E8,"acquassetcash":3.0961183438E8,"invpayc":8.293E7,"loannetr":null,"subspaynetcash":null,"payinvecash":2.22E8,"incrcashpled":null,"invoutfitse":null,"invoutfform":null,"invcashoutf":6.1454183438E8,"netinvitse":null,"netinvform":null,"invnetcashflow":-2.7662706886E8,"invrececash":null,"subsrececash":null,"recefromloan":null,"issbdrececash":null,"recefincash":3.59E7,"fininflitse":null,"fininflform":null,"fincashinfl":3.59E7,"debtpaycash":3.59E7,"diviprofpaycash":1.1535327778E8,"subspaydivid":null,"finrelacash":null,"finoutfitse":null,"finoutfform":null,"fincashoutf":1.5125327778E8,"finnetitse":null,"finnetform":null,"finnetcflow":-1.1535327778E8,"chgexchgchgs":null,"netcashitse":null,"netcashform":null,"cashnetr":-3.9101800071E8,"inicashbala":8.1516250938E8,"cashfinalitse":null,"cashfinalform":null,"finalcashbala":4.2414450867E8,"netprofit":7.82477139E7,"minysharrigh":null,"unreinveloss":null,"asseimpa":366138.57,"assedepr":1.035768489E7,"realestadep":null,"intaasseamor":1905491.54,"longdefeexpenamor":null,"prepexpedecr":null,"accrexpeincr":null,"dispfixedassetloss":0.0,"fixedassescraloss":null,"valuechgloss":null,"defeincoincr":null,"estidebts":null,"finexpe":-4200323.7,"inveloss":null,"defetaxassetdecr":1150623.17,"defetaxliabincr":null,"inveredu":-2.274677623E7,"receredu":-7.981974074E7,"payaincr":5.570153453E7,"unseparachg":null,"unfiparachg":null,"other":-4.0E7,"biznetscheitse":null,"biznetscheform":null,"biznetcflow":962345.93,"debtintocapi":null,"expiconvbd":null,"finfixedasset":null,"cashfinalbala":4.2414450867E8,"cashopenbala":8.1516250938E8,"equfinalbala":null,"equopenbala":null,"netcashscheitse":null,"netcashscheform":null,"cashneti":-3.9101800071E8},{"compcode":"80191712","publishdate":"20130424","begindate":"20130101","enddate":"20130331","reporttype":"100111","adjustdate":"20130424","accstacode":"2","accstaname":"新会计准则","laborgetcash":4.814281906E8,"deponetr":null,"bankloannetincr":null,"fininstnetr":null,"inspremcash":null,"insnetc":null,"savinetr":null,"disptradnetincr":null,"charintecash":null,"fdsborrnetr":null,"repnetincr":null,"taxrefd":null,"receotherbizcash":9382893.62,"bizinflitse":null,"bizinflform":null,"bizcashinfl":4.9081108422E8,"labopayc":3.9253571465E8,"loansnetr":null,"tradepaymnetr":null,"paycompgold":null,"payintecash":null,"paydivicash":null,"payworkcash":2.578977051E7,"paytax":5.721997943E7,"payacticash":5.703182778E7,"bizoutfitse":null,"bizoutfform":null,"bizcashoutf":5.3257729237E8,"biznetitse":null,"biznetform":null,"mananetr":-4.176620815E7,"withinvgetcash":null,"inveretugetcash":null,"fixedassetnetc":null,"subsnetc":null,"receinvcash":3.1551992375E8,"reducashpled":null,"invinflitse":null,"invinffrom":null,"invcashinfl":3.1551992375E8,"acquassetcash":1.3585568402E8,"invpayc":8.293E7,"loannetr":null,"subspaynetcash":null,"payinvecash":2.0E8,"incrcashpled":null,"invoutfitse":null,"invoutfform":null,"invcashoutf":4.1878568402E8,"netinvitse":null,"netinvform":null,"invnetcashflow":-1.0326576027E8,"invrececash":null,"subsrececash":null,"recefromloan":null,"issbdrececash":null,"recefincash":3.59E7,"fininflitse":null,"fininflform":null,"fincashinfl":3.59E7,"debtpaycash":3.59E7,"diviprofpaycash":null,"subspaydivid":null,"finrelacash":null,"finoutfitse":null,"finoutfform":null,"fincashoutf":3.59E7,"finnetitse":null,"finnetform":null,"finnetcflow":0.0,"chgexchgchgs":null,"netcashitse":null,"netcashform":null,"cashnetr":-1.4503196842E8,"inicashbala":8.1516250938E8,"cashfinalitse":null,"cashfinalform":null,"finalcashbala":6.7013054096E8,"netprofit":null,"minysharrigh":null,"unreinveloss":null,"asseimpa":null,"assedepr":null,"realestadep":null,"intaasseamor":null,"longdefeexpenamor":null,"prepexpedecr":null,"accrexpeincr":null,"dispfixedassetloss":null,"fixedassescraloss":null,"valuechgloss":null,"defeincoincr":null,"estidebts":null,"finexpe":null,"inveloss":null,"defetaxassetdecr":null,"defetaxliabincr":null,"inveredu":null,"receredu":null,"payaincr":null,"unseparachg":null,"unfiparachg":null,"other":null,"biznetscheitse":null,"biznetscheform":null,"biznetcflow":null,"debtintocapi":null,"expiconvbd":null,"finfixedasset":null,"cashfinalbala":6.7013054096E8,"cashopenbala":8.1516250938E8,"equfinalbala":null,"equopenbala":null,"netcashscheitse":null,"netcashscheform":null,"cashneti":-1.4503196842E8},{"compcode":"80191712","publishdate":"20130411","begindate":"20120101","enddate":"20121231","reporttype":"100111","adjustdate":"20130411","accstacode":"2","accstaname":"新会计准则","laborgetcash":1.87791813821E9,"deponetr":null,"bankloannetincr":null,"fininstnetr":null,"inspremcash":null,"insnetc":null,"savinetr":null,"disptradnetincr":null,"charintecash":null,"fdsborrnetr":null,"repnetincr":null,"taxrefd":null,"receotherbizcash":2.147672551E7,"bizinflitse":null,"bizinflform":null,"bizcashinfl":1.89939486372E9,"labopayc":1.3191920595E9,"loansnetr":null,"tradepaymnetr":null,"paycompgold":null,"payintecash":null,"paydivicash":null,"payworkcash":9.563112498E7,"paytax":1.7318511364E8,"payacticash":1.6343274236E8,"bizoutfitse":null,"bizoutfform":null,"bizcashoutf":1.75144104048E9,"biznetitse":null,"biznetform":null,"mananetr":1.4795382324E8,"withinvgetcash":null,"inveretugetcash":null,"fixedassetnetc":198899.31,"subsnetc":null,"receinvcash":null,"reducashpled":null,"invinflitse":null,"invinffrom":null,"invcashinfl":198899.31,"acquassetcash":7.709634103E7,"invpayc":null,"loannetr":null,"subspaynetcash":null,"payinvecash":3.17E8,"incrcashpled":null,"invoutfitse":null,"invoutfform":null,"invcashoutf":3.9409634103E8,"netinvitse":null,"netinvform":null,"invnetcashflow":-3.9389744172E8,"invrececash":null,"subsrececash":null,"recefromloan":null,"issbdrececash":null,"recefincash":null,"fininflitse":null,"fininflform":null,"fincashinfl":0.0,"debtpaycash":2.364E8,"diviprofpaycash":9.923151801E7,"subspaydivid":null,"finrelacash":9740000.0,"finoutfitse":null,"finoutfform":null,"fincashoutf":3.4537151801E8,"finnetitse":null,"finnetform":null,"finnetcflow":-3.4537151801E8,"chgexchgchgs":null,"netcashitse":null,"netcashform":null,"cashnetr":-5.9131513649E8,"inicashbala":1.40647764587E9,"cashfinalitse":null,"cashfinalform":null,"finalcashbala":8.1516250938E8,"netprofit":1.7583783296E8,"minysharrigh":null,"unreinveloss":null,"asseimpa":-148561.54,"assedepr":1.641567935E7,"realestadep":null,"intaasseamor":2074768.36,"longdefeexpenamor":null,"prepexpedecr":null,"accrexpeincr":null,"dispfixedassetloss":-12403.01,"fixedassescraloss":null,"valuechgloss":null,"defeincoincr":null,"estidebts":null,"finexpe":-1.975780444E7,"inveloss":null,"defetaxassetdecr":47547.11,"defetaxliabincr":null,"inveredu":-6231635.79,"receredu":3.129633663E7,"payaincr":-5.156793639E7,"unseparachg":null,"unfiparachg":null,"other":null,"biznetscheitse":null,"biznetscheform":null,"biznetcflow":1.4795382324E8,"debtintocapi":null,"expiconvbd":null,"finfixedasset":null,"cashfinalbala":8.1516250938E8,"cashopenbala":1.40647764587E9,"equfinalbala":null,"equopenbala":null,"netcashscheitse":null,"netcashscheform":null,"cashneti":-5.9131513649E8},{"compcode":"80191712","publishdate":"20121025","begindate":"20120101","enddate":"20120930","reporttype":"100111","adjustdate":"20121025","accstacode":"2","accstaname":"新会计准则","laborgetcash":1.37625722113E9,"deponetr":null,"bankloannetincr":null,"fininstnetr":null,"inspremcash":null,"insnetc":null,"savinetr":null,"disptradnetincr":null,"charintecash":null,"fdsborrnetr":null,"repnetincr":null,"taxrefd":null,"receotherbizcash":1.412096252E7,"bizinflitse":null,"bizinflform":null,"bizcashinfl":1.39037818365E9,"labopayc":1.03212251183E9,"loansnetr":null,"tradepaymnetr":null,"paycompgold":null,"payintecash":null,"paydivicash":null,"payworkcash":7.185763177E7,"paytax":1.4404186211E8,"payacticash":1.4208924659E8,"bizoutfitse":null,"bizoutfform":null,"bizcashoutf":1.3901112523E9,"biznetitse":null,"biznetform":null,"mananetr":266931.35,"withinvgetcash":null,"inveretugetcash":null,"fixedassetnetc":13845.0,"subsnetc":null,"receinvcash":null,"reducashpled":null,"invinflitse":null,"invinffrom":null,"invcashinfl":13845.0,"acquassetcash":2.125569209E7,"invpayc":null,"loannetr":null,"subspaynetcash":null,"payinvecash":1441.99,"incrcashpled":null,"invoutfitse":null,"invoutfform":null,"invcashoutf":2.125713408E7,"netinvitse":null,"netinvform":null,"invnetcashflow":-2.124328908E7,"invrececash":null,"subsrececash":null,"recefromloan":null,"issbdrececash":null,"recefincash":1507283.48,"fininflitse":null,"fininflform":null,"fincashinfl":1507283.48,"debtpaycash":2.364E8,"diviprofpaycash":9.923151801E7,"subspaydivid":null,"finrelacash":7740000.0,"finoutfitse":null,"finoutfform":null,"fincashoutf":3.4337151801E8,"finnetitse":null,"finnetform":null,"finnetcflow":-3.4186423453E8,"chgexchgchgs":null,"netcashitse":null,"netcashform":null,"cashnetr":-3.6284059226E8,"inicashbala":1.40647764587E9,"cashfinalitse":null,"cashfinalform":null,"finalcashbala":1.04363705361E9,"netprofit":null,"minysharrigh":null,"unreinveloss":null,"asseimpa":null,"assedepr":null,"realestadep":null,"intaasseamor":null,"longdefeexpenamor":null,"prepexpedecr":null,"accrexpeincr":null,"dispfixedassetloss":null,"fixedassescraloss":null,"valuechgloss":null,"defeincoincr":null,"estidebts":null,"finexpe":null,"inveloss":null,"defetaxassetdecr":null,"defetaxliabincr":null,"inveredu":null,"receredu":null,"payaincr":null,"unseparachg":null,"unfiparachg":null,"other":null,"biznetscheitse":null,"biznetscheform":null,"biznetcflow":null,"debtintocapi":null,"expiconvbd":null,"finfixedasset":null,"cashfinalbala":1.04363705361E9,"cashopenbala":1.40647764587E9,"equfinalbala":null,"equopenbala":null,"netcashscheitse":null,"netcashscheform":null,"cashneti":-3.6284059226E8},{"compcode":"80191712","publishdate":"20120816","begindate":"20120101","enddate":"20120630","reporttype":"100111","adjustdate":"20120816","accstacode":"2","accstaname":"新会计准则","laborgetcash":9.0473871881E8,"deponetr":null,"bankloannetincr":null,"fininstnetr":null,"inspremcash":null,"insnetc":null,"savinetr":null,"disptradnetincr":null,"charintecash":null,"fdsborrnetr":null,"repnetincr":null,"taxrefd":null,"receotherbizcash":7476604.34,"bizinflitse":null,"bizinflform":null,"bizcashinfl":9.1221532315E8,"labopayc":6.9745237011E8,"loansnetr":null,"tradepaymnetr":null,"paycompgold":null,"payintecash":null,"paydivicash":null,"payworkcash":5.130246958E7,"paytax":1.2128839349E8,"payacticash":9.835489432E7,"bizoutfitse":null,"bizoutfform":null,"bizcashoutf":9.683981275E8,"biznetitse":null,"biznetform":null,"mananetr":-5.618280435E7,"withinvgetcash":null,"inveretugetcash":null,"fixedassetnetc":13845.0,"subsnetc":null,"receinvcash":null,"reducashpled":null,"invinflitse":null,"invinffrom":null,"invcashinfl":13845.0,"acquassetcash":1.031437049E7,"invpayc":null,"loannetr":null,"subspaynetcash":null,"payinvecash":1441.99,"incrcashpled":null,"invoutfitse":null,"invoutfform":null,"invcashoutf":1.031581248E7,"netinvitse":null,"netinvform":null,"invnetcashflow":-1.030196748E7,"invrececash":null,"subsrececash":null,"recefromloan":null,"issbdrececash":null,"recefincash":1499017.47,"fininflitse":null,"fininflform":null,"fincashinfl":1499017.47,"debtpaycash":2.364E8,"diviprofpaycash":9.923151801E7,"subspaydivid":null,"finrelacash":7740000.0,"finoutfitse":null,"finoutfform":null,"fincashoutf":3.4337151801E8,"finnetitse":null,"finnetform":null,"finnetcflow":-3.4187250054E8,"chgexchgchgs":null,"netcashitse":null,"netcashform":null,"cashnetr":-4.0835727237E8,"inicashbala":1.40647764587E9,"cashfinalitse":null,"cashfinalform":null,"finalcashbala":9.981203735E8,"netprofit":7.453807199E7,"minysharrigh":null,"unreinveloss":null,"asseimpa":731373.38,"assedepr":8120925.68,"realestadep":null,"intaasseamor":1037187.05,"longdefeexpenamor":null,"prepexpedecr":null,"accrexpeincr":null,"dispfixedassetloss":-12403.01,"fixedassescraloss":null,"valuechgloss":null,"defeincoincr":null,"estidebts":null,"finexpe":-8444219.69,"inveloss":null,"defetaxassetdecr":-149117.28,"defetaxliabincr":null,"inveredu":-1.398777763E7,"receredu":-8.846817365E7,"payaincr":-1.232867119E7,"unseparachg":null,"unfiparachg":null,"other":-1.722E7,"biznetscheitse":null,"biznetscheform":null,"biznetcflow":-5.618280435E7,"debtintocapi":null,"expiconvbd":null,"finfixedasset":null,"cashfinalbala":9.981203735E8,"cashopenbala":1.40647764587E9,"equfinalbala":null,"equopenbala":null,"netcashscheitse":null,"netcashscheform":null,"cashneti":-4.0835727237E8},{"compcode":"80191712","publishdate":"20120424","begindate":"20120101","enddate":"20120331","reporttype":"100111","adjustdate":"20120424","accstacode":"2","accstaname":"新会计准则","laborgetcash":4.9340043332E8,"deponetr":null,"bankloannetincr":null,"fininstnetr":null,"inspremcash":null,"insnetc":null,"savinetr":null,"disptradnetincr":null,"charintecash":null,"fdsborrnetr":null,"repnetincr":null,"taxrefd":null,"receotherbizcash":2745805.2,"bizinflitse":null,"bizinflform":null,"bizcashinfl":4.9614623852E8,"labopayc":4.6552223083E8,"loansnetr":null,"tradepaymnetr":null,"paycompgold":null,"payintecash":null,"paydivicash":null,"payworkcash":2.690171149E7,"paytax":8.386214348E7,"payacticash":3.683208252E7,"bizoutfitse":null,"bizoutfform":null,"bizcashoutf":6.1311816832E8,"biznetitse":null,"biznetform":null,"mananetr":-1.169719298E8,"withinvgetcash":null,"inveretugetcash":null,"fixedassetnetc":11610.0,"subsnetc":null,"receinvcash":null,"reducashpled":null,"invinflitse":null,"invinffrom":null,"invcashinfl":11610.0,"acquassetcash":5145325.2,"invpayc":null,"loannetr":null,"subspaynetcash":null,"payinvecash":549.43,"incrcashpled":null,"invoutfitse":null,"invoutfform":null,"invcashoutf":5145874.63,"netinvitse":null,"netinvform":null,"invnetcashflow":-5134264.63,"invrececash":null,"subsrececash":null,"recefromloan":null,"issbdrececash":null,"recefincash":null,"fininflitse":null,"fininflform":null,"fincashinfl":0.0,"debtpaycash":2.364E8,"diviprofpaycash":3231518.01,"subspaydivid":null,"finrelacash":7320000.0,"finoutfitse":null,"finoutfform":null,"fincashoutf":2.4695151801E8,"finnetitse":null,"finnetform":null,"finnetcflow":-2.4695151801E8,"chgexchgchgs":null,"netcashitse":null,"netcashform":null,"cashnetr":-3.6905771244E8,"inicashbala":1.40647764587E9,"cashfinalitse":null,"cashfinalform":null,"finalcashbala":1.03741993343E9,"netprofit":null,"minysharrigh":null,"unreinveloss":null,"asseimpa":null,"assedepr":null,"realestadep":null,"intaasseamor":null,"longdefeexpenamor":null,"prepexpedecr":null,"accrexpeincr":null,"dispfixedassetloss":null,"fixedassescraloss":null,"valuechgloss":null,"defeincoincr":null,"estidebts":null,"finexpe":null,"inveloss":null,"defetaxassetdecr":null,"defetaxliabincr":null,"inveredu":null,"receredu":null,"payaincr":null,"unseparachg":null,"unfiparachg":null,"other":null,"biznetscheitse":null,"biznetscheform":null,"biznetcflow":null,"debtintocapi":null,"expiconvbd":null,"finfixedasset":null,"cashfinalbala":1.03741993343E9,"cashopenbala":1.40647764587E9,"equfinalbala":null,"equopenbala":null,"netcashscheitse":null,"netcashscheform":null,"cashneti":-3.6905771244E8},{"compcode":"80191712","publishdate":"20120412","begindate":"20110101","enddate":"20111231","reporttype":"100111","adjustdate":"20120412","accstacode":"2","accstaname":"新会计准则","laborgetcash":1.90018588885E9,"deponetr":null,"bankloannetincr":null,"fininstnetr":null,"inspremcash":null,"insnetc":null,"savinetr":null,"disptradnetincr":null,"charintecash":null,"fdsborrnetr":null,"repnetincr":null,"taxrefd":null,"receotherbizcash":8.378501681E7,"bizinflitse":null,"bizinflform":null,"bizcashinfl":1.98397090566E9,"labopayc":1.51660286877E9,"loansnetr":null,"tradepaymnetr":null,"paycompgold":null,"payintecash":null,"paydivicash":null,"payworkcash":7.678194486E7,"paytax":1.0555161239E8,"payacticash":1.722750853E8,"bizoutfitse":null,"bizoutfform":null,"bizcashoutf":1.87121151132E9,"biznetitse":null,"biznetform":null,"mananetr":1.1275939434E8,"withinvgetcash":null,"inveretugetcash":null,"fixedassetnetc":null,"subsnetc":null,"receinvcash":null,"reducashpled":null,"invinflitse":null,"invinffrom":null,"invcashinfl":0.0,"acquassetcash":1.1926639595E8,"invpayc":2.094894986E7,"loannetr":null,"subspaynetcash":null,"payinvecash":null,"incrcashpled":null,"invoutfitse":null,"invoutfform":null,"invcashoutf":1.4021534581E8,"netinvitse":null,"netinvform":null,"invnetcashflow":-1.4021534581E8,"invrececash":1.130358E9,"subsrececash":null,"recefromloan":4.234E8,"issbdrececash":null,"recefincash":2000000.0,"fininflitse":null,"fininflform":null,"fincashinfl":1.555758E9,"debtpaycash":2.85E8,"diviprofpaycash":1.599548914E7,"subspaydivid":null,"finrelacash":1.229387E7,"finoutfitse":null,"finoutfform":null,"fincashoutf":3.1328935914E8,"finnetitse":null,"finnetform":null,"finnetcflow":1.24246864086E9,"chgexchgchgs":null,"netcashitse":null,"netcashform":null,"cashnetr":1.21501268939E9,"inicashbala":1.9146495648E8,"cashfinalitse":null,"cashfinalform":null,"finalcashbala":1.40647764587E9,"netprofit":1.577203902E8,"minysharrigh":null,"unreinveloss":null,"asseimpa":378584.9,"assedepr":1.50522703E7,"realestadep":null,"intaasseamor":1353150.49,"longdefeexpenamor":null,"prepexpedecr":null,"accrexpeincr":null,"dispfixedassetloss":717635.73,"fixedassescraloss":null,"valuechgloss":null,"defeincoincr":null,"estidebts":null,"finexpe":1.599548914E7,"inveloss":null,"defetaxassetdecr":-94640.35,"defetaxliabincr":null,"inveredu":3999331.19,"receredu":-857988.23,"payaincr":-1.1150482903E8,"unseparachg":null,"unfiparachg":null,"other":3.0E7,"biznetscheitse":null,"biznetscheform":null,"biznetcflow":1.1275939434E8,"debtintocapi":null,"expiconvbd":null,"finfixedasset":null,"cashfinalbala":1.40647764587E9,"cashopenbala":1.9146495648E8,"equfinalbala":null,"equopenbala":null,"netcashscheitse":null,"netcashscheform":null,"cashneti":1.21501268939E9},{"compcode":"80191712","publishdate":"20120105","begindate":"20110101","enddate":"20110930","reporttype":"100111","adjustdate":"20120105","accstacode":"2","accstaname":"新会计准则","laborgetcash":1.37206021711E9,"deponetr":null,"bankloannetincr":null,"fininstnetr":null,"inspremcash":null,"insnetc":null,"savinetr":null,"disptradnetincr":null,"charintecash":null,"fdsborrnetr":null,"repnetincr":null,"taxrefd":null,"receotherbizcash":5.558087188E7,"bizinflitse":null,"bizinflform":null,"bizcashinfl":1.42764108899E9,"labopayc":1.22956044007E9,"loansnetr":null,"tradepaymnetr":null,"paycompgold":null,"payintecash":null,"paydivicash":null,"payworkcash":4.76839994E7,"paytax":8.53618731E7,"payacticash":1.6722978813E8,"bizoutfitse":null,"bizoutfform":null,"bizcashoutf":1.5298361007E9,"biznetitse":null,"biznetform":null,"mananetr":-1.0219501171E8,"withinvgetcash":null,"inveretugetcash":null,"fixedassetnetc":-10200.0,"subsnetc":null,"receinvcash":null,"reducashpled":null,"invinflitse":null,"invinffrom":null,"invcashinfl":-10200.0,"acquassetcash":5.931178619E7,"invpayc":2.094894986E7,"loannetr":null,"subspaynetcash":null,"payinvecash":null,"incrcashpled":null,"invoutfitse":null,"invoutfform":null,"invcashoutf":8.026073605E7,"netinvitse":null,"netinvform":null,"invnetcashflow":-8.027093605E7,"invrececash":null,"subsrececash":null,"recefromloan":2.884E8,"issbdrececash":null,"recefincash":null,"fininflitse":null,"fininflform":null,"fincashinfl":2.884E8,"debtpaycash":1.0E8,"diviprofpaycash":8834190.42,"subspaydivid":null,"finrelacash":4774312.0,"finoutfitse":null,"finoutfform":null,"fincashoutf":1.1360850242E8,"finnetitse":null,"finnetform":null,"finnetcflow":1.7479149758E8,"chgexchgchgs":null,"netcashitse":null,"netcashform":null,"cashnetr":-7674450.18,"inicashbala":1.9146495648E8,"cashfinalitse":null,"cashfinalform":null,"finalcashbala":1.837905063E8,"netprofit":null,"minysharrigh":null,"unreinveloss":null,"asseimpa":null,"assedepr":null,"realestadep":null,"intaasseamor":null,"longdefeexpenamor":null,"prepexpedecr":null,"accrexpeincr":null,"dispfixedassetloss":null,"fixedassescraloss":null,"valuechgloss":null,"defeincoincr":null,"estidebts":null,"finexpe":null,"inveloss":null,"defetaxassetdecr":null,"defetaxliabincr":null,"inveredu":null,"receredu":null,"payaincr":null,"unseparachg":null,"unfiparachg":null,"other":null,"biznetscheitse":null,"biznetscheform":null,"biznetcflow":null,"debtintocapi":null,"expiconvbd":null,"finfixedasset":null,"cashfinalbala":1.837905063E8,"cashopenbala":1.9146495648E8,"equfinalbala":null,"equopenbala":null,"netcashscheitse":null,"netcashscheform":null,"cashneti":-7674450.18},{"compcode":"80191712","publishdate":"20111215","begindate":"20110101","enddate":"20110630","reporttype":"100111","adjustdate":"20111215","accstacode":"2","accstaname":"新会计准则","laborgetcash":8.753446592E8,"deponetr":null,"bankloannetincr":null,"fininstnetr":null,"inspremcash":null,"insnetc":null,"savinetr":null,"disptradnetincr":null,"charintecash":null,"fdsborrnetr":null,"repnetincr":null,"taxrefd":null,"receotherbizcash":3.558087188E7,"bizinflitse":null,"bizinflform":null,"bizcashinfl":9.1092553108E8,"labopayc":6.9638959013E8,"loansnetr":null,"tradepaymnetr":null,"paycompgold":null,"payintecash":null,"paydivicash":null,"payworkcash":3.602737453E7,"paytax":7.971414735E7,"payacticash":1.068738002E8,"bizoutfitse":null,"bizoutfform":null,"bizcashoutf":9.1900491221E8,"biznetitse":null,"biznetform":null,"mananetr":-8079381.13,"withinvgetcash":null,"inveretugetcash":null,"fixedassetnetc":null,"subsnetc":null,"receinvcash":null,"reducashpled":null,"invinflitse":null,"invinffrom":null,"invcashinfl":0.0,"acquassetcash":4.938711113E7,"invpayc":2.094894986E7,"loannetr":null,"subspaynetcash":null,"payinvecash":null,"incrcashpled":null,"invoutfitse":null,"invoutfform":null,"invcashoutf":7.033606099E7,"netinvitse":null,"netinvform":null,"invnetcashflow":-7.033606099E7,"invrececash":null,"subsrececash":null,"recefromloan":1.74E8,"issbdrececash":null,"recefincash":null,"fininflitse":null,"fininflform":null,"fincashinfl":1.74E8,"debtpaycash":7.0E7,"diviprofpaycash":6544563.51,"subspaydivid":null,"finrelacash":4774312.0,"finoutfitse":null,"finoutfform":null,"fincashoutf":8.131887551E7,"finnetitse":null,"finnetform":null,"finnetcflow":9.268112449E7,"chgexchgchgs":null,"netcashitse":null,"netcashform":null,"cashnetr":1.426568237E7,"inicashbala":1.9146495648E8,"cashfinalitse":null,"cashfinalform":null,"finalcashbala":2.0573063885E8,"netprofit":5.630715153E7,"minysharrigh":null,"unreinveloss":null,"asseimpa":313541.65,"assedepr":7050124.77,"realestadep":null,"intaasseamor":402842.77,"longdefeexpenamor":null,"prepexpedecr":null,"accrexpeincr":null,"dispfixedassetloss":731679.6,"fixedassescraloss":null,"valuechgloss":null,"defeincoincr":null,"estidebts":null,"finexpe":6544563.51,"inveloss":null,"defetaxassetdecr":-78385.41,"defetaxliabincr":null,"inveredu":1.392901082E7,"receredu":1.393082303E7,"payaincr":-1.172107334E8,"unseparachg":null,"unfiparachg":null,"other":1.0E7,"biznetscheitse":null,"biznetscheform":null,"biznetcflow":-8079381.13,"debtintocapi":null,"expiconvbd":null,"finfixedasset":null,"cashfinalbala":2.0573063885E8,"cashopenbala":1.9146495648E8,"equfinalbala":null,"equopenbala":null,"netcashscheitse":null,"netcashscheform":null,"cashneti":1.426568237E7},{"compcode":"80191712","publishdate":"20111215","begindate":"20100101","enddate":"20101231","reporttype":"100111","adjustdate":"20111215","accstacode":"2","accstaname":"新会计准则","laborgetcash":1.64633892476E9,"deponetr":null,"bankloannetincr":null,"fininstnetr":null,"inspremcash":null,"insnetc":null,"savinetr":null,"disptradnetincr":null,"charintecash":null,"fdsborrnetr":null,"repnetincr":null,"taxrefd":null,"receotherbizcash":4152434.72,"bizinflitse":null,"bizinflform":null,"bizcashinfl":1.65049135948E9,"labopayc":1.29608115258E9,"loansnetr":null,"tradepaymnetr":null,"paycompgold":null,"payintecash":null,"paydivicash":null,"payworkcash":4.728991427E7,"paytax":8.395298229E7,"payacticash":1.4103071608E8,"bizoutfitse":null,"bizoutfform":null,"bizcashoutf":1.56835476522E9,"biznetitse":null,"biznetform":null,"mananetr":8.213659426E7,"withinvgetcash":null,"inveretugetcash":null,"fixedassetnetc":734560.0,"subsnetc":null,"receinvcash":9.346907024E7,"reducashpled":null,"invinflitse":null,"invinffrom":null,"invcashinfl":9.420363024E7,"acquassetcash":6.170442661E7,"invpayc":6.0E7,"loannetr":null,"subspaynetcash":null,"payinvecash":3.50879822E7,"incrcashpled":null,"invoutfitse":null,"invoutfform":null,"invcashoutf":1.5679240881E8,"netinvitse":null,"netinvform":null,"invnetcashflow":-6.258877857E7,"invrececash":8.06E7,"subsrececash":null,"recefromloan":2.48E8,"issbdrececash":null,"recefincash":5.45E7,"fininflitse":null,"fininflform":null,"fincashinfl":3.831E8,"debtpaycash":3.66E8,"diviprofpaycash":2.425720084E7,"subspaydivid":null,"finrelacash":3.693E7,"finoutfitse":null,"finoutfform":null,"fincashoutf":4.2718720084E8,"finnetitse":null,"finnetform":null,"finnetcflow":-4.408720084E7,"chgexchgchgs":null,"netcashitse":null,"netcashform":null,"cashnetr":-2.453938515E7,"inicashbala":2.1600434163E8,"cashfinalitse":null,"cashfinalform":null,"finalcashbala":1.9146495648E8,"netprofit":1.3280888099E8,"minysharrigh":null,"unreinveloss":null,"asseimpa":-2687521.49,"assedepr":1.012620123E7,"realestadep":null,"intaasseamor":405497.1,"longdefeexpenamor":null,"prepexpedecr":null,"accrexpeincr":null,"dispfixedassetloss":503393.65,"fixedassescraloss":null,"valuechgloss":null,"defeincoincr":null,"estidebts":null,"finexpe":-1007306.42,"inveloss":null,"defetaxassetdecr":742143.06,"defetaxliabincr":null,"inveredu":-9.914531395E7,"receredu":-9.386947089E7,"payaincr":1.6426009098E8,"unseparachg":null,"unfiparachg":null,"other":-3.0E7,"biznetscheitse":null,"biznetscheform":null,"biznetcflow":8.213659426E7,"debtintocapi":null,"expiconvbd":null,"finfixedasset":null,"cashfinalbala":1.9146495648E8,"cashopenbala":2.1600434163E8,"equfinalbala":null,"equopenbala":null,"netcashscheitse":null,"netcashscheform":null,"cashneti":-2.453938515E7},{"compcode":"80191712","publishdate":"20111215","begindate":"20090101","enddate":"20091231","reporttype":"100111","adjustdate":"20111215","accstacode":"2","accstaname":"新会计准则","laborgetcash":1.38572535939E9,"deponetr":null,"bankloannetincr":null,"fininstnetr":null,"inspremcash":null,"insnetc":null,"savinetr":null,"disptradnetincr":null,"charintecash":null,"fdsborrnetr":null,"repnetincr":null,"taxrefd":null,"receotherbizcash":4242625.15,"bizinflitse":null,"bizinflform":null,"bizcashinfl":1.38996798454E9,"labopayc":1.03988686946E9,"loansnetr":null,"tradepaymnetr":null,"paycompgold":null,"payintecash":null,"paydivicash":null,"payworkcash":3.228115003E7,"paytax":1.005663763E8,"payacticash":1.2427011049E8,"bizoutfitse":null,"bizoutfform":null,"bizcashoutf":1.29700450628E9,"biznetitse":null,"biznetform":null,"mananetr":9.296347826E7,"withinvgetcash":null,"inveretugetcash":null,"fixedassetnetc":10000.0,"subsnetc":2.066E7,"receinvcash":1.5082763516E8,"reducashpled":null,"invinflitse":null,"invinffrom":null,"invcashinfl":1.7149763516E8,"acquassetcash":2.513415953E7,"invpayc":null,"loannetr":null,"subspaynetcash":null,"payinvecash":2.850365694E7,"incrcashpled":null,"invoutfitse":null,"invoutfform":null,"invcashoutf":5.363781647E7,"netinvitse":null,"netinvform":null,"invnetcashflow":1.1785981869E8,"invrececash":3.934E7,"subsrececash":null,"recefromloan":2.76E8,"issbdrececash":null,"recefincash":2.0E7,"fininflitse":null,"fininflform":null,"fincashinfl":3.3534E8,"debtpaycash":2.17E8,"diviprofpaycash":1.0348092208E8,"subspaydivid":2.253863904E7,"finrelacash":5.74E7,"finoutfitse":null,"finoutfform":null,"fincashoutf":3.7788092208E8,"finnetitse":null,"finnetform":null,"finnetcflow":-4.254092208E7,"chgexchgchgs":null,"netcashitse":null,"netcashform":null,"cashnetr":1.6828237487E8,"inicashbala":4.772196676E7,"cashfinalitse":null,"cashfinalform":null,"finalcashbala":2.1600434163E8,"netprofit":8.899958228E7,"minysharrigh":null,"unreinveloss":null,"asseimpa":-1289725.8,"assedepr":1.004198855E7,"realestadep":null,"intaasseamor":276996.8,"longdefeexpenamor":null,"prepexpedecr":null,"accrexpeincr":null,"dispfixedassetloss":-4320.0,"fixedassescraloss":null,"valuechgloss":null,"defeincoincr":null,"estidebts":null,"finexpe":189894.41,"inveloss":null,"defetaxassetdecr":22458.33,"defetaxliabincr":null,"inveredu":-2660558.12,"receredu":-2.550778379E7,"payaincr":2.28949456E7,"unseparachg":null,"unfiparachg":null,"other":null,"biznetscheitse":null,"biznetscheform":null,"biznetcflow":9.296347826E7,"debtintocapi":null,"expiconvbd":null,"finfixedasset":null,"cashfinalbala":2.1600434163E8,"cashopenbala":4.772196676E7,"equfinalbala":null,"equopenbala":null,"netcashscheitse":null,"netcashscheform":null,"cashneti":1.6828237487E8},{"compcode":"80191712","publishdate":"20111215","begindate":"20080101","enddate":"20081231","reporttype":"100111","adjustdate":"20111215","accstacode":"2","accstaname":"新会计准则","laborgetcash":1.20329335937E9,"deponetr":null,"bankloannetincr":null,"fininstnetr":null,"inspremcash":null,"insnetc":null,"savinetr":null,"disptradnetincr":null,"charintecash":null,"fdsborrnetr":null,"repnetincr":null,"taxrefd":null,"receotherbizcash":4585307.14,"bizinflitse":null,"bizinflform":null,"bizcashinfl":1.20787866651E9,"labopayc":9.1930485021E8,"loansnetr":null,"tradepaymnetr":null,"paycompgold":null,"payintecash":null,"paydivicash":null,"payworkcash":3.137878412E7,"paytax":6.98706824E7,"payacticash":1.1825097164E8,"bizoutfitse":null,"bizoutfform":null,"bizcashoutf":1.13880528837E9,"biznetitse":null,"biznetform":null,"mananetr":6.907337814E7,"withinvgetcash":null,"inveretugetcash":null,"fixedassetnetc":null,"subsnetc":null,"receinvcash":6.644001793E7,"reducashpled":null,"invinflitse":null,"invinffrom":null,"invcashinfl":6.644001793E7,"acquassetcash":1.769842816E7,"invpayc":1.23E7,"loannetr":null,"subspaynetcash":null,"payinvecash":8.082969118E7,"incrcashpled":null,"invoutfitse":null,"invoutfform":null,"invcashoutf":1.1082811934E8,"netinvitse":null,"netinvform":null,"invnetcashflow":-4.438810141E7,"invrececash":null,"subsrececash":null,"recefromloan":3.08E8,"issbdrececash":null,"recefincash":4.433E7,"fininflitse":null,"fininflform":null,"fincashinfl":3.5233E8,"debtpaycash":3.23E8,"diviprofpaycash":3.718710312E7,"subspaydivid":null,"finrelacash":4.0E7,"finoutfitse":null,"finoutfform":null,"fincashoutf":4.0018710312E8,"finnetitse":null,"finnetform":null,"finnetcflow":-4.785710312E7,"chgexchgchgs":null,"netcashitse":null,"netcashform":null,"cashnetr":-2.317182639E7,"inicashbala":7.089379315E7,"cashfinalitse":null,"cashfinalform":null,"finalcashbala":4.772196676E7,"netprofit":8.100545016E7,"minysharrigh":null,"unreinveloss":null,"asseimpa":-2048754.34,"assedepr":9706060.71,"realestadep":null,"intaasseamor":265246.04,"longdefeexpenamor":null,"prepexpedecr":null,"accrexpeincr":null,"dispfixedassetloss":null,"fixedassescraloss":null,"valuechgloss":null,"defeincoincr":null,"estidebts":null,"finexpe":1.541468378E7,"inveloss":null,"defetaxassetdecr":350628.03,"defetaxliabincr":null,"inveredu":5996502.49,"receredu":3.034789027E7,"payaincr":-7.1964329E7,"unseparachg":null,"unfiparachg":null,"other":null,"biznetscheitse":null,"biznetscheform":null,"biznetcflow":6.907337814E7,"debtintocapi":null,"expiconvbd":null,"finfixedasset":null,"cashfinalbala":4.772196676E7,"cashopenbala":7.089379315E7,"equfinalbala":null,"equopenbala":null,"netcashscheitse":null,"netcashscheform":null,"cashneti":-2.317182639E7}],"comptype":4,"name":"加加食品"}