{"SZ002650":{"symbol":"SZ002650","exchange":"SZ","code":"002650","name":"加加食品","current":"4.86","percentage":"0.0","change":"0.00","open":"4.71","high":"4.94","low":"4.69","close":"4.86","last_close":"4.86","high52week":"7.35","low52week":"4.57","volume":"0.0","lot_volume":"0.0","volumeAverage":"53882275","marketCapital":"5.59872E9","eps":"0.11","pe_ttm":"34.868","pe_lyr":"34.868","beta":"0.0","totalShares":"1152000000","time":"Tue Mar 20 15:04:03 +0800 2018","afterHours":"0.0","afterHoursPct":"0.0","afterHoursChg":"0.0","updateAt":"1510121247570","dividend":"0.04","yield":"0.82","turnover_rate":"","instOwn":"0.0","rise_stop":"5.35","fall_stop":"4.37","currency_unit":"CNY","amount":"0.0","net_assets":"1.7653","hasexist":"","has_warrant":"0","type":"11","flag":"2","rest_day":"","amplitude":"5.14%","market_status":"已收盘","lot_size":"100","min_order_quantity":"0","max_order_quantity":"0","tick_size":"0.01","variable_tick_size":"","kzz_stock_symbol":"","kzz_stock_name":"","kzz_stock_current":"0.0","kzz_convert_price":"0.0","kzz_covert_value":"0.0","kzz_cpr":"0.0","kzz_putback_price":"0.0","kzz_convert_time":"","kzz_redempt_price":"0.0","kzz_straight_price":"0.0","kzz_stock_percent":"","pb":"2.75","benefit_before_tax":"0.0","benefit_after_tax":"0.0","convert_bond_ratio":"","totalissuescale":"","outstandingamt":"","maturitydate":"","remain_year":"","convertrate":"0.0","interestrtmemo":"","release_date":"","circulation":"0.0","par_value":"0.0","due_time":"0.0","value_date":"","due_date":"","publisher":"","redeem_type":"F","issue_type":"3","bond_type":"","warrant":"","sale_rrg":"","rate":"","after_hour_vol":"0","float_shares":"945401760","float_market_capital":"4.5946525536E9","disnext_pay_date":"","convert_rate":"0.0","volume_ratio":"0.0","percent5m":"-0.21","pankou_ratio":"0.0%","psr":"2.9369"}}