{"list":[{"bonusimpdate":"20170704","bonusyear":"2016","cur":"人民币","bonusskratio":null,"tranaddskraio":null,"recorddate":"20170707","exrightdate":"20170710","cdividend":0.4,"fdividendbh":0.0,"tranaddsklistdate":null,"bonussklistdate":null,"tranaddskaccday":null,"bonusskaccday":null,"symbol":null,"secode":"2010005019","divitype":"A","taxfdividendbh":0.0,"taxcdividend":0.4,"divibegdate":"20170710","summarize":"10派0.4"},{"bonusimpdate":"20160707","bonusyear":"2015","cur":"人民币","bonusskratio":null,"tranaddskraio":null,"recorddate":"20160712","exrightdate":"20160713","cdividend":0.4,"fdividendbh":0.0,"tranaddsklistdate":null,"bonussklistdate":null,"tranaddskaccday":null,"bonusskaccday":null,"symbol":null,"secode":"2010005019","divitype":"A","taxfdividendbh":0.0,"taxcdividend":0.4,"divibegdate":"20160713","summarize":"10派0.4"},{"bonusimpdate":"20150918","bonusyear":"2015","cur":"人民币","bonusskratio":null,"tranaddskraio":15.0,"recorddate":"20150923","exrightdate":"20150924","cdividend":null,"fdividendbh":0.0,"tranaddsklistdate":"20150924","bonussklistdate":null,"tranaddskaccday":"20150924","bonusskaccday":null,"symbol":null,"secode":"2010005019","divitype":"C","taxfdividendbh":0.0,"taxcdividend":null,"divibegdate":null,"summarize":"10转15"},{"bonusimpdate":"20150603","bonusyear":"2014","cur":"人民币","bonusskratio":null,"tranaddskraio":null,"recorddate":"20150608","exrightdate":"20150609","cdividend":1.0,"fdividendbh":0.0,"tranaddsklistdate":null,"bonussklistdate":null,"tranaddskaccday":null,"bonusskaccday":null,"symbol":null,"secode":"2010005019","divitype":"A","taxfdividendbh":0.0,"taxcdividend":0.95,"divibegdate":"20150609","summarize":"10派1"},{"bonusimpdate":"20140610","bonusyear":"2013","cur":"人民币","bonusskratio":null,"tranaddskraio":10.0,"recorddate":"20140613","exrightdate":"20140616","cdividend":6.0,"fdividendbh":0.0,"tranaddsklistdate":"20140616","bonussklistdate":null,"tranaddskaccday":"20140616","bonusskaccday":null,"symbol":null,"secode":"2010005019","divitype":"AC","taxfdividendbh":0.0,"taxcdividend":5.7,"divibegdate":"20140616","summarize":"10转10派6"},{"bonusimpdate":"20130607","bonusyear":"2012","cur":"人民币","bonusskratio":null,"tranaddskraio":2.0,"recorddate":"20130617","exrightdate":"20130618","cdividend":6.0,"fdividendbh":0.0,"tranaddsklistdate":"20130618","bonussklistdate":null,"tranaddskaccday":"20130618","bonusskaccday":null,"symbol":null,"secode":"2010005019","divitype":"AC","taxfdividendbh":0.0,"taxcdividend":5.7,"divibegdate":"20130618","summarize":"10转2派6"},{"bonusimpdate":"20120515","bonusyear":"2011","cur":"人民币","bonusskratio":null,"tranaddskraio":2.0,"recorddate":"20120518","exrightdate":"20120521","cdividend":6.0,"fdividendbh":0.0,"tranaddsklistdate":"20120521","bonussklistdate":null,"tranaddskaccday":"20120521","bonusskaccday":null,"symbol":null,"secode":"2010005019","divitype":"AC","taxfdividendbh":0.0,"taxcdividend":5.4,"divibegdate":"20120521","summarize":"10转2派6"}]}