{"list":[{"compcode":"80115432","publishdate":"20171028","begindate":"20170101","enddate":"20170930","reporttype":"100111","adjustdate":"20171028","accstacode":"2","accstaname":"新会计准则","biztotinco":5.06588318318E9,"bizinco":5.06588318318E9,"inteinco":null,"earnprem":null,"pouninco":null,"realsale":null,"otherbizinco":null,"biztotincoitse":null,"biztotincoform":null,"biztotcost":4.50162600349E9,"bizcost":3.40446114118E9,"inteexpe":null,"pounexpe":null,"realsalecost":null,"deveexpe":null,"surrgold":null,"compnetexpe":null,"contress":null,"polidiviexpe":null,"reinexpe":null,"otherbizcost":null,"biztax":3.984099135E7,"salesexpe":6.985529248E8,"manaexpe":3.3933492727E8,"finexpe":1672253.28,"asseimpaloss":1.776376561E7,"biztotcostitse":null,"biztotcostform":null,"valuechgloss":null,"inveinco":5.030514826E7,"assoinveprof":2.473319338E7,"exchggain":null,"futuloss":null,"custinco":null,"subsidyincome":null,"otherbizprof":null,"bizprofitse":null,"operprofform":null,"perprofit":6.590987217E8,"nonoreve":1.154299583E7,"nonoexpe":5690502.51,"noncassetsdisl":960411.38,"proftotitse":null,"proftotform":null,"totprofit":6.6495121502E8,"incotaxexpe":1.1112412808E8,"unreinveloss":null,"netpro1itse":null,"netpro1form":null,"netprofit":5.5382708694E8,"parenetp":5.3860889891E8,"mergeformnetprof":null,"minysharrigh":1.521818803E7,"netpro2itse":null,"netpro2form":null,"basiceps":0.7,"dilutedeps":0.7,"othercompinco":-217107.98,"parecompinco":-217107.98,"minysharinco":null,"compincoamt":5.5360997896E8,"parecompincoamt":5.3839179093E8,"minysharincoamt":1.521818803E7,"earlyundiprof":null,"undisprofredu":null,"otherinto":null,"otherdistprof":null,"legalsurp":null,"welfare":null,"capitalreserve":null,"staffaward":null,"reservefund":null,"developfund":null,"profreturninvest":null,"supplycurcap":null,"avaidistshareprof":null,"preferredskdiv":null,"freesurplu":null,"dealwithdivi":null,"capitalizeddivi":null,"undisprofit":null,"selldepartgain":null,"natudisasterloss":null,"accpolicychg":null,"accestimatechg":null,"debtrestruloss":null,"othersupply":null},{"compcode":"80115432","publishdate":"20170819","begindate":"20170101","enddate":"20170630","reporttype":"100111","adjustdate":"20170819","accstacode":"2","accstaname":"新会计准则","biztotinco":3.26881395045E9,"bizinco":3.26881395045E9,"inteinco":null,"earnprem":null,"pouninco":null,"realsale":null,"otherbizinco":null,"biztotincoitse":null,"biztotincoform":null,"biztotcost":2.89273018805E9,"bizcost":2.21518541172E9,"inteexpe":null,"pounexpe":null,"realsalecost":null,"deveexpe":null,"surrgold":null,"compnetexpe":null,"contress":null,"polidiviexpe":null,"reinexpe":null,"otherbizcost":null,"biztax":2.586526182E7,"salesexpe":4.274207496E8,"manaexpe":2.1595507558E8,"finexpe":418578.2,"asseimpaloss":7885111.13,"biztotcostitse":null,"biztotcostform":null,"valuechgloss":null,"inveinco":2.856436493E7,"assoinveprof":1.246197119E7,"exchggain":null,"futuloss":null,"custinco":null,"subsidyincome":null,"otherbizprof":null,"bizprofitse":null,"operprofform":null,"perprofit":4.4129812733E8,"nonoreve":6409259.3,"nonoexpe":4524686.52,"noncassetsdisl":439512.15,"proftotitse":null,"proftotform":null,"totprofit":4.4318270011E8,"incotaxexpe":7.48488204E7,"unreinveloss":null,"netpro1itse":null,"netpro1form":null,"netprofit":3.6833387971E8,"parenetp":3.6123243078E8,"mergeformnetprof":null,"minysharrigh":7101448.93,"netpro2itse":null,"netpro2form":null,"basiceps":0.47,"dilutedeps":0.47,"othercompinco":-629539.24,"parecompinco":-629539.24,"minysharinco":null,"compincoamt":3.6770434047E8,"parecompincoamt":3.6060289154E8,"minysharincoamt":7101448.93,"earlyundiprof":null,"undisprofredu":null,"otherinto":null,"otherdistprof":null,"legalsurp":null,"welfare":null,"capitalreserve":null,"staffaward":null,"reservefund":null,"developfund":null,"profreturninvest":null,"supplycurcap":null,"avaidistshareprof":null,"preferredskdiv":null,"freesurplu":null,"dealwithdivi":null,"capitalizeddivi":null,"undisprofit":null,"selldepartgain":null,"natudisasterloss":null,"accpolicychg":null,"accestimatechg":null,"debtrestruloss":null,"othersupply":null},{"compcode":"80115432","publishdate":"20170429","begindate":"20170101","enddate":"20170331","reporttype":"100111","adjustdate":"20170429","accstacode":"2","accstaname":"新会计准则","biztotinco":1.48544828603E9,"bizinco":1.48544828603E9,"inteinco":null,"earnprem":null,"pouninco":null,"realsale":null,"otherbizinco":null,"biztotincoitse":null,"biztotincoform":null,"biztotcost":1.32361353387E9,"bizcost":1.03082826185E9,"inteexpe":null,"pounexpe":null,"realsalecost":null,"deveexpe":null,"surrgold":null,"compnetexpe":null,"contress":null,"polidiviexpe":null,"reinexpe":null,"otherbizcost":null,"biztax":1.105897209E7,"salesexpe":1.8966915381E8,"manaexpe":8.894434969E7,"finexpe":-1135807.9,"asseimpaloss":4248604.33,"biztotcostitse":null,"biztotcostform":null,"valuechgloss":null,"inveinco":8642563.58,"assoinveprof":-740633.93,"exchggain":null,"futuloss":null,"custinco":null,"subsidyincome":null,"otherbizprof":null,"bizprofitse":null,"operprofform":null,"perprofit":1.7047731574E8,"nonoreve":5540650.07,"nonoexpe":1744328.8,"noncassetsdisl":31356.57,"proftotitse":null,"proftotform":null,"totprofit":1.7427363701E8,"incotaxexpe":3.36523078E7,"unreinveloss":null,"netpro1itse":null,"netpro1form":null,"netprofit":1.4062132921E8,"parenetp":1.362698398E8,"mergeformnetprof":null,"minysharrigh":4351489.41,"netpro2itse":null,"netpro2form":null,"basiceps":0.18,"dilutedeps":0.18,"othercompinco":3252.12,"parecompinco":3252.12,"minysharinco":null,"compincoamt":1.4062458133E8,"parecompincoamt":1.3627309192E8,"minysharincoamt":4351489.41,"earlyundiprof":null,"undisprofredu":null,"otherinto":null,"otherdistprof":null,"legalsurp":null,"welfare":null,"capitalreserve":null,"staffaward":null,"reservefund":null,"developfund":null,"profreturninvest":null,"supplycurcap":null,"avaidistshareprof":null,"preferredskdiv":null,"freesurplu":null,"dealwithdivi":null,"capitalizeddivi":null,"undisprofit":null,"selldepartgain":null,"natudisasterloss":null,"accpolicychg":null,"accestimatechg":null,"debtrestruloss":null,"othersupply":null},{"compcode":"80115432","publishdate":"20170415","begindate":"20160101","enddate":"20161231","reporttype":"100111","adjustdate":"20170415","accstacode":"2","accstaname":"新会计准则","biztotinco":7.31480458933E9,"bizinco":7.31480458933E9,"inteinco":null,"earnprem":null,"pouninco":null,"realsale":null,"otherbizinco":null,"biztotincoitse":null,"biztotincoform":null,"biztotcost":6.59400314566E9,"bizcost":4.92295442509E9,"inteexpe":null,"pounexpe":null,"realsalecost":null,"deveexpe":null,"surrgold":null,"compnetexpe":null,"contress":null,"polidiviexpe":null,"reinexpe":null,"otherbizcost":null,"biztax":5.438886365E7,"salesexpe":1.10330605827E9,"manaexpe":4.9875042844E8,"finexpe":-8634059.63,"asseimpaloss":2.323742984E7,"biztotcostitse":null,"biztotcostform":null,"valuechgloss":null,"inveinco":3.55454384E7,"assoinveprof":-1.059557642E7,"exchggain":null,"futuloss":null,"custinco":null,"subsidyincome":null,"otherbizprof":null,"bizprofitse":null,"operprofform":null,"perprofit":7.5634688207E8,"nonoreve":1.1207098988E8,"nonoexpe":1.436057296E7,"noncassetsdisl":1251402.16,"proftotitse":null,"proftotform":null,"totprofit":8.5405729899E8,"incotaxexpe":1.206950283E8,"unreinveloss":null,"netpro1itse":null,"netpro1form":null,"netprofit":7.3336227069E8,"parenetp":6.9772676734E8,"mergeformnetprof":null,"minysharrigh":3.563550335E7,"netpro2itse":null,"netpro2form":null,"basiceps":0.91,"dilutedeps":0.91,"othercompinco":-1779313.95,"parecompinco":-1779313.95,"minysharinco":null,"compincoamt":7.3158295674E8,"parecompincoamt":6.9594745339E8,"minysharincoamt":3.563550335E7,"earlyundiprof":null,"undisprofredu":null,"otherinto":null,"otherdistprof":null,"legalsurp":null,"welfare":null,"capitalreserve":null,"staffaward":null,"reservefund":null,"developfund":null,"profreturninvest":null,"supplycurcap":null,"avaidistshareprof":null,"preferredskdiv":null,"freesurplu":null,"dealwithdivi":null,"capitalizeddivi":null,"undisprofit":null,"selldepartgain":null,"natudisasterloss":null,"accpolicychg":null,"accestimatechg":null,"debtrestruloss":null,"othersupply":null},{"compcode":"80115432","publishdate":"20161028","begindate":"20160101","enddate":"20160930","reporttype":"100111","adjustdate":"20161028","accstacode":"2","accstaname":"新会计准则","biztotinco":5.03428966206E9,"bizinco":5.03428966206E9,"inteinco":null,"earnprem":null,"pouninco":null,"realsale":null,"otherbizinco":null,"biztotincoitse":null,"biztotincoform":null,"biztotcost":4.44062969586E9,"bizcost":3.39167557805E9,"inteexpe":null,"pounexpe":null,"realsalecost":null,"deveexpe":null,"surrgold":null,"compnetexpe":null,"contress":null,"polidiviexpe":null,"reinexpe":null,"otherbizcost":null,"biztax":3.186427968E7,"salesexpe":6.5746971071E8,"manaexpe":3.5123307304E8,"finexpe":-9331012.58,"asseimpaloss":1.771806696E7,"biztotcostitse":null,"biztotcostform":null,"valuechgloss":null,"inveinco":1.554683648E7,"assoinveprof":-1.863990731E7,"exchggain":null,"futuloss":null,"custinco":null,"subsidyincome":null,"otherbizprof":null,"bizprofitse":null,"operprofform":null,"perprofit":6.0920680268E8,"nonoreve":7.393614445E7,"nonoexpe":7745231.79,"noncassetsdisl":698326.96,"proftotitse":null,"proftotform":null,"totprofit":6.7539771534E8,"incotaxexpe":1.0482920881E8,"unreinveloss":null,"netpro1itse":null,"netpro1form":null,"netprofit":5.7056850653E8,"parenetp":5.4616367599E8,"mergeformnetprof":null,"minysharrigh":2.440483054E7,"netpro2itse":null,"netpro2form":null,"basiceps":0.71,"dilutedeps":0.71,"othercompinco":-2440609.65,"parecompinco":-2440609.65,"minysharinco":null,"compincoamt":5.6812789688E8,"parecompincoamt":5.4372306634E8,"minysharincoamt":2.440483054E7,"earlyundiprof":null,"undisprofredu":null,"otherinto":null,"otherdistprof":null,"legalsurp":null,"welfare":null,"capitalreserve":null,"staffaward":null,"reservefund":null,"developfund":null,"profreturninvest":null,"supplycurcap":null,"avaidistshareprof":null,"preferredskdiv":null,"freesurplu":null,"dealwithdivi":null,"capitalizeddivi":null,"undisprofit":null,"selldepartgain":null,"natudisasterloss":null,"accpolicychg":null,"accestimatechg":null,"debtrestruloss":null,"othersupply":null},{"compcode":"80115432","publishdate":"20160819","begindate":"20160101","enddate":"20160630","reporttype":"100111","adjustdate":"20160819","accstacode":"2","accstaname":"新会计准则","biztotinco":3.31000442033E9,"bizinco":3.31000442033E9,"inteinco":null,"earnprem":null,"pouninco":null,"realsale":null,"otherbizinco":null,"biztotincoitse":null,"biztotincoform":null,"biztotcost":2.90404637424E9,"bizcost":2.22836823021E9,"inteexpe":null,"pounexpe":null,"realsalecost":null,"deveexpe":null,"surrgold":null,"compnetexpe":null,"contress":null,"polidiviexpe":null,"reinexpe":null,"otherbizcost":null,"biztax":2.001846531E7,"salesexpe":4.2401156204E8,"manaexpe":2.2694025353E8,"finexpe":-3976901.43,"asseimpaloss":8684764.58,"biztotcostitse":null,"biztotcostform":null,"valuechgloss":null,"inveinco":3196193.83,"assoinveprof":-1.015426028E7,"exchggain":null,"futuloss":null,"custinco":null,"subsidyincome":null,"otherbizprof":null,"bizprofitse":null,"operprofform":null,"perprofit":4.0915423992E8,"nonoreve":5.356967057E7,"nonoexpe":5618798.62,"noncassetsdisl":672982.77,"proftotitse":null,"proftotform":null,"totprofit":4.5710511187E8,"incotaxexpe":7.812331433E7,"unreinveloss":null,"netpro1itse":null,"netpro1form":null,"netprofit":3.7898179754E8,"parenetp":3.6374386682E8,"mergeformnetprof":null,"minysharrigh":1.523793072E7,"netpro2itse":null,"netpro2form":null,"basiceps":0.47,"dilutedeps":0.47,"othercompinco":-2392196.66,"parecompinco":-2392196.66,"minysharinco":null,"compincoamt":3.7658960088E8,"parecompincoamt":3.6135167016E8,"minysharincoamt":1.523793072E7,"earlyundiprof":null,"undisprofredu":null,"otherinto":null,"otherdistprof":null,"legalsurp":null,"welfare":null,"capitalreserve":null,"staffaward":null,"reservefund":null,"developfund":null,"profreturninvest":null,"supplycurcap":null,"avaidistshareprof":null,"preferredskdiv":null,"freesurplu":null,"dealwithdivi":null,"capitalizeddivi":null,"undisprofit":null,"selldepartgain":null,"natudisasterloss":null,"accpolicychg":null,"accestimatechg":null,"debtrestruloss":null,"othersupply":null},{"compcode":"80115432","publishdate":"20160429","begindate":"20160101","enddate":"20160331","reporttype":"100111","adjustdate":"20160429","accstacode":"2","accstaname":"新会计准则","biztotinco":1.64278084191E9,"bizinco":1.64278084191E9,"inteinco":null,"earnprem":null,"pouninco":null,"realsale":null,"otherbizinco":null,"biztotincoitse":null,"biztotincoform":null,"biztotcost":1.46738876927E9,"bizcost":1.12530984289E9,"inteexpe":null,"pounexpe":null,"realsalecost":null,"deveexpe":null,"surrgold":null,"compnetexpe":null,"contress":null,"polidiviexpe":null,"reinexpe":null,"otherbizcost":null,"biztax":1.192155217E7,"salesexpe":2.1367401949E8,"manaexpe":1.0922108676E8,"finexpe":-751100.34,"asseimpaloss":8013368.3,"biztotcostitse":null,"biztotcostform":null,"valuechgloss":null,"inveinco":804138.22,"assoinveprof":-6501993.43,"exchggain":null,"futuloss":null,"custinco":null,"subsidyincome":null,"otherbizprof":null,"bizprofitse":null,"operprofform":null,"perprofit":1.7619621086E8,"nonoreve":2203251.32,"nonoexpe":2086557.76,"noncassetsdisl":279885.62,"proftotitse":null,"proftotform":null,"totprofit":1.7631290442E8,"incotaxexpe":3.526073527E7,"unreinveloss":null,"netpro1itse":null,"netpro1form":null,"netprofit":1.4105216915E8,"parenetp":1.324025744E8,"mergeformnetprof":null,"minysharrigh":8649594.75,"netpro2itse":null,"netpro2form":null,"basiceps":0.17,"dilutedeps":0.17,"othercompinco":null,"parecompinco":null,"minysharinco":null,"compincoamt":1.4105216915E8,"parecompincoamt":1.324025744E8,"minysharincoamt":8649594.75,"earlyundiprof":null,"undisprofredu":null,"otherinto":null,"otherdistprof":null,"legalsurp":null,"welfare":null,"capitalreserve":null,"staffaward":null,"reservefund":null,"developfund":null,"profreturninvest":null,"supplycurcap":null,"avaidistshareprof":null,"preferredskdiv":null,"freesurplu":null,"dealwithdivi":null,"capitalizeddivi":null,"undisprofit":null,"selldepartgain":null,"natudisasterloss":null,"accpolicychg":null,"accestimatechg":null,"debtrestruloss":null,"othersupply":null},{"compcode":"80115432","publishdate":"20160326","begindate":"20150101","enddate":"20151231","reporttype":"100111","adjustdate":"20160326","accstacode":"2","accstaname":"新会计准则","biztotinco":7.0600891151E9,"bizinco":7.0600891151E9,"inteinco":null,"earnprem":null,"pouninco":null,"realsale":null,"otherbizinco":null,"biztotincoitse":null,"biztotincoform":null,"biztotcost":6.35368211026E9,"bizcost":4.80884574772E9,"inteexpe":null,"pounexpe":null,"realsalecost":null,"deveexpe":null,"surrgold":null,"compnetexpe":null,"contress":null,"polidiviexpe":null,"reinexpe":null,"otherbizcost":null,"biztax":4.567275568E7,"salesexpe":9.8891558262E8,"manaexpe":5.148308339E8,"finexpe":-8688675.64,"asseimpaloss":4105865.98,"biztotcostitse":null,"biztotcostform":null,"valuechgloss":null,"inveinco":3.926920121E7,"assoinveprof":-4092683.54,"exchggain":null,"futuloss":null,"custinco":null,"subsidyincome":null,"otherbizprof":null,"bizprofitse":null,"operprofform":null,"perprofit":7.4567620605E8,"nonoreve":6.236117252E7,"nonoexpe":1.747028468E7,"noncassetsdisl":921625.01,"proftotitse":null,"proftotform":null,"totprofit":7.9056709389E8,"incotaxexpe":1.1964260276E8,"unreinveloss":null,"netpro1itse":null,"netpro1form":null,"netprofit":6.7092449113E8,"parenetp":6.2004092413E8,"mergeformnetprof":null,"minysharrigh":5.0883567E7,"netpro2itse":null,"netpro2form":null,"basiceps":0.81,"dilutedeps":0.81,"othercompinco":1230817.11,"parecompinco":1230817.11,"minysharinco":null,"compincoamt":6.7215530824E8,"parecompincoamt":6.2127174124E8,"minysharincoamt":5.0883567E7,"earlyundiprof":null,"undisprofredu":null,"otherinto":null,"otherdistprof":null,"legalsurp":null,"welfare":null,"capitalreserve":null,"staffaward":null,"reservefund":null,"developfund":null,"profreturninvest":null,"supplycurcap":null,"avaidistshareprof":null,"preferredskdiv":null,"freesurplu":null,"dealwithdivi":null,"capitalizeddivi":null,"undisprofit":null,"selldepartgain":null,"natudisasterloss":null,"accpolicychg":null,"accestimatechg":null,"debtrestruloss":null,"othersupply":null},{"compcode":"80115432","publishdate":"20151027","begindate":"20150101","enddate":"20150930","reporttype":"100111","adjustdate":"20151027","accstacode":"2","accstaname":"新会计准则","biztotinco":5.01578744191E9,"bizinco":5.01578744191E9,"inteinco":null,"earnprem":null,"pouninco":null,"realsale":null,"otherbizinco":null,"biztotincoitse":null,"biztotincoform":null,"biztotcost":4.44217227084E9,"bizcost":3.41177078305E9,"inteexpe":null,"pounexpe":null,"realsalecost":null,"deveexpe":null,"surrgold":null,"compnetexpe":null,"contress":null,"polidiviexpe":null,"reinexpe":null,"otherbizcost":null,"biztax":3.260884035E7,"salesexpe":6.2222838967E8,"manaexpe":3.7044146747E8,"finexpe":-9719582.85,"asseimpaloss":1.484237315E7,"biztotcostitse":null,"biztotcostform":null,"valuechgloss":null,"inveinco":2.703008557E7,"assoinveprof":143346.99,"exchggain":null,"futuloss":null,"custinco":null,"subsidyincome":null,"otherbizprof":null,"bizprofitse":null,"operprofform":null,"perprofit":6.0064525664E8,"nonoreve":5.007902117E7,"nonoexpe":8720105.35,"noncassetsdisl":741892.31,"proftotitse":null,"proftotform":null,"totprofit":6.4200417246E8,"incotaxexpe":1.054720414E8,"unreinveloss":null,"netpro1itse":null,"netpro1form":null,"netprofit":5.3653213106E8,"parenetp":5.0494447925E8,"mergeformnetprof":null,"minysharrigh":3.158765181E7,"netpro2itse":null,"netpro2form":null,"basiceps":0.66,"dilutedeps":0.66,"othercompinco":null,"parecompinco":null,"minysharinco":null,"compincoamt":5.3653213106E8,"parecompincoamt":5.0494447925E8,"minysharincoamt":3.158765181E7,"earlyundiprof":null,"undisprofredu":null,"otherinto":null,"otherdistprof":null,"legalsurp":null,"welfare":null,"capitalreserve":null,"staffaward":null,"reservefund":null,"developfund":null,"profreturninvest":null,"supplycurcap":null,"avaidistshareprof":null,"preferredskdiv":null,"freesurplu":null,"dealwithdivi":null,"capitalizeddivi":null,"undisprofit":null,"selldepartgain":null,"natudisasterloss":null,"accpolicychg":null,"accestimatechg":null,"debtrestruloss":null,"othersupply":null},{"compcode":"80115432","publishdate":"20150826","begindate":"20150101","enddate":"20150630","reporttype":"100111","adjustdate":"20150826","accstacode":"2","accstaname":"新会计准则","biztotinco":3.1666254565E9,"bizinco":3.1666254565E9,"inteinco":null,"earnprem":null,"pouninco":null,"realsale":null,"otherbizinco":null,"biztotincoitse":null,"biztotincoform":null,"biztotcost":2.78539896893E9,"bizcost":2.15410369421E9,"inteexpe":null,"pounexpe":null,"realsalecost":null,"deveexpe":null,"surrgold":null,"compnetexpe":null,"contress":null,"polidiviexpe":null,"reinexpe":null,"otherbizcost":null,"biztax":2.065381681E7,"salesexpe":3.8829647998E8,"manaexpe":2.2135731404E8,"finexpe":-6083096.72,"asseimpaloss":7070760.61,"biztotcostitse":null,"biztotcostform":null,"valuechgloss":null,"inveinco":2.275472691E7,"assoinveprof":-1388980.67,"exchggain":null,"futuloss":null,"custinco":null,"subsidyincome":null,"otherbizprof":null,"bizprofitse":null,"operprofform":null,"perprofit":4.0398121448E8,"nonoreve":3412112.85,"nonoexpe":5781496.49,"noncassetsdisl":454867.89,"proftotitse":null,"proftotform":null,"totprofit":4.0161183084E8,"incotaxexpe":6.630669062E7,"unreinveloss":null,"netpro1itse":null,"netpro1form":null,"netprofit":3.3530514022E8,"parenetp":3.1919729213E8,"mergeformnetprof":null,"minysharrigh":1.610784809E7,"netpro2itse":null,"netpro2form":null,"basiceps":0.42,"dilutedeps":0.42,"othercompinco":null,"parecompinco":null,"minysharinco":null,"compincoamt":3.3530514022E8,"parecompincoamt":3.1919729213E8,"minysharincoamt":1.610784809E7,"earlyundiprof":null,"undisprofredu":null,"otherinto":null,"otherdistprof":null,"legalsurp":null,"welfare":null,"capitalreserve":null,"staffaward":null,"reservefund":null,"developfund":null,"profreturninvest":null,"supplycurcap":null,"avaidistshareprof":null,"preferredskdiv":null,"freesurplu":null,"dealwithdivi":null,"capitalizeddivi":null,"undisprofit":null,"selldepartgain":null,"natudisasterloss":null,"accpolicychg":null,"accestimatechg":null,"debtrestruloss":null,"othersupply":null},{"compcode":"80115432","publishdate":"20150428","begindate":"20150101","enddate":"20150331","reporttype":"100111","adjustdate":"20150428","accstacode":"2","accstaname":"新会计准则","biztotinco":1.4169510614E9,"bizinco":1.4169510614E9,"inteinco":null,"earnprem":null,"pouninco":null,"realsale":null,"otherbizinco":null,"biztotincoitse":null,"biztotincoform":null,"biztotcost":1.2669889837E9,"bizcost":9.8743885092E8,"inteexpe":null,"pounexpe":null,"realsalecost":null,"deveexpe":null,"surrgold":null,"compnetexpe":null,"contress":null,"polidiviexpe":null,"reinexpe":null,"otherbizcost":null,"biztax":1.052631369E7,"salesexpe":1.7545558353E8,"manaexpe":9.411916894E7,"finexpe":-6388699.1,"asseimpaloss":5837765.72,"biztotcostitse":null,"biztotcostform":null,"valuechgloss":null,"inveinco":6351975.37,"assoinveprof":-1378419.55,"exchggain":null,"futuloss":null,"custinco":null,"subsidyincome":null,"otherbizprof":null,"bizprofitse":null,"operprofform":null,"perprofit":1.5631405307E8,"nonoreve":1359977.46,"nonoexpe":2108241.38,"noncassetsdisl":121077.91,"proftotitse":null,"proftotform":null,"totprofit":1.5556578915E8,"incotaxexpe":3.190174098E7,"unreinveloss":null,"netpro1itse":null,"netpro1form":null,"netprofit":1.2366404817E8,"parenetp":1.1896396315E8,"mergeformnetprof":null,"minysharrigh":4700085.02,"netpro2itse":null,"netpro2form":null,"basiceps":0.15,"dilutedeps":0.15,"othercompinco":null,"parecompinco":null,"minysharinco":null,"compincoamt":1.2366404817E8,"parecompincoamt":1.1896396315E8,"minysharincoamt":4700085.02,"earlyundiprof":null,"undisprofredu":null,"otherinto":null,"otherdistprof":null,"legalsurp":null,"welfare":null,"capitalreserve":null,"staffaward":null,"reservefund":null,"developfund":null,"profreturninvest":null,"supplycurcap":null,"avaidistshareprof":null,"preferredskdiv":null,"freesurplu":null,"dealwithdivi":null,"capitalizeddivi":null,"undisprofit":null,"selldepartgain":null,"natudisasterloss":null,"accpolicychg":null,"accestimatechg":null,"debtrestruloss":null,"othersupply":null},{"compcode":"80115432","publishdate":"20150401","begindate":"20140101","enddate":"20141231","reporttype":"100111","adjustdate":"20150401","accstacode":"2","accstaname":"新会计准则","biztotinco":5.94351334838E9,"bizinco":5.94351334838E9,"inteinco":null,"earnprem":null,"pouninco":null,"realsale":null,"otherbizinco":null,"biztotincoitse":null,"biztotincoform":null,"biztotcost":5.26198096191E9,"bizcost":4.00314539228E9,"inteexpe":null,"pounexpe":null,"realsalecost":null,"deveexpe":null,"surrgold":null,"compnetexpe":null,"contress":null,"polidiviexpe":null,"reinexpe":null,"otherbizcost":null,"biztax":3.183032014E7,"salesexpe":7.7339728726E8,"manaexpe":4.6460788767E8,"finexpe":-1.582194007E7,"asseimpaloss":4822014.63,"biztotcostitse":null,"biztotcostform":null,"valuechgloss":null,"inveinco":3.081901163E7,"assoinveprof":1784517.63,"exchggain":null,"futuloss":null,"custinco":null,"subsidyincome":null,"otherbizprof":null,"bizprofitse":null,"operprofform":null,"perprofit":7.123513981E8,"nonoreve":5.955814119E7,"nonoexpe":1.546260433E7,"noncassetsdisl":3465642.32,"proftotitse":null,"proftotform":null,"totprofit":7.5644693496E8,"incotaxexpe":1.4101701595E8,"unreinveloss":null,"netpro1itse":null,"netpro1form":null,"netprofit":6.1542991901E8,"parenetp":5.3165735697E8,"mergeformnetprof":null,"minysharrigh":8.377256204E7,"netpro2itse":null,"netpro2form":null,"basiceps":0.7,"dilutedeps":0.7,"othercompinco":null,"parecompinco":null,"minysharinco":null,"compincoamt":6.1542991901E8,"parecompincoamt":5.3165735697E8,"minysharincoamt":8.377256204E7,"earlyundiprof":null,"undisprofredu":null,"otherinto":null,"otherdistprof":null,"legalsurp":null,"welfare":null,"capitalreserve":null,"staffaward":null,"reservefund":null,"developfund":null,"profreturninvest":null,"supplycurcap":null,"avaidistshareprof":null,"preferredskdiv":null,"freesurplu":null,"dealwithdivi":null,"capitalizeddivi":null,"undisprofit":null,"selldepartgain":null,"natudisasterloss":null,"accpolicychg":null,"accestimatechg":null,"debtrestruloss":null,"othersupply":null},{"compcode":"80115432","publishdate":"20141030","begindate":"20140101","enddate":"20140930","reporttype":"100111","adjustdate":"20141030","accstacode":"2","accstaname":"新会计准则","biztotinco":4.17460389039E9,"bizinco":4.17460389039E9,"inteinco":null,"earnprem":null,"pouninco":null,"realsale":null,"otherbizinco":null,"biztotincoitse":null,"biztotincoform":null,"biztotcost":3.57065754764E9,"bizcost":2.79020268309E9,"inteexpe":null,"pounexpe":null,"realsalecost":null,"deveexpe":null,"surrgold":null,"compnetexpe":null,"contress":null,"polidiviexpe":null,"reinexpe":null,"otherbizcost":null,"biztax":2.325817002E7,"salesexpe":4.8753897251E8,"manaexpe":2.7263120655E8,"finexpe":-9994972.73,"asseimpaloss":7021488.2,"biztotcostitse":null,"biztotcostform":null,"valuechgloss":null,"inveinco":2.21105596E7,"assoinveprof":-40051.87,"exchggain":null,"futuloss":null,"custinco":null,"subsidyincome":null,"otherbizprof":null,"bizprofitse":null,"operprofform":null,"perprofit":6.2605690235E8,"nonoreve":3.922065731E7,"nonoexpe":8980777.97,"noncassetsdisl":3146094.91,"proftotitse":null,"proftotform":null,"totprofit":6.5629678169E8,"incotaxexpe":1.4578663094E8,"unreinveloss":null,"netpro1itse":null,"netpro1form":null,"netprofit":5.1051015075E8,"parenetp":4.3694503145E8,"mergeformnetprof":null,"minysharrigh":7.35651193E7,"netpro2itse":null,"netpro2form":null,"basiceps":0.57,"dilutedeps":0.57,"othercompinco":null,"parecompinco":null,"minysharinco":null,"compincoamt":5.1051015075E8,"parecompincoamt":4.3694503145E8,"minysharincoamt":7.35651193E7,"earlyundiprof":null,"undisprofredu":null,"otherinto":null,"otherdistprof":null,"legalsurp":null,"welfare":null,"capitalreserve":null,"staffaward":null,"reservefund":null,"developfund":null,"profreturninvest":null,"supplycurcap":null,"avaidistshareprof":null,"preferredskdiv":null,"freesurplu":null,"dealwithdivi":null,"capitalizeddivi":null,"undisprofit":null,"selldepartgain":null,"natudisasterloss":null,"accpolicychg":null,"accestimatechg":null,"debtrestruloss":null,"othersupply":null},{"compcode":"80115432","publishdate":"20140805","begindate":"20140101","enddate":"20140630","reporttype":"100111","adjustdate":"20140805","accstacode":"2","accstaname":"新会计准则","biztotinco":2.63428692233E9,"bizinco":2.63428692233E9,"inteinco":null,"earnprem":null,"pouninco":null,"realsale":null,"otherbizinco":null,"biztotincoitse":null,"biztotincoform":null,"biztotcost":2.25138833895E9,"bizcost":1.75555981953E9,"inteexpe":null,"pounexpe":null,"realsalecost":null,"deveexpe":null,"surrgold":null,"compnetexpe":null,"contress":null,"polidiviexpe":null,"reinexpe":null,"otherbizcost":null,"biztax":1.409968297E7,"salesexpe":3.2271983258E8,"manaexpe":1.6281652726E8,"finexpe":-8776911.72,"asseimpaloss":4969388.33,"biztotcostitse":null,"biztotcostform":null,"valuechgloss":null,"inveinco":4487840.09,"assoinveprof":-4721335.7,"exchggain":null,"futuloss":null,"custinco":null,"subsidyincome":null,"otherbizprof":null,"bizprofitse":null,"operprofform":null,"perprofit":3.8738642347E8,"nonoreve":3.679393655E7,"nonoexpe":3886541.04,"noncassetsdisl":350928.28,"proftotitse":null,"proftotform":null,"totprofit":4.2029381898E8,"incotaxexpe":9.184535921E7,"unreinveloss":null,"netpro1itse":null,"netpro1form":null,"netprofit":3.2844845977E8,"parenetp":2.7827224614E8,"mergeformnetprof":null,"minysharrigh":5.017621363E7,"netpro2itse":null,"netpro2form":null,"basiceps":0.37,"dilutedeps":0.37,"othercompinco":null,"parecompinco":null,"minysharinco":null,"compincoamt":3.2844845977E8,"parecompincoamt":2.7827224614E8,"minysharincoamt":5.017621363E7,"earlyundiprof":null,"undisprofredu":null,"otherinto":null,"otherdistprof":null,"legalsurp":null,"welfare":null,"capitalreserve":null,"staffaward":null,"reservefund":null,"developfund":null,"profreturninvest":null,"supplycurcap":null,"avaidistshareprof":null,"preferredskdiv":null,"freesurplu":null,"dealwithdivi":null,"capitalizeddivi":null,"undisprofit":null,"selldepartgain":null,"natudisasterloss":null,"accpolicychg":null,"accestimatechg":null,"debtrestruloss":null,"othersupply":null},{"compcode":"80115432","publishdate":"20140424","begindate":"20140101","enddate":"20140331","reporttype":"100111","adjustdate":"20140424","accstacode":"2","accstaname":"新会计准则","biztotinco":1.16287052689E9,"bizinco":1.16287052689E9,"inteinco":null,"earnprem":null,"pouninco":null,"realsale":null,"otherbizinco":null,"biztotincoitse":null,"biztotincoform":null,"biztotcost":1.01476768208E9,"bizcost":7.8704835284E8,"inteexpe":null,"pounexpe":null,"realsalecost":null,"deveexpe":null,"surrgold":null,"compnetexpe":null,"contress":null,"polidiviexpe":null,"reinexpe":null,"otherbizcost":null,"biztax":6733916.81,"salesexpe":1.512884878E8,"manaexpe":7.29740679E7,"finexpe":-3427699.61,"asseimpaloss":150556.34,"biztotcostitse":null,"biztotcostform":null,"valuechgloss":null,"inveinco":2194993.41,"assoinveprof":null,"exchggain":null,"futuloss":null,"custinco":null,"subsidyincome":null,"otherbizprof":null,"bizprofitse":null,"operprofform":null,"perprofit":1.5029783822E8,"nonoreve":5098914.62,"nonoexpe":1490173.44,"noncassetsdisl":null,"proftotitse":null,"proftotform":null,"totprofit":1.539065794E8,"incotaxexpe":3.186107506E7,"unreinveloss":null,"netpro1itse":null,"netpro1form":null,"netprofit":1.2204550434E8,"parenetp":1.0257128991E8,"mergeformnetprof":null,"minysharrigh":1.947421443E7,"netpro2itse":null,"netpro2form":null,"basiceps":0.13,"dilutedeps":0.13,"othercompinco":null,"parecompinco":null,"minysharinco":null,"compincoamt":1.2204550434E8,"parecompincoamt":1.0257128991E8,"minysharincoamt":1.947421443E7,"earlyundiprof":null,"undisprofredu":null,"otherinto":null,"otherdistprof":null,"legalsurp":null,"welfare":null,"capitalreserve":null,"staffaward":null,"reservefund":null,"developfund":null,"profreturninvest":null,"supplycurcap":null,"avaidistshareprof":null,"preferredskdiv":null,"freesurplu":null,"dealwithdivi":null,"capitalizeddivi":null,"undisprofit":null,"selldepartgain":null,"natudisasterloss":null,"accpolicychg":null,"accestimatechg":null,"debtrestruloss":null,"othersupply":null},{"compcode":"80115432","publishdate":"20140308","begindate":"20130101","enddate":"20131231","reporttype":"100111","adjustdate":"20140308","accstacode":"2","accstaname":"新会计准则","biztotinco":5.32812162361E9,"bizinco":5.32812162361E9,"inteinco":null,"earnprem":null,"pouninco":null,"realsale":null,"otherbizinco":null,"biztotincoitse":null,"biztotincoform":null,"biztotcost":4.66593002509E9,"bizcost":3.49596536362E9,"inteexpe":null,"pounexpe":null,"realsalecost":null,"deveexpe":null,"surrgold":null,"compnetexpe":null,"contress":null,"polidiviexpe":null,"reinexpe":null,"otherbizcost":null,"biztax":3.360937969E7,"salesexpe":7.2208286497E8,"manaexpe":4.1357134783E8,"finexpe":-1.854047798E7,"asseimpaloss":1.924154696E7,"biztotcostitse":null,"biztotcostform":null,"valuechgloss":null,"inveinco":2.84654985E7,"assoinveprof":-6120634.41,"exchggain":null,"futuloss":null,"custinco":null,"subsidyincome":null,"otherbizprof":null,"bizprofitse":null,"operprofform":null,"perprofit":6.9065709702E8,"nonoreve":2.130300382E7,"nonoexpe":1.610996965E7,"noncassetsdisl":1121543.05,"proftotitse":null,"proftotform":null,"totprofit":6.9585013119E8,"incotaxexpe":1.2585420542E8,"unreinveloss":null,"netpro1itse":null,"netpro1form":null,"netprofit":5.6999592577E8,"parenetp":4.6970654202E8,"mergeformnetprof":null,"minysharrigh":1.0028938375E8,"netpro2itse":null,"netpro2form":null,"basiceps":0.62,"dilutedeps":0.62,"othercompinco":null,"parecompinco":null,"minysharinco":null,"compincoamt":5.6999592577E8,"parecompincoamt":4.6970654202E8,"minysharincoamt":1.0028938375E8,"earlyundiprof":null,"undisprofredu":null,"otherinto":null,"otherdistprof":null,"legalsurp":null,"welfare":null,"capitalreserve":null,"staffaward":null,"reservefund":null,"developfund":null,"profreturninvest":null,"supplycurcap":null,"avaidistshareprof":null,"preferredskdiv":null,"freesurplu":null,"dealwithdivi":null,"capitalizeddivi":null,"undisprofit":null,"selldepartgain":null,"natudisasterloss":null,"accpolicychg":null,"accestimatechg":null,"debtrestruloss":null,"othersupply":null},{"compcode":"80115432","publishdate":"20131029","begindate":"20130101","enddate":"20130930","reporttype":"100111","adjustdate":"20131029","accstacode":"2","accstaname":"新会计准则","biztotinco":3.76257936475E9,"bizinco":3.76257936475E9,"inteinco":null,"earnprem":null,"pouninco":null,"realsale":null,"otherbizinco":null,"biztotincoitse":null,"biztotincoform":null,"biztotcost":3.2051741004E9,"bizcost":2.46163254892E9,"inteexpe":null,"pounexpe":null,"realsalecost":null,"deveexpe":null,"surrgold":null,"compnetexpe":null,"contress":null,"polidiviexpe":null,"reinexpe":null,"otherbizcost":null,"biztax":2.316901032E7,"salesexpe":4.7436148244E8,"manaexpe":2.5729553418E8,"finexpe":-1.552125938E7,"asseimpaloss":4236783.92,"biztotcostitse":null,"biztotcostform":null,"valuechgloss":null,"inveinco":2.127222769E7,"assoinveprof":null,"exchggain":null,"futuloss":null,"custinco":null,"subsidyincome":null,"otherbizprof":null,"bizprofitse":null,"operprofform":null,"perprofit":5.7867749204E8,"nonoreve":1.485883343E7,"nonoexpe":6813978.84,"noncassetsdisl":922183.84,"proftotitse":null,"proftotform":null,"totprofit":5.8672234663E8,"incotaxexpe":1.0819818142E8,"unreinveloss":null,"netpro1itse":null,"netpro1form":null,"netprofit":4.7852416521E8,"parenetp":4.0774450205E8,"mergeformnetprof":null,"minysharrigh":7.077966316E7,"netpro2itse":null,"netpro2form":null,"basiceps":0.54,"dilutedeps":0.54,"othercompinco":null,"parecompinco":null,"minysharinco":null,"compincoamt":4.7852416521E8,"parecompincoamt":4.0774450205E8,"minysharincoamt":7.077966316E7,"earlyundiprof":null,"undisprofredu":null,"otherinto":null,"otherdistprof":null,"legalsurp":null,"welfare":null,"capitalreserve":null,"staffaward":null,"reservefund":null,"developfund":null,"profreturninvest":null,"supplycurcap":null,"avaidistshareprof":null,"preferredskdiv":null,"freesurplu":null,"dealwithdivi":null,"capitalizeddivi":null,"undisprofit":null,"selldepartgain":null,"natudisasterloss":null,"accpolicychg":null,"accestimatechg":null,"debtrestruloss":null,"othersupply":null},{"compcode":"80115432","publishdate":"20130828","begindate":"20130101","enddate":"20130630","reporttype":"100111","adjustdate":"20130828","accstacode":"2","accstaname":"新会计准则","biztotinco":2.48735809492E9,"bizinco":2.48735809492E9,"inteinco":null,"earnprem":null,"pouninco":null,"realsale":null,"otherbizinco":null,"biztotincoitse":null,"biztotincoform":null,"biztotcost":2.13841553467E9,"bizcost":1.65514504833E9,"inteexpe":null,"pounexpe":null,"realsalecost":null,"deveexpe":null,"surrgold":null,"compnetexpe":null,"contress":null,"polidiviexpe":null,"reinexpe":null,"otherbizcost":null,"biztax":1.563357003E7,"salesexpe":3.1698238354E8,"manaexpe":1.6020287793E8,"finexpe":-1.328581904E7,"asseimpaloss":3737473.88,"biztotcostitse":null,"biztotcostform":null,"valuechgloss":null,"inveinco":1.205920561E7,"assoinveprof":-377191.3,"exchggain":null,"futuloss":null,"custinco":null,"subsidyincome":null,"otherbizprof":null,"bizprofitse":null,"operprofform":null,"perprofit":3.6100176586E8,"nonoreve":1.189809771E7,"nonoexpe":4458214.05,"noncassetsdisl":835078.15,"proftotitse":null,"proftotform":null,"totprofit":3.6844164952E8,"incotaxexpe":6.88235966E7,"unreinveloss":null,"netpro1itse":null,"netpro1form":null,"netprofit":2.9961805292E8,"parenetp":2.5369410414E8,"mergeformnetprof":null,"minysharrigh":4.592394878E7,"netpro2itse":null,"netpro2form":null,"basiceps":0.33,"dilutedeps":0.33,"othercompinco":null,"parecompinco":null,"minysharinco":null,"compincoamt":2.9961805292E8,"parecompincoamt":2.5369410414E8,"minysharincoamt":4.592394878E7,"earlyundiprof":null,"undisprofredu":null,"otherinto":null,"otherdistprof":null,"legalsurp":null,"welfare":null,"capitalreserve":null,"staffaward":null,"reservefund":null,"developfund":null,"profreturninvest":null,"supplycurcap":null,"avaidistshareprof":null,"preferredskdiv":null,"freesurplu":null,"dealwithdivi":null,"capitalizeddivi":null,"undisprofit":null,"selldepartgain":null,"natudisasterloss":null,"accpolicychg":null,"accestimatechg":null,"debtrestruloss":null,"othersupply":null},{"compcode":"80115432","publishdate":"20130425","begindate":"20130101","enddate":"20130331","reporttype":"100111","adjustdate":"20130425","accstacode":"2","accstaname":"新会计准则","biztotinco":1.16555667889E9,"bizinco":1.16555667889E9,"inteinco":null,"earnprem":null,"pouninco":null,"realsale":null,"otherbizinco":null,"biztotincoitse":null,"biztotincoform":null,"biztotcost":1.00151507585E9,"bizcost":7.875803756E8,"inteexpe":null,"pounexpe":null,"realsalecost":null,"deveexpe":null,"surrgold":null,"compnetexpe":null,"contress":null,"polidiviexpe":null,"reinexpe":null,"otherbizcost":null,"biztax":6433107.03,"salesexpe":1.2840049131E8,"manaexpe":8.471659807E7,"finexpe":-6452600.03,"asseimpaloss":837103.87,"biztotcostitse":null,"biztotcostform":null,"valuechgloss":null,"inveinco":-459993.54,"assoinveprof":null,"exchggain":null,"futuloss":null,"custinco":null,"subsidyincome":null,"otherbizprof":null,"bizprofitse":null,"operprofform":null,"perprofit":1.635816095E8,"nonoreve":3710888.64,"nonoexpe":1500049.56,"noncassetsdisl":40363.14,"proftotitse":null,"proftotform":null,"totprofit":1.6579244858E8,"incotaxexpe":3.323334879E7,"unreinveloss":null,"netpro1itse":null,"netpro1form":null,"netprofit":1.3255909979E8,"parenetp":1.1354106216E8,"mergeformnetprof":null,"minysharrigh":1.901803763E7,"netpro2itse":null,"netpro2form":null,"basiceps":0.15,"dilutedeps":0.15,"othercompinco":null,"parecompinco":null,"minysharinco":null,"compincoamt":1.3255909979E8,"parecompincoamt":1.1354106216E8,"minysharincoamt":1.901803763E7,"earlyundiprof":null,"undisprofredu":null,"otherinto":null,"otherdistprof":null,"legalsurp":null,"welfare":null,"capitalreserve":null,"staffaward":null,"reservefund":null,"developfund":null,"profreturninvest":null,"supplycurcap":null,"avaidistshareprof":null,"preferredskdiv":null,"freesurplu":null,"dealwithdivi":null,"capitalizeddivi":null,"undisprofit":null,"selldepartgain":null,"natudisasterloss":null,"accpolicychg":null,"accestimatechg":null,"debtrestruloss":null,"othersupply":null},{"compcode":"80115432","publishdate":"20130415","begindate":"20120101","enddate":"20121231","reporttype":"100111","adjustdate":"20130415","accstacode":"2","accstaname":"新会计准则","biztotinco":4.94183602916E9,"bizinco":4.94183602916E9,"inteinco":null,"earnprem":null,"pouninco":null,"realsale":null,"otherbizinco":null,"biztotincoitse":null,"biztotincoform":null,"biztotcost":4.30616942443E9,"bizcost":3.2098494747E9,"inteexpe":null,"pounexpe":null,"realsalecost":null,"deveexpe":null,"surrgold":null,"compnetexpe":null,"contress":null,"polidiviexpe":null,"reinexpe":null,"otherbizcost":null,"biztax":3.073420615E7,"salesexpe":6.817205776E8,"manaexpe":4.0627384555E8,"finexpe":-3.306653368E7,"asseimpaloss":1.065785411E7,"biztotcostitse":null,"biztotcostform":null,"valuechgloss":null,"inveinco":452366.75,"assoinveprof":-636435.38,"exchggain":null,"futuloss":null,"custinco":null,"subsidyincome":null,"otherbizprof":null,"bizprofitse":null,"operprofform":null,"perprofit":6.3611897148E8,"nonoreve":3.034066577E7,"nonoexpe":1.398692844E7,"noncassetsdisl":1260148.71,"proftotitse":null,"proftotform":null,"totprofit":6.5247270881E8,"incotaxexpe":1.3778317104E8,"unreinveloss":null,"netpro1itse":null,"netpro1form":null,"netprofit":5.1468953777E8,"parenetp":4.5523814488E8,"mergeformnetprof":null,"minysharrigh":5.945139289E7,"netpro2itse":null,"netpro2form":null,"basiceps":0.6,"dilutedeps":0.6,"othercompinco":null,"parecompinco":null,"minysharinco":null,"compincoamt":5.1468953777E8,"parecompincoamt":4.5523814488E8,"minysharincoamt":5.945139289E7,"earlyundiprof":null,"undisprofredu":null,"otherinto":null,"otherdistprof":null,"legalsurp":null,"welfare":null,"capitalreserve":null,"staffaward":null,"reservefund":null,"developfund":null,"profreturninvest":null,"supplycurcap":null,"avaidistshareprof":null,"preferredskdiv":null,"freesurplu":null,"dealwithdivi":null,"capitalizeddivi":null,"undisprofit":null,"selldepartgain":null,"natudisasterloss":null,"accpolicychg":null,"accestimatechg":null,"debtrestruloss":null,"othersupply":null},{"compcode":"80115432","publishdate":"20121029","begindate":"20120101","enddate":"20120930","reporttype":"100111","adjustdate":"20121029","accstacode":"2","accstaname":"新会计准则","biztotinco":3.67765777453E9,"bizinco":3.67765777453E9,"inteinco":null,"earnprem":null,"pouninco":null,"realsale":null,"otherbizinco":null,"biztotincoitse":null,"biztotincoform":null,"biztotcost":3.12022070291E9,"bizcost":2.39519077501E9,"inteexpe":null,"pounexpe":null,"realsalecost":null,"deveexpe":null,"surrgold":null,"compnetexpe":null,"contress":null,"polidiviexpe":null,"reinexpe":null,"otherbizcost":null,"biztax":2.173245072E7,"salesexpe":4.6514254025E8,"manaexpe":2.6093587347E8,"finexpe":-2.545201726E7,"asseimpaloss":2671080.72,"biztotcostitse":null,"biztotcostform":null,"valuechgloss":null,"inveinco":284042.99,"assoinveprof":null,"exchggain":null,"futuloss":null,"custinco":null,"subsidyincome":null,"otherbizprof":null,"bizprofitse":null,"operprofform":null,"perprofit":5.5772111461E8,"nonoreve":1.321973817E7,"nonoexpe":5697825.96,"noncassetsdisl":1143257.78,"proftotitse":null,"proftotform":null,"totprofit":5.6524302682E8,"incotaxexpe":1.1887541721E8,"unreinveloss":null,"netpro1itse":null,"netpro1form":null,"netprofit":4.4636760961E8,"parenetp":4.0234294743E8,"mergeformnetprof":null,"minysharrigh":4.402466218E7,"netpro2itse":null,"netpro2form":null,"basiceps":0.53,"dilutedeps":0.53,"othercompinco":null,"parecompinco":null,"minysharinco":null,"compincoamt":4.4636760961E8,"parecompincoamt":4.0234294743E8,"minysharincoamt":4.402466218E7,"earlyundiprof":null,"undisprofredu":null,"otherinto":null,"otherdistprof":null,"legalsurp":null,"welfare":null,"capitalreserve":null,"staffaward":null,"reservefund":null,"developfund":null,"profreturninvest":null,"supplycurcap":null,"avaidistshareprof":null,"preferredskdiv":null,"freesurplu":null,"dealwithdivi":null,"capitalizeddivi":null,"undisprofit":null,"selldepartgain":null,"natudisasterloss":null,"accpolicychg":null,"accestimatechg":null,"debtrestruloss":null,"othersupply":null},{"compcode":"80115432","publishdate":"20120825","begindate":"20120101","enddate":"20120630","reporttype":"100111","adjustdate":"20120825","accstacode":"2","accstaname":"新会计准则","biztotinco":2.47906546263E9,"bizinco":2.47906546263E9,"inteinco":null,"earnprem":null,"pouninco":null,"realsale":null,"otherbizinco":null,"biztotincoitse":null,"biztotincoform":null,"biztotcost":2.10744367612E9,"bizcost":1.62699471191E9,"inteexpe":null,"pounexpe":null,"realsalecost":null,"deveexpe":null,"surrgold":null,"compnetexpe":null,"contress":null,"polidiviexpe":null,"reinexpe":null,"otherbizcost":null,"biztax":1.387816341E7,"salesexpe":3.0459137761E8,"manaexpe":1.7652255139E8,"finexpe":-1.779156458E7,"asseimpaloss":3248436.38,"biztotcostitse":null,"biztotcostform":null,"valuechgloss":null,"inveinco":550718.27,"assoinveprof":null,"exchggain":null,"futuloss":null,"custinco":null,"subsidyincome":null,"otherbizprof":null,"bizprofitse":null,"operprofform":null,"perprofit":3.7217250478E8,"nonoreve":6440602.36,"nonoexpe":3917235.71,"noncassetsdisl":838344.04,"proftotitse":null,"proftotform":null,"totprofit":3.7469587143E8,"incotaxexpe":8.33521092E7,"unreinveloss":null,"netpro1itse":null,"netpro1form":null,"netprofit":2.9134376223E8,"parenetp":2.6331789275E8,"mergeformnetprof":null,"minysharrigh":2.802586948E7,"netpro2itse":null,"netpro2form":null,"basiceps":0.35,"dilutedeps":0.35,"othercompinco":null,"parecompinco":null,"minysharinco":null,"compincoamt":2.9134376223E8,"parecompincoamt":2.6331789275E8,"minysharincoamt":2.802586948E7,"earlyundiprof":null,"undisprofredu":null,"otherinto":null,"otherdistprof":null,"legalsurp":null,"welfare":null,"capitalreserve":null,"staffaward":null,"reservefund":null,"developfund":null,"profreturninvest":null,"supplycurcap":null,"avaidistshareprof":null,"preferredskdiv":null,"freesurplu":null,"dealwithdivi":null,"capitalizeddivi":null,"undisprofit":null,"selldepartgain":null,"natudisasterloss":null,"accpolicychg":null,"accestimatechg":null,"debtrestruloss":null,"othersupply":null},{"compcode":"80115432","publishdate":"20120421","begindate":"20120101","enddate":"20120331","reporttype":"100111","adjustdate":"20120421","accstacode":"2","accstaname":"新会计准则","biztotinco":1.2563556714E9,"bizinco":1.2563556714E9,"inteinco":null,"earnprem":null,"pouninco":null,"realsale":null,"otherbizinco":null,"biztotincoitse":null,"biztotincoform":null,"biztotcost":1.08227660063E9,"bizcost":8.401332267E8,"inteexpe":null,"pounexpe":null,"realsalecost":null,"deveexpe":null,"surrgold":null,"compnetexpe":null,"contress":null,"polidiviexpe":null,"reinexpe":null,"otherbizcost":null,"biztax":7179150.47,"salesexpe":1.5126527163E8,"manaexpe":9.140584824E7,"finexpe":-8372029.93,"asseimpaloss":665133.52,"biztotcostitse":null,"biztotcostform":null,"valuechgloss":null,"inveinco":14918.53,"assoinveprof":null,"exchggain":null,"futuloss":null,"custinco":null,"subsidyincome":null,"otherbizprof":null,"bizprofitse":null,"operprofform":null,"perprofit":1.740939893E8,"nonoreve":2983944.63,"nonoexpe":1348313.99,"noncassetsdisl":-1120.5,"proftotitse":null,"proftotform":null,"totprofit":1.7572961994E8,"incotaxexpe":3.76594728E7,"unreinveloss":null,"netpro1itse":null,"netpro1form":null,"netprofit":1.3807014714E8,"parenetp":1.2603764216E8,"mergeformnetprof":null,"minysharrigh":1.203250498E7,"netpro2itse":null,"netpro2form":null,"basiceps":0.17,"dilutedeps":0.17,"othercompinco":null,"parecompinco":null,"minysharinco":null,"compincoamt":1.3807014714E8,"parecompincoamt":1.2603764216E8,"minysharincoamt":1.203250498E7,"earlyundiprof":null,"undisprofredu":null,"otherinto":null,"otherdistprof":null,"legalsurp":null,"welfare":null,"capitalreserve":null,"staffaward":null,"reservefund":null,"developfund":null,"profreturninvest":null,"supplycurcap":null,"avaidistshareprof":null,"preferredskdiv":null,"freesurplu":null,"dealwithdivi":null,"capitalizeddivi":null,"undisprofit":null,"selldepartgain":null,"natudisasterloss":null,"accpolicychg":null,"accestimatechg":null,"debtrestruloss":null,"othersupply":null},{"compcode":"80115432","publishdate":"20120331","begindate":"20110101","enddate":"20111231","reporttype":"100111","adjustdate":"20120331","accstacode":"2","accstaname":"新会计准则","biztotinco":5.19933112079E9,"bizinco":5.19933112079E9,"inteinco":null,"earnprem":null,"pouninco":null,"realsale":null,"otherbizinco":null,"biztotincoitse":null,"biztotincoform":null,"biztotcost":4.50277182753E9,"bizcost":3.35892375824E9,"inteexpe":null,"pounexpe":null,"realsalecost":null,"deveexpe":null,"surrgold":null,"compnetexpe":null,"contress":null,"polidiviexpe":null,"reinexpe":null,"otherbizcost":null,"biztax":3.911001238E7,"salesexpe":7.8292905693E8,"manaexpe":3.573665755E8,"finexpe":-4.067714374E7,"asseimpaloss":5119568.22,"biztotcostitse":null,"biztotcostform":null,"valuechgloss":null,"inveinco":3755227.0,"assoinveprof":1913925.91,"exchggain":null,"futuloss":null,"custinco":null,"subsidyincome":null,"otherbizprof":null,"bizprofitse":null,"operprofform":null,"perprofit":7.0031452026E8,"nonoreve":2.619636887E7,"nonoexpe":1.236352142E7,"noncassetsdisl":166186.56,"proftotitse":null,"proftotform":null,"totprofit":7.1414736771E8,"incotaxexpe":1.601202139E8,"unreinveloss":null,"netpro1itse":null,"netpro1form":null,"netprofit":5.5402715381E8,"parenetp":5.0131959243E8,"mergeformnetprof":null,"minysharrigh":5.270756138E7,"netpro2itse":null,"netpro2form":null,"basiceps":0.66,"dilutedeps":0.66,"othercompinco":null,"parecompinco":null,"minysharinco":null,"compincoamt":5.5402715381E8,"parecompincoamt":5.0131959243E8,"minysharincoamt":5.270756138E7,"earlyundiprof":null,"undisprofredu":null,"otherinto":null,"otherdistprof":null,"legalsurp":null,"welfare":null,"capitalreserve":null,"staffaward":null,"reservefund":null,"developfund":null,"profreturninvest":null,"supplycurcap":null,"avaidistshareprof":null,"preferredskdiv":null,"freesurplu":null,"dealwithdivi":null,"capitalizeddivi":null,"undisprofit":null,"selldepartgain":null,"natudisasterloss":null,"accpolicychg":null,"accestimatechg":null,"debtrestruloss":null,"othersupply":null},{"compcode":"80115432","publishdate":"20111029","begindate":"20110101","enddate":"20110930","reporttype":"100111","adjustdate":"20111029","accstacode":"2","accstaname":"新会计准则","biztotinco":4.00662675013E9,"bizinco":4.00662675013E9,"inteinco":null,"earnprem":null,"pouninco":null,"realsale":null,"otherbizinco":null,"biztotincoitse":null,"biztotincoform":null,"biztotcost":3.3881807433E9,"bizcost":2.58983637829E9,"inteexpe":null,"pounexpe":null,"realsalecost":null,"deveexpe":null,"surrgold":null,"compnetexpe":null,"contress":null,"polidiviexpe":null,"reinexpe":null,"otherbizcost":null,"biztax":3.318302682E7,"salesexpe":5.5035096142E8,"manaexpe":2.4056456361E8,"finexpe":-2.849726456E7,"asseimpaloss":2743077.72,"biztotcostitse":null,"biztotcostform":null,"valuechgloss":null,"inveinco":4851299.8,"assoinveprof":null,"exchggain":null,"futuloss":null,"custinco":null,"subsidyincome":null,"otherbizprof":null,"bizprofitse":null,"operprofform":null,"perprofit":6.2329730663E8,"nonoreve":1.185232145E7,"nonoexpe":1.050690495E7,"noncassetsdisl":115041.06,"proftotitse":null,"proftotform":null,"totprofit":6.2464272313E8,"incotaxexpe":1.3168382565E8,"unreinveloss":null,"netpro1itse":null,"netpro1form":null,"netprofit":4.9295889748E8,"parenetp":4.5036372377E8,"mergeformnetprof":null,"minysharrigh":4.259517371E7,"netpro2itse":null,"netpro2form":null,"basiceps":0.59,"dilutedeps":0.59,"othercompinco":null,"parecompinco":null,"minysharinco":null,"compincoamt":4.9295889748E8,"parecompincoamt":4.5036372377E8,"minysharincoamt":4.259517371E7,"earlyundiprof":null,"undisprofredu":null,"otherinto":null,"otherdistprof":null,"legalsurp":null,"welfare":null,"capitalreserve":null,"staffaward":null,"reservefund":null,"developfund":null,"profreturninvest":null,"supplycurcap":null,"avaidistshareprof":null,"preferredskdiv":null,"freesurplu":null,"dealwithdivi":null,"capitalizeddivi":null,"undisprofit":null,"selldepartgain":null,"natudisasterloss":null,"accpolicychg":null,"accestimatechg":null,"debtrestruloss":null,"othersupply":null},{"compcode":"80115432","publishdate":"20110827","begindate":"20110101","enddate":"20110630","reporttype":"100111","adjustdate":"20110827","accstacode":"2","accstaname":"新会计准则","biztotinco":2.59615969569E9,"bizinco":2.59615969569E9,"inteinco":null,"earnprem":null,"pouninco":null,"realsale":null,"otherbizinco":null,"biztotincoitse":null,"biztotincoform":null,"biztotcost":2.20643291398E9,"bizcost":1.66724961764E9,"inteexpe":null,"pounexpe":null,"realsalecost":null,"deveexpe":null,"surrgold":null,"compnetexpe":null,"contress":null,"polidiviexpe":null,"reinexpe":null,"otherbizcost":null,"biztax":2.495057955E7,"salesexpe":3.6582471457E8,"manaexpe":1.6470226027E8,"finexpe":-1.908988153E7,"asseimpaloss":2795623.48,"biztotcostitse":null,"biztotcostform":null,"valuechgloss":null,"inveinco":1841301.09,"assoinveprof":null,"exchggain":null,"futuloss":null,"custinco":null,"subsidyincome":null,"otherbizprof":null,"bizprofitse":null,"operprofform":null,"perprofit":3.915680828E8,"nonoreve":4870445.76,"nonoexpe":3919112.78,"noncassetsdisl":62691.94,"proftotitse":null,"proftotform":null,"totprofit":3.9251941578E8,"incotaxexpe":8.567943027E7,"unreinveloss":null,"netpro1itse":null,"netpro1form":null,"netprofit":3.0683998551E8,"parenetp":2.7522572837E8,"mergeformnetprof":null,"minysharrigh":3.161425714E7,"netpro2itse":null,"netpro2form":null,"basiceps":0.36,"dilutedeps":0.36,"othercompinco":null,"parecompinco":null,"minysharinco":null,"compincoamt":3.0683998551E8,"parecompincoamt":2.7522572837E8,"minysharincoamt":3.161425714E7,"earlyundiprof":null,"undisprofredu":null,"otherinto":null,"otherdistprof":null,"legalsurp":null,"welfare":null,"capitalreserve":null,"staffaward":null,"reservefund":null,"developfund":null,"profreturninvest":null,"supplycurcap":null,"avaidistshareprof":null,"preferredskdiv":null,"freesurplu":null,"dealwithdivi":null,"capitalizeddivi":null,"undisprofit":null,"selldepartgain":null,"natudisasterloss":null,"accpolicychg":null,"accestimatechg":null,"debtrestruloss":null,"othersupply":null},{"compcode":"80115432","publishdate":"20110419","begindate":"20110101","enddate":"20110331","reporttype":"100111","adjustdate":"20110419","accstacode":"2","accstaname":"新会计准则","biztotinco":1.22463159784E9,"bizinco":1.22463159784E9,"inteinco":null,"earnprem":null,"pouninco":null,"realsale":null,"otherbizinco":null,"biztotincoitse":null,"biztotincoform":null,"biztotcost":1.05594397161E9,"bizcost":8.0173890925E8,"inteexpe":null,"pounexpe":null,"realsalecost":null,"deveexpe":null,"surrgold":null,"compnetexpe":null,"contress":null,"polidiviexpe":null,"reinexpe":null,"otherbizcost":null,"biztax":5547132.12,"salesexpe":1.5250962734E8,"manaexpe":9.747852937E7,"finexpe":-2639655.99,"asseimpaloss":1309429.52,"biztotcostitse":null,"biztotcostform":null,"valuechgloss":null,"inveinco":24657.6,"assoinveprof":null,"exchggain":null,"futuloss":null,"custinco":null,"subsidyincome":null,"otherbizprof":null,"bizprofitse":null,"operprofform":null,"perprofit":1.6871228383E8,"nonoreve":1409252.41,"nonoexpe":1122844.19,"noncassetsdisl":48627.0,"proftotitse":null,"proftotform":null,"totprofit":1.6899869205E8,"incotaxexpe":3.681169396E7,"unreinveloss":null,"netpro1itse":null,"netpro1form":null,"netprofit":1.3218699809E8,"parenetp":1.2224672728E8,"mergeformnetprof":null,"minysharrigh":9940270.81,"netpro2itse":null,"netpro2form":null,"basiceps":0.16,"dilutedeps":0.16,"othercompinco":null,"parecompinco":null,"minysharinco":null,"compincoamt":1.3218699809E8,"parecompincoamt":1.2224672728E8,"minysharincoamt":9940270.81,"earlyundiprof":null,"undisprofredu":null,"otherinto":null,"otherdistprof":null,"legalsurp":null,"welfare":null,"capitalreserve":null,"staffaward":null,"reservefund":null,"developfund":null,"profreturninvest":null,"supplycurcap":null,"avaidistshareprof":null,"preferredskdiv":null,"freesurplu":null,"dealwithdivi":null,"capitalizeddivi":null,"undisprofit":null,"selldepartgain":null,"natudisasterloss":null,"accpolicychg":null,"accestimatechg":null,"debtrestruloss":null,"othersupply":null},{"compcode":"80115432","publishdate":"20110316","begindate":"20100101","enddate":"20101231","reporttype":"100111","adjustdate":"20110316","accstacode":"2","accstaname":"新会计准则","biztotinco":5.34650524206E9,"bizinco":5.34650524206E9,"inteinco":null,"earnprem":null,"pouninco":null,"realsale":null,"otherbizinco":null,"biztotincoitse":null,"biztotincoform":null,"biztotcost":4.5333064141E9,"bizcost":3.40294413238E9,"inteexpe":null,"pounexpe":null,"realsalecost":null,"deveexpe":null,"surrgold":null,"compnetexpe":null,"contress":null,"polidiviexpe":null,"reinexpe":null,"otherbizcost":null,"biztax":8974644.04,"salesexpe":7.9143242953E8,"manaexpe":3.6701576336E8,"finexpe":-4.157597981E7,"asseimpaloss":4515424.6,"biztotcostitse":null,"biztotcostform":null,"valuechgloss":null,"inveinco":653445.42,"assoinveprof":null,"exchggain":null,"futuloss":null,"custinco":null,"subsidyincome":null,"otherbizprof":null,"bizprofitse":null,"operprofform":null,"perprofit":8.1385227338E8,"nonoreve":2.90165211E7,"nonoexpe":1.322297154E7,"noncassetsdisl":null,"proftotitse":null,"proftotform":null,"totprofit":8.2964582294E8,"incotaxexpe":1.5392019375E8,"unreinveloss":null,"netpro1itse":null,"netpro1form":null,"netprofit":6.7572562919E8,"parenetp":5.9090826742E8,"mergeformnetprof":null,"minysharrigh":8.481736177E7,"netpro2itse":null,"netpro2form":null,"basiceps":0.78,"dilutedeps":0.78,"othercompinco":null,"parecompinco":null,"minysharinco":null,"compincoamt":6.7572562919E8,"parecompincoamt":5.9090826742E8,"minysharincoamt":8.481736177E7,"earlyundiprof":null,"undisprofredu":null,"otherinto":null,"otherdistprof":null,"legalsurp":null,"welfare":null,"capitalreserve":null,"staffaward":null,"reservefund":null,"developfund":null,"profreturninvest":null,"supplycurcap":null,"avaidistshareprof":null,"preferredskdiv":null,"freesurplu":null,"dealwithdivi":null,"capitalizeddivi":null,"undisprofit":null,"selldepartgain":null,"natudisasterloss":null,"accpolicychg":null,"accestimatechg":null,"debtrestruloss":null,"othersupply":null},{"compcode":"80115432","publishdate":"20101029","begindate":"20100101","enddate":"20100930","reporttype":"100111","adjustdate":"20101029","accstacode":"2","accstaname":"新会计准则","biztotinco":3.99871786847E9,"bizinco":3.99871786847E9,"inteinco":null,"earnprem":null,"pouninco":null,"realsale":null,"otherbizinco":null,"biztotincoitse":null,"biztotincoform":null,"biztotcost":3.33592694206E9,"bizcost":2.51679457453E9,"inteexpe":null,"pounexpe":null,"realsalecost":null,"deveexpe":null,"surrgold":null,"compnetexpe":null,"contress":null,"polidiviexpe":null,"reinexpe":null,"otherbizcost":null,"biztax":5560553.58,"salesexpe":5.8531995315E8,"manaexpe":2.5742949286E8,"finexpe":-2.749862513E7,"asseimpaloss":-1679006.93,"biztotcostitse":null,"biztotcostform":null,"valuechgloss":null,"inveinco":38356.16,"assoinveprof":null,"exchggain":null,"futuloss":null,"custinco":null,"subsidyincome":null,"otherbizprof":null,"bizprofitse":null,"operprofform":null,"perprofit":6.6282928257E8,"nonoreve":7752222.53,"nonoexpe":9382273.04,"noncassetsdisl":207562.34,"proftotitse":null,"proftotform":null,"totprofit":6.6119923206E8,"incotaxexpe":1.3376988204E8,"unreinveloss":null,"netpro1itse":null,"netpro1form":null,"netprofit":5.2742935002E8,"parenetp":4.6591654225E8,"mergeformnetprof":null,"minysharrigh":6.151280777E7,"netpro2itse":null,"netpro2form":null,"basiceps":0.61,"dilutedeps":0.61,"othercompinco":null,"parecompinco":null,"minysharinco":null,"compincoamt":5.2742935002E8,"parecompincoamt":4.6591654225E8,"minysharincoamt":6.151280777E7,"earlyundiprof":null,"undisprofredu":null,"otherinto":null,"otherdistprof":null,"legalsurp":null,"welfare":null,"capitalreserve":null,"staffaward":null,"reservefund":null,"developfund":null,"profreturninvest":null,"supplycurcap":null,"avaidistshareprof":null,"preferredskdiv":null,"freesurplu":null,"dealwithdivi":null,"capitalizeddivi":null,"undisprofit":null,"selldepartgain":null,"natudisasterloss":null,"accpolicychg":null,"accestimatechg":null,"debtrestruloss":null,"othersupply":null},{"compcode":"80115432","publishdate":"20100828","begindate":"20100101","enddate":"20100630","reporttype":"100111","adjustdate":"19000101","accstacode":"2","accstaname":"新会计准则","biztotinco":2.40758716719E9,"bizinco":2.40758716719E9,"inteinco":null,"earnprem":null,"pouninco":null,"realsale":null,"otherbizinco":null,"biztotincoitse":null,"biztotincoform":null,"biztotcost":2.02441026868E9,"bizcost":1.51398955389E9,"inteexpe":null,"pounexpe":null,"realsalecost":null,"deveexpe":null,"surrgold":null,"compnetexpe":null,"contress":null,"polidiviexpe":null,"reinexpe":null,"otherbizcost":null,"biztax":3452778.88,"salesexpe":3.7222445621E8,"manaexpe":1.6103565762E8,"finexpe":-1.901217408E7,"asseimpaloss":-7280003.84,"biztotcostitse":null,"biztotcostform":null,"valuechgloss":null,"inveinco":null,"assoinveprof":null,"exchggain":null,"futuloss":null,"custinco":null,"subsidyincome":null,"otherbizprof":null,"bizprofitse":null,"operprofform":null,"perprofit":3.8317689851E8,"nonoreve":5669632.73,"nonoexpe":4614964.96,"noncassetsdisl":206026.03,"proftotitse":null,"proftotform":null,"totprofit":3.8423156628E8,"incotaxexpe":7.820495148E7,"unreinveloss":null,"netpro1itse":null,"netpro1form":null,"netprofit":3.060266148E8,"parenetp":2.7303590519E8,"mergeformnetprof":null,"minysharrigh":3.299070961E7,"netpro2itse":null,"netpro2form":null,"basiceps":0.36,"dilutedeps":0.36,"othercompinco":null,"parecompinco":null,"minysharinco":null,"compincoamt":3.060266148E8,"parecompincoamt":2.7303590519E8,"minysharincoamt":3.299070961E7,"earlyundiprof":null,"undisprofredu":null,"otherinto":null,"otherdistprof":null,"legalsurp":null,"welfare":null,"capitalreserve":null,"staffaward":null,"reservefund":null,"developfund":null,"profreturninvest":null,"supplycurcap":null,"avaidistshareprof":null,"preferredskdiv":null,"freesurplu":null,"dealwithdivi":null,"capitalizeddivi":null,"undisprofit":null,"selldepartgain":null,"natudisasterloss":null,"accpolicychg":null,"accestimatechg":null,"debtrestruloss":null,"othersupply":null},{"compcode":"80115432","publishdate":"20100429","begindate":"20100101","enddate":"20100331","reporttype":"100111","adjustdate":"19000101","accstacode":"2","accstaname":"新会计准则","biztotinco":8.4629908734E8,"bizinco":8.4629908734E8,"inteinco":null,"earnprem":null,"pouninco":null,"realsale":null,"otherbizinco":null,"biztotincoitse":null,"biztotincoform":null,"biztotcost":7.4607730373E8,"bizcost":5.6002585529E8,"inteexpe":null,"pounexpe":null,"realsalecost":null,"deveexpe":null,"surrgold":null,"compnetexpe":null,"contress":null,"polidiviexpe":null,"reinexpe":null,"otherbizcost":null,"biztax":1383151.24,"salesexpe":1.1377144388E8,"manaexpe":7.460760035E7,"finexpe":-3798067.66,"asseimpaloss":87320.63,"biztotcostitse":null,"biztotcostform":null,"valuechgloss":null,"inveinco":null,"assoinveprof":null,"exchggain":null,"futuloss":null,"custinco":null,"subsidyincome":null,"otherbizprof":null,"bizprofitse":null,"operprofform":null,"perprofit":1.0022178361E8,"nonoreve":3770814.53,"nonoexpe":684515.98,"noncassetsdisl":10977.22,"proftotitse":null,"proftotform":null,"totprofit":1.0330808216E8,"incotaxexpe":1.850386476E7,"unreinveloss":null,"netpro1itse":null,"netpro1form":null,"netprofit":8.48042174E7,"parenetp":8.288663594E7,"mergeformnetprof":null,"minysharrigh":1917581.46,"netpro2itse":null,"netpro2form":null,"basiceps":0.16,"dilutedeps":0.16,"othercompinco":null,"parecompinco":null,"minysharinco":null,"compincoamt":8.48042174E7,"parecompincoamt":8.288663594E7,"minysharincoamt":1917581.46,"earlyundiprof":null,"undisprofredu":null,"otherinto":null,"otherdistprof":null,"legalsurp":null,"welfare":null,"capitalreserve":null,"staffaward":null,"reservefund":null,"developfund":null,"profreturninvest":null,"supplycurcap":null,"avaidistshareprof":null,"preferredskdiv":null,"freesurplu":null,"dealwithdivi":null,"capitalizeddivi":null,"undisprofit":null,"selldepartgain":null,"natudisasterloss":null,"accpolicychg":null,"accestimatechg":null,"debtrestruloss":null,"othersupply":null},{"compcode":"80115432","publishdate":"20100327","begindate":"20090101","enddate":"20091231","reporttype":"100111","adjustdate":"19000101","accstacode":"2","accstaname":"新会计准则","biztotinco":4.63642479475E9,"bizinco":4.63642479475E9,"inteinco":null,"earnprem":null,"pouninco":null,"realsale":null,"otherbizinco":null,"biztotincoitse":null,"biztotincoform":null,"biztotcost":3.90393462837E9,"bizcost":2.8449828E9,"inteexpe":null,"pounexpe":null,"realsalecost":null,"deveexpe":null,"surrgold":null,"compnetexpe":null,"contress":null,"polidiviexpe":null,"reinexpe":null,"otherbizcost":null,"biztax":5294021.27,"salesexpe":7.4600717821E8,"manaexpe":3.2675147209E8,"finexpe":-4.285408125E7,"asseimpaloss":2.375323805E7,"biztotcostitse":null,"biztotcostform":null,"valuechgloss":null,"inveinco":229529.86,"assoinveprof":null,"exchggain":null,"futuloss":null,"custinco":null,"subsidyincome":null,"otherbizprof":null,"bizprofitse":null,"operprofform":null,"perprofit":7.3271969624E8,"nonoreve":5.924395071E7,"nonoexpe":6544483.91,"noncassetsdisl":1230011.81,"proftotitse":null,"proftotform":null,"totprofit":7.8541916304E8,"incotaxexpe":7.132309815E7,"unreinveloss":null,"netpro1itse":null,"netpro1form":null,"netprofit":7.1409606489E8,"parenetp":6.0974669285E8,"mergeformnetprof":null,"minysharrigh":1.0434937204E8,"netpro2itse":null,"netpro2form":null,"basiceps":1.2,"dilutedeps":1.2,"othercompinco":null,"parecompinco":null,"minysharinco":null,"compincoamt":7.1409606489E8,"parecompincoamt":6.0974669285E8,"minysharincoamt":1.0434937204E8,"earlyundiprof":null,"undisprofredu":null,"otherinto":null,"otherdistprof":null,"legalsurp":null,"welfare":null,"capitalreserve":null,"staffaward":null,"reservefund":null,"developfund":null,"profreturninvest":null,"supplycurcap":null,"avaidistshareprof":null,"preferredskdiv":null,"freesurplu":null,"dealwithdivi":null,"capitalizeddivi":null,"undisprofit":null,"selldepartgain":null,"natudisasterloss":null,"accpolicychg":null,"accestimatechg":null,"debtrestruloss":null,"othersupply":null},{"compcode":"80115432","publishdate":"20091028","begindate":"20090101","enddate":"20090930","reporttype":"100111","adjustdate":"19000101","accstacode":"2","accstaname":"新会计准则","biztotinco":3.36443534993E9,"bizinco":3.36443534993E9,"inteinco":null,"earnprem":null,"pouninco":null,"realsale":null,"otherbizinco":null,"biztotincoitse":null,"biztotincoform":null,"biztotcost":2.73811160937E9,"bizcost":2.03913747289E9,"inteexpe":null,"pounexpe":null,"realsalecost":null,"deveexpe":null,"surrgold":null,"compnetexpe":null,"contress":null,"polidiviexpe":null,"reinexpe":null,"otherbizcost":null,"biztax":3796093.6,"salesexpe":4.668631711E8,"manaexpe":2.6224185712E8,"finexpe":-3.153460817E7,"asseimpaloss":-2392377.17,"biztotcostitse":null,"biztotcostform":null,"valuechgloss":null,"inveinco":229529.86,"assoinveprof":null,"exchggain":null,"futuloss":null,"custinco":null,"subsidyincome":null,"otherbizprof":null,"bizprofitse":null,"operprofform":null,"perprofit":6.2655327042E8,"nonoreve":3.146828724E7,"nonoexpe":5383192.92,"noncassetsdisl":null,"proftotitse":null,"proftotform":null,"totprofit":6.5263836474E8,"incotaxexpe":9.477101718E7,"unreinveloss":null,"netpro1itse":null,"netpro1form":null,"netprofit":5.5786734756E8,"parenetp":4.7221536682E8,"mergeformnetprof":null,"minysharrigh":8.565198074E7,"netpro2itse":null,"netpro2form":null,"basiceps":0.93,"dilutedeps":0.93,"othercompinco":null,"parecompinco":null,"minysharinco":null,"compincoamt":5.5786734756E8,"parecompincoamt":4.7221536682E8,"minysharincoamt":8.565198074E7,"earlyundiprof":null,"undisprofredu":null,"otherinto":null,"otherdistprof":null,"legalsurp":null,"welfare":null,"capitalreserve":null,"staffaward":null,"reservefund":null,"developfund":null,"profreturninvest":null,"supplycurcap":null,"avaidistshareprof":null,"preferredskdiv":null,"freesurplu":null,"dealwithdivi":null,"capitalizeddivi":null,"undisprofit":null,"selldepartgain":null,"natudisasterloss":null,"accpolicychg":null,"accestimatechg":null,"debtrestruloss":null,"othersupply":null},{"compcode":"80115432","publishdate":"20090805","begindate":"20090101","enddate":"20090630","reporttype":"100111","adjustdate":"19000101","accstacode":"2","accstaname":"新会计准则","biztotinco":2.1811221661E9,"bizinco":2.1811221661E9,"inteinco":null,"earnprem":null,"pouninco":null,"realsale":null,"otherbizinco":null,"biztotincoitse":null,"biztotincoform":null,"biztotcost":1.77218139E9,"bizcost":1.31197173717E9,"inteexpe":null,"pounexpe":null,"realsalecost":null,"deveexpe":null,"surrgold":null,"compnetexpe":null,"contress":null,"polidiviexpe":null,"reinexpe":null,"otherbizcost":null,"biztax":1832760.97,"salesexpe":3.0193716613E8,"manaexpe":1.8447009934E8,"finexpe":-2.80800339E7,"asseimpaloss":49660.29,"biztotcostitse":null,"biztotcostform":null,"valuechgloss":null,"inveinco":229369.86,"assoinveprof":null,"exchggain":null,"futuloss":null,"custinco":null,"subsidyincome":null,"otherbizprof":null,"bizprofitse":null,"operprofform":null,"perprofit":4.0917014596E8,"nonoreve":2.734171247E7,"nonoexpe":6114726.86,"noncassetsdisl":4267777.23,"proftotitse":null,"proftotform":null,"totprofit":4.3039713157E8,"incotaxexpe":6.266876181E7,"unreinveloss":null,"netpro1itse":null,"netpro1form":null,"netprofit":3.6772836976E8,"parenetp":3.1715573395E8,"mergeformnetprof":null,"minysharrigh":5.057263581E7,"netpro2itse":null,"netpro2form":null,"basiceps":0.63,"dilutedeps":0.63,"othercompinco":null,"parecompinco":null,"minysharinco":null,"compincoamt":null,"parecompincoamt":null,"minysharincoamt":null,"earlyundiprof":null,"undisprofredu":null,"otherinto":null,"otherdistprof":null,"legalsurp":null,"welfare":null,"capitalreserve":null,"staffaward":null,"reservefund":null,"developfund":null,"profreturninvest":null,"supplycurcap":null,"avaidistshareprof":null,"preferredskdiv":null,"freesurplu":null,"dealwithdivi":null,"capitalizeddivi":null,"undisprofit":null,"selldepartgain":null,"natudisasterloss":null,"accpolicychg":null,"accestimatechg":null,"debtrestruloss":null,"othersupply":null},{"compcode":"80115432","publishdate":"20090428","begindate":"20090101","enddate":"20090331","reporttype":"100111","adjustdate":"19000101","accstacode":"2","accstaname":"新会计准则","biztotinco":9.6332692047E8,"bizinco":9.6332692047E8,"inteinco":null,"earnprem":null,"pouninco":null,"realsale":null,"otherbizinco":null,"biztotincoitse":null,"biztotincoform":null,"biztotcost":7.9190908378E8,"bizcost":5.9480928671E8,"inteexpe":null,"pounexpe":null,"realsalecost":null,"deveexpe":null,"surrgold":null,"compnetexpe":null,"contress":null,"polidiviexpe":null,"reinexpe":null,"otherbizcost":null,"biztax":565146.41,"salesexpe":1.2731071E8,"manaexpe":7.016337552E7,"finexpe":-2392666.47,"asseimpaloss":1453231.61,"biztotcostitse":null,"biztotcostform":null,"valuechgloss":null,"inveinco":149369.86,"assoinveprof":null,"exchggain":null,"futuloss":null,"custinco":null,"subsidyincome":null,"otherbizprof":null,"bizprofitse":null,"operprofform":null,"perprofit":1.7156720655E8,"nonoreve":1491734.55,"nonoexpe":747948.86,"noncassetsdisl":138875.78,"proftotitse":null,"proftotform":null,"totprofit":1.7231099224E8,"incotaxexpe":2.647591557E7,"unreinveloss":null,"netpro1itse":null,"netpro1form":null,"netprofit":1.4583507667E8,"parenetp":1.2795858337E8,"mergeformnetprof":null,"minysharrigh":1.78764933E7,"netpro2itse":null,"netpro2form":null,"basiceps":0.48,"dilutedeps":0.48,"othercompinco":null,"parecompinco":null,"minysharinco":null,"compincoamt":null,"parecompincoamt":null,"minysharincoamt":null,"earlyundiprof":null,"undisprofredu":null,"otherinto":null,"otherdistprof":null,"legalsurp":null,"welfare":null,"capitalreserve":null,"staffaward":null,"reservefund":null,"developfund":null,"profreturninvest":null,"supplycurcap":null,"avaidistshareprof":null,"preferredskdiv":null,"freesurplu":null,"dealwithdivi":null,"capitalizeddivi":null,"undisprofit":null,"selldepartgain":null,"natudisasterloss":null,"accpolicychg":null,"accestimatechg":null,"debtrestruloss":null,"othersupply":null},{"compcode":"80115432","publishdate":"20090325","begindate":"20080101","enddate":"20081231","reporttype":"100111","adjustdate":"19000101","accstacode":"2","accstaname":"新会计准则","biztotinco":4.32344477548E9,"bizinco":4.32344477548E9,"inteinco":null,"earnprem":null,"pouninco":null,"realsale":null,"otherbizinco":null,"biztotincoitse":null,"biztotincoform":null,"biztotcost":3.58923361072E9,"bizcost":2.67422726721E9,"inteexpe":null,"pounexpe":null,"realsalecost":null,"deveexpe":null,"surrgold":null,"compnetexpe":null,"contress":null,"polidiviexpe":null,"reinexpe":null,"otherbizcost":null,"biztax":2627887.89,"salesexpe":6.9584705413E8,"manaexpe":2.4052053777E8,"finexpe":-2.380822097E7,"asseimpaloss":-180915.31,"biztotcostitse":null,"biztotcostform":null,"valuechgloss":null,"inveinco":258630.14,"assoinveprof":null,"exchggain":null,"futuloss":null,"custinco":null,"subsidyincome":null,"otherbizprof":null,"bizprofitse":null,"operprofform":null,"perprofit":7.344697949E8,"nonoreve":7363335.58,"nonoexpe":8253260.08,"noncassetsdisl":209948.27,"proftotitse":null,"proftotform":null,"totprofit":7.335798704E8,"incotaxexpe":9.375987339E7,"unreinveloss":null,"netpro1itse":null,"netpro1form":null,"netprofit":6.3981999701E8,"parenetp":5.3805180101E8,"mergeformnetprof":null,"minysharrigh":1.01768196E8,"netpro2itse":null,"netpro2form":null,"basiceps":2.25,"dilutedeps":2.25,"othercompinco":null,"parecompinco":null,"minysharinco":null,"compincoamt":null,"parecompincoamt":null,"minysharincoamt":null,"earlyundiprof":null,"undisprofredu":null,"otherinto":null,"otherdistprof":null,"legalsurp":null,"welfare":null,"capitalreserve":null,"staffaward":null,"reservefund":null,"developfund":null,"profreturninvest":null,"supplycurcap":null,"avaidistshareprof":null,"preferredskdiv":null,"freesurplu":null,"dealwithdivi":null,"capitalizeddivi":null,"undisprofit":null,"selldepartgain":null,"natudisasterloss":null,"accpolicychg":null,"accestimatechg":null,"debtrestruloss":null,"othersupply":null},{"compcode":"80115432","publishdate":"20081022","begindate":"20080101","enddate":"20080930","reporttype":"100111","adjustdate":"19000101","accstacode":"2","accstaname":"新会计准则","biztotinco":2.73449596194E9,"bizinco":2.73449596194E9,"inteinco":null,"earnprem":null,"pouninco":null,"realsale":null,"otherbizinco":null,"biztotincoitse":null,"biztotincoform":null,"biztotcost":2.1888562504E9,"bizcost":1.69109556623E9,"inteexpe":null,"pounexpe":null,"realsalecost":null,"deveexpe":null,"surrgold":null,"compnetexpe":null,"contress":null,"polidiviexpe":null,"reinexpe":null,"otherbizcost":null,"biztax":1951181.07,"salesexpe":3.4337069061E8,"manaexpe":1.6208698916E8,"finexpe":-5917100.94,"asseimpaloss":-3731075.73,"biztotcostitse":null,"biztotcostform":null,"valuechgloss":null,"inveinco":null,"assoinveprof":null,"exchggain":null,"futuloss":null,"custinco":null,"subsidyincome":null,"otherbizprof":null,"bizprofitse":null,"operprofform":null,"perprofit":5.4563971154E8,"nonoreve":3705972.29,"nonoexpe":6967664.14,"noncassetsdisl":null,"proftotitse":null,"proftotform":null,"totprofit":5.4237801969E8,"incotaxexpe":7.696754402E7,"unreinveloss":null,"netpro1itse":null,"netpro1form":null,"netprofit":4.6541047567E8,"parenetp":3.9989039355E8,"mergeformnetprof":null,"minysharrigh":6.552008212E7,"netpro2itse":null,"netpro2form":null,"basiceps":1.74,"dilutedeps":1.74,"othercompinco":null,"parecompinco":null,"minysharinco":null,"compincoamt":null,"parecompincoamt":null,"minysharincoamt":null,"earlyundiprof":null,"undisprofredu":null,"otherinto":null,"otherdistprof":null,"legalsurp":null,"welfare":null,"capitalreserve":null,"staffaward":null,"reservefund":null,"developfund":null,"profreturninvest":null,"supplycurcap":null,"avaidistshareprof":null,"preferredskdiv":null,"freesurplu":null,"dealwithdivi":null,"capitalizeddivi":null,"undisprofit":null,"selldepartgain":null,"natudisasterloss":null,"accpolicychg":null,"accestimatechg":null,"debtrestruloss":null,"othersupply":null},{"compcode":"80115432","publishdate":"20080820","begindate":"20080101","enddate":"20080630","reporttype":"100111","adjustdate":"19000101","accstacode":"2","accstaname":"新会计准则","biztotinco":1.61405136756E9,"bizinco":1.61405136756E9,"inteinco":null,"earnprem":null,"pouninco":null,"realsale":null,"otherbizinco":null,"biztotincoitse":null,"biztotincoform":null,"biztotcost":1.29407283812E9,"bizcost":1.02339079978E9,"inteexpe":null,"pounexpe":null,"realsalecost":null,"deveexpe":null,"surrgold":null,"compnetexpe":null,"contress":null,"polidiviexpe":null,"reinexpe":null,"otherbizcost":null,"biztax":1112142.28,"salesexpe":1.6543562855E8,"manaexpe":1.0252221284E8,"finexpe":-2010405.68,"asseimpaloss":3622460.35,"biztotcostitse":null,"biztotcostform":null,"valuechgloss":null,"inveinco":null,"assoinveprof":null,"exchggain":null,"futuloss":null,"custinco":null,"subsidyincome":null,"otherbizprof":null,"bizprofitse":null,"operprofform":null,"perprofit":3.1997852944E8,"nonoreve":3270013.97,"nonoexpe":3524241.44,"noncassetsdisl":170245.92,"proftotitse":null,"proftotform":null,"totprofit":3.1972430197E8,"incotaxexpe":4.819245272E7,"unreinveloss":null,"netpro1itse":null,"netpro1form":null,"netprofit":2.7153184925E8,"parenetp":2.3140843435E8,"mergeformnetprof":null,"minysharrigh":4.01234149E7,"netpro2itse":null,"netpro2form":null,"basiceps":1.1,"dilutedeps":1.1,"othercompinco":null,"parecompinco":null,"minysharinco":null,"compincoamt":null,"parecompincoamt":null,"minysharincoamt":null,"earlyundiprof":null,"undisprofredu":null,"otherinto":null,"otherdistprof":null,"legalsurp":null,"welfare":null,"capitalreserve":null,"staffaward":null,"reservefund":null,"developfund":null,"profreturninvest":null,"supplycurcap":null,"avaidistshareprof":null,"preferredskdiv":null,"freesurplu":null,"dealwithdivi":null,"capitalizeddivi":null,"undisprofit":null,"selldepartgain":null,"natudisasterloss":null,"accpolicychg":null,"accestimatechg":null,"debtrestruloss":null,"othersupply":null},{"compcode":"80115432","publishdate":"20080527","begindate":"20080101","enddate":"20080331","reporttype":"100111","adjustdate":"19000101","accstacode":"2","accstaname":"新会计准则","biztotinco":7.0175435618E8,"bizinco":7.0175435618E8,"inteinco":0.0,"earnprem":0.0,"pouninco":0.0,"realsale":0.0,"otherbizinco":0.0,"biztotincoitse":null,"biztotincoform":null,"biztotcost":5.6671215703E8,"bizcost":4.5759257397E8,"inteexpe":0.0,"pounexpe":0.0,"realsalecost":0.0,"deveexpe":0.0,"surrgold":0.0,"compnetexpe":0.0,"contress":0.0,"polidiviexpe":0.0,"reinexpe":0.0,"otherbizcost":0.0,"biztax":577044.14,"salesexpe":6.968958863E7,"manaexpe":3.975022404E7,"finexpe":-520110.19,"asseimpaloss":-377163.56,"biztotcostitse":null,"biztotcostform":null,"valuechgloss":0.0,"inveinco":0.0,"assoinveprof":0.0,"exchggain":0.0,"futuloss":0.0,"custinco":0.0,"subsidyincome":0.0,"otherbizprof":0.0,"bizprofitse":null,"operprofform":null,"perprofit":1.3504219915E8,"nonoreve":219560.92,"nonoexpe":563726.95,"noncassetsdisl":0.0,"proftotitse":null,"proftotform":null,"totprofit":1.3469803312E8,"incotaxexpe":2.202838219E7,"unreinveloss":0.0,"netpro1itse":null,"netpro1form":null,"netprofit":1.1266965093E8,"parenetp":1.0195276176E8,"mergeformnetprof":null,"minysharrigh":1.071688917E7,"netpro2itse":null,"netpro2form":null,"basiceps":0.51,"dilutedeps":0.51,"othercompinco":null,"parecompinco":null,"minysharinco":null,"compincoamt":null,"parecompincoamt":null,"minysharincoamt":null,"earlyundiprof":null,"undisprofredu":null,"otherinto":null,"otherdistprof":null,"legalsurp":null,"welfare":null,"capitalreserve":null,"staffaward":null,"reservefund":null,"developfund":null,"profreturninvest":null,"supplycurcap":null,"avaidistshareprof":null,"preferredskdiv":null,"freesurplu":null,"dealwithdivi":null,"capitalizeddivi":null,"undisprofit":null,"selldepartgain":null,"natudisasterloss":null,"accpolicychg":null,"accestimatechg":null,"debtrestruloss":null,"othersupply":null},{"compcode":"80115432","publishdate":"20080508","begindate":"20070101","enddate":"20071231","reporttype":"100111","adjustdate":"19000101","accstacode":"2","accstaname":"新会计准则","biztotinco":1.94280538028E9,"bizinco":1.94280538028E9,"inteinco":0.0,"earnprem":0.0,"pouninco":0.0,"realsale":0.0,"otherbizinco":0.0,"biztotincoitse":null,"biztotincoform":null,"biztotcost":1.53720576132E9,"bizcost":1.23554429672E9,"inteexpe":0.0,"pounexpe":0.0,"realsalecost":0.0,"deveexpe":0.0,"surrgold":0.0,"compnetexpe":0.0,"contress":0.0,"polidiviexpe":0.0,"reinexpe":0.0,"otherbizcost":0.0,"biztax":1033905.85,"salesexpe":1.8967321011E8,"manaexpe":1.0743125412E8,"finexpe":-2640157.49,"asseimpaloss":6163252.01,"biztotcostitse":null,"biztotcostform":null,"valuechgloss":0.0,"inveinco":0.0,"assoinveprof":0.0,"exchggain":0.0,"futuloss":0.0,"custinco":0.0,"subsidyincome":0.0,"otherbizprof":0.0,"bizprofitse":null,"operprofform":null,"perprofit":4.0559961896E8,"nonoreve":1.180569349E7,"nonoexpe":2329125.13,"noncassetsdisl":151921.56,"proftotitse":null,"proftotform":null,"totprofit":4.1507618732E8,"incotaxexpe":5.239197526E7,"unreinveloss":0.0,"netpro1itse":null,"netpro1form":null,"netprofit":3.6268421206E8,"parenetp":2.6910133064E8,"mergeformnetprof":5.980275719E7,"minysharrigh":3.378012423E7,"netpro2itse":null,"netpro2form":null,"basiceps":1.35,"dilutedeps":1.35,"othercompinco":0.0,"parecompinco":0.0,"minysharinco":0.0,"compincoamt":0.0,"parecompincoamt":0.0,"minysharincoamt":0.0,"earlyundiprof":null,"undisprofredu":null,"otherinto":null,"otherdistprof":null,"legalsurp":null,"welfare":null,"capitalreserve":null,"staffaward":null,"reservefund":null,"developfund":null,"profreturninvest":null,"supplycurcap":null,"avaidistshareprof":null,"preferredskdiv":null,"freesurplu":null,"dealwithdivi":null,"capitalizeddivi":null,"undisprofit":null,"selldepartgain":null,"natudisasterloss":null,"accpolicychg":null,"accestimatechg":null,"debtrestruloss":null,"othersupply":null},{"compcode":"80115432","publishdate":"20080527","begindate":"20070101","enddate":"20070331","reporttype":"100111","adjustdate":"19000101","accstacode":"2","accstaname":"新会计准则","biztotinco":3.2813836252E8,"bizinco":3.2813836252E8,"inteinco":0.0,"earnprem":0.0,"pouninco":0.0,"realsale":0.0,"otherbizinco":0.0,"biztotincoitse":null,"biztotincoform":null,"biztotcost":2.5441920465E8,"bizcost":2.1082248798E8,"inteexpe":0.0,"pounexpe":0.0,"realsalecost":0.0,"deveexpe":0.0,"surrgold":0.0,"compnetexpe":0.0,"contress":0.0,"polidiviexpe":0.0,"reinexpe":0.0,"otherbizcost":0.0,"biztax":92119.1,"salesexpe":2.601735983E7,"manaexpe":1.690307918E7,"finexpe":-391947.11,"asseimpaloss":976105.67,"biztotcostitse":null,"biztotcostform":null,"valuechgloss":0.0,"inveinco":0.0,"assoinveprof":0.0,"exchggain":0.0,"futuloss":0.0,"custinco":0.0,"subsidyincome":0.0,"otherbizprof":0.0,"bizprofitse":null,"operprofform":null,"perprofit":7.371915787E7,"nonoreve":2063102.36,"nonoexpe":264472.34,"noncassetsdisl":0.0,"proftotitse":null,"proftotform":null,"totprofit":7.551778789E7,"incotaxexpe":7555817.39,"unreinveloss":0.0,"netpro1itse":null,"netpro1form":null,"netprofit":6.79619705E7,"parenetp":6.083705796E7,"mergeformnetprof":null,"minysharrigh":7124912.54,"netpro2itse":null,"netpro2form":null,"basiceps":0.0,"dilutedeps":0.0,"othercompinco":null,"parecompinco":null,"minysharinco":null,"compincoamt":null,"parecompincoamt":null,"minysharincoamt":null,"earlyundiprof":null,"undisprofredu":null,"otherinto":null,"otherdistprof":null,"legalsurp":null,"welfare":null,"capitalreserve":null,"staffaward":null,"reservefund":null,"developfund":null,"profreturninvest":null,"supplycurcap":null,"avaidistshareprof":null,"preferredskdiv":null,"freesurplu":null,"dealwithdivi":null,"capitalizeddivi":null,"undisprofit":null,"selldepartgain":null,"natudisasterloss":null,"accpolicychg":null,"accestimatechg":null,"debtrestruloss":null,"othersupply":null},{"compcode":"80115432","publishdate":"20080508","begindate":"20060101","enddate":"20061231","reporttype":"100111","adjustdate":"19000101","accstacode":"2","accstaname":"新会计准则","biztotinco":9.338147684E8,"bizinco":9.338147684E8,"inteinco":0.0,"earnprem":0.0,"pouninco":0.0,"realsale":0.0,"otherbizinco":0.0,"biztotincoitse":null,"biztotincoform":null,"biztotcost":8.9075824838E8,"bizcost":7.8407326445E8,"inteexpe":0.0,"pounexpe":0.0,"realsalecost":0.0,"deveexpe":0.0,"surrgold":0.0,"compnetexpe":0.0,"contress":0.0,"polidiviexpe":0.0,"reinexpe":0.0,"otherbizcost":0.0,"biztax":0.0,"salesexpe":8.417130928E7,"manaexpe":2.376581756E7,"finexpe":-2292269.08,"asseimpaloss":1040126.17,"biztotcostitse":null,"biztotcostform":null,"valuechgloss":0.0,"inveinco":0.0,"assoinveprof":0.0,"exchggain":0.0,"futuloss":0.0,"custinco":0.0,"subsidyincome":0.0,"otherbizprof":0.0,"bizprofitse":null,"operprofform":null,"perprofit":4.305652002E7,"nonoreve":779053.93,"nonoexpe":496057.16,"noncassetsdisl":0.0,"proftotitse":null,"proftotform":null,"totprofit":4.333951679E7,"incotaxexpe":0.0,"unreinveloss":0.0,"netpro1itse":null,"netpro1form":null,"netprofit":4.333951679E7,"parenetp":4.333951679E7,"mergeformnetprof":null,"minysharrigh":0.0,"netpro2itse":null,"netpro2form":null,"basiceps":3.21,"dilutedeps":3.21,"othercompinco":null,"parecompinco":null,"minysharinco":null,"compincoamt":null,"parecompincoamt":null,"minysharincoamt":null,"earlyundiprof":null,"undisprofredu":null,"otherinto":null,"otherdistprof":null,"legalsurp":null,"welfare":null,"capitalreserve":null,"staffaward":null,"reservefund":null,"developfund":null,"profreturninvest":null,"supplycurcap":null,"avaidistshareprof":null,"preferredskdiv":null,"freesurplu":null,"dealwithdivi":null,"capitalizeddivi":null,"undisprofit":null,"selldepartgain":null,"natudisasterloss":null,"accpolicychg":null,"accestimatechg":null,"debtrestruloss":null,"othersupply":null},{"compcode":"80115432","publishdate":"20080508","begindate":"20050101","enddate":"20051231","reporttype":"100111","adjustdate":"19000101","accstacode":"2","accstaname":"新会计准则","biztotinco":7.5037743117E8,"bizinco":7.5037743117E8,"inteinco":0.0,"earnprem":0.0,"pouninco":0.0,"realsale":0.0,"otherbizinco":0.0,"biztotincoitse":null,"biztotincoform":null,"biztotcost":7.0686662655E8,"bizcost":6.2079340679E8,"inteexpe":0.0,"pounexpe":0.0,"realsalecost":0.0,"deveexpe":0.0,"surrgold":0.0,"compnetexpe":0.0,"contress":0.0,"polidiviexpe":0.0,"reinexpe":0.0,"otherbizcost":0.0,"biztax":270516.59,"salesexpe":6.672597033E7,"manaexpe":1.877563492E7,"finexpe":-202576.44,"asseimpaloss":503674.36,"biztotcostitse":null,"biztotcostform":null,"valuechgloss":0.0,"inveinco":0.0,"assoinveprof":0.0,"exchggain":0.0,"futuloss":0.0,"custinco":0.0,"subsidyincome":0.0,"otherbizprof":0.0,"bizprofitse":null,"operprofform":null,"perprofit":4.351080462E7,"nonoreve":238135.19,"nonoexpe":627805.9,"noncassetsdisl":215198.12,"proftotitse":null,"proftotform":null,"totprofit":4.312113391E7,"incotaxexpe":4989969.44,"unreinveloss":0.0,"netpro1itse":null,"netpro1form":null,"netprofit":3.813116447E7,"parenetp":3.813116447E7,"mergeformnetprof":null,"minysharrigh":0.0,"netpro2itse":null,"netpro2form":null,"basiceps":3.02,"dilutedeps":3.02,"othercompinco":null,"parecompinco":null,"minysharinco":null,"compincoamt":null,"parecompincoamt":null,"minysharincoamt":null,"earlyundiprof":null,"undisprofredu":null,"otherinto":null,"otherdistprof":null,"legalsurp":null,"welfare":null,"capitalreserve":null,"staffaward":null,"reservefund":null,"developfund":null,"profreturninvest":null,"supplycurcap":null,"avaidistshareprof":null,"preferredskdiv":null,"freesurplu":null,"dealwithdivi":null,"capitalizeddivi":null,"undisprofit":null,"selldepartgain":null,"natudisasterloss":null,"accpolicychg":null,"accestimatechg":null,"debtrestruloss":null,"othersupply":null}],"comptype":4,"name":"九阳股份"}