{"SZ002242":{"symbol":"SZ002242","exchange":"SZ","code":"002242","name":"九阳股份","current":"17.56","percentage":"0.34","change":"0.06","open":"17.55","high":"17.64","low":"17.3","close":"17.56","last_close":"17.5","high52week":"20.88","low52week":"15.8","volume":"3037786.0","lot_volume":"30377.86","volumeAverage":"44192533","marketCapital":"1.347749316E10","eps":"0.7","pe_ttm":"19.676","pe_lyr":"19.676","beta":"0.0","totalShares":"767511000","time":"Fri Mar 09 15:04:03 +0800 2018","afterHours":"0.0","afterHoursPct":"0.0","afterHoursChg":"0.0","afterHoursTime":"Wed Oct 19 21:59:01 -0400 2011","updateAt":"1510195852572","dividend":"0.6","yield":"3.42","turnover_rate":"0.40%","instOwn":"0.0","rise_stop":"19.25","fall_stop":"15.75","currency_unit":"CNY","amount":"5.309493193E7","net_assets":"5.2022","hasexist":"","has_warrant":"0","type":"11","flag":"1","rest_day":"","amplitude":"1.94%","market_status":"休市","lot_size":"100","min_order_quantity":"0","max_order_quantity":"0","tick_size":"0.01","variable_tick_size":"","kzz_stock_symbol":"","kzz_stock_name":"","kzz_stock_current":"0.0","kzz_convert_price":"0.0","kzz_covert_value":"0.0","kzz_cpr":"0.0","kzz_putback_price":"0.0","kzz_convert_time":"","kzz_redempt_price":"0.0","kzz_straight_price":"0.0","kzz_stock_percent":"","pb":"3.38","benefit_before_tax":"0.0","benefit_after_tax":"0.0","convert_bond_ratio":"","totalissuescale":"","outstandingamt":"","maturitydate":"","remain_year":"","convertrate":"0.0","interestrtmemo":"","release_date":"","circulation":"0.0","par_value":"0.0","due_time":"0.0","value_date":"","due_date":"","publisher":"","redeem_type":"T","issue_type":"3","bond_type":"","warrant":"","sale_rrg":"","rate":"","after_hour_vol":"0","float_shares":"766731000","float_market_capital":"1.346379636E10","disnext_pay_date":"","convert_rate":"0.0","volume_ratio":"1.36","percent5m":"0.0","pankou_ratio":"34.42%","psr":"1.8346"}}