{"SH600199": {"redeem_type": "T", "kzz_convert_time": "", "code": "600199", "kzz_stock_name": "", "remain_year": "", "marketCapital": "5.03532151812E9", "sale_rrg": "", "current": "9.06", "tick_size": "0.01", "fall_stop": "8.14", "outstandingamt": "", "after_hour_vol": "0", "kzz_covert_value": "0.0", "afterHoursTime": "Wed Oct 19 21:59:01 -0400 2011", "warrant": "", "due_date": "", "kzz_redempt_price": "0.0", "high52week": "11.07", "psr": "4.0993", "afterHoursPct": "0.0", "currency_unit": "CNY", "name": "\u91d1\u79cd\u5b50\u9152", "yield": "0.0", "lot_size": "100", "low52week": "7.26", "convert_bond_ratio": "", "rate": "", "close": "9.06", "turnover_rate": "1.47%", "afterHoursChg": "0.0", "kzz_stock_percent": "", "percent5m": "0.22", "volume_ratio": "0.59", "exchange": "SH", "last_close": "9.04", "dividend": "0.0", "lot_volume": "81937.81", "change": "0.02", "publisher": "", "kzz_convert_price": "0.0", "hasexist": "", "amount": "7.4271032E7", "issue_type": "", "has_warrant": "0", "pankou_ratio": "-29.78%", "pe_lyr": "295.8593", "benefit_before_tax": "0.0", "convert_rate": "0.0", "afterHours": "0.0", "par_value": "0.0", "maturitydate": "", "open": "8.97", "convertrate": "0.0", "kzz_stock_symbol": "", "pb": "2.24", "kzz_stock_current": "0.0", "low": "8.94", "time": "Fri Nov 03 14:59:59 +0800 2017", "percentage": "0.22", "type": "11", "rise_stop": "9.94", "kzz_cpr": "0.0", "benefit_after_tax": "0.0", "net_assets": "4.0386", "volume": "8193781.0", "flag": "1", "updateAt": "1493004629260", "totalissuescale": "", "circulation": "0.0", "amplitude": "2.54%", "release_date": "", "kzz_straight_price": "0.0", "interestrtmemo": "", "float_market_capital": "5.03532151812E9", "high": "9.17", "pe_ttm": "420.6899", "market_status": "\u4f11\u5e02", "max_order_quantity": "0", "due_time": "0.0", "min_order_quantity": "0", "volumeAverage": "13835049", "bond_type": "", "symbol": "SH600199", "instOwn": "0.0", "rest_day": "", "beta": "0.0", "variable_tick_size": "", "eps": "0.01", "value_date": "", "float_shares": "555775002", "totalShares": "555775002", "disnext_pay_date": "", "kzz_putback_price": "0.0"}}