{"SH600199":{"symbol":"SH600199","exchange":"SH","code":"600199","name":"金种子酒","current":"7.03","percentage":"0.43","change":"0.03","open":"6.99","high":"7.04","low":"6.95","close":"7.03","last_close":"7.0","high52week":"11.07","low52week":"6.42","volume":"4275509.0","lot_volume":"42755.09","volumeAverage":"13835049","marketCapital":"3.90709826406E9","eps":"0.01","pe_ttm":"326.429","pe_lyr":"229.569","beta":"0.0","totalShares":"555775002","time":"Fri Mar 09 14:59:52 +0800 2018","afterHours":"0.0","afterHoursPct":"0.0","afterHoursChg":"0.0","afterHoursTime":"Wed Oct 19 21:59:01 -0400 2011","updateAt":"1510208108708","dividend":"0.0","yield":"0.0","turnover_rate":"0.77%","instOwn":"0.0","rise_stop":"7.7","fall_stop":"6.3","currency_unit":"CNY","amount":"2.9899146E7","net_assets":"4.0386","hasexist":"","has_warrant":"0","type":"11","flag":"1","rest_day":"","amplitude":"1.29%","market_status":"休市","lot_size":"100","min_order_quantity":"0","max_order_quantity":"0","tick_size":"0.01","variable_tick_size":"","kzz_stock_symbol":"","kzz_stock_name":"","kzz_stock_current":"0.0","kzz_convert_price":"0.0","kzz_covert_value":"0.0","kzz_cpr":"0.0","kzz_putback_price":"0.0","kzz_convert_time":"","kzz_redempt_price":"0.0","kzz_straight_price":"0.0","kzz_stock_percent":"","pb":"1.74","benefit_before_tax":"0.0","benefit_after_tax":"0.0","convert_bond_ratio":"","totalissuescale":"","outstandingamt":"","maturitydate":"","remain_year":"","convertrate":"0.0","interestrtmemo":"","release_date":"","circulation":"0.0","par_value":"0.0","due_time":"0.0","value_date":"","due_date":"","publisher":"","redeem_type":"T","issue_type":"","bond_type":"","warrant":"","sale_rrg":"","rate":"","after_hour_vol":"0","float_shares":"555775002","float_market_capital":"3.90709826406E9","disnext_pay_date":"","convert_rate":"0.0","volume_ratio":"0.99","percent5m":"0.29","pankou_ratio":"-0.75%","psr":"3.1808"}}