{"SH600298":{"symbol":"SH600298","exchange":"SH","code":"600298","name":"安琪酵母","current":"32.34","percentage":"-0.89","change":"-0.29","open":"32.43","high":"32.87","low":"31.75","close":"32.34","last_close":"32.63","high52week":"37.28","low52week":"20.3","volume":"5408110.0","lot_volume":"54081.1","volumeAverage":"6933474","marketCapital":"2.665077769662E10","eps":"1.03","pe_ttm":"31.458","pe_lyr":"31.458","beta":"0.0","totalShares":"824080943","time":"Tue Mar 20 14:59:58 +0800 2018","afterHours":"0.0","afterHoursPct":"0.0","afterHoursChg":"0.0","afterHoursTime":"Wed Oct 19 21:59:01 -0400 2011","updateAt":"1513771201402","dividend":"0.3","yield":"0.93","turnover_rate":"0.66%","instOwn":"0.0","rise_stop":"35.89","fall_stop":"29.37","currency_unit":"CNY","amount":"1.74335666E8","net_assets":"4.6632","hasexist":"","has_warrant":"0","type":"11","flag":"1","rest_day":"","amplitude":"3.43%","market_status":"已收盘","lot_size":"100","min_order_quantity":"0","max_order_quantity":"0","tick_size":"0.01","variable_tick_size":"","kzz_stock_symbol":"","kzz_stock_name":"","kzz_stock_current":"0.0","kzz_convert_price":"0.0","kzz_covert_value":"0.0","kzz_cpr":"0.0","kzz_putback_price":"0.0","kzz_convert_time":"","kzz_redempt_price":"0.0","kzz_straight_price":"0.0","kzz_stock_percent":"","pb":"6.94","benefit_before_tax":"0.0","benefit_after_tax":"0.0","convert_bond_ratio":"","totalissuescale":"","outstandingamt":"","maturitydate":"","remain_year":"","convertrate":"0.0","interestrtmemo":"","release_date":"","circulation":"0.0","par_value":"0.0","due_time":"0.0","value_date":"","due_date":"","publisher":"","redeem_type":"T","issue_type":"1","bond_type":"","warrant":"","sale_rrg":"","rate":"","after_hour_vol":"0","float_shares":"824080942","float_market_capital":"2.665077766428E10","disnext_pay_date":"","convert_rate":"0.0","volume_ratio":"0.95","percent5m":"0.03","pankou_ratio":"1.33%","psr":"4.6143"}}