{"list":[{"bonusimpdate":"20170428","bonusyear":"2016","cur":"人民币","bonusskratio":null,"tranaddskraio":null,"recorddate":"20170504","exrightdate":"20170505","cdividend":3.0,"fdividendbh":0.0,"tranaddsklistdate":null,"bonussklistdate":null,"tranaddskaccday":null,"bonusskaccday":null,"symbol":null,"secode":"2010000264","divitype":"A","taxfdividendbh":0.0,"taxcdividend":3.0,"divibegdate":"20170505","summarize":"10派3"},{"bonusimpdate":"20160429","bonusyear":"2015","cur":"人民币","bonusskratio":null,"tranaddskraio":15.0,"recorddate":"20160505","exrightdate":"20160506","cdividend":3.0,"fdividendbh":0.0,"tranaddsklistdate":"20160509","bonussklistdate":null,"tranaddskaccday":"20160506","bonusskaccday":null,"symbol":null,"secode":"2010000264","divitype":"AC","taxfdividendbh":0.0,"taxcdividend":3.0,"divibegdate":"20160506","summarize":"10转15派3"},{"bonusimpdate":"20150602","bonusyear":"2014","cur":"人民币","bonusskratio":null,"tranaddskraio":null,"recorddate":"20150609","exrightdate":"20150610","cdividend":1.5,"fdividendbh":0.0,"tranaddsklistdate":null,"bonussklistdate":null,"tranaddskaccday":null,"bonusskaccday":null,"symbol":null,"secode":"2010000264","divitype":"A","taxfdividendbh":0.0,"taxcdividend":1.425,"divibegdate":"20150610","summarize":"10派1.5"},{"bonusimpdate":"20140513","bonusyear":"2013","cur":"人民币","bonusskratio":null,"tranaddskraio":null,"recorddate":"20140516","exrightdate":"20140519","cdividend":1.5,"fdividendbh":0.0,"tranaddsklistdate":null,"bonussklistdate":null,"tranaddskaccday":null,"bonusskaccday":null,"symbol":null,"secode":"2010000264","divitype":"A","taxfdividendbh":0.0,"taxcdividend":1.425,"divibegdate":"20140522","summarize":"10派1.5"},{"bonusimpdate":"20130527","bonusyear":"2012","cur":"人民币","bonusskratio":null,"tranaddskraio":null,"recorddate":"20130531","exrightdate":"20130603","cdividend":1.5,"fdividendbh":0.0,"tranaddsklistdate":null,"bonussklistdate":null,"tranaddskaccday":null,"bonusskaccday":null,"symbol":null,"secode":"2010000264","divitype":"A","taxfdividendbh":0.0,"taxcdividend":1.425,"divibegdate":"20130613","summarize":"10派1.5"},{"bonusimpdate":"20120515","bonusyear":"2011","cur":"人民币","bonusskratio":null,"tranaddskraio":null,"recorddate":"20120521","exrightdate":"20120522","cdividend":1.5,"fdividendbh":0.0,"tranaddsklistdate":null,"bonussklistdate":null,"tranaddskaccday":null,"bonusskaccday":null,"symbol":null,"secode":"2010000264","divitype":"A","taxfdividendbh":0.0,"taxcdividend":1.35,"divibegdate":"20120525","summarize":"10派1.5"},{"bonusimpdate":"20110412","bonusyear":"2010","cur":"人民币","bonusskratio":null,"tranaddskraio":null,"recorddate":"20110418","exrightdate":"20110419","cdividend":1.5,"fdividendbh":0.0,"tranaddsklistdate":null,"bonussklistdate":null,"tranaddskaccday":null,"bonusskaccday":null,"symbol":null,"secode":"2010000264","divitype":"A","taxfdividendbh":0.0,"taxcdividend":1.35,"divibegdate":"20110422","summarize":"10派1.5"},{"bonusimpdate":"20100326","bonusyear":"2009","cur":"人民币","bonusskratio":null,"tranaddskraio":null,"recorddate":"20100401","exrightdate":"20100402","cdividend":1.3,"fdividendbh":0.0,"tranaddsklistdate":null,"bonussklistdate":null,"tranaddskaccday":null,"bonusskaccday":null,"symbol":null,"secode":"2010000264","divitype":"A","taxfdividendbh":0.0,"taxcdividend":1.17,"divibegdate":"20100409","summarize":"10派1.3"},{"bonusimpdate":"20090603","bonusyear":"2008","cur":"人民币","bonusskratio":null,"tranaddskraio":null,"recorddate":"20090608","exrightdate":"20090609","cdividend":1.3,"fdividendbh":0.0,"tranaddsklistdate":null,"bonussklistdate":null,"tranaddskaccday":null,"bonusskaccday":null,"symbol":null,"secode":"2010000264","divitype":"A","taxfdividendbh":0.0,"taxcdividend":1.17,"divibegdate":"20090615","summarize":"10派1.3"},{"bonusimpdate":"20080529","bonusyear":"2007","cur":"人民币","bonusskratio":null,"tranaddskraio":null,"recorddate":"20080603","exrightdate":"20080604","cdividend":1.3,"fdividendbh":0.0,"tranaddsklistdate":null,"bonussklistdate":null,"tranaddskaccday":null,"bonusskaccday":null,"symbol":null,"secode":"2010000264","divitype":"A","taxfdividendbh":0.0,"taxcdividend":1.17,"divibegdate":"20080610","summarize":"10派1.3"},{"bonusimpdate":"20070817","bonusyear":"2007","cur":"人民币","bonusskratio":null,"tranaddskraio":10.0,"recorddate":"20070822","exrightdate":"20070823","cdividend":null,"fdividendbh":0.0,"tranaddsklistdate":"20070824","bonussklistdate":null,"tranaddskaccday":"20070823","bonusskaccday":null,"symbol":null,"secode":"2010000264","divitype":"C","taxfdividendbh":0.0,"taxcdividend":null,"divibegdate":null,"summarize":"10转10"},{"bonusimpdate":"20070531","bonusyear":"2006","cur":"人民币","bonusskratio":null,"tranaddskraio":null,"recorddate":"20070605","exrightdate":"20070606","cdividend":2.5,"fdividendbh":0.0,"tranaddsklistdate":null,"bonussklistdate":null,"tranaddskaccday":null,"bonusskaccday":null,"symbol":null,"secode":"2010000264","divitype":"A","taxfdividendbh":0.0,"taxcdividend":2.25,"divibegdate":"20070611","summarize":"10派2.5"},{"bonusimpdate":"20060512","bonusyear":"2005","cur":"人民币","bonusskratio":null,"tranaddskraio":null,"recorddate":"20060519","exrightdate":"20060522","cdividend":2.5,"fdividendbh":0.0,"tranaddsklistdate":null,"bonussklistdate":null,"tranaddskaccday":null,"bonusskaccday":null,"symbol":null,"secode":"2010000264","divitype":"A","taxfdividendbh":0.0,"taxcdividend":2.25,"divibegdate":"20060526","summarize":"10派2.5"},{"bonusimpdate":"20050414","bonusyear":"2004","cur":"人民币","bonusskratio":null,"tranaddskraio":null,"recorddate":"20050419","exrightdate":"20050420","cdividend":2.5,"fdividendbh":0.0,"tranaddsklistdate":null,"bonussklistdate":null,"tranaddskaccday":null,"bonusskaccday":null,"symbol":null,"secode":"2010000264","divitype":"A","taxfdividendbh":0.0,"taxcdividend":2.0,"divibegdate":"20050426","summarize":"10派2.5"},{"bonusimpdate":"20040408","bonusyear":"2003","cur":"人民币","bonusskratio":null,"tranaddskraio":null,"recorddate":"20040413","exrightdate":"20040414","cdividend":3.5,"fdividendbh":0.0,"tranaddsklistdate":null,"bonussklistdate":null,"tranaddskaccday":null,"bonusskaccday":null,"symbol":null,"secode":"2010000264","divitype":"A","taxfdividendbh":0.0,"taxcdividend":2.8,"divibegdate":"20040419","summarize":"10派3.5"},{"bonusimpdate":"20030616","bonusyear":"2002","cur":"人民币","bonusskratio":null,"tranaddskraio":null,"recorddate":"20030620","exrightdate":"20030623","cdividend":1.0,"fdividendbh":0.0,"tranaddsklistdate":null,"bonussklistdate":null,"tranaddskaccday":null,"bonusskaccday":null,"symbol":null,"secode":"2010000264","divitype":"A","taxfdividendbh":0.0,"taxcdividend":0.8,"divibegdate":"20030627","summarize":"10派1"},{"bonusimpdate":"20020606","bonusyear":"2001","cur":"人民币","bonusskratio":null,"tranaddskraio":null,"recorddate":"20020612","exrightdate":"20020613","cdividend":1.0,"fdividendbh":0.0,"tranaddsklistdate":null,"bonussklistdate":null,"tranaddskaccday":null,"bonusskaccday":null,"symbol":null,"secode":"2010000264","divitype":"A","taxfdividendbh":0.0,"taxcdividend":0.8,"divibegdate":"20020618","summarize":"10派1"},{"bonusimpdate":"20010511","bonusyear":"2000","cur":"人民币","bonusskratio":null,"tranaddskraio":null,"recorddate":"20010517","exrightdate":"20010518","cdividend":1.0,"fdividendbh":0.0,"tranaddsklistdate":null,"bonussklistdate":null,"tranaddskaccday":null,"bonusskaccday":null,"symbol":null,"secode":"2010000264","divitype":"A","taxfdividendbh":0.0,"taxcdividend":0.8,"divibegdate":"20010525","summarize":"10派1"}]}