{"SZ000002": {"value_date": "", "kzz_convert_time": "", "code": "000002", "kzz_stock_name": "", "remain_year": "", "marketCapital": "3.510450336318E11", "sale_rrg": "", "current": "31.80", "tick_size": "0.01", "fall_stop": "28.17", "outstandingamt": "", "after_hour_vol": "0", "kzz_covert_value": "0.0", "warrant": "", "due_date": "", "kzz_redempt_price": "0.0", "high52week": "33.08", "psr": "1.4595", "afterHoursPct": "0.0", "currency_unit": "CNY", "name": "\u4e07\u79d1A", "yield": "2.48", "lot_size": "100", "low52week": "17.53", "convert_bond_ratio": "", "rate": "", "close": "31.8", "turnover_rate": "0.54%", "afterHoursChg": "0.0", "kzz_stock_percent": "", "percent5m": "0.32", "volume_ratio": "0.71", "exchange": "SZ", "last_close": "31.3", "redeem_type": "T", "dividend": "0.79", "lot_volume": "524343.06", "change": "0.50", "publisher": "", "kzz_convert_price": "0.0", "hasexist": "", "amount": "1.65348821764E9", "issue_type": "3", "has_warrant": "0", "pankou_ratio": "-89.15%", "pe_lyr": "16.6985", "benefit_before_tax": "0.0", "convert_rate": "0.0", "afterHours": "0.0", "par_value": "0.0", "maturitydate": "", "open": "31.18", "convertrate": "0.0", "kzz_stock_symbol": "02202", "pb": "3.02", "kzz_stock_current": "0.0", "low": "30.47", "time": "Fri Nov 24 15:04:03 +0800 2017", "percentage": "1.6", "type": "11", "rise_stop": "34.43", "kzz_cpr": "0.0", "benefit_after_tax": "0.0", "net_assets": "10.5419", "volume": "5.2434306E7", "flag": "1", "updateAt": "1510214415526", "totalissuescale": "", "circulation": "0.0", "amplitude": "5.81%", "release_date": "", "kzz_straight_price": "0.0", "interestrtmemo": "", "float_market_capital": "3.087514503072E11", "high": "32.29", "pe_ttm": "14.7181", "market_status": "\u4f11\u5e02", "max_order_quantity": "0", "due_time": "0.0", "min_order_quantity": "0", "volumeAverage": "64682333", "bond_type": "", "symbol": "SZ000002", "instOwn": "0.0", "rest_day": "", "beta": "0.0", "variable_tick_size": "", "eps": "1.01", "float_shares": "9709165104", "totalShares": "11039152001", "disnext_pay_date": "", "kzz_putback_price": "0.0"}}