{"list":[{"compcode":"80155181","publishdate":"20171026","begindate":"20170101","enddate":"20170930","reporttype":"100111","adjustdate":"20171026","accstacode":"2","accstaname":"新会计准则","biztotinco":4.98792957972E9,"bizinco":4.98792957972E9,"inteinco":null,"earnprem":null,"pouninco":null,"realsale":null,"otherbizinco":null,"biztotincoitse":null,"biztotincoform":null,"biztotcost":3.92696313692E9,"bizcost":2.19135885543E9,"inteexpe":null,"pounexpe":null,"realsalecost":null,"deveexpe":null,"surrgold":null,"compnetexpe":null,"contress":null,"polidiviexpe":null,"reinexpe":null,"otherbizcost":null,"biztax":4.725074736E7,"salesexpe":1.44023916612E9,"manaexpe":3.211013128E8,"finexpe":-7.153762533E7,"asseimpaloss":-1449319.46,"biztotcostitse":null,"biztotcostform":null,"valuechgloss":null,"inveinco":77746.64,"assoinveprof":null,"exchggain":null,"futuloss":null,"custinco":null,"subsidyincome":null,"otherbizprof":null,"bizprofitse":null,"operprofform":null,"perprofit":1.06104418944E9,"nonoreve":6.126149255E7,"nonoexpe":1331075.89,"noncassetsdisl":12045.48,"proftotitse":null,"proftotform":null,"totprofit":1.1209746061E9,"incotaxexpe":1.6055613797E8,"unreinveloss":null,"netpro1itse":null,"netpro1form":null,"netprofit":9.6041846813E8,"parenetp":9.6043360668E8,"mergeformnetprof":null,"minysharrigh":-15138.55,"netpro2itse":null,"netpro2form":null,"basiceps":1.01,"dilutedeps":1.01,"othercompinco":null,"parecompinco":null,"minysharinco":null,"compincoamt":9.6041846813E8,"parecompincoamt":9.6043360668E8,"minysharincoamt":-15138.55,"earlyundiprof":null,"undisprofredu":null,"otherinto":null,"otherdistprof":null,"legalsurp":null,"welfare":null,"capitalreserve":null,"staffaward":null,"reservefund":null,"developfund":null,"profreturninvest":null,"supplycurcap":null,"avaidistshareprof":null,"preferredskdiv":null,"freesurplu":null,"dealwithdivi":null,"capitalizeddivi":null,"undisprofit":null,"selldepartgain":null,"natudisasterloss":null,"accpolicychg":null,"accestimatechg":null,"debtrestruloss":null,"othersupply":null},{"compcode":"80155181","publishdate":"20170727","begindate":"20170101","enddate":"20170630","reporttype":"100111","adjustdate":"20170727","accstacode":"2","accstaname":"新会计准则","biztotinco":3.1977579679E9,"bizinco":3.1977579679E9,"inteinco":null,"earnprem":null,"pouninco":null,"realsale":null,"otherbizinco":null,"biztotincoitse":null,"biztotincoform":null,"biztotcost":2.54528525679E9,"bizcost":1.36497447354E9,"inteexpe":null,"pounexpe":null,"realsalecost":null,"deveexpe":null,"surrgold":null,"compnetexpe":null,"contress":null,"polidiviexpe":null,"reinexpe":null,"otherbizcost":null,"biztax":2.849768921E7,"salesexpe":9.9011353891E8,"manaexpe":2.0495141109E8,"finexpe":-4.48595251E7,"asseimpaloss":1607669.14,"biztotcostitse":null,"biztotcostform":null,"valuechgloss":null,"inveinco":-1884368.9,"assoinveprof":null,"exchggain":null,"futuloss":null,"custinco":null,"subsidyincome":null,"otherbizprof":null,"bizprofitse":null,"operprofform":null,"perprofit":6.5058834221E8,"nonoreve":5.674909573E7,"nonoexpe":1249866.92,"noncassetsdisl":10700.14,"proftotitse":null,"proftotform":null,"totprofit":7.0608757102E8,"incotaxexpe":1.0834038507E8,"unreinveloss":null,"netpro1itse":null,"netpro1form":null,"netprofit":5.9774718595E8,"parenetp":5.9775793729E8,"mergeformnetprof":null,"minysharrigh":-10751.34,"netpro2itse":null,"netpro2form":null,"basiceps":0.63,"dilutedeps":0.58,"othercompinco":null,"parecompinco":null,"minysharinco":null,"compincoamt":5.9774718595E8,"parecompincoamt":5.9775793729E8,"minysharincoamt":-10751.34,"earlyundiprof":null,"undisprofredu":null,"otherinto":null,"otherdistprof":null,"legalsurp":null,"welfare":null,"capitalreserve":null,"staffaward":null,"reservefund":null,"developfund":null,"profreturninvest":null,"supplycurcap":null,"avaidistshareprof":null,"preferredskdiv":null,"freesurplu":null,"dealwithdivi":null,"capitalizeddivi":null,"undisprofit":null,"selldepartgain":null,"natudisasterloss":null,"accpolicychg":null,"accestimatechg":null,"debtrestruloss":null,"othersupply":null},{"compcode":"80155181","publishdate":"20170426","begindate":"20170101","enddate":"20170331","reporttype":"100111","adjustdate":"20170426","accstacode":"2","accstaname":"新会计准则","biztotinco":1.36188347488E9,"bizinco":1.36188347488E9,"inteinco":null,"earnprem":null,"pouninco":null,"realsale":null,"otherbizinco":null,"biztotincoitse":null,"biztotincoform":null,"biztotcost":1.11753934571E9,"bizcost":5.5846128399E8,"inteexpe":null,"pounexpe":null,"realsalecost":null,"deveexpe":null,"surrgold":null,"compnetexpe":null,"contress":null,"polidiviexpe":null,"reinexpe":null,"otherbizcost":null,"biztax":9690276.76,"salesexpe":4.7130482089E8,"manaexpe":9.668058187E7,"finexpe":-1.662529513E7,"asseimpaloss":-1972322.67,"biztotcostitse":null,"biztotcostform":null,"valuechgloss":null,"inveinco":-1051104.81,"assoinveprof":null,"exchggain":null,"futuloss":null,"custinco":null,"subsidyincome":null,"otherbizprof":null,"bizprofitse":null,"operprofform":null,"perprofit":2.4329302436E8,"nonoreve":5.456025765E7,"nonoexpe":1070107.2,"noncassetsdisl":null,"proftotitse":null,"proftotform":null,"totprofit":2.9678317481E8,"incotaxexpe":4.521110313E7,"unreinveloss":null,"netpro1itse":null,"netpro1form":null,"netprofit":2.5157207168E8,"parenetp":2.5157671306E8,"mergeformnetprof":null,"minysharrigh":-4641.38,"netpro2itse":null,"netpro2form":null,"basiceps":0.35,"dilutedeps":0.34,"othercompinco":null,"parecompinco":null,"minysharinco":null,"compincoamt":2.5157207168E8,"parecompincoamt":2.5157671306E8,"minysharincoamt":-4641.38,"earlyundiprof":null,"undisprofredu":null,"otherinto":null,"otherdistprof":null,"legalsurp":null,"welfare":null,"capitalreserve":null,"staffaward":null,"reservefund":null,"developfund":null,"profreturninvest":null,"supplycurcap":null,"avaidistshareprof":null,"preferredskdiv":null,"freesurplu":null,"dealwithdivi":null,"capitalizeddivi":null,"undisprofit":null,"selldepartgain":null,"natudisasterloss":null,"accpolicychg":null,"accestimatechg":null,"debtrestruloss":null,"othersupply":null},{"compcode":"80155181","publishdate":"20170330","begindate":"20160101","enddate":"20161231","reporttype":"100111","adjustdate":"20170330","accstacode":"2","accstaname":"新会计准则","biztotinco":5.79489786713E9,"bizinco":5.79489786713E9,"inteinco":null,"earnprem":null,"pouninco":null,"realsale":null,"otherbizinco":null,"biztotincoitse":null,"biztotincoform":null,"biztotcost":4.45899749905E9,"bizcost":2.47404632344E9,"inteexpe":null,"pounexpe":null,"realsalecost":null,"deveexpe":null,"surrgold":null,"compnetexpe":null,"contress":null,"polidiviexpe":null,"reinexpe":null,"otherbizcost":null,"biztax":6.75243117E7,"salesexpe":1.54511325335E9,"manaexpe":4.4915927621E8,"finexpe":-7.863531046E7,"asseimpaloss":1789644.81,"biztotcostitse":null,"biztotcostform":null,"valuechgloss":null,"inveinco":-1859613.41,"assoinveprof":null,"exchggain":null,"futuloss":null,"custinco":null,"subsidyincome":null,"otherbizprof":null,"bizprofitse":null,"operprofform":null,"perprofit":1.33404075467E9,"nonoreve":7.158151658E7,"nonoexpe":1363170.62,"noncassetsdisl":158469.35,"proftotitse":null,"proftotform":null,"totprofit":1.40425910063E9,"incotaxexpe":1.9744471735E8,"unreinveloss":null,"netpro1itse":null,"netpro1form":null,"netprofit":1.20681438328E9,"parenetp":1.20683387867E9,"mergeformnetprof":null,"minysharrigh":-19495.39,"netpro2itse":null,"netpro2form":null,"basiceps":1.67,"dilutedeps":1.65,"othercompinco":null,"parecompinco":null,"minysharinco":null,"compincoamt":1.20681438328E9,"parecompincoamt":1.20683387867E9,"minysharincoamt":-19495.39,"earlyundiprof":null,"undisprofredu":null,"otherinto":null,"otherdistprof":null,"legalsurp":null,"welfare":null,"capitalreserve":null,"staffaward":null,"reservefund":null,"developfund":null,"profreturninvest":null,"supplycurcap":null,"avaidistshareprof":null,"preferredskdiv":null,"freesurplu":null,"dealwithdivi":null,"capitalizeddivi":null,"undisprofit":null,"selldepartgain":null,"natudisasterloss":null,"accpolicychg":null,"accestimatechg":null,"debtrestruloss":null,"othersupply":null},{"compcode":"80155181","publishdate":"20161021","begindate":"20160101","enddate":"20160930","reporttype":"100111","adjustdate":"20161021","accstacode":"2","accstaname":"新会计准则","biztotinco":3.98546587441E9,"bizinco":3.98546587441E9,"inteinco":null,"earnprem":null,"pouninco":null,"realsale":null,"otherbizinco":null,"biztotincoitse":null,"biztotincoform":null,"biztotcost":3.18509070327E9,"bizcost":1.63566222231E9,"inteexpe":null,"pounexpe":null,"realsalecost":null,"deveexpe":null,"surrgold":null,"compnetexpe":null,"contress":null,"polidiviexpe":null,"reinexpe":null,"otherbizcost":null,"biztax":4.058912915E7,"salesexpe":1.28823855244E9,"manaexpe":2.7027139459E8,"finexpe":-4.712571372E7,"asseimpaloss":-2544881.5,"biztotcostitse":null,"biztotcostform":null,"valuechgloss":null,"inveinco":null,"assoinveprof":null,"exchggain":null,"futuloss":null,"custinco":null,"subsidyincome":null,"otherbizprof":null,"bizprofitse":null,"operprofform":null,"perprofit":8.0037517114E8,"nonoreve":2.127991031E7,"nonoexpe":1123525.62,"noncassetsdisl":38599.14,"proftotitse":null,"proftotform":null,"totprofit":8.2053155583E8,"incotaxexpe":1.1923186273E8,"unreinveloss":null,"netpro1itse":null,"netpro1form":null,"netprofit":7.012996931E8,"parenetp":7.0131438597E8,"mergeformnetprof":null,"minysharrigh":-14692.87,"netpro2itse":null,"netpro2form":null,"basiceps":0.96,"dilutedeps":0.94,"othercompinco":null,"parecompinco":null,"minysharinco":null,"compincoamt":7.012996931E8,"parecompincoamt":7.0131438597E8,"minysharincoamt":-14692.87,"earlyundiprof":null,"undisprofredu":null,"otherinto":null,"otherdistprof":null,"legalsurp":null,"welfare":null,"capitalreserve":null,"staffaward":null,"reservefund":null,"developfund":null,"profreturninvest":null,"supplycurcap":null,"avaidistshareprof":null,"preferredskdiv":null,"freesurplu":null,"dealwithdivi":null,"capitalizeddivi":null,"undisprofit":null,"selldepartgain":null,"natudisasterloss":null,"accpolicychg":null,"accestimatechg":null,"debtrestruloss":null,"othersupply":null},{"compcode":"80155181","publishdate":"20160727","begindate":"20160101","enddate":"20160630","reporttype":"100111","adjustdate":"20160727","accstacode":"2","accstaname":"新会计准则","biztotinco":2.52527544595E9,"bizinco":2.52527544595E9,"inteinco":null,"earnprem":null,"pouninco":null,"realsale":null,"otherbizinco":null,"biztotincoitse":null,"biztotincoform":null,"biztotcost":2.04164214369E9,"bizcost":1.03410496251E9,"inteexpe":null,"pounexpe":null,"realsalecost":null,"deveexpe":null,"surrgold":null,"compnetexpe":null,"contress":null,"polidiviexpe":null,"reinexpe":null,"otherbizcost":null,"biztax":2.619550316E7,"salesexpe":8.4878253025E8,"manaexpe":1.6706833227E8,"finexpe":-3.529502835E7,"asseimpaloss":785843.85,"biztotcostitse":null,"biztotcostform":null,"valuechgloss":null,"inveinco":null,"assoinveprof":null,"exchggain":null,"futuloss":null,"custinco":null,"subsidyincome":null,"otherbizprof":null,"bizprofitse":null,"operprofform":null,"perprofit":4.8363330226E8,"nonoreve":1.623647871E7,"nonoexpe":1051825.47,"noncassetsdisl":21773.72,"proftotitse":null,"proftotform":null,"totprofit":4.988179555E8,"incotaxexpe":7.598897713E7,"unreinveloss":null,"netpro1itse":null,"netpro1form":null,"netprofit":4.2282897837E8,"parenetp":4.2283868149E8,"mergeformnetprof":null,"minysharrigh":-9703.12,"netpro2itse":null,"netpro2form":null,"basiceps":0.58,"dilutedeps":0.58,"othercompinco":null,"parecompinco":null,"minysharinco":null,"compincoamt":4.2282897837E8,"parecompincoamt":4.2283868149E8,"minysharincoamt":-9703.12,"earlyundiprof":null,"undisprofredu":null,"otherinto":null,"otherdistprof":null,"legalsurp":null,"welfare":null,"capitalreserve":null,"staffaward":null,"reservefund":null,"developfund":null,"profreturninvest":null,"supplycurcap":null,"avaidistshareprof":null,"preferredskdiv":null,"freesurplu":null,"dealwithdivi":null,"capitalizeddivi":null,"undisprofit":null,"selldepartgain":null,"natudisasterloss":null,"accpolicychg":null,"accestimatechg":null,"debtrestruloss":null,"othersupply":null},{"compcode":"80155181","publishdate":"20160426","begindate":"20160101","enddate":"20160331","reporttype":"100111","adjustdate":"20160426","accstacode":"2","accstaname":"新会计准则","biztotinco":1.0164766978E9,"bizinco":1.0164766978E9,"inteinco":null,"earnprem":null,"pouninco":null,"realsale":null,"otherbizinco":null,"biztotincoitse":null,"biztotincoform":null,"biztotcost":8.3345490445E8,"bizcost":4.2216166349E8,"inteexpe":null,"pounexpe":null,"realsalecost":null,"deveexpe":null,"surrgold":null,"compnetexpe":null,"contress":null,"polidiviexpe":null,"reinexpe":null,"otherbizcost":null,"biztax":9996115.94,"salesexpe":3.3440438623E8,"manaexpe":7.876466122E7,"finexpe":-7489845.65,"asseimpaloss":-4382076.78,"biztotcostitse":null,"biztotcostform":null,"valuechgloss":null,"inveinco":null,"assoinveprof":null,"exchggain":null,"futuloss":null,"custinco":null,"subsidyincome":null,"otherbizprof":null,"bizprofitse":null,"operprofform":null,"perprofit":1.8302179335E8,"nonoreve":1.063716513E7,"nonoexpe":1030409.29,"noncassetsdisl":16491.34,"proftotitse":null,"proftotform":null,"totprofit":1.9262854919E8,"incotaxexpe":2.957132239E7,"unreinveloss":null,"netpro1itse":null,"netpro1form":null,"netprofit":1.630572268E8,"parenetp":1.6306195513E8,"mergeformnetprof":null,"minysharrigh":-4728.33,"netpro2itse":null,"netpro2form":null,"basiceps":0.34,"dilutedeps":0.32,"othercompinco":null,"parecompinco":null,"minysharinco":null,"compincoamt":1.630572268E8,"parecompincoamt":1.6306195513E8,"minysharincoamt":-4728.33,"earlyundiprof":null,"undisprofredu":null,"otherinto":null,"otherdistprof":null,"legalsurp":null,"welfare":null,"capitalreserve":null,"staffaward":null,"reservefund":null,"developfund":null,"profreturninvest":null,"supplycurcap":null,"avaidistshareprof":null,"preferredskdiv":null,"freesurplu":null,"dealwithdivi":null,"capitalizeddivi":null,"undisprofit":null,"selldepartgain":null,"natudisasterloss":null,"accpolicychg":null,"accestimatechg":null,"debtrestruloss":null,"othersupply":null},{"compcode":"80155181","publishdate":"20160408","begindate":"20150101","enddate":"20151231","reporttype":"100111","adjustdate":"20160408","accstacode":"2","accstaname":"新会计准则","biztotinco":4.5427180282E9,"bizinco":4.5427180282E9,"inteinco":null,"earnprem":null,"pouninco":null,"realsale":null,"otherbizinco":null,"biztotincoitse":null,"biztotincoform":null,"biztotcost":3.58969004261E9,"bizcost":1.89999827012E9,"inteexpe":null,"pounexpe":null,"realsalecost":null,"deveexpe":null,"surrgold":null,"compnetexpe":null,"contress":null,"polidiviexpe":null,"reinexpe":null,"otherbizcost":null,"biztax":4.654618927E7,"salesexpe":1.35347275771E9,"manaexpe":3.5426883992E8,"finexpe":-6.595790412E7,"asseimpaloss":1361889.71,"biztotcostitse":null,"biztotcostform":null,"valuechgloss":null,"inveinco":null,"assoinveprof":null,"exchggain":null,"futuloss":null,"custinco":null,"subsidyincome":null,"otherbizprof":null,"bizprofitse":null,"operprofform":null,"perprofit":9.5302798559E8,"nonoreve":1.73236762E7,"nonoexpe":1542092.75,"noncassetsdisl":28343.54,"proftotitse":null,"proftotform":null,"totprofit":9.6880956904E8,"incotaxexpe":1.4085929519E8,"unreinveloss":null,"netpro1itse":null,"netpro1form":null,"netprofit":8.2795027385E8,"parenetp":8.3049118741E8,"mergeformnetprof":null,"minysharrigh":-2540913.56,"netpro2itse":null,"netpro2form":null,"basiceps":1.73,"dilutedeps":1.72,"othercompinco":null,"parecompinco":null,"minysharinco":null,"compincoamt":8.2795027385E8,"parecompincoamt":8.3049118741E8,"minysharincoamt":-2540913.56,"earlyundiprof":null,"undisprofredu":null,"otherinto":null,"otherdistprof":null,"legalsurp":null,"welfare":null,"capitalreserve":null,"staffaward":null,"reservefund":null,"developfund":null,"profreturninvest":null,"supplycurcap":null,"avaidistshareprof":null,"preferredskdiv":null,"freesurplu":null,"dealwithdivi":null,"capitalizeddivi":null,"undisprofit":null,"selldepartgain":null,"natudisasterloss":null,"accpolicychg":null,"accestimatechg":null,"debtrestruloss":null,"othersupply":null},{"compcode":"80155181","publishdate":"20151022","begindate":"20150101","enddate":"20150930","reporttype":"100111","adjustdate":"20151022","accstacode":"2","accstaname":"新会计准则","biztotinco":3.12125000967E9,"bizinco":3.12125000967E9,"inteinco":null,"earnprem":null,"pouninco":null,"realsale":null,"otherbizinco":null,"biztotincoitse":null,"biztotincoform":null,"biztotcost":2.55637801061E9,"bizcost":1.30187564277E9,"inteexpe":null,"pounexpe":null,"realsalecost":null,"deveexpe":null,"surrgold":null,"compnetexpe":null,"contress":null,"polidiviexpe":null,"reinexpe":null,"otherbizcost":null,"biztax":3.262879331E7,"salesexpe":1.04849711316E9,"manaexpe":2.1600900952E8,"finexpe":-4.108082824E7,"asseimpaloss":-1551719.91,"biztotcostitse":null,"biztotcostform":null,"valuechgloss":null,"inveinco":null,"assoinveprof":null,"exchggain":null,"futuloss":null,"custinco":null,"subsidyincome":null,"otherbizprof":null,"bizprofitse":null,"operprofform":null,"perprofit":5.6487199906E8,"nonoreve":9381305.26,"nonoexpe":1532003.2,"noncassetsdisl":null,"proftotitse":null,"proftotform":null,"totprofit":5.7272130112E8,"incotaxexpe":8.713018137E7,"unreinveloss":null,"netpro1itse":null,"netpro1form":null,"netprofit":4.8559111975E8,"parenetp":4.8813592261E8,"mergeformnetprof":null,"minysharrigh":-2544802.86,"netpro2itse":null,"netpro2form":null,"basiceps":1.01,"dilutedeps":0.99,"othercompinco":null,"parecompinco":null,"minysharinco":null,"compincoamt":4.8559111975E8,"parecompincoamt":4.8813592261E8,"minysharincoamt":-2544802.86,"earlyundiprof":null,"undisprofredu":null,"otherinto":null,"otherdistprof":null,"legalsurp":null,"welfare":null,"capitalreserve":null,"staffaward":null,"reservefund":null,"developfund":null,"profreturninvest":null,"supplycurcap":null,"avaidistshareprof":null,"preferredskdiv":null,"freesurplu":null,"dealwithdivi":null,"capitalizeddivi":null,"undisprofit":null,"selldepartgain":null,"natudisasterloss":null,"accpolicychg":null,"accestimatechg":null,"debtrestruloss":null,"othersupply":null},{"compcode":"80155181","publishdate":"20150723","begindate":"20150101","enddate":"20150630","reporttype":"100111","adjustdate":"20150723","accstacode":"2","accstaname":"新会计准则","biztotinco":2.04185873492E9,"bizinco":2.04185873492E9,"inteinco":null,"earnprem":null,"pouninco":null,"realsale":null,"otherbizinco":null,"biztotincoitse":null,"biztotincoform":null,"biztotcost":1.6896316958E9,"bizcost":8.6981666543E8,"inteexpe":null,"pounexpe":null,"realsalecost":null,"deveexpe":null,"surrgold":null,"compnetexpe":null,"contress":null,"polidiviexpe":null,"reinexpe":null,"otherbizcost":null,"biztax":2.143500095E7,"salesexpe":6.8527600179E8,"manaexpe":1.3455544862E8,"finexpe":-2.221532931E7,"asseimpaloss":763908.32,"biztotcostitse":null,"biztotcostform":null,"valuechgloss":null,"inveinco":null,"assoinveprof":null,"exchggain":null,"futuloss":null,"custinco":null,"subsidyincome":null,"otherbizprof":null,"bizprofitse":null,"operprofform":null,"perprofit":3.5222703912E8,"nonoreve":7625679.34,"nonoexpe":1095697.61,"noncassetsdisl":null,"proftotitse":null,"proftotform":null,"totprofit":3.5875702085E8,"incotaxexpe":5.498139961E7,"unreinveloss":null,"netpro1itse":null,"netpro1form":null,"netprofit":3.0377562124E8,"parenetp":3.065897376E8,"mergeformnetprof":null,"minysharrigh":-2814116.36,"netpro2itse":null,"netpro2form":null,"basiceps":0.63,"dilutedeps":0.62,"othercompinco":null,"parecompinco":null,"minysharinco":null,"compincoamt":3.0377562124E8,"parecompincoamt":3.065897376E8,"minysharincoamt":-2814116.36,"earlyundiprof":null,"undisprofredu":null,"otherinto":null,"otherdistprof":null,"legalsurp":null,"welfare":null,"capitalreserve":null,"staffaward":null,"reservefund":null,"developfund":null,"profreturninvest":null,"supplycurcap":null,"avaidistshareprof":null,"preferredskdiv":null,"freesurplu":null,"dealwithdivi":null,"capitalizeddivi":null,"undisprofit":null,"selldepartgain":null,"natudisasterloss":null,"accpolicychg":null,"accestimatechg":null,"debtrestruloss":null,"othersupply":null},{"compcode":"80155181","publishdate":"20150424","begindate":"20150101","enddate":"20150331","reporttype":"100111","adjustdate":"20150424","accstacode":"2","accstaname":"新会计准则","biztotinco":8.3025594579E8,"bizinco":8.3025594579E8,"inteinco":null,"earnprem":null,"pouninco":null,"realsale":null,"otherbizinco":null,"biztotincoitse":null,"biztotincoform":null,"biztotcost":6.9221911573E8,"bizcost":3.6171074601E8,"inteexpe":null,"pounexpe":null,"realsalecost":null,"deveexpe":null,"surrgold":null,"compnetexpe":null,"contress":null,"polidiviexpe":null,"reinexpe":null,"otherbizcost":null,"biztax":9010497.54,"salesexpe":2.6968170393E8,"manaexpe":6.153140919E7,"finexpe":-5673631.07,"asseimpaloss":-4041609.87,"biztotcostitse":null,"biztotcostform":null,"valuechgloss":null,"inveinco":null,"assoinveprof":null,"exchggain":null,"futuloss":null,"custinco":null,"subsidyincome":null,"otherbizprof":null,"bizprofitse":null,"operprofform":null,"perprofit":1.3803683006E8,"nonoreve":2435439.93,"nonoexpe":1047727.32,"noncassetsdisl":null,"proftotitse":null,"proftotform":null,"totprofit":1.3942454267E8,"incotaxexpe":2.263955931E7,"unreinveloss":null,"netpro1itse":null,"netpro1form":null,"netprofit":1.1678498336E8,"parenetp":1.185988916E8,"mergeformnetprof":null,"minysharrigh":-1813908.24,"netpro2itse":null,"netpro2form":null,"basiceps":0.37,"dilutedeps":0.37,"othercompinco":null,"parecompinco":null,"minysharinco":null,"compincoamt":1.1678498336E8,"parecompincoamt":1.185988916E8,"minysharincoamt":-1813908.24,"earlyundiprof":null,"undisprofredu":null,"otherinto":null,"otherdistprof":null,"legalsurp":null,"welfare":null,"capitalreserve":null,"staffaward":null,"reservefund":null,"developfund":null,"profreturninvest":null,"supplycurcap":null,"avaidistshareprof":null,"preferredskdiv":null,"freesurplu":null,"dealwithdivi":null,"capitalizeddivi":null,"undisprofit":null,"selldepartgain":null,"natudisasterloss":null,"accpolicychg":null,"accestimatechg":null,"debtrestruloss":null,"othersupply":null},{"compcode":"80155181","publishdate":"20150410","begindate":"20140101","enddate":"20141231","reporttype":"100111","adjustdate":"20150410","accstacode":"2","accstaname":"新会计准则","biztotinco":3.58894009827E9,"bizinco":3.58894009827E9,"inteinco":null,"earnprem":null,"pouninco":null,"realsale":null,"otherbizinco":null,"biztotincoitse":null,"biztotincoform":null,"biztotcost":2.94535774081E9,"bizcost":1.55952648236E9,"inteexpe":null,"pounexpe":null,"realsalecost":null,"deveexpe":null,"surrgold":null,"compnetexpe":null,"contress":null,"polidiviexpe":null,"reinexpe":null,"otherbizcost":null,"biztax":3.929876326E7,"salesexpe":1.11510395143E9,"manaexpe":2.6779172733E8,"finexpe":-4.323780439E7,"asseimpaloss":6874620.82,"biztotcostitse":null,"biztotcostform":null,"valuechgloss":null,"inveinco":null,"assoinveprof":null,"exchggain":null,"futuloss":null,"custinco":null,"subsidyincome":null,"otherbizprof":null,"bizprofitse":null,"operprofform":null,"perprofit":6.4358235746E8,"nonoreve":2.338131732E7,"nonoexpe":2851499.99,"noncassetsdisl":145047.97,"proftotitse":null,"proftotform":null,"totprofit":6.6411217479E8,"incotaxexpe":9.641895747E7,"unreinveloss":null,"netpro1itse":null,"netpro1form":null,"netprofit":5.6769321732E8,"parenetp":5.7440185366E8,"mergeformnetprof":null,"minysharrigh":-6708636.34,"netpro2itse":null,"netpro2form":null,"basiceps":1.8,"dilutedeps":1.8,"othercompinco":null,"parecompinco":null,"minysharinco":null,"compincoamt":5.6769321732E8,"parecompincoamt":5.7440185366E8,"minysharincoamt":-6708636.34,"earlyundiprof":null,"undisprofredu":null,"otherinto":null,"otherdistprof":null,"legalsurp":null,"welfare":null,"capitalreserve":null,"staffaward":null,"reservefund":null,"developfund":null,"profreturninvest":null,"supplycurcap":null,"avaidistshareprof":null,"preferredskdiv":null,"freesurplu":null,"dealwithdivi":null,"capitalizeddivi":null,"undisprofit":null,"selldepartgain":null,"natudisasterloss":null,"accpolicychg":null,"accestimatechg":null,"debtrestruloss":null,"othersupply":null},{"compcode":"80155181","publishdate":"20141024","begindate":"20140101","enddate":"20140930","reporttype":"100111","adjustdate":"20141024","accstacode":"2","accstaname":"新会计准则","biztotinco":2.49335721546E9,"bizinco":2.49335721546E9,"inteinco":null,"earnprem":null,"pouninco":null,"realsale":null,"otherbizinco":null,"biztotincoitse":null,"biztotincoform":null,"biztotcost":2.10573323172E9,"bizcost":1.09896419415E9,"inteexpe":null,"pounexpe":null,"realsalecost":null,"deveexpe":null,"surrgold":null,"compnetexpe":null,"contress":null,"polidiviexpe":null,"reinexpe":null,"otherbizcost":null,"biztax":2.756176161E7,"salesexpe":8.1277232539E8,"manaexpe":1.8601776256E8,"finexpe":-2.137301343E7,"asseimpaloss":1790201.44,"biztotcostitse":null,"biztotcostform":null,"valuechgloss":null,"inveinco":null,"assoinveprof":null,"exchggain":null,"futuloss":null,"custinco":null,"subsidyincome":null,"otherbizprof":null,"bizprofitse":null,"operprofform":null,"perprofit":3.8762398374E8,"nonoreve":1.651728312E7,"nonoexpe":811524.25,"noncassetsdisl":141896.6,"proftotitse":null,"proftotform":null,"totprofit":4.0332974261E8,"incotaxexpe":6.250787564E7,"unreinveloss":null,"netpro1itse":null,"netpro1form":null,"netprofit":3.4082186697E8,"parenetp":3.4593595019E8,"mergeformnetprof":null,"minysharrigh":-5114083.22,"netpro2itse":null,"netpro2form":null,"basiceps":1.08,"dilutedeps":1.04,"othercompinco":null,"parecompinco":null,"minysharinco":null,"compincoamt":3.4082186697E8,"parecompincoamt":3.4593595019E8,"minysharincoamt":-5114083.22,"earlyundiprof":null,"undisprofredu":null,"otherinto":null,"otherdistprof":null,"legalsurp":null,"welfare":null,"capitalreserve":null,"staffaward":null,"reservefund":null,"developfund":null,"profreturninvest":null,"supplycurcap":null,"avaidistshareprof":null,"preferredskdiv":null,"freesurplu":null,"dealwithdivi":null,"capitalizeddivi":null,"undisprofit":null,"selldepartgain":null,"natudisasterloss":null,"accpolicychg":null,"accestimatechg":null,"debtrestruloss":null,"othersupply":null},{"compcode":"80155181","publishdate":"20140725","begindate":"20140101","enddate":"20140630","reporttype":"100111","adjustdate":"20140725","accstacode":"2","accstaname":"新会计准则","biztotinco":1.59977206363E9,"bizinco":1.59977206363E9,"inteinco":null,"earnprem":null,"pouninco":null,"realsale":null,"otherbizinco":null,"biztotincoitse":null,"biztotincoform":null,"biztotcost":1.36015887158E9,"bizcost":7.0357010353E8,"inteexpe":null,"pounexpe":null,"realsalecost":null,"deveexpe":null,"surrgold":null,"compnetexpe":null,"contress":null,"polidiviexpe":null,"reinexpe":null,"otherbizcost":null,"biztax":1.832108677E7,"salesexpe":5.4058482757E8,"manaexpe":1.103780542E8,"finexpe":-1.527300196E7,"asseimpaloss":2577801.47,"biztotcostitse":null,"biztotcostform":null,"valuechgloss":null,"inveinco":null,"assoinveprof":null,"exchggain":null,"futuloss":null,"custinco":null,"subsidyincome":null,"otherbizprof":null,"bizprofitse":null,"operprofform":null,"perprofit":2.3961319205E8,"nonoreve":1.446534417E7,"nonoexpe":484373.95,"noncassetsdisl":124719.2,"proftotitse":null,"proftotform":null,"totprofit":2.5359416227E8,"incotaxexpe":3.971710414E7,"unreinveloss":null,"netpro1itse":null,"netpro1form":null,"netprofit":2.1387705813E8,"parenetp":2.1754708545E8,"mergeformnetprof":null,"minysharrigh":-3670027.32,"netpro2itse":null,"netpro2form":null,"basiceps":0.68,"dilutedeps":0.68,"othercompinco":null,"parecompinco":null,"minysharinco":null,"compincoamt":2.1387705813E8,"parecompincoamt":2.1754708545E8,"minysharincoamt":-3670027.32,"earlyundiprof":null,"undisprofredu":null,"otherinto":null,"otherdistprof":null,"legalsurp":null,"welfare":null,"capitalreserve":null,"staffaward":null,"reservefund":null,"developfund":null,"profreturninvest":null,"supplycurcap":null,"avaidistshareprof":null,"preferredskdiv":null,"freesurplu":null,"dealwithdivi":null,"capitalizeddivi":null,"undisprofit":null,"selldepartgain":null,"natudisasterloss":null,"accpolicychg":null,"accestimatechg":null,"debtrestruloss":null,"othersupply":null},{"compcode":"80155181","publishdate":"20140425","begindate":"20140101","enddate":"20140331","reporttype":"100111","adjustdate":"20140425","accstacode":"2","accstaname":"新会计准则","biztotinco":6.4736348979E8,"bizinco":6.4736348979E8,"inteinco":null,"earnprem":null,"pouninco":null,"realsale":null,"otherbizinco":null,"biztotincoitse":null,"biztotincoform":null,"biztotcost":5.4828284106E8,"bizcost":2.8229024895E8,"inteexpe":null,"pounexpe":null,"realsalecost":null,"deveexpe":null,"surrgold":null,"compnetexpe":null,"contress":null,"polidiviexpe":null,"reinexpe":null,"otherbizcost":null,"biztax":7169923.56,"salesexpe":2.1311929746E8,"manaexpe":5.16253988E7,"finexpe":-4494549.82,"asseimpaloss":-1427477.89,"biztotcostitse":null,"biztotcostform":null,"valuechgloss":null,"inveinco":null,"assoinveprof":null,"exchggain":null,"futuloss":null,"custinco":null,"subsidyincome":null,"otherbizprof":null,"bizprofitse":null,"operprofform":null,"perprofit":9.908064873E7,"nonoreve":723707.64,"nonoexpe":353425.0,"noncassetsdisl":null,"proftotitse":null,"proftotform":null,"totprofit":9.945093137E7,"incotaxexpe":1.618502308E7,"unreinveloss":null,"netpro1itse":null,"netpro1form":null,"netprofit":8.326590829E7,"parenetp":8.526814076E7,"mergeformnetprof":8.526814076E7,"minysharrigh":-2002232.47,"netpro2itse":null,"netpro2form":null,"basiceps":0.33,"dilutedeps":0.33,"othercompinco":null,"parecompinco":null,"minysharinco":null,"compincoamt":8.326590829E7,"parecompincoamt":8.526814076E7,"minysharincoamt":-2002232.47,"earlyundiprof":null,"undisprofredu":null,"otherinto":null,"otherdistprof":null,"legalsurp":null,"welfare":null,"capitalreserve":null,"staffaward":null,"reservefund":null,"developfund":null,"profreturninvest":null,"supplycurcap":null,"avaidistshareprof":null,"preferredskdiv":null,"freesurplu":null,"dealwithdivi":null,"capitalizeddivi":null,"undisprofit":null,"selldepartgain":null,"natudisasterloss":null,"accpolicychg":null,"accestimatechg":null,"debtrestruloss":null,"othersupply":null},{"compcode":"80155181","publishdate":"20140410","begindate":"20130101","enddate":"20131231","reporttype":"100111","adjustdate":"20140410","accstacode":"2","accstaname":"新会计准则","biztotinco":2.65380997252E9,"bizinco":2.65380997252E9,"inteinco":null,"earnprem":null,"pouninco":null,"realsale":null,"otherbizinco":null,"biztotincoitse":null,"biztotincoform":null,"biztotcost":2.21407498688E9,"bizcost":1.20916090041E9,"inteexpe":null,"pounexpe":null,"realsalecost":null,"deveexpe":null,"surrgold":null,"compnetexpe":null,"contress":null,"polidiviexpe":null,"reinexpe":null,"otherbizcost":null,"biztax":2.807926224E7,"salesexpe":7.9814261391E8,"manaexpe":2.1026137735E8,"finexpe":-3.551800485E7,"asseimpaloss":3948837.82,"biztotcostitse":null,"biztotcostform":null,"valuechgloss":null,"inveinco":-43739.24,"assoinveprof":-43739.24,"exchggain":null,"futuloss":null,"custinco":null,"subsidyincome":null,"otherbizprof":null,"bizprofitse":null,"operprofform":null,"perprofit":4.396912464E8,"nonoreve":7026118.95,"nonoexpe":3133750.19,"noncassetsdisl":2259238.83,"proftotitse":null,"proftotform":null,"totprofit":4.4358361516E8,"incotaxexpe":6.593601697E7,"unreinveloss":null,"netpro1itse":null,"netpro1form":null,"netprofit":3.7764759819E8,"parenetp":3.8563234797E8,"mergeformnetprof":null,"minysharrigh":-7984749.78,"netpro2itse":null,"netpro2form":null,"basiceps":1.51,"dilutedeps":1.51,"othercompinco":null,"parecompinco":null,"minysharinco":null,"compincoamt":3.7764759819E8,"parecompincoamt":3.8563234797E8,"minysharincoamt":-7984749.78,"earlyundiprof":null,"undisprofredu":null,"otherinto":null,"otherdistprof":null,"legalsurp":null,"welfare":null,"capitalreserve":null,"staffaward":null,"reservefund":null,"developfund":null,"profreturninvest":null,"supplycurcap":null,"avaidistshareprof":null,"preferredskdiv":null,"freesurplu":null,"dealwithdivi":null,"capitalizeddivi":null,"undisprofit":null,"selldepartgain":null,"natudisasterloss":null,"accpolicychg":null,"accestimatechg":null,"debtrestruloss":null,"othersupply":null},{"compcode":"80155181","publishdate":"20131025","begindate":"20130101","enddate":"20130930","reporttype":"100111","adjustdate":"20131025","accstacode":"2","accstaname":"新会计准则","biztotinco":1.82336598057E9,"bizinco":1.82336598057E9,"inteinco":null,"earnprem":null,"pouninco":null,"realsale":null,"otherbizinco":null,"biztotincoitse":null,"biztotincoform":null,"biztotcost":1.55604292017E9,"bizcost":8.3314864087E8,"inteexpe":null,"pounexpe":null,"realsalecost":null,"deveexpe":null,"surrgold":null,"compnetexpe":null,"contress":null,"polidiviexpe":null,"reinexpe":null,"otherbizcost":null,"biztax":1.928610707E7,"salesexpe":5.7995134691E8,"manaexpe":1.369560934E8,"finexpe":-1.477903012E7,"asseimpaloss":1479762.04,"biztotcostitse":null,"biztotcostform":null,"valuechgloss":null,"inveinco":-43739.24,"assoinveprof":null,"exchggain":null,"futuloss":null,"custinco":null,"subsidyincome":null,"otherbizprof":null,"bizprofitse":null,"operprofform":null,"perprofit":2.6727932116E8,"nonoreve":6403532.1,"nonoexpe":925330.88,"noncassetsdisl":59313.2,"proftotitse":null,"proftotform":null,"totprofit":2.7275752238E8,"incotaxexpe":4.391984698E7,"unreinveloss":null,"netpro1itse":null,"netpro1form":null,"netprofit":2.288376754E8,"parenetp":2.3495503422E8,"mergeformnetprof":null,"minysharrigh":-6117358.82,"netpro2itse":null,"netpro2form":null,"basiceps":0.92,"dilutedeps":0.92,"othercompinco":null,"parecompinco":null,"minysharinco":null,"compincoamt":2.288376754E8,"parecompincoamt":2.3495503422E8,"minysharincoamt":-6117358.82,"earlyundiprof":null,"undisprofredu":null,"otherinto":null,"otherdistprof":null,"legalsurp":null,"welfare":null,"capitalreserve":null,"staffaward":null,"reservefund":null,"developfund":null,"profreturninvest":null,"supplycurcap":null,"avaidistshareprof":null,"preferredskdiv":null,"freesurplu":null,"dealwithdivi":null,"capitalizeddivi":null,"undisprofit":null,"selldepartgain":null,"natudisasterloss":null,"accpolicychg":null,"accestimatechg":null,"debtrestruloss":null,"othersupply":null},{"compcode":"80155181","publishdate":"20130726","begindate":"20130101","enddate":"20130630","reporttype":"100111","adjustdate":"20130726","accstacode":"2","accstaname":"新会计准则","biztotinco":1.15305780005E9,"bizinco":1.15305780005E9,"inteinco":null,"earnprem":null,"pouninco":null,"realsale":null,"otherbizinco":null,"biztotincoitse":null,"biztotincoform":null,"biztotcost":9.8548506857E8,"bizcost":5.3145782658E8,"inteexpe":null,"pounexpe":null,"realsalecost":null,"deveexpe":null,"surrgold":null,"compnetexpe":null,"contress":null,"polidiviexpe":null,"reinexpe":null,"otherbizcost":null,"biztax":1.267739958E7,"salesexpe":3.6789801457E8,"manaexpe":8.346731543E7,"finexpe":-1.197235034E7,"asseimpaloss":1956862.75,"biztotcostitse":null,"biztotcostform":null,"valuechgloss":null,"inveinco":-43739.24,"assoinveprof":null,"exchggain":null,"futuloss":null,"custinco":null,"subsidyincome":null,"otherbizprof":null,"bizprofitse":null,"operprofform":null,"perprofit":1.6752899224E8,"nonoreve":1306859.54,"nonoexpe":596245.16,"noncassetsdisl":70295.16,"proftotitse":null,"proftotform":null,"totprofit":1.6823960662E8,"incotaxexpe":2.790968457E7,"unreinveloss":null,"netpro1itse":null,"netpro1form":null,"netprofit":1.4032992205E8,"parenetp":1.445399648E8,"mergeformnetprof":null,"minysharrigh":-4210042.75,"netpro2itse":null,"netpro2form":null,"basiceps":0.56,"dilutedeps":0.56,"othercompinco":null,"parecompinco":null,"minysharinco":null,"compincoamt":1.4032992205E8,"parecompincoamt":1.445399648E8,"minysharincoamt":-4210042.75,"earlyundiprof":null,"undisprofredu":null,"otherinto":null,"otherdistprof":null,"legalsurp":null,"welfare":null,"capitalreserve":null,"staffaward":null,"reservefund":null,"developfund":null,"profreturninvest":null,"supplycurcap":null,"avaidistshareprof":null,"preferredskdiv":null,"freesurplu":null,"dealwithdivi":null,"capitalizeddivi":null,"undisprofit":null,"selldepartgain":null,"natudisasterloss":null,"accpolicychg":null,"accestimatechg":null,"debtrestruloss":null,"othersupply":null},{"compcode":"80155181","publishdate":"20130425","begindate":"20130101","enddate":"20130331","reporttype":"100111","adjustdate":"20130425","accstacode":"2","accstaname":"新会计准则","biztotinco":4.5200558941E8,"bizinco":4.5200558941E8,"inteinco":null,"earnprem":null,"pouninco":null,"realsale":null,"otherbizinco":null,"biztotincoitse":null,"biztotincoform":null,"biztotcost":3.8699927563E8,"bizcost":2.1150618507E8,"inteexpe":null,"pounexpe":null,"realsalecost":null,"deveexpe":null,"surrgold":null,"compnetexpe":null,"contress":null,"polidiviexpe":null,"reinexpe":null,"otherbizcost":null,"biztax":4762345.28,"salesexpe":1.3653474727E8,"manaexpe":3.862456151E7,"finexpe":-4166719.43,"asseimpaloss":-261844.07,"biztotcostitse":null,"biztotcostform":null,"valuechgloss":null,"inveinco":-43739.24,"assoinveprof":null,"exchggain":null,"futuloss":null,"custinco":null,"subsidyincome":null,"otherbizprof":null,"bizprofitse":null,"operprofform":null,"perprofit":6.496257454E7,"nonoreve":523689.0,"nonoexpe":68193.11,"noncassetsdisl":43230.37,"proftotitse":null,"proftotform":null,"totprofit":6.541807043E7,"incotaxexpe":1.115719316E7,"unreinveloss":null,"netpro1itse":null,"netpro1form":null,"netprofit":5.426087727E7,"parenetp":5.702070311E7,"mergeformnetprof":null,"minysharrigh":-2759825.84,"netpro2itse":null,"netpro2form":null,"basiceps":0.22,"dilutedeps":0.22,"othercompinco":0.0,"parecompinco":null,"minysharinco":null,"compincoamt":5.426087727E7,"parecompincoamt":5.702070311E7,"minysharincoamt":-2759825.84,"earlyundiprof":null,"undisprofredu":null,"otherinto":null,"otherdistprof":null,"legalsurp":null,"welfare":null,"capitalreserve":null,"staffaward":null,"reservefund":null,"developfund":null,"profreturninvest":null,"supplycurcap":null,"avaidistshareprof":null,"preferredskdiv":null,"freesurplu":null,"dealwithdivi":null,"capitalizeddivi":null,"undisprofit":null,"selldepartgain":null,"natudisasterloss":null,"accpolicychg":null,"accestimatechg":null,"debtrestruloss":null,"othersupply":null},{"compcode":"80155181","publishdate":"20130410","begindate":"20120101","enddate":"20121231","reporttype":"100111","adjustdate":"20130410","accstacode":"2","accstaname":"新会计准则","biztotinco":1.96274135382E9,"bizinco":1.96274135382E9,"inteinco":null,"earnprem":null,"pouninco":null,"realsale":null,"otherbizinco":null,"biztotincoitse":null,"biztotincoform":null,"biztotcost":1.66571387277E9,"bizcost":9.1103327038E8,"inteexpe":null,"pounexpe":null,"realsalecost":null,"deveexpe":null,"surrgold":null,"compnetexpe":null,"contress":null,"polidiviexpe":null,"reinexpe":null,"otherbizcost":null,"biztax":2.163491606E7,"salesexpe":5.9915885961E8,"manaexpe":1.6212248429E8,"finexpe":-2.949994009E7,"asseimpaloss":1264282.52,"biztotcostitse":null,"biztotcostform":null,"valuechgloss":null,"inveinco":92893.7,"assoinveprof":null,"exchggain":null,"futuloss":null,"custinco":null,"subsidyincome":null,"otherbizprof":null,"bizprofitse":null,"operprofform":null,"perprofit":2.9712037475E8,"nonoreve":1.18522148E7,"nonoexpe":1789264.47,"noncassetsdisl":21139.05,"proftotitse":null,"proftotform":null,"totprofit":3.0718332508E8,"incotaxexpe":4.484696691E7,"unreinveloss":null,"netpro1itse":null,"netpro1form":null,"netprofit":2.6233635817E8,"parenetp":2.6803599768E8,"mergeformnetprof":null,"minysharrigh":-5699639.51,"netpro2itse":null,"netpro2form":null,"basiceps":1.05,"dilutedeps":1.05,"othercompinco":null,"parecompinco":null,"minysharinco":null,"compincoamt":2.6233635817E8,"parecompincoamt":2.6803599768E8,"minysharincoamt":-5699639.51,"earlyundiprof":null,"undisprofredu":null,"otherinto":null,"otherdistprof":null,"legalsurp":null,"welfare":null,"capitalreserve":null,"staffaward":null,"reservefund":null,"developfund":null,"profreturninvest":null,"supplycurcap":null,"avaidistshareprof":null,"preferredskdiv":null,"freesurplu":null,"dealwithdivi":null,"capitalizeddivi":null,"undisprofit":null,"selldepartgain":null,"natudisasterloss":null,"accpolicychg":null,"accestimatechg":null,"debtrestruloss":null,"othersupply":null},{"compcode":"80155181","publishdate":"20121026","begindate":"20120101","enddate":"20120930","reporttype":"100111","adjustdate":"20121026","accstacode":"2","accstaname":"新会计准则","biztotinco":1.32272709605E9,"bizinco":1.32272709605E9,"inteinco":null,"earnprem":null,"pouninco":null,"realsale":null,"otherbizinco":null,"biztotincoitse":null,"biztotincoform":null,"biztotcost":1.14022691742E9,"bizcost":6.1207979741E8,"inteexpe":null,"pounexpe":null,"realsalecost":null,"deveexpe":null,"surrgold":null,"compnetexpe":null,"contress":null,"polidiviexpe":null,"reinexpe":null,"otherbizcost":null,"biztax":1.526190444E7,"salesexpe":4.3178420347E8,"manaexpe":8.787583224E7,"finexpe":-9407799.44,"asseimpaloss":2632979.3,"biztotcostitse":null,"biztotcostform":null,"valuechgloss":null,"inveinco":47633.53,"assoinveprof":null,"exchggain":null,"futuloss":null,"custinco":null,"subsidyincome":null,"otherbizprof":null,"bizprofitse":null,"operprofform":null,"perprofit":1.8254781216E8,"nonoreve":8202807.89,"nonoexpe":63032.35,"noncassetsdisl":20808.51,"proftotitse":null,"proftotform":null,"totprofit":1.906875877E8,"incotaxexpe":2.962240489E7,"unreinveloss":null,"netpro1itse":null,"netpro1form":null,"netprofit":1.6106518281E8,"parenetp":1.6201843208E8,"mergeformnetprof":null,"minysharrigh":-953249.27,"netpro2itse":null,"netpro2form":null,"basiceps":0.63,"dilutedeps":0.63,"othercompinco":null,"parecompinco":null,"minysharinco":null,"compincoamt":1.6106518281E8,"parecompincoamt":1.6201843208E8,"minysharincoamt":-953249.27,"earlyundiprof":null,"undisprofredu":null,"otherinto":null,"otherdistprof":null,"legalsurp":null,"welfare":null,"capitalreserve":null,"staffaward":null,"reservefund":null,"developfund":null,"profreturninvest":null,"supplycurcap":null,"avaidistshareprof":null,"preferredskdiv":null,"freesurplu":null,"dealwithdivi":null,"capitalizeddivi":null,"undisprofit":null,"selldepartgain":null,"natudisasterloss":null,"accpolicychg":null,"accestimatechg":null,"debtrestruloss":null,"othersupply":null},{"compcode":"80155181","publishdate":"20120727","begindate":"20120101","enddate":"20120630","reporttype":"100111","adjustdate":"20120727","accstacode":"2","accstaname":"新会计准则","biztotinco":8.5881116474E8,"bizinco":8.5881116474E8,"inteinco":null,"earnprem":null,"pouninco":null,"realsale":null,"otherbizinco":null,"biztotincoitse":null,"biztotincoform":null,"biztotcost":7.4107358277E8,"bizcost":3.9726800667E8,"inteexpe":null,"pounexpe":null,"realsalecost":null,"deveexpe":null,"surrgold":null,"compnetexpe":null,"contress":null,"polidiviexpe":null,"reinexpe":null,"otherbizcost":null,"biztax":1.022377671E7,"salesexpe":2.8429717706E8,"manaexpe":5.441300541E7,"finexpe":-7560433.02,"asseimpaloss":2432049.94,"biztotcostitse":null,"biztotcostform":null,"valuechgloss":0.0,"inveinco":29455.97,"assoinveprof":null,"exchggain":null,"futuloss":null,"custinco":null,"subsidyincome":null,"otherbizprof":null,"bizprofitse":null,"operprofform":null,"perprofit":1.1776703794E8,"nonoreve":7530739.84,"nonoexpe":26370.64,"noncassetsdisl":null,"proftotitse":null,"proftotform":null,"totprofit":1.2527140714E8,"incotaxexpe":1.878231168E7,"unreinveloss":null,"netpro1itse":null,"netpro1form":null,"netprofit":1.0648909546E8,"parenetp":1.0648909546E8,"mergeformnetprof":1.0648909546E8,"minysharrigh":null,"netpro2itse":null,"netpro2form":null,"basiceps":0.42,"dilutedeps":0.42,"othercompinco":null,"parecompinco":null,"minysharinco":null,"compincoamt":1.0648909546E8,"parecompincoamt":null,"minysharincoamt":null,"earlyundiprof":null,"undisprofredu":null,"otherinto":null,"otherdistprof":null,"legalsurp":null,"welfare":null,"capitalreserve":null,"staffaward":null,"reservefund":null,"developfund":null,"profreturninvest":null,"supplycurcap":null,"avaidistshareprof":null,"preferredskdiv":null,"freesurplu":null,"dealwithdivi":null,"capitalizeddivi":null,"undisprofit":null,"selldepartgain":null,"natudisasterloss":null,"accpolicychg":null,"accestimatechg":null,"debtrestruloss":null,"othersupply":null},{"compcode":"80155181","publishdate":"20120425","begindate":"20120101","enddate":"20120331","reporttype":"100111","adjustdate":"20120425","accstacode":"2","accstaname":"新会计准则","biztotinco":3.5450842615E8,"bizinco":3.5450842615E8,"inteinco":null,"earnprem":null,"pouninco":null,"realsale":null,"otherbizinco":null,"biztotincoitse":null,"biztotincoform":null,"biztotcost":3.1062301484E8,"bizcost":1.6476074972E8,"inteexpe":null,"pounexpe":null,"realsalecost":null,"deveexpe":null,"surrgold":null,"compnetexpe":null,"contress":null,"polidiviexpe":null,"reinexpe":null,"otherbizcost":null,"biztax":4422234.11,"salesexpe":1.1977220176E8,"manaexpe":2.685049529E7,"finexpe":-4137517.33,"asseimpaloss":-1045148.71,"biztotcostitse":null,"biztotcostform":null,"valuechgloss":null,"inveinco":-93898.44,"assoinveprof":null,"exchggain":null,"futuloss":null,"custinco":null,"subsidyincome":null,"otherbizprof":null,"bizprofitse":null,"operprofform":null,"perprofit":4.379151287E7,"nonoreve":6900696.86,"nonoexpe":19938.64,"noncassetsdisl":null,"proftotitse":null,"proftotform":null,"totprofit":5.067227109E7,"incotaxexpe":8272558.86,"unreinveloss":null,"netpro1itse":null,"netpro1form":null,"netprofit":4.239971223E7,"parenetp":4.239971223E7,"mergeformnetprof":null,"minysharrigh":null,"netpro2itse":null,"netpro2form":null,"basiceps":0.17,"dilutedeps":0.17,"othercompinco":null,"parecompinco":null,"minysharinco":null,"compincoamt":4.239971223E7,"parecompincoamt":4.239971223E7,"minysharincoamt":null,"earlyundiprof":null,"undisprofredu":null,"otherinto":null,"otherdistprof":null,"legalsurp":null,"welfare":null,"capitalreserve":null,"staffaward":null,"reservefund":null,"developfund":null,"profreturninvest":null,"supplycurcap":null,"avaidistshareprof":null,"preferredskdiv":null,"freesurplu":null,"dealwithdivi":null,"capitalizeddivi":null,"undisprofit":null,"selldepartgain":null,"natudisasterloss":null,"accpolicychg":null,"accestimatechg":null,"debtrestruloss":null,"othersupply":null},{"compcode":"80155181","publishdate":"20120313","begindate":"20110101","enddate":"20111231","reporttype":"100111","adjustdate":"20120313","accstacode":"2","accstaname":"新会计准则","biztotinco":1.53388759205E9,"bizinco":1.53388759205E9,"inteinco":null,"earnprem":null,"pouninco":null,"realsale":null,"otherbizinco":null,"biztotincoitse":null,"biztotincoform":null,"biztotcost":1.32433416618E9,"bizcost":7.2887365063E8,"inteexpe":null,"pounexpe":null,"realsalecost":null,"deveexpe":null,"surrgold":null,"compnetexpe":null,"contress":null,"polidiviexpe":null,"reinexpe":null,"otherbizcost":null,"biztax":1.487519488E7,"salesexpe":4.8836444399E8,"manaexpe":1.134000237E8,"finexpe":-2.377631683E7,"asseimpaloss":2597169.81,"biztotcostitse":null,"biztotcostform":null,"valuechgloss":null,"inveinco":-47156.91,"assoinveprof":-47156.91,"exchggain":null,"futuloss":null,"custinco":null,"subsidyincome":null,"otherbizprof":null,"bizprofitse":null,"operprofform":null,"perprofit":2.0950626896E8,"nonoreve":8389226.44,"nonoexpe":329003.62,"noncassetsdisl":null,"proftotitse":null,"proftotform":null,"totprofit":2.1756649178E8,"incotaxexpe":3.057443914E7,"unreinveloss":null,"netpro1itse":null,"netpro1form":null,"netprofit":1.8699205264E8,"parenetp":1.8699205264E8,"mergeformnetprof":null,"minysharrigh":null,"netpro2itse":null,"netpro2form":null,"basiceps":0.73,"dilutedeps":0.73,"othercompinco":null,"parecompinco":null,"minysharinco":null,"compincoamt":1.8699205264E8,"parecompincoamt":1.8699205264E8,"minysharincoamt":null,"earlyundiprof":null,"undisprofredu":null,"otherinto":null,"otherdistprof":null,"legalsurp":null,"welfare":null,"capitalreserve":null,"staffaward":null,"reservefund":null,"developfund":null,"profreturninvest":null,"supplycurcap":null,"avaidistshareprof":null,"preferredskdiv":null,"freesurplu":null,"dealwithdivi":null,"capitalizeddivi":null,"undisprofit":null,"selldepartgain":null,"natudisasterloss":null,"accpolicychg":null,"accestimatechg":null,"debtrestruloss":null,"othersupply":null},{"compcode":"80155181","publishdate":"20111019","begindate":"20110101","enddate":"20110930","reporttype":"100111","adjustdate":"20111019","accstacode":"2","accstaname":"新会计准则","biztotinco":1.06693702389E9,"bizinco":1.06693702389E9,"inteinco":null,"earnprem":null,"pouninco":null,"realsale":null,"otherbizinco":null,"biztotincoitse":null,"biztotincoform":null,"biztotcost":9.2803358234E8,"bizcost":5.1196266815E8,"inteexpe":null,"pounexpe":null,"realsalecost":null,"deveexpe":null,"surrgold":null,"compnetexpe":null,"contress":null,"polidiviexpe":null,"reinexpe":null,"otherbizcost":null,"biztax":1.093746171E7,"salesexpe":3.4046053054E8,"manaexpe":6.90177408E7,"finexpe":-4299217.05,"asseimpaloss":-45601.81,"biztotcostitse":null,"biztotcostform":null,"valuechgloss":null,"inveinco":null,"assoinveprof":null,"exchggain":null,"futuloss":null,"custinco":null,"subsidyincome":null,"otherbizprof":null,"bizprofitse":null,"operprofform":null,"perprofit":1.3890344155E8,"nonoreve":6915820.08,"nonoexpe":319961.07,"noncassetsdisl":null,"proftotitse":null,"proftotform":null,"totprofit":1.4549930056E8,"incotaxexpe":2.236148655E7,"unreinveloss":null,"netpro1itse":null,"netpro1form":null,"netprofit":1.2313781401E8,"parenetp":1.2313781401E8,"mergeformnetprof":null,"minysharrigh":null,"netpro2itse":null,"netpro2form":null,"basiceps":0.48,"dilutedeps":0.48,"othercompinco":null,"parecompinco":null,"minysharinco":null,"compincoamt":1.2313781401E8,"parecompincoamt":1.2313781401E8,"minysharincoamt":null,"earlyundiprof":null,"undisprofredu":null,"otherinto":null,"otherdistprof":null,"legalsurp":null,"welfare":null,"capitalreserve":null,"staffaward":null,"reservefund":null,"developfund":null,"profreturninvest":null,"supplycurcap":null,"avaidistshareprof":null,"preferredskdiv":null,"freesurplu":null,"dealwithdivi":null,"capitalizeddivi":null,"undisprofit":null,"selldepartgain":null,"natudisasterloss":null,"accpolicychg":null,"accestimatechg":null,"debtrestruloss":null,"othersupply":null},{"compcode":"80155181","publishdate":"20110720","begindate":"20110101","enddate":"20110630","reporttype":"100111","adjustdate":"20110720","accstacode":"2","accstaname":"新会计准则","biztotinco":7.1195470938E8,"bizinco":7.1195470938E8,"inteinco":null,"earnprem":null,"pouninco":null,"realsale":null,"otherbizinco":null,"biztotincoitse":null,"biztotincoform":null,"biztotcost":6.2314934664E8,"bizcost":3.4480532641E8,"inteexpe":null,"pounexpe":null,"realsalecost":null,"deveexpe":null,"surrgold":null,"compnetexpe":null,"contress":null,"polidiviexpe":null,"reinexpe":null,"otherbizcost":null,"biztax":7798027.94,"salesexpe":2.2978238688E8,"manaexpe":4.2879709E7,"finexpe":-3204955.99,"asseimpaloss":1088852.4,"biztotcostitse":null,"biztotcostform":null,"valuechgloss":null,"inveinco":null,"assoinveprof":null,"exchggain":null,"futuloss":null,"custinco":null,"subsidyincome":null,"otherbizprof":null,"bizprofitse":null,"operprofform":null,"perprofit":8.880536274E7,"nonoreve":6123342.78,"nonoexpe":312235.0,"noncassetsdisl":null,"proftotitse":null,"proftotform":null,"totprofit":9.461647052E7,"incotaxexpe":1.435690508E7,"unreinveloss":null,"netpro1itse":null,"netpro1form":null,"netprofit":8.025956544E7,"parenetp":8.025956544E7,"mergeformnetprof":null,"minysharrigh":null,"netpro2itse":null,"netpro2form":null,"basiceps":0.31,"dilutedeps":0.31,"othercompinco":null,"parecompinco":null,"minysharinco":null,"compincoamt":8.025956544E7,"parecompincoamt":8.025956544E7,"minysharincoamt":null,"earlyundiprof":null,"undisprofredu":null,"otherinto":null,"otherdistprof":null,"legalsurp":null,"welfare":null,"capitalreserve":null,"staffaward":null,"reservefund":null,"developfund":null,"profreturninvest":null,"supplycurcap":null,"avaidistshareprof":null,"preferredskdiv":null,"freesurplu":null,"dealwithdivi":null,"capitalizeddivi":null,"undisprofit":null,"selldepartgain":null,"natudisasterloss":null,"accpolicychg":null,"accestimatechg":null,"debtrestruloss":null,"othersupply":null},{"compcode":"80155181","publishdate":"20110420","begindate":"20110101","enddate":"20110331","reporttype":"100111","adjustdate":"20110420","accstacode":"2","accstaname":"新会计准则","biztotinco":3.0238892294E8,"bizinco":3.0238892294E8,"inteinco":null,"earnprem":null,"pouninco":null,"realsale":null,"otherbizinco":null,"biztotincoitse":null,"biztotincoform":null,"biztotcost":2.6584220788E8,"bizcost":1.4809122535E8,"inteexpe":null,"pounexpe":null,"realsalecost":null,"deveexpe":null,"surrgold":null,"compnetexpe":null,"contress":null,"polidiviexpe":null,"reinexpe":null,"otherbizcost":null,"biztax":3201239.17,"salesexpe":9.66273655E7,"manaexpe":2.033653136E7,"finexpe":-1334681.66,"asseimpaloss":-1079471.84,"biztotcostitse":null,"biztotcostform":null,"valuechgloss":null,"inveinco":null,"assoinveprof":null,"exchggain":null,"futuloss":null,"custinco":null,"subsidyincome":null,"otherbizprof":null,"bizprofitse":null,"operprofform":null,"perprofit":3.654671506E7,"nonoreve":1326315.94,"nonoexpe":304750.0,"noncassetsdisl":null,"proftotitse":null,"proftotform":null,"totprofit":3.7568281E7,"incotaxexpe":5935902.73,"unreinveloss":null,"netpro1itse":null,"netpro1form":null,"netprofit":3.163237827E7,"parenetp":3.163237827E7,"mergeformnetprof":null,"minysharrigh":null,"netpro2itse":null,"netpro2form":null,"basiceps":0.19,"dilutedeps":0.19,"othercompinco":null,"parecompinco":null,"minysharinco":null,"compincoamt":3.163237827E7,"parecompincoamt":3.163237827E7,"minysharincoamt":null,"earlyundiprof":null,"undisprofredu":null,"otherinto":null,"otherdistprof":null,"legalsurp":null,"welfare":null,"capitalreserve":null,"staffaward":null,"reservefund":null,"developfund":null,"profreturninvest":null,"supplycurcap":null,"avaidistshareprof":null,"preferredskdiv":null,"freesurplu":null,"dealwithdivi":null,"capitalizeddivi":null,"undisprofit":null,"selldepartgain":null,"natudisasterloss":null,"accpolicychg":null,"accestimatechg":null,"debtrestruloss":null,"othersupply":null},{"compcode":"80155181","publishdate":"20110407","begindate":"20100101","enddate":"20101231","reporttype":"100111","adjustdate":"20110407","accstacode":"2","accstaname":"新会计准则","biztotinco":1.23159706537E9,"bizinco":1.23159706537E9,"inteinco":null,"earnprem":null,"pouninco":null,"realsale":null,"otherbizinco":null,"biztotincoitse":null,"biztotincoform":null,"biztotcost":1.07911281609E9,"bizcost":5.5910698569E8,"inteexpe":null,"pounexpe":null,"realsalecost":null,"deveexpe":null,"surrgold":null,"compnetexpe":null,"contress":null,"polidiviexpe":null,"reinexpe":null,"otherbizcost":null,"biztax":1.244744798E7,"salesexpe":4.2100430066E8,"manaexpe":8.996240458E7,"finexpe":-3146246.78,"asseimpaloss":-262076.04,"biztotcostitse":null,"biztotcostform":null,"valuechgloss":null,"inveinco":null,"assoinveprof":null,"exchggain":null,"futuloss":null,"custinco":null,"subsidyincome":null,"otherbizprof":null,"bizprofitse":null,"operprofform":null,"perprofit":1.5248424928E8,"nonoreve":3771391.57,"nonoexpe":35392.38,"noncassetsdisl":null,"proftotitse":null,"proftotform":null,"totprofit":1.5622024847E8,"incotaxexpe":2.188024115E7,"unreinveloss":null,"netpro1itse":null,"netpro1form":null,"netprofit":1.3434000732E8,"parenetp":1.3434000732E8,"mergeformnetprof":null,"minysharrigh":null,"netpro2itse":null,"netpro2form":null,"basiceps":1.09,"dilutedeps":1.09,"othercompinco":null,"parecompinco":null,"minysharinco":null,"compincoamt":1.3434000732E8,"parecompincoamt":1.3434000732E8,"minysharincoamt":null,"earlyundiprof":null,"undisprofredu":null,"otherinto":null,"otherdistprof":null,"legalsurp":null,"welfare":null,"capitalreserve":null,"staffaward":null,"reservefund":null,"developfund":null,"profreturninvest":null,"supplycurcap":null,"avaidistshareprof":null,"preferredskdiv":null,"freesurplu":null,"dealwithdivi":null,"capitalizeddivi":null,"undisprofit":null,"selldepartgain":null,"natudisasterloss":null,"accpolicychg":null,"accestimatechg":null,"debtrestruloss":null,"othersupply":null},{"compcode":"80155181","publishdate":"20101122","begindate":"20100101","enddate":"20100930","reporttype":"100111","adjustdate":"19000101","accstacode":"2","accstaname":"新会计准则","biztotinco":8.6590190828E8,"bizinco":8.6590190828E8,"inteinco":0.0,"earnprem":0.0,"pouninco":0.0,"realsale":0.0,"otherbizinco":0.0,"biztotincoitse":null,"biztotincoform":null,"biztotcost":7.5810135291E8,"bizcost":3.9113021652E8,"inteexpe":0.0,"pounexpe":0.0,"realsalecost":0.0,"deveexpe":0.0,"surrgold":0.0,"compnetexpe":0.0,"contress":0.0,"polidiviexpe":0.0,"reinexpe":0.0,"otherbizcost":0.0,"biztax":9380842.66,"salesexpe":3.019612271E8,"manaexpe":5.752839646E7,"finexpe":-1700790.88,"asseimpaloss":-198538.95,"biztotcostitse":null,"biztotcostform":null,"valuechgloss":0.0,"inveinco":0.0,"assoinveprof":0.0,"exchggain":0.0,"futuloss":0.0,"custinco":0.0,"subsidyincome":0.0,"otherbizprof":0.0,"bizprofitse":null,"operprofform":null,"perprofit":1.0780055537E8,"nonoreve":3096866.49,"nonoexpe":18978.25,"noncassetsdisl":0.0,"proftotitse":null,"proftotform":null,"totprofit":1.1087844361E8,"incotaxexpe":1.692038711E7,"unreinveloss":0.0,"netpro1itse":null,"netpro1form":null,"netprofit":9.39580565E7,"parenetp":9.39580565E7,"mergeformnetprof":0.0,"minysharrigh":0.0,"netpro2itse":null,"netpro2form":null,"basiceps":0.78,"dilutedeps":0.0,"othercompinco":0.0,"parecompinco":0.0,"minysharinco":0.0,"compincoamt":0.0,"parecompincoamt":0.0,"minysharincoamt":0.0,"earlyundiprof":null,"undisprofredu":null,"otherinto":null,"otherdistprof":null,"legalsurp":null,"welfare":null,"capitalreserve":null,"staffaward":null,"reservefund":null,"developfund":null,"profreturninvest":null,"supplycurcap":null,"avaidistshareprof":null,"preferredskdiv":null,"freesurplu":null,"dealwithdivi":null,"capitalizeddivi":null,"undisprofit":null,"selldepartgain":null,"natudisasterloss":null,"accpolicychg":null,"accestimatechg":null,"debtrestruloss":null,"othersupply":null},{"compcode":"80155181","publishdate":"20101102","begindate":"20100101","enddate":"20100630","reporttype":"100111","adjustdate":"19000101","accstacode":"2","accstaname":"新会计准则","biztotinco":5.7830965031E8,"bizinco":5.7830965031E8,"inteinco":0.0,"earnprem":0.0,"pouninco":0.0,"realsale":null,"otherbizinco":null,"biztotincoitse":null,"biztotincoform":null,"biztotcost":5.079399478E8,"bizcost":2.6049292282E8,"inteexpe":0.0,"pounexpe":0.0,"realsalecost":null,"deveexpe":null,"surrgold":0.0,"compnetexpe":0.0,"contress":0.0,"polidiviexpe":0.0,"reinexpe":0.0,"otherbizcost":null,"biztax":6442412.99,"salesexpe":2.0532404755E8,"manaexpe":3.669473053E7,"finexpe":-815627.14,"asseimpaloss":-198538.95,"biztotcostitse":null,"biztotcostform":null,"valuechgloss":0.0,"inveinco":0.0,"assoinveprof":0.0,"exchggain":0.0,"futuloss":null,"custinco":null,"subsidyincome":null,"otherbizprof":null,"bizprofitse":null,"operprofform":null,"perprofit":7.036970251E7,"nonoreve":1658398.94,"nonoexpe":14565.27,"noncassetsdisl":0.0,"proftotitse":null,"proftotform":null,"totprofit":7.201353618E7,"incotaxexpe":1.099931003E7,"unreinveloss":null,"netpro1itse":null,"netpro1form":null,"netprofit":6.101422615E7,"parenetp":6.101422615E7,"mergeformnetprof":null,"minysharrigh":0.0,"netpro2itse":null,"netpro2form":null,"basiceps":0.51,"dilutedeps":0.51,"othercompinco":0.0,"parecompinco":null,"minysharinco":null,"compincoamt":6.101422615E7,"parecompincoamt":6.101422615E7,"minysharincoamt":0.0,"earlyundiprof":null,"undisprofredu":null,"otherinto":null,"otherdistprof":null,"legalsurp":null,"welfare":null,"capitalreserve":null,"staffaward":null,"reservefund":null,"developfund":null,"profreturninvest":null,"supplycurcap":null,"avaidistshareprof":null,"preferredskdiv":null,"freesurplu":null,"dealwithdivi":null,"capitalizeddivi":null,"undisprofit":null,"selldepartgain":null,"natudisasterloss":null,"accpolicychg":null,"accestimatechg":null,"debtrestruloss":null,"othersupply":null},{"compcode":"80155181","publishdate":"20101102","begindate":"20090101","enddate":"20091231","reporttype":"100111","adjustdate":"19000101","accstacode":"2","accstaname":"新会计准则","biztotinco":9.3417473003E8,"bizinco":9.3417473003E8,"inteinco":0.0,"earnprem":0.0,"pouninco":0.0,"realsale":null,"otherbizinco":null,"biztotincoitse":null,"biztotincoform":null,"biztotcost":8.3997198687E8,"bizcost":4.1986442364E8,"inteexpe":0.0,"pounexpe":0.0,"realsalecost":null,"deveexpe":null,"surrgold":0.0,"compnetexpe":0.0,"contress":0.0,"polidiviexpe":0.0,"reinexpe":0.0,"otherbizcost":null,"biztax":1.058723287E7,"salesexpe":3.4031785151E8,"manaexpe":7.00585952E7,"finexpe":-1050872.14,"asseimpaloss":194755.79,"biztotcostitse":null,"biztotcostform":null,"valuechgloss":0.0,"inveinco":0.0,"assoinveprof":0.0,"exchggain":0.0,"futuloss":null,"custinco":null,"subsidyincome":null,"otherbizprof":null,"bizprofitse":null,"operprofform":null,"perprofit":9.420274316E7,"nonoreve":726959.63,"nonoexpe":727883.06,"noncassetsdisl":665337.37,"proftotitse":null,"proftotform":null,"totprofit":9.420181973E7,"incotaxexpe":1.237235451E7,"unreinveloss":null,"netpro1itse":null,"netpro1form":null,"netprofit":8.182946522E7,"parenetp":8.182946522E7,"mergeformnetprof":null,"minysharrigh":0.0,"netpro2itse":null,"netpro2form":null,"basiceps":0.68,"dilutedeps":0.68,"othercompinco":0.0,"parecompinco":null,"minysharinco":null,"compincoamt":8.182946522E7,"parecompincoamt":8.182946522E7,"minysharincoamt":0.0,"earlyundiprof":null,"undisprofredu":null,"otherinto":null,"otherdistprof":null,"legalsurp":null,"welfare":null,"capitalreserve":null,"staffaward":null,"reservefund":null,"developfund":null,"profreturninvest":null,"supplycurcap":null,"avaidistshareprof":null,"preferredskdiv":null,"freesurplu":null,"dealwithdivi":null,"capitalizeddivi":null,"undisprofit":null,"selldepartgain":null,"natudisasterloss":null,"accpolicychg":null,"accestimatechg":null,"debtrestruloss":null,"othersupply":null},{"compcode":"80155181","publishdate":"20101122","begindate":"20090101","enddate":"20090930","reporttype":"100111","adjustdate":"19000101","accstacode":"2","accstaname":"新会计准则","biztotinco":6.256854264E8,"bizinco":6.256854264E8,"inteinco":0.0,"earnprem":0.0,"pouninco":0.0,"realsale":0.0,"otherbizinco":0.0,"biztotincoitse":null,"biztotincoform":null,"biztotcost":5.699876785E8,"bizcost":2.7216352905E8,"inteexpe":0.0,"pounexpe":0.0,"realsalecost":0.0,"deveexpe":0.0,"surrgold":0.0,"compnetexpe":0.0,"contress":0.0,"polidiviexpe":0.0,"reinexpe":0.0,"otherbizcost":0.0,"biztax":7575526.31,"salesexpe":2.4956098029E8,"manaexpe":4.133241322E7,"finexpe":-644770.37,"asseimpaloss":0.0,"biztotcostitse":null,"biztotcostform":null,"valuechgloss":0.0,"inveinco":0.0,"assoinveprof":0.0,"exchggain":0.0,"futuloss":0.0,"custinco":0.0,"subsidyincome":0.0,"otherbizprof":0.0,"bizprofitse":null,"operprofform":null,"perprofit":5.56977479E7,"nonoreve":253922.23,"nonoexpe":41366.87,"noncassetsdisl":0.0,"proftotitse":null,"proftotform":null,"totprofit":5.591030326E7,"incotaxexpe":8214497.46,"unreinveloss":0.0,"netpro1itse":null,"netpro1form":null,"netprofit":4.76958058E7,"parenetp":4.76958058E7,"mergeformnetprof":0.0,"minysharrigh":0.0,"netpro2itse":null,"netpro2form":null,"basiceps":0.4,"dilutedeps":0.0,"othercompinco":0.0,"parecompinco":0.0,"minysharinco":0.0,"compincoamt":0.0,"parecompincoamt":0.0,"minysharincoamt":0.0,"earlyundiprof":null,"undisprofredu":null,"otherinto":null,"otherdistprof":null,"legalsurp":null,"welfare":null,"capitalreserve":null,"staffaward":null,"reservefund":null,"developfund":null,"profreturninvest":null,"supplycurcap":null,"avaidistshareprof":null,"preferredskdiv":null,"freesurplu":null,"dealwithdivi":null,"capitalizeddivi":null,"undisprofit":null,"selldepartgain":null,"natudisasterloss":null,"accpolicychg":null,"accestimatechg":null,"debtrestruloss":null,"othersupply":null},{"compcode":"80155181","publishdate":"20101102","begindate":"20080101","enddate":"20081231","reporttype":"100111","adjustdate":"19000101","accstacode":"2","accstaname":"新会计准则","biztotinco":8.6648532771E8,"bizinco":8.6648532771E8,"inteinco":0.0,"earnprem":0.0,"pouninco":0.0,"realsale":null,"otherbizinco":null,"biztotincoitse":null,"biztotincoform":null,"biztotcost":8.1044208064E8,"bizcost":4.1277170701E8,"inteexpe":0.0,"pounexpe":0.0,"realsalecost":null,"deveexpe":null,"surrgold":0.0,"compnetexpe":0.0,"contress":0.0,"polidiviexpe":0.0,"reinexpe":0.0,"otherbizcost":null,"biztax":6494256.39,"salesexpe":3.3093357244E8,"manaexpe":5.821901761E7,"finexpe":747219.75,"asseimpaloss":1276307.44,"biztotcostitse":null,"biztotcostform":null,"valuechgloss":0.0,"inveinco":5592740.27,"assoinveprof":0.0,"exchggain":0.0,"futuloss":null,"custinco":null,"subsidyincome":null,"otherbizprof":null,"bizprofitse":null,"operprofform":null,"perprofit":6.163598734E7,"nonoreve":3660151.9,"nonoexpe":693076.9,"noncassetsdisl":178070.78,"proftotitse":null,"proftotform":null,"totprofit":6.460306234E7,"incotaxexpe":1.040148629E7,"unreinveloss":null,"netpro1itse":null,"netpro1form":null,"netprofit":5.420157605E7,"parenetp":5.416195501E7,"mergeformnetprof":null,"minysharrigh":39621.04,"netpro2itse":null,"netpro2form":null,"basiceps":0.49,"dilutedeps":0.49,"othercompinco":0.0,"parecompinco":null,"minysharinco":null,"compincoamt":5.420157605E7,"parecompincoamt":5.416195501E7,"minysharincoamt":39621.04,"earlyundiprof":null,"undisprofredu":null,"otherinto":null,"otherdistprof":null,"legalsurp":null,"welfare":null,"capitalreserve":null,"staffaward":null,"reservefund":null,"developfund":null,"profreturninvest":null,"supplycurcap":null,"avaidistshareprof":null,"preferredskdiv":null,"freesurplu":null,"dealwithdivi":null,"capitalizeddivi":null,"undisprofit":null,"selldepartgain":null,"natudisasterloss":null,"accpolicychg":null,"accestimatechg":null,"debtrestruloss":null,"othersupply":null},{"compcode":"80155181","publishdate":"20101102","begindate":"20070101","enddate":"20071231","reporttype":"100111","adjustdate":"19000101","accstacode":"2","accstaname":"新会计准则","biztotinco":7.3842775355E8,"bizinco":7.3842775355E8,"inteinco":0.0,"earnprem":0.0,"pouninco":0.0,"realsale":null,"otherbizinco":null,"biztotincoitse":null,"biztotincoform":null,"biztotcost":6.5869425576E8,"bizcost":3.9007307314E8,"inteexpe":0.0,"pounexpe":0.0,"realsalecost":null,"deveexpe":null,"surrgold":0.0,"compnetexpe":0.0,"contress":0.0,"polidiviexpe":0.0,"reinexpe":0.0,"otherbizcost":null,"biztax":8063386.75,"salesexpe":2.2327917855E8,"manaexpe":3.420865761E7,"finexpe":3490679.08,"asseimpaloss":-420719.37,"biztotcostitse":null,"biztotcostform":null,"valuechgloss":0.0,"inveinco":316765.53,"assoinveprof":0.0,"exchggain":0.0,"futuloss":null,"custinco":null,"subsidyincome":null,"otherbizprof":null,"bizprofitse":null,"operprofform":null,"perprofit":8.005026332E7,"nonoreve":3693849.18,"nonoexpe":1393539.67,"noncassetsdisl":1140583.54,"proftotitse":null,"proftotform":null,"totprofit":8.235057283E7,"incotaxexpe":2.210715975E7,"unreinveloss":null,"netpro1itse":null,"netpro1form":null,"netprofit":6.024341308E7,"parenetp":6.024341308E7,"mergeformnetprof":null,"minysharrigh":0.0,"netpro2itse":null,"netpro2form":null,"basiceps":0.72,"dilutedeps":0.72,"othercompinco":2414200.0,"parecompinco":null,"minysharinco":null,"compincoamt":6.265761308E7,"parecompincoamt":6.265761308E7,"minysharincoamt":0.0,"earlyundiprof":null,"undisprofredu":null,"otherinto":null,"otherdistprof":null,"legalsurp":null,"welfare":null,"capitalreserve":null,"staffaward":null,"reservefund":null,"developfund":null,"profreturninvest":null,"supplycurcap":null,"avaidistshareprof":null,"preferredskdiv":null,"freesurplu":null,"dealwithdivi":null,"capitalizeddivi":null,"undisprofit":null,"selldepartgain":null,"natudisasterloss":null,"accpolicychg":null,"accestimatechg":null,"debtrestruloss":null,"othersupply":null}],"comptype":4,"name":"老板电器"}