{"list":[{"compcode":"80155181","publishdate":"20171026","reportdate":"20170930","reporttype":"100111","adjustdate":"20171026","accstacode":"2","accstaname":"新会计准则","curfds":2.18701363981E9,"tradfinasset":null,"notesrece":1.33034310456E9,"accorece":2.564885727E8,"prep":1.4066175066E8,"premrece":null,"interece":null,"dividrece":null,"otherrece":4.914746255E7,"expotaxrebarece":null,"subsrece":null,"margrece":null,"intelrece":null,"inve":1.11457605186E9,"prepexpe":null,"unseg":null,"expinoncurrasset":null,"othercurrasse":1.50055009888E9,"currassetitse":null,"currasseform":null,"totcurrasset":6.57878068102E9,"lendandloan":null,"avaisellasse":1.27734E8,"holdinvedue":null,"longrece":null,"equiinve":2439982.54,"otherlonginve":null,"inveprop":135055.34,"fixedasseimmo":null,"accudepr":null,"fixedassenetw":null,"fixedasseimpa":null,"fixedassenet":8.2814742486E8,"consprog":1.116540986E7,"engimate":null,"fixedasseclea":null,"prodasse":null,"comasse":null,"hydrasset":null,"intaasset":1.7185286719E8,"deveexpe":null,"goodwill":null,"logprepexpe":1.184810079E7,"tradshartrad":null,"defetaxasset":9.265811883E7,"othernoncasse":2.926581203E7,"noncasseitse":null,"noncasseform":null,"totalnoncassets":1.27524677144E9,"totassetitse":null,"totalasseform":null,"totasset":7.85402745246E9,"shorttermborr":null,"tradfinliab":null,"notespaya":3.099175737E8,"accopaya":7.2329415595E8,"advapaym":1.03150957138E9,"copeworkersal":6998086.91,"taxespaya":1.9997407409E8,"intepaya":null,"divipaya":null,"otherfeepaya":null,"margrequ":null,"intelpay":null,"otherpay":7.5519386867E8,"accrexpe":null,"expecurrliab":null,"copewithreinrece":null,"inteticksett":null,"dometicksett":null,"defereve":null,"shorttermbdspaya":null,"duenoncliab":null,"othercurreliabi":null,"currliabitse":null,"currliabform":null,"totalcurrliab":3.0268873307E9,"longborr":null,"bdspaya":null,"longpaya":null,"specpaya":null,"expenoncliab":null,"longdefeinco":7.239033645E7,"defeincotaxliab":null,"othernoncliabi":null,"longliabitse":null,"longliabform":null,"totalnoncliab":7.239033645E7,"totliabitse":null,"totliabform":null,"totliab":3.09927766715E9,"paidincapi":9.49032825E8,"capisurp":3.9765275782E8,"treastk":2.415301E7,"specrese":null,"rese":4.5925953181E8,"generiskrese":null,"unreinveloss":null,"undiprof":2.97628303452E9,"topaycashdivi":null,"curtrandiff":null,"sharrighitse":null,"sharrightform":null,"paresharrigh":4.75807513915E9,"minysharrigh":-3325353.84,"righaggritse":null,"rightaggrform":null,"righaggr":4.75474978531E9,"rightotitse":null,"rightotform":null,"totliabsharequi":7.85402745246E9,"settresedepo":null,"plac":null,"derifinaasset":null,"reinrece":null,"reincontrese":null,"purcresaasset":null,"cenbankborr":null,"deposit":null,"fdsborr":null,"deriliab":null,"sellrepasse":null,"copepoun":null,"insucontrese":null,"actitradsecu":null,"actiundesecu":null},{"compcode":"80155181","publishdate":"20170727","reportdate":"20170630","reporttype":"100111","adjustdate":"20170727","accstacode":"2","accstaname":"新会计准则","curfds":3.01578352172E9,"tradfinasset":null,"notesrece":9.7350145234E8,"accorece":3.1595538143E8,"prep":8.157493289E7,"premrece":null,"interece":null,"dividrece":null,"otherrece":4.976582295E7,"expotaxrebarece":null,"subsrece":null,"margrece":null,"intelrece":null,"inve":1.10515687998E9,"prepexpe":null,"unseg":null,"expinoncurrasset":null,"othercurrasse":6.0E8,"currassetitse":null,"currasseform":null,"totcurrasset":6.14173799131E9,"lendandloan":null,"avaisellasse":1.27734E8,"holdinvedue":null,"longrece":null,"equiinve":1611017.69,"otherlonginve":null,"inveprop":135055.34,"fixedasseimmo":1.13755496236E9,"accudepr":2.9613235045E8,"fixedassenetw":8.4142261191E8,"fixedasseimpa":null,"fixedassenet":8.4142261191E8,"consprog":2867470.97,"engimate":null,"fixedasseclea":null,"prodasse":null,"comasse":null,"hydrasset":null,"intaasset":1.727473325E8,"deveexpe":null,"goodwill":null,"logprepexpe":49528.32,"tradshartrad":null,"defetaxasset":8.484980058E7,"othernoncasse":2.0616285E7,"noncasseitse":null,"noncasseform":null,"totalnoncassets":1.25203310231E9,"totassetitse":null,"totalasseform":null,"totasset":7.39377109362E9,"shorttermborr":null,"tradfinliab":null,"notespaya":1.1368413128E8,"accopaya":9.3205806061E8,"advapaym":1.00224596316E9,"copeworkersal":6766699.54,"taxespaya":2.0898687647E8,"intepaya":null,"divipaya":null,"otherfeepaya":null,"margrequ":null,"intelpay":null,"otherpay":6.6703688459E8,"accrexpe":null,"expecurrliab":null,"copewithreinrece":null,"inteticksett":null,"dometicksett":null,"defereve":null,"shorttermbdspaya":null,"duenoncliab":null,"othercurreliabi":null,"currliabitse":null,"currliabform":null,"totalcurrliab":2.93077861565E9,"longborr":null,"bdspaya":null,"longpaya":null,"specpaya":null,"expenoncliab":null,"longdefeinco":7.285972465E7,"defeincotaxliab":null,"othernoncliabi":null,"longliabitse":null,"longliabform":null,"totalnoncliab":7.285972465E7,"totliabitse":null,"totliabform":null,"totliab":3.0036383403E9,"paidincapi":9.49032825E8,"capisurp":3.9570700801E8,"treastk":2.415301E7,"specrese":null,"rese":4.2352537934E8,"generiskrese":null,"unreinveloss":null,"undiprof":2.6493415176E9,"topaycashdivi":null,"curtrandiff":null,"sharrighitse":null,"sharrightform":null,"paresharrigh":4.39345371995E9,"minysharrigh":-3320966.63,"righaggritse":null,"rightaggrform":null,"righaggr":4.39013275332E9,"rightotitse":null,"rightotform":null,"totliabsharequi":7.39377109362E9,"settresedepo":null,"plac":null,"derifinaasset":null,"reinrece":null,"reincontrese":null,"purcresaasset":null,"cenbankborr":null,"deposit":null,"fdsborr":null,"deriliab":null,"sellrepasse":null,"copepoun":null,"insucontrese":null,"actitradsecu":null,"actiundesecu":null},{"compcode":"80155181","publishdate":"20170426","reportdate":"20170331","reporttype":"100111","adjustdate":"20170426","accstacode":"2","accstaname":"新会计准则","curfds":3.63201810748E9,"tradfinasset":null,"notesrece":8.5573680811E8,"accorece":2.4910348041E8,"prep":8.756790383E7,"premrece":null,"interece":null,"dividrece":null,"otherrece":3.430352402E7,"expotaxrebarece":null,"subsrece":null,"margrece":null,"intelrece":null,"inve":9.4730291748E8,"prepexpe":null,"unseg":null,"expinoncurrasset":null,"othercurrasse":null,"currassetitse":null,"currasseform":null,"totcurrasset":5.80603274133E9,"lendandloan":null,"avaisellasse":2.7734E7,"holdinvedue":null,"longrece":null,"equiinve":2444281.78,"otherlonginve":null,"inveprop":137302.04,"fixedasseimmo":null,"accudepr":null,"fixedassenetw":null,"fixedasseimpa":null,"fixedassenet":8.4367678554E8,"consprog":5945376.94,"engimate":null,"fixedasseclea":null,"prodasse":null,"comasse":null,"hydrasset":null,"intaasset":9.51537583E7,"deveexpe":null,"goodwill":null,"logprepexpe":57783.15,"tradshartrad":null,"defetaxasset":6.31518414E7,"othernoncasse":1.212232E7,"noncasseitse":null,"noncasseform":null,"totalnoncassets":1.05042344915E9,"totassetitse":null,"totalasseform":null,"totasset":6.85645619048E9,"shorttermborr":null,"tradfinliab":null,"notespaya":1.190415583E7,"accopaya":6.95471646E8,"advapaym":9.962438252E8,"copeworkersal":9187483.94,"taxespaya":1.4546174212E8,"intepaya":null,"divipaya":null,"otherfeepaya":null,"margrequ":null,"intelpay":null,"otherpay":5.2613129468E8,"accrexpe":null,"expecurrliab":null,"copewithreinrece":null,"inteticksett":null,"dometicksett":null,"defereve":null,"shorttermbdspaya":null,"duenoncliab":null,"othercurreliabi":null,"currliabitse":null,"currliabform":null,"totalcurrliab":2.38440014777E9,"longborr":null,"bdspaya":null,"longpaya":null,"specpaya":null,"expenoncliab":null,"longdefeinco":7.336201847E7,"defeincotaxliab":null,"othernoncliabi":null,"longliabitse":null,"longliabform":null,"totalnoncliab":7.336201847E7,"totliabitse":null,"totliabform":null,"totliab":2.45776216624E9,"paidincapi":7.3002525E8,"capisurp":6.127688332E8,"treastk":3.24835E7,"specrese":null,"rese":3.65028375E8,"generiskrese":null,"unreinveloss":null,"undiprof":2.72666992271E9,"topaycashdivi":null,"curtrandiff":null,"sharrighitse":null,"sharrightform":null,"paresharrigh":4.40200888091E9,"minysharrigh":-3314856.67,"righaggritse":null,"rightaggrform":null,"righaggr":4.39869402424E9,"rightotitse":null,"rightotform":null,"totliabsharequi":6.85645619048E9,"settresedepo":null,"plac":null,"derifinaasset":null,"reinrece":null,"reincontrese":null,"purcresaasset":null,"cenbankborr":null,"deposit":null,"fdsborr":null,"deriliab":null,"sellrepasse":null,"copepoun":null,"insucontrese":null,"actitradsecu":null,"actiundesecu":null},{"compcode":"80155181","publishdate":"20170330","reportdate":"20161231","reporttype":"100111","adjustdate":"20170330","accstacode":"2","accstaname":"新会计准则","curfds":3.44840931249E9,"tradfinasset":null,"notesrece":6.3752924041E8,"accorece":3.3159520269E8,"prep":3.282837281E7,"premrece":null,"interece":null,"dividrece":null,"otherrece":1.432332341E7,"expotaxrebarece":null,"subsrece":null,"margrece":null,"intelrece":null,"inve":9.1449296618E8,"prepexpe":null,"unseg":null,"expinoncurrasset":null,"othercurrasse":1.742720042E7,"currassetitse":null,"currasseform":null,"totcurrasset":5.39660561841E9,"lendandloan":null,"avaisellasse":2.7734E7,"holdinvedue":null,"longrece":null,"equiinve":817886.59,"otherlonginve":null,"inveprop":139548.74,"fixedasseimmo":1.11039787193E9,"accudepr":2.582044814E8,"fixedassenetw":8.5219339053E8,"fixedasseimpa":null,"fixedassenet":8.5219339053E8,"consprog":null,"engimate":null,"fixedasseclea":null,"prodasse":null,"comasse":null,"hydrasset":null,"intaasset":9.706286998E7,"deveexpe":null,"goodwill":null,"logprepexpe":66855.54,"tradshartrad":null,"defetaxasset":1.70653716E7,"othernoncasse":2.351696512E7,"noncasseitse":null,"noncasseform":null,"totalnoncassets":1.0185968881E9,"totassetitse":null,"totalasseform":null,"totasset":6.41520250651E9,"shorttermborr":null,"tradfinliab":null,"notespaya":null,"accopaya":9.1085444711E8,"advapaym":8.4032852614E8,"copeworkersal":9.087289204E7,"taxespaya":1.5246233526E8,"intepaya":null,"divipaya":null,"otherfeepaya":null,"margrequ":null,"intelpay":null,"otherpay":2.3616574903E8,"accrexpe":null,"expecurrliab":null,"copewithreinrece":null,"inteticksett":null,"dometicksett":null,"defereve":null,"shorttermbdspaya":null,"duenoncliab":null,"othercurreliabi":null,"currliabitse":null,"currliabform":null,"totalcurrliab":2.23068394958E9,"longborr":null,"bdspaya":null,"longpaya":null,"specpaya":null,"expenoncliab":null,"longdefeinco":5.92736416E7,"defeincotaxliab":null,"othernoncliabi":null,"longliabitse":null,"longliabform":null,"totalnoncliab":5.92736416E7,"totliabitse":null,"totliabform":null,"totliab":2.28995759118E9,"paidincapi":7.3005675E8,"capisurp":6.1050607597E8,"treastk":5.212928E7,"specrese":null,"rese":3.65028375E8,"generiskrese":null,"unreinveloss":null,"undiprof":2.47509320965E9,"topaycashdivi":null,"curtrandiff":null,"sharrighitse":null,"sharrightform":null,"paresharrigh":4.12855513062E9,"minysharrigh":-3310215.29,"righaggritse":null,"rightaggrform":null,"righaggr":4.12524491533E9,"rightotitse":null,"rightotform":null,"totliabsharequi":6.41520250651E9,"settresedepo":null,"plac":null,"derifinaasset":null,"reinrece":null,"reincontrese":null,"purcresaasset":null,"cenbankborr":null,"deposit":null,"fdsborr":null,"deriliab":null,"sellrepasse":null,"copepoun":null,"insucontrese":null,"actitradsecu":null,"actiundesecu":null},{"compcode":"80155181","publishdate":"20161021","reportdate":"20160930","reporttype":"100111","adjustdate":"20161021","accstacode":"2","accstaname":"新会计准则","curfds":3.11232514082E9,"tradfinasset":null,"notesrece":7.1383723873E8,"accorece":2.5228155618E8,"prep":7.900005814E7,"premrece":null,"interece":null,"dividrece":null,"otherrece":2.036379916E7,"expotaxrebarece":null,"subsrece":null,"margrece":null,"intelrece":null,"inve":9.4966688141E8,"prepexpe":null,"unseg":null,"expinoncurrasset":null,"othercurrasse":null,"currassetitse":null,"currasseform":null,"totcurrasset":5.12747467444E9,"lendandloan":null,"avaisellasse":2.7734E7,"holdinvedue":null,"longrece":null,"equiinve":null,"otherlonginve":null,"inveprop":144042.14,"fixedasseimmo":null,"accudepr":null,"fixedassenetw":null,"fixedasseimpa":null,"fixedassenet":8.4764254978E8,"consprog":null,"engimate":null,"fixedasseclea":null,"prodasse":null,"comasse":null,"hydrasset":null,"intaasset":9.478854062E7,"deveexpe":null,"goodwill":null,"logprepexpe":10385.45,"tradshartrad":null,"defetaxasset":8.030544083E7,"othernoncasse":1.731982E7,"noncasseitse":null,"noncasseform":null,"totalnoncassets":1.06794477882E9,"totassetitse":null,"totalasseform":null,"totasset":6.19541945326E9,"shorttermborr":null,"tradfinliab":null,"notespaya":null,"accopaya":7.6984291656E8,"advapaym":9.1814059723E8,"copeworkersal":547211.08,"taxespaya":1.627869304E8,"intepaya":null,"divipaya":null,"otherfeepaya":null,"margrequ":null,"intelpay":null,"otherpay":7.1723256739E8,"accrexpe":null,"expecurrliab":null,"copewithreinrece":null,"inteticksett":null,"dometicksett":null,"defereve":null,"shorttermbdspaya":null,"duenoncliab":null,"othercurreliabi":null,"currliabitse":null,"currliabform":null,"totalcurrliab":2.56855022266E9,"longborr":null,"bdspaya":null,"longpaya":null,"specpaya":null,"expenoncliab":null,"longdefeinco":2.076961844E7,"defeincotaxliab":null,"othernoncliabi":null,"longliabitse":null,"longliabform":null,"totalnoncliab":2.076961844E7,"totliabitse":null,"totliabform":null,"totliab":2.5893198411E9,"paidincapi":7.3005675E8,"capisurp":6.0121866298E8,"treastk":5.647248E7,"specrese":null,"rese":3.1172446038E8,"generiskrese":null,"unreinveloss":null,"undiprof":2.02287763157E9,"topaycashdivi":null,"curtrandiff":null,"sharrighitse":null,"sharrightform":null,"paresharrigh":3.60940502493E9,"minysharrigh":-3305412.77,"righaggritse":null,"rightaggrform":null,"righaggr":3.60609961216E9,"rightotitse":null,"rightotform":null,"totliabsharequi":6.19541945326E9,"settresedepo":null,"plac":null,"derifinaasset":null,"reinrece":null,"reincontrese":null,"purcresaasset":null,"cenbankborr":null,"deposit":null,"fdsborr":null,"deriliab":null,"sellrepasse":null,"copepoun":null,"insucontrese":null,"actitradsecu":null,"actiundesecu":null},{"compcode":"80155181","publishdate":"20160727","reportdate":"20160630","reporttype":"100111","adjustdate":"20160727","accstacode":"2","accstaname":"新会计准则","curfds":2.70610857727E9,"tradfinasset":null,"notesrece":6.7067861851E8,"accorece":3.1910936524E8,"prep":6.862049171E7,"premrece":null,"interece":null,"dividrece":null,"otherrece":1.742675705E7,"expotaxrebarece":null,"subsrece":null,"margrece":null,"intelrece":null,"inve":8.5295184327E8,"prepexpe":null,"unseg":null,"expinoncurrasset":null,"othercurrasse":127819.53,"currassetitse":null,"currasseform":null,"totcurrasset":4.63502347258E9,"lendandloan":null,"avaisellasse":2.7734E7,"holdinvedue":null,"longrece":null,"equiinve":null,"otherlonginve":null,"inveprop":144042.14,"fixedasseimmo":1.07184399924E9,"accudepr":2.232492642E8,"fixedassenetw":8.4859473504E8,"fixedasseimpa":null,"fixedassenet":8.4859473504E8,"consprog":null,"engimate":null,"fixedasseclea":null,"prodasse":null,"comasse":null,"hydrasset":null,"intaasset":9.578733251E7,"deveexpe":null,"goodwill":null,"logprepexpe":19953.14,"tradshartrad":null,"defetaxasset":6.682538845E7,"othernoncasse":1.919532E7,"noncasseitse":null,"noncasseform":null,"totalnoncassets":1.05830077128E9,"totassetitse":null,"totalasseform":null,"totasset":5.69332424386E9,"shorttermborr":null,"tradfinliab":null,"notespaya":null,"accopaya":7.3259879832E8,"advapaym":8.6008723397E8,"copeworkersal":517812.5,"taxespaya":1.5836506639E8,"intepaya":null,"divipaya":null,"otherfeepaya":null,"margrequ":null,"intelpay":null,"otherpay":6.0412280913E8,"accrexpe":null,"expecurrliab":null,"copewithreinrece":null,"inteticksett":null,"dometicksett":null,"defereve":null,"shorttermbdspaya":null,"duenoncliab":null,"othercurreliabi":null,"currliabitse":null,"currliabform":null,"totalcurrliab":2.35569172031E9,"longborr":null,"bdspaya":null,"longpaya":null,"specpaya":null,"expenoncliab":null,"longdefeinco":1.353073941E7,"defeincotaxliab":null,"othernoncliabi":null,"longliabitse":null,"longliabform":null,"totalnoncliab":1.353073941E7,"totliabitse":null,"totliabform":null,"totliab":2.36922245972E9,"paidincapi":7.3005675E8,"capisurp":5.9769154969E8,"treastk":5.647248E7,"specrese":null,"rese":2.8485062224E8,"generiskrese":null,"unreinveloss":null,"undiprof":1.77127576523E9,"topaycashdivi":null,"curtrandiff":null,"sharrighitse":null,"sharrightform":null,"paresharrigh":3.32740220716E9,"minysharrigh":-3300423.02,"righaggritse":null,"rightaggrform":null,"righaggr":3.32410178414E9,"rightotitse":null,"rightotform":null,"totliabsharequi":5.69332424386E9,"settresedepo":null,"plac":null,"derifinaasset":null,"reinrece":null,"reincontrese":null,"purcresaasset":null,"cenbankborr":null,"deposit":null,"fdsborr":null,"deriliab":null,"sellrepasse":null,"copepoun":null,"insucontrese":null,"actitradsecu":null,"actiundesecu":null},{"compcode":"80155181","publishdate":"20160426","reportdate":"20160331","reporttype":"100111","adjustdate":"20160426","accstacode":"2","accstaname":"新会计准则","curfds":2.46284680499E9,"tradfinasset":null,"notesrece":6.8591639639E8,"accorece":2.1830883864E8,"prep":5.505700904E7,"premrece":null,"interece":null,"dividrece":null,"otherrece":1.690992911E7,"expotaxrebarece":null,"subsrece":null,"margrece":null,"intelrece":null,"inve":7.7536665756E8,"prepexpe":null,"unseg":null,"expinoncurrasset":null,"othercurrasse":985477.84,"currassetitse":null,"currasseform":null,"totcurrasset":4.21539111357E9,"lendandloan":null,"avaisellasse":2.7734E7,"holdinvedue":null,"longrece":null,"equiinve":null,"otherlonginve":null,"inveprop":148535.54,"fixedasseimmo":null,"accudepr":null,"fixedassenetw":null,"fixedasseimpa":null,"fixedassenet":8.6348185411E8,"consprog":null,"engimate":null,"fixedasseclea":null,"prodasse":null,"comasse":null,"hydrasset":null,"intaasset":9.458180931E7,"deveexpe":null,"goodwill":null,"logprepexpe":29520.83,"tradshartrad":null,"defetaxasset":3.326720332E7,"othernoncasse":1.650184E7,"noncasseitse":null,"noncasseform":null,"totalnoncassets":1.03574476311E9,"totassetitse":null,"totalasseform":null,"totasset":5.25113587668E9,"shorttermborr":null,"tradfinliab":null,"notespaya":null,"accopaya":6.4972332986E8,"advapaym":7.5623741728E8,"copeworkersal":494268.05,"taxespaya":9.444210082E7,"intepaya":null,"divipaya":null,"otherfeepaya":null,"margrequ":null,"intelpay":null,"otherpay":3.7558191825E8,"accrexpe":null,"expecurrliab":null,"copewithreinrece":null,"inteticksett":null,"dometicksett":null,"defereve":null,"shorttermbdspaya":null,"duenoncliab":null,"othercurreliabi":null,"currliabitse":null,"currliabform":null,"totalcurrliab":1.87647903426E9,"longborr":null,"bdspaya":null,"longpaya":null,"specpaya":null,"expenoncliab":null,"longdefeinco":8084497.1,"defeincotaxliab":null,"othernoncliabi":null,"longliabitse":null,"longliabform":null,"totalnoncliab":8084497.1,"totliabitse":null,"totliabform":null,"totliab":1.88456353136E9,"paidincapi":4.86715E8,"capisurp":8.3775903244E8,"treastk":4.29786E7,"specrese":null,"rese":2.433575E8,"generiskrese":null,"unreinveloss":null,"undiprof":1.84501486111E9,"topaycashdivi":null,"curtrandiff":null,"sharrighitse":null,"sharrightform":null,"paresharrigh":3.36986779355E9,"minysharrigh":-3295448.23,"righaggritse":null,"rightaggrform":null,"righaggr":3.36657234532E9,"rightotitse":null,"rightotform":null,"totliabsharequi":5.25113587668E9,"settresedepo":null,"plac":null,"derifinaasset":null,"reinrece":null,"reincontrese":null,"purcresaasset":null,"cenbankborr":null,"deposit":null,"fdsborr":null,"deriliab":null,"sellrepasse":null,"copepoun":null,"insucontrese":null,"actitradsecu":null,"actiundesecu":null},{"compcode":"80155181","publishdate":"20160408","reportdate":"20151231","reporttype":"100111","adjustdate":"20160408","accstacode":"2","accstaname":"新会计准则","curfds":2.32321849206E9,"tradfinasset":null,"notesrece":6.1373276701E8,"accorece":3.2038766189E8,"prep":2.035506338E7,"premrece":null,"interece":null,"dividrece":null,"otherrece":1.119103545E7,"expotaxrebarece":null,"subsrece":null,"margrece":null,"intelrece":null,"inve":7.2157304403E8,"prepexpe":null,"unseg":null,"expinoncurrasset":null,"othercurrasse":88001.85,"currassetitse":null,"currasseform":null,"totcurrasset":4.01054606567E9,"lendandloan":null,"avaisellasse":2.7734E7,"holdinvedue":null,"longrece":null,"equiinve":null,"otherlonginve":null,"inveprop":148535.54,"fixedasseimmo":1.06262345278E9,"accudepr":1.9063328189E8,"fixedassenetw":8.7199017089E8,"fixedasseimpa":null,"fixedassenet":8.7199017089E8,"consprog":null,"engimate":null,"fixedasseclea":null,"prodasse":null,"comasse":null,"hydrasset":null,"intaasset":9.610459777E7,"deveexpe":null,"goodwill":null,"logprepexpe":39088.52,"tradshartrad":null,"defetaxasset":8808774.19,"othernoncasse":1.127121E7,"noncasseitse":null,"noncasseform":null,"totalnoncassets":1.01609637691E9,"totassetitse":null,"totalasseform":null,"totasset":5.02664244258E9,"shorttermborr":null,"tradfinliab":null,"notespaya":null,"accopaya":9.6424672778E8,"advapaym":5.2455189338E8,"copeworkersal":4.287229775E7,"taxespaya":9.911047257E7,"intepaya":null,"divipaya":null,"otherfeepaya":null,"margrequ":null,"intelpay":null,"otherpay":2.2118940151E8,"accrexpe":null,"expecurrliab":null,"copewithreinrece":null,"inteticksett":null,"dometicksett":null,"defereve":null,"shorttermbdspaya":null,"duenoncliab":null,"othercurreliabi":null,"currliabitse":null,"currliabform":null,"totalcurrliab":1.85197079299E9,"longborr":null,"bdspaya":null,"longpaya":null,"specpaya":null,"expenoncliab":null,"longdefeinco":8385163.79,"defeincotaxliab":null,"othernoncliabi":null,"longliabitse":null,"longliabform":null,"totalnoncliab":8385163.79,"totliabitse":null,"totliabform":null,"totliab":1.86035595678E9,"paidincapi":4.86075E8,"capisurp":8.1958979972E8,"treastk":6.1398E7,"specrese":null,"rese":2.430375E8,"generiskrese":null,"unreinveloss":null,"undiprof":1.68227290598E9,"topaycashdivi":null,"curtrandiff":null,"sharrighitse":null,"sharrightform":null,"paresharrigh":3.1695772057E9,"minysharrigh":-3290719.9,"righaggritse":null,"rightaggrform":null,"righaggr":3.1662864858E9,"rightotitse":null,"rightotform":null,"totliabsharequi":5.02664244258E9,"settresedepo":null,"plac":null,"derifinaasset":null,"reinrece":null,"reincontrese":null,"purcresaasset":null,"cenbankborr":null,"deposit":null,"fdsborr":null,"deriliab":null,"sellrepasse":null,"copepoun":null,"insucontrese":null,"actitradsecu":null,"actiundesecu":null},{"compcode":"80155181","publishdate":"20151022","reportdate":"20150930","reporttype":"100111","adjustdate":"20151022","accstacode":"2","accstaname":"新会计准则","curfds":2.027552215E9,"tradfinasset":null,"notesrece":6.5935997831E8,"accorece":2.5426900189E8,"prep":9.495601638E7,"premrece":null,"interece":null,"dividrece":null,"otherrece":1.288109653E7,"expotaxrebarece":null,"subsrece":null,"margrece":null,"intelrece":null,"inve":6.5884429474E8,"prepexpe":null,"unseg":null,"expinoncurrasset":null,"othercurrasse":400747.39,"currassetitse":null,"currasseform":null,"totcurrasset":3.70826335024E9,"lendandloan":null,"avaisellasse":null,"holdinvedue":null,"longrece":null,"equiinve":1.47E7,"otherlonginve":null,"inveprop":55381.84,"fixedasseimmo":null,"accudepr":null,"fixedassenetw":null,"fixedasseimpa":null,"fixedassenet":3.4897779881E8,"consprog":3.0008745681E8,"engimate":null,"fixedasseclea":null,"prodasse":null,"comasse":null,"hydrasset":null,"intaasset":9.219113096E7,"deveexpe":null,"goodwill":null,"logprepexpe":70841.26,"tradshartrad":null,"defetaxasset":5.735140609E7,"othernoncasse":3.13349E7,"noncasseitse":null,"noncasseform":null,"totalnoncassets":8.4476891577E8,"totassetitse":null,"totalasseform":null,"totasset":4.55303226601E9,"shorttermborr":null,"tradfinliab":null,"notespaya":null,"accopaya":4.8927571969E8,"advapaym":5.6957224495E8,"copeworkersal":628046.78,"taxespaya":1.150560052E8,"intepaya":null,"divipaya":null,"otherfeepaya":null,"margrequ":null,"intelpay":null,"otherpay":4.8867688721E8,"accrexpe":null,"expecurrliab":null,"copewithreinrece":null,"inteticksett":null,"dometicksett":null,"defereve":null,"shorttermbdspaya":null,"duenoncliab":null,"othercurreliabi":null,"currliabitse":null,"currliabform":null,"totalcurrliab":1.66320890383E9,"longborr":null,"bdspaya":null,"longpaya":null,"specpaya":null,"expenoncliab":null,"longdefeinco":1.018583048E7,"defeincotaxliab":null,"othernoncliabi":null,"longliabitse":null,"longliabform":null,"totalnoncliab":1.018583048E7,"totliabitse":null,"totliabform":null,"totliab":1.67339473431E9,"paidincapi":4.86075E8,"capisurp":8.1390199972E8,"treastk":null,"specrese":null,"rese":2.1304795522E8,"generiskrese":null,"unreinveloss":null,"undiprof":1.36990718596E9,"topaycashdivi":null,"curtrandiff":null,"sharrighitse":null,"sharrightform":null,"paresharrigh":2.8829321409E9,"minysharrigh":-3294609.2,"righaggritse":null,"rightaggrform":null,"righaggr":2.8796375317E9,"rightotitse":null,"rightotform":null,"totliabsharequi":4.55303226601E9,"settresedepo":null,"plac":null,"derifinaasset":null,"reinrece":null,"reincontrese":null,"purcresaasset":null,"cenbankborr":null,"deposit":null,"fdsborr":null,"deriliab":null,"sellrepasse":null,"copepoun":null,"insucontrese":null,"actitradsecu":null,"actiundesecu":null},{"compcode":"80155181","publishdate":"20150723","reportdate":"20150630","reporttype":"100111","adjustdate":"20150723","accstacode":"2","accstaname":"新会计准则","curfds":1.82844129253E9,"tradfinasset":null,"notesrece":5.4786445374E8,"accorece":3.1740339993E8,"prep":9.331799934E7,"premrece":null,"interece":null,"dividrece":null,"otherrece":1.288813638E7,"expotaxrebarece":null,"subsrece":null,"margrece":null,"intelrece":null,"inve":5.8912195048E8,"prepexpe":null,"unseg":null,"expinoncurrasset":null,"othercurrasse":621083.27,"currassetitse":null,"currasseform":null,"totcurrasset":3.38965831567E9,"lendandloan":null,"avaisellasse":null,"holdinvedue":null,"longrece":null,"equiinve":null,"otherlonginve":null,"inveprop":55381.84,"fixedasseimmo":4.9131125132E8,"accudepr":1.6777542584E8,"fixedassenetw":3.2353582548E8,"fixedasseimpa":null,"fixedassenet":3.2353582548E8,"consprog":2.5368570362E8,"engimate":null,"fixedasseclea":null,"prodasse":null,"comasse":null,"hydrasset":null,"intaasset":9.113383942E7,"deveexpe":null,"goodwill":null,"logprepexpe":102594.16,"tradshartrad":null,"defetaxasset":4.312748863E7,"othernoncasse":4.977868854E7,"noncasseitse":null,"noncasseform":null,"totalnoncassets":7.6141952169E8,"totassetitse":null,"totalasseform":null,"totasset":4.15107783736E9,"shorttermborr":null,"tradfinliab":null,"notespaya":null,"accopaya":4.6736765632E8,"advapaym":4.6688650469E8,"copeworkersal":3545805.84,"taxespaya":1.2455659363E8,"intepaya":null,"divipaya":null,"otherfeepaya":null,"margrequ":null,"intelpay":null,"otherpay":3.8760044652E8,"accrexpe":null,"expecurrliab":null,"copewithreinrece":null,"inteticksett":null,"dometicksett":null,"defereve":null,"shorttermbdspaya":null,"duenoncliab":null,"othercurreliabi":null,"currliabitse":null,"currliabform":null,"totalcurrliab":1.449957007E9,"longborr":null,"bdspaya":null,"longpaya":null,"specpaya":null,"expenoncliab":null,"longdefeinco":8986497.17,"defeincotaxliab":null,"othernoncliabi":null,"longliabitse":null,"longliabform":null,"totalnoncliab":8986497.17,"totliabitse":null,"totliabform":null,"totliab":1.45894350417E9,"paidincapi":4.86075E8,"capisurp":8.0821429972E8,"treastk":null,"specrese":null,"rese":1.6414150549E8,"generiskrese":null,"unreinveloss":null,"undiprof":1.23726745068E9,"topaycashdivi":null,"curtrandiff":null,"sharrighitse":null,"sharrightform":null,"paresharrigh":2.69569825589E9,"minysharrigh":-3563922.7,"righaggritse":null,"rightaggrform":null,"righaggr":2.69213433319E9,"rightotitse":null,"rightotform":null,"totliabsharequi":4.15107783736E9,"settresedepo":null,"plac":null,"derifinaasset":null,"reinrece":null,"reincontrese":null,"purcresaasset":null,"cenbankborr":null,"deposit":null,"fdsborr":null,"deriliab":null,"sellrepasse":null,"copepoun":null,"insucontrese":null,"actitradsecu":null,"actiundesecu":null},{"compcode":"80155181","publishdate":"20150424","reportdate":"20150331","reporttype":"100111","adjustdate":"20150424","accstacode":"2","accstaname":"新会计准则","curfds":1.59192659465E9,"tradfinasset":null,"notesrece":5.8371123232E8,"accorece":2.235865676E8,"prep":1.1326201253E8,"premrece":null,"interece":null,"dividrece":null,"otherrece":1.463180076E7,"expotaxrebarece":null,"subsrece":null,"margrece":null,"intelrece":null,"inve":5.7344179987E8,"prepexpe":null,"unseg":null,"expinoncurrasset":15920.0,"othercurrasse":438718.51,"currassetitse":null,"currasseform":null,"totcurrasset":3.10101464624E9,"lendandloan":null,"avaisellasse":null,"holdinvedue":null,"longrece":null,"equiinve":null,"otherlonginve":null,"inveprop":57499.72,"fixedasseimmo":null,"accudepr":null,"fixedassenetw":null,"fixedasseimpa":null,"fixedassenet":3.0974689463E8,"consprog":2.3209596291E8,"engimate":null,"fixedasseclea":null,"prodasse":null,"comasse":null,"hydrasset":null,"intaasset":9.090990643E7,"deveexpe":null,"goodwill":null,"logprepexpe":143097.07,"tradshartrad":null,"defetaxasset":2.561955977E7,"othernoncasse":2.250555E7,"noncasseitse":null,"noncasseform":null,"totalnoncassets":6.8107847053E8,"totassetitse":null,"totalasseform":null,"totasset":3.78209311677E9,"shorttermborr":null,"tradfinliab":null,"notespaya":null,"accopaya":4.0661000064E8,"advapaym":3.722683208E8,"copeworkersal":1591322.47,"taxespaya":8.549837906E7,"intepaya":null,"divipaya":null,"otherfeepaya":null,"margrequ":null,"intelpay":null,"otherpay":2.4511677043E8,"accrexpe":null,"expecurrliab":null,"copewithreinrece":null,"inteticksett":null,"dometicksett":null,"defereve":null,"shorttermbdspaya":null,"duenoncliab":null,"othercurreliabi":240164.2,"currliabitse":null,"currliabform":null,"totalcurrliab":1.1113249576E9,"longborr":null,"bdspaya":null,"longpaya":null,"specpaya":null,"expenoncliab":null,"longdefeinco":9287163.86,"defeincotaxliab":null,"othernoncliabi":null,"longliabitse":null,"longliabform":null,"totalnoncliab":9287163.86,"totliabitse":null,"totliabform":null,"totliab":1.12061212146E9,"paidincapi":3.2405E8,"capisurp":9.6455159972E8,"treastk":null,"specrese":null,"rese":1.6414150549E8,"generiskrese":null,"unreinveloss":null,"undiprof":1.21130160468E9,"topaycashdivi":null,"curtrandiff":null,"sharrighitse":null,"sharrightform":null,"paresharrigh":2.66404470989E9,"minysharrigh":-2563714.58,"righaggritse":null,"rightaggrform":null,"righaggr":2.66148099531E9,"rightotitse":null,"rightotform":null,"totliabsharequi":3.78209311677E9,"settresedepo":null,"plac":null,"derifinaasset":null,"reinrece":null,"reincontrese":null,"purcresaasset":null,"cenbankborr":null,"deposit":null,"fdsborr":null,"deriliab":null,"sellrepasse":null,"copepoun":null,"insucontrese":null,"actitradsecu":null,"actiundesecu":null},{"compcode":"80155181","publishdate":"20150410","reportdate":"20141231","reporttype":"100111","adjustdate":"20150410","accstacode":"2","accstaname":"新会计准则","curfds":1.60727966623E9,"tradfinasset":null,"notesrece":4.8258665674E8,"accorece":3.0405082306E8,"prep":3.88153327E7,"premrece":null,"interece":null,"dividrece":null,"otherrece":1.096557294E7,"expotaxrebarece":null,"subsrece":null,"margrece":null,"intelrece":null,"inve":5.5374242112E8,"prepexpe":null,"unseg":null,"expinoncurrasset":null,"othercurrasse":901142.39,"currassetitse":null,"currasseform":null,"totcurrasset":2.99834161518E9,"lendandloan":null,"avaisellasse":null,"holdinvedue":null,"longrece":null,"equiinve":null,"otherlonginve":null,"inveprop":57499.72,"fixedasseimmo":4.6771155234E8,"accudepr":1.5098765237E8,"fixedassenetw":3.1672389997E8,"fixedasseimpa":null,"fixedassenet":3.1672389997E8,"consprog":1.9817677024E8,"engimate":null,"fixedasseclea":null,"prodasse":null,"comasse":null,"hydrasset":null,"intaasset":9.110107255E7,"deveexpe":null,"goodwill":null,"logprepexpe":408035.47,"tradshartrad":null,"defetaxasset":5567435.17,"othernoncasse":1.54562E7,"noncasseitse":null,"noncasseform":null,"totalnoncassets":6.2749091312E8,"totassetitse":null,"totalasseform":null,"totasset":3.6258325283E9,"shorttermborr":null,"tradfinliab":null,"notespaya":null,"accopaya":6.0115082379E8,"advapaym":3.1237924233E8,"copeworkersal":3.501227306E7,"taxespaya":7.801202625E7,"intepaya":null,"divipaya":null,"otherfeepaya":null,"margrequ":null,"intelpay":null,"otherpay":1.0828822037E8,"accrexpe":null,"expecurrliab":null,"copewithreinrece":null,"inteticksett":null,"dometicksett":null,"defereve":null,"shorttermbdspaya":null,"duenoncliab":null,"othercurreliabi":null,"currliabitse":null,"currliabform":null,"totalcurrliab":1.1348425858E9,"longborr":null,"bdspaya":null,"longpaya":null,"specpaya":null,"expenoncliab":null,"longdefeinco":9587830.55,"defeincotaxliab":null,"othernoncliabi":null,"longliabitse":null,"longliabform":null,"totalnoncliab":9587830.55,"totliabitse":null,"totliabform":null,"totliab":1.14443041635E9,"paidincapi":3.2E8,"capisurp":9.0530769972E8,"treastk":null,"specrese":null,"rese":1.6414150549E8,"generiskrese":null,"unreinveloss":null,"undiprof":1.09270271308E9,"topaycashdivi":null,"curtrandiff":null,"sharrighitse":null,"sharrightform":null,"paresharrigh":2.48215191829E9,"minysharrigh":-749806.34,"righaggritse":null,"rightaggrform":null,"righaggr":2.48140211195E9,"rightotitse":null,"rightotform":null,"totliabsharequi":3.6258325283E9,"settresedepo":null,"plac":null,"derifinaasset":null,"reinrece":null,"reincontrese":null,"purcresaasset":null,"cenbankborr":null,"deposit":null,"fdsborr":null,"deriliab":null,"sellrepasse":null,"copepoun":null,"insucontrese":null,"actitradsecu":null,"actiundesecu":null},{"compcode":"80155181","publishdate":"20141024","reportdate":"20140930","reporttype":"100111","adjustdate":"20141024","accstacode":"2","accstaname":"新会计准则","curfds":1.51681539951E9,"tradfinasset":null,"notesrece":5.592006326E8,"accorece":2.3338998237E8,"prep":6.05721825E7,"premrece":null,"interece":null,"dividrece":null,"otherrece":1.117629247E7,"expotaxrebarece":null,"subsrece":null,"margrece":null,"intelrece":null,"inve":5.2189000995E8,"prepexpe":null,"unseg":null,"expinoncurrasset":null,"othercurrasse":44109.88,"currassetitse":null,"currasseform":null,"totcurrasset":2.90308860928E9,"lendandloan":null,"avaisellasse":null,"holdinvedue":null,"longrece":null,"equiinve":null,"otherlonginve":null,"inveprop":59617.65,"fixedasseimmo":null,"accudepr":null,"fixedassenetw":null,"fixedasseimpa":null,"fixedassenet":3.1890450667E8,"consprog":1.3841876148E8,"engimate":null,"fixedasseclea":null,"prodasse":null,"comasse":null,"hydrasset":null,"intaasset":9.061262144E7,"deveexpe":null,"goodwill":null,"logprepexpe":611223.84,"tradshartrad":null,"defetaxasset":4.029630391E7,"othernoncasse":7380950.0,"noncasseitse":null,"noncasseform":null,"totalnoncassets":5.9628398499E8,"totassetitse":null,"totalasseform":null,"totasset":3.49937259427E9,"shorttermborr":2000000.0,"tradfinliab":null,"notespaya":null,"accopaya":4.1264574053E8,"advapaym":3.7949255579E8,"copeworkersal":384170.44,"taxespaya":8.801798963E7,"intepaya":null,"divipaya":null,"otherfeepaya":null,"margrequ":null,"intelpay":null,"otherpay":3.5240927417E8,"accrexpe":null,"expecurrliab":null,"copewithreinrece":null,"inteticksett":null,"dometicksett":null,"defereve":null,"shorttermbdspaya":null,"duenoncliab":null,"othercurreliabi":null,"currliabitse":null,"currliabform":null,"totalcurrliab":1.23494973056E9,"longborr":null,"bdspaya":null,"longpaya":null,"specpaya":null,"expenoncliab":null,"longdefeinco":null,"defeincotaxliab":null,"othernoncliabi":9892102.11,"longliabitse":null,"longliabform":null,"totalnoncliab":9892102.11,"totliabitse":null,"totliabform":null,"totliab":1.24484183267E9,"paidincapi":3.2E8,"capisurp":9.0530769972E8,"treastk":null,"specrese":null,"rese":1.4371526092E8,"generiskrese":null,"unreinveloss":null,"undiprof":8.8466305418E8,"topaycashdivi":null,"curtrandiff":null,"sharrighitse":null,"sharrightform":null,"paresharrigh":2.25368601482E9,"minysharrigh":844746.78,"righaggritse":null,"rightaggrform":null,"righaggr":2.2545307616E9,"rightotitse":null,"rightotform":null,"totliabsharequi":3.49937259427E9,"settresedepo":null,"plac":null,"derifinaasset":null,"reinrece":null,"reincontrese":null,"purcresaasset":null,"cenbankborr":null,"deposit":null,"fdsborr":null,"deriliab":null,"sellrepasse":null,"copepoun":null,"insucontrese":null,"actitradsecu":null,"actiundesecu":null},{"compcode":"80155181","publishdate":"20140725","reportdate":"20140630","reporttype":"100111","adjustdate":"20140725","accstacode":"2","accstaname":"新会计准则","curfds":1.49171064861E9,"tradfinasset":null,"notesrece":5.121129409E8,"accorece":2.484165979E8,"prep":4.786942928E7,"premrece":null,"interece":null,"dividrece":null,"otherrece":9919935.88,"expotaxrebarece":null,"subsrece":null,"margrece":null,"intelrece":null,"inve":4.5773317265E8,"prepexpe":null,"unseg":null,"expinoncurrasset":null,"othercurrasse":485608.54,"currassetitse":null,"currasseform":null,"totcurrasset":2.76824833376E9,"lendandloan":null,"avaisellasse":null,"holdinvedue":null,"longrece":null,"equiinve":null,"otherlonginve":null,"inveprop":59617.65,"fixedasseimmo":4.5989491816E8,"accudepr":1.3498679079E8,"fixedassenetw":3.2490812737E8,"fixedasseimpa":null,"fixedassenet":3.2490812737E8,"consprog":6.982269678E7,"engimate":null,"fixedasseclea":null,"prodasse":null,"comasse":null,"hydrasset":null,"intaasset":9.170930678E7,"deveexpe":null,"goodwill":null,"logprepexpe":884412.21,"tradshartrad":null,"defetaxasset":3.787202524E7,"othernoncasse":4126400.0,"noncasseitse":null,"noncasseform":null,"totalnoncassets":5.2938258603E8,"totassetitse":null,"totalasseform":null,"totasset":3.29763091979E9,"shorttermborr":null,"tradfinliab":null,"notespaya":null,"accopaya":3.6339258898E8,"advapaym":3.6319462495E8,"copeworkersal":4116383.5,"taxespaya":1.0192987325E8,"intepaya":null,"divipaya":null,"otherfeepaya":null,"margrequ":null,"intelpay":null,"otherpay":3.2722114987E8,"accrexpe":null,"expecurrliab":null,"copewithreinrece":null,"inteticksett":null,"dometicksett":null,"defereve":null,"shorttermbdspaya":null,"duenoncliab":null,"othercurreliabi":null,"currliabitse":null,"currliabform":null,"totalcurrliab":1.15985462055E9,"longborr":null,"bdspaya":null,"longpaya":null,"specpaya":null,"expenoncliab":null,"longdefeinco":null,"defeincotaxliab":null,"othernoncliabi":1.019034648E7,"longliabitse":null,"longliabform":null,"totalnoncliab":1.019034648E7,"totliabitse":null,"totliabform":null,"totliab":1.17004496703E9,"paidincapi":3.2E8,"capisurp":9.0530769972E8,"treastk":null,"specrese":null,"rese":1.3056762506E8,"generiskrese":null,"unreinveloss":null,"undiprof":7.694218253E8,"topaycashdivi":null,"curtrandiff":null,"sharrighitse":null,"sharrightform":null,"paresharrigh":2.12529715008E9,"minysharrigh":2288802.68,"righaggritse":null,"rightaggrform":null,"righaggr":2.12758595276E9,"rightotitse":null,"rightotform":null,"totliabsharequi":3.29763091979E9,"settresedepo":null,"plac":null,"derifinaasset":null,"reinrece":null,"reincontrese":null,"purcresaasset":null,"cenbankborr":null,"deposit":null,"fdsborr":null,"deriliab":null,"sellrepasse":null,"copepoun":null,"insucontrese":null,"actitradsecu":null,"actiundesecu":null},{"compcode":"80155181","publishdate":"20140425","reportdate":"20140331","reporttype":"100111","adjustdate":"20140425","accstacode":"2","accstaname":"新会计准则","curfds":1.33343982208E9,"tradfinasset":null,"notesrece":4.737033599E8,"accorece":1.6253165783E8,"prep":4.273915791E7,"premrece":null,"interece":null,"dividrece":null,"otherrece":8674531.78,"expotaxrebarece":null,"subsrece":null,"margrece":null,"intelrece":null,"inve":4.6858191169E8,"prepexpe":null,"unseg":null,"expinoncurrasset":15920.0,"othercurrasse":671587.93,"currassetitse":null,"currasseform":null,"totcurrasset":2.49035794912E9,"lendandloan":null,"avaisellasse":null,"holdinvedue":null,"longrece":null,"equiinve":null,"otherlonginve":null,"inveprop":61735.53,"fixedasseimmo":null,"accudepr":null,"fixedassenetw":null,"fixedasseimpa":null,"fixedassenet":3.2957283195E8,"consprog":3.997595557E7,"engimate":null,"fixedasseclea":null,"prodasse":null,"comasse":null,"hydrasset":null,"intaasset":9.17041193E7,"deveexpe":null,"goodwill":null,"logprepexpe":1157600.58,"tradshartrad":null,"defetaxasset":1.903056978E7,"othernoncasse":2149950.0,"noncasseitse":null,"noncasseform":null,"totalnoncassets":4.8365276271E8,"totassetitse":null,"totalasseform":null,"totasset":2.97401071183E9,"shorttermborr":null,"tradfinliab":null,"notespaya":null,"accopaya":3.0720943658E8,"advapaym":2.7621014234E8,"copeworkersal":593298.92,"taxespaya":5.902415372E7,"intepaya":null,"divipaya":null,"otherfeepaya":null,"margrequ":null,"intelpay":null,"otherpay":2.0045157173E8,"accrexpe":null,"expecurrliab":null,"copewithreinrece":null,"inteticksett":null,"dometicksett":null,"defereve":null,"shorttermbdspaya":null,"duenoncliab":138467.59,"othercurreliabi":null,"currliabitse":null,"currliabform":null,"totalcurrliab":8.4362707088E8,"longborr":null,"bdspaya":null,"longpaya":null,"specpaya":null,"expenoncliab":null,"longdefeinco":null,"defeincotaxliab":null,"othernoncliabi":5408838.03,"longliabitse":null,"longliabform":null,"totalnoncliab":5408838.03,"totliabitse":null,"totliabform":null,"totliab":8.4903590891E8,"paidincapi":2.56E8,"capisurp":9.6930769972E8,"treastk":null,"specrese":null,"rese":1.1737997944E8,"generiskrese":null,"unreinveloss":null,"undiprof":7.7833052623E8,"topaycashdivi":null,"curtrandiff":null,"sharrighitse":null,"sharrightform":null,"paresharrigh":2.12101820539E9,"minysharrigh":3956597.53,"righaggritse":null,"rightaggrform":null,"righaggr":2.12497480292E9,"rightotitse":null,"rightotform":null,"totliabsharequi":2.97401071183E9,"settresedepo":null,"plac":null,"derifinaasset":null,"reinrece":null,"reincontrese":null,"purcresaasset":null,"cenbankborr":null,"deposit":null,"fdsborr":null,"deriliab":null,"sellrepasse":null,"copepoun":null,"insucontrese":null,"actitradsecu":null,"actiundesecu":null},{"compcode":"80155181","publishdate":"20140410","reportdate":"20131231","reporttype":"100111","adjustdate":"20140410","accstacode":"2","accstaname":"新会计准则","curfds":1.28031980072E9,"tradfinasset":null,"notesrece":3.7803045979E8,"accorece":2.1009967043E8,"prep":1.358916719E7,"premrece":null,"interece":null,"dividrece":null,"otherrece":7418399.08,"expotaxrebarece":null,"subsrece":null,"margrece":null,"intelrece":null,"inve":4.4894225954E8,"prepexpe":null,"unseg":null,"expinoncurrasset":null,"othercurrasse":2057942.28,"currassetitse":null,"currasseform":null,"totcurrasset":2.34045769903E9,"lendandloan":null,"avaisellasse":null,"holdinvedue":null,"longrece":null,"equiinve":null,"otherlonginve":null,"inveprop":61735.53,"fixedasseimmo":4.519724182E8,"accudepr":1.1982663588E8,"fixedassenetw":3.3214578232E8,"fixedasseimpa":null,"fixedassenet":3.3214578232E8,"consprog":3.177268199E7,"engimate":null,"fixedasseclea":null,"prodasse":null,"comasse":null,"hydrasset":null,"intaasset":9.266107814E7,"deveexpe":null,"goodwill":null,"logprepexpe":1430788.91,"tradshartrad":null,"defetaxasset":2581906.48,"othernoncasse":1676110.0,"noncasseitse":null,"noncasseform":null,"totalnoncassets":4.6233008337E8,"totassetitse":null,"totalasseform":null,"totasset":2.8027877824E9,"shorttermborr":null,"tradfinliab":null,"notespaya":null,"accopaya":4.0633425513E8,"advapaym":2.2275987261E8,"copeworkersal":1.945064886E7,"taxespaya":4.550551896E7,"intepaya":null,"divipaya":null,"otherfeepaya":null,"margrequ":null,"intelpay":null,"otherpay":6.702859221E7,"accrexpe":null,"expecurrliab":null,"copewithreinrece":null,"inteticksett":null,"dometicksett":null,"defereve":null,"shorttermbdspaya":null,"duenoncliab":null,"othercurreliabi":null,"currliabitse":null,"currliabform":null,"totalcurrliab":7.6107888777E8,"longborr":null,"bdspaya":null,"longpaya":null,"specpaya":null,"expenoncliab":null,"longdefeinco":null,"defeincotaxliab":null,"othernoncliabi":null,"longliabitse":null,"longliabform":null,"totalnoncliab":0.0,"totliabitse":null,"totliabform":null,"totliab":7.6107888777E8,"paidincapi":2.56E8,"capisurp":9.6930769972E8,"treastk":null,"specrese":null,"rese":1.0881536173E8,"generiskrese":null,"unreinveloss":null,"undiprof":7.0162700318E8,"topaycashdivi":null,"curtrandiff":null,"sharrighitse":null,"sharrightform":null,"paresharrigh":2.03575006463E9,"minysharrigh":5958830.0,"righaggritse":null,"rightaggrform":null,"righaggr":2.04170889463E9,"rightotitse":null,"rightotform":null,"totliabsharequi":2.8027877824E9,"settresedepo":null,"plac":null,"derifinaasset":null,"reinrece":null,"reincontrese":null,"purcresaasset":null,"cenbankborr":null,"deposit":null,"fdsborr":null,"deriliab":null,"sellrepasse":null,"copepoun":null,"insucontrese":null,"actitradsecu":null,"actiundesecu":null},{"compcode":"80155181","publishdate":"20131025","reportdate":"20130930","reporttype":"100111","adjustdate":"20131025","accstacode":"2","accstaname":"新会计准则","curfds":1.25596509418E9,"tradfinasset":null,"notesrece":3.7878161202E8,"accorece":1.6362571707E8,"prep":2.700049629E7,"premrece":null,"interece":null,"dividrece":null,"otherrece":9543871.2,"expotaxrebarece":null,"subsrece":null,"margrece":null,"intelrece":null,"inve":4.2751080484E8,"prepexpe":null,"unseg":null,"expinoncurrasset":null,"othercurrasse":null,"currassetitse":null,"currasseform":null,"totcurrasset":2.2624275956E9,"lendandloan":null,"avaisellasse":null,"holdinvedue":null,"longrece":null,"equiinve":null,"otherlonginve":null,"inveprop":28357.58,"fixedasseimmo":null,"accudepr":null,"fixedassenetw":null,"fixedasseimpa":null,"fixedassenet":3.3408206059E8,"consprog":7000000.0,"engimate":null,"fixedasseclea":null,"prodasse":null,"comasse":null,"hydrasset":null,"intaasset":9.244249296E7,"deveexpe":null,"goodwill":null,"logprepexpe":1702341.9,"tradshartrad":null,"defetaxasset":2.222478436E7,"othernoncasse":null,"noncasseitse":null,"noncasseform":null,"totalnoncassets":4.5748003739E8,"totassetitse":null,"totalasseform":null,"totasset":2.71990763299E9,"shorttermborr":null,"tradfinliab":null,"notespaya":null,"accopaya":3.3293909033E8,"advapaym":2.2680284336E8,"copeworkersal":3190418.09,"taxespaya":6.041929538E7,"intepaya":null,"divipaya":null,"otherfeepaya":null,"margrequ":null,"intelpay":null,"otherpay":2.0294179381E8,"accrexpe":null,"expecurrliab":null,"copewithreinrece":null,"inteticksett":null,"dometicksett":null,"defereve":null,"shorttermbdspaya":null,"duenoncliab":715220.18,"othercurreliabi":null,"currliabitse":null,"currliabform":null,"totalcurrliab":8.2700866115E8,"longborr":null,"bdspaya":null,"longpaya":null,"specpaya":null,"expenoncliab":null,"longdefeinco":null,"defeincotaxliab":null,"othernoncliabi":null,"longliabitse":null,"longliabform":null,"totalnoncliab":0.0,"totliabitse":null,"totliabform":null,"totliab":8.2700866115E8,"paidincapi":2.56E8,"capisurp":9.6930769972E8,"treastk":null,"specrese":null,"rese":9.379598406E7,"generiskrese":null,"unreinveloss":null,"undiprof":5.659690671E8,"topaycashdivi":null,"curtrandiff":null,"sharrighitse":null,"sharrightform":null,"paresharrigh":1.88507275088E9,"minysharrigh":7826220.96,"righaggritse":null,"rightaggrform":null,"righaggr":1.89289897184E9,"rightotitse":null,"rightotform":null,"totliabsharequi":2.71990763299E9,"settresedepo":null,"plac":null,"derifinaasset":null,"reinrece":null,"reincontrese":null,"purcresaasset":null,"cenbankborr":null,"deposit":null,"fdsborr":null,"deriliab":null,"sellrepasse":null,"copepoun":null,"insucontrese":null,"actitradsecu":null,"actiundesecu":null},{"compcode":"80155181","publishdate":"20130726","reportdate":"20130630","reporttype":"100111","adjustdate":"20130726","accstacode":"2","accstaname":"新会计准则","curfds":1.24751652489E9,"tradfinasset":null,"notesrece":2.8975408653E8,"accorece":1.6272025325E8,"prep":3.200846642E7,"premrece":null,"interece":null,"dividrece":null,"otherrece":8181886.65,"expotaxrebarece":null,"subsrece":null,"margrece":null,"intelrece":null,"inve":3.4357119861E8,"prepexpe":null,"unseg":null,"expinoncurrasset":null,"othercurrasse":null,"currassetitse":null,"currasseform":null,"totcurrasset":2.08375241635E9,"lendandloan":null,"avaisellasse":null,"holdinvedue":null,"longrece":null,"equiinve":null,"otherlonginve":null,"inveprop":28357.58,"fixedasseimmo":4.471218268E8,"accudepr":1.0946930036E8,"fixedassenetw":3.3765252644E8,"fixedasseimpa":null,"fixedassenet":3.3765252644E8,"consprog":1500000.0,"engimate":null,"fixedasseclea":null,"prodasse":null,"comasse":null,"hydrasset":null,"intaasset":9.235809441E7,"deveexpe":null,"goodwill":null,"logprepexpe":1975802.85,"tradshartrad":null,"defetaxasset":1.670700406E7,"othernoncasse":null,"noncasseitse":null,"noncasseform":null,"totalnoncassets":4.5022178534E8,"totassetitse":null,"totalasseform":null,"totasset":2.53397420169E9,"shorttermborr":null,"tradfinliab":null,"notespaya":null,"accopaya":2.8842163509E8,"advapaym":2.0929124806E8,"copeworkersal":8453691.98,"taxespaya":5.851413304E7,"intepaya":null,"divipaya":null,"otherfeepaya":null,"margrequ":null,"intelpay":null,"otherpay":1.6490227503E8,"accrexpe":null,"expecurrliab":null,"copewithreinrece":null,"inteticksett":null,"dometicksett":null,"defereve":null,"shorttermbdspaya":null,"duenoncliab":null,"othercurreliabi":null,"currliabitse":null,"currliabform":null,"totalcurrliab":7.295829832E8,"longborr":null,"bdspaya":null,"longpaya":null,"specpaya":null,"expenoncliab":null,"longdefeinco":null,"defeincotaxliab":null,"othernoncliabi":null,"longliabitse":null,"longliabform":null,"totalnoncliab":0.0,"totliabitse":null,"totliabform":null,"totliab":7.295829832E8,"paidincapi":2.56E8,"capisurp":9.6930769972E8,"treastk":null,"specrese":null,"rese":8.503184119E7,"generiskrese":null,"unreinveloss":null,"undiprof":4.8431814055E8,"topaycashdivi":null,"curtrandiff":null,"sharrighitse":null,"sharrightform":null,"paresharrigh":1.79465768146E9,"minysharrigh":9733537.03,"righaggritse":null,"rightaggrform":null,"righaggr":1.80439121849E9,"rightotitse":null,"rightotform":null,"totliabsharequi":2.53397420169E9,"settresedepo":null,"plac":null,"derifinaasset":null,"reinrece":null,"reincontrese":null,"purcresaasset":null,"cenbankborr":null,"deposit":null,"fdsborr":null,"deriliab":null,"sellrepasse":null,"copepoun":null,"insucontrese":null,"actitradsecu":null,"actiundesecu":null},{"compcode":"80155181","publishdate":"20130425","reportdate":"20130331","reporttype":"100111","adjustdate":"20130425","accstacode":"2","accstaname":"新会计准则","curfds":1.11953469822E9,"tradfinasset":null,"notesrece":2.7739670486E8,"accorece":1.3365100547E8,"prep":2.474140045E7,"premrece":null,"interece":null,"dividrece":null,"otherrece":8439967.36,"expotaxrebarece":null,"subsrece":null,"margrece":null,"intelrece":null,"inve":3.3991485338E8,"prepexpe":null,"unseg":null,"expinoncurrasset":3.0E7,"othercurrasse":null,"currassetitse":null,"currasseform":null,"totcurrasset":1.93367862974E9,"lendandloan":null,"avaisellasse":null,"holdinvedue":null,"longrece":null,"equiinve":null,"otherlonginve":null,"inveprop":28357.58,"fixedasseimmo":null,"accudepr":null,"fixedassenetw":null,"fixedasseimpa":null,"fixedassenet":3.4808468471E8,"consprog":null,"engimate":null,"fixedasseclea":10679.86,"prodasse":null,"comasse":null,"hydrasset":null,"intaasset":4.057949558E7,"deveexpe":null,"goodwill":null,"logprepexpe":2259408.87,"tradshartrad":null,"defetaxasset":8071262.4,"othernoncasse":null,"noncasseitse":null,"noncasseform":null,"totalnoncassets":3.99033889E8,"totassetitse":null,"totalasseform":null,"totasset":2.33271251874E9,"shorttermborr":null,"tradfinliab":null,"notespaya":null,"accopaya":2.1917897782E8,"advapaym":1.7621860523E8,"copeworkersal":2887516.66,"taxespaya":3.104482988E7,"intepaya":null,"divipaya":null,"otherfeepaya":null,"margrequ":null,"intelpay":null,"otherpay":1.0826041544E8,"accrexpe":null,"expecurrliab":null,"copewithreinrece":null,"inteticksett":null,"dometicksett":null,"defereve":null,"shorttermbdspaya":null,"duenoncliab":null,"othercurreliabi":null,"currliabitse":null,"currliabform":null,"totalcurrliab":5.3759034503E8,"longborr":null,"bdspaya":null,"longpaya":null,"specpaya":null,"expenoncliab":null,"longdefeinco":null,"defeincotaxliab":null,"othernoncliabi":null,"longliabitse":null,"longliabform":null,"totalnoncliab":0.0,"totliabitse":null,"totliabform":null,"totliab":5.3759034503E8,"paidincapi":2.56E8,"capisurp":9.6930769972E8,"treastk":null,"specrese":null,"rese":7.59898847E7,"generiskrese":null,"unreinveloss":null,"undiprof":4.8264083535E8,"topaycashdivi":null,"curtrandiff":null,"sharrighitse":null,"sharrightform":null,"paresharrigh":1.78393841977E9,"minysharrigh":1.118375394E7,"righaggritse":null,"rightaggrform":null,"righaggr":1.79512217371E9,"rightotitse":null,"rightotform":null,"totliabsharequi":2.33271251874E9,"settresedepo":null,"plac":null,"derifinaasset":null,"reinrece":null,"reincontrese":null,"purcresaasset":null,"cenbankborr":null,"deposit":null,"fdsborr":null,"deriliab":null,"sellrepasse":null,"copepoun":null,"insucontrese":null,"actitradsecu":null,"actiundesecu":null},{"compcode":"80155181","publishdate":"20130410","reportdate":"20121231","reporttype":"100111","adjustdate":"20130410","accstacode":"2","accstaname":"新会计准则","curfds":1.11975992673E9,"tradfinasset":null,"notesrece":3.1518052291E8,"accorece":1.4134624901E8,"prep":1.07240554E7,"premrece":null,"interece":null,"dividrece":null,"otherrece":7132800.28,"expotaxrebarece":null,"subsrece":null,"margrece":null,"intelrece":null,"inve":3.1587684291E8,"prepexpe":null,"unseg":null,"expinoncurrasset":3.0E7,"othercurrasse":52103.86,"currassetitse":null,"currasseform":null,"totcurrasset":1.9400725011E9,"lendandloan":null,"avaisellasse":null,"holdinvedue":null,"longrece":null,"equiinve":1093739.24,"otherlonginve":null,"inveprop":28357.58,"fixedasseimmo":4.4203702308E8,"accudepr":9.516653899E7,"fixedassenetw":3.4687048409E8,"fixedasseimpa":null,"fixedassenet":3.4687048409E8,"consprog":null,"engimate":null,"fixedasseclea":45003.6,"prodasse":null,"comasse":null,"hydrasset":null,"intaasset":3.968256446E7,"deveexpe":null,"goodwill":null,"logprepexpe":2509641.75,"tradshartrad":null,"defetaxasset":1975612.42,"othernoncasse":null,"noncasseitse":null,"noncasseform":null,"totalnoncassets":3.9220540314E8,"totassetitse":null,"totalasseform":null,"totasset":2.33227790424E9,"shorttermborr":null,"tradfinliab":null,"notespaya":null,"accopaya":2.9792127261E8,"advapaym":1.847077997E8,"copeworkersal":1.84900982E7,"taxespaya":3.15004666E7,"intepaya":null,"divipaya":null,"otherfeepaya":null,"margrequ":null,"intelpay":null,"otherpay":5.879697069E7,"accrexpe":null,"expecurrliab":null,"copewithreinrece":null,"inteticksett":null,"dometicksett":null,"defereve":null,"shorttermbdspaya":null,"duenoncliab":null,"othercurreliabi":null,"currliabitse":null,"currliabform":null,"totalcurrliab":5.914166078E8,"longborr":null,"bdspaya":null,"longpaya":null,"specpaya":null,"expenoncliab":null,"longdefeinco":null,"defeincotaxliab":null,"othernoncliabi":null,"longliabitse":null,"longliabform":null,"totalnoncliab":0.0,"totliabitse":null,"totliabform":null,"totliab":5.914166078E8,"paidincapi":2.56E8,"capisurp":9.6930769972E8,"treastk":null,"specrese":null,"rese":7.002304894E7,"generiskrese":null,"unreinveloss":null,"undiprof":4.31586968E8,"topaycashdivi":null,"curtrandiff":null,"sharrighitse":null,"sharrightform":null,"paresharrigh":1.72691771666E9,"minysharrigh":1.394357978E7,"righaggritse":null,"rightaggrform":null,"righaggr":1.74086129644E9,"rightotitse":null,"rightotform":null,"totliabsharequi":2.33227790424E9,"settresedepo":null,"plac":null,"derifinaasset":null,"reinrece":null,"reincontrese":null,"purcresaasset":null,"cenbankborr":null,"deposit":null,"fdsborr":null,"deriliab":null,"sellrepasse":null,"copepoun":null,"insucontrese":null,"actitradsecu":null,"actiundesecu":null},{"compcode":"80155181","publishdate":"20121026","reportdate":"20120930","reporttype":"100111","adjustdate":"20121026","accstacode":"2","accstaname":"新会计准则","curfds":1.12838341473E9,"tradfinasset":null,"notesrece":2.0536565675E8,"accorece":1.6516161465E8,"prep":1.974840929E7,"premrece":null,"interece":null,"dividrece":null,"otherrece":1.350470066E7,"expotaxrebarece":null,"subsrece":null,"margrece":null,"intelrece":null,"inve":3.0767276057E8,"prepexpe":null,"unseg":null,"expinoncurrasset":null,"othercurrasse":null,"currassetitse":null,"currasseform":null,"totcurrasset":1.83983655665E9,"lendandloan":null,"avaisellasse":null,"holdinvedue":null,"longrece":null,"equiinve":1046008.71,"otherlonginve":null,"inveprop":30733.12,"fixedasseimmo":null,"accudepr":null,"fixedassenetw":null,"fixedasseimpa":null,"fixedassenet":1.5573808071E8,"consprog":1.7551344333E8,"engimate":null,"fixedasseclea":null,"prodasse":null,"comasse":null,"hydrasset":null,"intaasset":3.879543432E7,"deveexpe":null,"goodwill":null,"logprepexpe":295907.57,"tradshartrad":null,"defetaxasset":1.363332526E7,"othernoncasse":null,"noncasseitse":null,"noncasseform":null,"totalnoncassets":3.8505293302E8,"totassetitse":null,"totalasseform":null,"totasset":2.22488948967E9,"shorttermborr":null,"tradfinliab":null,"notespaya":null,"accopaya":2.3977918051E8,"advapaym":1.8879486524E8,"copeworkersal":1403453.07,"taxespaya":4.05561711E7,"intepaya":null,"divipaya":null,"otherfeepaya":null,"margrequ":null,"intelpay":null,"otherpay":1.3445390131E8,"accrexpe":null,"expecurrliab":null,"copewithreinrece":null,"inteticksett":null,"dometicksett":null,"defereve":null,"shorttermbdspaya":null,"duenoncliab":null,"othercurreliabi":null,"currliabitse":null,"currliabform":null,"totalcurrliab":6.0498757123E8,"longborr":null,"bdspaya":null,"longpaya":null,"specpaya":null,"expenoncliab":null,"longdefeinco":null,"defeincotaxliab":null,"othernoncliabi":null,"longliabitse":null,"longliabform":null,"totalnoncliab":0.0,"totliabitse":null,"totliabform":null,"totliab":6.0498757123E8,"paidincapi":2.56E8,"capisurp":9.6926271637E8,"treastk":null,"specrese":null,"rese":5.971647679E7,"generiskrese":null,"unreinveloss":null,"undiprof":3.3587597455E8,"topaycashdivi":null,"curtrandiff":null,"sharrighitse":null,"sharrightform":null,"paresharrigh":1.62085516771E9,"minysharrigh":-953249.27,"righaggritse":null,"rightaggrform":null,"righaggr":1.61990191844E9,"rightotitse":null,"rightotform":null,"totliabsharequi":2.22488948967E9,"settresedepo":null,"plac":null,"derifinaasset":null,"reinrece":null,"reincontrese":null,"purcresaasset":null,"cenbankborr":null,"deposit":null,"fdsborr":null,"deriliab":null,"sellrepasse":null,"copepoun":null,"insucontrese":null,"actitradsecu":null,"actiundesecu":null},{"compcode":"80155181","publishdate":"20120727","reportdate":"20120630","reporttype":"100111","adjustdate":"20120727","accstacode":"2","accstaname":"新会计准则","curfds":1.08642103541E9,"tradfinasset":null,"notesrece":1.8493594141E8,"accorece":1.628405007E8,"prep":1.492334799E7,"premrece":null,"interece":null,"dividrece":null,"otherrece":1.0611241E7,"expotaxrebarece":null,"subsrece":null,"margrece":null,"intelrece":null,"inve":2.8620134251E8,"prepexpe":null,"unseg":null,"expinoncurrasset":null,"othercurrasse":null,"currassetitse":null,"currasseform":null,"totcurrasset":1.74593340902E9,"lendandloan":null,"avaisellasse":null,"holdinvedue":null,"longrece":null,"equiinve":1027831.15,"otherlonginve":null,"inveprop":30733.12,"fixedasseimmo":2.2533064128E8,"accudepr":8.13251571E7,"fixedassenetw":1.4400548418E8,"fixedasseimpa":null,"fixedassenet":1.4400548418E8,"consprog":1.6236223017E8,"engimate":null,"fixedasseclea":null,"prodasse":null,"comasse":null,"hydrasset":null,"intaasset":3.867157609E7,"deveexpe":null,"goodwill":null,"logprepexpe":325592.78,"tradshartrad":null,"defetaxasset":1.425850467E7,"othernoncasse":null,"noncasseitse":null,"noncasseform":null,"totalnoncassets":3.6068195216E8,"totassetitse":null,"totalasseform":null,"totasset":2.10661536118E9,"shorttermborr":null,"tradfinliab":null,"notespaya":null,"accopaya":2.1539856254E8,"advapaym":1.4006833729E8,"copeworkersal":3094538.48,"taxespaya":4.472967294E7,"intepaya":null,"divipaya":null,"otherfeepaya":null,"margrequ":null,"intelpay":null,"otherpay":1.3799841884E8,"accrexpe":null,"expecurrliab":null,"copewithreinrece":null,"inteticksett":null,"dometicksett":null,"defereve":null,"shorttermbdspaya":null,"duenoncliab":null,"othercurreliabi":null,"currliabitse":null,"currliabform":null,"totalcurrliab":5.4128953009E8,"longborr":null,"bdspaya":null,"longpaya":null,"specpaya":null,"expenoncliab":null,"longdefeinco":null,"defeincotaxliab":null,"othernoncliabi":null,"longliabitse":null,"longliabform":null,"totalnoncliab":0.0,"totliabitse":null,"totliabform":null,"totliab":5.4128953009E8,"paidincapi":2.56E8,"capisurp":9.6926271637E8,"treastk":null,"specrese":null,"rese":5.367030083E7,"generiskrese":null,"unreinveloss":null,"undiprof":2.8639281389E8,"topaycashdivi":null,"curtrandiff":null,"sharrighitse":null,"sharrightform":null,"paresharrigh":1.56532583109E9,"minysharrigh":null,"righaggritse":null,"rightaggrform":null,"righaggr":1.56532583109E9,"rightotitse":null,"rightotform":null,"totliabsharequi":2.10661536118E9,"settresedepo":null,"plac":null,"derifinaasset":null,"reinrece":null,"reincontrese":null,"purcresaasset":null,"cenbankborr":null,"deposit":null,"fdsborr":null,"deriliab":null,"sellrepasse":null,"copepoun":null,"insucontrese":null,"actitradsecu":null,"actiundesecu":null},{"compcode":"80155181","publishdate":"20120425","reportdate":"20120331","reporttype":"100111","adjustdate":"20120425","accstacode":"2","accstaname":"新会计准则","curfds":9.9785713252E8,"tradfinasset":null,"notesrece":1.7820686345E8,"accorece":1.0461793597E8,"prep":1.36838999E7,"premrece":null,"interece":null,"dividrece":null,"otherrece":8817445.14,"expotaxrebarece":null,"subsrece":null,"margrece":null,"intelrece":null,"inve":3.0433278916E8,"prepexpe":null,"unseg":null,"expinoncurrasset":null,"othercurrasse":null,"currassetitse":null,"currasseform":null,"totcurrasset":1.60751606614E9,"lendandloan":null,"avaisellasse":null,"holdinvedue":null,"longrece":null,"equiinve":5.090447674E7,"otherlonginve":null,"inveprop":30733.12,"fixedasseimmo":null,"accudepr":null,"fixedassenetw":null,"fixedasseimpa":null,"fixedassenet":1.267336414E8,"consprog":1.56515798E8,"engimate":null,"fixedasseclea":null,"prodasse":null,"comasse":null,"hydrasset":null,"intaasset":3.708799207E7,"deveexpe":null,"goodwill":null,"logprepexpe":355277.99,"tradshartrad":null,"defetaxasset":6725542.18,"othernoncasse":null,"noncasseitse":null,"noncasseform":null,"totalnoncassets":3.783534615E8,"totassetitse":null,"totalasseform":null,"totasset":1.98586952764E9,"shorttermborr":null,"tradfinliab":null,"notespaya":null,"accopaya":1.9974278092E8,"advapaym":1.1746730551E8,"copeworkersal":718515.61,"taxespaya":2.609564889E7,"intepaya":null,"divipaya":null,"otherfeepaya":null,"margrequ":null,"intelpay":null,"otherpay":8.940882885E7,"accrexpe":null,"expecurrliab":null,"copewithreinrece":null,"inteticksett":null,"dometicksett":null,"defereve":null,"shorttermbdspaya":null,"duenoncliab":null,"othercurreliabi":null,"currliabitse":null,"currliabform":null,"totalcurrliab":4.3343307978E8,"longborr":null,"bdspaya":null,"longpaya":null,"specpaya":null,"expenoncliab":null,"longdefeinco":null,"defeincotaxliab":null,"othernoncliabi":null,"longliabitse":null,"longliabform":null,"totalnoncliab":0.0,"totliabitse":null,"totliabform":null,"totliab":4.3343307978E8,"paidincapi":2.56E8,"capisurp":9.6926271637E8,"treastk":null,"specrese":null,"rese":4.733107873E7,"generiskrese":null,"unreinveloss":null,"undiprof":2.7984265276E8,"topaycashdivi":null,"curtrandiff":null,"sharrighitse":null,"sharrightform":null,"paresharrigh":1.55243644786E9,"minysharrigh":null,"righaggritse":null,"rightaggrform":null,"righaggr":1.55243644786E9,"rightotitse":null,"rightotform":null,"totliabsharequi":1.98586952764E9,"settresedepo":null,"plac":null,"derifinaasset":null,"reinrece":null,"reincontrese":null,"purcresaasset":null,"cenbankborr":null,"deposit":null,"fdsborr":null,"deriliab":null,"sellrepasse":null,"copepoun":null,"insucontrese":null,"actitradsecu":null,"actiundesecu":null},{"compcode":"80155181","publishdate":"20120313","reportdate":"20111231","reporttype":"100111","adjustdate":"20120313","accstacode":"2","accstaname":"新会计准则","curfds":1.02288131641E9,"tradfinasset":null,"notesrece":1.7508031432E8,"accorece":1.2841155617E8,"prep":8581847.99,"premrece":null,"interece":null,"dividrece":null,"otherrece":4996967.84,"expotaxrebarece":null,"subsrece":null,"margrece":null,"intelrece":null,"inve":2.9141792145E8,"prepexpe":null,"unseg":null,"expinoncurrasset":null,"othercurrasse":53019.66,"currassetitse":null,"currasseform":null,"totcurrasset":1.63142294384E9,"lendandloan":null,"avaisellasse":null,"holdinvedue":null,"longrece":null,"equiinve":998375.18,"otherlonginve":null,"inveprop":30733.12,"fixedasseimmo":1.9682997407E8,"accudepr":7.362620538E7,"fixedassenetw":1.2320376869E8,"fixedasseimpa":null,"fixedassenet":1.2320376869E8,"consprog":1.24362256E8,"engimate":null,"fixedasseclea":null,"prodasse":null,"comasse":null,"hydrasset":null,"intaasset":3.740527506E7,"deveexpe":null,"goodwill":null,"logprepexpe":384963.2,"tradshartrad":null,"defetaxasset":1586235.95,"othernoncasse":null,"noncasseitse":null,"noncasseform":null,"totalnoncassets":2.879716072E8,"totassetitse":null,"totalasseform":null,"totasset":1.91939455104E9,"shorttermborr":null,"tradfinliab":null,"notespaya":null,"accopaya":1.9950697145E8,"advapaym":1.2216096612E8,"copeworkersal":1.39267859E7,"taxespaya":2.126158021E7,"intepaya":null,"divipaya":null,"otherfeepaya":null,"margrequ":null,"intelpay":null,"otherpay":5.250151173E7,"accrexpe":null,"expecurrliab":null,"copewithreinrece":null,"inteticksett":null,"dometicksett":null,"defereve":null,"shorttermbdspaya":null,"duenoncliab":null,"othercurreliabi":null,"currliabitse":null,"currliabform":null,"totalcurrliab":4.0935781541E8,"longborr":null,"bdspaya":null,"longpaya":null,"specpaya":null,"expenoncliab":null,"longdefeinco":null,"defeincotaxliab":null,"othernoncliabi":null,"longliabitse":null,"longliabform":null,"totalnoncliab":0.0,"totliabitse":null,"totliabform":null,"totliab":4.0935781541E8,"paidincapi":2.56E8,"capisurp":9.6926271637E8,"treastk":null,"specrese":null,"rese":4.28910546E7,"generiskrese":null,"unreinveloss":null,"undiprof":2.4188296466E8,"topaycashdivi":null,"curtrandiff":null,"sharrighitse":null,"sharrightform":null,"paresharrigh":1.51003673563E9,"minysharrigh":null,"righaggritse":null,"rightaggrform":null,"righaggr":1.51003673563E9,"rightotitse":null,"rightotform":null,"totliabsharequi":1.91939455104E9,"settresedepo":null,"plac":null,"derifinaasset":null,"reinrece":null,"reincontrese":null,"purcresaasset":null,"cenbankborr":null,"deposit":null,"fdsborr":null,"deriliab":null,"sellrepasse":null,"copepoun":null,"insucontrese":null,"actitradsecu":null,"actiundesecu":null},{"compcode":"80155181","publishdate":"20111019","reportdate":"20110930","reporttype":"100111","adjustdate":"20111019","accstacode":"2","accstaname":"新会计准则","curfds":1.10213658131E9,"tradfinasset":null,"notesrece":1.1759525316E8,"accorece":7.243911502E7,"prep":7.128916788E7,"premrece":null,"interece":null,"dividrece":null,"otherrece":6679789.87,"expotaxrebarece":null,"subsrece":null,"margrece":null,"intelrece":null,"inve":2.7588036588E8,"prepexpe":null,"unseg":null,"expinoncurrasset":null,"othercurrasse":null,"currassetitse":null,"currasseform":null,"totcurrasset":1.64602027312E9,"lendandloan":null,"avaisellasse":null,"holdinvedue":null,"longrece":null,"equiinve":1050000.0,"otherlonginve":null,"inveprop":33108.66,"fixedasseimmo":null,"accudepr":null,"fixedassenetw":null,"fixedasseimpa":null,"fixedassenet":7.651127081E7,"consprog":5.629196279E7,"engimate":null,"fixedasseclea":null,"prodasse":null,"comasse":null,"hydrasset":null,"intaasset":3.781713331E7,"deveexpe":null,"goodwill":null,"logprepexpe":null,"tradshartrad":null,"defetaxasset":9072795.87,"othernoncasse":null,"noncasseitse":null,"noncasseform":null,"totalnoncassets":1.8077627144E8,"totassetitse":null,"totalasseform":null,"totasset":1.82679654456E9,"shorttermborr":null,"tradfinliab":null,"notespaya":null,"accopaya":1.3839508562E8,"advapaym":1.1492126175E8,"copeworkersal":808869.24,"taxespaya":2.514538498E7,"intepaya":null,"divipaya":null,"otherfeepaya":null,"margrequ":null,"intelpay":null,"otherpay":1.0134344597E8,"accrexpe":null,"expecurrliab":null,"copewithreinrece":null,"inteticksett":null,"dometicksett":null,"defereve":null,"shorttermbdspaya":null,"duenoncliab":null,"othercurreliabi":null,"currliabitse":null,"currliabform":null,"totalcurrliab":3.8061404756E8,"longborr":null,"bdspaya":null,"longpaya":null,"specpaya":null,"expenoncliab":null,"longdefeinco":null,"defeincotaxliab":null,"othernoncliabi":null,"longliabitse":null,"longliabform":null,"totalnoncliab":0.0,"totliabitse":null,"totliabform":null,"totliab":3.8061404756E8,"paidincapi":2.56E8,"capisurp":9.6926271637E8,"treastk":null,"specrese":null,"rese":3.662898918E7,"generiskrese":null,"unreinveloss":null,"undiprof":1.8429079145E8,"topaycashdivi":null,"curtrandiff":null,"sharrighitse":null,"sharrightform":null,"paresharrigh":1.446182497E9,"minysharrigh":null,"righaggritse":null,"rightaggrform":null,"righaggr":1.446182497E9,"rightotitse":null,"rightotform":null,"totliabsharequi":1.82679654456E9,"settresedepo":null,"plac":null,"derifinaasset":null,"reinrece":null,"reincontrese":null,"purcresaasset":null,"cenbankborr":null,"deposit":null,"fdsborr":null,"deriliab":null,"sellrepasse":null,"copepoun":null,"insucontrese":null,"actitradsecu":null,"actiundesecu":null},{"compcode":"80155181","publishdate":"20110720","reportdate":"20110630","reporttype":"100111","adjustdate":"20110720","accstacode":"2","accstaname":"新会计准则","curfds":1.07823109536E9,"tradfinasset":null,"notesrece":1.0284880903E8,"accorece":9.698408505E7,"prep":4.061252481E7,"premrece":null,"interece":null,"dividrece":null,"otherrece":5253802.27,"expotaxrebarece":null,"subsrece":null,"margrece":null,"intelrece":null,"inve":2.4573126958E8,"prepexpe":null,"unseg":null,"expinoncurrasset":null,"othercurrasse":null,"currassetitse":null,"currasseform":null,"totcurrasset":1.5696615861E9,"lendandloan":null,"avaisellasse":null,"holdinvedue":null,"longrece":null,"equiinve":null,"otherlonginve":null,"inveprop":33108.66,"fixedasseimmo":1.4390752326E8,"accudepr":6.868419233E7,"fixedassenetw":7.522333093E7,"fixedasseimpa":null,"fixedassenet":7.522333093E7,"consprog":4.227324423E7,"engimate":null,"fixedasseclea":null,"prodasse":null,"comasse":null,"hydrasset":null,"intaasset":3.729072017E7,"deveexpe":null,"goodwill":null,"logprepexpe":null,"tradshartrad":null,"defetaxasset":8418540.74,"othernoncasse":null,"noncasseitse":null,"noncasseform":null,"totalnoncassets":1.6323894473E8,"totassetitse":null,"totalasseform":null,"totasset":1.73290053083E9,"shorttermborr":null,"tradfinliab":null,"notespaya":null,"accopaya":1.2734550252E8,"advapaym":7.439558089E7,"copeworkersal":2031310.89,"taxespaya":3.234766721E7,"intepaya":null,"divipaya":null,"otherfeepaya":null,"margrequ":null,"intelpay":null,"otherpay":9.347622089E7,"accrexpe":null,"expecurrliab":null,"copewithreinrece":null,"inteticksett":null,"dometicksett":null,"defereve":null,"shorttermbdspaya":null,"duenoncliab":null,"othercurreliabi":null,"currliabitse":null,"currliabform":null,"totalcurrliab":3.295962824E8,"longborr":null,"bdspaya":null,"longpaya":null,"specpaya":null,"expenoncliab":null,"longdefeinco":null,"defeincotaxliab":null,"othernoncliabi":null,"longliabitse":null,"longliabform":null,"totalnoncliab":0.0,"totliabitse":null,"totliabform":null,"totliab":3.295962824E8,"paidincapi":2.56E8,"capisurp":9.6926271637E8,"treastk":null,"specrese":null,"rese":3.236109476E7,"generiskrese":null,"unreinveloss":null,"undiprof":1.456804373E8,"topaycashdivi":null,"curtrandiff":null,"sharrighitse":null,"sharrightform":null,"paresharrigh":1.40330424843E9,"minysharrigh":null,"righaggritse":null,"rightaggrform":null,"righaggr":1.40330424843E9,"rightotitse":null,"rightotform":null,"totliabsharequi":1.73290053083E9,"settresedepo":null,"plac":null,"derifinaasset":null,"reinrece":null,"reincontrese":null,"purcresaasset":null,"cenbankborr":null,"deposit":null,"fdsborr":null,"deriliab":null,"sellrepasse":null,"copepoun":null,"insucontrese":null,"actitradsecu":null,"actiundesecu":null},{"compcode":"80155181","publishdate":"20110420","reportdate":"20110331","reporttype":"100111","adjustdate":"20110420","accstacode":"2","accstaname":"新会计准则","curfds":1.10673326568E9,"tradfinasset":null,"notesrece":1.0225319683E8,"accorece":5.862881064E7,"prep":2.518363566E7,"premrece":null,"interece":null,"dividrece":null,"otherrece":4381578.71,"expotaxrebarece":null,"subsrece":null,"margrece":null,"intelrece":null,"inve":2.5338134885E8,"prepexpe":null,"unseg":null,"expinoncurrasset":null,"othercurrasse":null,"currassetitse":null,"currasseform":null,"totcurrasset":1.55056183637E9,"lendandloan":null,"avaisellasse":null,"holdinvedue":null,"longrece":null,"equiinve":null,"otherlonginve":null,"inveprop":33108.66,"fixedasseimmo":null,"accudepr":null,"fixedassenetw":null,"fixedasseimpa":null,"fixedassenet":7.252858572E7,"consprog":3.283424423E7,"engimate":null,"fixedasseclea":null,"prodasse":null,"comasse":null,"hydrasset":null,"intaasset":3.738914606E7,"deveexpe":null,"goodwill":null,"logprepexpe":null,"tradshartrad":null,"defetaxasset":4598566.59,"othernoncasse":null,"noncasseitse":null,"noncasseform":null,"totalnoncassets":1.4738365126E8,"totassetitse":null,"totalasseform":null,"totasset":1.69794548763E9,"shorttermborr":null,"tradfinliab":null,"notespaya":null,"accopaya":1.1749255901E8,"advapaym":9.462653244E7,"copeworkersal":1249480.2,"taxespaya":1.425477939E7,"intepaya":null,"divipaya":null,"otherfeepaya":null,"margrequ":null,"intelpay":null,"otherpay":6.764507533E7,"accrexpe":null,"expecurrliab":null,"copewithreinrece":null,"inteticksett":null,"dometicksett":null,"defereve":null,"shorttermbdspaya":null,"duenoncliab":null,"othercurreliabi":null,"currliabitse":null,"currliabform":null,"totalcurrliab":2.9526842637E8,"longborr":null,"bdspaya":null,"longpaya":null,"specpaya":null,"expenoncliab":null,"longdefeinco":null,"defeincotaxliab":null,"othernoncliabi":null,"longliabitse":null,"longliabform":null,"totalnoncliab":0.0,"totliabitse":null,"totliabform":null,"totliab":2.9526842637E8,"paidincapi":1.6E8,"capisurp":1.06526271637E9,"treastk":null,"specrese":null,"rese":2.76594578E7,"generiskrese":null,"unreinveloss":null,"undiprof":1.4975488709E8,"topaycashdivi":null,"curtrandiff":null,"sharrighitse":null,"sharrightform":null,"paresharrigh":1.40267706126E9,"minysharrigh":null,"righaggritse":null,"rightaggrform":null,"righaggr":1.40267706126E9,"rightotitse":null,"rightotform":null,"totliabsharequi":1.69794548763E9,"settresedepo":null,"plac":null,"derifinaasset":null,"reinrece":null,"reincontrese":null,"purcresaasset":null,"cenbankborr":null,"deposit":null,"fdsborr":null,"deriliab":null,"sellrepasse":null,"copepoun":null,"insucontrese":null,"actitradsecu":null,"actiundesecu":null},{"compcode":"80155181","publishdate":"20110407","reportdate":"20101231","reporttype":"100111","adjustdate":"20110407","accstacode":"2","accstaname":"新会计准则","curfds":1.07474842718E9,"tradfinasset":null,"notesrece":1.245197506E8,"accorece":8.574215976E7,"prep":1.266728662E7,"premrece":null,"interece":null,"dividrece":null,"otherrece":3377720.31,"expotaxrebarece":null,"subsrece":null,"margrece":null,"intelrece":null,"inve":2.4598877511E8,"prepexpe":null,"unseg":null,"expinoncurrasset":null,"othercurrasse":null,"currassetitse":null,"currasseform":null,"totcurrasset":1.54704411958E9,"lendandloan":null,"avaisellasse":null,"holdinvedue":null,"longrece":null,"equiinve":null,"otherlonginve":null,"inveprop":33108.66,"fixedasseimmo":1.3849656499E8,"accudepr":6.544668771E7,"fixedassenetw":7.304987728E7,"fixedasseimpa":null,"fixedassenet":7.304987728E7,"consprog":2.620313423E7,"engimate":null,"fixedasseclea":null,"prodasse":null,"comasse":null,"hydrasset":null,"intaasset":3.66185218E7,"deveexpe":null,"goodwill":null,"logprepexpe":null,"tradshartrad":null,"defetaxasset":1439915.64,"othernoncasse":null,"noncasseitse":null,"noncasseform":null,"totalnoncassets":1.3734455761E8,"totassetitse":null,"totalasseform":null,"totasset":1.68438867719E9,"shorttermborr":null,"tradfinliab":null,"notespaya":null,"accopaya":1.3210000282E8,"advapaym":1.1828676409E8,"copeworkersal":1.125746812E7,"taxespaya":1.342398273E7,"intepaya":null,"divipaya":null,"otherfeepaya":null,"margrequ":null,"intelpay":null,"otherpay":3.827577644E7,"accrexpe":null,"expecurrliab":null,"copewithreinrece":null,"inteticksett":null,"dometicksett":null,"defereve":null,"shorttermbdspaya":null,"duenoncliab":null,"othercurreliabi":null,"currliabitse":null,"currliabform":null,"totalcurrliab":3.133439942E8,"longborr":null,"bdspaya":null,"longpaya":null,"specpaya":null,"expenoncliab":null,"longdefeinco":null,"defeincotaxliab":null,"othernoncliabi":null,"longliabitse":null,"longliabform":null,"totalnoncliab":0.0,"totliabitse":null,"totliabform":null,"totliab":3.133439942E8,"paidincapi":1.6E8,"capisurp":1.06526271637E9,"treastk":null,"specrese":null,"rese":2.443050216E7,"generiskrese":null,"unreinveloss":null,"undiprof":1.2135146446E8,"topaycashdivi":null,"curtrandiff":null,"sharrighitse":null,"sharrightform":null,"paresharrigh":1.37104468299E9,"minysharrigh":null,"righaggritse":null,"rightaggrform":null,"righaggr":1.37104468299E9,"rightotitse":null,"rightotform":null,"totliabsharequi":1.68438867719E9,"settresedepo":null,"plac":null,"derifinaasset":null,"reinrece":null,"reincontrese":null,"purcresaasset":null,"cenbankborr":null,"deposit":null,"fdsborr":null,"deriliab":null,"sellrepasse":null,"copepoun":null,"insucontrese":null,"actitradsecu":null,"actiundesecu":null},{"compcode":"80155181","publishdate":"20101122","reportdate":"20100930","reporttype":"100111","adjustdate":"19000101","accstacode":"2","accstaname":"新会计准则","curfds":2.0289053018E8,"tradfinasset":0.0,"notesrece":1.0716298893E8,"accorece":6.297176301E7,"prep":1.505638299E7,"premrece":0.0,"interece":0.0,"dividrece":0.0,"otherrece":5430672.22,"expotaxrebarece":0.0,"subsrece":0.0,"margrece":0.0,"intelrece":0.0,"inve":2.399781544E8,"prepexpe":0.0,"unseg":0.0,"expinoncurrasset":0.0,"othercurrasse":0.0,"currassetitse":null,"currasseform":null,"totcurrasset":6.3349049173E8,"lendandloan":0.0,"avaisellasse":0.0,"holdinvedue":0.0,"longrece":0.0,"equiinve":0.0,"otherlonginve":0.0,"inveprop":0.0,"fixedasseimmo":0.0,"accudepr":0.0,"fixedassenetw":0.0,"fixedasseimpa":0.0,"fixedassenet":7.116800024E7,"consprog":8129633.35,"engimate":0.0,"fixedasseclea":0.0,"prodasse":0.0,"comasse":0.0,"hydrasset":0.0,"intaasset":3.632034993E7,"deveexpe":0.0,"goodwill":0.0,"logprepexpe":0.0,"tradshartrad":0.0,"defetaxasset":9319721.85,"othernoncasse":0.0,"noncasseitse":null,"noncasseform":null,"totalnoncassets":1.2493770537E8,"totassetitse":null,"totalasseform":null,"totasset":7.584281971E8,"shorttermborr":0.0,"tradfinliab":0.0,"notespaya":0.0,"accopaya":1.0439582635E8,"advapaym":1.0074048206E8,"copeworkersal":464628.37,"taxespaya":2.330934603E7,"intepaya":0.0,"divipaya":0.0,"otherfeepaya":0.0,"margrequ":0.0,"intelpay":0.0,"otherpay":1.0152518212E8,"accrexpe":0.0,"expecurrliab":0.0,"copewithreinrece":0.0,"inteticksett":0.0,"dometicksett":0.0,"defereve":0.0,"shorttermbdspaya":0.0,"duenoncliab":0.0,"othercurreliabi":0.0,"currliabitse":null,"currliabform":null,"totalcurrliab":3.3043546493E8,"longborr":0.0,"bdspaya":0.0,"longpaya":0.0,"specpaya":0.0,"expenoncliab":0.0,"longdefeinco":0.0,"defeincotaxliab":0.0,"othernoncliabi":0.0,"longliabitse":null,"longliabform":null,"totalnoncliab":0.0,"totliabitse":null,"totliabform":null,"totliab":3.3043546493E8,"paidincapi":1.2E8,"capisurp":2.0259271637E8,"treastk":0.0,"specrese":0.0,"rese":1.751408277E7,"generiskrese":0.0,"unreinveloss":0.0,"undiprof":8.788593303E7,"topaycashdivi":0.0,"curtrandiff":0.0,"sharrighitse":null,"sharrightform":null,"paresharrigh":4.2799273217E8,"minysharrigh":0.0,"righaggritse":null,"rightaggrform":null,"righaggr":4.2799273217E8,"rightotitse":null,"rightotform":null,"totliabsharequi":7.584281971E8,"settresedepo":0.0,"plac":0.0,"derifinaasset":0.0,"reinrece":0.0,"reincontrese":0.0,"purcresaasset":0.0,"cenbankborr":0.0,"deposit":0.0,"fdsborr":0.0,"deriliab":0.0,"sellrepasse":0.0,"copepoun":0.0,"insucontrese":0.0,"actitradsecu":0.0,"actiundesecu":0.0},{"compcode":"80155181","publishdate":"20101102","reportdate":"20100630","reporttype":"100111","adjustdate":"19000101","accstacode":"2","accstaname":"新会计准则","curfds":2.8435928952E8,"tradfinasset":0.0,"notesrece":8.111532972E7,"accorece":8.404669733E7,"prep":8345894.77,"premrece":0.0,"interece":0.0,"dividrece":0.0,"otherrece":3288879.12,"expotaxrebarece":0.0,"subsrece":0.0,"margrece":0.0,"intelrece":0.0,"inve":2.1549514251E8,"prepexpe":0.0,"unseg":0.0,"expinoncurrasset":0.0,"othercurrasse":0.0,"currassetitse":null,"currasseform":null,"totcurrasset":6.7665123297E8,"lendandloan":0.0,"avaisellasse":0.0,"holdinvedue":0.0,"longrece":0.0,"equiinve":0.0,"otherlonginve":0.0,"inveprop":0.0,"fixedasseimmo":1.3224669748E8,"accudepr":6.151754392E7,"fixedassenetw":7.072915356E7,"fixedasseimpa":0.0,"fixedassenet":7.072915356E7,"consprog":1810000.0,"engimate":0.0,"fixedasseclea":0.0,"prodasse":0.0,"comasse":0.0,"hydrasset":0.0,"intaasset":3.652734498E7,"deveexpe":0.0,"goodwill":0.0,"logprepexpe":0.0,"tradshartrad":0.0,"defetaxasset":9566255.66,"othernoncasse":0.0,"noncasseitse":null,"noncasseform":null,"totalnoncassets":1.186327542E8,"totassetitse":null,"totalasseform":null,"totasset":7.9528398717E8,"shorttermborr":0.0,"tradfinliab":0.0,"notespaya":0.0,"accopaya":1.0523491187E8,"advapaym":9.132658067E7,"copeworkersal":3080933.17,"taxespaya":2.623602299E7,"intepaya":0.0,"divipaya":8.783450152E7,"otherfeepaya":0.0,"margrequ":0.0,"intelpay":0.0,"otherpay":8.652213513E7,"accrexpe":0.0,"expecurrliab":0.0,"copewithreinrece":0.0,"inteticksett":0.0,"dometicksett":0.0,"defereve":0.0,"shorttermbdspaya":0.0,"duenoncliab":0.0,"othercurreliabi":0.0,"currliabitse":null,"currliabform":null,"totalcurrliab":4.0023508535E8,"longborr":0.0,"bdspaya":0.0,"longpaya":0.0,"specpaya":0.0,"expenoncliab":0.0,"longdefeinco":0.0,"defeincotaxliab":0.0,"othernoncliabi":0.0,"longliabitse":null,"longliabform":null,"totalnoncliab":0.0,"totliabitse":null,"totliabform":null,"totliab":4.0023508535E8,"paidincapi":1.2E8,"capisurp":2.0259271637E8,"treastk":0.0,"specrese":0.0,"rese":1.751408277E7,"generiskrese":0.0,"unreinveloss":0.0,"undiprof":5.494210268E7,"topaycashdivi":0.0,"curtrandiff":0.0,"sharrighitse":null,"sharrightform":null,"paresharrigh":3.9504890182E8,"minysharrigh":0.0,"righaggritse":null,"rightaggrform":null,"righaggr":3.9504890182E8,"rightotitse":null,"rightotform":null,"totliabsharequi":7.9528398717E8,"settresedepo":0.0,"plac":0.0,"derifinaasset":0.0,"reinrece":0.0,"reincontrese":0.0,"purcresaasset":0.0,"cenbankborr":0.0,"deposit":0.0,"fdsborr":0.0,"deriliab":0.0,"sellrepasse":0.0,"copepoun":0.0,"insucontrese":0.0,"actitradsecu":0.0,"actiundesecu":0.0},{"compcode":"80155181","publishdate":"20101102","reportdate":"20091231","reporttype":"100111","adjustdate":"19000101","accstacode":"2","accstaname":"新会计准则","curfds":1.753140208E8,"tradfinasset":0.0,"notesrece":6.779883081E7,"accorece":9.164146641E7,"prep":7388650.45,"premrece":0.0,"interece":0.0,"dividrece":0.0,"otherrece":2554054.61,"expotaxrebarece":0.0,"subsrece":0.0,"margrece":0.0,"intelrece":0.0,"inve":1.9498897724E8,"prepexpe":0.0,"unseg":0.0,"expinoncurrasset":0.0,"othercurrasse":0.0,"currassetitse":null,"currasseform":null,"totcurrasset":5.3968600032E8,"lendandloan":0.0,"avaisellasse":0.0,"holdinvedue":0.0,"longrece":0.0,"equiinve":0.0,"otherlonginve":0.0,"inveprop":0.0,"fixedasseimmo":1.2841080248E8,"accudepr":5.845807423E7,"fixedassenetw":6.995272825E7,"fixedasseimpa":0.0,"fixedassenet":6.995272825E7,"consprog":0.0,"engimate":0.0,"fixedasseclea":0.0,"prodasse":0.0,"comasse":0.0,"hydrasset":0.0,"intaasset":3.637835498E7,"deveexpe":0.0,"goodwill":0.0,"logprepexpe":0.0,"tradshartrad":0.0,"defetaxasset":2424721.38,"othernoncasse":0.0,"noncasseitse":null,"noncasseform":null,"totalnoncassets":1.0875580461E8,"totassetitse":null,"totalasseform":null,"totasset":6.4844180493E8,"shorttermborr":0.0,"tradfinliab":0.0,"notespaya":0.0,"accopaya":1.0537801985E8,"advapaym":6.736805321E7,"copeworkersal":8287441.12,"taxespaya":1.030898383E7,"intepaya":0.0,"divipaya":0.0,"otherfeepaya":0.0,"margrequ":0.0,"intelpay":0.0,"otherpay":3.523012973E7,"accrexpe":0.0,"expecurrliab":0.0,"copewithreinrece":0.0,"inteticksett":0.0,"dometicksett":0.0,"defereve":0.0,"shorttermbdspaya":0.0,"duenoncliab":0.0,"othercurreliabi":0.0,"currliabitse":null,"currliabform":null,"totalcurrliab":2.2657262774E8,"longborr":0.0,"bdspaya":0.0,"longpaya":0.0,"specpaya":0.0,"expenoncliab":0.0,"longdefeinco":0.0,"defeincotaxliab":0.0,"othernoncliabi":0.0,"longliabitse":null,"longliabform":null,"totalnoncliab":0.0,"totliabitse":null,"totliabform":null,"totliab":2.2657262774E8,"paidincapi":1.2E8,"capisurp":2.0259271637E8,"treastk":0.0,"specrese":0.0,"rese":1.14419593E7,"generiskrese":0.0,"unreinveloss":0.0,"undiprof":8.783450152E7,"topaycashdivi":0.0,"curtrandiff":0.0,"sharrighitse":null,"sharrightform":null,"paresharrigh":4.2186917719E8,"minysharrigh":0.0,"righaggritse":null,"rightaggrform":null,"righaggr":4.2186917719E8,"rightotitse":null,"rightotform":null,"totliabsharequi":6.4844180493E8,"settresedepo":0.0,"plac":0.0,"derifinaasset":0.0,"reinrece":0.0,"reincontrese":0.0,"purcresaasset":0.0,"cenbankborr":0.0,"deposit":0.0,"fdsborr":0.0,"deriliab":0.0,"sellrepasse":0.0,"copepoun":0.0,"insucontrese":0.0,"actitradsecu":0.0,"actiundesecu":0.0},{"compcode":"80155181","publishdate":"20101102","reportdate":"20081231","reporttype":"100111","adjustdate":"19000101","accstacode":"2","accstaname":"新会计准则","curfds":6.406761574E7,"tradfinasset":0.0,"notesrece":4.865332776E7,"accorece":8.738202454E7,"prep":3265456.48,"premrece":0.0,"interece":0.0,"dividrece":0.0,"otherrece":1592036.0,"expotaxrebarece":null,"subsrece":null,"margrece":null,"intelrece":null,"inve":1.8910444986E8,"prepexpe":null,"unseg":null,"expinoncurrasset":0.0,"othercurrasse":0.0,"currassetitse":null,"currasseform":null,"totcurrasset":3.9406491038E8,"lendandloan":0.0,"avaisellasse":0.0,"holdinvedue":0.0,"longrece":0.0,"equiinve":0.0,"otherlonginve":null,"inveprop":0.0,"fixedasseimmo":null,"accudepr":null,"fixedassenetw":null,"fixedasseimpa":null,"fixedassenet":7.442434386E7,"consprog":0.0,"engimate":0.0,"fixedasseclea":0.0,"prodasse":0.0,"comasse":null,"hydrasset":0.0,"intaasset":2.342221477E7,"deveexpe":0.0,"goodwill":0.0,"logprepexpe":0.0,"tradshartrad":null,"defetaxasset":3033815.74,"othernoncasse":0.0,"noncasseitse":null,"noncasseform":null,"totalnoncassets":1.0088037437E8,"totassetitse":null,"totalasseform":null,"totasset":4.9494528475E8,"shorttermborr":0.0,"tradfinliab":0.0,"notespaya":0.0,"accopaya":6.598803468E7,"advapaym":4.527668108E7,"copeworkersal":5482055.5,"taxespaya":1.418632533E7,"intepaya":0.0,"divipaya":0.0,"otherfeepaya":null,"margrequ":null,"intelpay":null,"otherpay":2.397247619E7,"accrexpe":null,"expecurrliab":null,"copewithreinrece":0.0,"inteticksett":null,"dometicksett":null,"defereve":null,"shorttermbdspaya":null,"duenoncliab":0.0,"othercurreliabi":0.0,"currliabitse":null,"currliabform":null,"totalcurrliab":1.5490557278E8,"longborr":0.0,"bdspaya":0.0,"longpaya":0.0,"specpaya":0.0,"expenoncliab":null,"longdefeinco":null,"defeincotaxliab":0.0,"othernoncliabi":0.0,"longliabitse":null,"longliabform":null,"totalnoncliab":0.0,"totliabitse":null,"totliabform":null,"totliab":1.5490557278E8,"paidincapi":1.2E8,"capisurp":2.0259271637E8,"treastk":0.0,"specrese":0.0,"rese":3382420.39,"generiskrese":0.0,"unreinveloss":null,"undiprof":1.406457521E7,"topaycashdivi":null,"curtrandiff":0.0,"sharrighitse":null,"sharrightform":null,"paresharrigh":3.4003971197E8,"minysharrigh":0.0,"righaggritse":null,"rightaggrform":null,"righaggr":3.4003971197E8,"rightotitse":null,"rightotform":null,"totliabsharequi":4.9494528475E8,"settresedepo":0.0,"plac":0.0,"derifinaasset":null,"reinrece":0.0,"reincontrese":0.0,"purcresaasset":0.0,"cenbankborr":0.0,"deposit":0.0,"fdsborr":0.0,"deriliab":null,"sellrepasse":0.0,"copepoun":0.0,"insucontrese":0.0,"actitradsecu":0.0,"actiundesecu":0.0},{"compcode":"80155181","publishdate":"20101102","reportdate":"20071231","reporttype":"100111","adjustdate":"19000101","accstacode":"2","accstaname":"新会计准则","curfds":1.574015618E7,"tradfinasset":0.0,"notesrece":0.0,"accorece":8.632915869E7,"prep":7552196.3,"premrece":0.0,"interece":0.0,"dividrece":0.0,"otherrece":5597991.67,"expotaxrebarece":null,"subsrece":null,"margrece":null,"intelrece":null,"inve":1.8389191688E8,"prepexpe":null,"unseg":null,"expinoncurrasset":0.0,"othercurrasse":0.0,"currassetitse":null,"currasseform":null,"totcurrasset":2.9911141972E8,"lendandloan":0.0,"avaisellasse":0.0,"holdinvedue":0.0,"longrece":0.0,"equiinve":0.0,"otherlonginve":null,"inveprop":0.0,"fixedasseimmo":null,"accudepr":null,"fixedassenetw":null,"fixedasseimpa":null,"fixedassenet":7.749400856E7,"consprog":0.0,"engimate":0.0,"fixedasseclea":0.0,"prodasse":0.0,"comasse":null,"hydrasset":0.0,"intaasset":2.418166885E7,"deveexpe":0.0,"goodwill":6053551.97,"logprepexpe":0.0,"tradshartrad":null,"defetaxasset":2915537.25,"othernoncasse":0.0,"noncasseitse":null,"noncasseform":null,"totalnoncassets":1.1064476663E8,"totassetitse":null,"totalasseform":null,"totasset":4.0975618635E8,"shorttermborr":2.5E7,"tradfinliab":0.0,"notespaya":0.0,"accopaya":7.626677872E7,"advapaym":8.205148861E7,"copeworkersal":5712212.55,"taxespaya":1.479575169E7,"intepaya":0.0,"divipaya":0.0,"otherfeepaya":null,"margrequ":null,"intelpay":null,"otherpay":6.434688386E7,"accrexpe":null,"expecurrliab":null,"copewithreinrece":0.0,"inteticksett":null,"dometicksett":null,"defereve":null,"shorttermbdspaya":null,"duenoncliab":0.0,"othercurreliabi":0.0,"currliabitse":null,"currliabform":null,"totalcurrliab":2.6817311543E8,"longborr":0.0,"bdspaya":0.0,"longpaya":0.0,"specpaya":0.0,"expenoncliab":null,"longdefeinco":null,"defeincotaxliab":0.0,"othernoncliabi":0.0,"longliabitse":null,"longliabform":null,"totalnoncliab":0.0,"totliabitse":null,"totliabform":null,"totliab":2.6817311543E8,"paidincapi":4.46E7,"capisurp":6.410942103E7,"treastk":0.0,"specrese":0.0,"rese":4481371.47,"generiskrese":0.0,"unreinveloss":null,"undiprof":2.778696446E7,"topaycashdivi":null,"curtrandiff":0.0,"sharrighitse":null,"sharrightform":null,"paresharrigh":1.4097775696E8,"minysharrigh":605313.96,"righaggritse":null,"rightaggrform":null,"righaggr":1.4158307092E8,"rightotitse":null,"rightotform":null,"totliabsharequi":4.0975618635E8,"settresedepo":0.0,"plac":0.0,"derifinaasset":null,"reinrece":0.0,"reincontrese":0.0,"purcresaasset":0.0,"cenbankborr":0.0,"deposit":0.0,"fdsborr":0.0,"deriliab":null,"sellrepasse":0.0,"copepoun":0.0,"insucontrese":0.0,"actitradsecu":0.0,"actiundesecu":0.0}],"comptype":4,"name":"老板电器"}