{"SZ002035":{"symbol":"SZ002035","exchange":"SZ","code":"002035","name":"华帝股份","current":"29.83","percentage":"0.0","change":"0.00","open":"29.83","high":"30.22","low":"29.58","close":"29.83","last_close":"29.83","high52week":"35.5","low52week":"19.37","volume":"4152919.0","lot_volume":"41529.19","volumeAverage":"8180071","marketCapital":"1.735396293589E10","eps":"0.54","pe_ttm":"34.136","pe_lyr":"34.136","beta":"0.0","totalShares":"581762083","time":"Fri Mar 09 15:04:03 +0800 2018","afterHours":"0.0","afterHoursPct":"0.0","afterHoursChg":"0.0","afterHoursTime":"Wed Oct 19 21:59:01 -0400 2011","updateAt":"1513578769061","dividend":"0.3","yield":"1.01","turnover_rate":"0.80%","instOwn":"0.0","rise_stop":"32.81","fall_stop":"26.85","currency_unit":"CNY","amount":"1.2386090674E8","net_assets":"3.3644","hasexist":"","has_warrant":"0","type":"11","flag":"1","rest_day":"","amplitude":"2.15%","market_status":"休市","lot_size":"100","min_order_quantity":"0","max_order_quantity":"0","tick_size":"0.01","variable_tick_size":"","kzz_stock_symbol":"","kzz_stock_name":"","kzz_stock_current":"0.0","kzz_convert_price":"0.0","kzz_covert_value":"0.0","kzz_cpr":"0.0","kzz_putback_price":"0.0","kzz_convert_time":"","kzz_redempt_price":"0.0","kzz_straight_price":"0.0","kzz_stock_percent":"","pb":"8.87","benefit_before_tax":"0.0","benefit_after_tax":"0.0","convert_bond_ratio":"","totalissuescale":"","outstandingamt":"","maturitydate":"","remain_year":"","convertrate":"0.0","interestrtmemo":"","release_date":"","circulation":"0.0","par_value":"0.0","due_time":"0.0","value_date":"","due_date":"","publisher":"","redeem_type":"F","issue_type":"3","bond_type":"","warrant":"","sale_rrg":"","rate":"","after_hour_vol":"0","float_shares":"520837467","float_market_capital":"1.553658164061E10","disnext_pay_date":"","convert_rate":"0.0","volume_ratio":"0.96","percent5m":"0.13","pankou_ratio":"76.08%","psr":"3.2378"}}