{"SZ002035": {"redeem_type": "F", "kzz_convert_time": "", "code": "002035", "kzz_stock_name": "", "remain_year": "", "marketCapital": "1.744122724834E10", "sale_rrg": "", "current": "29.98", "tick_size": "0.01", "fall_stop": "25.75", "outstandingamt": "", "after_hour_vol": "0", "kzz_covert_value": "0.0", "afterHoursTime": "Wed Oct 19 21:59:01 -0400 2011", "warrant": "", "due_date": "", "kzz_redempt_price": "0.0", "high52week": "30.08", "psr": "3.3119", "afterHoursPct": "0.0", "currency_unit": "CNY", "name": "\u534e\u5e1d\u80a1\u4efd", "yield": "1.05", "lot_size": "100", "low52week": "14.86", "convert_bond_ratio": "", "rate": "", "close": "29.98", "turnover_rate": "1.03%", "afterHoursChg": "0.0", "kzz_stock_percent": "", "percent5m": "0.57", "volume_ratio": "1.21", "exchange": "SZ", "last_close": "28.61", "dividend": "0.3", "lot_volume": "53103.38", "change": "1.37", "publisher": "", "kzz_convert_price": "0.0", "hasexist": "", "amount": "1.57648741E8", "issue_type": "3", "has_warrant": "0", "pankou_ratio": "-69.84%", "pe_lyr": "53.2521", "benefit_before_tax": "0.0", "convert_rate": "0.0", "afterHours": "0.0", "par_value": "0.0", "maturitydate": "", "open": "28.65", "convertrate": "0.0", "kzz_stock_symbol": "", "pb": "8.91", "kzz_stock_current": "0.0", "low": "28.65", "time": "Mon Oct 23 15:04:03 +0800 2017", "percentage": "4.79", "type": "11", "rise_stop": "31.47", "kzz_cpr": "0.0", "benefit_after_tax": "0.0", "net_assets": "3.3644", "volume": "5310338.0", "flag": "1", "updateAt": "1508547604882", "totalissuescale": "", "circulation": "0.0", "amplitude": "5.00%", "release_date": "", "kzz_straight_price": "0.0", "interestrtmemo": "", "float_market_capital": "1.552026873168E10", "high": "30.08", "pe_ttm": "39.8203", "market_status": "\u5df2\u6536\u76d8", "max_order_quantity": "0", "due_time": "0.0", "min_order_quantity": "0", "volumeAverage": "8180071", "bond_type": "", "symbol": "SZ002035", "instOwn": "0.0", "rest_day": "", "beta": "0.0", "variable_tick_size": "", "eps": "0.54", "value_date": "", "float_shares": "517687416", "totalShares": "581762083", "disnext_pay_date": "", "kzz_putback_price": "0.0"}}