{"list": [{"nonoreve": 43234269.47, "unreinveloss": null, "capitalreserve": null, "inteinco": null, "profreturninvest": null, "avaidistshareprof": null, "preferredskdiv": null, "welfare": null, "minysharrigh": -8352991.21, "otherbizprof": null, "biztotincoitse": null, "capitalizeddivi": null, "realsale": null, "subsidyincome": null, "adjustdate": "20171028", "netpro1itse": null, "enddate": "20170930", "otherdistprof": null, "operprofform": null, "legalsurp": null, "netpro2form": null, "parecompincoamt": 5581492652.84, "realsalecost": null, "contress": null, "pounexpe": null, "noncassetsdisl": 7680531.26, "parenetp": 5581662088.05, "parecompinco": -169435.21, "accpolicychg": null, "surrgold": null, "custinco": null, "netprofit": 5573309096.84, "proftotform": null, "dilutedeps": 3.7, "valuechgloss": null, "reservefund": null, "asseimpaloss": 17484749.9, "finexpe": -34014641.21, "compnetexpe": null, "biztotincoform": null, "debtrestruloss": null, "earnprem": null, "nonoexpe": 14673441.99, "assoinveprof": -1005934.18, "minysharinco": -4564.45, "otherbizcost": null, "supplycurcap": null, "basiceps": 3.7, "biztotcostform": null, "inteexpe": null, "inveinco": 363252021.66, "freesurplu": null, "otherbizinco": null, "totprofit": 7453083651.79, "accstacode": "2", "developfund": null, "exchggain": null, "mergeformnetprof": null, "compcode": "80100662", "pouninco": null, "netpro2itse": null, "incotaxexpe": 1879774554.95, "othercompinco": -173999.66, "biztotcost": 9817055229.63, "undisprofit": null, "biztax": 557558898.83, "accestimatechg": null, "bizprofitse": null, "netpro1form": null, "manaexpe": 1299488069.32, "dealwithdivi": null, "selldepartgain": null, "deveexpe": null, "begindate": "20170101", "compincoamt": 5573135097.18, "proftotitse": null, "undisprofredu": null, "otherinto": null, "publishdate": "20171028", "futuloss": null, "staffaward": null, "perprofit": 7424522824.31, "salesexpe": 1605461834.93, "bizinco": 16878326032.28, "biztotcostitse": null, "minysharincoamt": -8357555.66, "accstaname": "\u65b0\u4f1a\u8ba1\u51c6\u5219", "reporttype": "100111", "earlyundiprof": null, "bizcost": 6371076317.86, "polidiviexpe": null, "reinexpe": null, "biztotinco": 16878326032.28, "othersupply": null, "natudisasterloss": null}, {"nonoreve": 30480521.91, "unreinveloss": null, "capitalreserve": null, "inteinco": null, "profreturninvest": null, "avaidistshareprof": null, "preferredskdiv": null, "welfare": null, "minysharrigh": -8143181.7, "otherbizprof": null, "biztotincoitse": null, "capitalizeddivi": null, "realsale": null, "subsidyincome": null, "adjustdate": "20170829", "netpro1itse": null, "enddate": "20170630", "otherdistprof": null, "operprofform": null, "legalsurp": null, "netpro2form": null, "parecompincoamt": 3908148137.06, "realsalecost": null, "contress": null, "pounexpe": null, "noncassetsdisl": 6650363.41, "parenetp": 3908260474.95, "parecompinco": -112337.89, "accpolicychg": null, "surrgold": null, "custinco": null, "netprofit": 3900117293.25, "proftotform": null, "dilutedeps": 2.59, "valuechgloss": null, "reservefund": null, "asseimpaloss": 6392335.47, "finexpe": -34091176.13, "compnetexpe": null, "biztotincoform": null, "debtrestruloss": null, "earnprem": null, "nonoexpe": 9566691.38, "assoinveprof": -1851464.55, "minysharinco": -5228.66, "otherbizcost": null, "supplycurcap": null, "basiceps": 2.59, "biztotcostform": null, "inteexpe": null, "inveinco": 246245190.73, "freesurplu": null, "otherbizinco": null, "totprofit": 5221785049.75, "accstacode": "2", "developfund": null, "exchggain": null, "mergeformnetprof": null, "compcode": "80100662", "pouninco": null, "netpro2itse": null, "incotaxexpe": 1321667756.5, "othercompinco": -117566.55, "biztotcost": 6575865045.69, "undisprofit": null, "biztax": 223477296.55, "accestimatechg": null, "bizprofitse": null, "netpro1form": null, "manaexpe": 799994253.11, "dealwithdivi": null, "selldepartgain": null, "deveexpe": null, "begindate": "20170101", "compincoamt": 3899999726.7, "proftotitse": null, "undisprofredu": null, "otherinto": null, "publishdate": "20170829", "futuloss": null, "staffaward": null, "perprofit": 5200871219.22, "salesexpe": 956290842.81, "bizinco": 11530491074.18, "biztotcostitse": null, "minysharincoamt": -8148410.36, "accstaname": "\u65b0\u4f1a\u8ba1\u51c6\u5219", "reporttype": "100111", "earlyundiprof": null, "bizcost": 4623801493.88, "polidiviexpe": null, "reinexpe": null, "biztotinco": 11530491074.18, "othersupply": null, "natudisasterloss": null}, {"nonoreve": 11028453.72, "unreinveloss": null, "capitalreserve": null, "inteinco": null, "profreturninvest": null, "avaidistshareprof": null, "preferredskdiv": null, "welfare": null, "minysharrigh": -5339538.13, "otherbizprof": null, "biztotincoitse": null, "capitalizeddivi": null, "realsale": null, "subsidyincome": null, "adjustdate": "20170428", "netpro1itse": null, "enddate": "20170331", "otherdistprof": null, "operprofform": null, "legalsurp": null, "netpro2form": null, "parecompincoamt": 2742951084.26, "realsalecost": null, "contress": null, "pounexpe": null, "noncassetsdisl": 4600571.98, "parenetp": 2742957007.05, "parecompinco": -5922.79, "accpolicychg": null, "surrgold": null, "custinco": null, "netprofit": 2737617468.92, "proftotform": null, "dilutedeps": 1.82, "valuechgloss": null, "reservefund": null, "asseimpaloss": 7223382.78, "finexpe": -19138230.58, "compnetexpe": null, "biztotincoform": null, "debtrestruloss": null, "earnprem": null, "nonoexpe": 6527421.75, "assoinveprof": -404519.09, "minysharinco": 2860.43, "otherbizcost": null, "supplycurcap": null, "basiceps": 1.82, "biztotcostform": null, "inteexpe": null, "inveinco": 107575018.75, "freesurplu": null, "otherbizinco": null, "totprofit": 3658896585.16, "accstacode": "2", "developfund": null, "exchggain": null, "mergeformnetprof": null, "compcode": "80100662", "pouninco": null, "netpro2itse": null, "incotaxexpe": 921279116.24, "othercompinco": -3062.36, "biztotcost": 4041757171.24, "undisprofit": null, "biztax": 146365847.37, "accestimatechg": null, "bizprofitse": null, "netpro1form": null, "manaexpe": 458519929.57, "dealwithdivi": null, "selldepartgain": null, "deveexpe": null, "begindate": "20170101", "compincoamt": 2737614406.56, "proftotitse": null, "undisprofredu": null, "otherinto": null, "publishdate": "20170428", "futuloss": null, "staffaward": null, "perprofit": 3654395553.19, "salesexpe": 506874763.47, "bizinco": 7588577705.68, "biztotcostitse": null, "minysharincoamt": -5336677.7, "accstaname": "\u65b0\u4f1a\u8ba1\u51c6\u5219", "reporttype": "100111", "earlyundiprof": null, "bizcost": 2941911478.63, "polidiviexpe": null, "reinexpe": null, "biztotinco": 7588577705.68, "othersupply": null, "natudisasterloss": null}, {"nonoreve": 45877768.15, "unreinveloss": null, "capitalreserve": null, "inteinco": null, "profreturninvest": null, "avaidistshareprof": null, "preferredskdiv": null, "welfare": null, "minysharrigh": -22239756.89, "otherbizprof": null, "biztotincoitse": null, "capitalizeddivi": null, "realsale": null, "subsidyincome": null, "adjustdate": "20170428", "netpro1itse": null, "enddate": "20161231", "otherdistprof": null, "operprofform": null, "legalsurp": null, "netpro2form": null, "parecompincoamt": 5828294183.44, "realsalecost": null, "contress": null, "pounexpe": null, "noncassetsdisl": 6551591.02, "parenetp": 5827168870.88, "parecompinco": 1125312.56, "accpolicychg": null, "surrgold": null, "custinco": null, "netprofit": 5804929113.99, "proftotform": null, "dilutedeps": 3.87, "valuechgloss": null, "reservefund": null, "asseimpaloss": 47998911.0, "finexpe": -8947212.14, "compnetexpe": null, "biztotincoform": null, "debtrestruloss": null, "earnprem": null, "nonoexpe": 12196845.92, "assoinveprof": -3893529.35, "minysharinco": 17748.47, "otherbizcost": null, "supplycurcap": null, "basiceps": 3.87, "biztotcostform": null, "inteexpe": null, "inveinco": 547210021.5, "freesurplu": null, "otherbizinco": null, "totprofit": 7760965563.74, "accstacode": "2", "developfund": null, "exchggain": null, "mergeformnetprof": null, "compcode": "80100662", "pouninco": null, "netpro2itse": null, "incotaxexpe": 1956036449.75, "othercompinco": 1143061.03, "biztotcost": 10003035000.07, "undisprofit": null, "biztax": 309567399.64, "accestimatechg": null, "bizprofitse": null, "netpro1form": null, "manaexpe": 1582435251.45, "dealwithdivi": null, "selldepartgain": null, "deveexpe": null, "begindate": "20160101", "compincoamt": 5806072175.02, "proftotitse": null, "undisprofredu": null, "otherinto": null, "publishdate": "20170428", "futuloss": null, "staffaward": null, "perprofit": 7727284641.51, "salesexpe": 1869001821.53, "bizinco": 17183109620.08, "biztotcostitse": null, "minysharincoamt": -22222008.42, "accstaname": "\u65b0\u4f1a\u8ba1\u51c6\u5219", "reporttype": "100111", "earlyundiprof": null, "bizcost": 6202978828.59, "polidiviexpe": null, "reinexpe": null, "biztotinco": 17183109620.08, "othersupply": null, "natudisasterloss": null}, {"nonoreve": 21957881.08, "unreinveloss": null, "capitalreserve": null, "inteinco": null, "profreturninvest": null, "avaidistshareprof": null, "preferredskdiv": null, "welfare": null, "minysharrigh": -16420244.86, "otherbizprof": null, "biztotincoitse": null, "capitalizeddivi": null, "realsale": null, "subsidyincome": null, "adjustdate": "20161028", "netpro1itse": null, "enddate": "20160930", "otherdistprof": null, "operprofform": null, "legalsurp": null, "netpro2form": null, "parecompincoamt": 4839338416.22, "realsalecost": null, "contress": null, "pounexpe": null, "noncassetsdisl": 6095887.48, "parenetp": 4839158417.69, "parecompinco": 179998.53, "accpolicychg": null, "surrgold": null, "custinco": null, "netprofit": 4822738172.83, "proftotform": null, "dilutedeps": 3.21, "valuechgloss": null, "reservefund": null, "asseimpaloss": 21338318.02, "finexpe": -25445046.18, "compnetexpe": null, "biztotincoform": null, "debtrestruloss": null, "earnprem": null, "nonoexpe": 9921344.89, "assoinveprof": -3239457.93, "minysharinco": null, "otherbizcost": null, "supplycurcap": null, "basiceps": 3.21, "biztotcostform": null, "inteexpe": null, "inveinco": 267042965.32, "freesurplu": null, "otherbizinco": null, "totprofit": 6440525993.08, "accstacode": "2", "developfund": null, "exchggain": null, "mergeformnetprof": null, "compcode": "80100662", "pouninco": null, "netpro2itse": null, "incotaxexpe": 1617787820.25, "othercompinco": 179998.53, "biztotcost": 8505632899.14, "undisprofit": null, "biztax": 234477497.29, "accestimatechg": null, "bizprofitse": null, "netpro1form": null, "manaexpe": 1209259128.7, "dealwithdivi": null, "selldepartgain": null, "deveexpe": null, "begindate": "20160101", "compincoamt": 4822918171.36, "proftotitse": null, "undisprofredu": null, "otherinto": null, "publishdate": "20161028", "futuloss": null, "staffaward": null, "perprofit": 6428489456.89, "salesexpe": 1330198551.51, "bizinco": 14667079390.71, "biztotcostitse": null, "minysharincoamt": -16420244.86, "accstaname": "\u65b0\u4f1a\u8ba1\u51c6\u5219", "reporttype": "100111", "earlyundiprof": null, "bizcost": 5735804449.8, "polidiviexpe": null, "reinexpe": null, "biztotinco": 14667079390.71, "othersupply": null, "natudisasterloss": null}, {"nonoreve": 12742512.53, "unreinveloss": null, "capitalreserve": null, "inteinco": null, "profreturninvest": null, "avaidistshareprof": null, "preferredskdiv": null, "welfare": null, "minysharrigh": -4358394.02, "otherbizprof": null, "biztotincoitse": null, "capitalizeddivi": null, "realsale": null, "subsidyincome": null, "adjustdate": "20160827", "netpro1itse": null, "enddate": "20160630", "otherdistprof": null, "operprofform": null, "legalsurp": null, "netpro2form": null, "parecompincoamt": 3423787354.49, "realsalecost": null, "contress": null, "pounexpe": null, "noncassetsdisl": 5232600.53, "parenetp": 3423805126.79, "parecompinco": -17772.3, "accpolicychg": null, "surrgold": null, "custinco": null, "netprofit": 3419446732.77, "proftotform": null, "dilutedeps": 2.27, "valuechgloss": null, "reservefund": null, "asseimpaloss": -158042.67, "finexpe": -28737363.73, "compnetexpe": null, "biztotincoform": null, "debtrestruloss": null, "earnprem": null, "nonoexpe": 5934926.59, "assoinveprof": -3332089.67, "minysharinco": null, "otherbizcost": null, "supplycurcap": null, "basiceps": 2.27, "biztotcostform": null, "inteexpe": null, "inveinco": 150481081.97, "freesurplu": null, "otherbizinco": null, "totprofit": 4555309622.81, "accstacode": "2", "developfund": null, "exchggain": null, "mergeformnetprof": null, "compcode": "80100662", "pouninco": null, "netpro2itse": null, "incotaxexpe": 1135862890.04, "othercompinco": -17772.3, "biztotcost": 5795578336.82, "undisprofit": null, "biztax": 162047048.76, "accestimatechg": null, "bizprofitse": null, "netpro1form": null, "manaexpe": 818347509.16, "dealwithdivi": null, "selldepartgain": null, "deveexpe": null, "begindate": "20160101", "compincoamt": 3419428960.47, "proftotitse": null, "undisprofredu": null, "otherinto": null, "publishdate": "20160827", "futuloss": null, "staffaward": null, "perprofit": 4548502036.87, "salesexpe": 834496994.51, "bizinco": 10193599291.72, "biztotcostitse": null, "minysharincoamt": -4358394.02, "accstaname": "\u65b0\u4f1a\u8ba1\u51c6\u5219", "reporttype": "100111", "earlyundiprof": null, "bizcost": 4009582190.79, "polidiviexpe": null, "reinexpe": null, "biztotinco": 10193599291.72, "othersupply": null, "natudisasterloss": null}, {"nonoreve": 3788185.32, "unreinveloss": null, "capitalreserve": null, "inteinco": null, "profreturninvest": null, "avaidistshareprof": null, "preferredskdiv": null, "welfare": null, "minysharrigh": 52997.86, "otherbizprof": null, "biztotincoitse": null, "capitalizeddivi": null, "realsale": null, "subsidyincome": null, "adjustdate": "20160426", "netpro1itse": null, "enddate": "20160331", "otherdistprof": null, "operprofform": null, "legalsurp": null, "netpro2form": null, "parecompincoamt": 2456006257.73, "realsalecost": null, "contress": null, "pounexpe": null, "noncassetsdisl": 612323.6, "parenetp": 2456001858.67, "parecompinco": 4399.06, "accpolicychg": null, "surrgold": null, "custinco": null, "netprofit": 2456054856.53, "proftotform": null, "dilutedeps": 1.63, "valuechgloss": null, "reservefund": null, "asseimpaloss": 625007.04, "finexpe": -28723228.75, "compnetexpe": null, "biztotincoform": null, "debtrestruloss": null, "earnprem": null, "nonoexpe": 668896.04, "assoinveprof": -3383871.5, "minysharinco": null, "otherbizcost": null, "supplycurcap": null, "basiceps": 1.63, "biztotcostform": null, "inteexpe": null, "inveinco": 78360358.88, "freesurplu": null, "otherbizinco": null, "totprofit": 3280913421.01, "accstacode": "2", "developfund": null, "exchggain": null, "mergeformnetprof": null, "compcode": "80100662", "pouninco": null, "netpro2itse": null, "incotaxexpe": 824858564.48, "othercompinco": 4399.06, "biztotcost": 3643576437.96, "undisprofit": null, "biztax": 116281807.27, "accestimatechg": null, "bizprofitse": null, "netpro1form": null, "manaexpe": 420191874.14, "dealwithdivi": null, "selldepartgain": null, "deveexpe": null, "begindate": "20160101", "compincoamt": 2456059255.59, "proftotitse": null, "undisprofredu": null, "otherinto": null, "publishdate": "20160426", "futuloss": null, "staffaward": null, "perprofit": 3277794131.73, "salesexpe": 439268461.73, "bizinco": 6843010210.81, "biztotcostitse": null, "minysharincoamt": 52997.86, "accstaname": "\u65b0\u4f1a\u8ba1\u51c6\u5219", "reporttype": "100111", "earlyundiprof": null, "bizcost": 2695932516.53, "polidiviexpe": null, "reinexpe": null, "biztotinco": 6843010210.81, "othersupply": null, "natudisasterloss": null}, {"nonoreve": 36262587.96, "unreinveloss": null, "capitalreserve": null, "inteinco": null, "profreturninvest": null, "avaidistshareprof": null, "preferredskdiv": null, "welfare": null, "minysharrigh": 13763.23, "otherbizprof": null, "biztotincoitse": null, "capitalizeddivi": null, "realsale": null, "subsidyincome": null, "adjustdate": "20160426", "netpro1itse": null, "enddate": "20151231", "otherdistprof": null, "operprofform": null, "legalsurp": null, "netpro2form": null, "parecompincoamt": 5365202307.41, "realsalecost": null, "contress": null, "pounexpe": null, "noncassetsdisl": 764862.54, "parenetp": 5365185534.99, "parecompinco": 16772.42, "accpolicychg": null, "surrgold": null, "custinco": null, "netprofit": 5365199298.22, "proftotform": null, "dilutedeps": 3.56, "valuechgloss": null, "reservefund": null, "asseimpaloss": 11906754.26, "finexpe": -196359141.05, "compnetexpe": null, "biztotincoform": null, "debtrestruloss": null, "earnprem": null, "nonoexpe": 11030365.76, "assoinveprof": -242574.86, "minysharinco": null, "otherbizcost": null, "supplycurcap": null, "basiceps": 3.56, "biztotcostform": null, "inteexpe": null, "inveinco": 577938625.0, "freesurplu": null, "otherbizinco": null, "totprofit": 7165318963.96, "accstacode": "2", "developfund": null, "exchggain": null, "mergeformnetprof": null, "compcode": "80100662", "pouninco": null, "netpro2itse": null, "incotaxexpe": 1800119665.74, "othercompinco": 16772.42, "biztotcost": 9490295982.52, "undisprofit": null, "biztax": 229394196.11, "accestimatechg": null, "bizprofitse": null, "netpro1form": null, "manaexpe": 1447878278.72, "dealwithdivi": null, "selldepartgain": null, "deveexpe": null, "begindate": "20150101", "compincoamt": 5365216070.64, "proftotitse": null, "undisprofredu": null, "otherinto": null, "publishdate": "20160426", "futuloss": null, "staffaward": null, "perprofit": 7140086741.76, "salesexpe": 1882406796.81, "bizinco": 16052444099.28, "biztotcostitse": null, "minysharincoamt": 13763.23, "accstaname": "\u65b0\u4f1a\u8ba1\u51c6\u5219", "reporttype": "100111", "earlyundiprof": null, "bizcost": 6115069097.67, "polidiviexpe": null, "reinexpe": null, "biztotinco": 16052444099.28, "othersupply": null, "natudisasterloss": null}, {"nonoreve": 16176501.95, "unreinveloss": null, "capitalreserve": null, "inteinco": null, "profreturninvest": null, "avaidistshareprof": null, "preferredskdiv": null, "welfare": null, "minysharrigh": 1879.22, "otherbizprof": null, "biztotincoitse": null, "capitalizeddivi": null, "realsale": null, "subsidyincome": null, "adjustdate": "20151030", "netpro1itse": null, "enddate": "20150930", "otherdistprof": null, "operprofform": null, "legalsurp": null, "netpro2form": null, "parecompincoamt": 4461180770.9, "realsalecost": null, "contress": null, "pounexpe": null, "noncassetsdisl": 673510.42, "parenetp": 4461169759.36, "parecompinco": 11011.54, "accpolicychg": null, "surrgold": null, "custinco": null, "netprofit": 4461171638.58, "proftotform": null, "dilutedeps": 2.96, "valuechgloss": null, "reservefund": null, "asseimpaloss": 3610530.15, "finexpe": -52202946.21, "compnetexpe": null, "biztotincoform": null, "debtrestruloss": null, "earnprem": null, "nonoexpe": 8891755.04, "assoinveprof": -293523.09, "minysharinco": null, "otherbizcost": null, "supplycurcap": null, "basiceps": 2.96, "biztotcostform": null, "inteexpe": null, "inveinco": 156704655.44, "freesurplu": null, "otherbizinco": null, "totprofit": 5981819219.32, "accstacode": "2", "developfund": null, "exchggain": null, "mergeformnetprof": null, "compcode": "80100662", "pouninco": null, "netpro2itse": null, "incotaxexpe": 1520647580.74, "othercompinco": 11011.54, "biztotcost": 7843196571.98, "undisprofit": null, "biztax": 209895890.25, "accestimatechg": null, "bizprofitse": null, "netpro1form": null, "manaexpe": 1084789772.11, "dealwithdivi": null, "selldepartgain": null, "deveexpe": null, "begindate": "20150101", "compincoamt": 4461182650.12, "proftotitse": null, "undisprofredu": null, "otherinto": null, "publishdate": "20151030", "futuloss": null, "staffaward": null, "perprofit": 5974534472.41, "salesexpe": 1266410064.13, "bizinco": 13661026388.95, "biztotcostitse": null, "minysharincoamt": 1879.22, "accstaname": "\u65b0\u4f1a\u8ba1\u51c6\u5219", "reporttype": "100111", "earlyundiprof": null, "bizcost": 5330693261.55, "polidiviexpe": null, "reinexpe": null, "biztotinco": 13661026388.95, "othersupply": null, "natudisasterloss": null}, {"nonoreve": 11054103.66, "unreinveloss": null, "capitalreserve": null, "inteinco": null, "profreturninvest": null, "avaidistshareprof": null, "preferredskdiv": null, "welfare": null, "minysharrigh": -118354.45, "otherbizprof": null, "biztotincoitse": null, "capitalizeddivi": null, "realsale": null, "subsidyincome": null, "adjustdate": "20150829", "netpro1itse": null, "enddate": "20150630", "otherdistprof": null, "operprofform": null, "legalsurp": null, "netpro2form": null, "parecompincoamt": 3184862334.3, "realsalecost": null, "contress": null, "pounexpe": null, "noncassetsdisl": 539571.28, "parenetp": 3184862528.64, "parecompinco": -194.34, "accpolicychg": null, "surrgold": null, "custinco": null, "netprofit": 3184744174.19, "proftotform": null, "dilutedeps": 2.11, "valuechgloss": null, "reservefund": null, "asseimpaloss": 2801359.59, "finexpe": -26817544.03, "compnetexpe": null, "biztotincoform": null, "debtrestruloss": null, "earnprem": null, "nonoexpe": 6921980.41, "assoinveprof": -295328.52, "minysharinco": null, "otherbizcost": null, "supplycurcap": null, "basiceps": 2.11, "biztotcostform": null, "inteexpe": null, "inveinco": 87508922.51, "freesurplu": null, "otherbizinco": null, "totprofit": 4247950397.84, "accstacode": "2", "developfund": null, "exchggain": null, "mergeformnetprof": null, "compcode": "80100662", "pouninco": null, "netpro2itse": null, "incotaxexpe": 1063206223.65, "othercompinco": -194.34, "biztotcost": 5415141859.45, "undisprofit": null, "biztax": 147865321.6, "accestimatechg": null, "bizprofitse": null, "netpro1form": null, "manaexpe": 699310538.66, "dealwithdivi": null, "selldepartgain": null, "deveexpe": null, "begindate": "20150101", "compincoamt": 3184743979.85, "proftotitse": null, "undisprofredu": null, "otherinto": null, "publishdate": "20150829", "futuloss": null, "staffaward": null, "perprofit": 4243818274.59, "salesexpe": 829625855.69, "bizinco": 9571451211.53, "biztotcostitse": null, "minysharincoamt": -118354.45, "accstaname": "\u65b0\u4f1a\u8ba1\u51c6\u5219", "reporttype": "100111", "earlyundiprof": null, "bizcost": 3762356327.94, "polidiviexpe": null, "reinexpe": null, "biztotinco": 9571451211.53, "othersupply": null, "natudisasterloss": null}, {"nonoreve": 5491560.82, "unreinveloss": null, "capitalreserve": null, "inteinco": null, "profreturninvest": null, "avaidistshareprof": null, "preferredskdiv": null, "welfare": null, "minysharrigh": 5707.97, "otherbizprof": null, "biztotincoitse": null, "capitalizeddivi": null, "realsale": null, "subsidyincome": null, "adjustdate": "20150429", "netpro1itse": null, "enddate": "20150331", "otherdistprof": null, "operprofform": null, "legalsurp": null, "netpro2form": null, "parecompincoamt": 2227130522.1, "realsalecost": null, "contress": null, "pounexpe": null, "noncassetsdisl": 209723.57, "parenetp": 2227129508.74, "parecompinco": 1013.36, "accpolicychg": null, "surrgold": null, "custinco": null, "netprofit": 2227135216.71, "proftotform": null, "dilutedeps": 2.07, "valuechgloss": null, "reservefund": null, "asseimpaloss": 497364.62, "finexpe": -32200792.4, "compnetexpe": null, "biztotincoform": null, "debtrestruloss": null, "earnprem": null, "nonoexpe": 4138192.16, "assoinveprof": -65427.39, "minysharinco": null, "otherbizcost": null, "supplycurcap": null, "basiceps": 2.07, "biztotcostform": null, "inteexpe": null, "inveinco": 18214285.73, "freesurplu": null, "otherbizinco": null, "totprofit": 2972898975.8, "accstacode": "2", "developfund": null, "exchggain": null, "mergeformnetprof": null, "compcode": "80100662", "pouninco": null, "netpro2itse": null, "incotaxexpe": 745763759.09, "othercompinco": 1013.36, "biztotcost": 3306351281.23, "undisprofit": null, "biztax": 105768103.95, "accestimatechg": null, "bizprofitse": null, "netpro1form": null, "manaexpe": 345671905.21, "dealwithdivi": null, "selldepartgain": null, "deveexpe": null, "begindate": "20150101", "compincoamt": 2227136230.07, "proftotitse": null, "undisprofredu": null, "otherinto": null, "publishdate": "20150429", "futuloss": null, "staffaward": null, "perprofit": 2971545607.14, "salesexpe": 383676382.59, "bizinco": 6259682602.64, "biztotcostitse": null, "minysharincoamt": 5707.97, "accstaname": "\u65b0\u4f1a\u8ba1\u51c6\u5219", "reporttype": "100111", "earlyundiprof": null, "bizcost": 2502938317.26, "polidiviexpe": null, "reinexpe": null, "biztotinco": 6259682602.64, "othersupply": null, "natudisasterloss": null}, {"nonoreve": 45335683.99, "unreinveloss": null, "capitalreserve": null, "inteinco": null, "profreturninvest": null, "avaidistshareprof": null, "preferredskdiv": null, "welfare": null, "minysharrigh": 546987.92, "otherbizprof": null, "biztotincoitse": null, "capitalizeddivi": null, "realsale": null, "subsidyincome": null, "adjustdate": "20150429", "netpro1itse": null, "enddate": "20141231", "otherdistprof": null, "operprofform": null, "legalsurp": null, "netpro2form": null, "parecompincoamt": 4507496929.39, "realsalecost": null, "contress": null, "pounexpe": null, "noncassetsdisl": 4357554.34, "parenetp": 4507497244.21, "parecompinco": -314.82, "accpolicychg": null, "surrgold": null, "custinco": null, "netprofit": 4508044232.13, "proftotform": null, "dilutedeps": 4.19, "valuechgloss": null, "reservefund": null, "asseimpaloss": 37755915.44, "finexpe": -236686300.28, "compnetexpe": null, "biztotincoform": null, "debtrestruloss": null, "earnprem": null, "nonoexpe": 24137916.85, "assoinveprof": -176414.08, "minysharinco": null, "otherbizcost": null, "supplycurcap": null, "basiceps": 4.19, "biztotcostform": null, "inteexpe": null, "inveinco": 53024440.0, "freesurplu": null, "otherbizinco": null, "totprofit": 6030709283.05, "accstacode": "2", "developfund": null, "exchggain": null, "mergeformnetprof": null, "compcode": "80100662", "pouninco": null, "netpro2itse": null, "incotaxexpe": 1522665050.92, "othercompinco": -314.82, "biztotcost": 8715727654.27, "undisprofit": null, "biztax": 190351431.49, "accestimatechg": null, "bizprofitse": null, "netpro1form": null, "manaexpe": 1267056865.29, "dealwithdivi": null, "selldepartgain": null, "deveexpe": null, "begindate": "20140101", "compincoamt": 4508043917.31, "proftotitse": null, "undisprofredu": null, "otherinto": null, "publishdate": "20150429", "futuloss": null, "staffaward": null, "perprofit": 6009511515.91, "salesexpe": 1679836848.12, "bizinco": 14672214730.18, "biztotcostitse": null, "minysharincoamt": 546987.92, "accstaname": "\u65b0\u4f1a\u8ba1\u51c6\u5219", "reporttype": "100111", "earlyundiprof": null, "bizcost": 5777412894.21, "polidiviexpe": null, "reinexpe": null, "biztotinco": 14672214730.18, "othersupply": null, "natudisasterloss": null}, {"nonoreve": 13162928.49, "unreinveloss": null, "capitalreserve": null, "inteinco": null, "profreturninvest": null, "avaidistshareprof": null, "preferredskdiv": null, "welfare": null, "minysharrigh": 370513.35, "otherbizprof": null, "biztotincoitse": null, "capitalizeddivi": null, "realsale": null, "subsidyincome": null, "adjustdate": "20141030", "netpro1itse": null, "enddate": "20140930", "otherdistprof": null, "operprofform": null, "legalsurp": null, "netpro2form": null, "parecompincoamt": 3982741286.06, "realsalecost": null, "contress": null, "pounexpe": null, "noncassetsdisl": 3663346.79, "parenetp": 3982741953.18, "parecompinco": null, "accpolicychg": null, "surrgold": null, "custinco": null, "netprofit": 3983112466.53, "proftotform": null, "dilutedeps": 3.7, "valuechgloss": null, "reservefund": null, "asseimpaloss": 3358595.92, "finexpe": -159748683.79, "compnetexpe": null, "biztotincoform": null, "debtrestruloss": null, "earnprem": null, "nonoexpe": 8742269.42, "assoinveprof": 557.19, "minysharinco": null, "otherbizcost": null, "supplycurcap": null, "basiceps": 3.7, "biztotcostform": null, "inteexpe": null, "inveinco": 14805451.79, "freesurplu": null, "otherbizinco": null, "totprofit": 5353018333.23, "accstacode": "2", "developfund": null, "exchggain": null, "mergeformnetprof": null, "compcode": "80100662", "pouninco": null, "netpro2itse": null, "incotaxexpe": 1369905866.7, "othercompinco": -667.12, "biztotcost": 6971554758.15, "undisprofit": null, "biztax": 170909870.32, "accestimatechg": null, "bizprofitse": null, "netpro1form": null, "manaexpe": 997616631.75, "dealwithdivi": null, "selldepartgain": null, "deveexpe": null, "begindate": "20140101", "compincoamt": 3983111799.41, "proftotitse": null, "undisprofredu": null, "otherinto": null, "publishdate": "20141030", "futuloss": null, "staffaward": null, "perprofit": 5348597674.16, "salesexpe": 1178737803.99, "bizinco": 12305346980.52, "biztotcostitse": null, "minysharincoamt": 370513.35, "accstaname": "\u65b0\u4f1a\u8ba1\u51c6\u5219", "reporttype": "100111", "earlyundiprof": null, "bizcost": 4780680539.96, "polidiviexpe": null, "reinexpe": null, "biztotinco": 12305346980.52, "othersupply": null, "natudisasterloss": null}, {"nonoreve": 9402656.06, "unreinveloss": null, "capitalreserve": null, "inteinco": null, "profreturninvest": null, "avaidistshareprof": null, "preferredskdiv": null, "welfare": null, "minysharrigh": 269643.33, "otherbizprof": null, "biztotincoitse": null, "capitalizeddivi": null, "realsale": null, "subsidyincome": null, "adjustdate": "20140828", "netpro1itse": null, "enddate": "20140630", "otherdistprof": null, "operprofform": null, "legalsurp": null, "netpro2form": null, "parecompincoamt": 2854477900.82, "realsalecost": null, "contress": null, "pounexpe": null, "noncassetsdisl": 3275129.91, "parenetp": 2854479610.9, "parecompinco": null, "accpolicychg": null, "surrgold": null, "custinco": null, "netprofit": 2854749254.23, "proftotform": null, "dilutedeps": 2.65, "valuechgloss": null, "reservefund": null, "asseimpaloss": 3879490.16, "finexpe": -117911465.68, "compnetexpe": null, "biztotincoform": null, "debtrestruloss": null, "earnprem": null, "nonoexpe": 7598843.35, "assoinveprof": -54691.4, "minysharinco": null, "otherbizcost": null, "supplycurcap": null, "basiceps": 2.65, "biztotcostform": null, "inteexpe": null, "inveinco": 11805731.64, "freesurplu": null, "otherbizinco": null, "totprofit": 3807703621.98, "accstacode": "2", "developfund": null, "exchggain": null, "mergeformnetprof": null, "compcode": "80100662", "pouninco": null, "netpro2itse": null, "incotaxexpe": 952954367.75, "othercompinco": -1710.08, "biztotcost": 4859002872.67, "undisprofit": null, "biztax": 111746738.23, "accestimatechg": null, "bizprofitse": null, "netpro1form": null, "manaexpe": 661741154.04, "dealwithdivi": null, "selldepartgain": null, "deveexpe": null, "begindate": "20140101", "compincoamt": 2854747544.15, "proftotitse": null, "undisprofredu": null, "otherinto": null, "publishdate": "20140828", "futuloss": null, "staffaward": null, "perprofit": 3805899809.27, "salesexpe": 791721429.95, "bizinco": 8653096950.3, "biztotcostitse": null, "minysharincoamt": 269643.33, "accstaname": "\u65b0\u4f1a\u8ba1\u51c6\u5219", "reporttype": "100111", "earlyundiprof": null, "bizcost": 3407825525.97, "polidiviexpe": null, "reinexpe": null, "biztotinco": 8653096950.3, "othersupply": null, "natudisasterloss": null}, {"nonoreve": 3806266.35, "unreinveloss": null, "capitalreserve": null, "inteinco": null, "profreturninvest": null, "avaidistshareprof": null, "preferredskdiv": null, "welfare": null, "minysharrigh": 134045.68, "otherbizprof": null, "biztotincoitse": null, "capitalizeddivi": null, "realsale": null, "subsidyincome": null, "adjustdate": "20140423", "netpro1itse": null, "enddate": "20140331", "otherdistprof": null, "operprofform": null, "legalsurp": null, "netpro2form": null, "parecompincoamt": 2001399163.82, "realsalecost": null, "contress": null, "pounexpe": null, "noncassetsdisl": 947952.79, "parenetp": 2001399894.09, "parecompinco": null, "accpolicychg": null, "surrgold": null, "custinco": null, "netprofit": 2001533939.77, "proftotform": null, "dilutedeps": 1.86, "valuechgloss": null, "reservefund": null, "asseimpaloss": 657336.55, "finexpe": -68187144.49, "compnetexpe": null, "biztotincoform": null, "debtrestruloss": null, "earnprem": null, "nonoexpe": 2272536.01, "assoinveprof": null, "minysharinco": null, "otherbizcost": null, "supplycurcap": null, "basiceps": 1.86, "biztotcostform": null, "inteexpe": null, "inveinco": 1150735.95, "freesurplu": null, "otherbizinco": null, "totprofit": 2671451277.8, "accstacode": "2", "developfund": null, "exchggain": null, "mergeformnetprof": null, "compcode": "80100662", "pouninco": null, "netpro2itse": null, "incotaxexpe": 669917338.03, "othercompinco": -730.27, "biztotcost": 3000969816.03, "undisprofit": null, "biztax": 84225286.92, "accestimatechg": null, "bizprofitse": null, "netpro1form": null, "manaexpe": 341738108.44, "dealwithdivi": null, "selldepartgain": null, "deveexpe": null, "begindate": "20140101", "compincoamt": 2001533209.5, "proftotitse": null, "undisprofredu": null, "otherinto": null, "publishdate": "20140423", "futuloss": null, "staffaward": null, "perprofit": 2669917547.46, "salesexpe": 356644134.68, "bizinco": 5669736627.54, "biztotcostitse": null, "minysharincoamt": 134045.68, "accstaname": "\u65b0\u4f1a\u8ba1\u51c6\u5219", "reporttype": "100111", "earlyundiprof": null, "bizcost": 2285892093.93, "polidiviexpe": null, "reinexpe": null, "biztotinco": 5669736627.54, "othersupply": null, "natudisasterloss": null}, {"nonoreve": 18594495.17, "unreinveloss": null, "capitalreserve": null, "inteinco": null, "profreturninvest": null, "avaidistshareprof": null, "preferredskdiv": null, "welfare": null, "minysharrigh": 81415.48, "otherbizprof": null, "biztotincoitse": null, "capitalizeddivi": null, "realsale": null, "subsidyincome": null, "adjustdate": "20140423", "netpro1itse": null, "enddate": "20131231", "otherdistprof": null, "operprofform": null, "legalsurp": null, "netpro2form": null, "parecompincoamt": 5002071713.17, "realsalecost": null, "contress": null, "pounexpe": null, "noncassetsdisl": 6766923.97, "parenetp": 5002071835.86, "parecompinco": null, "accpolicychg": null, "surrgold": null, "custinco": null, "netprofit": 5002153251.34, "proftotform": null, "dilutedeps": 4.63, "valuechgloss": null, "reservefund": null, "asseimpaloss": 7795505.34, "finexpe": -196472477.19, "compnetexpe": null, "biztotincoform": null, "debtrestruloss": null, "earnprem": null, "nonoexpe": 38327529.46, "assoinveprof": null, "minysharinco": null, "otherbizcost": null, "supplycurcap": null, "basiceps": 4.63, "biztotcostform": null, "inteexpe": null, "inveinco": 51397178.92, "freesurplu": null, "otherbizinco": null, "totprofit": 6685852953.2, "accstacode": "2", "developfund": null, "exchggain": null, "mergeformnetprof": null, "compcode": "80100662", "pouninco": null, "netpro2itse": null, "incotaxexpe": 1683699701.86, "othercompinco": -122.69, "biztotcost": 8369436135.99, "undisprofit": null, "biztax": 187286764.95, "accestimatechg": null, "bizprofitse": null, "netpro1form": null, "manaexpe": 1037405567.9, "dealwithdivi": null, "selldepartgain": null, "deveexpe": null, "begindate": "20130101", "compincoamt": 5002153128.65, "proftotitse": null, "undisprofredu": null, "otherinto": null, "publishdate": "20140423", "futuloss": null, "staffaward": null, "perprofit": 6705585987.49, "salesexpe": 1387705065.64, "bizinco": 15023624944.56, "biztotcostitse": null, "minysharincoamt": 81415.48, "accstaname": "\u65b0\u4f1a\u8ba1\u51c6\u5219", "reporttype": "100111", "earlyundiprof": null, "bizcost": 5945715709.35, "polidiviexpe": null, "reinexpe": null, "biztotinco": 15023624944.56, "othersupply": null, "natudisasterloss": null}, {"nonoreve": 28908165.83, "unreinveloss": null, "capitalreserve": null, "inteinco": null, "profreturninvest": null, "avaidistshareprof": null, "preferredskdiv": null, "welfare": null, "minysharrigh": 58693.32, "otherbizprof": null, "biztotincoitse": null, "capitalizeddivi": null, "realsale": null, "subsidyincome": null, "adjustdate": "20131029", "netpro1itse": null, "enddate": "20130930", "otherdistprof": null, "operprofform": null, "legalsurp": null, "netpro2form": null, "parecompincoamt": 4497576366.62, "realsalecost": null, "contress": null, "pounexpe": null, "noncassetsdisl": 3015923.09, "parenetp": 4497580509.0, "parecompinco": null, "accpolicychg": null, "surrgold": null, "custinco": null, "netprofit": 4497639202.32, "proftotform": null, "dilutedeps": 4.17, "valuechgloss": null, "reservefund": null, "asseimpaloss": 663815.21, "finexpe": -112318239.9, "compnetexpe": null, "biztotincoform": null, "debtrestruloss": null, "earnprem": null, "nonoexpe": 22279315.64, "assoinveprof": null, "minysharinco": null, "otherbizcost": null, "supplycurcap": null, "basiceps": 4.17, "biztotcostform": null, "inteexpe": null, "inveinco": 51050276.94, "freesurplu": null, "otherbizinco": null, "totprofit": 6024869555.03, "accstacode": "2", "developfund": null, "exchggain": null, "mergeformnetprof": null, "compcode": "80100662", "pouninco": null, "netpro2itse": null, "incotaxexpe": 1527230352.71, "othercompinco": -4142.38, "biztotcost": 7085982600.91, "undisprofit": null, "biztax": 168927868.75, "accestimatechg": null, "bizprofitse": null, "netpro1form": null, "manaexpe": 746339694.56, "dealwithdivi": null, "selldepartgain": null, "deveexpe": null, "begindate": "20130101", "compincoamt": 4497635059.94, "proftotitse": null, "undisprofredu": null, "otherinto": null, "publishdate": "20131029", "futuloss": null, "staffaward": null, "perprofit": 6018240704.84, "salesexpe": 1222197916.29, "bizinco": 13053173028.81, "biztotcostitse": null, "minysharincoamt": 58693.32, "accstaname": "\u65b0\u4f1a\u8ba1\u51c6\u5219", "reporttype": "100111", "earlyundiprof": null, "bizcost": 5060171546.0, "polidiviexpe": null, "reinexpe": null, "biztotinco": 13053173028.81, "othersupply": null, "natudisasterloss": null}, {"nonoreve": 8814223.37, "unreinveloss": null, "capitalreserve": null, "inteinco": null, "profreturninvest": null, "avaidistshareprof": null, "preferredskdiv": null, "welfare": null, "minysharrigh": -120222.43, "otherbizprof": null, "biztotincoitse": null, "capitalizeddivi": null, "realsale": null, "subsidyincome": null, "adjustdate": "20130828", "netpro1itse": null, "enddate": "20130630", "otherdistprof": null, "operprofform": null, "legalsurp": null, "netpro2form": null, "parecompincoamt": 3284903812.85, "realsalecost": null, "contress": null, "pounexpe": null, "noncassetsdisl": 400571.63, "parenetp": 3284909145.57, "parecompinco": null, "accpolicychg": null, "surrgold": null, "custinco": null, "netprofit": 3284788923.14, "proftotform": null, "dilutedeps": 3.04, "valuechgloss": null, "reservefund": null, "asseimpaloss": 4468699.28, "finexpe": -68179398.14, "compnetexpe": null, "biztotincoform": null, "debtrestruloss": null, "earnprem": null, "nonoexpe": 11193955.2, "assoinveprof": null, "minysharinco": null, "otherbizcost": null, "supplycurcap": null, "basiceps": 3.04, "biztotcostform": null, "inteexpe": null, "inveinco": 45388133.57, "freesurplu": null, "otherbizinco": null, "totprofit": 4411896686.08, "accstacode": "2", "developfund": null, "exchggain": null, "mergeformnetprof": null, "compcode": "80100662", "pouninco": null, "netpro2itse": null, "incotaxexpe": 1127107762.94, "othercompinco": -5332.72, "biztotcost": 5041429782.74, "undisprofit": null, "biztax": 124954795.28, "accestimatechg": null, "bizprofitse": null, "netpro1form": null, "manaexpe": 498391058.22, "dealwithdivi": null, "selldepartgain": null, "deveexpe": null, "begindate": "20130101", "compincoamt": 3284783590.42, "proftotitse": null, "undisprofredu": null, "otherinto": null, "publishdate": "20130828", "futuloss": null, "staffaward": null, "perprofit": 4414276417.91, "salesexpe": 805624430.53, "bizinco": 9410318067.08, "biztotcostitse": null, "minysharincoamt": -120222.43, "accstaname": "\u65b0\u4f1a\u8ba1\u51c6\u5219", "reporttype": "100111", "earlyundiprof": null, "bizcost": 3676170197.57, "polidiviexpe": null, "reinexpe": null, "biztotinco": 9410318067.08, "othersupply": null, "natudisasterloss": null}, {"nonoreve": 3964196.13, "unreinveloss": null, "capitalreserve": null, "inteinco": null, "profreturninvest": null, "avaidistshareprof": null, "preferredskdiv": null, "welfare": null, "minysharrigh": 38641.53, "otherbizprof": null, "biztotincoitse": null, "capitalizeddivi": null, "realsale": null, "subsidyincome": null, "adjustdate": "20130423", "netpro1itse": null, "enddate": "20130331", "otherdistprof": null, "operprofform": null, "legalsurp": null, "netpro2form": null, "parecompincoamt": 2356488565.59, "realsalecost": null, "contress": null, "pounexpe": null, "noncassetsdisl": 28043.18, "parenetp": 2356488565.59, "parecompinco": null, "accpolicychg": null, "surrgold": null, "custinco": null, "netprofit": 2356527207.12, "proftotform": null, "dilutedeps": 2.18, "valuechgloss": null, "reservefund": null, "asseimpaloss": 2885034.78, "finexpe": -52664744.92, "compnetexpe": null, "biztotincoform": null, "debtrestruloss": null, "earnprem": null, "nonoexpe": 177167.82, "assoinveprof": null, "minysharinco": null, "otherbizcost": null, "supplycurcap": null, "basiceps": 2.18, "biztotcostform": null, "inteexpe": null, "inveinco": 30004677.8, "freesurplu": null, "otherbizinco": null, "totprofit": 3143386969.12, "accstacode": "2", "developfund": null, "exchggain": null, "mergeformnetprof": null, "compcode": "80100662", "pouninco": null, "netpro2itse": null, "incotaxexpe": 786859762.0, "othercompinco": null, "biztotcost": 3213222026.73, "undisprofit": null, "biztax": 95368804.19, "accestimatechg": null, "bizprofitse": null, "netpro1form": null, "manaexpe": 263428676.83, "dealwithdivi": null, "selldepartgain": null, "deveexpe": null, "begindate": "20130101", "compincoamt": 2356527207.12, "proftotitse": null, "undisprofredu": null, "otherinto": null, "publishdate": "20130423", "futuloss": null, "staffaward": null, "perprofit": 3139599940.81, "salesexpe": 424133141.61, "bizinco": 6322817289.74, "biztotcostitse": null, "minysharincoamt": 38641.53, "accstaname": "\u65b0\u4f1a\u8ba1\u51c6\u5219", "reporttype": "100111", "earlyundiprof": null, "bizcost": 2480071114.24, "polidiviexpe": null, "reinexpe": null, "biztotinco": 6322817289.74, "othersupply": null, "natudisasterloss": null}, {"nonoreve": 48670786.76, "unreinveloss": null, "capitalreserve": null, "inteinco": null, "profreturninvest": null, "avaidistshareprof": null, "preferredskdiv": null, "welfare": null, "minysharrigh": -2397134.79, "otherbizprof": null, "biztotincoitse": null, "capitalizeddivi": null, "realsale": null, "subsidyincome": null, "adjustdate": "20130423", "netpro1itse": null, "enddate": "20121231", "otherdistprof": null, "operprofform": null, "legalsurp": null, "netpro2form": null, "parecompincoamt": 6154302874.52, "realsalecost": null, "contress": null, "pounexpe": null, "noncassetsdisl": 5154999.84, "parenetp": 6154302874.52, "parecompinco": null, "accpolicychg": null, "surrgold": null, "custinco": null, "netprofit": 6151905739.73, "proftotform": null, "dilutedeps": 5.7, "valuechgloss": null, "reservefund": null, "asseimpaloss": 6646422.19, "finexpe": -120712322.16, "compnetexpe": null, "biztotincoform": null, "debtrestruloss": null, "earnprem": null, "nonoexpe": 21969236.0, "assoinveprof": null, "minysharinco": null, "otherbizcost": null, "supplycurcap": null, "basiceps": 5.7, "biztotcostform": null, "inteexpe": null, "inveinco": 134678632.27, "freesurplu": null, "otherbizinco": null, "totprofit": 8215462450.73, "accstacode": "2", "developfund": null, "exchggain": null, "mergeformnetprof": null, "compcode": "80100662", "pouninco": null, "netpro2itse": null, "incotaxexpe": 2063556711.0, "othercompinco": null, "biztotcost": 9216399004.83, "undisprofit": null, "biztax": 241145252.06, "accestimatechg": null, "bizprofitse": null, "netpro1form": null, "manaexpe": 1020217375.22, "dealwithdivi": null, "selldepartgain": null, "deveexpe": null, "begindate": "20120101", "compincoamt": 6151905739.73, "proftotitse": null, "undisprofredu": null, "otherinto": null, "publishdate": "20130423", "futuloss": null, "staffaward": null, "perprofit": 8188760899.97, "salesexpe": 1774903604.85, "bizinco": 17270481272.53, "biztotcostitse": null, "minysharincoamt": -2397134.79, "accstaname": "\u65b0\u4f1a\u8ba1\u51c6\u5219", "reporttype": "100111", "earlyundiprof": null, "bizcost": 6294198672.67, "polidiviexpe": null, "reinexpe": null, "biztotinco": 17270481272.53, "othersupply": null, "natudisasterloss": null}, {"nonoreve": 42664193.07, "unreinveloss": null, "capitalreserve": null, "inteinco": null, "profreturninvest": null, "avaidistshareprof": null, "preferredskdiv": null, "welfare": null, "minysharrigh": -1462896.28, "otherbizprof": null, "biztotincoitse": null, "capitalizeddivi": null, "realsale": null, "subsidyincome": null, "adjustdate": "20121027", "netpro1itse": null, "enddate": "20120930", "otherdistprof": null, "operprofform": null, "legalsurp": null, "netpro2form": null, "parecompincoamt": 4828124260.18, "realsalecost": null, "contress": null, "pounexpe": null, "noncassetsdisl": 426546.15, "parenetp": 4828124260.18, "parecompinco": null, "accpolicychg": null, "surrgold": null, "custinco": null, "netprofit": 4826661363.9, "proftotform": null, "dilutedeps": 4.47, "valuechgloss": null, "reservefund": null, "asseimpaloss": 5835773.41, "finexpe": -75890811.54, "compnetexpe": null, "biztotincoform": null, "debtrestruloss": null, "earnprem": null, "nonoexpe": 5771789.96, "assoinveprof": null, "minysharinco": null, "otherbizcost": null, "supplycurcap": null, "basiceps": 4.47, "biztotcostform": null, "inteexpe": null, "inveinco": 110370340.95, "freesurplu": null, "otherbizinco": null, "totprofit": 6445052308.82, "accstacode": "2", "developfund": null, "exchggain": null, "mergeformnetprof": null, "compcode": "80100662", "pouninco": null, "netpro2itse": null, "incotaxexpe": 1618390944.92, "othercompinco": null, "biztotcost": 7699199766.21, "undisprofit": null, "biztax": 211949283.69, "accestimatechg": null, "bizprofitse": null, "netpro1form": null, "manaexpe": 770700532.25, "dealwithdivi": null, "selldepartgain": null, "deveexpe": null, "begindate": "20120101", "compincoamt": 4826661363.9, "proftotitse": null, "undisprofredu": null, "otherinto": null, "publishdate": "20121027", "futuloss": null, "staffaward": null, "perprofit": 6408159905.71, "salesexpe": 1424196421.2, "bizinco": 13996989330.97, "biztotcostitse": null, "minysharincoamt": -1462896.28, "accstaname": "\u65b0\u4f1a\u8ba1\u51c6\u5219", "reporttype": "100111", "earlyundiprof": null, "bizcost": 5362408567.2, "polidiviexpe": null, "reinexpe": null, "biztotinco": 13996989330.97, "othersupply": null, "natudisasterloss": null}, {"nonoreve": 37110717.82, "unreinveloss": null, "capitalreserve": null, "inteinco": 0.0, "profreturninvest": null, "avaidistshareprof": null, "preferredskdiv": null, "welfare": null, "minysharrigh": -1591014.42, "otherbizprof": null, "biztotincoitse": null, "capitalizeddivi": null, "realsale": null, "subsidyincome": null, "adjustdate": "20120823", "netpro1itse": null, "enddate": "20120630", "otherdistprof": null, "operprofform": null, "legalsurp": null, "netpro2form": null, "parecompincoamt": 3173886530.51, "realsalecost": null, "contress": 0.0, "pounexpe": 0.0, "noncassetsdisl": 396862.46, "parenetp": 3173886530.51, "parecompinco": null, "accpolicychg": null, "surrgold": 0.0, "custinco": null, "netprofit": 3172295516.09, "proftotform": null, "dilutedeps": 2.94, "valuechgloss": 0.0, "reservefund": null, "asseimpaloss": 5615005.3, "finexpe": -50218001.37, "compnetexpe": 0.0, "biztotincoform": null, "debtrestruloss": null, "earnprem": 0.0, "nonoexpe": 3526111.75, "assoinveprof": 0.0, "minysharinco": null, "otherbizcost": null, "supplycurcap": null, "basiceps": 2.94, "biztotcostform": null, "inteexpe": 0.0, "inveinco": 58226933.58, "freesurplu": null, "otherbizinco": null, "totprofit": 4238933789.61, "accstacode": "2", "developfund": null, "exchggain": null, "mergeformnetprof": null, "compcode": "80100662", "pouninco": 0.0, "netpro2itse": null, "incotaxexpe": 1066638273.52, "othercompinco": 0.0, "biztotcost": 5162650172.13, "undisprofit": null, "biztax": 153197788.87, "accestimatechg": null, "bizprofitse": null, "netpro1form": null, "manaexpe": 494908878.68, "dealwithdivi": null, "selldepartgain": null, "deveexpe": null, "begindate": "20120101", "compincoamt": 3172295516.09, "proftotitse": null, "undisprofredu": null, "otherinto": null, "publishdate": "20120823", "futuloss": null, "staffaward": null, "perprofit": 4205349183.54, "salesexpe": 993502306.52, "bizinco": 9309772422.09, "biztotcostitse": null, "minysharincoamt": -1591014.42, "accstaname": "\u65b0\u4f1a\u8ba1\u51c6\u5219", "reporttype": "100111", "earlyundiprof": null, "bizcost": 3565644194.13, "polidiviexpe": 0.0, "reinexpe": 0.0, "biztotinco": 9309772422.09, "othersupply": null, "natudisasterloss": null}, {"nonoreve": 2882569.91, "unreinveloss": null, "capitalreserve": null, "inteinco": null, "profreturninvest": null, "avaidistshareprof": null, "preferredskdiv": null, "welfare": null, "minysharrigh": 264861.3, "otherbizprof": null, "biztotincoitse": null, "capitalizeddivi": null, "realsale": null, "subsidyincome": null, "adjustdate": "20120421", "netpro1itse": null, "enddate": "20120331", "otherdistprof": null, "operprofform": null, "legalsurp": null, "netpro2form": null, "parecompincoamt": 2212048156.19, "realsalecost": null, "contress": null, "pounexpe": null, "noncassetsdisl": 96067.44, "parenetp": 2212048156.19, "parecompinco": null, "accpolicychg": null, "surrgold": null, "custinco": null, "netprofit": 2212313017.49, "proftotform": null, "dilutedeps": 2.46, "valuechgloss": null, "reservefund": null, "asseimpaloss": 3136749.77, "finexpe": -37306277.08, "compnetexpe": null, "biztotincoform": null, "debtrestruloss": null, "earnprem": null, "nonoexpe": 1703698.58, "assoinveprof": null, "minysharinco": null, "otherbizcost": null, "supplycurcap": null, "basiceps": 2.46, "biztotcostform": null, "inteexpe": null, "inveinco": 22239511.41, "freesurplu": null, "otherbizinco": null, "totprofit": 2952251853.12, "accstacode": "2", "developfund": null, "exchggain": null, "mergeformnetprof": null, "compcode": "80100662", "pouninco": null, "netpro2itse": null, "incotaxexpe": 739938835.63, "othercompinco": null, "biztotcost": 3032872053.3, "undisprofit": null, "biztax": 110973224.54, "accestimatechg": null, "bizprofitse": null, "netpro1form": null, "manaexpe": 230967029.05, "dealwithdivi": null, "selldepartgain": null, "deveexpe": null, "begindate": "20120101", "compincoamt": 2212313017.49, "proftotitse": null, "undisprofredu": null, "otherinto": null, "publishdate": "20120421", "futuloss": null, "staffaward": null, "perprofit": 2951072981.79, "salesexpe": 457004563.63, "bizinco": 5961705523.68, "biztotcostitse": null, "minysharincoamt": 264861.3, "accstaname": "\u65b0\u4f1a\u8ba1\u51c6\u5219", "reporttype": "100111", "earlyundiprof": null, "bizcost": 2268096763.39, "polidiviexpe": null, "reinexpe": null, "biztotinco": 5961705523.68, "othersupply": null, "natudisasterloss": null}, {"nonoreve": 37099378.07, "unreinveloss": null, "capitalreserve": null, "inteinco": null, "profreturninvest": null, "avaidistshareprof": null, "preferredskdiv": null, "welfare": null, "minysharrigh": 115616049.16, "otherbizprof": null, "biztotincoitse": null, "capitalizeddivi": null, "realsale": null, "subsidyincome": null, "adjustdate": "20120421", "netpro1itse": null, "enddate": "20111231", "otherdistprof": null, "operprofform": null, "legalsurp": null, "netpro2form": null, "parecompincoamt": 4020992149.04, "realsalecost": null, "contress": null, "pounexpe": null, "noncassetsdisl": 4364756.48, "parenetp": 4020992149.04, "parecompinco": null, "accpolicychg": null, "surrgold": null, "custinco": null, "netprofit": 4136608198.2, "proftotform": null, "dilutedeps": 4.47, "valuechgloss": null, "reservefund": null, "asseimpaloss": 5916990.89, "finexpe": -156539345.55, "compnetexpe": null, "biztotincoform": null, "debtrestruloss": null, "earnprem": null, "nonoexpe": 30982575.38, "assoinveprof": null, "minysharinco": null, "otherbizcost": null, "supplycurcap": null, "basiceps": 4.47, "biztotcostform": null, "inteexpe": null, "inveinco": 11996002.74, "freesurplu": null, "otherbizinco": null, "totprofit": 5530717513.49, "accstacode": "2", "developfund": null, "exchggain": null, "mergeformnetprof": null, "compcode": "80100662", "pouninco": null, "netpro2itse": null, "incotaxexpe": 1394109315.29, "othercompinco": null, "biztotcost": 7228316979.54, "undisprofit": null, "biztax": 179166033.71, "accestimatechg": null, "bizprofitse": null, "netpro1form": null, "manaexpe": 660981057.29, "dealwithdivi": null, "selldepartgain": null, "deveexpe": null, "begindate": "20110101", "compincoamt": 4136608198.2, "proftotitse": null, "undisprofredu": null, "otherinto": null, "publishdate": "20120421", "futuloss": null, "staffaward": null, "perprofit": 5524600710.8, "salesexpe": 1209425993.53, "bizinco": 12740921687.6, "biztotcostitse": null, "minysharincoamt": 115616049.16, "accstaname": "\u65b0\u4f1a\u8ba1\u51c6\u5219", "reporttype": "100111", "earlyundiprof": null, "bizcost": 5329366249.67, "polidiviexpe": null, "reinexpe": null, "biztotinco": 12740921687.6, "othersupply": null, "natudisasterloss": null}, {"nonoreve": 33252003.96, "unreinveloss": null, "capitalreserve": null, "inteinco": null, "profreturninvest": null, "avaidistshareprof": null, "preferredskdiv": null, "welfare": null, "minysharrigh": 115531948.3, "otherbizprof": null, "biztotincoitse": null, "capitalizeddivi": null, "realsale": null, "subsidyincome": null, "adjustdate": "20111025", "netpro1itse": null, "enddate": "20110930", "otherdistprof": null, "operprofform": null, "legalsurp": null, "netpro2form": null, "parecompincoamt": 2915947202.57, "realsalecost": null, "contress": null, "pounexpe": null, "noncassetsdisl": 2256949.16, "parenetp": 2915947202.57, "parecompinco": null, "accpolicychg": null, "surrgold": null, "custinco": null, "netprofit": 3031479150.87, "proftotform": null, "dilutedeps": 3.24, "valuechgloss": null, "reservefund": null, "asseimpaloss": 2015570.87, "finexpe": -70188073.79, "compnetexpe": null, "biztotincoform": null, "debtrestruloss": null, "earnprem": null, "nonoexpe": 19397827.97, "assoinveprof": null, "minysharinco": null, "otherbizcost": null, "supplycurcap": null, "basiceps": 3.24, "biztotcostform": null, "inteexpe": null, "inveinco": 889041.1, "freesurplu": null, "otherbizinco": null, "totprofit": 4056221848.34, "accstacode": "2", "developfund": null, "exchggain": null, "mergeformnetprof": null, "compcode": "80100662", "pouninco": null, "netpro2itse": null, "incotaxexpe": 1024742697.47, "othercompinco": null, "biztotcost": 5655841725.15, "undisprofit": null, "biztax": 153600718.29, "accestimatechg": null, "bizprofitse": null, "netpro1form": null, "manaexpe": 481812387.28, "dealwithdivi": null, "selldepartgain": null, "deveexpe": null, "begindate": "20110101", "compincoamt": 3031479150.87, "proftotitse": null, "undisprofredu": null, "otherinto": null, "publishdate": "20111025", "futuloss": null, "staffaward": null, "perprofit": 4042367672.35, "salesexpe": 844730263.96, "bizinco": 9697320356.4, "biztotcostitse": null, "minysharincoamt": 115531948.3, "accstaname": "\u65b0\u4f1a\u8ba1\u51c6\u5219", "reporttype": "100111", "earlyundiprof": null, "bizcost": 4243870858.54, "polidiviexpe": null, "reinexpe": null, "biztotinco": 9697320356.4, "othersupply": null, "natudisasterloss": null}, {"nonoreve": 23019368.7, "unreinveloss": null, "capitalreserve": null, "inteinco": null, "profreturninvest": null, "avaidistshareprof": null, "preferredskdiv": null, "welfare": null, "minysharrigh": 115334592.5, "otherbizprof": null, "biztotincoitse": null, "capitalizeddivi": null, "realsale": null, "subsidyincome": null, "adjustdate": "20110823", "netpro1itse": null, "enddate": "20110630", "otherdistprof": null, "operprofform": null, "legalsurp": null, "netpro2form": null, "parecompincoamt": 1813856743.92, "realsalecost": null, "contress": null, "pounexpe": null, "noncassetsdisl": 1632864.66, "parenetp": 1813856743.92, "parecompinco": null, "accpolicychg": null, "surrgold": null, "custinco": null, "netprofit": 1929191336.42, "proftotform": null, "dilutedeps": 2.02, "valuechgloss": null, "reservefund": null, "asseimpaloss": 2662453.8, "finexpe": -25022774.26, "compnetexpe": null, "biztotincoform": null, "debtrestruloss": null, "earnprem": null, "nonoexpe": 16108310.23, "assoinveprof": null, "minysharinco": null, "otherbizcost": null, "supplycurcap": null, "basiceps": 2.02, "biztotcostform": null, "inteexpe": null, "inveinco": null, "freesurplu": null, "otherbizinco": null, "totprofit": 2586262051.88, "accstacode": "2", "developfund": null, "exchggain": null, "mergeformnetprof": null, "compcode": "80100662", "pouninco": null, "netpro2itse": null, "incotaxexpe": 657070715.46, "othercompinco": null, "biztotcost": 3592392880.62, "undisprofit": null, "biztax": 92742323.69, "accestimatechg": null, "bizprofitse": null, "netpro1form": null, "manaexpe": 291176762.43, "dealwithdivi": null, "selldepartgain": null, "deveexpe": null, "begindate": "20110101", "compincoamt": 1929191336.42, "proftotitse": null, "undisprofredu": null, "otherinto": null, "publishdate": "20110823", "futuloss": null, "staffaward": null, "perprofit": 2579350993.41, "salesexpe": 583856963.39, "bizinco": 6171743874.03, "biztotcostitse": null, "minysharincoamt": 115334592.5, "accstaname": "\u65b0\u4f1a\u8ba1\u51c6\u5219", "reporttype": "100111", "earlyundiprof": null, "bizcost": 2646977151.57, "polidiviexpe": null, "reinexpe": null, "biztotinco": 6171743874.03, "othersupply": null, "natudisasterloss": null}, {"nonoreve": 8103332.57, "unreinveloss": null, "capitalreserve": null, "inteinco": null, "profreturninvest": null, "avaidistshareprof": null, "preferredskdiv": null, "welfare": null, "minysharrigh": 112428808.52, "otherbizprof": null, "biztotincoitse": null, "capitalizeddivi": null, "realsale": null, "subsidyincome": null, "adjustdate": "20110423", "netpro1itse": null, "enddate": "20110331", "otherdistprof": null, "operprofform": null, "legalsurp": null, "netpro2form": null, "parecompincoamt": 1171535258.28, "realsalecost": null, "contress": null, "pounexpe": null, "noncassetsdisl": 843650.26, "parenetp": 1171535258.28, "parecompinco": null, "accpolicychg": null, "surrgold": null, "custinco": null, "netprofit": 1283964066.8, "proftotform": null, "dilutedeps": 2.6, "valuechgloss": null, "reservefund": null, "asseimpaloss": 2627310.74, "finexpe": -10391462.67, "compnetexpe": null, "biztotincoform": null, "debtrestruloss": null, "earnprem": null, "nonoexpe": 13205799.93, "assoinveprof": null, "minysharinco": null, "otherbizcost": null, "supplycurcap": null, "basiceps": 2.6, "biztotcostform": null, "inteexpe": null, "inveinco": null, "freesurplu": null, "otherbizinco": null, "totprofit": 1717438237.73, "accstacode": "2", "developfund": null, "exchggain": null, "mergeformnetprof": null, "compcode": "80100662", "pouninco": null, "netpro2itse": null, "incotaxexpe": 433474170.93, "othercompinco": null, "biztotcost": 1911260025.19, "undisprofit": null, "biztax": 54177037.42, "accestimatechg": null, "bizprofitse": null, "netpro1form": null, "manaexpe": 148002404.24, "dealwithdivi": null, "selldepartgain": null, "deveexpe": null, "begindate": "20110101", "compincoamt": 1283964066.8, "proftotitse": null, "undisprofredu": null, "otherinto": null, "publishdate": "20110423", "futuloss": null, "staffaward": null, "perprofit": 1722540705.09, "salesexpe": 228639250.64, "bizinco": 3633800730.28, "biztotcostitse": null, "minysharincoamt": 112428808.52, "accstaname": "\u65b0\u4f1a\u8ba1\u51c6\u5219", "reporttype": "100111", "earlyundiprof": null, "bizcost": 1488205484.82, "polidiviexpe": null, "reinexpe": null, "biztotinco": 3633800730.28, "othersupply": null, "natudisasterloss": null}, {"nonoreve": 32153297.74, "unreinveloss": null, "capitalreserve": null, "inteinco": null, "profreturninvest": null, "avaidistshareprof": null, "preferredskdiv": null, "welfare": null, "minysharrigh": 94022668.06, "otherbizprof": null, "biztotincoitse": null, "capitalizeddivi": null, "realsale": null, "subsidyincome": null, "adjustdate": "20110330", "netpro1itse": null, "enddate": "20101231", "otherdistprof": null, "operprofform": null, "legalsurp": null, "netpro2form": null, "parecompincoamt": 2204667836.96, "realsalecost": null, "contress": null, "pounexpe": null, "noncassetsdisl": 2915509.35, "parenetp": 2204667836.96, "parecompinco": null, "accpolicychg": null, "surrgold": null, "custinco": null, "netprofit": 2298690505.02, "proftotform": null, "dilutedeps": 4.9, "valuechgloss": null, "reservefund": null, "asseimpaloss": -3101703.73, "finexpe": -51764454.65, "compnetexpe": null, "biztotincoform": null, "debtrestruloss": null, "earnprem": null, "nonoexpe": 35805705.96, "assoinveprof": null, "minysharinco": null, "otherbizcost": null, "supplycurcap": null, "basiceps": 4.9, "biztotcostform": null, "inteexpe": null, "inveinco": null, "freesurplu": null, "otherbizinco": null, "totprofit": 3076216704.64, "accstacode": "2", "developfund": null, "exchggain": null, "mergeformnetprof": null, "compcode": "80100662", "pouninco": null, "netpro2itse": null, "incotaxexpe": 777526199.62, "othercompinco": null, "biztotcost": 4539223583.36, "undisprofit": null, "biztax": 87331062.62, "accestimatechg": null, "bizprofitse": null, "netpro1form": null, "manaexpe": 441167599.15, "dealwithdivi": null, "selldepartgain": null, "deveexpe": null, "begindate": "20100101", "compincoamt": 2298690505.02, "proftotitse": null, "undisprofredu": null, "otherinto": null, "publishdate": "20110330", "futuloss": null, "staffaward": null, "perprofit": 3079869112.86, "salesexpe": 736996355.32, "bizinco": 7619092696.22, "biztotcostitse": null, "minysharincoamt": 94022668.06, "accstaname": "\u65b0\u4f1a\u8ba1\u51c6\u5219", "reporttype": "100111", "earlyundiprof": null, "bizcost": 3328594724.65, "polidiviexpe": null, "reinexpe": null, "biztotinco": 7619092696.22, "othersupply": null, "natudisasterloss": null}, {"nonoreve": 18024532.17, "unreinveloss": null, "capitalreserve": null, "inteinco": null, "profreturninvest": null, "avaidistshareprof": null, "preferredskdiv": null, "welfare": null, "minysharrigh": 39664472.85, "otherbizprof": null, "biztotincoitse": null, "capitalizeddivi": null, "realsale": null, "subsidyincome": null, "adjustdate": "20101027", "netpro1itse": null, "enddate": "20100930", "otherdistprof": null, "operprofform": null, "legalsurp": null, "netpro2form": null, "parecompincoamt": 1535676342.46, "realsalecost": null, "contress": null, "pounexpe": null, "noncassetsdisl": 1616884.93, "parenetp": 1535676342.46, "parecompinco": null, "accpolicychg": null, "surrgold": null, "custinco": null, "netprofit": 1575340815.31, "proftotform": null, "dilutedeps": 3.41, "valuechgloss": null, "reservefund": null, "asseimpaloss": -3284257.43, "finexpe": -22995597.14, "compnetexpe": null, "biztotincoform": null, "debtrestruloss": null, "earnprem": null, "nonoexpe": 15160823.02, "assoinveprof": null, "minysharinco": null, "otherbizcost": null, "supplycurcap": null, "basiceps": 3.41, "biztotcostform": null, "inteexpe": null, "inveinco": 317.81, "freesurplu": null, "otherbizinco": null, "totprofit": 2107327482.71, "accstacode": "2", "developfund": null, "exchggain": null, "mergeformnetprof": null, "compcode": "80100662", "pouninco": null, "netpro2itse": null, "incotaxexpe": 531986667.4, "othercompinco": null, "biztotcost": 3449836704.04, "undisprofit": null, "biztax": 65500015.95, "accestimatechg": null, "bizprofitse": null, "netpro1form": null, "manaexpe": 306440546.39, "dealwithdivi": null, "selldepartgain": null, "deveexpe": null, "begindate": "20100101", "compincoamt": 1575340815.31, "proftotitse": null, "undisprofredu": null, "otherinto": null, "publishdate": "20101027", "futuloss": null, "staffaward": null, "perprofit": 2104463773.56, "salesexpe": 617878841.2, "bizinco": 5554300159.79, "biztotcostitse": null, "minysharincoamt": 39664472.85, "accstaname": "\u65b0\u4f1a\u8ba1\u51c6\u5219", "reporttype": "100111", "earlyundiprof": null, "bizcost": 2486297155.07, "polidiviexpe": null, "reinexpe": null, "biztotinco": 5554300159.79, "othersupply": null, "natudisasterloss": null}, {"nonoreve": 7671080.25, "unreinveloss": null, "capitalreserve": null, "inteinco": null, "profreturninvest": null, "avaidistshareprof": null, "preferredskdiv": null, "welfare": null, "minysharrigh": 1344100.75, "otherbizprof": null, "biztotincoitse": null, "capitalizeddivi": null, "realsale": null, "subsidyincome": null, "adjustdate": "19000101", "netpro1itse": null, "enddate": "20100630", "otherdistprof": null, "operprofform": null, "legalsurp": null, "netpro2form": null, "parecompincoamt": 1067232395.43, "realsalecost": null, "contress": null, "pounexpe": null, "noncassetsdisl": 505878.4, "parenetp": 1067232395.43, "parecompinco": null, "accpolicychg": null, "surrgold": null, "custinco": null, "netprofit": 1068576496.18, "proftotform": null, "dilutedeps": 2.37, "valuechgloss": null, "reservefund": null, "asseimpaloss": -3429949.05, "finexpe": -18299585.21, "compnetexpe": null, "biztotincoform": null, "debtrestruloss": null, "earnprem": null, "nonoexpe": 11965205.02, "assoinveprof": null, "minysharinco": null, "otherbizcost": null, "supplycurcap": null, "basiceps": 2.37, "biztotcostform": null, "inteexpe": null, "inveinco": null, "freesurplu": null, "otherbizinco": null, "totprofit": 1430794854.71, "accstacode": "2", "developfund": null, "exchggain": null, "mergeformnetprof": null, "compcode": "80100662", "pouninco": null, "netpro2itse": null, "incotaxexpe": 362218358.53, "othercompinco": null, "biztotcost": 2052011354.84, "undisprofit": null, "biztax": 35841173.98, "accestimatechg": null, "bizprofitse": null, "netpro1form": null, "manaexpe": 190543824.46, "dealwithdivi": null, "selldepartgain": null, "deveexpe": null, "begindate": "20100101", "compincoamt": 1068576496.18, "proftotitse": null, "undisprofredu": null, "otherinto": null, "publishdate": "20100820", "futuloss": null, "staffaward": null, "perprofit": 1435088979.48, "salesexpe": 373069561.04, "bizinco": 3487100334.32, "biztotcostitse": null, "minysharincoamt": 1344100.75, "accstaname": "\u65b0\u4f1a\u8ba1\u51c6\u5219", "reporttype": "100111", "earlyundiprof": null, "bizcost": 1474286329.62, "polidiviexpe": null, "reinexpe": null, "biztotinco": 3487100334.32, "othersupply": null, "natudisasterloss": null}, {"nonoreve": 1573519.48, "unreinveloss": null, "capitalreserve": null, "inteinco": null, "profreturninvest": null, "avaidistshareprof": null, "preferredskdiv": null, "welfare": null, "minysharrigh": -33978.64, "otherbizprof": null, "biztotincoitse": null, "capitalizeddivi": null, "realsale": null, "subsidyincome": null, "adjustdate": "19000101", "netpro1itse": null, "enddate": "20100331", "otherdistprof": null, "operprofform": null, "legalsurp": null, "netpro2form": null, "parecompincoamt": 721445528.17, "realsalecost": null, "contress": null, "pounexpe": null, "noncassetsdisl": 469693.4, "parenetp": 721445528.17, "parecompinco": null, "accpolicychg": null, "surrgold": null, "custinco": null, "netprofit": 721411549.53, "proftotform": null, "dilutedeps": 1.6, "valuechgloss": null, "reservefund": null, "asseimpaloss": -492891.34, "finexpe": -4042375.85, "compnetexpe": null, "biztotincoform": null, "debtrestruloss": null, "earnprem": null, "nonoexpe": 552250.65, "assoinveprof": null, "minysharinco": null, "otherbizcost": null, "supplycurcap": null, "basiceps": 1.6, "biztotcostform": null, "inteexpe": null, "inveinco": null, "freesurplu": null, "otherbizinco": null, "totprofit": 962970796.73, "accstacode": "2", "developfund": null, "exchggain": null, "mergeformnetprof": null, "compcode": "80100662", "pouninco": null, "netpro2itse": null, "incotaxexpe": 241559247.2, "othercompinco": null, "biztotcost": 971484265.86, "undisprofit": null, "biztax": 21653777.68, "accestimatechg": null, "bizprofitse": null, "netpro1form": null, "manaexpe": 62238783.89, "dealwithdivi": null, "selldepartgain": null, "deveexpe": null, "begindate": "20100101", "compincoamt": 721411549.53, "proftotitse": null, "undisprofredu": null, "otherinto": null, "publishdate": "20100420", "futuloss": null, "staffaward": null, "perprofit": 961949527.9, "salesexpe": 120573527.72, "bizinco": 1933433793.76, "biztotcostitse": null, "minysharincoamt": -33978.64, "accstaname": "\u65b0\u4f1a\u8ba1\u51c6\u5219", "reporttype": "100111", "earlyundiprof": null, "bizcost": 771553443.76, "polidiviexpe": null, "reinexpe": null, "biztotinco": 1933433793.76, "othersupply": null, "natudisasterloss": null}, {"nonoreve": 20866451.98, "unreinveloss": null, "capitalreserve": null, "inteinco": null, "profreturninvest": null, "avaidistshareprof": null, "preferredskdiv": null, "welfare": null, "minysharrigh": -6871.18, "otherbizprof": null, "biztotincoitse": null, "capitalizeddivi": null, "realsale": null, "subsidyincome": null, "adjustdate": "19000101", "netpro1itse": null, "enddate": "20091231", "otherdistprof": null, "operprofform": null, "legalsurp": null, "netpro2form": null, "parecompincoamt": 1253620006.49, "realsalecost": null, "contress": null, "pounexpe": null, "noncassetsdisl": 4633028.98, "parenetp": 1253620006.49, "parecompinco": null, "accpolicychg": null, "surrgold": null, "custinco": null, "netprofit": 1253613135.31, "proftotform": null, "dilutedeps": 3.04, "valuechgloss": null, "reservefund": null, "asseimpaloss": 2494559.69, "finexpe": -20653462.7, "compnetexpe": null, "biztotincoform": null, "debtrestruloss": null, "earnprem": null, "nonoexpe": 13247084.39, "assoinveprof": null, "minysharinco": null, "otherbizcost": null, "supplycurcap": null, "basiceps": 3.04, "biztotcostform": null, "inteexpe": null, "inveinco": 746301.38, "freesurplu": null, "otherbizinco": null, "totprofit": 1673308162.66, "accstacode": "2", "developfund": null, "exchggain": null, "mergeformnetprof": null, "compcode": "80100662", "pouninco": null, "netpro2itse": null, "incotaxexpe": 419695027.35, "othercompinco": null, "biztotcost": 2337105956.94, "undisprofit": null, "biztax": 41855343.65, "accestimatechg": null, "bizprofitse": null, "netpro1form": null, "manaexpe": 245981991.56, "dealwithdivi": null, "selldepartgain": null, "deveexpe": null, "begindate": "20090101", "compincoamt": 1253613135.31, "proftotitse": null, "undisprofredu": null, "otherinto": null, "publishdate": "20100305", "futuloss": null, "staffaward": null, "perprofit": 1665688795.07, "salesexpe": 405179923.46, "bizinco": 4002048450.63, "biztotcostitse": null, "minysharincoamt": -6871.18, "accstaname": "\u65b0\u4f1a\u8ba1\u51c6\u5219", "reporttype": "100111", "earlyundiprof": null, "bizcost": 1662247601.28, "polidiviexpe": null, "reinexpe": null, "biztotinco": 4002048450.63, "othersupply": null, "natudisasterloss": null}, {"nonoreve": 11642359.89, "unreinveloss": 0.0, "capitalreserve": null, "inteinco": 0.0, "profreturninvest": null, "avaidistshareprof": null, "preferredskdiv": null, "welfare": null, "minysharrigh": 0.0, "otherbizprof": 0.0, "biztotincoitse": null, "capitalizeddivi": null, "realsale": 0.0, "subsidyincome": 0.0, "adjustdate": "19000101", "netpro1itse": null, "enddate": "20090930", "otherdistprof": null, "operprofform": null, "legalsurp": null, "netpro2form": null, "parecompincoamt": 903821441.78, "realsalecost": 0.0, "contress": 0.0, "pounexpe": 0.0, "noncassetsdisl": 2007723.13, "parenetp": 903821441.78, "parecompinco": null, "accpolicychg": null, "surrgold": 0.0, "custinco": 0.0, "netprofit": 903821441.78, "proftotform": null, "dilutedeps": 2.23, "valuechgloss": 0.0, "reservefund": null, "asseimpaloss": 1635382.76, "finexpe": -11119706.4, "compnetexpe": 0.0, "biztotincoform": null, "debtrestruloss": null, "earnprem": 0.0, "nonoexpe": 8369945.6, "assoinveprof": 0.0, "minysharinco": null, "otherbizcost": 0.0, "supplycurcap": null, "basiceps": 2.23, "biztotcostform": null, "inteexpe": 0.0, "inveinco": 745458.12, "freesurplu": null, "otherbizinco": 0.0, "totprofit": 1205656562.58, "accstacode": "2", "developfund": null, "exchggain": 0.0, "mergeformnetprof": null, "compcode": "80100662", "pouninco": 0.0, "netpro2itse": null, "incotaxexpe": 301835120.8, "othercompinco": 0.0, "biztotcost": 1690601437.71, "undisprofit": null, "biztax": 30938622.04, "accestimatechg": null, "bizprofitse": null, "netpro1form": null, "manaexpe": 159181465.3, "dealwithdivi": null, "selldepartgain": null, "deveexpe": 0.0, "begindate": "20090101", "compincoamt": 903821441.78, "proftotitse": null, "undisprofredu": null, "otherinto": null, "publishdate": "20091105", "futuloss": 0.0, "staffaward": null, "perprofit": 1202384148.29, "salesexpe": 188877321.56, "bizinco": 2892240127.88, "biztotcostitse": null, "minysharincoamt": 0.0, "accstaname": "\u65b0\u4f1a\u8ba1\u51c6\u5219", "reporttype": "100111", "earlyundiprof": null, "bizcost": 1321088352.45, "polidiviexpe": 0.0, "reinexpe": 0.0, "biztotinco": 2892240127.88, "othersupply": null, "natudisasterloss": null}, {"nonoreve": 10489054.04, "unreinveloss": null, "capitalreserve": null, "inteinco": null, "profreturninvest": null, "avaidistshareprof": null, "preferredskdiv": null, "welfare": null, "minysharrigh": 0.0, "otherbizprof": null, "biztotincoitse": null, "capitalizeddivi": null, "realsale": null, "subsidyincome": null, "adjustdate": "19000101", "netpro1itse": null, "enddate": "20090630", "otherdistprof": null, "operprofform": null, "legalsurp": null, "netpro2form": null, "parecompincoamt": 588363143.42, "realsalecost": null, "contress": null, "pounexpe": null, "noncassetsdisl": 756863.47, "parenetp": 588363143.42, "parecompinco": null, "accpolicychg": null, "surrgold": null, "custinco": null, "netprofit": 588363143.42, "proftotform": null, "dilutedeps": 1.45, "valuechgloss": 0.0, "reservefund": null, "asseimpaloss": 919336.98, "finexpe": -6850258.16, "compnetexpe": null, "biztotincoform": null, "debtrestruloss": null, "earnprem": null, "nonoexpe": 1911530.58, "assoinveprof": 0.0, "minysharinco": null, "otherbizcost": null, "supplycurcap": null, "basiceps": 1.45, "biztotcostform": null, "inteexpe": null, "inveinco": 727123.28, "freesurplu": null, "otherbizinco": null, "totprofit": 784564121.88, "accstacode": "2", "developfund": null, "exchggain": 0.0, "mergeformnetprof": null, "compcode": "80100662", "pouninco": null, "netpro2itse": null, "incotaxexpe": 196200978.46, "othercompinco": 0.0, "biztotcost": 1029303529.31, "undisprofit": null, "biztax": 21251992.15, "accestimatechg": null, "bizprofitse": null, "netpro1form": null, "manaexpe": 86099648.17, "dealwithdivi": null, "selldepartgain": null, "deveexpe": null, "begindate": "20090101", "compincoamt": 588363143.42, "proftotitse": null, "undisprofredu": null, "otherinto": null, "publishdate": "20091019", "futuloss": null, "staffaward": null, "perprofit": 775986598.42, "salesexpe": 136525207.43, "bizinco": 1804563004.45, "biztotcostitse": null, "minysharincoamt": 0.0, "accstaname": "\u65b0\u4f1a\u8ba1\u51c6\u5219", "reporttype": "100111", "earlyundiprof": null, "bizcost": 791357602.74, "polidiviexpe": null, "reinexpe": null, "biztotinco": 1804563004.45, "othersupply": null, "natudisasterloss": null}, {"nonoreve": 6841545.37, "unreinveloss": null, "capitalreserve": null, "inteinco": null, "profreturninvest": null, "avaidistshareprof": null, "preferredskdiv": null, "welfare": null, "minysharrigh": 0.0, "otherbizprof": null, "biztotincoitse": null, "capitalizeddivi": null, "realsale": null, "subsidyincome": null, "adjustdate": "19000101", "netpro1itse": null, "enddate": "20081231", "otherdistprof": null, "operprofform": null, "legalsurp": null, "netpro2form": null, "parecompincoamt": 743057507.69, "realsalecost": null, "contress": null, "pounexpe": null, "noncassetsdisl": 502432.46, "parenetp": 743057507.69, "parecompinco": null, "accpolicychg": null, "surrgold": null, "custinco": null, "netprofit": 743057507.69, "proftotform": null, "dilutedeps": 1.83, "valuechgloss": 0.0, "reservefund": null, "asseimpaloss": 6433.24, "finexpe": -16955747.06, "compnetexpe": null, "biztotincoform": null, "debtrestruloss": null, "earnprem": null, "nonoexpe": 12350476.03, "assoinveprof": -560333.13, "minysharinco": null, "otherbizcost": null, "supplycurcap": null, "basiceps": 1.83, "biztotcostform": null, "inteexpe": null, "inveinco": 181333.54, "freesurplu": null, "otherbizinco": null, "totprofit": 992837876.65, "accstacode": "2", "developfund": null, "exchggain": 0.0, "mergeformnetprof": null, "compcode": "80100662", "pouninco": null, "netpro2itse": null, "incotaxexpe": 249780368.96, "othercompinco": 0.0, "biztotcost": 1684038241.23, "undisprofit": null, "biztax": 26599811.09, "accestimatechg": null, "bizprofitse": null, "netpro1form": null, "manaexpe": 169726508.33, "dealwithdivi": null, "selldepartgain": null, "deveexpe": null, "begindate": "20080101", "compincoamt": 743057507.69, "proftotitse": null, "undisprofredu": null, "otherinto": null, "publishdate": "20091019", "futuloss": null, "staffaward": null, "perprofit": 998346807.31, "salesexpe": 226590907.89, "bizinco": 2682203715.0, "biztotcostitse": null, "minysharincoamt": 0.0, "accstaname": "\u65b0\u4f1a\u8ba1\u51c6\u5219", "reporttype": "100111", "earlyundiprof": null, "bizcost": 1278070327.74, "polidiviexpe": null, "reinexpe": null, "biztotinco": 2682203715.0, "othersupply": null, "natudisasterloss": null}, {"nonoreve": 3522313.31, "unreinveloss": 0.0, "capitalreserve": null, "inteinco": 0.0, "profreturninvest": null, "avaidistshareprof": null, "preferredskdiv": null, "welfare": null, "minysharrigh": 0.0, "otherbizprof": 0.0, "biztotincoitse": null, "capitalizeddivi": null, "realsale": 0.0, "subsidyincome": 0.0, "adjustdate": "19000101", "netpro1itse": null, "enddate": "20080930", "otherdistprof": null, "operprofform": null, "legalsurp": null, "netpro2form": null, "parecompincoamt": 566563483.21, "realsalecost": 0.0, "contress": 0.0, "pounexpe": 0.0, "noncassetsdisl": 193508.75, "parenetp": 566563483.21, "parecompinco": null, "accpolicychg": null, "surrgold": 0.0, "custinco": 0.0, "netprofit": 566563483.21, "proftotform": null, "dilutedeps": 1.4, "valuechgloss": 0.0, "reservefund": null, "asseimpaloss": 775920.48, "finexpe": -8579308.7, "compnetexpe": 0.0, "biztotincoform": null, "debtrestruloss": null, "earnprem": 0.0, "nonoexpe": 11307425.89, "assoinveprof": 446712.85, "minysharinco": null, "otherbizcost": 0.0, "supplycurcap": null, "basiceps": 1.4, "biztotcostform": null, "inteexpe": 0.0, "inveinco": 213287.15, "freesurplu": null, "otherbizinco": 0.0, "totprofit": 755589504.95, "accstacode": "2", "developfund": null, "exchggain": 0.0, "mergeformnetprof": null, "compcode": "80100662", "pouninco": 0.0, "netpro2itse": null, "incotaxexpe": 189026021.74, "othercompinco": 0.0, "biztotcost": 1285231537.52, "undisprofit": null, "biztax": 21732539.12, "accestimatechg": null, "bizprofitse": null, "netpro1form": null, "manaexpe": 113849286.46, "dealwithdivi": null, "selldepartgain": null, "deveexpe": 0.0, "begindate": "20080101", "compincoamt": 566563483.21, "proftotitse": null, "undisprofredu": null, "otherinto": null, "publishdate": "20091105", "futuloss": 0.0, "staffaward": null, "perprofit": 763374617.53, "salesexpe": 161012719.59, "bizinco": 2048392867.9, "biztotcostitse": null, "minysharincoamt": 0.0, "accstaname": "\u65b0\u4f1a\u8ba1\u51c6\u5219", "reporttype": "100111", "earlyundiprof": null, "bizcost": 996440380.57, "polidiviexpe": 0.0, "reinexpe": 0.0, "biztotinco": 2048392867.9, "othersupply": null, "natudisasterloss": null}, {"nonoreve": 3022118.19, "unreinveloss": 0.0, "capitalreserve": null, "inteinco": 0.0, "profreturninvest": null, "avaidistshareprof": null, "preferredskdiv": null, "welfare": null, "minysharrigh": 0.0, "otherbizprof": 0.0, "biztotincoitse": null, "capitalizeddivi": null, "realsale": 0.0, "subsidyincome": 0.0, "adjustdate": "19000101", "netpro1itse": null, "enddate": "20071231", "otherdistprof": null, "operprofform": null, "legalsurp": null, "netpro2form": null, "parecompincoamt": 374851131.95, "realsalecost": 0.0, "contress": 0.0, "pounexpe": 0.0, "noncassetsdisl": 3710200.4, "parenetp": 374736701.3, "parecompinco": 0.0, "accpolicychg": null, "surrgold": 0.0, "custinco": 0.0, "netprofit": 374851131.95, "proftotform": null, "dilutedeps": 0.93, "valuechgloss": 0.0, "reservefund": null, "asseimpaloss": 486165.13, "finexpe": 321927.76, "compnetexpe": 0.0, "biztotincoform": null, "debtrestruloss": null, "earnprem": 0.0, "nonoexpe": 13171941.69, "assoinveprof": 70444.7, "minysharinco": 0.0, "otherbizcost": 0.0, "supplycurcap": null, "basiceps": 0.93, "biztotcostform": null, "inteexpe": 0.0, "inveinco": 3882009.7, "freesurplu": null, "otherbizinco": 0.0, "totprofit": 579568424.16, "accstacode": "2", "developfund": null, "exchggain": 0.0, "mergeformnetprof": 114430.65, "compcode": "80100662", "pouninco": 0.0, "netpro2itse": null, "incotaxexpe": 204717292.21, "othercompinco": 0.0, "biztotcost": 1176178737.74, "undisprofit": null, "biztax": 16223457.61, "accestimatechg": null, "bizprofitse": null, "netpro1form": null, "manaexpe": 112967512.48, "dealwithdivi": null, "selldepartgain": null, "deveexpe": 0.0, "begindate": "20070101", "compincoamt": 374851131.95, "proftotitse": null, "undisprofredu": null, "otherinto": null, "publishdate": "20091019", "futuloss": 0.0, "staffaward": null, "perprofit": 589718247.66, "salesexpe": 138369838.58, "bizinco": 1762014975.7, "biztotcostitse": null, "minysharincoamt": 0.0, "accstaname": "\u65b0\u4f1a\u8ba1\u51c6\u5219", "reporttype": "100111", "earlyundiprof": null, "bizcost": 907809836.18, "polidiviexpe": 0.0, "reinexpe": 0.0, "biztotinco": 1762014975.7, "othersupply": null, "natudisasterloss": null}, {"nonoreve": 1131315.51, "unreinveloss": null, "capitalreserve": null, "inteinco": null, "profreturninvest": null, "avaidistshareprof": null, "preferredskdiv": null, "welfare": null, "minysharrigh": 119.6, "otherbizprof": null, "biztotincoitse": null, "capitalizeddivi": null, "realsale": null, "subsidyincome": null, "adjustdate": "19000101", "netpro1itse": null, "enddate": "20061231", "otherdistprof": null, "operprofform": null, "legalsurp": null, "netpro2form": null, "parecompincoamt": 174978867.41, "realsalecost": null, "contress": null, "pounexpe": null, "noncassetsdisl": 348458.83, "parenetp": 174978867.41, "parecompinco": null, "accpolicychg": null, "surrgold": null, "custinco": null, "netprofit": 174978987.01, "proftotform": null, "dilutedeps": 0.46, "valuechgloss": 0.0, "reservefund": null, "asseimpaloss": 485618.84, "finexpe": 5501524.1, "compnetexpe": null, "biztotincoform": null, "debtrestruloss": null, "earnprem": null, "nonoexpe": 6240061.55, "assoinveprof": -1242757.75, "minysharinco": null, "otherbizcost": null, "supplycurcap": null, "basiceps": 0.46, "biztotcostform": null, "inteexpe": null, "inveinco": -1224757.75, "freesurplu": null, "otherbizinco": null, "totprofit": 273068984.95, "accstacode": "2", "developfund": null, "exchggain": 0.0, "mergeformnetprof": null, "compcode": "80100662", "pouninco": null, "netpro2itse": null, "incotaxexpe": 98089997.94, "othercompinco": 0.0, "biztotcost": 792027810.61, "undisprofit": null, "biztax": 12867039.89, "accestimatechg": null, "bizprofitse": null, "netpro1form": null, "manaexpe": 88431223.31, "dealwithdivi": null, "selldepartgain": null, "deveexpe": null, "begindate": "20060101", "compincoamt": 174978987.01, "proftotitse": null, "undisprofredu": null, "otherinto": null, "publishdate": "20091019", "futuloss": null, "staffaward": null, "perprofit": 278177730.99, "salesexpe": 120959295.2, "bizinco": 1071430299.35, "biztotcostitse": null, "minysharincoamt": 119.6, "accstaname": "\u65b0\u4f1a\u8ba1\u51c6\u5219", "reporttype": "100111", "earlyundiprof": null, "bizcost": 563783109.27, "polidiviexpe": null, "reinexpe": null, "biztotinco": 1071430299.35, "othersupply": null, "natudisasterloss": null}], "comptype": 4, "name": "\u6d0b\u6cb3\u80a1\u4efd"}