{"SH600197":{"symbol":"SH600197","exchange":"SH","code":"600197","name":"伊力特","current":"21.53","percentage":"-1.78","change":"-0.39","open":"21.79","high":"21.89","low":"21.45","close":"21.53","last_close":"21.92","high52week":"30.0","low52week":"16.75","volume":"3581176.0","lot_volume":"35811.76","volumeAverage":"15415876","marketCapital":"9.49473E9","eps":"0.8","pe_ttm":"26.871","pe_lyr":"26.871","beta":"0.0","totalShares":"441000000","time":"Tue Mar 20 14:59:58 +0800 2018","afterHours":"0.0","afterHoursPct":"0.0","afterHoursChg":"0.0","afterHoursTime":"Wed Oct 19 21:59:01 -0400 2011","updateAt":"1513771201088","dividend":"0.25","yield":"1.16","turnover_rate":"0.81%","instOwn":"0.0","rise_stop":"24.11","fall_stop":"19.73","currency_unit":"CNY","amount":"7.7463847E7","net_assets":"4.9163","hasexist":"","has_warrant":"0","type":"11","flag":"1","rest_day":"","amplitude":"2.01%","market_status":"已收盘","lot_size":"100","min_order_quantity":"0","max_order_quantity":"0","tick_size":"0.01","variable_tick_size":"","kzz_stock_symbol":"","kzz_stock_name":"","kzz_stock_current":"0.0","kzz_convert_price":"0.0","kzz_covert_value":"0.0","kzz_cpr":"0.0","kzz_putback_price":"0.0","kzz_convert_time":"","kzz_redempt_price":"0.0","kzz_straight_price":"0.0","kzz_stock_percent":"","pb":"4.38","benefit_before_tax":"0.0","benefit_after_tax":"0.0","convert_bond_ratio":"","totalissuescale":"","outstandingamt":"","maturitydate":"","remain_year":"","convertrate":"0.0","interestrtmemo":"","release_date":"","circulation":"0.0","par_value":"0.0","due_time":"0.0","value_date":"","due_date":"","publisher":"","redeem_type":"T","issue_type":"1","bond_type":"","warrant":"","sale_rrg":"","rate":"","after_hour_vol":"0","float_shares":"441000000","float_market_capital":"9.49473E9","disnext_pay_date":"","convert_rate":"0.0","volume_ratio":"0.72","percent5m":"-0.23","pankou_ratio":"23.68%","psr":"4.9482"}}