{"list":[{"bonusimpdate":"20170426","bonusyear":"2016","cur":"人民币","bonusskratio":null,"tranaddskraio":null,"recorddate":"20170503","exrightdate":"20170504","cdividend":2.5,"fdividendbh":0.0,"tranaddsklistdate":null,"bonussklistdate":null,"tranaddskaccday":null,"bonusskaccday":null,"symbol":null,"secode":"2010000172","divitype":"A","taxfdividendbh":0.0,"taxcdividend":2.5,"divibegdate":"20170504","summarize":"10派2.5"},{"bonusimpdate":"20160525","bonusyear":"2015","cur":"人民币","bonusskratio":null,"tranaddskraio":null,"recorddate":"20160531","exrightdate":"20160601","cdividend":4.0,"fdividendbh":0.0,"tranaddsklistdate":null,"bonussklistdate":null,"tranaddskaccday":null,"bonusskaccday":null,"symbol":null,"secode":"2010000172","divitype":"A","taxfdividendbh":0.0,"taxcdividend":4.0,"divibegdate":"20160601","summarize":"10派4"},{"bonusimpdate":"20150723","bonusyear":"2014","cur":"人民币","bonusskratio":null,"tranaddskraio":null,"recorddate":"20150729","exrightdate":"20150730","cdividend":2.3,"fdividendbh":0.0,"tranaddsklistdate":null,"bonussklistdate":null,"tranaddskaccday":null,"bonusskaccday":null,"symbol":null,"secode":"2010000172","divitype":"A","taxfdividendbh":0.0,"taxcdividend":2.185,"divibegdate":"20150730","summarize":"10派2.3"},{"bonusimpdate":"20140825","bonusyear":"2013","cur":"人民币","bonusskratio":null,"tranaddskraio":null,"recorddate":"20140828","exrightdate":"20140829","cdividend":2.3,"fdividendbh":0.0,"tranaddsklistdate":null,"bonussklistdate":null,"tranaddskaccday":null,"bonusskaccday":null,"symbol":null,"secode":"2010000172","divitype":"A","taxfdividendbh":0.0,"taxcdividend":2.185,"divibegdate":"20140829","summarize":"10派2.3"},{"bonusimpdate":"20130813","bonusyear":"2012","cur":"人民币","bonusskratio":null,"tranaddskraio":null,"recorddate":"20130816","exrightdate":"20130819","cdividend":2.2,"fdividendbh":0.0,"tranaddsklistdate":null,"bonussklistdate":null,"tranaddskaccday":null,"bonusskaccday":null,"symbol":null,"secode":"2010000172","divitype":"A","taxfdividendbh":0.0,"taxcdividend":2.09,"divibegdate":"20130822","summarize":"10派2.2"},{"bonusimpdate":"20120818","bonusyear":"2011","cur":"人民币","bonusskratio":null,"tranaddskraio":null,"recorddate":"20120823","exrightdate":"20120824","cdividend":2.0,"fdividendbh":0.0,"tranaddsklistdate":null,"bonussklistdate":null,"tranaddskaccday":null,"bonusskaccday":null,"symbol":null,"secode":"2010000172","divitype":"A","taxfdividendbh":0.0,"taxcdividend":1.8,"divibegdate":"20120831","summarize":"10派2"},{"bonusimpdate":"20110818","bonusyear":"2010","cur":"人民币","bonusskratio":null,"tranaddskraio":null,"recorddate":"20110823","exrightdate":"20110824","cdividend":2.0,"fdividendbh":0.0,"tranaddsklistdate":null,"bonussklistdate":null,"tranaddskaccday":null,"bonusskaccday":null,"symbol":null,"secode":"2010000172","divitype":"A","taxfdividendbh":0.0,"taxcdividend":1.8,"divibegdate":"20110831","summarize":"10派2"},{"bonusimpdate":"20100608","bonusyear":"2009","cur":"人民币","bonusskratio":null,"tranaddskraio":null,"recorddate":"20100617","exrightdate":"20100618","cdividend":1.8,"fdividendbh":0.0,"tranaddsklistdate":null,"bonussklistdate":null,"tranaddskaccday":null,"bonusskaccday":null,"symbol":null,"secode":"2010000172","divitype":"A","taxfdividendbh":0.0,"taxcdividend":1.62,"divibegdate":"20100623","summarize":"10派1.8"},{"bonusimpdate":"20090509","bonusyear":"2008","cur":"人民币","bonusskratio":null,"tranaddskraio":null,"recorddate":"20090515","exrightdate":"20090518","cdividend":1.8,"fdividendbh":0.0,"tranaddsklistdate":null,"bonussklistdate":null,"tranaddskaccday":null,"bonusskaccday":null,"symbol":null,"secode":"2010000172","divitype":"A","taxfdividendbh":0.0,"taxcdividend":1.62,"divibegdate":"20090522","summarize":"10派1.8"},{"bonusimpdate":"20080716","bonusyear":"2007","cur":"人民币","bonusskratio":null,"tranaddskraio":null,"recorddate":"20080722","exrightdate":"20080723","cdividend":1.6,"fdividendbh":0.0,"tranaddsklistdate":null,"bonussklistdate":null,"tranaddskaccday":null,"bonusskaccday":null,"symbol":null,"secode":"2010000172","divitype":"A","taxfdividendbh":0.0,"taxcdividend":1.44,"divibegdate":"20080728","summarize":"10派1.6"},{"bonusimpdate":"20070709","bonusyear":"2006","cur":"人民币","bonusskratio":null,"tranaddskraio":null,"recorddate":"20070712","exrightdate":"20070713","cdividend":1.6,"fdividendbh":0.0,"tranaddsklistdate":null,"bonussklistdate":null,"tranaddskaccday":null,"bonusskaccday":null,"symbol":null,"secode":"2010000172","divitype":"A","taxfdividendbh":0.0,"taxcdividend":1.44,"divibegdate":"20070718","summarize":"10派1.6"},{"bonusimpdate":"20060703","bonusyear":"2005","cur":"人民币","bonusskratio":null,"tranaddskraio":null,"recorddate":"20060706","exrightdate":"20060707","cdividend":0.25,"fdividendbh":0.0,"tranaddsklistdate":null,"bonussklistdate":null,"tranaddskaccday":null,"bonusskaccday":null,"symbol":null,"secode":"2010000172","divitype":"A","taxfdividendbh":0.0,"taxcdividend":0.225,"divibegdate":"20060712","summarize":"10派0.25"},{"bonusimpdate":"20050822","bonusyear":"2004","cur":"人民币","bonusskratio":null,"tranaddskraio":null,"recorddate":"20050825","exrightdate":"20050826","cdividend":1.4,"fdividendbh":0.0,"tranaddsklistdate":null,"bonussklistdate":null,"tranaddskaccday":null,"bonusskaccday":null,"symbol":null,"secode":"2010000172","divitype":"A","taxfdividendbh":0.0,"taxcdividend":1.26,"divibegdate":"20050831","summarize":"10派1.4"},{"bonusimpdate":"20040403","bonusyear":"2003","cur":"人民币","bonusskratio":null,"tranaddskraio":10.0,"recorddate":"20040407","exrightdate":"20040408","cdividend":2.76,"fdividendbh":0.0,"tranaddsklistdate":"20040409","bonussklistdate":null,"tranaddskaccday":"20040408","bonusskaccday":null,"symbol":null,"secode":"2010000172","divitype":"AC","taxfdividendbh":0.0,"taxcdividend":2.21,"divibegdate":"20040419","summarize":"10转10派2.76"},{"bonusimpdate":"20030705","bonusyear":"2002","cur":"人民币","bonusskratio":null,"tranaddskraio":null,"recorddate":"20030710","exrightdate":"20030711","cdividend":2.8,"fdividendbh":0.0,"tranaddsklistdate":null,"bonussklistdate":null,"tranaddskaccday":null,"bonusskaccday":null,"symbol":null,"secode":"2010000172","divitype":"A","taxfdividendbh":0.0,"taxcdividend":2.24,"divibegdate":"20030716","summarize":"10派2.8"},{"bonusimpdate":"20020817","bonusyear":"2001","cur":"人民币","bonusskratio":null,"tranaddskraio":null,"recorddate":"20020821","exrightdate":"20020822","cdividend":1.0,"fdividendbh":0.0,"tranaddsklistdate":null,"bonussklistdate":null,"tranaddskaccday":null,"bonusskaccday":null,"symbol":null,"secode":"2010000172","divitype":"A","taxfdividendbh":0.0,"taxcdividend":0.8,"divibegdate":"20020827","summarize":"10派1"},{"bonusimpdate":"20011130","bonusyear":"2001","cur":"人民币","bonusskratio":null,"tranaddskraio":null,"recorddate":"20011210","exrightdate":"20011211","cdividend":1.7,"fdividendbh":0.0,"tranaddsklistdate":null,"bonussklistdate":null,"tranaddskaccday":null,"bonusskaccday":null,"symbol":null,"secode":"2010000172","divitype":"A","taxfdividendbh":0.0,"taxcdividend":1.36,"divibegdate":"20011218","summarize":"10派1.7"},{"bonusimpdate":"20010623","bonusyear":"2000","cur":"人民币","bonusskratio":null,"tranaddskraio":null,"recorddate":"20010628","exrightdate":"20010629","cdividend":2.0,"fdividendbh":0.0,"tranaddsklistdate":null,"bonussklistdate":null,"tranaddskaccday":null,"bonusskaccday":null,"symbol":null,"secode":"2010000172","divitype":"A","taxfdividendbh":0.0,"taxcdividend":1.6,"divibegdate":"20010712","summarize":"10派2"},{"bonusimpdate":"20000818","bonusyear":"1999","cur":"人民币","bonusskratio":null,"tranaddskraio":null,"recorddate":"20000822","exrightdate":"20000823","cdividend":2.43,"fdividendbh":0.0,"tranaddsklistdate":null,"bonussklistdate":null,"tranaddskaccday":null,"bonusskaccday":null,"symbol":null,"secode":"2010000172","divitype":"A","taxfdividendbh":0.0,"taxcdividend":1.94,"divibegdate":"20000824","summarize":"10派2.43"}]}