{"list":[{"compcode":"80140710","publishdate":"20171028","begindate":"20170101","enddate":"20170930","reporttype":"100111","adjustdate":"20171028","accstacode":"2","accstaname":"新会计准则","laborgetcash":2.13852724508E9,"deponetr":null,"bankloannetincr":null,"fininstnetr":null,"inspremcash":null,"insnetc":null,"savinetr":null,"disptradnetincr":null,"charintecash":null,"fdsborrnetr":null,"repnetincr":null,"taxrefd":1.667694864E7,"receotherbizcash":1.953816073E7,"bizinflitse":null,"bizinflform":null,"bizcashinfl":2.17474235445E9,"labopayc":1.2372655476E9,"loansnetr":null,"tradepaymnetr":null,"paycompgold":null,"payintecash":null,"paydivicash":null,"payworkcash":3.9297692845E8,"paytax":1.1216586412E8,"payacticash":3.6318151801E8,"bizoutfitse":null,"bizoutfform":null,"bizcashoutf":2.10558985818E9,"biznetitse":null,"biznetform":null,"mananetr":6.915249627E7,"withinvgetcash":1.21556091808E9,"inveretugetcash":3048856.15,"fixedassetnetc":662710.93,"subsnetc":null,"receinvcash":164934.0,"reducashpled":null,"invinflitse":null,"invinffrom":null,"invcashinfl":1.21943741916E9,"acquassetcash":1.0514010369E8,"invpayc":1.55699990832E9,"loannetr":null,"subspaynetcash":null,"payinvecash":9542132.24,"incrcashpled":null,"invoutfitse":null,"invoutfform":null,"invcashoutf":1.67168214425E9,"netinvitse":null,"netinvform":null,"invnetcashflow":-4.5224472509E8,"invrececash":null,"subsrececash":null,"recefromloan":8.905E8,"issbdrececash":null,"recefincash":1.038349065E7,"fininflitse":null,"fininflform":null,"fincashinfl":9.0088349065E8,"debtpaycash":4.16E8,"diviprofpaycash":8.458408578E7,"subspaydivid":null,"finrelacash":3.516580224E7,"finoutfitse":null,"finoutfform":null,"fincashoutf":5.3574988802E8,"finnetitse":null,"finnetform":null,"finnetcflow":3.6513360263E8,"chgexchgchgs":-8983670.79,"netcashitse":null,"netcashform":null,"cashnetr":-2.694229698E7,"inicashbala":3.963606679E8,"cashfinalitse":null,"cashfinalform":null,"finalcashbala":3.6941837092E8,"netprofit":null,"minysharrigh":null,"unreinveloss":null,"asseimpa":null,"assedepr":null,"realestadep":null,"intaasseamor":null,"longdefeexpenamor":null,"prepexpedecr":null,"accrexpeincr":null,"dispfixedassetloss":null,"fixedassescraloss":null,"valuechgloss":null,"defeincoincr":null,"estidebts":null,"finexpe":null,"inveloss":null,"defetaxassetdecr":null,"defetaxliabincr":null,"inveredu":null,"receredu":null,"payaincr":null,"unseparachg":null,"unfiparachg":null,"other":null,"biznetscheitse":null,"biznetscheform":null,"biznetcflow":null,"debtintocapi":null,"expiconvbd":null,"finfixedasset":null,"cashfinalbala":3.6941837092E8,"cashopenbala":3.963606679E8,"equfinalbala":null,"equopenbala":null,"netcashscheitse":null,"netcashscheform":null,"cashneti":-2.694229698E7},{"compcode":"80140710","publishdate":"20170830","begindate":"20170101","enddate":"20170630","reporttype":"100111","adjustdate":"20170830","accstacode":"2","accstaname":"新会计准则","laborgetcash":1.51330417746E9,"deponetr":null,"bankloannetincr":null,"fininstnetr":null,"inspremcash":null,"insnetc":null,"savinetr":null,"disptradnetincr":null,"charintecash":null,"fdsborrnetr":null,"repnetincr":null,"taxrefd":6927502.87,"receotherbizcash":1.449895265E7,"bizinflitse":null,"bizinflform":null,"bizcashinfl":1.53473063298E9,"labopayc":8.9591106918E8,"loansnetr":null,"tradepaymnetr":null,"paycompgold":null,"payintecash":null,"paydivicash":null,"payworkcash":2.6315495752E8,"paytax":9.059455527E7,"payacticash":2.391466988E8,"bizoutfitse":null,"bizoutfform":null,"bizcashoutf":1.48880728077E9,"biznetitse":null,"biznetform":null,"mananetr":4.592335221E7,"withinvgetcash":5.023432885E8,"inveretugetcash":245600.0,"fixedassetnetc":377011.5,"subsnetc":null,"receinvcash":164934.0,"reducashpled":null,"invinflitse":null,"invinffrom":null,"invcashinfl":5.03130834E8,"acquassetcash":6.359953873E7,"invpayc":7.3E8,"loannetr":null,"subspaynetcash":null,"payinvecash":8748180.12,"incrcashpled":null,"invoutfitse":null,"invoutfform":null,"invcashoutf":8.0234771885E8,"netinvitse":null,"netinvform":null,"invnetcashflow":-2.9921688485E8,"invrececash":null,"subsrececash":null,"recefromloan":3.78E8,"issbdrececash":null,"recefincash":8114290.65,"fininflitse":null,"fininflform":null,"fincashinfl":3.8611429065E8,"debtpaycash":8.0E7,"diviprofpaycash":7.873315427E7,"subspaydivid":null,"finrelacash":6133960.95,"finoutfitse":null,"finoutfform":null,"fincashoutf":1.6486711522E8,"finnetitse":null,"finnetform":null,"finnetcflow":2.2124717543E8,"chgexchgchgs":-3869738.98,"netcashitse":null,"netcashform":null,"cashnetr":-3.591609619E7,"inicashbala":3.963606679E8,"cashfinalitse":null,"cashfinalform":null,"finalcashbala":3.6044457171E8,"netprofit":8.017218688E7,"minysharrigh":null,"unreinveloss":null,"asseimpa":3003231.98,"assedepr":3.154871672E7,"realestadep":null,"intaasseamor":3495750.47,"longdefeexpenamor":6667933.45,"prepexpedecr":null,"accrexpeincr":null,"dispfixedassetloss":224631.23,"fixedassescraloss":null,"valuechgloss":-1192720.0,"defeincoincr":null,"estidebts":null,"finexpe":1.793626938E7,"inveloss":-6011803.2,"defetaxassetdecr":4743285.8,"defetaxliabincr":178908.0,"inveredu":6693569.61,"receredu":-5023794.64,"payaincr":-9.651281347E7,"unseparachg":null,"unfiparachg":null,"other":null,"biznetscheitse":null,"biznetscheform":null,"biznetcflow":4.592335221E7,"debtintocapi":null,"expiconvbd":null,"finfixedasset":null,"cashfinalbala":3.6044457171E8,"cashopenbala":3.963606679E8,"equfinalbala":null,"equopenbala":null,"netcashscheitse":null,"netcashscheform":null,"cashneti":-3.591609619E7},{"compcode":"80140710","publishdate":"20170427","begindate":"20170101","enddate":"20170331","reporttype":"100111","adjustdate":"20170427","accstacode":"2","accstaname":"新会计准则","laborgetcash":7.7722918423E8,"deponetr":null,"bankloannetincr":null,"fininstnetr":null,"inspremcash":null,"insnetc":null,"savinetr":null,"disptradnetincr":null,"charintecash":null,"fdsborrnetr":null,"repnetincr":null,"taxrefd":6796584.43,"receotherbizcash":1.115121707E7,"bizinflitse":null,"bizinflform":null,"bizcashinfl":7.9517698573E8,"labopayc":4.1913389632E8,"loansnetr":null,"tradepaymnetr":null,"paycompgold":null,"payintecash":null,"paydivicash":null,"payworkcash":1.3520199867E8,"paytax":6.047949696E7,"payacticash":1.2522522866E8,"bizoutfitse":null,"bizoutfform":null,"bizcashoutf":7.4004062061E8,"biznetitse":null,"biznetform":null,"mananetr":5.513636512E7,"withinvgetcash":1.0905780274E8,"inveretugetcash":null,"fixedassetnetc":1700.0,"subsnetc":null,"receinvcash":null,"reducashpled":null,"invinflitse":null,"invinffrom":null,"invcashinfl":1.0905950274E8,"acquassetcash":3.225608623E7,"invpayc":4.79E8,"loannetr":null,"subspaynetcash":null,"payinvecash":587037.4,"incrcashpled":null,"invoutfitse":null,"invoutfform":null,"invcashoutf":5.1184312363E8,"netinvitse":null,"netinvform":null,"invnetcashflow":-4.0278362089E8,"invrececash":null,"subsrececash":null,"recefromloan":2.78E8,"issbdrececash":null,"recefincash":6985546.9,"fininflitse":null,"fininflform":null,"fincashinfl":2.849855469E8,"debtpaycash":null,"diviprofpaycash":2774722.23,"subspaydivid":null,"finrelacash":3928204.87,"finoutfitse":null,"finoutfform":null,"fincashoutf":6702927.1,"finnetitse":null,"finnetform":null,"finnetcflow":2.782826198E8,"chgexchgchgs":-787263.16,"netcashitse":null,"netcashform":null,"cashnetr":-7.015189913E7,"inicashbala":3.963606679E8,"cashfinalitse":null,"cashfinalform":null,"finalcashbala":3.2620876877E8,"netprofit":null,"minysharrigh":null,"unreinveloss":null,"asseimpa":null,"assedepr":null,"realestadep":null,"intaasseamor":null,"longdefeexpenamor":null,"prepexpedecr":null,"accrexpeincr":null,"dispfixedassetloss":null,"fixedassescraloss":null,"valuechgloss":null,"defeincoincr":null,"estidebts":null,"finexpe":null,"inveloss":null,"defetaxassetdecr":null,"defetaxliabincr":null,"inveredu":null,"receredu":null,"payaincr":null,"unseparachg":null,"unfiparachg":null,"other":null,"biznetscheitse":null,"biznetscheform":null,"biznetcflow":null,"debtintocapi":null,"expiconvbd":null,"finfixedasset":null,"cashfinalbala":3.2620876877E8,"cashopenbala":3.963606679E8,"equfinalbala":null,"equopenbala":null,"netcashscheitse":null,"netcashscheform":null,"cashneti":-7.015189913E7},{"compcode":"80140710","publishdate":"20170427","begindate":"20160101","enddate":"20161231","reporttype":"100111","adjustdate":"20170427","accstacode":"2","accstaname":"新会计准则","laborgetcash":2.54445504525E9,"deponetr":null,"bankloannetincr":null,"fininstnetr":null,"inspremcash":null,"insnetc":null,"savinetr":null,"disptradnetincr":null,"charintecash":null,"fdsborrnetr":null,"repnetincr":null,"taxrefd":1.601877833E7,"receotherbizcash":2.083857053E7,"bizinflitse":null,"bizinflform":null,"bizcashinfl":2.58131239411E9,"labopayc":1.14483691276E9,"loansnetr":null,"tradepaymnetr":null,"paycompgold":null,"payintecash":null,"paydivicash":null,"payworkcash":5.0204368428E8,"paytax":1.2531493203E8,"payacticash":4.9456980576E8,"bizoutfitse":null,"bizoutfform":null,"bizcashoutf":2.26676533483E9,"biznetitse":null,"biznetform":null,"mananetr":3.1454705928E8,"withinvgetcash":3.16507411147E9,"inveretugetcash":2692614.92,"fixedassetnetc":303054.35,"subsnetc":null,"receinvcash":1455150.0,"reducashpled":null,"invinflitse":null,"invinffrom":null,"invcashinfl":3.16952493074E9,"acquassetcash":1.5542613233E8,"invpayc":3.3681854E9,"loannetr":null,"subspaynetcash":5.04583881E7,"payinvecash":1.136646097E7,"incrcashpled":null,"invoutfitse":null,"invoutfform":null,"invcashoutf":3.5854363814E9,"netinvitse":null,"netinvform":null,"invnetcashflow":-4.1591145066E8,"invrececash":3.316089491E8,"subsrececash":3.028E7,"recefromloan":2.5E8,"issbdrececash":null,"recefincash":null,"fininflitse":null,"fininflform":null,"fincashinfl":5.816089491E8,"debtpaycash":2.06E8,"diviprofpaycash":1.032622946E7,"subspaydivid":null,"finrelacash":2.226773425E7,"finoutfitse":null,"finoutfform":null,"fincashoutf":2.3859396371E8,"finnetitse":null,"finnetform":null,"finnetcflow":3.4301498539E8,"chgexchgchgs":1.11842386E7,"netcashitse":null,"netcashform":null,"cashnetr":2.5283483261E8,"inicashbala":1.4352583529E8,"cashfinalitse":null,"cashfinalform":null,"finalcashbala":3.963606679E8,"netprofit":1.3427273984E8,"minysharrigh":null,"unreinveloss":null,"asseimpa":4431095.67,"assedepr":5.787557965E7,"realestadep":null,"intaasseamor":7268630.01,"longdefeexpenamor":1.45474823E7,"prepexpedecr":null,"accrexpeincr":null,"dispfixedassetloss":333075.32,"fixedassescraloss":-2979.95,"valuechgloss":-235700.0,"defeincoincr":null,"estidebts":null,"finexpe":-6846619.58,"inveloss":-1.483486075E7,"defetaxassetdecr":3087527.77,"defetaxliabincr":null,"inveredu":-7.004855137E7,"receredu":-5451841.35,"payaincr":1.9015148172E8,"unseparachg":null,"unfiparachg":null,"other":null,"biznetscheitse":null,"biznetscheform":null,"biznetcflow":3.1454705928E8,"debtintocapi":null,"expiconvbd":null,"finfixedasset":null,"cashfinalbala":3.963606679E8,"cashopenbala":1.4352583529E8,"equfinalbala":null,"equopenbala":null,"netcashscheitse":null,"netcashscheform":null,"cashneti":2.5283483261E8},{"compcode":"80140710","publishdate":"20161020","begindate":"20160101","enddate":"20160930","reporttype":"100111","adjustdate":"20161020","accstacode":"2","accstaname":"新会计准则","laborgetcash":1.77727306205E9,"deponetr":null,"bankloannetincr":null,"fininstnetr":null,"inspremcash":null,"insnetc":null,"savinetr":null,"disptradnetincr":null,"charintecash":null,"fdsborrnetr":null,"repnetincr":null,"taxrefd":8837486.44,"receotherbizcash":1.812313494E7,"bizinflitse":null,"bizinflform":null,"bizcashinfl":1.80423368343E9,"labopayc":8.0713037819E8,"loansnetr":null,"tradepaymnetr":null,"paycompgold":null,"payintecash":null,"paydivicash":null,"payworkcash":3.664880818E8,"paytax":9.998232407E7,"payacticash":3.2496702091E8,"bizoutfitse":null,"bizoutfform":null,"bizcashoutf":1.59856780497E9,"biznetitse":null,"biznetform":null,"mananetr":2.0566587846E8,"withinvgetcash":2.92829360281E9,"inveretugetcash":1912500.0,"fixedassetnetc":172132.0,"subsnetc":null,"receinvcash":1096250.0,"reducashpled":null,"invinflitse":null,"invinffrom":null,"invcashinfl":2.93147448481E9,"acquassetcash":9.393584282E7,"invpayc":2.6244E9,"loannetr":null,"subspaynetcash":5.25505E8,"payinvecash":9854925.43,"incrcashpled":null,"invoutfitse":null,"invoutfform":null,"invcashoutf":3.25369576825E9,"netinvitse":null,"netinvform":null,"invnetcashflow":-3.2222128344E8,"invrececash":3.03566408E8,"subsrececash":null,"recefromloan":1.5E8,"issbdrececash":null,"recefincash":null,"fininflitse":null,"fininflform":null,"fincashinfl":4.53566408E8,"debtpaycash":1.86E8,"diviprofpaycash":7032181.28,"subspaydivid":null,"finrelacash":897383.2,"finoutfitse":null,"finoutfform":null,"fincashoutf":1.9392956448E8,"finnetitse":null,"finnetform":null,"finnetcflow":2.5963684352E8,"chgexchgchgs":3838448.81,"netcashitse":null,"netcashform":null,"cashnetr":1.4691988735E8,"inicashbala":1.4352583529E8,"cashfinalitse":null,"cashfinalform":null,"finalcashbala":2.9044572264E8,"netprofit":null,"minysharrigh":null,"unreinveloss":null,"asseimpa":null,"assedepr":null,"realestadep":null,"intaasseamor":null,"longdefeexpenamor":null,"prepexpedecr":null,"accrexpeincr":null,"dispfixedassetloss":null,"fixedassescraloss":null,"valuechgloss":null,"defeincoincr":null,"estidebts":null,"finexpe":null,"inveloss":null,"defetaxassetdecr":null,"defetaxliabincr":null,"inveredu":null,"receredu":null,"payaincr":null,"unseparachg":null,"unfiparachg":null,"other":null,"biznetscheitse":null,"biznetscheform":null,"biznetcflow":null,"debtintocapi":null,"expiconvbd":null,"finfixedasset":null,"cashfinalbala":2.9044572264E8,"cashopenbala":1.4352583529E8,"equfinalbala":null,"equopenbala":null,"netcashscheitse":null,"netcashscheform":null,"cashneti":1.4691988735E8},{"compcode":"80140710","publishdate":"20160825","begindate":"20160101","enddate":"20160630","reporttype":"100111","adjustdate":"20160825","accstacode":"2","accstaname":"新会计准则","laborgetcash":1.22168419562E9,"deponetr":null,"bankloannetincr":null,"fininstnetr":null,"inspremcash":null,"insnetc":null,"savinetr":null,"disptradnetincr":null,"charintecash":null,"fdsborrnetr":null,"repnetincr":null,"taxrefd":2982069.73,"receotherbizcash":9942592.4,"bizinflitse":null,"bizinflform":null,"bizcashinfl":1.23460885775E9,"labopayc":5.0185135502E8,"loansnetr":null,"tradepaymnetr":null,"paycompgold":null,"payintecash":null,"paydivicash":null,"payworkcash":2.4720756922E8,"paytax":7.779563538E7,"payacticash":2.040635985E8,"bizoutfitse":null,"bizoutfform":null,"bizcashoutf":1.03091815812E9,"biznetitse":null,"biznetform":null,"mananetr":2.0369069963E8,"withinvgetcash":1.16505990651E9,"inveretugetcash":1912500.0,"fixedassetnetc":88400.0,"subsnetc":null,"receinvcash":1096250.0,"reducashpled":null,"invinflitse":null,"invinffrom":null,"invcashinfl":1.16815705651E9,"acquassetcash":4.46992442E7,"invpayc":1.3167E9,"loannetr":null,"subspaynetcash":null,"payinvecash":8232256.63,"incrcashpled":null,"invoutfitse":null,"invoutfform":null,"invcashoutf":1.36963150083E9,"netinvitse":null,"netinvform":null,"invnetcashflow":-2.0147444432E8,"invrececash":3.03566408E8,"subsrececash":null,"recefromloan":1.0E8,"issbdrececash":null,"recefincash":null,"fininflitse":null,"fininflform":null,"fincashinfl":4.03566408E8,"debtpaycash":1.36E8,"diviprofpaycash":4662622.24,"subspaydivid":null,"finrelacash":null,"finoutfitse":null,"finoutfform":null,"fincashoutf":1.4066262224E8,"finnetitse":null,"finnetform":null,"finnetcflow":2.6290378576E8,"chgexchgchgs":2408371.52,"netcashitse":null,"netcashform":null,"cashnetr":2.6752841259E8,"inicashbala":1.4352583529E8,"cashfinalitse":null,"cashfinalform":null,"finalcashbala":4.1105424788E8,"netprofit":7.28903416E7,"minysharrigh":null,"unreinveloss":null,"asseimpa":4593649.85,"assedepr":2.726487731E7,"realestadep":null,"intaasseamor":3781648.21,"longdefeexpenamor":7237470.89,"prepexpedecr":null,"accrexpeincr":null,"dispfixedassetloss":261043.14,"fixedassescraloss":2738.0,"valuechgloss":-235700.0,"defeincoincr":null,"estidebts":null,"finexpe":1458442.16,"inveloss":-8202287.33,"defetaxassetdecr":2449183.76,"defetaxliabincr":null,"inveredu":1.115743408E7,"receredu":7.219117567E7,"payaincr":8840682.29,"unseparachg":null,"unfiparachg":null,"other":null,"biznetscheitse":null,"biznetscheform":null,"biznetcflow":2.0369069963E8,"debtintocapi":null,"expiconvbd":null,"finfixedasset":null,"cashfinalbala":4.1105424788E8,"cashopenbala":1.4352583529E8,"equfinalbala":null,"equopenbala":null,"netcashscheitse":null,"netcashscheform":null,"cashneti":2.6752841259E8},{"compcode":"80140710","publishdate":"20160430","begindate":"20160101","enddate":"20160331","reporttype":"100111","adjustdate":"20160430","accstacode":"2","accstaname":"新会计准则","laborgetcash":6.0991536298E8,"deponetr":null,"bankloannetincr":null,"fininstnetr":null,"inspremcash":null,"insnetc":null,"savinetr":null,"disptradnetincr":null,"charintecash":null,"fdsborrnetr":null,"repnetincr":null,"taxrefd":2757050.83,"receotherbizcash":3158291.41,"bizinflitse":null,"bizinflform":null,"bizcashinfl":6.1583070522E8,"labopayc":2.605609971E8,"loansnetr":null,"tradepaymnetr":null,"paycompgold":null,"payintecash":null,"paydivicash":null,"payworkcash":1.2086252435E8,"paytax":3.89476341E7,"payacticash":1.0089598765E8,"bizoutfitse":null,"bizoutfform":null,"bizcashoutf":5.212671432E8,"biznetitse":null,"biznetform":null,"mananetr":9.456356202E7,"withinvgetcash":6.812944144E8,"inveretugetcash":1912500.0,"fixedassetnetc":75600.0,"subsnetc":null,"receinvcash":null,"reducashpled":null,"invinflitse":null,"invinffrom":null,"invcashinfl":6.832825144E8,"acquassetcash":3.136225517E7,"invpayc":5.53E8,"loannetr":null,"subspaynetcash":null,"payinvecash":2564919.34,"incrcashpled":null,"invoutfitse":null,"invoutfform":null,"invcashoutf":5.8692717451E8,"netinvitse":null,"netinvform":null,"invnetcashflow":9.635533989E7,"invrececash":null,"subsrececash":null,"recefromloan":1.0E8,"issbdrececash":null,"recefincash":null,"fininflitse":null,"fininflform":null,"fincashinfl":1.0E8,"debtpaycash":1.19E8,"diviprofpaycash":2206969.45,"subspaydivid":null,"finrelacash":547800.04,"finoutfitse":null,"finoutfform":null,"fincashoutf":1.2175476949E8,"finnetitse":null,"finnetform":null,"finnetcflow":-2.175476949E7,"chgexchgchgs":-572478.85,"netcashitse":null,"netcashform":null,"cashnetr":1.6859165357E8,"inicashbala":1.4352583529E8,"cashfinalitse":null,"cashfinalform":null,"finalcashbala":3.1211748886E8,"netprofit":null,"minysharrigh":null,"unreinveloss":null,"asseimpa":null,"assedepr":null,"realestadep":null,"intaasseamor":null,"longdefeexpenamor":null,"prepexpedecr":null,"accrexpeincr":null,"dispfixedassetloss":null,"fixedassescraloss":null,"valuechgloss":null,"defeincoincr":null,"estidebts":null,"finexpe":null,"inveloss":null,"defetaxassetdecr":null,"defetaxliabincr":null,"inveredu":null,"receredu":null,"payaincr":null,"unseparachg":null,"unfiparachg":null,"other":null,"biznetscheitse":null,"biznetscheform":null,"biznetcflow":null,"debtintocapi":null,"expiconvbd":null,"finfixedasset":null,"cashfinalbala":3.1211748886E8,"cashopenbala":1.4352583529E8,"equfinalbala":null,"equopenbala":null,"netcashscheitse":null,"netcashscheform":null,"cashneti":1.6859165357E8},{"compcode":"80140710","publishdate":"20160430","begindate":"20150101","enddate":"20151231","reporttype":"100111","adjustdate":"20160430","accstacode":"2","accstaname":"新会计准则","laborgetcash":1.76203202044E9,"deponetr":null,"bankloannetincr":null,"fininstnetr":null,"inspremcash":null,"insnetc":null,"savinetr":null,"disptradnetincr":null,"charintecash":null,"fdsborrnetr":null,"repnetincr":null,"taxrefd":9645832.72,"receotherbizcash":1.567332622E7,"bizinflitse":null,"bizinflform":null,"bizcashinfl":1.78735117938E9,"labopayc":6.3556927704E8,"loansnetr":null,"tradepaymnetr":null,"paycompgold":null,"payintecash":null,"paydivicash":null,"payworkcash":4.70127991E8,"paytax":1.3960771184E8,"payacticash":4.1193285656E8,"bizoutfitse":null,"bizoutfform":null,"bizcashoutf":1.65723783644E9,"biznetitse":null,"biznetform":null,"mananetr":1.3011334294E8,"withinvgetcash":1.2799003875E9,"inveretugetcash":9844535.55,"fixedassetnetc":1666393.65,"subsnetc":null,"receinvcash":1.2667043E7,"reducashpled":null,"invinflitse":null,"invinffrom":null,"invcashinfl":1.3040783597E9,"acquassetcash":1.2269923159E8,"invpayc":1.31231978493E9,"loannetr":null,"subspaynetcash":null,"payinvecash":1.148340369E7,"incrcashpled":null,"invoutfitse":null,"invoutfform":null,"invcashoutf":1.44650242021E9,"netinvitse":null,"netinvform":null,"invnetcashflow":-1.4242406051E8,"invrececash":null,"subsrececash":null,"recefromloan":5.4908928E8,"issbdrececash":null,"recefincash":299199.08,"fininflitse":null,"fininflform":null,"fincashinfl":5.4938847908E8,"debtpaycash":5.2967942E8,"diviprofpaycash":1.2293894221E8,"subspaydivid":null,"finrelacash":1300392.0,"finoutfitse":null,"finoutfform":null,"fincashoutf":6.5391875421E8,"finnetitse":null,"finnetform":null,"finnetcflow":-1.0453027513E8,"chgexchgchgs":1.009860659E7,"netcashitse":null,"netcashform":null,"cashnetr":-1.0674238611E8,"inicashbala":2.502682214E8,"cashfinalitse":null,"cashfinalform":null,"finalcashbala":1.4352583529E8,"netprofit":1.1364189546E8,"minysharrigh":null,"unreinveloss":null,"asseimpa":729974.98,"assedepr":5.318986972E7,"realestadep":null,"intaasseamor":6658096.73,"longdefeexpenamor":1.562846589E7,"prepexpedecr":null,"accrexpeincr":null,"dispfixedassetloss":1125731.05,"fixedassescraloss":72645.18,"valuechgloss":-627743.33,"defeincoincr":null,"estidebts":null,"finexpe":-1066514.05,"inveloss":-2.873259428E7,"defetaxassetdecr":2867483.34,"defetaxliabincr":null,"inveredu":1864855.75,"receredu":-4.458207826E7,"payaincr":9343254.76,"unseparachg":null,"unfiparachg":null,"other":null,"biznetscheitse":null,"biznetscheform":null,"biznetcflow":1.3011334294E8,"debtintocapi":null,"expiconvbd":null,"finfixedasset":null,"cashfinalbala":1.4352583529E8,"cashopenbala":2.502682214E8,"equfinalbala":null,"equopenbala":null,"netcashscheitse":null,"netcashscheform":null,"cashneti":-1.0674238611E8},{"compcode":"80140710","publishdate":"20151031","begindate":"20150101","enddate":"20150930","reporttype":"100111","adjustdate":"20151031","accstacode":"2","accstaname":"新会计准则","laborgetcash":1.44256736019E9,"deponetr":null,"bankloannetincr":null,"fininstnetr":null,"inspremcash":null,"insnetc":null,"savinetr":null,"disptradnetincr":null,"charintecash":null,"fdsborrnetr":null,"repnetincr":null,"taxrefd":7304056.79,"receotherbizcash":1.603723612E7,"bizinflitse":null,"bizinflform":null,"bizcashinfl":1.4659086531E9,"labopayc":7.3800382487E8,"loansnetr":null,"tradepaymnetr":null,"paycompgold":null,"payintecash":null,"paydivicash":null,"payworkcash":3.4283891321E8,"paytax":1.1161676564E8,"payacticash":2.74457617E8,"bizoutfitse":null,"bizoutfform":null,"bizcashoutf":1.46691712072E9,"biznetitse":null,"biznetform":null,"mananetr":-1008467.62,"withinvgetcash":1.06043333933E9,"inveretugetcash":3.71127296E7,"fixedassetnetc":315924.35,"subsnetc":null,"receinvcash":1.280205E7,"reducashpled":null,"invinflitse":null,"invinffrom":null,"invcashinfl":1.11066404328E9,"acquassetcash":5.883202473E7,"invpayc":1.05831978493E9,"loannetr":null,"subspaynetcash":null,"payinvecash":1.044996543E7,"incrcashpled":null,"invoutfitse":null,"invoutfform":null,"invcashoutf":1.12760177509E9,"netinvitse":null,"netinvform":null,"invnetcashflow":-1.693773181E7,"invrececash":null,"subsrececash":null,"recefromloan":2.5911928E8,"issbdrececash":null,"recefincash":1112738.0,"fininflitse":null,"fininflform":null,"fincashinfl":2.60232018E8,"debtpaycash":2.2989461E8,"diviprofpaycash":7.070519161E7,"subspaydivid":null,"finrelacash":4486200.0,"finoutfitse":null,"finoutfform":null,"fincashoutf":3.0508600161E8,"finnetitse":null,"finnetform":null,"finnetcflow":-4.485398361E7,"chgexchgchgs":7825103.11,"netcashitse":null,"netcashform":null,"cashnetr":-5.497507993E7,"inicashbala":2.502682214E8,"cashfinalitse":null,"cashfinalform":null,"finalcashbala":1.9529314147E8,"netprofit":null,"minysharrigh":null,"unreinveloss":null,"asseimpa":null,"assedepr":null,"realestadep":null,"intaasseamor":null,"longdefeexpenamor":null,"prepexpedecr":null,"accrexpeincr":null,"dispfixedassetloss":null,"fixedassescraloss":null,"valuechgloss":null,"defeincoincr":null,"estidebts":null,"finexpe":null,"inveloss":null,"defetaxassetdecr":null,"defetaxliabincr":null,"inveredu":null,"receredu":null,"payaincr":null,"unseparachg":null,"unfiparachg":null,"other":null,"biznetscheitse":null,"biznetscheform":null,"biznetcflow":null,"debtintocapi":null,"expiconvbd":null,"finfixedasset":null,"cashfinalbala":1.9529314147E8,"cashopenbala":2.502682214E8,"equfinalbala":null,"equopenbala":null,"netcashscheitse":null,"netcashscheform":null,"cashneti":-5.497507993E7},{"compcode":"80140710","publishdate":"20150827","begindate":"20150101","enddate":"20150630","reporttype":"100111","adjustdate":"20150827","accstacode":"2","accstaname":"新会计准则","laborgetcash":9.3781753966E8,"deponetr":null,"bankloannetincr":null,"fininstnetr":null,"inspremcash":null,"insnetc":null,"savinetr":null,"disptradnetincr":null,"charintecash":null,"fdsborrnetr":null,"repnetincr":null,"taxrefd":8528815.71,"receotherbizcash":9016357.51,"bizinflitse":null,"bizinflform":null,"bizcashinfl":9.5536271288E8,"labopayc":4.8466551149E8,"loansnetr":null,"tradepaymnetr":null,"paycompgold":null,"payintecash":null,"paydivicash":null,"payworkcash":2.161113827E8,"paytax":8.758697383E7,"payacticash":1.5829205862E8,"bizoutfitse":null,"bizoutfform":null,"bizcashoutf":9.4665592664E8,"biznetitse":null,"biznetform":null,"mananetr":8706786.24,"withinvgetcash":7.2316159179E8,"inveretugetcash":5992512.22,"fixedassetnetc":186910.77,"subsnetc":null,"receinvcash":1.3428393E7,"reducashpled":null,"invinflitse":null,"invinffrom":null,"invcashinfl":7.4276940778E8,"acquassetcash":5.499443849E7,"invpayc":7.0831978493E8,"loannetr":null,"subspaynetcash":null,"payinvecash":9796253.13,"incrcashpled":null,"invoutfitse":null,"invoutfform":null,"invcashoutf":7.7311047655E8,"netinvitse":null,"netinvform":null,"invnetcashflow":-3.034106877E7,"invrececash":null,"subsrececash":null,"recefromloan":2.5288042E8,"issbdrececash":null,"recefincash":null,"fininflitse":null,"fininflform":null,"fincashinfl":2.5288042E8,"debtpaycash":2.2374938E8,"diviprofpaycash":6.693998438E7,"subspaydivid":null,"finrelacash":1080000.0,"finoutfitse":null,"finoutfform":null,"fincashoutf":2.9176936438E8,"finnetitse":null,"finnetform":null,"finnetcflow":-3.888894438E7,"chgexchgchgs":1842837.63,"netcashitse":null,"netcashform":null,"cashnetr":-5.868038928E7,"inicashbala":2.502682214E8,"cashfinalitse":null,"cashfinalform":null,"finalcashbala":1.9158783212E8,"netprofit":5.785239464E7,"minysharrigh":null,"unreinveloss":null,"asseimpa":4416078.93,"assedepr":2.603983496E7,"realestadep":null,"intaasseamor":3293342.45,"longdefeexpenamor":7949576.7,"prepexpedecr":null,"accrexpeincr":null,"dispfixedassetloss":-35280.5,"fixedassescraloss":null,"valuechgloss":-2663166.66,"defeincoincr":null,"estidebts":null,"finexpe":4410919.99,"inveloss":-1.11304929E7,"defetaxassetdecr":-3640472.69,"defetaxliabincr":269958.5,"inveredu":-4.794247454E7,"receredu":-1.764211242E7,"payaincr":-1.247132022E7,"unseparachg":null,"unfiparachg":null,"other":null,"biznetscheitse":null,"biznetscheform":null,"biznetcflow":8706786.24,"debtintocapi":null,"expiconvbd":null,"finfixedasset":null,"cashfinalbala":1.9158783212E8,"cashopenbala":2.502682214E8,"equfinalbala":null,"equopenbala":null,"netcashscheitse":null,"netcashscheform":null,"cashneti":-5.868038928E7},{"compcode":"80140710","publishdate":"20150429","begindate":"20150101","enddate":"20150331","reporttype":"100111","adjustdate":"20150429","accstacode":"2","accstaname":"新会计准则","laborgetcash":4.8216525719E8,"deponetr":null,"bankloannetincr":null,"fininstnetr":null,"inspremcash":null,"insnetc":null,"savinetr":null,"disptradnetincr":null,"charintecash":null,"fdsborrnetr":null,"repnetincr":null,"taxrefd":2360359.96,"receotherbizcash":5820806.75,"bizinflitse":null,"bizinflform":null,"bizcashinfl":4.903464239E8,"labopayc":2.4356743662E8,"loansnetr":null,"tradepaymnetr":null,"paycompgold":null,"payintecash":null,"paydivicash":null,"payworkcash":1.0350302341E8,"paytax":4.022539447E7,"payacticash":6.541195129E7,"bizoutfitse":null,"bizoutfform":null,"bizcashoutf":4.5270780579E8,"biznetitse":null,"biznetform":null,"mananetr":3.763861811E7,"withinvgetcash":4.8239610686E8,"inveretugetcash":328920.0,"fixedassetnetc":100000.0,"subsnetc":null,"receinvcash":1.219E7,"reducashpled":null,"invinflitse":null,"invinffrom":null,"invcashinfl":4.9501502686E8,"acquassetcash":3.508414235E7,"invpayc":3.8599308585E8,"loannetr":null,"subspaynetcash":null,"payinvecash":1693854.77,"incrcashpled":null,"invoutfitse":null,"invoutfform":null,"invcashoutf":4.2277108297E8,"netinvitse":null,"netinvform":null,"invnetcashflow":7.224394389E7,"invrececash":null,"subsrececash":null,"recefromloan":2.17411E8,"issbdrececash":null,"recefincash":null,"fininflitse":null,"fininflform":null,"fincashinfl":2.17411E8,"debtpaycash":2.0475198E8,"diviprofpaycash":3480954.15,"subspaydivid":null,"finrelacash":1080000.0,"finoutfitse":null,"finoutfform":null,"fincashoutf":2.0931293415E8,"finnetitse":null,"finnetform":null,"finnetcflow":8098065.85,"chgexchgchgs":645682.76,"netcashitse":null,"netcashform":null,"cashnetr":1.1862631061E8,"inicashbala":2.502682214E8,"cashfinalitse":null,"cashfinalform":null,"finalcashbala":3.6889453201E8,"netprofit":null,"minysharrigh":null,"unreinveloss":null,"asseimpa":null,"assedepr":null,"realestadep":null,"intaasseamor":null,"longdefeexpenamor":null,"prepexpedecr":null,"accrexpeincr":null,"dispfixedassetloss":null,"fixedassescraloss":null,"valuechgloss":null,"defeincoincr":null,"estidebts":null,"finexpe":null,"inveloss":null,"defetaxassetdecr":null,"defetaxliabincr":null,"inveredu":null,"receredu":null,"payaincr":null,"unseparachg":null,"unfiparachg":null,"other":null,"biznetscheitse":null,"biznetscheform":null,"biznetcflow":null,"debtintocapi":null,"expiconvbd":null,"finfixedasset":null,"cashfinalbala":3.6889453201E8,"cashopenbala":2.502682214E8,"equfinalbala":null,"equopenbala":null,"netcashscheitse":null,"netcashscheform":null,"cashneti":1.1862631061E8},{"compcode":"80140710","publishdate":"20150415","begindate":"20140101","enddate":"20141231","reporttype":"100111","adjustdate":"20150415","accstacode":"2","accstaname":"新会计准则","laborgetcash":2.08003248889E9,"deponetr":null,"bankloannetincr":null,"fininstnetr":null,"inspremcash":null,"insnetc":null,"savinetr":null,"disptradnetincr":null,"charintecash":null,"fdsborrnetr":null,"repnetincr":null,"taxrefd":2.359567895E7,"receotherbizcash":1.567416642E7,"bizinflitse":null,"bizinflform":null,"bizcashinfl":2.11930233426E9,"labopayc":1.01402953463E9,"loansnetr":null,"tradepaymnetr":null,"paycompgold":null,"payintecash":null,"paydivicash":null,"payworkcash":4.0050768421E8,"paytax":1.0269193509E8,"payacticash":3.4887802935E8,"bizoutfitse":null,"bizoutfform":null,"bizcashoutf":1.86610718328E9,"biznetitse":null,"biznetform":null,"mananetr":2.5319515098E8,"withinvgetcash":1.2011996422E9,"inveretugetcash":954232.22,"fixedassetnetc":639542.3,"subsnetc":null,"receinvcash":2.1593547262E8,"reducashpled":null,"invinflitse":null,"invinffrom":null,"invcashinfl":1.41872888934E9,"acquassetcash":1.3237365223E8,"invpayc":1.669E9,"loannetr":null,"subspaynetcash":null,"payinvecash":1.468917024E7,"incrcashpled":null,"invoutfitse":null,"invoutfform":null,"invcashoutf":1.81606282247E9,"netinvitse":null,"netinvform":null,"invnetcashflow":-3.9733393313E8,"invrececash":null,"subsrececash":null,"recefromloan":4.6136782E8,"issbdrececash":null,"recefincash":null,"fininflitse":null,"fininflform":null,"fincashinfl":4.6136782E8,"debtpaycash":3.2802108E8,"diviprofpaycash":1.0500677567E8,"subspaydivid":4.522360046E7,"finrelacash":2409199.08,"finoutfitse":null,"finoutfform":null,"fincashoutf":4.3543705475E8,"finnetitse":null,"finnetform":null,"finnetcflow":2.593076525E7,"chgexchgchgs":-162928.8,"netcashitse":null,"netcashform":null,"cashnetr":-1.183709457E8,"inicashbala":3.686391671E8,"cashfinalitse":null,"cashfinalform":null,"finalcashbala":2.502682214E8,"netprofit":8.850480862E7,"minysharrigh":null,"unreinveloss":null,"asseimpa":1.039809802E7,"assedepr":5.099880075E7,"realestadep":null,"intaasseamor":6672004.5,"longdefeexpenamor":1.791146914E7,"prepexpedecr":null,"accrexpeincr":null,"dispfixedassetloss":122895.17,"fixedassescraloss":953567.59,"valuechgloss":1491193.33,"defeincoincr":null,"estidebts":null,"finexpe":1.223497857E7,"inveloss":-1.415387442E7,"defetaxassetdecr":-1.043768212E7,"defetaxliabincr":-94162.5,"inveredu":8.795429798E7,"receredu":2143664.28,"payaincr":-1504907.93,"unseparachg":null,"unfiparachg":null,"other":null,"biznetscheitse":null,"biznetscheform":null,"biznetcflow":2.5319515098E8,"debtintocapi":null,"expiconvbd":null,"finfixedasset":null,"cashfinalbala":2.502682214E8,"cashopenbala":3.686391671E8,"equfinalbala":null,"equopenbala":null,"netcashscheitse":null,"netcashscheform":null,"cashneti":-1.183709457E8},{"compcode":"80140710","publishdate":"20141028","begindate":"20140101","enddate":"20140930","reporttype":"100111","adjustdate":"20141028","accstacode":"2","accstaname":"新会计准则","laborgetcash":1.48223192726E9,"deponetr":null,"bankloannetincr":null,"fininstnetr":null,"inspremcash":null,"insnetc":null,"savinetr":null,"disptradnetincr":null,"charintecash":null,"fdsborrnetr":null,"repnetincr":null,"taxrefd":2.008259968E7,"receotherbizcash":1.398927183E7,"bizinflitse":null,"bizinflform":null,"bizcashinfl":1.51630379877E9,"labopayc":7.6492752273E8,"loansnetr":null,"tradepaymnetr":null,"paycompgold":null,"payintecash":null,"paydivicash":null,"payworkcash":2.140725419E8,"paytax":8.06673027E7,"payacticash":3.2289633861E8,"bizoutfitse":null,"bizoutfform":null,"bizcashoutf":1.38256370594E9,"biznetitse":null,"biznetform":null,"mananetr":1.3374009283E8,"withinvgetcash":6.15E8,"inveretugetcash":7954186.3,"fixedassetnetc":549962.34,"subsnetc":null,"receinvcash":2.1578547262E8,"reducashpled":null,"invinflitse":null,"invinffrom":null,"invcashinfl":8.3928962126E8,"acquassetcash":6.747840931E7,"invpayc":1.096E9,"loannetr":null,"subspaynetcash":null,"payinvecash":1.386628488E7,"incrcashpled":null,"invoutfitse":null,"invoutfform":null,"invcashoutf":1.17734469419E9,"netinvitse":null,"netinvform":null,"invnetcashflow":-3.3805507293E8,"invrececash":null,"subsrececash":null,"recefromloan":3.8136782E8,"issbdrececash":null,"recefincash":313800.0,"fininflitse":null,"fininflform":null,"fincashinfl":3.8168162E8,"debtpaycash":2.5802108E8,"diviprofpaycash":5.738664808E7,"subspaydivid":null,"finrelacash":1863800.0,"finoutfitse":null,"finoutfform":null,"fincashoutf":3.1727152808E8,"finnetitse":null,"finnetform":null,"finnetcflow":6.441009192E7,"chgexchgchgs":162412.29,"netcashitse":null,"netcashform":null,"cashnetr":-1.3974247589E8,"inicashbala":3.686391671E8,"cashfinalitse":null,"cashfinalform":null,"finalcashbala":2.2889669121E8,"netprofit":null,"minysharrigh":null,"unreinveloss":null,"asseimpa":null,"assedepr":null,"realestadep":null,"intaasseamor":null,"longdefeexpenamor":null,"prepexpedecr":null,"accrexpeincr":null,"dispfixedassetloss":null,"fixedassescraloss":null,"valuechgloss":null,"defeincoincr":null,"estidebts":null,"finexpe":null,"inveloss":null,"defetaxassetdecr":null,"defetaxliabincr":null,"inveredu":null,"receredu":null,"payaincr":null,"unseparachg":null,"unfiparachg":null,"other":null,"biznetscheitse":null,"biznetscheform":null,"biznetcflow":null,"debtintocapi":null,"expiconvbd":null,"finfixedasset":null,"cashfinalbala":2.2889669121E8,"cashopenbala":3.686391671E8,"equfinalbala":null,"equopenbala":null,"netcashscheitse":null,"netcashscheform":null,"cashneti":-1.3974247589E8},{"compcode":"80140710","publishdate":"20140822","begindate":"20140101","enddate":"20140630","reporttype":"100111","adjustdate":"20140822","accstacode":"2","accstaname":"新会计准则","laborgetcash":9.4723769886E8,"deponetr":null,"bankloannetincr":null,"fininstnetr":null,"inspremcash":null,"insnetc":null,"savinetr":null,"disptradnetincr":null,"charintecash":null,"fdsborrnetr":null,"repnetincr":null,"taxrefd":1.469782713E7,"receotherbizcash":6947582.84,"bizinflitse":null,"bizinflform":null,"bizcashinfl":9.6888310883E8,"labopayc":4.5400355858E8,"loansnetr":null,"tradepaymnetr":null,"paycompgold":null,"payintecash":null,"paydivicash":null,"payworkcash":1.3558128773E8,"paytax":5.993487541E7,"payacticash":2.0343479692E8,"bizoutfitse":null,"bizoutfform":null,"bizcashoutf":8.5295451864E8,"biznetitse":null,"biznetform":null,"mananetr":1.1592859019E8,"withinvgetcash":2.3E8,"inveretugetcash":1373150.68,"fixedassetnetc":521962.34,"subsnetc":null,"receinvcash":2.1578547262E8,"reducashpled":null,"invinflitse":null,"invinffrom":null,"invcashinfl":4.4768058564E8,"acquassetcash":3.674799775E7,"invpayc":5.65E8,"loannetr":null,"subspaynetcash":null,"payinvecash":8262892.61,"incrcashpled":null,"invoutfitse":null,"invoutfform":null,"invcashoutf":6.1001089036E8,"netinvitse":null,"netinvform":null,"invnetcashflow":-1.6233030472E8,"invrececash":null,"subsrececash":null,"recefromloan":2.5535182E8,"issbdrececash":null,"recefincash":null,"fininflitse":null,"fininflform":null,"fincashinfl":2.5535182E8,"debtpaycash":1.5805508E8,"diviprofpaycash":5.439776893E7,"subspaydivid":null,"finrelacash":669260.0,"finoutfitse":null,"finoutfform":null,"fincashoutf":2.1312210893E8,"finnetitse":null,"finnetform":null,"finnetcflow":4.222971107E7,"chgexchgchgs":910801.42,"netcashitse":null,"netcashform":null,"cashnetr":-3261202.04,"inicashbala":3.686391671E8,"cashfinalitse":null,"cashfinalform":null,"finalcashbala":3.6537796506E8,"netprofit":4.243047658E7,"minysharrigh":null,"unreinveloss":null,"asseimpa":2760773.18,"assedepr":2.461897878E7,"realestadep":null,"intaasseamor":3285171.45,"longdefeexpenamor":8829256.8,"prepexpedecr":null,"accrexpeincr":null,"dispfixedassetloss":3485.33,"fixedassescraloss":null,"valuechgloss":-2681575.32,"defeincoincr":null,"estidebts":null,"finexpe":5446255.25,"inveloss":468761.24,"defetaxassetdecr":-1870441.19,"defetaxliabincr":514770.69,"inveredu":5.108615781E7,"receredu":8761799.41,"payaincr":-2.772527982E7,"unseparachg":null,"unfiparachg":null,"other":null,"biznetscheitse":null,"biznetscheform":null,"biznetcflow":1.1592859019E8,"debtintocapi":null,"expiconvbd":null,"finfixedasset":null,"cashfinalbala":3.6537796506E8,"cashopenbala":3.686391671E8,"equfinalbala":null,"equopenbala":null,"netcashscheitse":null,"netcashscheform":null,"cashneti":-3261202.04},{"compcode":"80140710","publishdate":"20140425","begindate":"20140101","enddate":"20140331","reporttype":"100111","adjustdate":"20140425","accstacode":"2","accstaname":"新会计准则","laborgetcash":5.3595074059E8,"deponetr":null,"bankloannetincr":null,"fininstnetr":null,"inspremcash":null,"insnetc":null,"savinetr":null,"disptradnetincr":null,"charintecash":null,"fdsborrnetr":null,"repnetincr":null,"taxrefd":1805730.83,"receotherbizcash":5804801.92,"bizinflitse":null,"bizinflform":null,"bizcashinfl":5.4356127334E8,"labopayc":2.9623898012E8,"loansnetr":null,"tradepaymnetr":null,"paycompgold":null,"payintecash":null,"paydivicash":null,"payworkcash":5.995947889E7,"paytax":3.059032595E7,"payacticash":1.0959313212E8,"bizoutfitse":null,"bizoutfform":null,"bizcashoutf":4.9638191708E8,"biznetitse":null,"biznetform":null,"mananetr":4.717935626E7,"withinvgetcash":null,"inveretugetcash":405650.0,"fixedassetnetc":null,"subsnetc":null,"receinvcash":1.8504967262E8,"reducashpled":null,"invinflitse":null,"invinffrom":null,"invcashinfl":1.8545532262E8,"acquassetcash":1.650114255E7,"invpayc":3.0E8,"loannetr":null,"subspaynetcash":null,"payinvecash":1564918.43,"incrcashpled":null,"invoutfitse":null,"invoutfform":null,"invcashoutf":3.1806606098E8,"netinvitse":null,"netinvform":null,"invnetcashflow":-1.3261073836E8,"invrececash":null,"subsrececash":null,"recefromloan":2.5435182E8,"issbdrececash":null,"recefincash":null,"fininflitse":null,"fininflform":null,"fincashinfl":2.5435182E8,"debtpaycash":8.0E7,"diviprofpaycash":3104598.37,"subspaydivid":null,"finrelacash":null,"finoutfitse":null,"finoutfform":null,"fincashoutf":8.310459837E7,"finnetitse":null,"finnetform":null,"finnetcflow":1.7124722163E8,"chgexchgchgs":-741556.2,"netcashitse":null,"netcashform":null,"cashnetr":8.507428333E7,"inicashbala":3.686391671E8,"cashfinalitse":null,"cashfinalform":null,"finalcashbala":4.5371345043E8,"netprofit":null,"minysharrigh":null,"unreinveloss":null,"asseimpa":null,"assedepr":null,"realestadep":null,"intaasseamor":null,"longdefeexpenamor":null,"prepexpedecr":null,"accrexpeincr":null,"dispfixedassetloss":null,"fixedassescraloss":null,"valuechgloss":null,"defeincoincr":null,"estidebts":null,"finexpe":null,"inveloss":null,"defetaxassetdecr":null,"defetaxliabincr":null,"inveredu":null,"receredu":null,"payaincr":null,"unseparachg":null,"unfiparachg":null,"other":null,"biznetscheitse":null,"biznetscheform":null,"biznetcflow":null,"debtintocapi":null,"expiconvbd":null,"finfixedasset":null,"cashfinalbala":4.5371345043E8,"cashopenbala":3.686391671E8,"equfinalbala":null,"equopenbala":null,"netcashscheitse":null,"netcashscheform":null,"cashneti":8.507428333E7},{"compcode":"80140710","publishdate":"20140422","begindate":"20130101","enddate":"20131231","reporttype":"100111","adjustdate":"20140422","accstacode":"2","accstaname":"新会计准则","laborgetcash":1.99586781259E9,"deponetr":null,"bankloannetincr":null,"fininstnetr":null,"inspremcash":null,"insnetc":null,"savinetr":null,"disptradnetincr":null,"charintecash":null,"fdsborrnetr":null,"repnetincr":null,"taxrefd":2.439523717E7,"receotherbizcash":2.898635593E7,"bizinflitse":null,"bizinflform":null,"bizcashinfl":2.04924940569E9,"labopayc":1.11562748052E9,"loansnetr":null,"tradepaymnetr":null,"paycompgold":null,"payintecash":null,"paydivicash":null,"payworkcash":2.8432770482E8,"paytax":7.462921141E7,"payacticash":3.7678439895E8,"bizoutfitse":null,"bizoutfform":null,"bizcashoutf":1.8513687957E9,"biznetitse":null,"biznetform":null,"mananetr":1.9788060999E8,"withinvgetcash":null,"inveretugetcash":3456370.0,"fixedassetnetc":1332904.35,"subsnetc":null,"receinvcash":2.01753349E8,"reducashpled":null,"invinflitse":null,"invinffrom":null,"invcashinfl":2.0654262335E8,"acquassetcash":1.2510583567E8,"invpayc":null,"loannetr":null,"subspaynetcash":null,"payinvecash":1.046937193E7,"incrcashpled":null,"invoutfitse":null,"invoutfform":null,"invcashoutf":1.355752076E8,"netinvitse":null,"netinvform":null,"invnetcashflow":7.096741575E7,"invrececash":null,"subsrececash":null,"recefromloan":6.5783823147E8,"issbdrececash":null,"recefincash":null,"fininflitse":null,"fininflform":null,"fincashinfl":6.5783823147E8,"debtpaycash":8.47529932E8,"diviprofpaycash":1.756740183E7,"subspaydivid":null,"finrelacash":null,"finoutfitse":null,"finoutfform":null,"fincashoutf":8.6509733383E8,"finnetitse":null,"finnetform":null,"finnetcflow":-2.0725910236E8,"chgexchgchgs":-1.050850658E7,"netcashitse":null,"netcashform":null,"cashnetr":5.10804168E7,"inicashbala":3.175587503E8,"cashfinalitse":null,"cashfinalform":null,"finalcashbala":3.686391671E8,"netprofit":4.94714361E7,"minysharrigh":null,"unreinveloss":null,"asseimpa":7547994.36,"assedepr":4.509171962E7,"realestadep":null,"intaasseamor":7054903.63,"longdefeexpenamor":2.016336077E7,"prepexpedecr":null,"accrexpeincr":null,"dispfixedassetloss":-2504013.2,"fixedassescraloss":null,"valuechgloss":-627750.0,"defeincoincr":null,"estidebts":null,"finexpe":3.063196905E7,"inveloss":-3456370.0,"defetaxassetdecr":-5929906.31,"defetaxliabincr":94162.5,"inveredu":3.505584869E7,"receredu":-2.139449891E7,"payaincr":3.668175369E7,"unseparachg":null,"unfiparachg":null,"other":null,"biznetscheitse":null,"biznetscheform":null,"biznetcflow":1.9788060999E8,"debtintocapi":null,"expiconvbd":null,"finfixedasset":null,"cashfinalbala":3.686391671E8,"cashopenbala":3.175587503E8,"equfinalbala":null,"equopenbala":null,"netcashscheitse":null,"netcashscheform":null,"cashneti":5.10804168E7},{"compcode":"80140710","publishdate":"20131026","begindate":"20130101","enddate":"20130930","reporttype":"100111","adjustdate":"20131026","accstacode":"2","accstaname":"新会计准则","laborgetcash":1.40463957069E9,"deponetr":null,"bankloannetincr":null,"fininstnetr":null,"inspremcash":null,"insnetc":null,"savinetr":null,"disptradnetincr":null,"charintecash":null,"fdsborrnetr":null,"repnetincr":null,"taxrefd":2.121142355E7,"receotherbizcash":1.883609733E7,"bizinflitse":null,"bizinflform":null,"bizcashinfl":1.44468709157E9,"labopayc":8.2790203786E8,"loansnetr":null,"tradepaymnetr":null,"paycompgold":null,"payintecash":null,"paydivicash":null,"payworkcash":2.1032552487E8,"paytax":5.567523829E7,"payacticash":2.6686376661E8,"bizoutfitse":null,"bizoutfform":null,"bizcashoutf":1.36076656763E9,"biznetitse":null,"biznetform":null,"mananetr":8.392052394E7,"withinvgetcash":null,"inveretugetcash":1243110.0,"fixedassetnetc":1.9854175596E8,"subsnetc":null,"receinvcash":3905200.0,"reducashpled":null,"invinflitse":null,"invinffrom":null,"invcashinfl":2.0369006596E8,"acquassetcash":8.888518792E7,"invpayc":null,"loannetr":null,"subspaynetcash":null,"payinvecash":null,"incrcashpled":null,"invoutfitse":null,"invoutfform":null,"invcashoutf":8.888518792E7,"netinvitse":null,"netinvform":null,"invnetcashflow":1.1480487804E8,"invrececash":null,"subsrececash":null,"recefromloan":5.22839186E8,"issbdrececash":null,"recefincash":1289000.0,"fininflitse":null,"fininflform":null,"fincashinfl":5.24128186E8,"debtpaycash":5.96544412E8,"diviprofpaycash":1.382337936E7,"subspaydivid":null,"finrelacash":1289000.0,"finoutfitse":null,"finoutfform":null,"fincashoutf":6.1165679136E8,"finnetitse":null,"finnetform":null,"finnetcflow":-8.752860536E7,"chgexchgchgs":-6513335.01,"netcashitse":null,"netcashform":null,"cashnetr":1.0468346161E8,"inicashbala":3.175587503E8,"cashfinalitse":null,"cashfinalform":null,"finalcashbala":4.2224221191E8,"netprofit":null,"minysharrigh":null,"unreinveloss":null,"asseimpa":null,"assedepr":null,"realestadep":null,"intaasseamor":null,"longdefeexpenamor":null,"prepexpedecr":null,"accrexpeincr":null,"dispfixedassetloss":null,"fixedassescraloss":null,"valuechgloss":null,"defeincoincr":null,"estidebts":null,"finexpe":null,"inveloss":null,"defetaxassetdecr":null,"defetaxliabincr":null,"inveredu":null,"receredu":null,"payaincr":null,"unseparachg":null,"unfiparachg":null,"other":null,"biznetscheitse":null,"biznetscheform":null,"biznetcflow":null,"debtintocapi":null,"expiconvbd":null,"finfixedasset":null,"cashfinalbala":4.2224221191E8,"cashopenbala":3.175587503E8,"equfinalbala":null,"equopenbala":null,"netcashscheitse":null,"netcashscheform":null,"cashneti":1.0468346161E8},{"compcode":"80140710","publishdate":"20130820","begindate":"20130101","enddate":"20130630","reporttype":"100111","adjustdate":"20130820","accstacode":"2","accstaname":"新会计准则","laborgetcash":9.0374252987E8,"deponetr":null,"bankloannetincr":null,"fininstnetr":null,"inspremcash":null,"insnetc":null,"savinetr":null,"disptradnetincr":null,"charintecash":null,"fdsborrnetr":null,"repnetincr":null,"taxrefd":1.674158079E7,"receotherbizcash":1.17097124E7,"bizinflitse":null,"bizinflform":null,"bizcashinfl":9.3219382306E8,"labopayc":5.2438388867E8,"loansnetr":null,"tradepaymnetr":null,"paycompgold":null,"payintecash":null,"paydivicash":null,"payworkcash":1.3726248337E8,"paytax":4.440366659E7,"payacticash":1.7146505598E8,"bizoutfitse":null,"bizoutfform":null,"bizcashoutf":8.7751509461E8,"biznetitse":null,"biznetform":null,"mananetr":5.467872845E7,"withinvgetcash":null,"inveretugetcash":null,"fixedassetnetc":665606.96,"subsnetc":null,"receinvcash":3905200.0,"reducashpled":null,"invinflitse":null,"invinffrom":null,"invcashinfl":4570806.96,"acquassetcash":5.27216799E7,"invpayc":null,"loannetr":null,"subspaynetcash":null,"payinvecash":null,"incrcashpled":null,"invoutfitse":null,"invoutfform":null,"invcashoutf":5.27216799E7,"netinvitse":null,"netinvform":null,"invnetcashflow":-4.815087294E7,"invrececash":null,"subsrececash":null,"recefromloan":4.21714286E8,"issbdrececash":null,"recefincash":1289000.0,"fininflitse":null,"fininflform":null,"fincashinfl":4.23003286E8,"debtpaycash":4.11665452E8,"diviprofpaycash":9938429.19,"subspaydivid":null,"finrelacash":1429000.0,"finoutfitse":null,"finoutfform":null,"fincashoutf":4.2303288119E8,"finnetitse":null,"finnetform":null,"finnetcflow":-29595.19,"chgexchgchgs":-4238287.26,"netcashitse":null,"netcashform":null,"cashnetr":2259973.06,"inicashbala":3.175587503E8,"cashfinalitse":null,"cashfinalform":null,"finalcashbala":3.1981872336E8,"netprofit":2.077395515E7,"minysharrigh":null,"unreinveloss":null,"asseimpa":4363442.41,"assedepr":1.974047646E7,"realestadep":null,"intaasseamor":3317033.57,"longdefeexpenamor":1.31449233E7,"prepexpedecr":null,"accrexpeincr":null,"dispfixedassetloss":-25458.32,"fixedassescraloss":null,"valuechgloss":null,"defeincoincr":null,"estidebts":null,"finexpe":1.634651116E7,"inveloss":null,"defetaxassetdecr":-2459965.36,"defetaxliabincr":null,"inveredu":1.780669442E7,"receredu":-1.55877527E7,"payaincr":-2.274113164E7,"unseparachg":null,"unfiparachg":null,"other":null,"biznetscheitse":null,"biznetscheform":null,"biznetcflow":5.467872845E7,"debtintocapi":null,"expiconvbd":null,"finfixedasset":null,"cashfinalbala":3.1981872336E8,"cashopenbala":3.175587503E8,"equfinalbala":null,"equopenbala":null,"netcashscheitse":null,"netcashscheform":null,"cashneti":2259973.06},{"compcode":"80140710","publishdate":"20130426","begindate":"20130101","enddate":"20130331","reporttype":"100111","adjustdate":"20130426","accstacode":"2","accstaname":"新会计准则","laborgetcash":4.9047085604E8,"deponetr":null,"bankloannetincr":null,"fininstnetr":null,"inspremcash":null,"insnetc":null,"savinetr":null,"disptradnetincr":null,"charintecash":null,"fdsborrnetr":null,"repnetincr":null,"taxrefd":1.327480956E7,"receotherbizcash":6079043.8,"bizinflitse":null,"bizinflform":null,"bizcashinfl":5.098247094E8,"labopayc":2.7366341827E8,"loansnetr":null,"tradepaymnetr":null,"paycompgold":null,"payintecash":null,"paydivicash":null,"payworkcash":6.371711552E7,"paytax":1.774678722E7,"payacticash":9.180484687E7,"bizoutfitse":null,"bizoutfform":null,"bizcashoutf":4.4693216788E8,"biznetitse":null,"biznetform":null,"mananetr":6.289254152E7,"withinvgetcash":0.0,"inveretugetcash":0.0,"fixedassetnetc":-189815.64,"subsnetc":0.0,"receinvcash":814800.0,"reducashpled":null,"invinflitse":null,"invinffrom":null,"invcashinfl":624984.36,"acquassetcash":2.738906696E7,"invpayc":0.0,"loannetr":null,"subspaynetcash":null,"payinvecash":null,"incrcashpled":null,"invoutfitse":null,"invoutfform":null,"invcashoutf":2.738906696E7,"netinvitse":null,"netinvform":null,"invnetcashflow":-2.67640826E7,"invrececash":null,"subsrececash":null,"recefromloan":3.83700366E8,"issbdrececash":null,"recefincash":0.0,"fininflitse":null,"fininflform":null,"fincashinfl":3.83700366E8,"debtpaycash":3.1205577E8,"diviprofpaycash":4950429.71,"subspaydivid":null,"finrelacash":2.02906E7,"finoutfitse":null,"finoutfform":null,"fincashoutf":3.3729679971E8,"finnetitse":null,"finnetform":null,"finnetcflow":4.640356629E7,"chgexchgchgs":-1772596.16,"netcashitse":null,"netcashform":null,"cashnetr":8.075942905E7,"inicashbala":3.175587503E8,"cashfinalitse":null,"cashfinalform":null,"finalcashbala":3.9831817935E8,"netprofit":null,"minysharrigh":null,"unreinveloss":null,"asseimpa":null,"assedepr":null,"realestadep":null,"intaasseamor":null,"longdefeexpenamor":null,"prepexpedecr":null,"accrexpeincr":null,"dispfixedassetloss":null,"fixedassescraloss":null,"valuechgloss":null,"defeincoincr":null,"estidebts":null,"finexpe":null,"inveloss":null,"defetaxassetdecr":null,"defetaxliabincr":null,"inveredu":null,"receredu":null,"payaincr":null,"unseparachg":null,"unfiparachg":null,"other":null,"biznetscheitse":null,"biznetscheform":null,"biznetcflow":null,"debtintocapi":null,"expiconvbd":null,"finfixedasset":null,"cashfinalbala":3.9831817935E8,"cashopenbala":3.175587503E8,"equfinalbala":null,"equopenbala":null,"netcashscheitse":null,"netcashscheform":null,"cashneti":8.075942905E7},{"compcode":"80140710","publishdate":"20130425","begindate":"20120101","enddate":"20121231","reporttype":"100111","adjustdate":"20130425","accstacode":"2","accstaname":"新会计准则","laborgetcash":1.96554538829E9,"deponetr":null,"bankloannetincr":null,"fininstnetr":null,"inspremcash":null,"insnetc":null,"savinetr":null,"disptradnetincr":null,"charintecash":null,"fdsborrnetr":null,"repnetincr":null,"taxrefd":4355648.15,"receotherbizcash":1.213398983E7,"bizinflitse":null,"bizinflform":null,"bizcashinfl":1.98203502627E9,"labopayc":1.10092736325E9,"loansnetr":null,"tradepaymnetr":null,"paycompgold":null,"payintecash":null,"paydivicash":null,"payworkcash":2.5521469379E8,"paytax":8.142075909E7,"payacticash":3.9202523773E8,"bizoutfitse":null,"bizoutfform":null,"bizcashoutf":1.82958805386E9,"biznetitse":null,"biznetform":null,"mananetr":1.5244697241E8,"withinvgetcash":null,"inveretugetcash":1788221.9,"fixedassetnetc":362465.53,"subsnetc":null,"receinvcash":2300000.0,"reducashpled":null,"invinflitse":null,"invinffrom":null,"invcashinfl":4450687.43,"acquassetcash":3.6016869593E8,"invpayc":null,"loannetr":null,"subspaynetcash":null,"payinvecash":1.0E7,"incrcashpled":null,"invoutfitse":null,"invoutfform":null,"invcashoutf":3.7016869593E8,"netinvitse":null,"netinvform":null,"invnetcashflow":-3.657180085E8,"invrececash":null,"subsrececash":null,"recefromloan":9.33407425E8,"issbdrececash":null,"recefincash":1694080.0,"fininflitse":null,"fininflform":null,"fincashinfl":9.35101505E8,"debtpaycash":7.95054775E8,"diviprofpaycash":1.293747357E7,"subspaydivid":null,"finrelacash":1289000.0,"finoutfitse":null,"finoutfform":null,"fincashoutf":8.0928124857E8,"finnetitse":null,"finnetform":null,"finnetcflow":1.2582025643E8,"chgexchgchgs":-1169505.02,"netcashitse":null,"netcashform":null,"cashnetr":-8.862028468E7,"inicashbala":4.0617903498E8,"cashfinalitse":null,"cashfinalform":null,"finalcashbala":3.175587503E8,"netprofit":3.407849539E7,"minysharrigh":null,"unreinveloss":null,"asseimpa":2644495.86,"assedepr":4.271622307E7,"realestadep":null,"intaasseamor":4373271.19,"longdefeexpenamor":1.391335895E7,"prepexpedecr":null,"accrexpeincr":null,"dispfixedassetloss":-121689.86,"fixedassescraloss":null,"valuechgloss":3717793.5,"defeincoincr":null,"estidebts":null,"finexpe":1.513488104E7,"inveloss":-1788221.9,"defetaxassetdecr":-5029277.25,"defetaxliabincr":-557669.03,"inveredu":-5.735463619E7,"receredu":6.422699942E7,"payaincr":3.649294822E7,"unseparachg":null,"unfiparachg":null,"other":null,"biznetscheitse":null,"biznetscheform":null,"biznetcflow":1.5244697241E8,"debtintocapi":null,"expiconvbd":null,"finfixedasset":null,"cashfinalbala":3.175587503E8,"cashopenbala":4.0617903498E8,"equfinalbala":null,"equopenbala":null,"netcashscheitse":null,"netcashscheform":null,"cashneti":-8.862028468E7},{"compcode":"80140710","publishdate":"20121030","begindate":"20120101","enddate":"20120930","reporttype":"100111","adjustdate":"20121030","accstacode":"2","accstaname":"新会计准则","laborgetcash":1.54673603375E9,"deponetr":null,"bankloannetincr":null,"fininstnetr":null,"inspremcash":null,"insnetc":null,"savinetr":null,"disptradnetincr":null,"charintecash":null,"fdsborrnetr":null,"repnetincr":null,"taxrefd":3840039.47,"receotherbizcash":1.060387482E7,"bizinflitse":null,"bizinflform":null,"bizcashinfl":1.56117994804E9,"labopayc":9.0930554518E8,"loansnetr":null,"tradepaymnetr":null,"paycompgold":null,"payintecash":null,"paydivicash":null,"payworkcash":1.7947261858E8,"paytax":6.843802869E7,"payacticash":2.8575407709E8,"bizoutfitse":null,"bizoutfform":null,"bizcashoutf":1.44297026954E9,"biznetitse":null,"biznetform":null,"mananetr":1.182096785E8,"withinvgetcash":null,"inveretugetcash":2750743.9,"fixedassetnetc":243622.38,"subsnetc":null,"receinvcash":null,"reducashpled":null,"invinflitse":null,"invinffrom":null,"invcashinfl":2994366.28,"acquassetcash":1.2876741649E8,"invpayc":null,"loannetr":null,"subspaynetcash":null,"payinvecash":null,"incrcashpled":null,"invoutfitse":null,"invoutfform":null,"invcashoutf":1.2876741649E8,"netinvitse":null,"netinvform":null,"invnetcashflow":-1.2577305021E8,"invrececash":null,"subsrececash":null,"recefromloan":8.13087425E8,"issbdrececash":null,"recefincash":2324330.69,"fininflitse":null,"fininflform":null,"fincashinfl":8.1541175569E8,"debtpaycash":7.80054775E8,"diviprofpaycash":1.159096725E7,"subspaydivid":null,"finrelacash":5960250.69,"finoutfitse":null,"finoutfform":null,"fincashoutf":7.9760599294E8,"finnetitse":null,"finnetform":null,"finnetcflow":1.780576275E7,"chgexchgchgs":700505.44,"netcashitse":null,"netcashform":null,"cashnetr":1.094289648E7,"inicashbala":4.0617903498E8,"cashfinalitse":null,"cashfinalform":null,"finalcashbala":4.1712193146E8,"netprofit":null,"minysharrigh":null,"unreinveloss":null,"asseimpa":null,"assedepr":null,"realestadep":null,"intaasseamor":null,"longdefeexpenamor":null,"prepexpedecr":null,"accrexpeincr":null,"dispfixedassetloss":null,"fixedassescraloss":null,"valuechgloss":null,"defeincoincr":null,"estidebts":null,"finexpe":null,"inveloss":null,"defetaxassetdecr":null,"defetaxliabincr":null,"inveredu":null,"receredu":null,"payaincr":null,"unseparachg":null,"unfiparachg":null,"other":null,"biznetscheitse":null,"biznetscheform":null,"biznetcflow":null,"debtintocapi":null,"expiconvbd":null,"finfixedasset":null,"cashfinalbala":4.1712193146E8,"cashopenbala":4.0617903498E8,"equfinalbala":null,"equopenbala":null,"netcashscheitse":null,"netcashscheform":null,"cashneti":1.094289648E7},{"compcode":"80140710","publishdate":"20120822","begindate":"20120101","enddate":"20120630","reporttype":"100111","adjustdate":"20120822","accstacode":"2","accstaname":"新会计准则","laborgetcash":9.9158122731E8,"deponetr":null,"bankloannetincr":null,"fininstnetr":null,"inspremcash":null,"insnetc":null,"savinetr":null,"disptradnetincr":null,"charintecash":null,"fdsborrnetr":null,"repnetincr":null,"taxrefd":1510309.18,"receotherbizcash":7251397.64,"bizinflitse":null,"bizinflform":null,"bizcashinfl":1.00034293413E9,"labopayc":5.6509124751E8,"loansnetr":null,"tradepaymnetr":null,"paycompgold":null,"payintecash":null,"paydivicash":null,"payworkcash":1.1174899972E8,"paytax":5.636916365E7,"payacticash":1.7905391525E8,"bizoutfitse":null,"bizoutfform":null,"bizcashoutf":9.1226332613E8,"biznetitse":null,"biznetform":null,"mananetr":8.8079608E7,"withinvgetcash":null,"inveretugetcash":3286577.9,"fixedassetnetc":95968.16,"subsnetc":null,"receinvcash":0.0,"reducashpled":null,"invinflitse":null,"invinffrom":null,"invcashinfl":3382546.06,"acquassetcash":7.933563128E7,"invpayc":null,"loannetr":null,"subspaynetcash":null,"payinvecash":0.0,"incrcashpled":null,"invoutfitse":null,"invoutfform":null,"invcashoutf":7.933563128E7,"netinvitse":null,"netinvform":null,"invnetcashflow":-7.595308522E7,"invrececash":null,"subsrececash":null,"recefromloan":4.14922175E8,"issbdrececash":null,"recefincash":2324330.69,"fininflitse":null,"fininflform":null,"fincashinfl":4.1724650569E8,"debtpaycash":4.720712E8,"diviprofpaycash":7160399.28,"subspaydivid":null,"finrelacash":4560250.69,"finoutfitse":null,"finoutfform":null,"fincashoutf":4.8379184997E8,"finnetitse":null,"finnetform":null,"finnetcflow":-6.654534428E7,"chgexchgchgs":471186.83,"netcashitse":null,"netcashform":null,"cashnetr":-5.394763467E7,"inicashbala":4.0617903498E8,"cashfinalitse":null,"cashfinalform":null,"finalcashbala":3.5223140031E8,"netprofit":1.867895081E7,"minysharrigh":null,"unreinveloss":null,"asseimpa":-2687543.11,"assedepr":2.081005448E7,"realestadep":null,"intaasseamor":1991014.64,"longdefeexpenamor":4336427.91,"prepexpedecr":null,"accrexpeincr":null,"dispfixedassetloss":-141387.68,"fixedassescraloss":null,"valuechgloss":5598142.5,"defeincoincr":null,"estidebts":null,"finexpe":580636.4,"inveloss":-3286577.9,"defetaxassetdecr":-1070733.96,"defetaxliabincr":-557669.03,"inveredu":4.01251564E7,"receredu":6.007961323E7,"payaincr":-5.637647669E7,"unseparachg":null,"unfiparachg":null,"other":null,"biznetscheitse":null,"biznetscheform":null,"biznetcflow":8.8079608E7,"debtintocapi":null,"expiconvbd":null,"finfixedasset":null,"cashfinalbala":3.5223140031E8,"cashopenbala":4.0617903498E8,"equfinalbala":null,"equopenbala":null,"netcashscheitse":null,"netcashscheform":null,"cashneti":-5.394763467E7},{"compcode":"80140710","publishdate":"20120424","begindate":"20120101","enddate":"20120331","reporttype":"100111","adjustdate":"20120424","accstacode":"2","accstaname":"新会计准则","laborgetcash":5.5865799811E8,"deponetr":null,"bankloannetincr":null,"fininstnetr":null,"inspremcash":null,"insnetc":null,"savinetr":null,"disptradnetincr":null,"charintecash":null,"fdsborrnetr":null,"repnetincr":null,"taxrefd":1103961.09,"receotherbizcash":4908906.07,"bizinflitse":null,"bizinflform":null,"bizcashinfl":5.6467086527E8,"labopayc":3.1682670299E8,"loansnetr":null,"tradepaymnetr":null,"paycompgold":null,"payintecash":null,"paydivicash":null,"payworkcash":5.247741592E7,"paytax":2.710328062E7,"payacticash":8.483162557E7,"bizoutfitse":null,"bizoutfform":null,"bizcashoutf":4.812390251E8,"biznetitse":null,"biznetform":null,"mananetr":8.343184017E7,"withinvgetcash":null,"inveretugetcash":2391346.5,"fixedassetnetc":null,"subsnetc":null,"receinvcash":null,"reducashpled":null,"invinflitse":null,"invinffrom":null,"invcashinfl":2391346.5,"acquassetcash":5.062707098E7,"invpayc":null,"loannetr":null,"subspaynetcash":null,"payinvecash":null,"incrcashpled":null,"invoutfitse":null,"invoutfform":null,"invcashoutf":5.062707098E7,"netinvitse":null,"netinvform":null,"invnetcashflow":-4.823572448E7,"invrececash":null,"subsrececash":null,"recefromloan":3.92E8,"issbdrececash":null,"recefincash":1614080.0,"fininflitse":null,"fininflform":null,"fincashinfl":3.9361408E8,"debtpaycash":4.158572E8,"diviprofpaycash":5359298.87,"subspaydivid":null,"finrelacash":573526.13,"finoutfitse":null,"finoutfform":null,"fincashoutf":4.21790025E8,"finnetitse":null,"finnetform":null,"finnetcflow":-2.8175945E7,"chgexchgchgs":2437465.55,"netcashitse":null,"netcashform":null,"cashnetr":9457636.24,"inicashbala":4.0622903498E8,"cashfinalitse":null,"cashfinalform":null,"finalcashbala":4.1568667122E8,"netprofit":null,"minysharrigh":null,"unreinveloss":null,"asseimpa":null,"assedepr":null,"realestadep":null,"intaasseamor":null,"longdefeexpenamor":null,"prepexpedecr":null,"accrexpeincr":null,"dispfixedassetloss":null,"fixedassescraloss":null,"valuechgloss":null,"defeincoincr":null,"estidebts":null,"finexpe":null,"inveloss":null,"defetaxassetdecr":null,"defetaxliabincr":null,"inveredu":null,"receredu":null,"payaincr":null,"unseparachg":null,"unfiparachg":null,"other":null,"biznetscheitse":null,"biznetscheform":null,"biznetcflow":null,"debtintocapi":null,"expiconvbd":null,"finfixedasset":null,"cashfinalbala":4.1568667122E8,"cashopenbala":4.0622903498E8,"equfinalbala":null,"equopenbala":null,"netcashscheitse":null,"netcashscheform":null,"cashneti":9457636.24},{"compcode":"80140710","publishdate":"20120424","begindate":"20110101","enddate":"20111231","reporttype":"100111","adjustdate":"20120424","accstacode":"2","accstaname":"新会计准则","laborgetcash":2.34499544582E9,"deponetr":null,"bankloannetincr":null,"fininstnetr":null,"inspremcash":null,"insnetc":null,"savinetr":null,"disptradnetincr":null,"charintecash":null,"fdsborrnetr":null,"repnetincr":null,"taxrefd":3.238743204E7,"receotherbizcash":2.891200972E7,"bizinflitse":null,"bizinflform":null,"bizcashinfl":2.40629488758E9,"labopayc":1.77677853569E9,"loansnetr":null,"tradepaymnetr":null,"paycompgold":null,"payintecash":null,"paydivicash":null,"payworkcash":2.4362462594E8,"paytax":6.457448841E7,"payacticash":4.1969167688E8,"bizoutfitse":null,"bizoutfform":null,"bizcashoutf":2.50466932692E9,"biznetitse":null,"biznetform":null,"mananetr":-9.837443934E7,"withinvgetcash":2.0E7,"inveretugetcash":2.848489226E7,"fixedassetnetc":7.706467538E7,"subsnetc":null,"receinvcash":1012300.0,"reducashpled":null,"invinflitse":null,"invinffrom":null,"invcashinfl":1.2656186764E8,"acquassetcash":1.6696206173E8,"invpayc":2.0E7,"loannetr":null,"subspaynetcash":null,"payinvecash":null,"incrcashpled":null,"invoutfitse":null,"invoutfform":null,"invcashoutf":1.8696206173E8,"netinvitse":null,"netinvform":null,"invnetcashflow":-6.040019409E7,"invrececash":null,"subsrececash":null,"recefromloan":7.46060899E8,"issbdrececash":null,"recefincash":3.405450191E7,"fininflitse":null,"fininflform":null,"fincashinfl":7.8011540091E8,"debtpaycash":5.99561693E8,"diviprofpaycash":5.727135834E7,"subspaydivid":null,"finrelacash":1694080.0,"finoutfitse":null,"finoutfform":null,"fincashoutf":6.5852713134E8,"finnetitse":null,"finnetform":null,"finnetcflow":1.2158826957E8,"chgexchgchgs":-1935745.98,"netcashitse":null,"netcashform":null,"cashnetr":-3.912210984E7,"inicashbala":4.4530114482E8,"cashfinalitse":null,"cashfinalform":null,"finalcashbala":4.0617903498E8,"netprofit":7.132860842E7,"minysharrigh":null,"unreinveloss":null,"asseimpa":4503247.75,"assedepr":3.818444233E7,"realestadep":null,"intaasseamor":2903785.31,"longdefeexpenamor":5400944.83,"prepexpedecr":null,"accrexpeincr":null,"dispfixedassetloss":-5.685614326E7,"fixedassescraloss":null,"valuechgloss":-3717793.5,"defeincoincr":null,"estidebts":null,"finexpe":1.84457842E7,"inveloss":-2.848489226E7,"defetaxassetdecr":-1300894.78,"defetaxliabincr":557669.03,"inveredu":-6855840.47,"receredu":1.261287955E7,"payaincr":-1.5509623649E8,"unseparachg":null,"unfiparachg":null,"other":null,"biznetscheitse":null,"biznetscheform":null,"biznetcflow":-9.837443934E7,"debtintocapi":null,"expiconvbd":null,"finfixedasset":null,"cashfinalbala":4.0617903498E8,"cashopenbala":4.4530114482E8,"equfinalbala":null,"equopenbala":null,"netcashscheitse":null,"netcashscheform":null,"cashneti":-3.912210984E7},{"compcode":"80140710","publishdate":"20111022","begindate":"20110101","enddate":"20110930","reporttype":"100111","adjustdate":"20111022","accstacode":"2","accstaname":"新会计准则","laborgetcash":1.64121629688E9,"deponetr":null,"bankloannetincr":null,"fininstnetr":null,"inspremcash":null,"insnetc":null,"savinetr":null,"disptradnetincr":null,"charintecash":null,"fdsborrnetr":null,"repnetincr":null,"taxrefd":2.982271801E7,"receotherbizcash":1.17359178E7,"bizinflitse":null,"bizinflform":null,"bizcashinfl":1.68277493269E9,"labopayc":1.3281493266E9,"loansnetr":null,"tradepaymnetr":null,"paycompgold":null,"payintecash":null,"paydivicash":null,"payworkcash":1.7396653928E8,"paytax":4.900701842E7,"payacticash":2.7530474546E8,"bizoutfitse":null,"bizoutfform":null,"bizcashoutf":1.82642762976E9,"biznetitse":null,"biznetform":null,"mananetr":-1.4365269707E8,"withinvgetcash":2.0E7,"inveretugetcash":32986.3,"fixedassetnetc":-336979.51,"subsnetc":null,"receinvcash":null,"reducashpled":null,"invinflitse":null,"invinffrom":null,"invcashinfl":1.969600679E7,"acquassetcash":1.4042829564E8,"invpayc":2.0E7,"loannetr":null,"subspaynetcash":null,"payinvecash":null,"incrcashpled":null,"invoutfitse":null,"invoutfform":null,"invcashoutf":1.6042829564E8,"netinvitse":null,"netinvform":null,"invnetcashflow":-1.4073228885E8,"invrececash":null,"subsrececash":null,"recefromloan":6.20737849E8,"issbdrececash":null,"recefincash":5.255450191E7,"fininflitse":null,"fininflform":null,"fincashinfl":6.7329235091E8,"debtpaycash":5.0355502E8,"diviprofpaycash":5.23169454E7,"subspaydivid":null,"finrelacash":1541295.42,"finoutfitse":null,"finoutfform":null,"fincashoutf":5.5741326082E8,"finnetitse":null,"finnetform":null,"finnetcflow":1.1587909009E8,"chgexchgchgs":1.630893934E7,"netcashitse":null,"netcashform":null,"cashnetr":-1.5219695649E8,"inicashbala":4.4530114482E8,"cashfinalitse":null,"cashfinalform":null,"finalcashbala":2.9310418833E8,"netprofit":null,"minysharrigh":null,"unreinveloss":null,"asseimpa":null,"assedepr":null,"realestadep":null,"intaasseamor":null,"longdefeexpenamor":null,"prepexpedecr":null,"accrexpeincr":null,"dispfixedassetloss":null,"fixedassescraloss":null,"valuechgloss":null,"defeincoincr":null,"estidebts":null,"finexpe":null,"inveloss":null,"defetaxassetdecr":null,"defetaxliabincr":null,"inveredu":null,"receredu":null,"payaincr":null,"unseparachg":null,"unfiparachg":null,"other":null,"biznetscheitse":null,"biznetscheform":null,"biznetcflow":null,"debtintocapi":null,"expiconvbd":null,"finfixedasset":null,"cashfinalbala":2.9310418833E8,"cashopenbala":4.4530114482E8,"equfinalbala":null,"equopenbala":null,"netcashscheitse":null,"netcashscheform":null,"cashneti":-1.5219695649E8},{"compcode":"80140710","publishdate":"20110826","begindate":"20110101","enddate":"20110630","reporttype":"100111","adjustdate":"20110826","accstacode":"2","accstaname":"新会计准则","laborgetcash":1.06274060491E9,"deponetr":null,"bankloannetincr":null,"fininstnetr":null,"inspremcash":null,"insnetc":null,"savinetr":null,"disptradnetincr":null,"charintecash":null,"fdsborrnetr":null,"repnetincr":null,"taxrefd":1.436791775E7,"receotherbizcash":1.596329196E7,"bizinflitse":null,"bizinflform":null,"bizcashinfl":1.09307181462E9,"labopayc":8.9608367958E8,"loansnetr":null,"tradepaymnetr":null,"paycompgold":null,"payintecash":null,"paydivicash":null,"payworkcash":1.0883500723E8,"paytax":3.660345434E7,"payacticash":1.6972534187E8,"bizoutfitse":null,"bizoutfform":null,"bizcashoutf":1.21124748302E9,"biznetitse":null,"biznetform":null,"mananetr":-1.181756684E8,"withinvgetcash":2.0E7,"inveretugetcash":32986.3,"fixedassetnetc":101400.0,"subsnetc":null,"receinvcash":null,"reducashpled":null,"invinflitse":null,"invinffrom":null,"invcashinfl":2.01343863E7,"acquassetcash":8.507170836E7,"invpayc":2.0E7,"loannetr":null,"subspaynetcash":null,"payinvecash":null,"incrcashpled":null,"invoutfitse":null,"invoutfform":null,"invcashoutf":1.0507170836E8,"netinvitse":null,"netinvform":null,"invnetcashflow":-8.493732206E7,"invrececash":null,"subsrececash":null,"recefromloan":3.28215224E8,"issbdrececash":null,"recefincash":3.405450191E7,"fininflitse":null,"fininflform":null,"fincashinfl":3.6226972591E8,"debtpaycash":2.20016912E8,"diviprofpaycash":4.89660483E7,"subspaydivid":null,"finrelacash":1575603.64,"finoutfitse":null,"finoutfform":null,"fincashoutf":2.7055856394E8,"finnetitse":null,"finnetform":null,"finnetcflow":9.171116197E7,"chgexchgchgs":9745295.9,"netcashitse":null,"netcashform":null,"cashnetr":-1.0165653259E8,"inicashbala":4.4530114482E8,"cashfinalitse":null,"cashfinalform":null,"finalcashbala":3.4364461223E8,"netprofit":3.376704055E7,"minysharrigh":null,"unreinveloss":null,"asseimpa":1183824.01,"assedepr":1.865250746E7,"realestadep":null,"intaasseamor":1058400.48,"longdefeexpenamor":2402649.34,"prepexpedecr":null,"accrexpeincr":null,"dispfixedassetloss":28875.68,"fixedassescraloss":null,"valuechgloss":null,"defeincoincr":null,"estidebts":null,"finexpe":-2279773.41,"inveloss":-32986.3,"defetaxassetdecr":-232701.99,"defetaxliabincr":null,"inveredu":-2.469132639E7,"receredu":1.32260779E7,"payaincr":-1.6125825573E8,"unseparachg":null,"unfiparachg":null,"other":null,"biznetscheitse":null,"biznetscheform":null,"biznetcflow":-1.181756684E8,"debtintocapi":null,"expiconvbd":null,"finfixedasset":null,"cashfinalbala":3.4364461223E8,"cashopenbala":4.4530114482E8,"equfinalbala":null,"equopenbala":null,"netcashscheitse":null,"netcashscheform":null,"cashneti":-1.0165653259E8},{"compcode":"80140710","publishdate":"20110427","begindate":"20110101","enddate":"20110331","reporttype":"100111","adjustdate":"20110427","accstacode":"2","accstaname":"新会计准则","laborgetcash":6.0058559756E8,"deponetr":null,"bankloannetincr":null,"fininstnetr":null,"inspremcash":null,"insnetc":null,"savinetr":null,"disptradnetincr":null,"charintecash":null,"fdsborrnetr":null,"repnetincr":null,"taxrefd":9429662.17,"receotherbizcash":3654746.11,"bizinflitse":null,"bizinflform":null,"bizcashinfl":6.1367000584E8,"labopayc":4.6055699259E8,"loansnetr":null,"tradepaymnetr":null,"paycompgold":null,"payintecash":null,"paydivicash":null,"payworkcash":5.035818426E7,"paytax":1.521025924E7,"payacticash":1.0769244857E8,"bizoutfitse":null,"bizoutfform":null,"bizcashoutf":6.3381788466E8,"biznetitse":null,"biznetform":null,"mananetr":-2.014787882E7,"withinvgetcash":2.0E7,"inveretugetcash":32986.3,"fixedassetnetc":101400.0,"subsnetc":null,"receinvcash":null,"reducashpled":null,"invinflitse":null,"invinffrom":null,"invcashinfl":2.01343863E7,"acquassetcash":4.986745647E7,"invpayc":2.0E7,"loannetr":null,"subspaynetcash":null,"payinvecash":null,"incrcashpled":null,"invoutfitse":null,"invoutfform":null,"invcashoutf":6.986745647E7,"netinvitse":null,"netinvform":null,"invnetcashflow":-4.973307017E7,"invrececash":null,"subsrececash":null,"recefromloan":2.4E8,"issbdrececash":null,"recefincash":3.405450191E7,"fininflitse":null,"fininflform":null,"fincashinfl":2.7405450191E8,"debtpaycash":2.2009266E8,"diviprofpaycash":1628142.53,"subspaydivid":null,"finrelacash":1.432433238E7,"finoutfitse":null,"finoutfform":null,"fincashoutf":2.3604513491E8,"finnetitse":null,"finnetform":null,"finnetcflow":3.8009367E7,"chgexchgchgs":3927652.5,"netcashitse":null,"netcashform":null,"cashnetr":-2.794392949E7,"inicashbala":4.4530114482E8,"cashfinalitse":null,"cashfinalform":null,"finalcashbala":4.1735721533E8,"netprofit":null,"minysharrigh":null,"unreinveloss":null,"asseimpa":null,"assedepr":null,"realestadep":null,"intaasseamor":null,"longdefeexpenamor":null,"prepexpedecr":null,"accrexpeincr":null,"dispfixedassetloss":null,"fixedassescraloss":null,"valuechgloss":null,"defeincoincr":null,"estidebts":null,"finexpe":null,"inveloss":null,"defetaxassetdecr":null,"defetaxliabincr":null,"inveredu":null,"receredu":null,"payaincr":null,"unseparachg":null,"unfiparachg":null,"other":null,"biznetscheitse":null,"biznetscheform":null,"biznetcflow":null,"debtintocapi":null,"expiconvbd":null,"finfixedasset":null,"cashfinalbala":4.1735721533E8,"cashopenbala":4.4530114482E8,"equfinalbala":null,"equopenbala":null,"netcashscheitse":null,"netcashscheform":null,"cashneti":-2.794392949E7},{"compcode":"80140710","publishdate":"20110422","begindate":"20100101","enddate":"20101231","reporttype":"100111","adjustdate":"20110422","accstacode":"2","accstaname":"新会计准则","laborgetcash":2.15095311012E9,"deponetr":null,"bankloannetincr":null,"fininstnetr":null,"inspremcash":null,"insnetc":null,"savinetr":null,"disptradnetincr":null,"charintecash":null,"fdsborrnetr":null,"repnetincr":null,"taxrefd":3.048508997E7,"receotherbizcash":1.767259353E7,"bizinflitse":null,"bizinflform":null,"bizcashinfl":2.19911079362E9,"labopayc":1.73516450277E9,"loansnetr":null,"tradepaymnetr":null,"paycompgold":null,"payintecash":null,"paydivicash":null,"payworkcash":1.9841911323E8,"paytax":6.083495652E7,"payacticash":3.6385441524E8,"bizoutfitse":null,"bizoutfform":null,"bizcashoutf":2.35827298776E9,"biznetitse":null,"biznetform":null,"mananetr":-1.5916219414E8,"withinvgetcash":795150.0,"inveretugetcash":null,"fixedassetnetc":978689.63,"subsnetc":null,"receinvcash":8722100.0,"reducashpled":null,"invinflitse":null,"invinffrom":null,"invcashinfl":1.049593963E7,"acquassetcash":9.716761167E7,"invpayc":null,"loannetr":null,"subspaynetcash":null,"payinvecash":null,"incrcashpled":null,"invoutfitse":null,"invoutfform":null,"invcashoutf":9.716761167E7,"netinvitse":null,"netinvform":null,"invnetcashflow":-8.667167204E7,"invrececash":1.0998E9,"subsrececash":null,"recefromloan":6.8946428051E8,"issbdrececash":null,"recefincash":5.509149039E7,"fininflitse":null,"fininflform":null,"fincashinfl":1.8443557709E9,"debtpaycash":1.17796531951E9,"diviprofpaycash":1.299044351E7,"subspaydivid":null,"finrelacash":4.228800191E7,"finoutfitse":null,"finoutfform":null,"fincashoutf":1.23324376493E9,"finnetitse":null,"finnetform":null,"finnetcflow":6.1111200597E8,"chgexchgchgs":-952531.03,"netcashitse":null,"netcashform":null,"cashnetr":3.6432560876E8,"inicashbala":8.097553606E7,"cashfinalitse":null,"cashfinalform":null,"finalcashbala":4.4530114482E8,"netprofit":6.699841514E7,"minysharrigh":null,"unreinveloss":null,"asseimpa":3380694.86,"assedepr":3.44876966E7,"realestadep":null,"intaasseamor":2054094.16,"longdefeexpenamor":3735533.51,"prepexpedecr":null,"accrexpeincr":null,"dispfixedassetloss":466416.65,"fixedassescraloss":null,"valuechgloss":1877500.0,"defeincoincr":null,"estidebts":null,"finexpe":1.87668581E7,"inveloss":1014175.0,"defetaxassetdecr":-2329011.66,"defetaxliabincr":-486937.5,"inveredu":-1.3587483782E8,"receredu":-1.6598787552E8,"payaincr":1.273508434E7,"unseparachg":null,"unfiparachg":null,"other":null,"biznetscheitse":null,"biznetscheform":null,"biznetcflow":-1.5916219414E8,"debtintocapi":null,"expiconvbd":null,"finfixedasset":null,"cashfinalbala":4.4530114482E8,"cashopenbala":8.097553606E7,"equfinalbala":null,"equopenbala":null,"netcashscheitse":null,"netcashscheform":null,"cashneti":3.6432560876E8},{"compcode":"80140710","publishdate":"20101023","begindate":"20100101","enddate":"20100930","reporttype":"100111","adjustdate":"20101023","accstacode":"2","accstaname":"新会计准则","laborgetcash":1.46657915132E9,"deponetr":null,"bankloannetincr":null,"fininstnetr":null,"inspremcash":null,"insnetc":null,"savinetr":null,"disptradnetincr":null,"charintecash":null,"fdsborrnetr":null,"repnetincr":null,"taxrefd":3.094844238E7,"receotherbizcash":6.1000514E7,"bizinflitse":null,"bizinflform":null,"bizcashinfl":1.5585281077E9,"labopayc":1.19154038226E9,"loansnetr":null,"tradepaymnetr":null,"paycompgold":null,"payintecash":null,"paydivicash":null,"payworkcash":1.4180141493E8,"paytax":6.098071063E7,"payacticash":3.3515260763E8,"bizoutfitse":null,"bizoutfform":null,"bizcashoutf":1.72947511545E9,"biznetitse":null,"biznetform":null,"mananetr":-1.7094700775E8,"withinvgetcash":795150.0,"inveretugetcash":null,"fixedassetnetc":105857.5,"subsnetc":null,"receinvcash":null,"reducashpled":null,"invinflitse":null,"invinffrom":null,"invcashinfl":901007.5,"acquassetcash":3.927382748E7,"invpayc":null,"loannetr":null,"subspaynetcash":null,"payinvecash":null,"incrcashpled":null,"invoutfitse":null,"invoutfform":null,"invcashoutf":3.927382748E7,"netinvitse":null,"netinvform":null,"invnetcashflow":-3.837281998E7,"invrececash":1.0998E9,"subsrececash":null,"recefromloan":6.2899881451E8,"issbdrececash":null,"recefincash":5.476549039E7,"fininflitse":null,"fininflform":null,"fincashinfl":1.7835643049E9,"debtpaycash":1.14139701751E9,"diviprofpaycash":1.258145932E7,"subspaydivid":null,"finrelacash":6.039947896E7,"finoutfitse":null,"finoutfform":null,"fincashoutf":1.21437795579E9,"finnetitse":null,"finnetform":null,"finnetcflow":5.6918634911E8,"chgexchgchgs":-2481005.83,"netcashitse":null,"netcashform":null,"cashnetr":3.5738551555E8,"inicashbala":8.097553606E7,"cashfinalitse":null,"cashfinalform":null,"finalcashbala":4.3836105161E8,"netprofit":null,"minysharrigh":null,"unreinveloss":null,"asseimpa":null,"assedepr":null,"realestadep":null,"intaasseamor":null,"longdefeexpenamor":null,"prepexpedecr":null,"accrexpeincr":null,"dispfixedassetloss":null,"fixedassescraloss":null,"valuechgloss":null,"defeincoincr":null,"estidebts":null,"finexpe":null,"inveloss":null,"defetaxassetdecr":null,"defetaxliabincr":null,"inveredu":null,"receredu":null,"payaincr":null,"unseparachg":null,"unfiparachg":null,"other":null,"biznetscheitse":null,"biznetscheform":null,"biznetcflow":null,"debtintocapi":null,"expiconvbd":null,"finfixedasset":null,"cashfinalbala":4.3836105161E8,"cashopenbala":8.097553606E7,"equfinalbala":null,"equopenbala":null,"netcashscheitse":null,"netcashscheform":null,"cashneti":3.5738551555E8},{"compcode":"80140710","publishdate":"20100820","begindate":"20100101","enddate":"20100630","reporttype":"100111","adjustdate":"19000101","accstacode":"2","accstaname":"新会计准则","laborgetcash":9.8782807282E8,"deponetr":0.0,"bankloannetincr":0.0,"fininstnetr":0.0,"inspremcash":0.0,"insnetc":0.0,"savinetr":0.0,"disptradnetincr":0.0,"charintecash":0.0,"fdsborrnetr":0.0,"repnetincr":0.0,"taxrefd":1.847464968E7,"receotherbizcash":1.369937315E7,"bizinflitse":null,"bizinflform":null,"bizcashinfl":1.02000209565E9,"labopayc":8.0446313626E8,"loansnetr":0.0,"tradepaymnetr":0.0,"paycompgold":0.0,"payintecash":0.0,"paydivicash":0.0,"payworkcash":8.845535045E7,"paytax":4.895408867E7,"payacticash":1.6960923504E8,"bizoutfitse":null,"bizoutfform":null,"bizcashoutf":1.11148181042E9,"biznetitse":null,"biznetform":null,"mananetr":-9.147971477E7,"withinvgetcash":0.0,"inveretugetcash":0.0,"fixedassetnetc":0.0,"subsnetc":0.0,"receinvcash":0.0,"reducashpled":0.0,"invinflitse":null,"invinffrom":null,"invcashinfl":0.0,"acquassetcash":2.68781937E7,"invpayc":0.0,"loannetr":0.0,"subspaynetcash":0.0,"payinvecash":0.0,"incrcashpled":0.0,"invoutfitse":null,"invoutfform":null,"invcashoutf":2.68781937E7,"netinvitse":null,"netinvform":null,"invnetcashflow":-2.68781937E7,"invrececash":1.0998E9,"subsrececash":0.0,"recefromloan":5.5228944194E8,"issbdrececash":0.0,"recefincash":5.341493215E7,"fininflitse":null,"fininflform":null,"fincashinfl":1.70550437409E9,"debtpaycash":8.7265681497E8,"diviprofpaycash":1.15420893E7,"subspaydivid":0.0,"finrelacash":3.907718782E7,"finoutfitse":null,"finoutfform":null,"fincashoutf":9.2327609209E8,"finnetitse":null,"finnetform":null,"finnetcflow":7.82228282E8,"chgexchgchgs":-1645247.57,"netcashitse":null,"netcashform":null,"cashnetr":6.6222512596E8,"inicashbala":8.100153606E7,"cashfinalitse":null,"cashfinalform":null,"finalcashbala":7.4322666202E8,"netprofit":3.598752196E7,"minysharrigh":0.0,"unreinveloss":0.0,"asseimpa":1352805.54,"assedepr":1.688944701E7,"realestadep":0.0,"intaasseamor":1040825.0,"longdefeexpenamor":1649078.32,"prepexpedecr":0.0,"accrexpeincr":0.0,"dispfixedassetloss":0.0,"fixedassescraloss":0.0,"valuechgloss":1877500.0,"defeincoincr":0.0,"estidebts":0.0,"finexpe":1.329955119E7,"inveloss":1014175.0,"defetaxassetdecr":-462496.54,"defetaxliabincr":-486937.5,"inveredu":-2.013849249E7,"receredu":-5.118974651E7,"payaincr":-9.231294575E7,"unseparachg":0.0,"unfiparachg":0.0,"other":0.0,"biznetscheitse":null,"biznetscheform":null,"biznetcflow":-9.147971477E7,"debtintocapi":0.0,"expiconvbd":0.0,"finfixedasset":0.0,"cashfinalbala":7.4322666202E8,"cashopenbala":8.100153606E7,"equfinalbala":0.0,"equopenbala":0.0,"netcashscheitse":null,"netcashscheform":null,"cashneti":6.6222512596E8},{"compcode":"80140710","publishdate":"20100510","begindate":"20100101","enddate":"20100331","reporttype":"100111","adjustdate":"19000101","accstacode":"2","accstaname":"新会计准则","laborgetcash":6.4670175322E8,"deponetr":0.0,"bankloannetincr":0.0,"fininstnetr":0.0,"inspremcash":0.0,"insnetc":0.0,"savinetr":0.0,"disptradnetincr":0.0,"charintecash":0.0,"fdsborrnetr":0.0,"repnetincr":0.0,"taxrefd":4777747.97,"receotherbizcash":2.959045107E7,"bizinflitse":null,"bizinflform":null,"bizcashinfl":6.8106995226E8,"labopayc":5.2081897454E8,"loansnetr":0.0,"tradepaymnetr":0.0,"paycompgold":0.0,"payintecash":0.0,"paydivicash":0.0,"payworkcash":4.550614952E7,"paytax":2.64813563E7,"payacticash":1.1346136708E8,"bizoutfitse":null,"bizoutfform":null,"bizcashoutf":7.0626784744E8,"biznetitse":null,"biznetform":null,"mananetr":-2.519789518E7,"withinvgetcash":0.0,"inveretugetcash":0.0,"fixedassetnetc":0.0,"subsnetc":0.0,"receinvcash":0.0,"reducashpled":0.0,"invinflitse":null,"invinffrom":null,"invcashinfl":0.0,"acquassetcash":1.177082903E7,"invpayc":0.0,"loannetr":0.0,"subspaynetcash":0.0,"payinvecash":0.0,"incrcashpled":0.0,"invoutfitse":null,"invoutfform":null,"invcashoutf":1.177082903E7,"netinvitse":null,"netinvform":null,"invnetcashflow":-1.177082903E7,"invrececash":0.0,"subsrececash":0.0,"recefromloan":4.0977027994E8,"issbdrececash":0.0,"recefincash":3.240522998E7,"fininflitse":null,"fininflform":null,"fincashinfl":4.4217550992E8,"debtpaycash":3.5062244797E8,"diviprofpaycash":6931881.5,"subspaydivid":0.0,"finrelacash":3.076177387E7,"finoutfitse":null,"finoutfform":null,"fincashoutf":3.8831610334E8,"finnetitse":null,"finnetform":null,"finnetcflow":5.385940658E7,"chgexchgchgs":-504808.86,"netcashitse":null,"netcashform":null,"cashnetr":1.638587351E7,"inicashbala":7.640407606E7,"cashfinalitse":null,"cashfinalform":null,"finalcashbala":9.278994957E7,"netprofit":0.0,"minysharrigh":0.0,"unreinveloss":0.0,"asseimpa":0.0,"assedepr":0.0,"realestadep":null,"intaasseamor":0.0,"longdefeexpenamor":0.0,"prepexpedecr":0.0,"accrexpeincr":0.0,"dispfixedassetloss":0.0,"fixedassescraloss":0.0,"valuechgloss":0.0,"defeincoincr":0.0,"estidebts":0.0,"finexpe":0.0,"inveloss":0.0,"defetaxassetdecr":0.0,"defetaxliabincr":0.0,"inveredu":0.0,"receredu":0.0,"payaincr":0.0,"unseparachg":0.0,"unfiparachg":0.0,"other":0.0,"biznetscheitse":null,"biznetscheform":null,"biznetcflow":0.0,"debtintocapi":0.0,"expiconvbd":0.0,"finfixedasset":0.0,"cashfinalbala":9.278994957E7,"cashopenbala":7.640407606E7,"equfinalbala":0.0,"equopenbala":0.0,"netcashscheitse":null,"netcashscheform":null,"cashneti":1.638587351E7},{"compcode":"80140710","publishdate":"20100420","begindate":"20090101","enddate":"20091231","reporttype":"100111","adjustdate":"19000101","accstacode":"2","accstaname":"新会计准则","laborgetcash":1.60185846265E9,"deponetr":0.0,"bankloannetincr":0.0,"fininstnetr":0.0,"inspremcash":0.0,"insnetc":0.0,"savinetr":0.0,"disptradnetincr":0.0,"charintecash":0.0,"fdsborrnetr":0.0,"repnetincr":0.0,"taxrefd":2.139739707E7,"receotherbizcash":1.325438131E7,"bizinflitse":null,"bizinflform":null,"bizcashinfl":1.63651024103E9,"labopayc":1.12215597027E9,"loansnetr":0.0,"tradepaymnetr":0.0,"paycompgold":0.0,"payintecash":0.0,"paydivicash":0.0,"payworkcash":1.540929315E8,"paytax":6.356053586E7,"payacticash":2.7658650159E8,"bizoutfitse":null,"bizoutfform":null,"bizcashoutf":1.61639593922E9,"biznetitse":null,"biznetform":null,"mananetr":2.011430181E7,"withinvgetcash":3442462.5,"inveretugetcash":0.0,"fixedassetnetc":698997.86,"subsnetc":0.0,"receinvcash":0.0,"reducashpled":0.0,"invinflitse":null,"invinffrom":null,"invcashinfl":4141460.36,"acquassetcash":7.962726477E7,"invpayc":1809325.0,"loannetr":0.0,"subspaynetcash":0.0,"payinvecash":0.0,"incrcashpled":0.0,"invoutfitse":null,"invoutfform":null,"invcashoutf":8.143658977E7,"netinvitse":null,"netinvform":null,"invnetcashflow":-7.729512941E7,"invrececash":0.0,"subsrececash":0.0,"recefromloan":1.08144807089E9,"issbdrececash":0.0,"recefincash":6.254E7,"fininflitse":null,"fininflform":null,"fincashinfl":1.14398807089E9,"debtpaycash":1.04827026839E9,"diviprofpaycash":2.187804223E7,"subspaydivid":0.0,"finrelacash":4.159149039E7,"finoutfitse":null,"finoutfform":null,"fincashoutf":1.11173980101E9,"finnetitse":null,"finnetform":null,"finnetcflow":3.224826988E7,"chgexchgchgs":0.0,"netcashitse":null,"netcashform":null,"cashnetr":-2.493255772E7,"inicashbala":1.0590809378E8,"cashfinalitse":null,"cashfinalform":null,"finalcashbala":8.097553606E7,"netprofit":8.838366998E7,"minysharrigh":0.0,"unreinveloss":0.0,"asseimpa":2178860.27,"assedepr":3.288094671E7,"realestadep":null,"intaasseamor":2197668.59,"longdefeexpenamor":1179549.34,"prepexpedecr":0.0,"accrexpeincr":0.0,"dispfixedassetloss":368392.15,"fixedassescraloss":0.0,"valuechgloss":-3246250.0,"defeincoincr":0.0,"estidebts":0.0,"finexpe":2.282014964E7,"inveloss":-658925.0,"defetaxassetdecr":853154.14,"defetaxliabincr":486937.5,"inveredu":-7.534748282E7,"receredu":-7.510705532E7,"payaincr":2.312468663E7,"unseparachg":0.0,"unfiparachg":0.0,"other":0.0,"biznetscheitse":null,"biznetscheform":null,"biznetcflow":2.011430181E7,"debtintocapi":0.0,"expiconvbd":0.0,"finfixedasset":0.0,"cashfinalbala":8.097553606E7,"cashopenbala":1.0590809378E8,"equfinalbala":0.0,"equopenbala":0.0,"netcashscheitse":null,"netcashscheform":null,"cashneti":-2.493255772E7},{"compcode":"80140710","publishdate":"20101023","begindate":"20090101","enddate":"20090930","reporttype":"100111","adjustdate":"20101023","accstacode":"2","accstaname":"新会计准则","laborgetcash":1.11645513152E9,"deponetr":null,"bankloannetincr":null,"fininstnetr":null,"inspremcash":null,"insnetc":null,"savinetr":null,"disptradnetincr":null,"charintecash":null,"fdsborrnetr":null,"repnetincr":null,"taxrefd":1.206141134E7,"receotherbizcash":1.527449836E7,"bizinflitse":null,"bizinflform":null,"bizcashinfl":1.14379104122E9,"labopayc":8.6347201708E8,"loansnetr":null,"tradepaymnetr":null,"paycompgold":null,"payintecash":null,"paydivicash":null,"payworkcash":1.0422465622E8,"paytax":4.851919039E7,"payacticash":1.8928669272E8,"bizoutfitse":null,"bizoutfform":null,"bizcashoutf":1.20550255641E9,"biznetitse":null,"biznetform":null,"mananetr":-6.171151519E7,"withinvgetcash":null,"inveretugetcash":null,"fixedassetnetc":322656.85,"subsnetc":null,"receinvcash":null,"reducashpled":null,"invinflitse":null,"invinffrom":null,"invcashinfl":322656.85,"acquassetcash":5.33447991E7,"invpayc":1960222.5,"loannetr":null,"subspaynetcash":null,"payinvecash":null,"incrcashpled":null,"invoutfitse":null,"invoutfform":null,"invcashoutf":5.53050216E7,"netinvitse":null,"netinvform":null,"invnetcashflow":-5.498236475E7,"invrececash":null,"subsrececash":null,"recefromloan":5.3904778889E8,"issbdrececash":null,"recefincash":5.354E7,"fininflitse":null,"fininflform":null,"fincashinfl":5.9258778889E8,"debtpaycash":5.1111095289E8,"diviprofpaycash":1.666748224E7,"subspaydivid":null,"finrelacash":3.334488649E7,"finoutfitse":null,"finoutfform":null,"fincashoutf":5.6112332162E8,"finnetitse":null,"finnetform":null,"finnetcflow":3.146446727E7,"chgexchgchgs":null,"netcashitse":null,"netcashform":null,"cashnetr":-8.522941267E7,"inicashbala":1.0590809378E8,"cashfinalitse":null,"cashfinalform":null,"finalcashbala":2.067868111E7,"netprofit":null,"minysharrigh":null,"unreinveloss":null,"asseimpa":null,"assedepr":null,"realestadep":null,"intaasseamor":null,"longdefeexpenamor":null,"prepexpedecr":null,"accrexpeincr":null,"dispfixedassetloss":null,"fixedassescraloss":null,"valuechgloss":null,"defeincoincr":null,"estidebts":null,"finexpe":null,"inveloss":null,"defetaxassetdecr":null,"defetaxliabincr":null,"inveredu":null,"receredu":null,"payaincr":null,"unseparachg":null,"unfiparachg":null,"other":null,"biznetscheitse":null,"biznetscheform":null,"biznetcflow":null,"debtintocapi":null,"expiconvbd":null,"finfixedasset":null,"cashfinalbala":2.067868111E7,"cashopenbala":1.0590809378E8,"equfinalbala":null,"equopenbala":null,"netcashscheitse":null,"netcashscheform":null,"cashneti":-8.522941267E7},{"compcode":"80140710","publishdate":"20100510","begindate":"20090101","enddate":"20090331","reporttype":"100111","adjustdate":"19000101","accstacode":"2","accstaname":"新会计准则","laborgetcash":4.2685100985E8,"deponetr":0.0,"bankloannetincr":0.0,"fininstnetr":0.0,"inspremcash":0.0,"insnetc":0.0,"savinetr":0.0,"disptradnetincr":0.0,"charintecash":0.0,"fdsborrnetr":0.0,"repnetincr":0.0,"taxrefd":5229626.08,"receotherbizcash":3957882.47,"bizinflitse":null,"bizinflform":null,"bizcashinfl":4.360385184E8,"labopayc":2.4338577322E8,"loansnetr":0.0,"tradepaymnetr":0.0,"paycompgold":0.0,"payintecash":0.0,"paydivicash":0.0,"payworkcash":2.845536144E7,"paytax":1.770059022E7,"payacticash":9.628675384E7,"bizoutfitse":null,"bizoutfform":null,"bizcashoutf":3.8582847872E8,"biznetitse":null,"biznetform":null,"mananetr":5.021003968E7,"withinvgetcash":0.0,"inveretugetcash":0.0,"fixedassetnetc":7000000.0,"subsnetc":0.0,"receinvcash":0.0,"reducashpled":0.0,"invinflitse":null,"invinffrom":null,"invcashinfl":7000000.0,"acquassetcash":1.767547813E7,"invpayc":0.0,"loannetr":0.0,"subspaynetcash":0.0,"payinvecash":0.0,"incrcashpled":0.0,"invoutfitse":null,"invoutfform":null,"invcashoutf":1.767547813E7,"netinvitse":null,"netinvform":null,"invnetcashflow":-1.067547813E7,"invrececash":0.0,"subsrececash":0.0,"recefromloan":1.42E8,"issbdrececash":0.0,"recefincash":2.269E7,"fininflitse":null,"fininflform":null,"fincashinfl":1.6469E8,"debtpaycash":2.2722529297E8,"diviprofpaycash":6333768.06,"subspaydivid":0.0,"finrelacash":2.867108E7,"finoutfitse":null,"finoutfform":null,"fincashoutf":2.6223014103E8,"finnetitse":null,"finnetform":null,"finnetcflow":-9.754014103E7,"chgexchgchgs":-1027203.2,"netcashitse":null,"netcashform":null,"cashnetr":-5.903278268E7,"inicashbala":1.0294377128E8,"cashfinalitse":null,"cashfinalform":null,"finalcashbala":4.39109886E7,"netprofit":0.0,"minysharrigh":0.0,"unreinveloss":0.0,"asseimpa":0.0,"assedepr":0.0,"realestadep":null,"intaasseamor":0.0,"longdefeexpenamor":0.0,"prepexpedecr":0.0,"accrexpeincr":0.0,"dispfixedassetloss":0.0,"fixedassescraloss":0.0,"valuechgloss":0.0,"defeincoincr":0.0,"estidebts":0.0,"finexpe":0.0,"inveloss":0.0,"defetaxassetdecr":0.0,"defetaxliabincr":0.0,"inveredu":0.0,"receredu":0.0,"payaincr":0.0,"unseparachg":0.0,"unfiparachg":0.0,"other":0.0,"biznetscheitse":null,"biznetscheform":null,"biznetcflow":0.0,"debtintocapi":0.0,"expiconvbd":0.0,"finfixedasset":0.0,"cashfinalbala":4.39109886E7,"cashopenbala":1.0294377128E8,"equfinalbala":0.0,"equopenbala":0.0,"netcashscheitse":null,"netcashscheform":null,"cashneti":-5.903278268E7},{"compcode":"80140710","publishdate":"20100420","begindate":"20080101","enddate":"20081231","reporttype":"100111","adjustdate":"19000101","accstacode":"2","accstaname":"新会计准则","laborgetcash":1.81115138837E9,"deponetr":0.0,"bankloannetincr":0.0,"fininstnetr":0.0,"inspremcash":0.0,"insnetc":0.0,"savinetr":0.0,"disptradnetincr":0.0,"charintecash":0.0,"fdsborrnetr":0.0,"repnetincr":0.0,"taxrefd":2.519940748E7,"receotherbizcash":6.768607165E7,"bizinflitse":0.0,"bizinflform":0.0,"bizcashinfl":1.9040368675E9,"labopayc":1.16468325114E9,"loansnetr":0.0,"tradepaymnetr":0.0,"paycompgold":0.0,"payintecash":0.0,"paydivicash":0.0,"payworkcash":1.5616775255E8,"paytax":6.421599492E7,"payacticash":2.8150195821E8,"bizoutfitse":0.0,"bizoutfform":0.0,"bizcashoutf":1.66656895682E9,"biznetitse":0.0,"biznetform":0.0,"mananetr":2.3746791068E8,"withinvgetcash":0.0,"inveretugetcash":0.0,"fixedassetnetc":258616.13,"subsnetc":0.0,"receinvcash":0.0,"reducashpled":0.0,"invinflitse":0.0,"invinffrom":0.0,"invcashinfl":258616.13,"acquassetcash":1.2323351983E8,"invpayc":6035677.5,"loannetr":0.0,"subspaynetcash":0.0,"payinvecash":0.0,"incrcashpled":0.0,"invoutfitse":0.0,"invoutfform":0.0,"invcashoutf":1.2926919733E8,"netinvitse":0.0,"netinvform":0.0,"invnetcashflow":-1.290105812E8,"invrececash":0.0,"subsrececash":0.0,"recefromloan":5.9166210401E8,"issbdrececash":0.0,"recefincash":1.7768235E7,"fininflitse":0.0,"fininflform":0.0,"fincashinfl":6.0943033901E8,"debtpaycash":5.4849403136E8,"diviprofpaycash":4.875544392E7,"subspaydivid":0.0,"finrelacash":5.354E7,"finoutfitse":0.0,"finoutfform":0.0,"fincashoutf":6.5078947528E8,"finnetitse":0.0,"finnetform":0.0,"finnetcflow":-4.135913627E7,"chgexchgchgs":0.0,"netcashitse":0.0,"netcashform":0.0,"cashnetr":6.709819321E7,"inicashbala":3.880990057E7,"cashfinalitse":0.0,"cashfinalform":0.0,"finalcashbala":1.0590809378E8,"netprofit":8.096433843E7,"minysharrigh":0.0,"unreinveloss":0.0,"asseimpa":-5778281.18,"assedepr":2.627764747E7,"realestadep":0.0,"intaasseamor":1733285.03,"longdefeexpenamor":1735305.62,"prepexpedecr":0.0,"accrexpeincr":0.0,"dispfixedassetloss":1687110.99,"fixedassescraloss":0.0,"valuechgloss":1368750.0,"defeincoincr":0.0,"estidebts":0.0,"finexpe":3.497190205E7,"inveloss":3252640.0,"defetaxassetdecr":3814599.16,"defetaxliabincr":0.0,"inveredu":6.989676194E7,"receredu":878503.81,"payaincr":1.666534691E7,"unseparachg":0.0,"unfiparachg":0.0,"other":0.0,"biznetscheitse":0.45,"biznetscheform":0.0,"biznetcflow":2.3746791068E8,"debtintocapi":0.0,"expiconvbd":0.0,"finfixedasset":0.0,"cashfinalbala":1.0590809378E8,"cashopenbala":3.880990057E7,"equfinalbala":0.0,"equopenbala":0.0,"netcashscheitse":0.0,"netcashscheform":0.0,"cashneti":6.709819321E7},{"compcode":"80140710","publishdate":"20100420","begindate":"20070101","enddate":"20071231","reporttype":"100111","adjustdate":"19000101","accstacode":"2","accstaname":"新会计准则","laborgetcash":1.62071140443E9,"deponetr":0.0,"bankloannetincr":0.0,"fininstnetr":0.0,"inspremcash":0.0,"insnetc":0.0,"savinetr":0.0,"disptradnetincr":0.0,"charintecash":0.0,"fdsborrnetr":0.0,"repnetincr":0.0,"taxrefd":4.018142592E7,"receotherbizcash":1.4973655151E8,"bizinflitse":null,"bizinflform":null,"bizcashinfl":1.81062938186E9,"labopayc":1.18886789107E9,"loansnetr":0.0,"tradepaymnetr":0.0,"paycompgold":0.0,"payintecash":0.0,"paydivicash":0.0,"payworkcash":1.7785237252E8,"paytax":6.250381858E7,"payacticash":2.8278191366E8,"bizoutfitse":null,"bizoutfform":null,"bizcashoutf":1.71200599583E9,"biznetitse":null,"biznetform":null,"mananetr":9.862338603E7,"withinvgetcash":639900.0,"inveretugetcash":0.0,"fixedassetnetc":1582229.42,"subsnetc":0.0,"receinvcash":0.0,"reducashpled":0.0,"invinflitse":null,"invinffrom":null,"invcashinfl":2222129.42,"acquassetcash":5.301355404E7,"invpayc":0.0,"loannetr":0.0,"subspaynetcash":0.0,"payinvecash":0.0,"incrcashpled":0.0,"invoutfitse":null,"invoutfform":null,"invcashoutf":5.301355404E7,"netinvitse":null,"netinvform":null,"invnetcashflow":-5.079142462E7,"invrececash":0.0,"subsrececash":0.0,"recefromloan":7.221110926E8,"issbdrececash":0.0,"recefincash":1.7163684798E8,"fininflitse":null,"fininflform":null,"fincashinfl":8.9374794058E8,"debtpaycash":8.9134260982E8,"diviprofpaycash":4.348266158E7,"subspaydivid":0.0,"finrelacash":3.1268235E7,"finoutfitse":null,"finoutfform":null,"fincashoutf":9.660935064E8,"finnetitse":null,"finnetform":null,"finnetcflow":-7.234556582E7,"chgexchgchgs":0.0,"netcashitse":null,"netcashform":null,"cashnetr":-2.451360441E7,"inicashbala":6.332350498E7,"cashfinalitse":null,"cashfinalform":null,"finalcashbala":3.880990057E7,"netprofit":6.636151424E7,"minysharrigh":0.0,"unreinveloss":0.0,"asseimpa":-2.168381138E7,"assedepr":2.110532775E7,"realestadep":null,"intaasseamor":1005284.81,"longdefeexpenamor":786359.95,"prepexpedecr":0.0,"accrexpeincr":0.0,"dispfixedassetloss":-88987.77,"fixedassescraloss":1373240.94,"valuechgloss":0.0,"defeincoincr":0.0,"estidebts":0.0,"finexpe":3.722387504E7,"inveloss":-2301976.74,"defetaxassetdecr":7984100.9,"defetaxliabincr":0.0,"inveredu":-4.588773986E7,"receredu":1.1748365033E8,"payaincr":-8.473745218E7,"unseparachg":0.0,"unfiparachg":0.0,"other":0.0,"biznetscheitse":null,"biznetscheform":null,"biznetcflow":9.862338603E7,"debtintocapi":0.0,"expiconvbd":0.0,"finfixedasset":0.0,"cashfinalbala":3.880990057E7,"cashopenbala":6.332350498E7,"equfinalbala":0.0,"equopenbala":0.0,"netcashscheitse":null,"netcashscheform":null,"cashneti":-2.451360441E7}],"comptype":4,"name":"爱仕达"}