{"list":[{"bonusimpdate":"20170907","bonusyear":"2017","cur":"人民币","bonusskratio":null,"tranaddskraio":null,"recorddate":"20170913","exrightdate":"20170914","cdividend":1.0,"fdividendbh":0.0,"tranaddsklistdate":null,"bonussklistdate":null,"tranaddskaccday":null,"bonusskaccday":null,"symbol":null,"secode":"2010006858","divitype":"A","taxfdividendbh":0.0,"taxcdividend":1.0,"divibegdate":"20170914","summarize":"10派1"},{"bonusimpdate":"20170606","bonusyear":"2016","cur":"人民币","bonusskratio":null,"tranaddskraio":null,"recorddate":"20170612","exrightdate":"20170613","cdividend":2.2,"fdividendbh":0.0,"tranaddsklistdate":null,"bonussklistdate":null,"tranaddskaccday":null,"bonusskaccday":null,"symbol":null,"secode":"2010006858","divitype":"A","taxfdividendbh":0.0,"taxcdividend":2.2,"divibegdate":"20170613","summarize":"10派2.2"},{"bonusimpdate":"20161013","bonusyear":"2016","cur":"人民币","bonusskratio":null,"tranaddskraio":null,"recorddate":"20161019","exrightdate":"20161020","cdividend":0.8,"fdividendbh":0.0,"tranaddsklistdate":null,"bonussklistdate":null,"tranaddskaccday":null,"bonusskaccday":null,"symbol":null,"secode":"2010006858","divitype":"A","taxfdividendbh":0.0,"taxcdividend":0.8,"divibegdate":"20161020","summarize":"10派0.8"},{"bonusimpdate":"20160614","bonusyear":"2015","cur":"人民币","bonusskratio":null,"tranaddskraio":null,"recorddate":"20160620","exrightdate":"20160621","cdividend":1.2,"fdividendbh":0.0,"tranaddsklistdate":null,"bonussklistdate":null,"tranaddskaccday":null,"bonusskaccday":null,"symbol":null,"secode":"2010006858","divitype":"A","taxfdividendbh":0.0,"taxcdividend":1.2,"divibegdate":"20160621","summarize":"10派1.2"},{"bonusimpdate":"20150930","bonusyear":"2015","cur":"人民币","bonusskratio":null,"tranaddskraio":null,"recorddate":"20151013","exrightdate":"20151014","cdividend":0.8,"fdividendbh":0.0,"tranaddsklistdate":null,"bonussklistdate":null,"tranaddskaccday":null,"bonusskaccday":null,"symbol":null,"secode":"2010006858","divitype":"A","taxfdividendbh":0.0,"taxcdividend":0.8,"divibegdate":"20151014","summarize":"10派0.8"},{"bonusimpdate":"20150715","bonusyear":"2014","cur":"人民币","bonusskratio":null,"tranaddskraio":null,"recorddate":"20150720","exrightdate":"20150721","cdividend":0.8,"fdividendbh":0.0,"tranaddsklistdate":null,"bonussklistdate":null,"tranaddskaccday":null,"bonusskaccday":null,"symbol":null,"secode":"2010006858","divitype":"A","taxfdividendbh":0.0,"taxcdividend":0.76,"divibegdate":"20150721","summarize":"10派0.8"},{"bonusimpdate":"20140927","bonusyear":"2014","cur":"人民币","bonusskratio":null,"tranaddskraio":null,"recorddate":"20141009","exrightdate":"20141010","cdividend":0.8,"fdividendbh":0.0,"tranaddsklistdate":null,"bonussklistdate":null,"tranaddskaccday":null,"bonusskaccday":null,"symbol":null,"secode":"2010006858","divitype":"A","taxfdividendbh":0.0,"taxcdividend":0.76,"divibegdate":"20141010","summarize":"10派0.8"},{"bonusimpdate":"20140718","bonusyear":"2013","cur":"人民币","bonusskratio":null,"tranaddskraio":null,"recorddate":"20140723","exrightdate":"20140724","cdividend":1.0,"fdividendbh":0.0,"tranaddsklistdate":null,"bonussklistdate":null,"tranaddskaccday":null,"bonusskaccday":null,"symbol":null,"secode":"2010006858","divitype":"A","taxfdividendbh":0.0,"taxcdividend":0.95,"divibegdate":"20140724","summarize":"10派1"},{"bonusimpdate":"20130925","bonusyear":"2013","cur":"人民币","bonusskratio":null,"tranaddskraio":null,"recorddate":"20130930","exrightdate":"20131008","cdividend":0.6,"fdividendbh":0.0,"tranaddsklistdate":null,"bonussklistdate":null,"tranaddskaccday":null,"bonusskaccday":null,"symbol":null,"secode":"2010006858","divitype":"A","taxfdividendbh":0.0,"taxcdividend":0.57,"divibegdate":"20131015","summarize":"10派0.6"},{"bonusimpdate":"20130710","bonusyear":"2012","cur":"人民币","bonusskratio":null,"tranaddskraio":null,"recorddate":"20130715","exrightdate":"20130716","cdividend":0.2,"fdividendbh":0.0,"tranaddsklistdate":null,"bonussklistdate":null,"tranaddskaccday":null,"bonusskaccday":null,"symbol":null,"secode":"2010006858","divitype":"A","taxfdividendbh":0.0,"taxcdividend":0.19,"divibegdate":"20130723","summarize":"10派0.2"},{"bonusimpdate":"20121008","bonusyear":"2012","cur":"人民币","bonusskratio":null,"tranaddskraio":null,"recorddate":"20121011","exrightdate":"20121012","cdividend":0.7,"fdividendbh":0.0,"tranaddsklistdate":null,"bonussklistdate":null,"tranaddskaccday":null,"bonusskaccday":null,"symbol":null,"secode":"2010006858","divitype":"A","taxfdividendbh":0.0,"taxcdividend":0.63,"divibegdate":"20121019","summarize":"10派0.7"},{"bonusimpdate":"20120718","bonusyear":"2011","cur":"人民币","bonusskratio":null,"tranaddskraio":null,"recorddate":"20120724","exrightdate":"20120725","cdividend":2.0,"fdividendbh":0.0,"tranaddsklistdate":null,"bonussklistdate":null,"tranaddskaccday":null,"bonusskaccday":null,"symbol":null,"secode":"2010006858","divitype":"A","taxfdividendbh":0.0,"taxcdividend":1.8,"divibegdate":"20120731","summarize":"10派2"}]}