{"SH601238":{"symbol":"SH601238","exchange":"SH","code":"601238","name":"广汽集团","current":"22.24","percentage":"-0.98","change":"-0.22","open":"22.4","high":"22.41","low":"22.09","close":"22.24","last_close":"22.46","high52week":"30.01","low52week":"19.99","volume":"3546427.0","lot_volume":"35464.27","volumeAverage":"7839810","marketCapital":"1.6223721093104E11","eps":"1.38","pe_ttm":"16.827","pe_lyr":"25.8","beta":"0.0","totalShares":"7294838621","time":"Tue Mar 20 14:59:58 +0800 2018","afterHours":"0.0","afterHoursPct":"0.0","afterHoursChg":"0.0","updateAt":"1513771203802","dividend":"0.32","yield":"1.44","turnover_rate":"0.08%","instOwn":"0.0","rise_stop":"24.71","fall_stop":"20.21","currency_unit":"CNY","amount":"7.8641277E7","net_assets":"9.1196","hasexist":"","has_warrant":"0","type":"11","flag":"1","rest_day":"","amplitude":"1.42%","market_status":"已收盘","lot_size":"100","min_order_quantity":"0","max_order_quantity":"0","tick_size":"0.01","variable_tick_size":"","kzz_stock_symbol":"02238","kzz_stock_name":"","kzz_stock_current":"0.0","kzz_convert_price":"0.0","kzz_covert_value":"0.0","kzz_cpr":"0.0","kzz_putback_price":"0.0","kzz_convert_time":"","kzz_redempt_price":"0.0","kzz_straight_price":"0.0","kzz_stock_percent":"","pb":"2.44","benefit_before_tax":"0.0","benefit_after_tax":"0.0","convert_bond_ratio":"","totalissuescale":"","outstandingamt":"","maturitydate":"","remain_year":"","convertrate":"0.0","interestrtmemo":"","release_date":"","circulation":"0.0","par_value":"0.0","due_time":"0.0","value_date":"","due_date":"","publisher":"","redeem_type":"T","issue_type":"1","bond_type":"","warrant":"","sale_rrg":"","rate":"","after_hour_vol":"0","float_shares":"4328148148","float_market_capital":"9.625801481152E10","disnext_pay_date":"","convert_rate":"0.0","volume_ratio":"0.69","percent5m":"-0.04","pankou_ratio":"-12.91%","psr":"2.4427"}}