{"SZ002146":{"symbol":"SZ002146","exchange":"SZ","code":"002146","name":"荣盛发展","current":"10.30","percentage":"-0.19","change":"-0.02","open":"10.21","high":"10.32","low":"10.08","close":"10.3","last_close":"10.32","high52week":"15.15","low52week":"8.15","volume":"3.8775809E7","lot_volume":"387758.09","volumeAverage":"35602573","marketCapital":"4.47860876653E10","eps":"0.64","pe_ttm":"7.764","pe_lyr":"7.764","beta":"0.0","totalShares":"4348163851","time":"Tue Mar 20 15:04:03 +0800 2018","afterHours":"0.0","afterHoursPct":"0.0","afterHoursChg":"0.0","afterHoursTime":"Wed Oct 19 21:59:01 -0400 2011","updateAt":"1513762257290","dividend":"0.4","yield":"3.88","turnover_rate":"1.00%","instOwn":"0.0","rise_stop":"11.35","fall_stop":"9.29","currency_unit":"CNY","amount":"3.9571887859E8","net_assets":"5.6775","hasexist":"","has_warrant":"0","type":"11","flag":"1","rest_day":"","amplitude":"2.33%","market_status":"已收盘","lot_size":"100","min_order_quantity":"0","max_order_quantity":"0","tick_size":"0.01","variable_tick_size":"","kzz_stock_symbol":"","kzz_stock_name":"","kzz_stock_current":"0.0","kzz_convert_price":"0.0","kzz_covert_value":"0.0","kzz_cpr":"0.0","kzz_putback_price":"0.0","kzz_convert_time":"","kzz_redempt_price":"0.0","kzz_straight_price":"0.0","kzz_stock_percent":"","pb":"1.81","benefit_before_tax":"0.0","benefit_after_tax":"0.0","convert_bond_ratio":"","totalissuescale":"","outstandingamt":"","maturitydate":"","remain_year":"","convertrate":"0.0","interestrtmemo":"","release_date":"","circulation":"0.0","par_value":"0.0","due_time":"0.0","value_date":"","due_date":"","publisher":"","redeem_type":"T","issue_type":"3","bond_type":"","warrant":"","sale_rrg":"","rate":"","after_hour_vol":"0","float_shares":"3890348153","float_market_capital":"4.00705859759E10","disnext_pay_date":"","convert_rate":"0.0","volume_ratio":"0.92","percent5m":"0.19","pankou_ratio":"-13.58%","psr":"1.333"}}