{"SH600340":{"symbol":"SH600340","exchange":"SH","code":"600340","name":"华夏幸福","current":"38.07","percentage":"-0.99","change":"-0.38","open":"38.38","high":"38.69","low":"37.7","close":"38.07","last_close":"38.45","high52week":"47.64","low52week":"25.61","volume":"2.1932564E7","lot_volume":"219325.64","volumeAverage":"17515092","marketCapital":"1.1249482121163E11","eps":"2.02","pe_ttm":"13.86","pe_lyr":"17.329","beta":"0.0","totalShares":"2954946709","time":"Fri Mar 09 14:59:59 +0800 2018","afterHours":"0.0","afterHoursPct":"0.0","afterHoursChg":"0.0","afterHoursTime":"Wed Oct 19 21:59:01 -0400 2011","updateAt":"1520328644098","dividend":"0.66","yield":"1.73","turnover_rate":"0.74%","instOwn":"0.0","rise_stop":"42.3","fall_stop":"34.61","currency_unit":"CNY","amount":"8.34757879E8","net_assets":"9.121","hasexist":"","has_warrant":"0","type":"11","flag":"1","rest_day":"","amplitude":"2.57%","market_status":"休市","lot_size":"100","min_order_quantity":"0","max_order_quantity":"0","tick_size":"0.01","variable_tick_size":"","kzz_stock_symbol":"","kzz_stock_name":"","kzz_stock_current":"0.0","kzz_convert_price":"0.0","kzz_covert_value":"0.0","kzz_cpr":"0.0","kzz_putback_price":"0.0","kzz_convert_time":"","kzz_redempt_price":"0.0","kzz_straight_price":"0.0","kzz_stock_percent":"","pb":"4.17","benefit_before_tax":"0.0","benefit_after_tax":"0.0","convert_bond_ratio":"","totalissuescale":"","outstandingamt":"","maturitydate":"","remain_year":"","convertrate":"0.0","interestrtmemo":"","release_date":"","circulation":"0.0","par_value":"0.0","due_time":"0.0","value_date":"","due_date":"","publisher":"","redeem_type":"T","issue_type":"1","bond_type":"","warrant":"","sale_rrg":"","rate":"","after_hour_vol":"0","float_shares":"2954946709","float_market_capital":"1.1249482121163E11","disnext_pay_date":"","convert_rate":"0.0","volume_ratio":"0.79","percent5m":"0.18","pankou_ratio":"-1.72%","psr":"1.8995"}}