{"SH600340":{"symbol":"SH600340","exchange":"SH","code":"600340","name":"华夏幸福","current":"31.51","percentage":"-1.22","change":"-0.39","open":"31.87","high":"31.87","low":"31.2","close":"31.51","last_close":"31.9","high52week":"47.64","low52week":"22.87","volume":"1.3724613E7","lot_volume":"137246.13","volumeAverage":"17515092","marketCapital":"9.311037080059E10","eps":"2.02","pe_ttm":"11.4715","pe_lyr":"14.3433","beta":"0.0","totalShares":"2954946709","time":"Tue Nov 28 14:47:34 +0800 2017","afterHours":"0.0","afterHoursPct":"0.0","afterHoursChg":"0.0","afterHoursTime":"Wed Oct 19 21:59:01 -0400 2011","updateAt":"1510121253600","dividend":"0.66","yield":"2.07","turnover_rate":"0.46%","instOwn":"0.0","rise_stop":"35.09","fall_stop":"28.71","currency_unit":"CNY","amount":"4.32023892E8","net_assets":"9.121","hasexist":"","has_warrant":"0","type":"11","flag":"1","rest_day":"","amplitude":"2.10%","market_status":"交易中","lot_size":"100","min_order_quantity":"0","max_order_quantity":"0","tick_size":"0.01","variable_tick_size":"","kzz_stock_symbol":"","kzz_stock_name":"","kzz_stock_current":"0.0","kzz_convert_price":"0.0","kzz_covert_value":"0.0","kzz_cpr":"0.0","kzz_putback_price":"0.0","kzz_convert_time":"","kzz_redempt_price":"0.0","kzz_straight_price":"0.0","kzz_stock_percent":"","pb":"3.45","benefit_before_tax":"0.0","benefit_after_tax":"0.0","convert_bond_ratio":"","totalissuescale":"","outstandingamt":"","maturitydate":"","remain_year":"","convertrate":"0.0","interestrtmemo":"","release_date":"","circulation":"0.0","par_value":"0.0","due_time":"0.0","value_date":"","due_date":"","publisher":"","redeem_type":"T","issue_type":"1","bond_type":"","warrant":"","sale_rrg":"","rate":"","after_hour_vol":"0","float_shares":"2954946709","float_market_capital":"9.311037080059E10","disnext_pay_date":"","convert_rate":"0.0","volume_ratio":"0.59","percent5m":"0.32","pankou_ratio":"-55.35%","psr":"1.5916"}}