{"SH600897":{"symbol":"SH600897","exchange":"SH","code":"600897","name":"厦门空港","current":"21.10","percentage":"-0.14","change":"-0.03","open":"21.11","high":"21.22","low":"20.94","close":"21.1","last_close":"21.13","high52week":"28.54","low52week":"20.54","volume":"832192.0","lot_volume":"8321.92","volumeAverage":"5991823","marketCapital":"6.283791E9","eps":"1.1","pe_ttm":"15.611","pe_lyr":"15.767","beta":"0.0","totalShares":"297810000","time":"Tue Mar 20 14:59:32 +0800 2018","afterHours":"0.0","afterHoursPct":"0.0","afterHoursChg":"0.0","afterHoursTime":"Wed Oct 19 21:59:01 -0400 2011","updateAt":"1508551200648","dividend":"1.01","yield":"4.79","turnover_rate":"0.28%","instOwn":"0.0","rise_stop":"23.24","fall_stop":"19.02","currency_unit":"CNY","amount":"1.751778E7","net_assets":"11.17","hasexist":"","has_warrant":"0","type":"11","flag":"1","rest_day":"","amplitude":"1.33%","market_status":"已收盘","lot_size":"100","min_order_quantity":"0","max_order_quantity":"0","tick_size":"0.01","variable_tick_size":"","kzz_stock_symbol":"","kzz_stock_name":"","kzz_stock_current":"0.0","kzz_convert_price":"0.0","kzz_covert_value":"0.0","kzz_cpr":"0.0","kzz_putback_price":"0.0","kzz_convert_time":"","kzz_redempt_price":"0.0","kzz_straight_price":"0.0","kzz_stock_percent":"","pb":"1.89","benefit_before_tax":"0.0","benefit_after_tax":"0.0","convert_bond_ratio":"","totalissuescale":"","outstandingamt":"","maturitydate":"","remain_year":"","convertrate":"0.0","interestrtmemo":"","release_date":"","circulation":"0.0","par_value":"0.0","due_time":"0.0","value_date":"","due_date":"","publisher":"","redeem_type":"F","issue_type":"1","bond_type":"","warrant":"","sale_rrg":"","rate":"","after_hour_vol":"0","float_shares":"297810000","float_market_capital":"6.283791E9","disnext_pay_date":"","convert_rate":"0.0","volume_ratio":"0.94","percent5m":"0.05","pankou_ratio":"-0.51%","psr":"3.9185"}}