{"list":[{"bonusimpdate":"20170707","bonusyear":"2016","cur":"人民币","bonusskratio":null,"tranaddskraio":null,"recorddate":"20170713","exrightdate":"20170714","cdividend":10.1,"fdividendbh":0.0,"tranaddsklistdate":null,"bonussklistdate":null,"tranaddskaccday":null,"bonusskaccday":null,"symbol":null,"secode":"2010000808","divitype":"A","taxfdividendbh":0.0,"taxcdividend":10.1,"divibegdate":"20170714","summarize":"10派10.1"},{"bonusimpdate":"20160618","bonusyear":"2015","cur":"人民币","bonusskratio":null,"tranaddskraio":null,"recorddate":"20160623","exrightdate":"20160624","cdividend":3.8,"fdividendbh":0.0,"tranaddsklistdate":null,"bonussklistdate":null,"tranaddskaccday":null,"bonusskaccday":null,"symbol":null,"secode":"2010000808","divitype":"A","taxfdividendbh":0.0,"taxcdividend":3.8,"divibegdate":"20160624","summarize":"10派3.8"},{"bonusimpdate":"20150612","bonusyear":"2014","cur":"人民币","bonusskratio":null,"tranaddskraio":null,"recorddate":"20150618","exrightdate":"20150619","cdividend":4.7,"fdividendbh":0.0,"tranaddsklistdate":null,"bonussklistdate":null,"tranaddskaccday":null,"bonusskaccday":null,"symbol":null,"secode":"2010000808","divitype":"A","taxfdividendbh":0.0,"taxcdividend":4.465,"divibegdate":"20150619","summarize":"10派4.7"},{"bonusimpdate":"20140613","bonusyear":"2013","cur":"人民币","bonusskratio":null,"tranaddskraio":null,"recorddate":"20140618","exrightdate":"20140619","cdividend":4.5,"fdividendbh":0.0,"tranaddsklistdate":null,"bonussklistdate":null,"tranaddskaccday":null,"bonusskaccday":null,"symbol":null,"secode":"2010000808","divitype":"A","taxfdividendbh":0.0,"taxcdividend":4.275,"divibegdate":"20140619","summarize":"10派4.5"},{"bonusimpdate":"20130528","bonusyear":"2012","cur":"人民币","bonusskratio":null,"tranaddskraio":null,"recorddate":"20130531","exrightdate":"20130603","cdividend":3.9,"fdividendbh":0.0,"tranaddsklistdate":null,"bonussklistdate":null,"tranaddskaccday":null,"bonusskaccday":null,"symbol":null,"secode":"2010000808","divitype":"A","taxfdividendbh":0.0,"taxcdividend":3.705,"divibegdate":"20130607","summarize":"10派3.9"},{"bonusimpdate":"20120515","bonusyear":"2011","cur":"人民币","bonusskratio":null,"tranaddskraio":null,"recorddate":"20120518","exrightdate":"20120521","cdividend":1.0,"fdividendbh":0.0,"tranaddsklistdate":null,"bonussklistdate":null,"tranaddskaccday":null,"bonusskaccday":null,"symbol":null,"secode":"2010000808","divitype":"A","taxfdividendbh":0.0,"taxcdividend":0.9,"divibegdate":"20120525","summarize":"10派1"},{"bonusimpdate":"20110517","bonusyear":"2010","cur":"人民币","bonusskratio":null,"tranaddskraio":null,"recorddate":"20110520","exrightdate":"20110523","cdividend":0.9,"fdividendbh":0.0,"tranaddsklistdate":null,"bonussklistdate":null,"tranaddskaccday":null,"bonusskaccday":null,"symbol":null,"secode":"2010000808","divitype":"A","taxfdividendbh":0.0,"taxcdividend":0.81,"divibegdate":"20110527","summarize":"10派0.9"},{"bonusimpdate":"20100514","bonusyear":"2009","cur":"人民币","bonusskratio":null,"tranaddskraio":null,"recorddate":"20100519","exrightdate":"20100520","cdividend":0.8,"fdividendbh":0.0,"tranaddsklistdate":null,"bonussklistdate":null,"tranaddskaccday":null,"bonusskaccday":null,"symbol":null,"secode":"2010000808","divitype":"A","taxfdividendbh":0.0,"taxcdividend":0.72,"divibegdate":"20100526","summarize":"10派0.8"},{"bonusimpdate":"20090618","bonusyear":"2008","cur":"人民币","bonusskratio":null,"tranaddskraio":null,"recorddate":"20090623","exrightdate":"20090624","cdividend":0.6,"fdividendbh":0.0,"tranaddsklistdate":null,"bonussklistdate":null,"tranaddskaccday":null,"bonusskaccday":null,"symbol":null,"secode":"2010000808","divitype":"A","taxfdividendbh":0.0,"taxcdividend":0.54,"divibegdate":"20090629","summarize":"10派0.6"},{"bonusimpdate":"20080625","bonusyear":"2007","cur":"人民币","bonusskratio":null,"tranaddskraio":null,"recorddate":"20080630","exrightdate":"20080701","cdividend":0.5,"fdividendbh":0.0,"tranaddsklistdate":null,"bonussklistdate":null,"tranaddskaccday":null,"bonusskaccday":null,"symbol":null,"secode":"2010000808","divitype":"A","taxfdividendbh":0.0,"taxcdividend":0.45,"divibegdate":"20080704","summarize":"10派0.5"},{"bonusimpdate":"20070511","bonusyear":"2006","cur":"人民币","bonusskratio":null,"tranaddskraio":null,"recorddate":"20070516","exrightdate":"20070517","cdividend":3.5,"fdividendbh":0.0,"tranaddsklistdate":null,"bonussklistdate":null,"tranaddskaccday":null,"bonusskaccday":null,"symbol":null,"secode":"2010000808","divitype":"A","taxfdividendbh":0.0,"taxcdividend":3.15,"divibegdate":"20070523","summarize":"10派3.5"},{"bonusimpdate":"20060428","bonusyear":"2005","cur":"人民币","bonusskratio":null,"tranaddskraio":null,"recorddate":"20060510","exrightdate":"20060511","cdividend":3.0,"fdividendbh":0.0,"tranaddsklistdate":null,"bonussklistdate":null,"tranaddskaccday":null,"bonusskaccday":null,"symbol":null,"secode":"2010000808","divitype":"A","taxfdividendbh":0.0,"taxcdividend":2.7,"divibegdate":"20060517","summarize":"10派3"},{"bonusimpdate":"20050427","bonusyear":"2004","cur":"人民币","bonusskratio":null,"tranaddskraio":null,"recorddate":"20050509","exrightdate":"20050510","cdividend":5.0,"fdividendbh":0.0,"tranaddsklistdate":null,"bonussklistdate":null,"tranaddskaccday":null,"bonusskaccday":null,"symbol":null,"secode":"2010000808","divitype":"A","taxfdividendbh":0.0,"taxcdividend":4.0,"divibegdate":"20050516","summarize":"10派5"},{"bonusimpdate":"20040405","bonusyear":"2003","cur":"人民币","bonusskratio":null,"tranaddskraio":null,"recorddate":"20040408","exrightdate":"20040409","cdividend":4.0,"fdividendbh":0.0,"tranaddsklistdate":null,"bonussklistdate":null,"tranaddskaccday":null,"bonusskaccday":null,"symbol":null,"secode":"2010000808","divitype":"A","taxfdividendbh":0.0,"taxcdividend":3.2,"divibegdate":"20040415","summarize":"10派4"},{"bonusimpdate":"20030813","bonusyear":"2002","cur":"人民币","bonusskratio":null,"tranaddskraio":null,"recorddate":"20030819","exrightdate":"20030820","cdividend":1.0,"fdividendbh":0.0,"tranaddsklistdate":null,"bonussklistdate":null,"tranaddskaccday":null,"bonusskaccday":null,"symbol":null,"secode":"2010000808","divitype":"A","taxfdividendbh":0.0,"taxcdividend":0.8,"divibegdate":"20030826","summarize":"10派1"},{"bonusimpdate":"20020626","bonusyear":"2001","cur":"人民币","bonusskratio":null,"tranaddskraio":null,"recorddate":"20020702","exrightdate":"20020703","cdividend":1.5,"fdividendbh":0.0,"tranaddsklistdate":null,"bonussklistdate":null,"tranaddskaccday":null,"bonusskaccday":null,"symbol":null,"secode":"2010000808","divitype":"A","taxfdividendbh":0.0,"taxcdividend":1.2,"divibegdate":"20020709","summarize":"10派1.5"},{"bonusimpdate":"20010614","bonusyear":"2000","cur":"人民币","bonusskratio":null,"tranaddskraio":null,"recorddate":"20010620","exrightdate":"20010621","cdividend":1.0,"fdividendbh":0.0,"tranaddsklistdate":null,"bonussklistdate":null,"tranaddskaccday":null,"bonusskaccday":null,"symbol":null,"secode":"2010000808","divitype":"A","taxfdividendbh":0.0,"taxcdividend":0.8,"divibegdate":"20010628","summarize":"10派1"},{"bonusimpdate":"19970520","bonusyear":"1996","cur":"人民币","bonusskratio":3.0,"tranaddskraio":7.0,"recorddate":"19970523","exrightdate":"19970526","cdividend":null,"fdividendbh":0.0,"tranaddsklistdate":"19970526","bonussklistdate":"19970526","tranaddskaccday":"19970526","bonusskaccday":"19970526","symbol":null,"secode":"2010000808","divitype":"BC","taxfdividendbh":0.0,"taxcdividend":null,"divibegdate":null,"summarize":"10送3转7"}]}