[
    {"symbol" : "SH600519", "name" : "贵州茅台"},
    {"symbol" : "SZ000858", "name" : "五粮液"},
    {"symbol" : "SZ000568", "name" : "泸州老窖"},
    {"symbol" : "SZ002304", "name" : "洋河股份"},
    {"symbol" : "SH600702", "name" : "舍得酒业"},
    {"symbol" : "SZ000799", "name" : "酒鬼酒"},
    {"symbol" : "SH603369", "name" : "今世缘"},
    {"symbol" : "SZ000596", "name" : "古井贡酒"},
    {"symbol" : "SH603589", "name" : "口子窖"},
    {"symbol" : "SH600199", "name" : "金种子酒"},
    {"symbol" : "SH603198", "name" : "迎驾贡酒"},
    {"symbol" : "SH603919", "name" : "金徽酒"},
    {"symbol" : "SH600197", "name" : "伊力特"}
]
