{"SZ000596": {"redeem_type": "T", "kzz_convert_time": "", "code": "000596", "kzz_stock_name": "", "remain_year": "", "marketCapital": "3.583114E10", "sale_rrg": "", "current": "71.15", "tick_size": "0.01", "fall_stop": "62.91", "outstandingamt": "", "after_hour_vol": "0", "kzz_covert_value": "0.0", "afterHoursTime": "Wed Oct 19 21:59:01 -0400 2011", "warrant": "", "due_date": "", "kzz_redempt_price": "0.0", "high52week": "73.78", "psr": "5.2268", "afterHoursPct": "0.0", "currency_unit": "CNY", "name": "\u53e4\u4e95\u8d21\u9152", "yield": "0.84", "lot_size": "100", "low52week": "42.45", "convert_bond_ratio": "", "rate": "", "close": "71.15", "turnover_rate": "0.85%", "afterHoursChg": "0.0", "kzz_stock_percent": "", "percent5m": "0.0", "volume_ratio": "0.91", "exchange": "SZ", "last_close": "69.9", "dividend": "0.6", "lot_volume": "32776.45", "change": "1.25", "publisher": "", "kzz_convert_price": "0.0", "hasexist": "", "amount": "2.326350665E8", "issue_type": "3", "has_warrant": "0", "pankou_ratio": "-62.32%", "pe_lyr": "43.1893", "benefit_before_tax": "0.0", "convert_rate": "0.0", "afterHours": "0.0", "par_value": "0.0", "maturitydate": "", "open": "69.99", "convertrate": "0.0", "kzz_stock_symbol": "", "pb": "5.88", "kzz_stock_current": "0.0", "low": "69.51", "time": "Fri Nov 03 15:04:03 +0800 2017", "percentage": "1.79", "type": "11", "rise_stop": "76.89", "kzz_cpr": "0.0", "benefit_after_tax": "0.0", "net_assets": "12.098", "volume": "3277645.0", "flag": "1", "updateAt": "1508558402338", "totalissuescale": "", "circulation": "0.0", "amplitude": "3.56%", "release_date": "", "kzz_straight_price": "0.0", "interestrtmemo": "", "float_market_capital": "2.729314E10", "high": "72.0", "pe_ttm": "34.2989", "market_status": "\u4f11\u5e02", "max_order_quantity": "0", "due_time": "0.0", "min_order_quantity": "0", "volumeAverage": "4787008", "bond_type": "", "symbol": "SZ000596", "instOwn": "0.0", "rest_day": "", "beta": "0.0", "variable_tick_size": "", "eps": "1.58", "value_date": "", "float_shares": "383600000", "totalShares": "503600000", "disnext_pay_date": "", "kzz_putback_price": "0.0"}}