{"list":[{"bonusimpdate":"20170420","bonusyear":"2016","cur":"人民币","bonusskratio":null,"tranaddskraio":null,"recorddate":"20170426","exrightdate":"20170427","cdividend":6.0,"fdividendbh":0.0,"tranaddsklistdate":null,"bonussklistdate":null,"tranaddskaccday":null,"bonusskaccday":null,"symbol":null,"secode":"2010010440","divitype":"A","taxfdividendbh":0.0,"taxcdividend":6.0,"divibegdate":"20170427","summarize":"10派6"},{"bonusimpdate":"20160715","bonusyear":"2015","cur":"人民币","bonusskratio":null,"tranaddskraio":null,"recorddate":"20160721","exrightdate":"20160722","cdividend":5.0,"fdividendbh":0.0,"tranaddsklistdate":null,"bonussklistdate":null,"tranaddskaccday":null,"bonusskaccday":null,"symbol":null,"secode":"2010010440","divitype":"A","taxfdividendbh":0.0,"taxcdividend":5.0,"divibegdate":"20160722","summarize":"10派5"},{"bonusimpdate":"20150731","bonusyear":"2015","cur":"人民币","bonusskratio":null,"tranaddskraio":null,"recorddate":"20150806","exrightdate":"20150807","cdividend":4.0,"fdividendbh":0.0,"tranaddsklistdate":null,"bonussklistdate":null,"tranaddskaccday":null,"bonusskaccday":null,"symbol":null,"secode":"2010010440","divitype":"A","taxfdividendbh":0.0,"taxcdividend":3.8,"divibegdate":"20150807","summarize":"10派4"}]}