{"list":[{"compcode":"80277843","publishdate":"20171031","begindate":"20170101","enddate":"20170930","reporttype":"100111","adjustdate":"20171031","accstacode":"2","accstaname":"新会计准则","laborgetcash":2.25437609923E9,"deponetr":null,"bankloannetincr":null,"fininstnetr":null,"inspremcash":null,"insnetc":null,"savinetr":null,"disptradnetincr":null,"charintecash":null,"fdsborrnetr":null,"repnetincr":null,"taxrefd":null,"receotherbizcash":6.668423431E7,"bizinflitse":null,"bizinflform":null,"bizcashinfl":2.32106033354E9,"labopayc":7.7619438464E8,"loansnetr":null,"tradepaymnetr":null,"paycompgold":null,"payintecash":null,"paydivicash":null,"payworkcash":2.7636682752E8,"paytax":8.4634987466E8,"payacticash":3.1083292177E8,"bizoutfitse":null,"bizoutfform":null,"bizcashoutf":2.20974400859E9,"biznetitse":null,"biznetform":null,"mananetr":1.1131632495E8,"withinvgetcash":6.3293333362E8,"inveretugetcash":1.477928024E7,"fixedassetnetc":48300.0,"subsnetc":null,"receinvcash":1.137880229E7,"reducashpled":null,"invinflitse":null,"invinffrom":null,"invcashinfl":6.5913971615E8,"acquassetcash":2.0547544304E8,"invpayc":6.9173139568E8,"loannetr":null,"subspaynetcash":null,"payinvecash":null,"incrcashpled":null,"invoutfitse":null,"invoutfform":null,"invcashoutf":8.9720683872E8,"netinvitse":null,"netinvform":null,"invnetcashflow":-2.3806712257E8,"invrececash":3645000.0,"subsrececash":null,"recefromloan":null,"issbdrececash":null,"recefincash":null,"fininflitse":null,"fininflform":null,"fincashinfl":3645000.0,"debtpaycash":null,"diviprofpaycash":4.81400196E8,"subspaydivid":null,"finrelacash":null,"finoutfitse":null,"finoutfform":null,"fincashoutf":4.81400196E8,"finnetitse":null,"finnetform":null,"finnetcflow":-4.77755196E8,"chgexchgchgs":null,"netcashitse":null,"netcashform":null,"cashnetr":-6.0450599362E8,"inicashbala":8.6295636584E8,"cashfinalitse":null,"cashfinalform":null,"finalcashbala":2.5845037222E8,"netprofit":null,"minysharrigh":null,"unreinveloss":null,"asseimpa":null,"assedepr":null,"realestadep":null,"intaasseamor":null,"longdefeexpenamor":null,"prepexpedecr":null,"accrexpeincr":null,"dispfixedassetloss":null,"fixedassescraloss":null,"valuechgloss":null,"defeincoincr":null,"estidebts":null,"finexpe":null,"inveloss":null,"defetaxassetdecr":null,"defetaxliabincr":null,"inveredu":null,"receredu":null,"payaincr":null,"unseparachg":null,"unfiparachg":null,"other":null,"biznetscheitse":null,"biznetscheform":null,"biznetcflow":null,"debtintocapi":null,"expiconvbd":null,"finfixedasset":null,"cashfinalbala":2.5845037222E8,"cashopenbala":8.6295636584E8,"equfinalbala":null,"equopenbala":null,"netcashscheitse":null,"netcashscheform":null,"cashneti":-6.0450599362E8},{"compcode":"80277843","publishdate":"20170819","begindate":"20170101","enddate":"20170630","reporttype":"100111","adjustdate":"20170819","accstacode":"2","accstaname":"新会计准则","laborgetcash":1.51908150674E9,"deponetr":null,"bankloannetincr":null,"fininstnetr":null,"inspremcash":null,"insnetc":null,"savinetr":null,"disptradnetincr":null,"charintecash":null,"fdsborrnetr":null,"repnetincr":null,"taxrefd":null,"receotherbizcash":3.135959794E7,"bizinflitse":null,"bizinflform":null,"bizcashinfl":1.55044110468E9,"labopayc":5.1916104709E8,"loansnetr":null,"tradepaymnetr":null,"paycompgold":null,"payintecash":null,"paydivicash":null,"payworkcash":1.9674699576E8,"paytax":7.1556295113E8,"payacticash":2.0055180007E8,"bizoutfitse":null,"bizoutfform":null,"bizcashoutf":1.63202279405E9,"biznetitse":null,"biznetform":null,"mananetr":-8.158168937E7,"withinvgetcash":3.5293333362E8,"inveretugetcash":6174544.91,"fixedassetnetc":48300.0,"subsnetc":null,"receinvcash":9800612.61,"reducashpled":null,"invinflitse":null,"invinffrom":null,"invcashinfl":3.6895679114E8,"acquassetcash":8.492561009E7,"invpayc":1.5173139568E8,"loannetr":null,"subspaynetcash":null,"payinvecash":null,"incrcashpled":null,"invoutfitse":null,"invoutfform":null,"invcashoutf":2.3665700577E8,"netinvitse":null,"netinvform":null,"invnetcashflow":1.3229978537E8,"invrececash":3545000.0,"subsrececash":3545000.0,"recefromloan":null,"issbdrececash":null,"recefincash":null,"fininflitse":null,"fininflform":null,"fincashinfl":3545000.0,"debtpaycash":null,"diviprofpaycash":4.81400196E8,"subspaydivid":null,"finrelacash":null,"finoutfitse":null,"finoutfform":null,"fincashoutf":4.81400196E8,"finnetitse":null,"finnetform":null,"finnetcflow":-4.77855196E8,"chgexchgchgs":null,"netcashitse":null,"netcashform":null,"cashnetr":-4.271371E8,"inicashbala":8.6295636584E8,"cashfinalitse":null,"cashfinalform":null,"finalcashbala":4.3581926584E8,"netprofit":3.2949160447E8,"minysharrigh":null,"unreinveloss":null,"asseimpa":-726610.09,"assedepr":6.980167139E7,"realestadep":null,"intaasseamor":2312620.8,"longdefeexpenamor":112254.78,"prepexpedecr":null,"accrexpeincr":null,"dispfixedassetloss":1787393.83,"fixedassescraloss":null,"valuechgloss":null,"defeincoincr":null,"estidebts":null,"finexpe":-9800612.61,"inveloss":-6242427.75,"defetaxassetdecr":-67652.17,"defetaxliabincr":-51762.38,"inveredu":4.601891323E7,"receredu":1.4460278079E8,"payaincr":-6.5881986366E8,"unseparachg":null,"unfiparachg":null,"other":null,"biznetscheitse":null,"biznetscheform":null,"biznetcflow":-8.158168937E7,"debtintocapi":null,"expiconvbd":null,"finfixedasset":null,"cashfinalbala":4.3581926584E8,"cashopenbala":8.6295636584E8,"equfinalbala":null,"equopenbala":null,"netcashscheitse":null,"netcashscheform":null,"cashneti":-4.271371E8},{"compcode":"80277843","publishdate":"20170429","begindate":"20170101","enddate":"20170331","reporttype":"100111","adjustdate":"20170429","accstacode":"2","accstaname":"新会计准则","laborgetcash":8.791104542E8,"deponetr":null,"bankloannetincr":null,"fininstnetr":null,"inspremcash":null,"insnetc":null,"savinetr":null,"disptradnetincr":null,"charintecash":null,"fdsborrnetr":null,"repnetincr":null,"taxrefd":null,"receotherbizcash":1.613446426E7,"bizinflitse":null,"bizinflform":null,"bizcashinfl":8.9524491846E8,"labopayc":2.6118055712E8,"loansnetr":null,"tradepaymnetr":null,"paycompgold":null,"payintecash":null,"paydivicash":null,"payworkcash":1.1324669869E8,"paytax":4.3790411447E8,"payacticash":9.327912906E7,"bizoutfitse":null,"bizoutfform":null,"bizcashoutf":9.0561049934E8,"biznetitse":null,"biznetform":null,"mananetr":-1.036558088E7,"withinvgetcash":1.4293333362E8,"inveretugetcash":2615824.65,"fixedassetnetc":13850.0,"subsnetc":null,"receinvcash":4364943.63,"reducashpled":null,"invinflitse":null,"invinffrom":null,"invcashinfl":1.499279519E8,"acquassetcash":3.05343752E7,"invpayc":1.0173139568E8,"loannetr":null,"subspaynetcash":null,"payinvecash":null,"incrcashpled":null,"invoutfitse":null,"invoutfform":null,"invcashoutf":1.3226577088E8,"netinvitse":null,"netinvform":null,"invnetcashflow":1.766218102E7,"invrececash":3545000.0,"subsrececash":null,"recefromloan":null,"issbdrececash":null,"recefincash":null,"fininflitse":null,"fininflform":null,"fincashinfl":3545000.0,"debtpaycash":null,"diviprofpaycash":null,"subspaydivid":null,"finrelacash":null,"finoutfitse":null,"finoutfform":null,"fincashoutf":0.0,"finnetitse":null,"finnetform":null,"finnetcflow":3545000.0,"chgexchgchgs":null,"netcashitse":null,"netcashform":null,"cashnetr":1.084160014E7,"inicashbala":8.6295636584E8,"cashfinalitse":null,"cashfinalform":null,"finalcashbala":8.7379796598E8,"netprofit":null,"minysharrigh":null,"unreinveloss":null,"asseimpa":null,"assedepr":null,"realestadep":null,"intaasseamor":null,"longdefeexpenamor":null,"prepexpedecr":null,"accrexpeincr":null,"dispfixedassetloss":null,"fixedassescraloss":null,"valuechgloss":null,"defeincoincr":null,"estidebts":null,"finexpe":null,"inveloss":null,"defetaxassetdecr":null,"defetaxliabincr":null,"inveredu":null,"receredu":null,"payaincr":null,"unseparachg":null,"unfiparachg":null,"other":null,"biznetscheitse":null,"biznetscheform":null,"biznetcflow":null,"debtintocapi":null,"expiconvbd":null,"finfixedasset":null,"cashfinalbala":8.7379796598E8,"cashopenbala":8.6295636584E8,"equfinalbala":null,"equopenbala":null,"netcashscheitse":null,"netcashscheform":null,"cashneti":1.084160014E7},{"compcode":"80277843","publishdate":"20170321","begindate":"20160101","enddate":"20161231","reporttype":"100111","adjustdate":"20170321","accstacode":"2","accstaname":"新会计准则","laborgetcash":3.2727433944E9,"deponetr":null,"bankloannetincr":null,"fininstnetr":null,"inspremcash":null,"insnetc":null,"savinetr":null,"disptradnetincr":null,"charintecash":null,"fdsborrnetr":null,"repnetincr":null,"taxrefd":null,"receotherbizcash":5.92532256E7,"bizinflitse":null,"bizinflform":null,"bizcashinfl":3.33199662E9,"labopayc":1.06564720969E9,"loansnetr":null,"tradepaymnetr":null,"paycompgold":null,"payintecash":null,"paydivicash":null,"payworkcash":3.5115942187E8,"paytax":8.4971587033E8,"payacticash":3.6113918079E8,"bizoutfitse":null,"bizoutfform":null,"bizcashoutf":2.62766168268E9,"biznetitse":null,"biznetform":null,"mananetr":7.0433493732E8,"withinvgetcash":2.09319747413E9,"inveretugetcash":4.523031749E7,"fixedassetnetc":6223904.38,"subsnetc":null,"receinvcash":1.387917783E7,"reducashpled":null,"invinflitse":null,"invinffrom":null,"invcashinfl":2.15853087383E9,"acquassetcash":1.4513269723E8,"invpayc":2.28972117972E9,"loannetr":null,"subspaynetcash":3151506.45,"payinvecash":3210135.72,"incrcashpled":null,"invoutfitse":null,"invoutfform":null,"invcashoutf":2.44121551912E9,"netinvitse":null,"netinvform":null,"invnetcashflow":-2.8268464529E8,"invrececash":1470000.0,"subsrececash":1470000.0,"recefromloan":null,"issbdrececash":null,"recefincash":null,"fininflitse":null,"fininflform":null,"fincashinfl":1470000.0,"debtpaycash":null,"diviprofpaycash":4.0E8,"subspaydivid":null,"finrelacash":null,"finoutfitse":null,"finoutfform":null,"fincashoutf":4.0E8,"finnetitse":null,"finnetform":null,"finnetcflow":-3.9853E8,"chgexchgchgs":null,"netcashitse":null,"netcashform":null,"cashnetr":2.312029203E7,"inicashbala":8.3983607381E8,"cashfinalitse":null,"cashfinalform":null,"finalcashbala":8.6295636584E8,"netprofit":6.8331388444E8,"minysharrigh":null,"unreinveloss":null,"asseimpa":3953715.05,"assedepr":1.3465371771E8,"realestadep":null,"intaasseamor":4147958.36,"longdefeexpenamor":276273.96,"prepexpedecr":null,"accrexpeincr":null,"dispfixedassetloss":399323.28,"fixedassescraloss":null,"valuechgloss":-3244582.05,"defeincoincr":null,"estidebts":null,"finexpe":-1.387917783E7,"inveloss":-2.327531244E7,"defetaxassetdecr":657972.96,"defetaxliabincr":-1353524.75,"inveredu":-3.0699794385E8,"receredu":1.3296525489E8,"payaincr":9.271737759E7,"unseparachg":null,"unfiparachg":null,"other":null,"biznetscheitse":null,"biznetscheform":null,"biznetcflow":7.0433493732E8,"debtintocapi":null,"expiconvbd":null,"finfixedasset":null,"cashfinalbala":8.6295636584E8,"cashopenbala":8.3983607381E8,"equfinalbala":null,"equopenbala":null,"netcashscheitse":null,"netcashscheform":null,"cashneti":2.312029203E7},{"compcode":"80277843","publishdate":"20161028","begindate":"20160101","enddate":"20160930","reporttype":"100111","adjustdate":"20161028","accstacode":"2","accstaname":"新会计准则","laborgetcash":2.18362397359E9,"deponetr":null,"bankloannetincr":null,"fininstnetr":null,"inspremcash":null,"insnetc":null,"savinetr":null,"disptradnetincr":null,"charintecash":null,"fdsborrnetr":null,"repnetincr":null,"taxrefd":null,"receotherbizcash":9.021334225E7,"bizinflitse":null,"bizinflform":null,"bizcashinfl":2.27383731584E9,"labopayc":8.0467081496E8,"loansnetr":null,"tradepaymnetr":null,"paycompgold":null,"payintecash":null,"paydivicash":null,"payworkcash":2.6029393975E8,"paytax":7.0101145996E8,"payacticash":2.5355200287E8,"bizoutfitse":null,"bizoutfform":null,"bizcashoutf":2.01952821754E9,"biznetitse":null,"biznetform":null,"mananetr":2.543090983E8,"withinvgetcash":9.6347923888E8,"inveretugetcash":2.868162262E7,"fixedassetnetc":114476.01,"subsnetc":-3710135.72,"receinvcash":1.176043163E7,"reducashpled":null,"invinflitse":null,"invinffrom":null,"invcashinfl":1.00032563342E9,"acquassetcash":1.0828918475E8,"invpayc":1.15512117972E9,"loannetr":null,"subspaynetcash":null,"payinvecash":null,"incrcashpled":null,"invoutfitse":null,"invoutfform":null,"invcashoutf":1.26341036447E9,"netinvitse":null,"netinvform":null,"invnetcashflow":-2.6308473105E8,"invrececash":1470000.0,"subsrececash":null,"recefromloan":null,"issbdrececash":null,"recefincash":null,"fininflitse":null,"fininflform":null,"fincashinfl":1470000.0,"debtpaycash":null,"diviprofpaycash":4.0E8,"subspaydivid":null,"finrelacash":null,"finoutfitse":null,"finoutfform":null,"fincashoutf":4.0E8,"finnetitse":null,"finnetform":null,"finnetcflow":-3.9853E8,"chgexchgchgs":null,"netcashitse":null,"netcashform":null,"cashnetr":-4.0730563275E8,"inicashbala":8.3983607381E8,"cashfinalitse":null,"cashfinalform":null,"finalcashbala":4.3253044106E8,"netprofit":null,"minysharrigh":null,"unreinveloss":null,"asseimpa":null,"assedepr":null,"realestadep":null,"intaasseamor":null,"longdefeexpenamor":null,"prepexpedecr":null,"accrexpeincr":null,"dispfixedassetloss":null,"fixedassescraloss":null,"valuechgloss":null,"defeincoincr":null,"estidebts":null,"finexpe":null,"inveloss":null,"defetaxassetdecr":null,"defetaxliabincr":null,"inveredu":null,"receredu":null,"payaincr":null,"unseparachg":null,"unfiparachg":null,"other":null,"biznetscheitse":null,"biznetscheform":null,"biznetcflow":null,"debtintocapi":null,"expiconvbd":null,"finfixedasset":null,"cashfinalbala":4.3253044106E8,"cashopenbala":8.3983607381E8,"equfinalbala":null,"equopenbala":null,"netcashscheitse":null,"netcashscheform":null,"cashneti":-4.0730563275E8},{"compcode":"80277843","publishdate":"20160816","begindate":"20160101","enddate":"20160630","reporttype":"100111","adjustdate":"20160816","accstacode":"2","accstaname":"新会计准则","laborgetcash":1.51482241322E9,"deponetr":null,"bankloannetincr":null,"fininstnetr":null,"inspremcash":null,"insnetc":null,"savinetr":null,"disptradnetincr":null,"charintecash":null,"fdsborrnetr":null,"repnetincr":null,"taxrefd":null,"receotherbizcash":6.769411381E7,"bizinflitse":null,"bizinflform":null,"bizcashinfl":1.58251652703E9,"labopayc":5.5911286127E8,"loansnetr":null,"tradepaymnetr":null,"paycompgold":null,"payintecash":null,"paydivicash":null,"payworkcash":1.8721751473E8,"paytax":5.7658524728E8,"payacticash":1.7540417865E8,"bizoutfitse":null,"bizoutfform":null,"bizcashoutf":1.49831980193E9,"biznetitse":null,"biznetform":null,"mananetr":8.41967251E7,"withinvgetcash":null,"inveretugetcash":2121643.83,"fixedassetnetc":82800.0,"subsnetc":-3710135.72,"receinvcash":8613062.99,"reducashpled":null,"invinflitse":null,"invinffrom":null,"invcashinfl":7107371.1,"acquassetcash":7.210319775E7,"invpayc":2.0803903791E8,"loannetr":null,"subspaynetcash":null,"payinvecash":null,"incrcashpled":null,"invoutfitse":null,"invoutfform":null,"invcashoutf":2.8014223566E8,"netinvitse":null,"netinvform":null,"invnetcashflow":-2.7303486456E8,"invrececash":1470000.0,"subsrececash":null,"recefromloan":null,"issbdrececash":null,"recefincash":null,"fininflitse":null,"fininflform":null,"fincashinfl":1470000.0,"debtpaycash":null,"diviprofpaycash":null,"subspaydivid":null,"finrelacash":null,"finoutfitse":null,"finoutfform":null,"fincashoutf":0.0,"finnetitse":null,"finnetform":null,"finnetcflow":1470000.0,"chgexchgchgs":null,"netcashitse":null,"netcashform":null,"cashnetr":-1.8736813946E8,"inicashbala":8.3983607381E8,"cashfinalitse":null,"cashfinalform":null,"finalcashbala":6.5246793435E8,"netprofit":3.3054407573E8,"minysharrigh":null,"unreinveloss":null,"asseimpa":141097.43,"assedepr":6.559771136E7,"realestadep":null,"intaasseamor":1785718.55,"longdefeexpenamor":176847.51,"prepexpedecr":null,"accrexpeincr":null,"dispfixedassetloss":2654025.77,"fixedassescraloss":null,"valuechgloss":-7505014.57,"defeincoincr":null,"estidebts":null,"finexpe":-8613062.99,"inveloss":1.980155378E7,"defetaxassetdecr":-2334491.54,"defetaxliabincr":3963395.7,"inveredu":-8.545195805E7,"receredu":9.184486008E7,"payaincr":-3.2840803366E8,"unseparachg":null,"unfiparachg":null,"other":null,"biznetscheitse":null,"biznetscheform":null,"biznetcflow":8.41967251E7,"debtintocapi":null,"expiconvbd":null,"finfixedasset":null,"cashfinalbala":6.5246793435E8,"cashopenbala":8.3983607381E8,"equfinalbala":null,"equopenbala":null,"netcashscheitse":null,"netcashscheform":null,"cashneti":-1.8736813946E8},{"compcode":"80277843","publishdate":"20160429","begindate":"20160101","enddate":"20160331","reporttype":"100111","adjustdate":"20160429","accstacode":"2","accstaname":"新会计准则","laborgetcash":8.5472832049E8,"deponetr":null,"bankloannetincr":null,"fininstnetr":null,"inspremcash":null,"insnetc":null,"savinetr":null,"disptradnetincr":null,"charintecash":null,"fdsborrnetr":null,"repnetincr":null,"taxrefd":null,"receotherbizcash":4.696677436E7,"bizinflitse":null,"bizinflform":null,"bizcashinfl":9.0169509485E8,"labopayc":2.4296009423E8,"loansnetr":null,"tradepaymnetr":null,"paycompgold":null,"payintecash":null,"paydivicash":null,"payworkcash":1.0366046958E8,"paytax":3.7789540965E8,"payacticash":7.534072597E7,"bizoutfitse":null,"bizoutfform":null,"bizcashoutf":7.9985669943E8,"biznetitse":null,"biznetform":null,"mananetr":1.0183839542E8,"withinvgetcash":null,"inveretugetcash":1755178.08,"fixedassetnetc":36000.0,"subsnetc":null,"receinvcash":3114832.21,"reducashpled":null,"invinflitse":null,"invinffrom":null,"invcashinfl":4906010.29,"acquassetcash":5.523330904E7,"invpayc":1.5312117972E8,"loannetr":null,"subspaynetcash":null,"payinvecash":null,"incrcashpled":null,"invoutfitse":null,"invoutfform":null,"invcashoutf":2.0835448876E8,"netinvitse":null,"netinvform":null,"invnetcashflow":-2.0344847847E8,"invrececash":null,"subsrececash":null,"recefromloan":null,"issbdrececash":null,"recefincash":null,"fininflitse":null,"fininflform":null,"fincashinfl":0.0,"debtpaycash":null,"diviprofpaycash":null,"subspaydivid":null,"finrelacash":null,"finoutfitse":null,"finoutfform":null,"fincashoutf":0.0,"finnetitse":null,"finnetform":null,"finnetcflow":0.0,"chgexchgchgs":null,"netcashitse":null,"netcashform":null,"cashnetr":-1.0161008305E8,"inicashbala":8.3983607381E8,"cashfinalitse":null,"cashfinalform":null,"finalcashbala":7.3822599076E8,"netprofit":null,"minysharrigh":null,"unreinveloss":null,"asseimpa":null,"assedepr":null,"realestadep":null,"intaasseamor":null,"longdefeexpenamor":null,"prepexpedecr":null,"accrexpeincr":null,"dispfixedassetloss":null,"fixedassescraloss":null,"valuechgloss":null,"defeincoincr":null,"estidebts":null,"finexpe":null,"inveloss":null,"defetaxassetdecr":null,"defetaxliabincr":null,"inveredu":null,"receredu":null,"payaincr":null,"unseparachg":null,"unfiparachg":null,"other":null,"biznetscheitse":null,"biznetscheform":null,"biznetcflow":null,"debtintocapi":null,"expiconvbd":null,"finfixedasset":null,"cashfinalbala":7.3822599076E8,"cashopenbala":8.3983607381E8,"equfinalbala":null,"equopenbala":null,"netcashscheitse":null,"netcashscheform":null,"cashneti":-1.0161008305E8},{"compcode":"80277843","publishdate":"20160429","begindate":"20150101","enddate":"20151231","reporttype":"100111","adjustdate":"20160429","accstacode":"2","accstaname":"新会计准则","laborgetcash":3.09583004961E9,"deponetr":null,"bankloannetincr":null,"fininstnetr":null,"inspremcash":null,"insnetc":null,"savinetr":null,"disptradnetincr":null,"charintecash":null,"fdsborrnetr":null,"repnetincr":null,"taxrefd":null,"receotherbizcash":3.401905374E7,"bizinflitse":null,"bizinflform":null,"bizcashinfl":3.12984910335E9,"labopayc":1.08446455409E9,"loansnetr":null,"tradepaymnetr":null,"paycompgold":null,"payintecash":null,"paydivicash":null,"payworkcash":3.6037557121E8,"paytax":9.5129119193E8,"payacticash":3.3388133196E8,"bizoutfitse":null,"bizoutfform":null,"bizcashoutf":2.73001264919E9,"biznetitse":null,"biznetform":null,"mananetr":3.9983645416E8,"withinvgetcash":null,"inveretugetcash":4637672.87,"fixedassetnetc":2919133.08,"subsnetc":null,"receinvcash":2.369778747E7,"reducashpled":null,"invinflitse":null,"invinffrom":null,"invcashinfl":3.125459342E7,"acquassetcash":1.9501962678E8,"invpayc":8.0E8,"loannetr":null,"subspaynetcash":null,"payinvecash":null,"incrcashpled":null,"invoutfitse":null,"invoutfform":null,"invcashoutf":9.9501962678E8,"netinvitse":null,"netinvform":null,"invnetcashflow":-9.6376503336E8,"invrececash":8.905302E8,"subsrececash":null,"recefromloan":null,"issbdrececash":null,"recefincash":null,"fininflitse":null,"fininflform":null,"fincashinfl":8.905302E8,"debtpaycash":null,"diviprofpaycash":3.2E8,"subspaydivid":null,"finrelacash":null,"finoutfitse":null,"finoutfform":null,"fincashoutf":3.2E8,"finnetitse":null,"finnetform":null,"finnetcflow":5.705302E8,"chgexchgchgs":null,"netcashitse":null,"netcashform":null,"cashnetr":6601620.8,"inicashbala":8.3323445301E8,"cashfinalitse":null,"cashfinalform":null,"finalcashbala":8.3983607381E8,"netprofit":5.3039911517E8,"minysharrigh":null,"unreinveloss":null,"asseimpa":-1021269.35,"assedepr":1.2861314751E8,"realestadep":null,"intaasseamor":2941041.21,"longdefeexpenamor":687425.1,"prepexpedecr":null,"accrexpeincr":null,"dispfixedassetloss":1.265216308E7,"fixedassescraloss":null,"valuechgloss":3244582.05,"defeincoincr":null,"estidebts":null,"finexpe":-2.367008531E7,"inveloss":-4637672.87,"defetaxassetdecr":-454928.72,"defetaxliabincr":1146475.25,"inveredu":-4.6534339121E8,"receredu":-4.888675957E7,"payaincr":2.6416661182E8,"unseparachg":null,"unfiparachg":null,"other":null,"biznetscheitse":null,"biznetscheform":null,"biznetcflow":3.9983645416E8,"debtintocapi":null,"expiconvbd":null,"finfixedasset":null,"cashfinalbala":8.3983607381E8,"cashopenbala":8.3323445301E8,"equfinalbala":null,"equopenbala":null,"netcashscheitse":null,"netcashscheform":null,"cashneti":6601620.8},{"compcode":"80277843","publishdate":"20151030","begindate":"20150101","enddate":"20150930","reporttype":"100111","adjustdate":"20151030","accstacode":"2","accstaname":"新会计准则","laborgetcash":2.16821761155E9,"deponetr":null,"bankloannetincr":null,"fininstnetr":null,"inspremcash":null,"insnetc":null,"savinetr":null,"disptradnetincr":null,"charintecash":null,"fdsborrnetr":null,"repnetincr":null,"taxrefd":null,"receotherbizcash":8.911496658E7,"bizinflitse":null,"bizinflform":null,"bizcashinfl":2.25733257813E9,"labopayc":7.2572327134E8,"loansnetr":null,"tradepaymnetr":null,"paycompgold":null,"payintecash":null,"paydivicash":null,"payworkcash":2.714530302E8,"paytax":7.4792613765E8,"payacticash":2.9675817344E8,"bizoutfitse":null,"bizoutfform":null,"bizcashoutf":2.04186061263E9,"biznetitse":null,"biznetform":null,"mananetr":2.154719655E8,"withinvgetcash":3.5E8,"inveretugetcash":335616.44,"fixedassetnetc":151563.11,"subsnetc":null,"receinvcash":1.91149135E7,"reducashpled":null,"invinflitse":null,"invinffrom":null,"invcashinfl":3.6960209305E8,"acquassetcash":1.330094287E8,"invpayc":1.05E9,"loannetr":null,"subspaynetcash":null,"payinvecash":null,"incrcashpled":null,"invoutfitse":null,"invoutfform":null,"invcashoutf":1.1830094287E9,"netinvitse":null,"netinvform":null,"invnetcashflow":-8.1340733565E8,"invrececash":9.0268E8,"subsrececash":null,"recefromloan":null,"issbdrececash":null,"recefincash":null,"fininflitse":null,"fininflform":null,"fincashinfl":9.0268E8,"debtpaycash":null,"diviprofpaycash":3.2E8,"subspaydivid":null,"finrelacash":1.044471514E7,"finoutfitse":null,"finoutfform":null,"fincashoutf":3.3044471514E8,"finnetitse":null,"finnetform":null,"finnetcflow":5.7223528486E8,"chgexchgchgs":null,"netcashitse":null,"netcashform":null,"cashnetr":-2.570008529E7,"inicashbala":8.3323445301E8,"cashfinalitse":null,"cashfinalform":null,"finalcashbala":8.0753436772E8,"netprofit":null,"minysharrigh":null,"unreinveloss":null,"asseimpa":null,"assedepr":null,"realestadep":null,"intaasseamor":null,"longdefeexpenamor":null,"prepexpedecr":null,"accrexpeincr":null,"dispfixedassetloss":null,"fixedassescraloss":null,"valuechgloss":null,"defeincoincr":null,"estidebts":null,"finexpe":null,"inveloss":null,"defetaxassetdecr":null,"defetaxliabincr":null,"inveredu":null,"receredu":null,"payaincr":null,"unseparachg":null,"unfiparachg":null,"other":null,"biznetscheitse":null,"biznetscheform":null,"biznetcflow":null,"debtintocapi":null,"expiconvbd":null,"finfixedasset":null,"cashfinalbala":8.0753436772E8,"cashopenbala":8.3323445301E8,"equfinalbala":null,"equopenbala":null,"netcashscheitse":null,"netcashscheform":null,"cashneti":-2.570008529E7},{"compcode":"80277843","publishdate":"20150819","begindate":"20150101","enddate":"20150630","reporttype":"100111","adjustdate":"20150819","accstacode":"2","accstaname":"新会计准则","laborgetcash":1.4577841961E9,"deponetr":null,"bankloannetincr":null,"fininstnetr":null,"inspremcash":null,"insnetc":null,"savinetr":null,"disptradnetincr":null,"charintecash":null,"fdsborrnetr":null,"repnetincr":null,"taxrefd":null,"receotherbizcash":5.436987544E7,"bizinflitse":null,"bizinflform":null,"bizcashinfl":1.51215407154E9,"labopayc":5.1275842725E8,"loansnetr":null,"tradepaymnetr":null,"paycompgold":null,"payintecash":null,"paydivicash":null,"payworkcash":1.8572440212E8,"paytax":6.0904239481E8,"payacticash":1.6949488248E8,"bizoutfitse":null,"bizoutfform":null,"bizcashoutf":1.47702010666E9,"biznetitse":null,"biznetform":null,"mananetr":3.513396488E7,"withinvgetcash":null,"inveretugetcash":null,"fixedassetnetc":151563.11,"subsnetc":null,"receinvcash":1.241100478E7,"reducashpled":null,"invinflitse":null,"invinffrom":null,"invcashinfl":1.256256789E7,"acquassetcash":1.0155323163E8,"invpayc":null,"loannetr":null,"subspaynetcash":null,"payinvecash":null,"incrcashpled":null,"invoutfitse":null,"invoutfform":null,"invcashoutf":1.0155323163E8,"netinvitse":null,"netinvform":null,"invnetcashflow":-8.899066374E7,"invrececash":9.0268E8,"subsrececash":null,"recefromloan":null,"issbdrececash":null,"recefincash":null,"fininflitse":null,"fininflform":null,"fincashinfl":9.0268E8,"debtpaycash":null,"diviprofpaycash":null,"subspaydivid":null,"finrelacash":1.044471514E7,"finoutfitse":null,"finoutfform":null,"fincashoutf":1.044471514E7,"finnetitse":null,"finnetform":null,"finnetcflow":8.9223528486E8,"chgexchgchgs":null,"netcashitse":null,"netcashform":null,"cashnetr":8.38378586E8,"inicashbala":8.3323445301E8,"cashfinalitse":null,"cashfinalform":null,"finalcashbala":1.67161303901E9,"netprofit":2.8062399669E8,"minysharrigh":null,"unreinveloss":null,"asseimpa":-1021429.71,"assedepr":6.818830225E7,"realestadep":null,"intaasseamor":1246170.11,"longdefeexpenamor":378924.09,"prepexpedecr":null,"accrexpeincr":null,"dispfixedassetloss":9874873.36,"fixedassescraloss":null,"valuechgloss":null,"defeincoincr":null,"estidebts":null,"finexpe":-1.241100478E7,"inveloss":null,"defetaxassetdecr":-8820836.22,"defetaxliabincr":-51762.38,"inveredu":-1.9634690595E8,"receredu":1.846098146E8,"payaincr":-2.9113617718E8,"unseparachg":null,"unfiparachg":null,"other":null,"biznetscheitse":null,"biznetscheform":null,"biznetcflow":3.513396488E7,"debtintocapi":null,"expiconvbd":null,"finfixedasset":null,"cashfinalbala":1.67161303901E9,"cashopenbala":8.3323445301E8,"equfinalbala":0.0,"equopenbala":0.0,"netcashscheitse":null,"netcashscheform":null,"cashneti":8.38378586E8},{"compcode":"80277843","publishdate":"20160429","begindate":"20150101","enddate":"20150331","reporttype":"100111","adjustdate":"20160429","accstacode":"2","accstaname":"新会计准则","laborgetcash":8.5592396856E8,"deponetr":null,"bankloannetincr":null,"fininstnetr":null,"inspremcash":null,"insnetc":null,"savinetr":null,"disptradnetincr":null,"charintecash":null,"fdsborrnetr":null,"repnetincr":null,"taxrefd":null,"receotherbizcash":7317778.16,"bizinflitse":null,"bizinflform":null,"bizcashinfl":8.6324174672E8,"labopayc":2.4417938691E8,"loansnetr":null,"tradepaymnetr":null,"paycompgold":null,"payintecash":null,"paydivicash":null,"payworkcash":1.0874778519E8,"paytax":3.9737808799E8,"payacticash":7.912328607E7,"bizoutfitse":null,"bizoutfform":null,"bizcashoutf":8.2942854616E8,"biznetitse":null,"biznetform":null,"mananetr":3.381320056E7,"withinvgetcash":null,"inveretugetcash":null,"fixedassetnetc":132400.0,"subsnetc":null,"receinvcash":4381585.14,"reducashpled":null,"invinflitse":null,"invinffrom":null,"invcashinfl":4513985.14,"acquassetcash":6.060623322E7,"invpayc":null,"loannetr":null,"subspaynetcash":null,"payinvecash":null,"incrcashpled":null,"invoutfitse":null,"invoutfform":null,"invcashoutf":6.060623322E7,"netinvitse":null,"netinvform":null,"invnetcashflow":-5.609224808E7,"invrececash":null,"subsrececash":null,"recefromloan":null,"issbdrececash":null,"recefincash":null,"fininflitse":null,"fininflform":null,"fincashinfl":0.0,"debtpaycash":null,"diviprofpaycash":null,"subspaydivid":null,"finrelacash":null,"finoutfitse":null,"finoutfform":null,"fincashoutf":0.0,"finnetitse":null,"finnetform":null,"finnetcflow":0.0,"chgexchgchgs":null,"netcashitse":null,"netcashform":null,"cashnetr":-2.227904752E7,"inicashbala":8.3323445301E8,"cashfinalitse":null,"cashfinalform":null,"finalcashbala":8.1095540549E8,"netprofit":null,"minysharrigh":null,"unreinveloss":null,"asseimpa":null,"assedepr":null,"realestadep":null,"intaasseamor":null,"longdefeexpenamor":null,"prepexpedecr":null,"accrexpeincr":null,"dispfixedassetloss":null,"fixedassescraloss":null,"valuechgloss":null,"defeincoincr":null,"estidebts":null,"finexpe":null,"inveloss":null,"defetaxassetdecr":null,"defetaxliabincr":null,"inveredu":null,"receredu":null,"payaincr":null,"unseparachg":null,"unfiparachg":null,"other":null,"biznetscheitse":null,"biznetscheform":null,"biznetcflow":null,"debtintocapi":null,"expiconvbd":null,"finfixedasset":null,"cashfinalbala":8.1095540549E8,"cashopenbala":8.3323445301E8,"equfinalbala":null,"equopenbala":null,"netcashscheitse":null,"netcashscheform":null,"cashneti":-2.227904752E7},{"compcode":"80277843","publishdate":"20150511","begindate":"20140101","enddate":"20141231","reporttype":"100111","adjustdate":"20150511","accstacode":"2","accstaname":"新会计准则","laborgetcash":3.04276923734E9,"deponetr":null,"bankloannetincr":null,"fininstnetr":null,"inspremcash":null,"insnetc":null,"savinetr":null,"disptradnetincr":null,"charintecash":null,"fdsborrnetr":null,"repnetincr":null,"taxrefd":null,"receotherbizcash":3.146491375E7,"bizinflitse":null,"bizinflform":null,"bizcashinfl":3.07423415109E9,"labopayc":1.06542038226E9,"loansnetr":null,"tradepaymnetr":null,"paycompgold":null,"payintecash":null,"paydivicash":null,"payworkcash":3.7180728057E8,"paytax":9.0858798003E8,"payacticash":3.0084447909E8,"bizoutfitse":null,"bizoutfform":null,"bizcashoutf":2.64666012195E9,"biznetitse":null,"biznetform":null,"mananetr":4.2757402914E8,"withinvgetcash":null,"inveretugetcash":null,"fixedassetnetc":1972037.91,"subsnetc":null,"receinvcash":1.650769599E7,"reducashpled":null,"invinflitse":null,"invinffrom":null,"invcashinfl":1.84797339E7,"acquassetcash":2.4019670073E8,"invpayc":null,"loannetr":null,"subspaynetcash":null,"payinvecash":null,"incrcashpled":null,"invoutfitse":null,"invoutfform":null,"invcashoutf":2.4019670073E8,"netinvitse":null,"netinvform":null,"invnetcashflow":-2.2171696683E8,"invrececash":null,"subsrececash":null,"recefromloan":null,"issbdrececash":null,"recefincash":null,"fininflitse":null,"fininflform":null,"fincashinfl":0.0,"debtpaycash":null,"diviprofpaycash":1.512E8,"subspaydivid":null,"finrelacash":2225224.39,"finoutfitse":null,"finoutfform":null,"fincashoutf":1.5342522439E8,"finnetitse":null,"finnetform":null,"finnetcflow":-1.5342522439E8,"chgexchgchgs":null,"netcashitse":null,"netcashform":null,"cashnetr":5.243183792E7,"inicashbala":7.8080261509E8,"cashfinalitse":null,"cashfinalform":null,"finalcashbala":8.3323445301E8,"netprofit":4.865564536E8,"minysharrigh":null,"unreinveloss":null,"asseimpa":1081412.92,"assedepr":1.1599579893E8,"realestadep":null,"intaasseamor":2592260.39,"longdefeexpenamor":1176603.21,"prepexpedecr":null,"accrexpeincr":null,"dispfixedassetloss":3982576.71,"fixedassescraloss":null,"valuechgloss":null,"defeincoincr":null,"estidebts":null,"finexpe":-1.650769599E7,"inveloss":null,"defetaxassetdecr":-1.649391027E7,"defetaxliabincr":-103524.75,"inveredu":-1.1335091537E8,"receredu":-1.9740977596E8,"payaincr":1.6005474572E8,"unseparachg":null,"unfiparachg":null,"other":null,"biznetscheitse":null,"biznetscheform":null,"biznetcflow":4.2757402914E8,"debtintocapi":null,"expiconvbd":null,"finfixedasset":null,"cashfinalbala":8.3323445301E8,"cashopenbala":7.8080261509E8,"equfinalbala":null,"equopenbala":null,"netcashscheitse":null,"netcashscheform":null,"cashneti":5.243183792E7},{"compcode":"80277843","publishdate":"20151030","begindate":"20140101","enddate":"20140930","reporttype":"100111","adjustdate":"20151030","accstacode":"2","accstaname":"新会计准则","laborgetcash":2.19150765526E9,"deponetr":null,"bankloannetincr":null,"fininstnetr":null,"inspremcash":null,"insnetc":null,"savinetr":null,"disptradnetincr":null,"charintecash":null,"fdsborrnetr":null,"repnetincr":null,"taxrefd":null,"receotherbizcash":2.798234664E7,"bizinflitse":null,"bizinflform":null,"bizcashinfl":2.2194900019E9,"labopayc":8.0770849047E8,"loansnetr":null,"tradepaymnetr":null,"paycompgold":null,"payintecash":null,"paydivicash":null,"payworkcash":2.8303683304E8,"paytax":7.2247851125E8,"payacticash":2.0398806145E8,"bizoutfitse":null,"bizoutfform":null,"bizcashoutf":2.01721189621E9,"biznetitse":null,"biznetform":null,"mananetr":2.0227810569E8,"withinvgetcash":null,"inveretugetcash":null,"fixedassetnetc":603940.5,"subsnetc":null,"receinvcash":9579831.66,"reducashpled":null,"invinflitse":null,"invinffrom":null,"invcashinfl":1.018377216E7,"acquassetcash":1.9154386007E8,"invpayc":null,"loannetr":null,"subspaynetcash":null,"payinvecash":null,"incrcashpled":null,"invoutfitse":null,"invoutfform":null,"invcashoutf":1.9154386007E8,"netinvitse":null,"netinvform":null,"invnetcashflow":-1.8136008791E8,"invrececash":null,"subsrececash":null,"recefromloan":null,"issbdrececash":null,"recefincash":null,"fininflitse":null,"fininflform":null,"fincashinfl":0.0,"debtpaycash":null,"diviprofpaycash":1.512E8,"subspaydivid":null,"finrelacash":801886.79,"finoutfitse":null,"finoutfform":null,"fincashoutf":1.5200188679E8,"finnetitse":null,"finnetform":null,"finnetcflow":-1.5200188679E8,"chgexchgchgs":null,"netcashitse":null,"netcashform":null,"cashnetr":-1.3108386901E8,"inicashbala":7.8080261509E8,"cashfinalitse":null,"cashfinalform":null,"finalcashbala":6.4971874608E8,"netprofit":null,"minysharrigh":null,"unreinveloss":null,"asseimpa":null,"assedepr":null,"realestadep":null,"intaasseamor":null,"longdefeexpenamor":null,"prepexpedecr":null,"accrexpeincr":null,"dispfixedassetloss":null,"fixedassescraloss":null,"valuechgloss":null,"defeincoincr":null,"estidebts":null,"finexpe":null,"inveloss":null,"defetaxassetdecr":null,"defetaxliabincr":null,"inveredu":null,"receredu":null,"payaincr":null,"unseparachg":null,"unfiparachg":null,"other":null,"biznetscheitse":null,"biznetscheform":null,"biznetcflow":null,"debtintocapi":null,"expiconvbd":null,"finfixedasset":null,"cashfinalbala":6.4971874608E8,"cashopenbala":7.8080261509E8,"equfinalbala":null,"equopenbala":null,"netcashscheitse":null,"netcashscheform":null,"cashneti":-1.3108386901E8},{"compcode":"80277843","publishdate":"20150819","begindate":"20140101","enddate":"20140630","reporttype":"100111","adjustdate":"20150819","accstacode":"2","accstaname":"新会计准则","laborgetcash":1.45440108152E9,"deponetr":null,"bankloannetincr":null,"fininstnetr":null,"inspremcash":null,"insnetc":null,"savinetr":null,"disptradnetincr":null,"charintecash":null,"fdsborrnetr":null,"repnetincr":null,"taxrefd":null,"receotherbizcash":1.897599852E7,"bizinflitse":null,"bizinflform":null,"bizcashinfl":1.47337708004E9,"labopayc":5.7414048221E8,"loansnetr":null,"tradepaymnetr":null,"paycompgold":null,"payintecash":null,"paydivicash":null,"payworkcash":1.9502838956E8,"paytax":5.7174508961E8,"payacticash":1.4019893644E8,"bizoutfitse":null,"bizoutfform":null,"bizcashoutf":1.48111289782E9,"biznetitse":null,"biznetform":null,"mananetr":-7735817.78,"withinvgetcash":null,"inveretugetcash":null,"fixedassetnetc":457261.95,"subsnetc":null,"receinvcash":6291263.37,"reducashpled":null,"invinflitse":null,"invinffrom":null,"invcashinfl":6748525.32,"acquassetcash":1.5046626169E8,"invpayc":null,"loannetr":null,"subspaynetcash":null,"payinvecash":null,"incrcashpled":null,"invoutfitse":null,"invoutfform":null,"invcashoutf":1.5046626169E8,"netinvitse":null,"netinvform":null,"invnetcashflow":-1.4371773637E8,"invrececash":null,"subsrececash":null,"recefromloan":null,"issbdrececash":null,"recefincash":null,"fininflitse":null,"fininflform":null,"fincashinfl":0.0,"debtpaycash":null,"diviprofpaycash":1.512E8,"subspaydivid":null,"finrelacash":801886.79,"finoutfitse":null,"finoutfform":null,"fincashoutf":1.5200188679E8,"finnetitse":null,"finnetform":null,"finnetcflow":-1.5200188679E8,"chgexchgchgs":null,"netcashitse":null,"netcashform":null,"cashnetr":-3.0345544094E8,"inicashbala":7.8080261509E8,"cashfinalitse":null,"cashfinalform":null,"finalcashbala":4.7734717415E8,"netprofit":null,"minysharrigh":null,"unreinveloss":null,"asseimpa":null,"assedepr":null,"realestadep":null,"intaasseamor":null,"longdefeexpenamor":null,"prepexpedecr":null,"accrexpeincr":null,"dispfixedassetloss":null,"fixedassescraloss":null,"valuechgloss":null,"defeincoincr":null,"estidebts":null,"finexpe":null,"inveloss":null,"defetaxassetdecr":null,"defetaxliabincr":null,"inveredu":null,"receredu":null,"payaincr":null,"unseparachg":null,"unfiparachg":null,"other":null,"biznetscheitse":null,"biznetscheform":null,"biznetcflow":null,"debtintocapi":null,"expiconvbd":null,"finfixedasset":null,"cashfinalbala":4.7734717415E8,"cashopenbala":7.8080261509E8,"equfinalbala":null,"equopenbala":null,"netcashscheitse":null,"netcashscheform":null,"cashneti":-3.0345544094E8},{"compcode":"80277843","publishdate":"20150511","begindate":"20130101","enddate":"20131231","reporttype":"100111","adjustdate":"20150511","accstacode":"2","accstaname":"新会计准则","laborgetcash":3.39725617524E9,"deponetr":null,"bankloannetincr":null,"fininstnetr":null,"inspremcash":null,"insnetc":null,"savinetr":null,"disptradnetincr":null,"charintecash":null,"fdsborrnetr":null,"repnetincr":null,"taxrefd":null,"receotherbizcash":4.162999695E7,"bizinflitse":null,"bizinflform":null,"bizcashinfl":3.43888617219E9,"labopayc":1.26970518375E9,"loansnetr":null,"tradepaymnetr":null,"paycompgold":null,"payintecash":null,"paydivicash":null,"payworkcash":3.7091863254E8,"paytax":9.9432866804E8,"payacticash":5.0501502921E8,"bizoutfitse":null,"bizoutfform":null,"bizcashoutf":3.13996751354E9,"biznetitse":null,"biznetform":null,"mananetr":2.9891865865E8,"withinvgetcash":null,"inveretugetcash":null,"fixedassetnetc":4358987.96,"subsnetc":null,"receinvcash":1.644999971E7,"reducashpled":null,"invinflitse":null,"invinffrom":null,"invcashinfl":2.080898767E7,"acquassetcash":3.2860152889E8,"invpayc":null,"loannetr":null,"subspaynetcash":null,"payinvecash":null,"incrcashpled":null,"invoutfitse":null,"invoutfform":null,"invcashoutf":3.2860152889E8,"netinvitse":null,"netinvform":null,"invnetcashflow":-3.0779254122E8,"invrececash":null,"subsrececash":null,"recefromloan":null,"issbdrececash":null,"recefincash":null,"fininflitse":null,"fininflform":null,"fincashinfl":0.0,"debtpaycash":null,"diviprofpaycash":1.8E8,"subspaydivid":null,"finrelacash":1839622.64,"finoutfitse":null,"finoutfform":null,"fincashoutf":1.8183962264E8,"finnetitse":null,"finnetform":null,"finnetcflow":-1.8183962264E8,"chgexchgchgs":null,"netcashitse":null,"netcashform":null,"cashnetr":-1.9071350521E8,"inicashbala":9.715161203E8,"cashfinalitse":null,"cashfinalform":null,"finalcashbala":7.8080261509E8,"netprofit":4.2224795426E8,"minysharrigh":null,"unreinveloss":null,"asseimpa":1391462.45,"assedepr":1.0196335568E8,"realestadep":null,"intaasseamor":2151819.75,"longdefeexpenamor":1298403.7,"prepexpedecr":null,"accrexpeincr":null,"dispfixedassetloss":1.402204184E7,"fixedassescraloss":null,"valuechgloss":null,"defeincoincr":null,"estidebts":null,"finexpe":-1.644999971E7,"inveloss":null,"defetaxassetdecr":-1.200347096E7,"defetaxliabincr":-103524.75,"inveredu":-6.367199038E7,"receredu":8.402945077E7,"payaincr":-2.35956844E8,"unseparachg":null,"unfiparachg":null,"other":null,"biznetscheitse":null,"biznetscheform":null,"biznetcflow":2.9891865865E8,"debtintocapi":null,"expiconvbd":null,"finfixedasset":null,"cashfinalbala":7.8080261509E8,"cashopenbala":9.715161203E8,"equfinalbala":null,"equopenbala":null,"netcashscheitse":null,"netcashscheform":null,"cashneti":-1.9071350521E8},{"compcode":"80277843","publishdate":"20150511","begindate":"20120101","enddate":"20121231","reporttype":"100111","adjustdate":"20150511","accstacode":"2","accstaname":"新会计准则","laborgetcash":3.87955711382E9,"deponetr":null,"bankloannetincr":null,"fininstnetr":null,"inspremcash":null,"insnetc":null,"savinetr":null,"disptradnetincr":null,"charintecash":null,"fdsborrnetr":null,"repnetincr":null,"taxrefd":null,"receotherbizcash":4.68501847E7,"bizinflitse":null,"bizinflform":null,"bizcashinfl":3.92640729852E9,"labopayc":1.50446268646E9,"loansnetr":null,"tradepaymnetr":null,"paycompgold":null,"payintecash":null,"paydivicash":null,"payworkcash":3.5333928916E8,"paytax":9.5750553236E8,"payacticash":4.8311707832E8,"bizoutfitse":null,"bizoutfform":null,"bizcashoutf":3.2984245863E9,"biznetitse":null,"biznetform":null,"mananetr":6.2798271222E8,"withinvgetcash":400000.0,"inveretugetcash":null,"fixedassetnetc":2572866.08,"subsnetc":1031398.58,"receinvcash":1.731420558E7,"reducashpled":null,"invinflitse":null,"invinffrom":null,"invcashinfl":2.131847024E7,"acquassetcash":3.800855466E8,"invpayc":null,"loannetr":null,"subspaynetcash":null,"payinvecash":null,"incrcashpled":null,"invoutfitse":null,"invoutfform":null,"invcashoutf":3.800855466E8,"netinvitse":null,"netinvform":null,"invnetcashflow":-3.5876707636E8,"invrececash":null,"subsrececash":null,"recefromloan":null,"issbdrececash":null,"recefincash":null,"fininflitse":null,"fininflform":null,"fincashinfl":0.0,"debtpaycash":null,"diviprofpaycash":1.8E8,"subspaydivid":null,"finrelacash":3997169.81,"finoutfitse":null,"finoutfform":null,"fincashoutf":1.8399716981E8,"finnetitse":null,"finnetform":null,"finnetcflow":-1.8399716981E8,"chgexchgchgs":null,"netcashitse":null,"netcashform":null,"cashnetr":8.521846605E7,"inicashbala":8.8629765425E8,"cashfinalitse":null,"cashfinalform":null,"finalcashbala":9.715161203E8,"netprofit":4.6594576664E8,"minysharrigh":null,"unreinveloss":null,"asseimpa":1956653.66,"assedepr":8.117513645E7,"realestadep":null,"intaasseamor":1863336.07,"longdefeexpenamor":1303319.85,"prepexpedecr":null,"accrexpeincr":null,"dispfixedassetloss":1.271408342E7,"fixedassescraloss":null,"valuechgloss":null,"defeincoincr":null,"estidebts":null,"finexpe":-1.731420558E7,"inveloss":null,"defetaxassetdecr":-1172519.34,"defetaxliabincr":-103524.75,"inveredu":-1.3026281219E8,"receredu":5.550671335E7,"payaincr":1.5637076464E8,"unseparachg":null,"unfiparachg":null,"other":null,"biznetscheitse":null,"biznetscheform":null,"biznetcflow":6.2798271222E8,"debtintocapi":null,"expiconvbd":null,"finfixedasset":null,"cashfinalbala":9.715161203E8,"cashopenbala":8.8629765425E8,"equfinalbala":null,"equopenbala":null,"netcashscheitse":null,"netcashscheform":null,"cashneti":8.521846605E7},{"compcode":"80277843","publishdate":"20140528","begindate":"20110101","enddate":"20111231","reporttype":"100111","adjustdate":"20140528","accstacode":"2","accstaname":"新会计准则","laborgetcash":3.25193385819E9,"deponetr":null,"bankloannetincr":null,"fininstnetr":null,"inspremcash":null,"insnetc":null,"savinetr":null,"disptradnetincr":null,"charintecash":null,"fdsborrnetr":null,"repnetincr":null,"taxrefd":null,"receotherbizcash":2.900807631E7,"bizinflitse":null,"bizinflform":null,"bizcashinfl":3.2809419345E9,"labopayc":1.26895767626E9,"loansnetr":null,"tradepaymnetr":null,"paycompgold":null,"payintecash":null,"paydivicash":null,"payworkcash":2.8993103537E8,"paytax":7.8289379388E8,"payacticash":4.2889625492E8,"bizoutfitse":-0.01,"bizoutfform":null,"bizcashoutf":2.77067876042E9,"biznetitse":-0.01,"biznetform":null,"mananetr":5.1026317407E8,"withinvgetcash":1.3195E7,"inveretugetcash":6878749.67,"fixedassetnetc":434684.7,"subsnetc":null,"receinvcash":2849744.24,"reducashpled":null,"invinflitse":null,"invinffrom":null,"invcashinfl":2.335817861E7,"acquassetcash":3.0328914383E8,"invpayc":1.1826E7,"loannetr":null,"subspaynetcash":null,"payinvecash":null,"incrcashpled":null,"invoutfitse":null,"invoutfform":null,"invcashoutf":3.1511514383E8,"netinvitse":null,"netinvform":null,"invnetcashflow":-2.9175696522E8,"invrececash":8.65166317E8,"subsrececash":null,"recefromloan":null,"issbdrececash":null,"recefincash":null,"fininflitse":null,"fininflform":null,"fincashinfl":8.65166317E8,"debtpaycash":null,"diviprofpaycash":4.6439021933E8,"subspaydivid":null,"finrelacash":1.242826265E8,"finoutfitse":null,"finoutfform":null,"fincashoutf":5.8867284583E8,"finnetitse":null,"finnetform":null,"finnetcflow":2.7649347117E8,"chgexchgchgs":null,"netcashitse":null,"netcashform":null,"cashnetr":4.9499968002E8,"inicashbala":3.9129797423E8,"cashfinalitse":null,"cashfinalform":null,"finalcashbala":8.8629765425E8,"netprofit":null,"minysharrigh":null,"unreinveloss":null,"asseimpa":null,"assedepr":null,"realestadep":null,"intaasseamor":null,"longdefeexpenamor":null,"prepexpedecr":null,"accrexpeincr":null,"dispfixedassetloss":null,"fixedassescraloss":null,"valuechgloss":null,"defeincoincr":null,"estidebts":null,"finexpe":null,"inveloss":null,"defetaxassetdecr":null,"defetaxliabincr":null,"inveredu":null,"receredu":null,"payaincr":null,"unseparachg":null,"unfiparachg":null,"other":null,"biznetscheitse":null,"biznetscheform":null,"biznetcflow":null,"debtintocapi":null,"expiconvbd":null,"finfixedasset":null,"cashfinalbala":8.8629765425E8,"cashopenbala":3.9129797423E8,"equfinalbala":null,"equopenbala":null,"netcashscheitse":null,"netcashscheform":null,"cashneti":4.9499968002E8}],"comptype":4,"name":"迎驾贡酒"}