{"SH603198":{"symbol":"SH603198","exchange":"SH","code":"603198","name":"迎驾贡酒","current":"15.44","percentage":"-0.52","change":"-0.08","open":"15.38","high":"15.52","low":"15.33","close":"15.44","last_close":"15.52","high52week":"23.2","low52week":"14.61","volume":"1563461.0","lot_volume":"15634.61","volumeAverage":"10269486","marketCapital":"1.2352E10","eps":"0.53","pe_ttm":"19.385","pe_lyr":"18.085","beta":"0.0","totalShares":"800000000","time":"Tue Mar 20 14:59:59 +0800 2018","afterHours":"0.0","afterHoursPct":"0.0","afterHoursChg":"0.0","updateAt":"1493006403814","dividend":"0.6","yield":"3.89","turnover_rate":"0.94%","instOwn":"0.0","rise_stop":"17.07","fall_stop":"13.97","currency_unit":"CNY","amount":"2.4082059E7","net_assets":"4.8623","hasexist":"","has_warrant":"0","type":"11","flag":"1","rest_day":"","amplitude":"1.22%","market_status":"已收盘","lot_size":"100","min_order_quantity":"0","max_order_quantity":"0","tick_size":"0.01","variable_tick_size":"","kzz_stock_symbol":"","kzz_stock_name":"","kzz_stock_current":"0.0","kzz_convert_price":"0.0","kzz_covert_value":"0.0","kzz_cpr":"0.0","kzz_putback_price":"0.0","kzz_convert_time":"","kzz_redempt_price":"0.0","kzz_straight_price":"0.0","kzz_stock_percent":"","pb":"3.18","benefit_before_tax":"0.0","benefit_after_tax":"0.0","convert_bond_ratio":"","totalissuescale":"","outstandingamt":"","maturitydate":"","remain_year":"","convertrate":"0.0","interestrtmemo":"","release_date":"","circulation":"0.0","par_value":"0.0","due_time":"0.0","value_date":"","due_date":"","publisher":"","redeem_type":"F","issue_type":"1","bond_type":"","warrant":"","sale_rrg":"","rate":"","after_hour_vol":"0","float_shares":"166400000","float_market_capital":"2.569216E9","disnext_pay_date":"","convert_rate":"0.0","volume_ratio":"0.98","percent5m":"0.0","pankou_ratio":"55.95%","psr":"4.0058"}}