{"SH603369": {"value_date": "", "kzz_convert_time": "", "code": "603369", "kzz_stock_name": "", "remain_year": "", "marketCapital": "1.9532565E10", "sale_rrg": "", "current": "15.57", "tick_size": "0.01", "fall_stop": "13.7", "outstandingamt": "", "after_hour_vol": "0", "kzz_covert_value": "0.0", "warrant": "", "due_date": "", "kzz_redempt_price": "0.0", "high52week": "17.97", "psr": "6.7659", "afterHoursPct": "0.0", "currency_unit": "CNY", "name": "\u4eca\u4e16\u7f18", "yield": "1.22", "lot_size": "100", "low52week": "11.13", "convert_bond_ratio": "", "rate": "", "close": "15.57", "turnover_rate": "1.10%", "afterHoursChg": "0.0", "kzz_stock_percent": "", "percent5m": "0.32", "volume_ratio": "0.87", "exchange": "SH", "last_close": "15.22", "redeem_type": "T", "dividend": "0.19", "lot_volume": "137386.11", "change": "0.35", "publisher": "", "kzz_convert_price": "0.0", "hasexist": "", "amount": "2.12375805E8", "issue_type": "1", "has_warrant": "0", "pankou_ratio": "-50.96%", "pe_lyr": "25.8997", "benefit_before_tax": "0.0", "convert_rate": "0.0", "afterHours": "0.0", "par_value": "0.0", "maturitydate": "", "open": "15.23", "convertrate": "0.0", "kzz_stock_symbol": "", "pb": "3.79", "kzz_stock_current": "0.0", "low": "15.13", "time": "Fri Nov 03 14:59:59 +0800 2017", "percentage": "2.3", "type": "11", "rise_stop": "16.74", "kzz_cpr": "0.0", "benefit_after_tax": "0.0", "net_assets": "4.1028", "volume": "1.3738611E7", "flag": "1", "updateAt": "1493006403709", "totalissuescale": "", "circulation": "0.0", "amplitude": "3.02%", "release_date": "", "kzz_straight_price": "0.0", "interestrtmemo": "", "float_market_capital": "1.9532565E10", "high": "15.59", "pe_ttm": "22.108", "market_status": "\u4f11\u5e02", "max_order_quantity": "0", "due_time": "0.0", "min_order_quantity": "0", "volumeAverage": "3868381", "bond_type": "", "symbol": "SH603369", "instOwn": "0.0", "rest_day": "", "beta": "0.0", "variable_tick_size": "", "eps": "0.62", "float_shares": "1254500000", "totalShares": "1254500000", "disnext_pay_date": "", "kzz_putback_price": "0.0"}}