{"list": [{"laborgetcash": 2579252582.48, "inveredu": null, "unreinveloss": null, "bizcashinfl": 2648979538.55, "diviprofpaycash": 237296607.21, "invcashoutf": 1985129209.67, "accrexpeincr": null, "subspaynetcash": null, "finrelacash": 150260114.97, "payworkcash": 173951704.67, "subspaydivid": null, "chgexchgchgs": 5.4, "finnetcflow": -378811043.57, "receotherbizcash": 69726956.07, "longdefeexpenamor": null, "acquassetcash": 194500164.15, "recefincash": 8745678.61, "inspremcash": null, "netcashform": null, "bizcashoutf": 1956921757.71, "fininstnetr": null, "invrececash": null, "defetaxassetdecr": null, "inicashbala": 994813721.9, "invcashinfl": 1895861591.47, "paydivicash": null, "netcashscheitse": null, "defeincoincr": null, "disptradnetincr": null, "mananetr": 692057780.84, "debtintocapi": null, "defetaxliabincr": null, "adjustdate": "20171027", "enddate": "20170930", "assedepr": null, "biznetscheitse": null, "biznetform": null, "equfinalbala": null, "finoutfitse": null, "cashfinalbala": 1218792846.37, "fixedassetnetc": 1200.0, "cashfinalitse": null, "payintecash": null, "unfiparachg": null, "loansnetr": null, "incrcashpled": null, "biznetcflow": null, "asseimpa": null, "reducashpled": null, "invinffrom": null, "netprofit": null, "minysharrigh": null, "equopenbala": null, "inveloss": null, "valuechgloss": null, "receinvcash": null, "bizoutfform": null, "biznetscheform": null, "finexpe": null, "intaasseamor": null, "taxrefd": null, "biznetitse": null, "finnetitse": null, "invinflitse": null, "subsnetc": null, "unseparachg": null, "finoutfform": null, "recefromloan": 150917611.0, "netinvitse": null, "estidebts": null, "payaincr": null, "fdsborrnetr": null, "realestadep": null, "reporttype": "100111", "dispfixedassetloss": null, "fininflitse": null, "finalcashbala": 1218792846.37, "cashfinalform": null, "invoutfitse": null, "netcashitse": null, "payinvecash": null, "fixedassescraloss": null, "savinetr": null, "subsrececash": null, "accstacode": "2", "fincashoutf": 538474333.18, "charintecash": null, "finfixedasset": null, "labopayc": 571484394.88, "expiconvbd": null, "paycompgold": null, "inveretugetcash": 59429968.18, "compcode": "80198461", "prepexpedecr": null, "repnetincr": null, "issbdrececash": null, "loannetr": null, "withinvgetcash": 1836430423.29, "invpayc": 1790629045.52, "debtpaycash": 150917611.0, "fincashinfl": 159663289.61, "cashopenbala": 994813721.9, "netcashscheform": null, "begindate": "20170101", "bizoutfitse": null, "bizinflitse": null, "insnetc": null, "bankloannetincr": null, "receredu": null, "publishdate": "20171027", "other": null, "deponetr": null, "paytax": 804383746.34, "bizinflform": null, "tradepaymnetr": null, "cashneti": 223979124.47, "accstaname": "\u65b0\u4f1a\u8ba1\u51c6\u5219", "cashnetr": 223979124.47, "invnetcashflow": -89267618.2, "netinvform": null, "finnetform": null, "payacticash": 407101911.82, "fininflform": null, "invoutfform": null}, {"laborgetcash": 1780687663.12, "inveredu": 30127558.01, "unreinveloss": null, "bizcashinfl": 1822385914.51, "diviprofpaycash": 237296607.21, "invcashoutf": 1673542967.07, "accrexpeincr": null, "subspaynetcash": null, "finrelacash": 150260114.97, "payworkcash": 122961819.13, "subspaydivid": null, "chgexchgchgs": 5.4, "finnetcflow": -279900928.45, "receotherbizcash": 41698251.39, "longdefeexpenamor": 6112423.74, "acquassetcash": 117913921.55, "recefincash": 7655593.73, "inspremcash": null, "netcashform": null, "bizcashoutf": 1348351889.37, "fininstnetr": null, "invrececash": null, "defetaxassetdecr": 6527891.86, "inicashbala": 994813721.9, "invcashinfl": 1409429551.72, "paydivicash": null, "netcashscheitse": null, "defeincoincr": null, "disptradnetincr": null, "mananetr": 474034025.14, "debtintocapi": null, "defetaxliabincr": -425000.0, "adjustdate": "20170731", "enddate": "20170630", "assedepr": 32653582.96, "biznetscheitse": null, "biznetform": null, "equfinalbala": 0.0, "finoutfitse": null, "cashfinalbala": 924833408.64, "fixedassetnetc": 1200.0, "cashfinalitse": null, "payintecash": null, "unfiparachg": null, "loansnetr": null, "incrcashpled": null, "biznetcflow": 474034025.14, "asseimpa": -90857.39, "reducashpled": null, "invinffrom": null, "netprofit": 649204027.63, "minysharrigh": null, "equopenbala": 0.0, "inveloss": -43665851.72, "valuechgloss": null, "receinvcash": null, "bizoutfform": null, "biznetscheform": null, "finexpe": -8085593.73, "intaasseamor": 13802898.9, "taxrefd": null, "biznetitse": null, "finnetitse": null, "invinflitse": null, "subsnetc": null, "unseparachg": null, "finoutfform": null, "recefromloan": 150878821.0, "netinvitse": null, "estidebts": null, "payaincr": -231941667.66, "fdsborrnetr": null, "realestadep": null, "reporttype": "100111", "dispfixedassetloss": -255811.55, "fininflitse": null, "finalcashbala": 924833408.64, "cashfinalform": null, "invoutfitse": null, "netcashitse": null, "payinvecash": null, "fixedassescraloss": null, "savinetr": null, "subsrececash": null, "accstacode": "2", "fincashoutf": 438435343.18, "charintecash": null, "finfixedasset": null, "labopayc": 413676530.36, "expiconvbd": null, "paycompgold": null, "inveretugetcash": 37378351.72, "compcode": "80198461", "prepexpedecr": null, "repnetincr": null, "issbdrececash": null, "loannetr": null, "withinvgetcash": 1372050000.0, "invpayc": 1555629045.52, "debtpaycash": 50878621.0, "fincashinfl": 158534414.73, "cashopenbala": 994813721.9, "netcashscheform": null, "begindate": "20170101", "bizoutfitse": null, "bizinflitse": null, "insnetc": null, "bankloannetincr": null, "receredu": 20070424.09, "publishdate": "20170731", "other": 0.0, "deponetr": null, "paytax": 550309998.37, "bizinflform": null, "tradepaymnetr": null, "cashneti": -69980313.26, "accstaname": "\u65b0\u4f1a\u8ba1\u51c6\u5219", "cashnetr": -69980313.26, "invnetcashflow": -264113415.35, "netinvform": null, "finnetform": null, "payacticash": 261403541.51, "fininflform": null, "invoutfform": null}, {"laborgetcash": 924646914.71, "inveredu": null, "unreinveloss": null, "bizcashinfl": 934687018.76, "diviprofpaycash": null, "invcashoutf": 1036431951.64, "accrexpeincr": null, "subspaynetcash": null, "finrelacash": 150000000.0, "payworkcash": 71477748.42, "subspaydivid": null, "chgexchgchgs": 100.03, "finnetcflow": -146038928.87, "receotherbizcash": 10040104.05, "longdefeexpenamor": null, "acquassetcash": 80802906.12, "recefincash": 3961071.13, "inspremcash": null, "netcashform": null, "bizcashoutf": 740560742.35, "fininstnetr": null, "invrececash": 0.0, "defetaxassetdecr": null, "inicashbala": 994813721.9, "invcashinfl": 852336621.67, "paydivicash": null, "netcashscheitse": null, "defeincoincr": null, "disptradnetincr": null, "mananetr": 194126276.41, "debtintocapi": null, "defetaxliabincr": null, "adjustdate": "20170426", "enddate": "20170331", "assedepr": null, "biznetscheitse": null, "biznetform": null, "equfinalbala": null, "finoutfitse": null, "cashfinalbala": 858805839.5, "fixedassetnetc": 1200.0, "cashfinalitse": null, "payintecash": null, "unfiparachg": null, "loansnetr": null, "incrcashpled": null, "biznetcflow": null, "asseimpa": null, "reducashpled": null, "invinffrom": null, "netprofit": null, "minysharrigh": null, "equopenbala": null, "inveloss": null, "valuechgloss": null, "receinvcash": null, "bizoutfform": null, "biznetscheform": null, "finexpe": null, "intaasseamor": null, "taxrefd": null, "biznetitse": null, "finnetitse": null, "invinflitse": null, "subsnetc": null, "unseparachg": null, "finoutfform": null, "recefromloan": null, "netinvitse": null, "estidebts": null, "payaincr": null, "fdsborrnetr": null, "realestadep": null, "reporttype": "100111", "dispfixedassetloss": null, "fininflitse": null, "finalcashbala": 858805839.5, "cashfinalform": null, "invoutfitse": null, "netcashitse": null, "payinvecash": null, "fixedassescraloss": null, "savinetr": null, "subsrececash": null, "accstacode": "2", "fincashoutf": 150000000.0, "charintecash": null, "finfixedasset": null, "labopayc": 204487866.19, "expiconvbd": null, "paycompgold": null, "inveretugetcash": 11285421.67, "compcode": "80198461", "prepexpedecr": null, "repnetincr": null, "issbdrececash": null, "loannetr": null, "withinvgetcash": 841050000.0, "invpayc": 955629045.52, "debtpaycash": null, "fincashinfl": 3961071.13, "cashopenbala": 994813721.9, "netcashscheform": null, "begindate": "20170101", "bizoutfitse": null, "bizinflitse": null, "insnetc": null, "bankloannetincr": null, "receredu": null, "publishdate": "20170426", "other": null, "deponetr": null, "paytax": 323519368.45, "bizinflform": null, "tradepaymnetr": null, "cashneti": -136007882.4, "accstaname": "\u65b0\u4f1a\u8ba1\u51c6\u5219", "cashnetr": -136007882.4, "invnetcashflow": -184095329.97, "netinvform": null, "finnetform": null, "payacticash": 141075759.29, "fininflform": null, "invoutfform": null}, {"laborgetcash": 3047564116.29, "inveredu": -131831625.68, "unreinveloss": null, "bizcashinfl": 3131290923.21, "diviprofpaycash": 205738008.33, "invcashoutf": 3232460387.73, "accrexpeincr": null, "subspaynetcash": null, "finrelacash": 3710074.05, "payworkcash": 223708224.67, "subspaydivid": null, "chgexchgchgs": -138.98, "finnetcflow": -352252873.18, "receotherbizcash": 83726806.92, "longdefeexpenamor": 1919552.08, "acquassetcash": 127213769.33, "recefincash": 157206743.2, "inspremcash": null, "netcashform": null, "bizcashoutf": 2206724661.91, "fininstnetr": null, "invrececash": null, "defetaxassetdecr": -27576774.16, "inicashbala": 1430222383.09, "invcashinfl": 2224738477.4, "paydivicash": null, "netcashscheitse": null, "defeincoincr": null, "disptradnetincr": null, "mananetr": 924566261.3, "debtintocapi": null, "defetaxliabincr": 10787500.0, "adjustdate": "20170401", "enddate": "20161231", "assedepr": 63784304.24, "biznetscheitse": null, "biznetform": null, "equfinalbala": null, "finoutfitse": null, "cashfinalbala": 994813721.9, "fixedassetnetc": 63610.0, "cashfinalitse": null, "payintecash": null, "unfiparachg": null, "loansnetr": null, "incrcashpled": null, "biznetcflow": 924566261.3, "asseimpa": 890086.86, "reducashpled": null, "invinffrom": null, "netprofit": 753456162.94, "minysharrigh": null, "equopenbala": null, "inveloss": -70684646.69, "valuechgloss": null, "receinvcash": null, "bizoutfform": null, "biznetscheform": null, "finexpe": 2263262.48, "intaasseamor": 26056882.42, "taxrefd": null, "biznetitse": null, "finnetitse": null, "invinflitse": null, "subsnetc": null, "unseparachg": null, "finoutfform": null, "recefromloan": 11321.0, "netinvitse": null, "estidebts": null, "payaincr": 304215928.96, "fdsborrnetr": null, "realestadep": null, "reporttype": "100111", "dispfixedassetloss": 449843.85, "fininflitse": null, "finalcashbala": 994813721.9, "cashfinalform": null, "invoutfitse": null, "netcashitse": null, "payinvecash": 85579.8, "fixedassescraloss": null, "savinetr": null, "subsrececash": null, "accstacode": "2", "fincashoutf": 509470937.38, "charintecash": null, "finfixedasset": null, "labopayc": 801123366.28, "expiconvbd": null, "paycompgold": null, "inveretugetcash": 71578494.9, "compcode": "80198461", "prepexpedecr": null, "repnetincr": null, "issbdrececash": null, "loannetr": null, "withinvgetcash": 2153096372.5, "invpayc": 3105161038.6, "debtpaycash": 300022855.0, "fincashinfl": 157218064.2, "cashopenbala": 1430222383.09, "netcashscheform": null, "begindate": "20160101", "bizoutfitse": null, "bizinflitse": null, "insnetc": null, "bankloannetincr": null, "receredu": -9164216.0, "publishdate": "20170401", "other": null, "deponetr": null, "paytax": 838352893.42, "bizinflform": null, "tradepaymnetr": null, "cashneti": -435408661.19, "accstaname": "\u65b0\u4f1a\u8ba1\u51c6\u5219", "cashnetr": -435408661.19, "invnetcashflow": -1007721910.33, "netinvform": null, "finnetform": null, "payacticash": 343540177.54, "fininflform": null, "invoutfform": null}, {"laborgetcash": 2187956438.6, "inveredu": null, "unreinveloss": null, "bizcashinfl": 2264279313.87, "diviprofpaycash": 205738000.0, "invcashoutf": 1818576056.13, "accrexpeincr": null, "subspaynetcash": null, "finrelacash": 17973328.2, "payworkcash": 170691810.45, "subspaydivid": null, "chgexchgchgs": 63.29, "finnetcflow": -369483331.02, "receotherbizcash": 76322875.27, "longdefeexpenamor": null, "acquassetcash": 69014817.53, "recefincash": 154227997.18, "inspremcash": null, "netcashform": null, "bizcashoutf": 1679734016.12, "fininstnetr": null, "invrececash": null, "defetaxassetdecr": null, "inicashbala": 1434222383.09, "invcashinfl": 1579633360.51, "paydivicash": null, "netcashscheitse": null, "defeincoincr": null, "disptradnetincr": null, "mananetr": 584545297.75, "debtintocapi": null, "defetaxliabincr": null, "adjustdate": "20161027", "enddate": "20160930", "assedepr": null, "biznetscheitse": null, "biznetform": null, "equfinalbala": null, "finoutfitse": null, "cashfinalbala": 1410341717.49, "fixedassetnetc": null, "cashfinalitse": null, "payintecash": null, "unfiparachg": null, "loansnetr": null, "incrcashpled": null, "biznetcflow": null, "asseimpa": null, "reducashpled": null, "invinffrom": null, "netprofit": null, "minysharrigh": null, "equopenbala": null, "inveloss": null, "valuechgloss": null, "receinvcash": null, "bizoutfform": null, "biznetscheform": null, "finexpe": null, "intaasseamor": null, "taxrefd": null, "biznetitse": null, "finnetitse": null, "invinflitse": null, "subsnetc": null, "unseparachg": null, "finoutfform": null, "recefromloan": null, "netinvitse": null, "estidebts": null, "payaincr": null, "fdsborrnetr": null, "realestadep": null, "reporttype": "100111", "dispfixedassetloss": null, "fininflitse": null, "finalcashbala": 1410341717.49, "cashfinalform": null, "invoutfitse": null, "netcashitse": null, "payinvecash": 500200.0, "fixedassescraloss": null, "savinetr": null, "subsrececash": null, "accstacode": "2", "fincashoutf": 523711328.2, "charintecash": null, "finfixedasset": null, "labopayc": 533153430.18, "expiconvbd": null, "paycompgold": null, "inveretugetcash": 54633360.51, "compcode": "80198461", "prepexpedecr": null, "repnetincr": null, "issbdrececash": null, "loannetr": null, "withinvgetcash": 1525000000.0, "invpayc": 1749061038.6, "debtpaycash": 300000000.0, "fincashinfl": 154227997.18, "cashopenbala": 1434222383.09, "netcashscheform": null, "begindate": "20160101", "bizoutfitse": null, "bizinflitse": null, "insnetc": null, "bankloannetincr": null, "receredu": null, "publishdate": "20161027", "other": null, "deponetr": null, "paytax": 633221283.13, "bizinflform": null, "tradepaymnetr": null, "cashneti": -23880665.6, "accstaname": "\u65b0\u4f1a\u8ba1\u51c6\u5219", "cashnetr": -23880665.6, "invnetcashflow": -238942695.62, "netinvform": null, "finnetform": null, "payacticash": 342667492.36, "fininflform": null, "invoutfform": null}, {"laborgetcash": 1522517252.45, "inveredu": -8854697.89, "unreinveloss": null, "bizcashinfl": 1557531004.95, "diviprofpaycash": 205738000.0, "invcashoutf": 1007897603.99, "accrexpeincr": null, "subspaynetcash": null, "finrelacash": 15710074.05, "payworkcash": 120208117.91, "subspaydivid": null, "chgexchgchgs": -4.01, "finnetcflow": -517335359.94, "receotherbizcash": 35013752.5, "longdefeexpenamor": 0.0, "acquassetcash": 34191341.99, "recefincash": 4112714.11, "inspremcash": null, "netcashform": null, "bizcashoutf": 1137858527.81, "fininstnetr": null, "invrececash": 0.0, "defetaxassetdecr": 3223714.64, "inicashbala": 1430222383.09, "invcashinfl": 1164916654.91, "paydivicash": null, "netcashscheitse": null, "defeincoincr": null, "disptradnetincr": null, "mananetr": 419672477.14, "debtintocapi": null, "defetaxliabincr": null, "adjustdate": "20160820", "enddate": "20160630", "assedepr": 31152258.92, "biznetscheitse": null, "biznetform": null, "equfinalbala": null, "finoutfitse": null, "cashfinalbala": 1489578547.2, "fixedassetnetc": 0.0, "cashfinalitse": null, "payintecash": null, "unfiparachg": null, "loansnetr": null, "incrcashpled": null, "biznetcflow": 419672477.14, "asseimpa": 95601.68, "reducashpled": null, "invinffrom": null, "netprofit": 530610919.91, "minysharrigh": null, "equopenbala": null, "inveloss": -6307841.1, "valuechgloss": null, "receinvcash": null, "bizoutfform": null, "biznetscheform": null, "finexpe": -4550973.01, "intaasseamor": 12751032.48, "taxrefd": null, "biznetitse": null, "finnetitse": null, "invinflitse": null, "subsnetc": null, "unseparachg": null, "finoutfform": null, "recefromloan": 0.0, "netinvitse": null, "estidebts": null, "payaincr": -175297365.49, "fdsborrnetr": null, "realestadep": null, "reporttype": "100111", "dispfixedassetloss": 68480.58, "fininflitse": null, "finalcashbala": 1489578547.2, "cashfinalform": null, "invoutfitse": 500200.0, "netcashitse": null, "payinvecash": null, "fixedassescraloss": null, "savinetr": null, "subsrececash": null, "accstacode": "2", "fincashoutf": 521448074.05, "charintecash": null, "finfixedasset": null, "labopayc": 387662979.3, "expiconvbd": null, "paycompgold": null, "inveretugetcash": 39916654.91, "compcode": "80198461", "prepexpedecr": null, "repnetincr": null, "issbdrececash": null, "loannetr": null, "withinvgetcash": 1125000000.0, "invpayc": 973206062.0, "debtpaycash": 300000000.0, "fincashinfl": 4112714.11, "cashopenbala": 1430222383.09, "netcashscheform": null, "begindate": "20160101", "bizoutfitse": null, "bizinflitse": null, "insnetc": null, "bankloannetincr": null, "receredu": 36781346.42, "publishdate": "20160820", "other": 0.0, "deponetr": null, "paytax": 426714772.26, "bizinflform": null, "tradepaymnetr": null, "cashneti": 59356164.11, "accstaname": "\u65b0\u4f1a\u8ba1\u51c6\u5219", "cashnetr": 59356164.11, "invnetcashflow": 157019050.92, "netinvform": null, "finnetform": null, "payacticash": 203272658.34, "fininflform": null, "invoutfform": null}, {"laborgetcash": 867165601.08, "inveredu": null, "unreinveloss": null, "bizcashinfl": 876251896.27, "diviprofpaycash": null, "invcashoutf": 319365574.49, "accrexpeincr": null, "subspaynetcash": null, "finrelacash": null, "payworkcash": 68605456.05, "subspaydivid": null, "chgexchgchgs": 105.57, "finnetcflow": 100807.62, "receotherbizcash": 9086295.19, "longdefeexpenamor": null, "acquassetcash": 15165574.49, "recefincash": 100807.62, "inspremcash": null, "netcashform": null, "bizcashoutf": 614901943.69, "fininstnetr": null, "invrececash": null, "defetaxassetdecr": null, "inicashbala": 1430222383.09, "invcashinfl": 309994509.87, "paydivicash": null, "netcashscheitse": null, "defeincoincr": null, "disptradnetincr": null, "mananetr": 261349952.58, "debtintocapi": null, "defetaxliabincr": null, "adjustdate": "20160426", "enddate": "20160331", "assedepr": null, "biznetscheitse": null, "biznetform": null, "equfinalbala": null, "finoutfitse": null, "cashfinalbala": 1682302184.24, "fixedassetnetc": null, "cashfinalitse": null, "payintecash": null, "unfiparachg": null, "loansnetr": null, "incrcashpled": null, "biznetcflow": null, "asseimpa": null, "reducashpled": null, "invinffrom": null, "netprofit": null, "minysharrigh": null, "equopenbala": null, "inveloss": null, "valuechgloss": null, "receinvcash": null, "bizoutfform": null, "biznetscheform": null, "finexpe": null, "intaasseamor": null, "taxrefd": null, "biznetitse": null, "finnetitse": null, "invinflitse": null, "subsnetc": null, "unseparachg": null, "finoutfform": null, "recefromloan": null, "netinvitse": null, "estidebts": null, "payaincr": null, "fdsborrnetr": null, "realestadep": null, "reporttype": "100111", "dispfixedassetloss": null, "fininflitse": null, "finalcashbala": 1682302184.24, "cashfinalform": null, "invoutfitse": null, "netcashitse": null, "payinvecash": null, "fixedassescraloss": null, "savinetr": null, "subsrececash": null, "accstacode": "2", "fincashoutf": 0.0, "charintecash": null, "finfixedasset": null, "labopayc": 174226002.55, "expiconvbd": null, "paycompgold": null, "inveretugetcash": 9994509.87, "compcode": "80198461", "prepexpedecr": null, "repnetincr": null, "issbdrececash": null, "loannetr": null, "withinvgetcash": 300000000.0, "invpayc": 304200000.0, "debtpaycash": null, "fincashinfl": 100807.62, "cashopenbala": 1430222383.09, "netcashscheform": null, "begindate": "20160101", "bizoutfitse": null, "bizinflitse": null, "insnetc": null, "bankloannetincr": null, "receredu": null, "publishdate": "20160426", "other": null, "deponetr": null, "paytax": 260717991.07, "bizinflform": null, "tradepaymnetr": null, "cashneti": 252079801.15, "accstaname": "\u65b0\u4f1a\u8ba1\u51c6\u5219", "cashnetr": 252079801.15, "invnetcashflow": -9371064.62, "netinvform": null, "finnetform": null, "payacticash": 111352494.02, "fininflform": null, "invoutfform": null}, {"laborgetcash": 2856919530.18, "inveredu": -127002003.2, "unreinveloss": null, "bizcashinfl": 2925497490.17, "diviprofpaycash": 195702050.57, "invcashoutf": 2149623934.94, "accrexpeincr": null, "subspaynetcash": null, "finrelacash": 4750000.0, "payworkcash": 208938527.86, "subspaydivid": null, "chgexchgchgs": 5419984.17, "finnetcflow": 121350286.61, "receotherbizcash": 68577959.99, "longdefeexpenamor": 47043.81, "acquassetcash": 112020760.28, "recefincash": 19590803.18, "inspremcash": null, "netcashform": null, "bizcashoutf": 2223282034.24, "fininstnetr": null, "invrececash": 2200000.0, "defetaxassetdecr": -26512990.62, "inicashbala": 1270753726.35, "invcashinfl": 1480106864.97, "paydivicash": null, "netcashscheitse": null, "defeincoincr": null, "disptradnetincr": null, "mananetr": 702215455.93, "debtintocapi": null, "defetaxliabincr": null, "adjustdate": "20160329", "enddate": "20151231", "assedepr": 57364557.18, "biznetscheitse": null, "biznetform": null, "equfinalbala": null, "finoutfitse": null, "cashfinalbala": 1430222383.09, "fixedassetnetc": 2100.0, "cashfinalitse": null, "payintecash": null, "unfiparachg": null, "loansnetr": null, "incrcashpled": null, "biznetcflow": 702215455.93, "asseimpa": 771124.22, "reducashpled": null, "invinffrom": null, "netprofit": 682514771.67, "minysharrigh": null, "equopenbala": null, "inveloss": -63934350.85, "valuechgloss": 201677.96, "receinvcash": 102646014.84, "bizoutfform": null, "biznetscheform": null, "finexpe": -1075329.72, "intaasseamor": 23860087.11, "taxrefd": null, "biznetitse": null, "finnetitse": null, "invinflitse": null, "subsnetc": 6641.85, "unseparachg": null, "finoutfform": null, "recefromloan": 300026992.0, "netinvitse": null, "estidebts": null, "payaincr": 122762505.69, "fdsborrnetr": null, "realestadep": null, "reporttype": "100111", "dispfixedassetloss": 745312.71, "fininflitse": null, "finalcashbala": 1430222383.09, "cashfinalform": null, "invoutfitse": null, "netcashitse": null, "payinvecash": 383174.66, "fixedassescraloss": null, "savinetr": null, "subsrececash": 2200000.0, "accstacode": "2", "fincashoutf": 200467508.57, "charintecash": null, "finfixedasset": null, "labopayc": 824016660.58, "expiconvbd": null, "paycompgold": null, "inveretugetcash": 65372108.28, "compcode": "80198461", "prepexpedecr": null, "repnetincr": null, "issbdrececash": null, "loannetr": null, "withinvgetcash": 1312080000.0, "invpayc": 2037220000.0, "debtpaycash": 15458.0, "fincashinfl": 321817795.18, "cashopenbala": 1270753726.35, "netcashscheform": null, "begindate": "20150101", "bizoutfitse": null, "bizinflitse": null, "insnetc": null, "bankloannetincr": null, "receredu": 32473049.97, "publishdate": "20160329", "other": null, "deponetr": null, "paytax": 817186460.14, "bizinflform": null, "tradepaymnetr": null, "cashneti": 159468656.74, "accstaname": "\u65b0\u4f1a\u8ba1\u51c6\u5219", "cashnetr": 159468656.74, "invnetcashflow": -669517069.97, "netinvform": null, "finnetform": null, "payacticash": 373140385.66, "fininflform": null, "invoutfform": null}, {"laborgetcash": 2008283397.5, "inveredu": null, "unreinveloss": null, "bizcashinfl": 2081100555.98, "diviprofpaycash": 195702000.0, "invcashoutf": 850584968.22, "accrexpeincr": null, "subspaynetcash": null, "finrelacash": 210259258.29, "payworkcash": 170103931.39, "subspaydivid": null, "chgexchgchgs": 3996450.46, "finnetcflow": 294526598.5, "receotherbizcash": 72817158.48, "longdefeexpenamor": null, "acquassetcash": 85444968.22, "recefincash": 700487896.14, "inspremcash": null, "netcashform": null, "bizcashoutf": 1633257634.29, "fininstnetr": null, "invrececash": null, "defetaxassetdecr": null, "inicashbala": 1270753726.35, "invcashinfl": 402100.0, "paydivicash": null, "netcashscheitse": null, "defeincoincr": null, "disptradnetincr": null, "mananetr": 447842921.69, "debtintocapi": null, "defetaxliabincr": null, "adjustdate": "20151027", "enddate": "20150930", "assedepr": null, "biznetscheitse": null, "biznetform": null, "equfinalbala": null, "finoutfitse": null, "cashfinalbala": 1166936828.78, "fixedassetnetc": 2100.0, "cashfinalitse": null, "payintecash": null, "unfiparachg": null, "loansnetr": null, "incrcashpled": null, "biznetcflow": null, "asseimpa": null, "reducashpled": null, "invinffrom": null, "netprofit": null, "minysharrigh": null, "equopenbala": null, "inveloss": null, "valuechgloss": null, "receinvcash": null, "bizoutfform": null, "biznetscheform": null, "finexpe": null, "intaasseamor": null, "taxrefd": null, "biznetitse": null, "finnetitse": null, "invinflitse": null, "subsnetc": null, "unseparachg": null, "finoutfform": null, "recefromloan": 8680.0, "netinvitse": null, "estidebts": null, "payaincr": null, "fdsborrnetr": null, "realestadep": null, "reporttype": "100111", "dispfixedassetloss": null, "fininflitse": null, "finalcashbala": 1166936828.78, "cashfinalform": null, "invoutfitse": null, "netcashitse": null, "payinvecash": null, "fixedassescraloss": null, "savinetr": null, "subsrececash": null, "accstacode": "2", "fincashoutf": 405969977.64, "charintecash": null, "finfixedasset": null, "labopayc": 502896007.84, "expiconvbd": null, "paycompgold": null, "inveretugetcash": 400000.0, "compcode": "80198461", "prepexpedecr": null, "repnetincr": null, "issbdrececash": null, "loannetr": null, "withinvgetcash": null, "invpayc": 765140000.0, "debtpaycash": 8719.35, "fincashinfl": 700496576.14, "cashopenbala": 1270753726.35, "netcashscheform": null, "begindate": "20150101", "bizoutfitse": null, "bizinflitse": null, "insnetc": null, "bankloannetincr": null, "receredu": null, "publishdate": "20151027", "other": null, "deponetr": null, "paytax": 645801348.14, "bizinflform": null, "tradepaymnetr": null, "cashneti": -103816897.57, "accstaname": "\u65b0\u4f1a\u8ba1\u51c6\u5219", "cashnetr": -103816897.57, "invnetcashflow": -850182868.22, "netinvform": null, "finnetform": null, "payacticash": 314456346.92, "fininflform": null, "invoutfform": null}, {"laborgetcash": 1381571917.12, "inveredu": -1101544.38, "unreinveloss": null, "bizcashinfl": 1412069857.19, "diviprofpaycash": 195702000.0, "invcashoutf": 490592644.16, "accrexpeincr": null, "subspaynetcash": null, "finrelacash": 210259258.29, "payworkcash": 118055942.58, "subspaydivid": null, "chgexchgchgs": -87124.88, "finnetcflow": 294526637.85, "receotherbizcash": 30497940.07, "longdefeexpenamor": 0.0, "acquassetcash": 55552644.16, "recefincash": 700487896.14, "inspremcash": null, "netcashform": null, "bizcashoutf": 1135862656.13, "fininstnetr": null, "invrececash": null, "defetaxassetdecr": 787874.95, "inicashbala": 1270753726.35, "invcashinfl": 401400.0, "paydivicash": null, "netcashscheitse": null, "defeincoincr": null, "disptradnetincr": null, "mananetr": 276207201.06, "debtintocapi": null, "defetaxliabincr": 367053.89, "adjustdate": "20150825", "enddate": "20150630", "assedepr": 27471992.46, "biznetscheitse": null, "biznetform": null, "equfinalbala": 0.0, "finoutfitse": null, "cashfinalbala": 1351209196.22, "fixedassetnetc": 1400.0, "cashfinalitse": null, "payintecash": null, "unfiparachg": null, "loansnetr": null, "incrcashpled": null, "biznetcflow": 276207201.06, "asseimpa": 1237230.53, "reducashpled": null, "invinffrom": null, "netprofit": 466884371.79, "minysharrigh": null, "equopenbala": 0.0, "inveloss": -13460000.0, "valuechgloss": -1266537.59, "receinvcash": null, "bizoutfform": null, "biznetscheform": null, "finexpe": -14443755.34, "intaasseamor": 11373749.04, "taxrefd": null, "biznetitse": null, "finnetitse": null, "invinflitse": null, "subsnetc": null, "unseparachg": null, "finoutfform": null, "recefromloan": null, "netinvitse": null, "estidebts": null, "payaincr": -226559355.4, "fdsborrnetr": null, "realestadep": null, "reporttype": "100111", "dispfixedassetloss": 19249.28, "fininflitse": null, "finalcashbala": 1351209196.22, "cashfinalform": null, "invoutfitse": null, "netcashitse": null, "payinvecash": null, "fixedassescraloss": null, "savinetr": null, "subsrececash": null, "accstacode": "2", "fincashoutf": 405961258.29, "charintecash": null, "finfixedasset": null, "labopayc": 379426671.86, "expiconvbd": null, "paycompgold": null, "inveretugetcash": 400000.0, "compcode": "80198461", "prepexpedecr": null, "repnetincr": null, "issbdrececash": null, "loannetr": null, "withinvgetcash": null, "invpayc": 435040000.0, "debtpaycash": null, "fincashinfl": 700487896.14, "cashopenbala": 1270753726.35, "netcashscheform": null, "begindate": "20150101", "bizoutfitse": null, "bizinflitse": null, "insnetc": null, "bankloannetincr": null, "receredu": 24896871.83, "publishdate": "20150825", "other": 0.0, "deponetr": null, "paytax": 446393134.63, "bizinflform": null, "tradepaymnetr": null, "cashneti": 80455469.87, "accstaname": "\u65b0\u4f1a\u8ba1\u51c6\u5219", "cashnetr": 80455469.87, "invnetcashflow": -490191244.16, "netinvform": null, "finnetform": null, "payacticash": 191986907.06, "fininflform": null, "invoutfform": null}, {"laborgetcash": 826907391.53, "inveredu": null, "unreinveloss": null, "bizcashinfl": 834403843.68, "diviprofpaycash": null, "invcashoutf": 124455020.88, "accrexpeincr": null, "subspaynetcash": null, "finrelacash": null, "payworkcash": 66397939.87, "subspaydivid": null, "chgexchgchgs": 374314.29, "finnetcflow": 8558.84, "receotherbizcash": 7496452.15, "longdefeexpenamor": null, "acquassetcash": 18455020.88, "recefincash": 8558.84, "inspremcash": null, "netcashform": null, "bizcashoutf": 610696443.75, "fininstnetr": null, "invrececash": null, "defetaxassetdecr": null, "inicashbala": 1270753726.35, "invcashinfl": 1400.0, "paydivicash": null, "netcashscheitse": null, "defeincoincr": null, "disptradnetincr": null, "mananetr": 223707399.93, "debtintocapi": null, "defetaxliabincr": null, "adjustdate": "20150430", "enddate": "20150331", "assedepr": null, "biznetscheitse": null, "biznetform": null, "equfinalbala": null, "finoutfitse": null, "cashfinalbala": 1370390378.53, "fixedassetnetc": 1400.0, "cashfinalitse": null, "payintecash": null, "unfiparachg": null, "loansnetr": null, "incrcashpled": null, "biznetcflow": null, "asseimpa": null, "reducashpled": null, "invinffrom": null, "netprofit": null, "minysharrigh": null, "equopenbala": null, "inveloss": null, "valuechgloss": null, "receinvcash": null, "bizoutfform": null, "biznetscheform": null, "finexpe": null, "intaasseamor": null, "taxrefd": null, "biznetitse": null, "finnetitse": null, "invinflitse": null, "subsnetc": null, "unseparachg": null, "finoutfform": null, "recefromloan": null, "netinvitse": null, "estidebts": null, "payaincr": null, "fdsborrnetr": null, "realestadep": null, "reporttype": "100111", "dispfixedassetloss": null, "fininflitse": null, "finalcashbala": 1370390378.53, "cashfinalform": null, "invoutfitse": null, "netcashitse": null, "payinvecash": null, "fixedassescraloss": null, "savinetr": null, "subsrececash": null, "accstacode": "2", "fincashoutf": 0.0, "charintecash": null, "finfixedasset": null, "labopayc": 176939887.22, "expiconvbd": null, "paycompgold": null, "inveretugetcash": null, "compcode": "80198461", "prepexpedecr": null, "repnetincr": null, "issbdrececash": null, "loannetr": null, "withinvgetcash": null, "invpayc": 106000000.0, "debtpaycash": null, "fincashinfl": 8558.84, "cashopenbala": 1270753726.35, "netcashscheform": null, "begindate": "20150101", "bizoutfitse": null, "bizinflitse": null, "insnetc": null, "bankloannetincr": null, "receredu": null, "publishdate": "20150430", "other": null, "deponetr": null, "paytax": 251461894.56, "bizinflform": null, "tradepaymnetr": null, "cashneti": 99636652.18, "accstaname": "\u65b0\u4f1a\u8ba1\u51c6\u5219", "cashnetr": 99636652.18, "invnetcashflow": -124453620.88, "netinvform": null, "finnetform": null, "payacticash": 115896722.1, "fininflform": null, "invoutfform": null}, {"laborgetcash": 2699584805.36, "inveredu": -110267511.65, "unreinveloss": null, "bizcashinfl": 2738030441.45, "diviprofpaycash": 207000000.0, "invcashoutf": 973181536.05, "accrexpeincr": null, "subspaynetcash": null, "finrelacash": 7691427.2, "payworkcash": 208900698.8, "subspaydivid": null, "chgexchgchgs": -1274604.71, "finnetcflow": 636813723.89, "receotherbizcash": 38445636.09, "longdefeexpenamor": 6404.36, "acquassetcash": 68196140.76, "recefincash": 17160111.09, "inspremcash": null, "netcashform": null, "bizcashoutf": 2264770316.28, "fininstnetr": null, "invrececash": 834345040.0, "defetaxassetdecr": -5396907.13, "inicashbala": 1127898696.7, "invcashinfl": 7237321.35, "paydivicash": null, "netcashscheitse": null, "defeincoincr": null, "disptradnetincr": null, "mananetr": 473260125.17, "debtintocapi": null, "defetaxliabincr": null, "adjustdate": "20150403", "enddate": "20141231", "assedepr": 49866942.73, "biznetscheitse": null, "biznetform": null, "equfinalbala": null, "finoutfitse": null, "cashfinalbala": 1270753726.35, "fixedassetnetc": 116978.03, "cashfinalitse": null, "payintecash": null, "unfiparachg": null, "loansnetr": null, "incrcashpled": null, "biznetcflow": 473260125.17, "asseimpa": 741527.45, "reducashpled": null, "invinffrom": null, "netprofit": 642066223.76, "minysharrigh": null, "equopenbala": null, "inveloss": -725744.02, "valuechgloss": -201677.96, "receinvcash": null, "bizoutfform": null, "biznetscheform": null, "finexpe": -885506.38, "intaasseamor": 22652207.31, "taxrefd": null, "biznetitse": null, "finnetitse": null, "invinflitse": null, "subsnetc": null, "unseparachg": null, "finoutfform": null, "recefromloan": null, "netinvitse": null, "estidebts": null, "payaincr": -130504122.64, "fdsborrnetr": null, "realestadep": null, "reporttype": "100111", "dispfixedassetloss": 87023.05, "fininflitse": null, "finalcashbala": 1270753726.35, "cashfinalform": null, "invoutfitse": null, "netcashitse": null, "payinvecash": 98725395.29, "fixedassescraloss": null, "savinetr": null, "subsrececash": 8450000.0, "accstacode": "2", "fincashoutf": 214691427.2, "charintecash": null, "finfixedasset": null, "labopayc": 811791885.08, "expiconvbd": null, "paycompgold": null, "inveretugetcash": 860343.32, "compcode": "80198461", "prepexpedecr": null, "repnetincr": null, "issbdrececash": null, "loannetr": null, "withinvgetcash": 6260000.0, "invpayc": 806260000.0, "debtpaycash": null, "fincashinfl": 851505151.09, "cashopenbala": 1127898696.7, "netcashscheform": null, "begindate": "20140101", "bizoutfitse": null, "bizinflitse": null, "insnetc": null, "bankloannetincr": null, "receredu": 5821266.29, "publishdate": "20150403", "other": null, "deponetr": null, "paytax": 775891638.11, "bizinflform": null, "tradepaymnetr": null, "cashneti": 142855029.65, "accstaname": "\u65b0\u4f1a\u8ba1\u51c6\u5219", "cashnetr": 142855029.65, "invnetcashflow": -965944214.7, "netinvform": null, "finnetform": null, "payacticash": 468186094.29, "fininflform": null, "invoutfform": null}, {"laborgetcash": 1907936149.04, "inveredu": null, "unreinveloss": null, "bizcashinfl": 1981458758.29, "diviprofpaycash": 207000000.0, "invcashoutf": 62877410.05, "accrexpeincr": null, "subspaynetcash": null, "finrelacash": 6994427.2, "payworkcash": 161656378.93, "subspaydivid": null, "chgexchgchgs": null, "finnetcflow": 619850612.8, "receotherbizcash": 73522609.25, "longdefeexpenamor": null, "acquassetcash": 62877410.05, "recefincash": null, "inspremcash": null, "netcashform": null, "bizcashoutf": 1669993141.02, "fininstnetr": null, "invrececash": 833845040.0, "defetaxassetdecr": null, "inicashbala": 1142898696.7, "invcashinfl": 96948.51, "paydivicash": null, "netcashscheitse": null, "defeincoincr": null, "disptradnetincr": null, "mananetr": 311465617.27, "debtintocapi": null, "defetaxliabincr": null, "adjustdate": "20141021", "enddate": "20140930", "assedepr": null, "biznetscheitse": null, "biznetform": null, "equfinalbala": null, "finoutfitse": null, "cashfinalbala": 2011434465.23, "fixedassetnetc": 96948.51, "cashfinalitse": null, "payintecash": null, "unfiparachg": null, "loansnetr": null, "incrcashpled": null, "biznetcflow": null, "asseimpa": null, "reducashpled": null, "invinffrom": null, "netprofit": null, "minysharrigh": null, "equopenbala": null, "inveloss": null, "valuechgloss": null, "receinvcash": null, "bizoutfform": null, "biznetscheform": null, "finexpe": null, "intaasseamor": null, "taxrefd": null, "biznetitse": null, "finnetitse": null, "invinflitse": null, "subsnetc": null, "unseparachg": null, "finoutfform": null, "recefromloan": null, "netinvitse": null, "estidebts": null, "payaincr": null, "fdsborrnetr": null, "realestadep": null, "reporttype": "100111", "dispfixedassetloss": null, "fininflitse": null, "finalcashbala": 2011434465.23, "cashfinalform": null, "invoutfitse": null, "netcashitse": null, "payinvecash": null, "fixedassescraloss": null, "savinetr": null, "subsrececash": 7950000.0, "accstacode": "2", "fincashoutf": 213994427.2, "charintecash": null, "finfixedasset": null, "labopayc": 524835650.11, "expiconvbd": null, "paycompgold": null, "inveretugetcash": null, "compcode": "80198461", "prepexpedecr": null, "repnetincr": null, "issbdrececash": null, "loannetr": null, "withinvgetcash": null, "invpayc": null, "debtpaycash": null, "fincashinfl": 833845040.0, "cashopenbala": 1142898696.7, "netcashscheform": null, "begindate": "20140101", "bizoutfitse": null, "bizinflitse": null, "insnetc": null, "bankloannetincr": null, "receredu": null, "publishdate": "20141021", "other": null, "deponetr": null, "paytax": 617695091.53, "bizinflform": null, "tradepaymnetr": null, "cashneti": 868535768.53, "accstaname": "\u65b0\u4f1a\u8ba1\u51c6\u5219", "cashnetr": 868535768.53, "invnetcashflow": -62780461.54, "netinvform": null, "finnetform": null, "payacticash": 365806020.45, "fininflform": null, "invoutfform": null}, {"laborgetcash": 1254689800.36, "inveredu": 18132340.5, "unreinveloss": null, "bizcashinfl": 1288564172.41, "diviprofpaycash": 207000000.0, "invcashoutf": 31350164.54, "accrexpeincr": null, "subspaynetcash": null, "finrelacash": 1761427.2, "payworkcash": 123790577.01, "subspaydivid": null, "chgexchgchgs": null, "finnetcflow": 636583612.8, "receotherbizcash": 33874372.05, "longdefeexpenamor": 163500.0, "acquassetcash": 31350164.54, "recefincash": 15000000.0, "inspremcash": null, "netcashform": null, "bizcashoutf": 1157715386.71, "fininstnetr": null, "invrececash": 830345040.0, "defetaxassetdecr": 3383158.35, "inicashbala": 1127898696.7, "invcashinfl": 31748.51, "paydivicash": null, "netcashscheitse": null, "defeincoincr": null, "disptradnetincr": null, "mananetr": 130848785.7, "debtintocapi": null, "defetaxliabincr": null, "adjustdate": "20140807", "enddate": "20140630", "assedepr": 24352870.58, "biznetscheitse": null, "biznetform": null, "equfinalbala": null, "finoutfitse": null, "cashfinalbala": 1864012679.17, "fixedassetnetc": 31748.51, "cashfinalitse": null, "payintecash": null, "unfiparachg": null, "loansnetr": null, "incrcashpled": null, "biznetcflow": 130848785.7, "asseimpa": 1000735.39, "reducashpled": null, "invinffrom": null, "netprofit": 457548989.94, "minysharrigh": null, "equopenbala": null, "inveloss": null, "valuechgloss": null, "receinvcash": null, "bizoutfform": null, "biznetscheform": null, "finexpe": null, "intaasseamor": 11290703.86, "taxrefd": null, "biznetitse": null, "finnetitse": null, "invinflitse": null, "subsnetc": null, "unseparachg": null, "finoutfform": null, "recefromloan": null, "netinvitse": null, "estidebts": null, "payaincr": -333525938.76, "fdsborrnetr": null, "realestadep": null, "reporttype": "100111", "dispfixedassetloss": 12026.37, "fininflitse": null, "finalcashbala": 1864012679.17, "cashfinalform": null, "invoutfitse": null, "netcashitse": null, "payinvecash": null, "fixedassescraloss": null, "savinetr": null, "subsrececash": null, "accstacode": "2", "fincashoutf": 208761427.2, "charintecash": null, "finfixedasset": null, "labopayc": 375347901.49, "expiconvbd": null, "paycompgold": null, "inveretugetcash": null, "compcode": "80198461", "prepexpedecr": null, "repnetincr": null, "issbdrececash": null, "loannetr": null, "withinvgetcash": null, "invpayc": null, "debtpaycash": null, "fincashinfl": 845345040.0, "cashopenbala": 1127898696.7, "netcashscheform": null, "begindate": "20140101", "bizoutfitse": -0.01, "bizinflitse": null, "insnetc": null, "bankloannetincr": null, "receredu": -51509600.53, "publishdate": "20140807", "other": null, "deponetr": null, "paytax": 457088216.91, "bizinflform": null, "tradepaymnetr": null, "cashneti": 736113982.47, "accstaname": "\u65b0\u4f1a\u8ba1\u51c6\u5219", "cashnetr": 736113982.47, "invnetcashflow": -31318416.03, "netinvform": null, "finnetform": null, "payacticash": 201488691.31, "fininflform": null, "invoutfform": null}, {"laborgetcash": null, "inveredu": null, "unreinveloss": null, "bizcashinfl": null, "diviprofpaycash": null, "invcashoutf": null, "accrexpeincr": null, "subspaynetcash": null, "finrelacash": null, "payworkcash": null, "subspaydivid": null, "chgexchgchgs": null, "finnetcflow": null, "receotherbizcash": null, "longdefeexpenamor": null, "acquassetcash": null, "recefincash": null, "inspremcash": null, "netcashform": null, "bizcashoutf": null, "fininstnetr": null, "invrececash": null, "defetaxassetdecr": null, "inicashbala": null, "invcashinfl": null, "paydivicash": null, "netcashscheitse": null, "defeincoincr": null, "disptradnetincr": null, "mananetr": 5171700.0, "debtintocapi": null, "defetaxliabincr": null, "adjustdate": "20140611", "enddate": "20140331", "assedepr": null, "biznetscheitse": null, "biznetform": null, "equfinalbala": null, "finoutfitse": null, "cashfinalbala": null, "fixedassetnetc": null, "cashfinalitse": null, "payintecash": null, "unfiparachg": null, "loansnetr": null, "incrcashpled": null, "biznetcflow": null, "asseimpa": null, "reducashpled": null, "invinffrom": null, "netprofit": null, "minysharrigh": null, "equopenbala": null, "inveloss": null, "valuechgloss": null, "receinvcash": null, "bizoutfform": null, "biznetscheform": null, "finexpe": null, "intaasseamor": null, "taxrefd": null, "biznetitse": null, "finnetitse": null, "invinflitse": null, "subsnetc": null, "unseparachg": null, "finoutfform": null, "recefromloan": null, "netinvitse": null, "estidebts": null, "payaincr": null, "fdsborrnetr": null, "realestadep": null, "reporttype": "100111", "dispfixedassetloss": null, "fininflitse": null, "finalcashbala": null, "cashfinalform": null, "invoutfitse": null, "netcashitse": null, "payinvecash": null, "fixedassescraloss": null, "savinetr": null, "subsrececash": null, "accstacode": "2", "fincashoutf": null, "charintecash": null, "finfixedasset": null, "labopayc": null, "expiconvbd": null, "paycompgold": null, "inveretugetcash": null, "compcode": "80198461", "prepexpedecr": null, "repnetincr": null, "issbdrececash": null, "loannetr": null, "withinvgetcash": null, "invpayc": null, "debtpaycash": null, "fincashinfl": null, "cashopenbala": null, "netcashscheform": null, "begindate": "20140101", "bizoutfitse": null, "bizinflitse": null, "insnetc": null, "bankloannetincr": null, "receredu": null, "publishdate": "20140611", "other": null, "deponetr": null, "paytax": null, "bizinflform": null, "tradepaymnetr": null, "cashneti": null, "accstaname": "\u65b0\u4f1a\u8ba1\u51c6\u5219", "cashnetr": null, "invnetcashflow": null, "netinvform": null, "finnetform": null, "payacticash": null, "fininflform": null, "invoutfform": null}, {"laborgetcash": 2995492935.91, "inveredu": -185861193.24, "unreinveloss": null, "bizcashinfl": 3042295220.96, "diviprofpaycash": 207000000.0, "invcashoutf": 137010846.9, "accrexpeincr": null, "subspaynetcash": null, "finrelacash": 15000000.0, "payworkcash": 190225219.08, "subspaydivid": null, "chgexchgchgs": null, "finnetcflow": -200250000.0, "receotherbizcash": 46802285.05, "longdefeexpenamor": 823894.5, "acquassetcash": 137010846.9, "recefincash": 15000000.0, "inspremcash": null, "netcashform": null, "bizcashoutf": 2547052942.74, "fininstnetr": null, "invrececash": 6750000.0, "defetaxassetdecr": -4371012.17, "inicashbala": 969013021.07, "invcashinfl": 904244.31, "paydivicash": null, "netcashscheitse": null, "defeincoincr": null, "disptradnetincr": null, "mananetr": 495242278.22, "debtintocapi": null, "defetaxliabincr": null, "adjustdate": "20140611", "enddate": "20131231", "assedepr": 46367097.61, "biznetscheitse": null, "biznetform": null, "equfinalbala": null, "finoutfitse": null, "cashfinalbala": 1127898696.7, "fixedassetnetc": 504244.31, "cashfinalitse": null, "payintecash": null, "unfiparachg": null, "loansnetr": null, "incrcashpled": null, "biznetcflow": 495242278.22, "asseimpa": -131814.14, "reducashpled": null, "invinffrom": null, "netprofit": 680110305.21, "minysharrigh": null, "equopenbala": null, "inveloss": -400000.0, "valuechgloss": null, "receinvcash": null, "bizoutfform": null, "biznetscheform": null, "finexpe": null, "intaasseamor": 21692051.69, "taxrefd": null, "biznetitse": null, "finnetitse": null, "invinflitse": null, "subsnetc": null, "unseparachg": null, "finoutfform": null, "recefromloan": null, "netinvitse": null, "estidebts": null, "payaincr": -60414249.57, "fdsborrnetr": null, "realestadep": null, "reporttype": "100111", "dispfixedassetloss": 687084.62, "fininflitse": null, "finalcashbala": 1127898696.7, "cashfinalform": null, "invoutfitse": null, "netcashitse": null, "payinvecash": null, "fixedassescraloss": null, "savinetr": null, "subsrececash": 6750000.0, "accstacode": "2", "fincashoutf": 222000000.0, "charintecash": null, "finfixedasset": null, "labopayc": 935090117.58, "expiconvbd": null, "paycompgold": null, "inveretugetcash": 400000.0, "compcode": "80198461", "prepexpedecr": null, "repnetincr": null, "issbdrececash": null, "loannetr": null, "withinvgetcash": null, "invpayc": null, "debtpaycash": null, "fincashinfl": 21750000.0, "cashopenbala": 969013021.07, "netcashscheform": null, "begindate": "20130101", "bizoutfitse": null, "bizinflitse": null, "insnetc": null, "bankloannetincr": null, "receredu": -3259886.29, "publishdate": "20140611", "other": null, "deponetr": null, "paytax": 860327761.98, "bizinflform": null, "tradepaymnetr": null, "cashneti": 158885675.63, "accstaname": "\u65b0\u4f1a\u8ba1\u51c6\u5219", "cashnetr": 158885675.63, "invnetcashflow": -136106602.59, "netinvform": null, "finnetform": null, "payacticash": 561409844.1, "fininflform": null, "invoutfform": null}, {"laborgetcash": 2222000391.14, "inveredu": null, "unreinveloss": null, "bizcashinfl": 2256335424.15, "diviprofpaycash": 207000000.0, "invcashoutf": 64460868.08, "accrexpeincr": null, "subspaynetcash": null, "finrelacash": null, "payworkcash": 148995331.75, "subspaydivid": null, "chgexchgchgs": null, "finnetcflow": -200250000.0, "receotherbizcash": 34335033.01, "longdefeexpenamor": null, "acquassetcash": 64460868.08, "recefincash": null, "inspremcash": null, "netcashform": null, "bizcashoutf": 1921591010.19, "fininstnetr": null, "invrececash": 6750000.0, "defetaxassetdecr": null, "inicashbala": 984013021.07, "invcashinfl": 477584.0, "paydivicash": null, "netcashscheitse": null, "defeincoincr": null, "disptradnetincr": null, "mananetr": 334744413.96, "debtintocapi": null, "defetaxliabincr": null, "adjustdate": "20141021", "enddate": "20130930", "assedepr": null, "biznetscheitse": null, "biznetform": null, "equfinalbala": null, "finoutfitse": null, "cashfinalbala": 1054524150.95, "fixedassetnetc": 477584.0, "cashfinalitse": null, "payintecash": null, "unfiparachg": null, "loansnetr": null, "incrcashpled": null, "biznetcflow": null, "asseimpa": null, "reducashpled": null, "invinffrom": null, "netprofit": null, "minysharrigh": null, "equopenbala": null, "inveloss": null, "valuechgloss": null, "receinvcash": null, "bizoutfform": null, "biznetscheform": null, "finexpe": null, "intaasseamor": null, "taxrefd": null, "biznetitse": null, "finnetitse": null, "invinflitse": null, "subsnetc": null, "unseparachg": null, "finoutfform": null, "recefromloan": null, "netinvitse": null, "estidebts": null, "payaincr": null, "fdsborrnetr": null, "realestadep": null, "reporttype": "100111", "dispfixedassetloss": null, "fininflitse": null, "finalcashbala": 1054524150.95, "cashfinalform": null, "invoutfitse": null, "netcashitse": null, "payinvecash": null, "fixedassescraloss": null, "savinetr": null, "subsrececash": 6750000.0, "accstacode": "2", "fincashoutf": 207000000.0, "charintecash": null, "finfixedasset": null, "labopayc": 628280698.89, "expiconvbd": null, "paycompgold": null, "inveretugetcash": null, "compcode": "80198461", "prepexpedecr": null, "repnetincr": null, "issbdrececash": null, "loannetr": null, "withinvgetcash": null, "invpayc": null, "debtpaycash": null, "fincashinfl": 6750000.0, "cashopenbala": 984013021.07, "netcashscheform": null, "begindate": "20130101", "bizoutfitse": null, "bizinflitse": null, "insnetc": null, "bankloannetincr": null, "receredu": null, "publishdate": "20141021", "other": null, "deponetr": null, "paytax": 689289987.95, "bizinflform": null, "tradepaymnetr": null, "cashneti": 70511129.88, "accstaname": "\u65b0\u4f1a\u8ba1\u51c6\u5219", "cashnetr": 70511129.88, "invnetcashflow": -63983284.08, "netinvform": null, "finnetform": null, "payacticash": 455024991.6, "fininflform": null, "invoutfform": null}, {"laborgetcash": 1467825145.94, "inveredu": 19039625.84, "unreinveloss": null, "bizcashinfl": 1481699578.13, "diviprofpaycash": 207000000.0, "invcashoutf": 45240219.47, "accrexpeincr": null, "subspaynetcash": null, "finrelacash": null, "payworkcash": 108062266.86, "subspaydivid": null, "chgexchgchgs": null, "finnetcflow": -189750000.0, "receotherbizcash": 13874432.19, "longdefeexpenamor": 434533.32, "acquassetcash": 45240219.47, "recefincash": 15000000.0, "inspremcash": null, "netcashform": null, "bizcashoutf": 1354340433.95, "fininstnetr": null, "invrececash": 2250000.0, "defetaxassetdecr": 26913277.66, "inicashbala": 969013021.07, "invcashinfl": 426900.0, "paydivicash": null, "netcashscheitse": null, "defeincoincr": null, "disptradnetincr": null, "mananetr": 127359144.18, "debtintocapi": null, "defetaxliabincr": null, "adjustdate": "20140807", "enddate": "20130630", "assedepr": 23388115.22, "biznetscheitse": null, "biznetform": null, "equfinalbala": null, "finoutfitse": null, "cashfinalbala": 861808845.78, "fixedassetnetc": 426900.0, "cashfinalitse": null, "payintecash": null, "unfiparachg": null, "loansnetr": null, "incrcashpled": null, "biznetcflow": 127359144.18, "asseimpa": 353762.04, "reducashpled": null, "invinffrom": null, "netprofit": 488090091.1, "minysharrigh": null, "equopenbala": null, "inveloss": null, "valuechgloss": null, "receinvcash": null, "bizoutfform": null, "biznetscheform": null, "finexpe": null, "intaasseamor": 10719292.56, "taxrefd": null, "biznetitse": null, "finnetitse": null, "invinflitse": null, "subsnetc": null, "unseparachg": null, "finoutfform": null, "recefromloan": null, "netinvitse": null, "estidebts": null, "payaincr": -453890306.26, "fdsborrnetr": null, "realestadep": null, "reporttype": "100111", "dispfixedassetloss": 200792.35, "fininflitse": null, "finalcashbala": 861808845.78, "cashfinalform": null, "invoutfitse": null, "netcashitse": null, "payinvecash": null, "fixedassescraloss": null, "savinetr": null, "subsrececash": 2250000.0, "accstacode": "2", "fincashoutf": 207000000.0, "charintecash": null, "finfixedasset": null, "labopayc": 378545686.61, "expiconvbd": null, "paycompgold": null, "inveretugetcash": null, "compcode": "80198461", "prepexpedecr": null, "repnetincr": null, "issbdrececash": null, "loannetr": null, "withinvgetcash": null, "invpayc": null, "debtpaycash": null, "fincashinfl": 17250000.0, "cashopenbala": 969013021.07, "netcashscheform": null, "begindate": "20130101", "bizoutfitse": null, "bizinflitse": null, "insnetc": null, "bankloannetincr": null, "receredu": 12109960.35, "publishdate": "20140807", "other": null, "deponetr": null, "paytax": 548366837.2, "bizinflform": null, "tradepaymnetr": null, "cashneti": -107204175.29, "accstaname": "\u65b0\u4f1a\u8ba1\u51c6\u5219", "cashnetr": -107204175.29, "invnetcashflow": -44813319.47, "netinvform": null, "finnetform": null, "payacticash": 319365643.28, "fininflform": null, "invoutfform": null}, {"laborgetcash": null, "inveredu": null, "unreinveloss": null, "bizcashinfl": null, "diviprofpaycash": null, "invcashoutf": null, "accrexpeincr": null, "subspaynetcash": null, "finrelacash": null, "payworkcash": null, "subspaydivid": null, "chgexchgchgs": null, "finnetcflow": 15000000.0, "receotherbizcash": null, "longdefeexpenamor": null, "acquassetcash": null, "recefincash": null, "inspremcash": null, "netcashform": null, "bizcashoutf": null, "fininstnetr": null, "invrececash": null, "defetaxassetdecr": null, "inicashbala": null, "invcashinfl": null, "paydivicash": null, "netcashscheitse": null, "defeincoincr": null, "disptradnetincr": null, "mananetr": 41029300.0, "debtintocapi": null, "defetaxliabincr": null, "adjustdate": "20140611", "enddate": "20130331", "assedepr": null, "biznetscheitse": null, "biznetform": null, "equfinalbala": null, "finoutfitse": null, "cashfinalbala": null, "fixedassetnetc": null, "cashfinalitse": null, "payintecash": null, "unfiparachg": null, "loansnetr": null, "incrcashpled": null, "biznetcflow": null, "asseimpa": null, "reducashpled": null, "invinffrom": null, "netprofit": null, "minysharrigh": null, "equopenbala": null, "inveloss": null, "valuechgloss": null, "receinvcash": null, "bizoutfform": null, "biznetscheform": null, "finexpe": null, "intaasseamor": null, "taxrefd": null, "biznetitse": null, "finnetitse": null, "invinflitse": null, "subsnetc": null, "unseparachg": null, "finoutfform": null, "recefromloan": null, "netinvitse": null, "estidebts": null, "payaincr": null, "fdsborrnetr": null, "realestadep": null, "reporttype": "100111", "dispfixedassetloss": null, "fininflitse": null, "finalcashbala": null, "cashfinalform": null, "invoutfitse": null, "netcashitse": null, "payinvecash": null, "fixedassescraloss": null, "savinetr": null, "subsrececash": null, "accstacode": "2", "fincashoutf": null, "charintecash": null, "finfixedasset": null, "labopayc": null, "expiconvbd": null, "paycompgold": null, "inveretugetcash": null, "compcode": "80198461", "prepexpedecr": null, "repnetincr": null, "issbdrececash": null, "loannetr": null, "withinvgetcash": null, "invpayc": null, "debtpaycash": null, "fincashinfl": null, "cashopenbala": null, "netcashscheform": null, "begindate": "20130101", "bizoutfitse": null, "bizinflitse": null, "insnetc": null, "bankloannetincr": null, "receredu": null, "publishdate": "20140611", "other": null, "deponetr": null, "paytax": null, "bizinflform": null, "tradepaymnetr": null, "cashneti": null, "accstaname": "\u65b0\u4f1a\u8ba1\u51c6\u5219", "cashnetr": 25379000.0, "invnetcashflow": -30650300.0, "netinvform": null, "finnetform": null, "payacticash": null, "fininflform": null, "invoutfform": null}, {"laborgetcash": 2892854019.13, "inveredu": -181203399.51, "unreinveloss": null, "bizcashinfl": 3024809593.01, "diviprofpaycash": 148500000.0, "invcashoutf": 143239215.0, "accrexpeincr": null, "subspaynetcash": null, "finrelacash": 15000000.0, "payworkcash": 168020324.72, "subspaydivid": null, "chgexchgchgs": null, "finnetcflow": -159000000.0, "receotherbizcash": 131955573.88, "longdefeexpenamor": 869066.64, "acquassetcash": 143239215.0, "recefincash": null, "inspremcash": null, "netcashform": null, "bizcashoutf": 2287821073.32, "fininstnetr": null, "invrececash": 4500000.0, "defetaxassetdecr": -26720345.92, "inicashbala": 533463716.38, "invcashinfl": 800000.0, "paydivicash": null, "netcashscheitse": null, "defeincoincr": null, "disptradnetincr": null, "mananetr": 736988519.69, "debtintocapi": null, "defetaxliabincr": null, "adjustdate": "20140611", "enddate": "20121231", "assedepr": 37102092.54, "biznetscheitse": null, "biznetform": null, "equfinalbala": null, "finoutfitse": null, "cashfinalbala": 969013021.07, "fixedassetnetc": null, "cashfinalitse": null, "payintecash": null, "unfiparachg": null, "loansnetr": null, "incrcashpled": null, "biznetcflow": 736988519.69, "asseimpa": -89117.79, "reducashpled": null, "invinffrom": null, "netprofit": 676375479.42, "minysharrigh": null, "equopenbala": null, "inveloss": -800000.0, "valuechgloss": null, "receinvcash": null, "bizoutfform": null, "biznetscheform": null, "finexpe": null, "intaasseamor": 21390954.62, "taxrefd": null, "biznetitse": null, "finnetitse": null, "invinflitse": null, "subsnetc": null, "unseparachg": null, "finoutfform": null, "recefromloan": null, "netinvitse": null, "estidebts": null, "payaincr": 229049156.86, "fdsborrnetr": null, "realestadep": null, "reporttype": "100111", "dispfixedassetloss": null, "fininflitse": null, "finalcashbala": 969013021.07, "cashfinalform": null, "invoutfitse": null, "netcashitse": null, "payinvecash": null, "fixedassescraloss": null, "savinetr": null, "subsrececash": 4500000.0, "accstacode": "2", "fincashoutf": 163500000.0, "charintecash": null, "finfixedasset": null, "labopayc": 745919922.2, "expiconvbd": null, "paycompgold": null, "inveretugetcash": 800000.0, "compcode": "80198461", "prepexpedecr": null, "repnetincr": null, "issbdrececash": null, "loannetr": null, "withinvgetcash": null, "invpayc": null, "debtpaycash": null, "fincashinfl": 4500000.0, "cashopenbala": 533463716.38, "netcashscheform": null, "begindate": "20120101", "bizoutfitse": null, "bizinflitse": null, "insnetc": null, "bankloannetincr": null, "receredu": -19975367.17, "publishdate": "20140611", "other": 990000.0, "deponetr": null, "paytax": 922806811.3, "bizinflform": null, "tradepaymnetr": null, "cashneti": 435549304.69, "accstaname": "\u65b0\u4f1a\u8ba1\u51c6\u5219", "cashnetr": 435549304.69, "invnetcashflow": -142439215.0, "netinvform": null, "finnetform": null, "payacticash": 451074015.1, "fininflform": null, "invoutfform": null}, {"laborgetcash": 2225120258.18, "inveredu": -130077925.97, "unreinveloss": null, "bizcashinfl": 2315312145.59, "diviprofpaycash": 256602552.41, "invcashoutf": 214191801.47, "accrexpeincr": null, "subspaynetcash": null, "finrelacash": null, "payworkcash": 132025864.53, "subspaydivid": null, "chgexchgchgs": null, "finnetcflow": -296602552.41, "receotherbizcash": 90191887.41, "longdefeexpenamor": 569316.64, "acquassetcash": 214191801.47, "recefincash": null, "inspremcash": null, "netcashform": null, "bizcashoutf": 1884406813.98, "fininstnetr": null, "invrececash": null, "defetaxassetdecr": -4948179.48, "inicashbala": 605312650.12, "invcashinfl": 8040088.53, "paydivicash": null, "netcashscheitse": null, "defeincoincr": null, "disptradnetincr": null, "mananetr": 430905331.61, "debtintocapi": null, "defetaxliabincr": null, "adjustdate": "20140611", "enddate": "20111231", "assedepr": 24545424.44, "biznetscheitse": null, "biznetform": null, "equfinalbala": null, "finoutfitse": null, "cashfinalbala": 533463716.38, "fixedassetnetc": 8040088.53, "cashfinalitse": null, "payintecash": null, "unfiparachg": null, "loansnetr": null, "incrcashpled": null, "biznetcflow": 430905331.61, "asseimpa": 659452.98, "reducashpled": null, "invinffrom": null, "netprofit": 533150594.98, "minysharrigh": null, "equopenbala": null, "inveloss": null, "valuechgloss": null, "receinvcash": null, "bizoutfform": null, "biznetscheform": null, "finexpe": 840207.82, "intaasseamor": 20730118.73, "taxrefd": null, "biznetitse": null, "finnetitse": null, "invinflitse": null, "subsnetc": null, "unseparachg": null, "finoutfform": null, "recefromloan": null, "netinvitse": null, "estidebts": null, "payaincr": 148443505.23, "fdsborrnetr": null, "realestadep": null, "reporttype": "100111", "dispfixedassetloss": -1269629.29, "fininflitse": null, "finalcashbala": 533463716.38, "cashfinalform": null, "invoutfitse": null, "netcashitse": null, "payinvecash": null, "fixedassescraloss": null, "savinetr": null, "subsrececash": null, "accstacode": "2", "fincashoutf": 296602552.41, "charintecash": null, "finfixedasset": null, "labopayc": 509074465.01, "expiconvbd": null, "paycompgold": null, "inveretugetcash": null, "compcode": "80198461", "prepexpedecr": null, "repnetincr": null, "issbdrececash": null, "loannetr": null, "withinvgetcash": null, "invpayc": null, "debtpaycash": 40000000.0, "fincashinfl": 0.0, "cashopenbala": 605312650.12, "netcashscheform": null, "begindate": "20110101", "bizoutfitse": null, "bizinflitse": null, "insnetc": null, "bankloannetincr": null, "receredu": -161737554.47, "publishdate": "20140611", "other": null, "deponetr": null, "paytax": 733417344.89, "bizinflform": null, "tradepaymnetr": null, "cashneti": -71848933.74, "accstaname": "\u65b0\u4f1a\u8ba1\u51c6\u5219", "cashnetr": -71848933.74, "invnetcashflow": -206151712.94, "netinvform": null, "finnetform": null, "payacticash": 509889139.55, "fininflform": null, "invoutfform": null}], "comptype": 4, "name": "\u4eca\u4e16\u7f18"}