{"SH600199":{"symbol":"SH600199","exchange":"SH","code":"600199","name":"金种子酒","current":"7.04","percentage":"-1.26","change":"-0.09","open":"7.07","high":"7.07","low":"6.95","close":"7.04","last_close":"7.13","high52week":"10.57","low52week":"6.42","volume":"4715649.0","lot_volume":"47156.49","volumeAverage":"13835049","marketCapital":"3.91265601408E9","eps":"0.01","pe_ttm":"477.746","pe_lyr":"477.746","beta":"0.0","totalShares":"555775002","time":"Tue Mar 20 14:59:55 +0800 2018","afterHours":"0.0","afterHoursPct":"0.0","afterHoursChg":"0.0","afterHoursTime":"Wed Oct 19 21:59:01 -0400 2011","updateAt":"1510208108708","dividend":"0.0","yield":"0.0","turnover_rate":"0.85%","instOwn":"0.0","rise_stop":"7.84","fall_stop":"6.42","currency_unit":"CNY","amount":"3.3105311E7","net_assets":"4.0438","hasexist":"","has_warrant":"0","type":"11","flag":"1","rest_day":"","amplitude":"1.68%","market_status":"已收盘","lot_size":"100","min_order_quantity":"0","max_order_quantity":"0","tick_size":"0.01","variable_tick_size":"","kzz_stock_symbol":"","kzz_stock_name":"","kzz_stock_current":"0.0","kzz_convert_price":"0.0","kzz_covert_value":"0.0","kzz_cpr":"0.0","kzz_putback_price":"0.0","kzz_convert_time":"","kzz_redempt_price":"0.0","kzz_straight_price":"0.0","kzz_stock_percent":"","pb":"1.74","benefit_before_tax":"0.0","benefit_after_tax":"0.0","convert_bond_ratio":"","totalissuescale":"","outstandingamt":"","maturitydate":"","remain_year":"","convertrate":"0.0","interestrtmemo":"","release_date":"","circulation":"0.0","par_value":"0.0","due_time":"0.0","value_date":"","due_date":"","publisher":"","redeem_type":"T","issue_type":"","bond_type":"","warrant":"","sale_rrg":"","rate":"","after_hour_vol":"0","float_shares":"555775002","float_market_capital":"3.91265601408E9","disnext_pay_date":"","convert_rate":"0.0","volume_ratio":"0.87","percent5m":"0.0","pankou_ratio":"17.45%","psr":"3.0327"}}