{"SH601238":{"symbol":"SH601238","exchange":"SH","code":"601238","name":"广汽集团","current":"24.29","percentage":"0.0","change":"0.00","open":"24.32","high":"24.4","low":"24.16","close":"24.29","last_close":"24.29","high52week":"30.01","low52week":"22.18","volume":"5768025.0","lot_volume":"57680.25","volumeAverage":"7839810","marketCapital":"1.7684602639739E11","eps":"1.38","pe_ttm":"18.3418","pe_lyr":"28.1234","beta":"0.0","totalShares":"7280610391","time":"Tue Nov 28 14:51:02 +0800 2017","afterHours":"0.0","afterHoursPct":"0.0","afterHoursChg":"0.0","updateAt":"1510214413411","dividend":"0.1","yield":"0.41","turnover_rate":"0.13%","instOwn":"0.0","rise_stop":"26.72","fall_stop":"21.86","currency_unit":"CNY","amount":"1.40130817E8","net_assets":"9.1196","hasexist":"","has_warrant":"0","type":"11","flag":"1","rest_day":"","amplitude":"0.99%","market_status":"交易中","lot_size":"100","min_order_quantity":"0","max_order_quantity":"0","tick_size":"0.01","variable_tick_size":"","kzz_stock_symbol":"02238","kzz_stock_name":"","kzz_stock_current":"0.0","kzz_convert_price":"0.0","kzz_covert_value":"0.0","kzz_cpr":"0.0","kzz_putback_price":"0.0","kzz_convert_time":"","kzz_redempt_price":"0.0","kzz_straight_price":"0.0","kzz_stock_percent":"","pb":"2.66","benefit_before_tax":"0.0","benefit_after_tax":"0.0","convert_bond_ratio":"","totalissuescale":"","outstandingamt":"","maturitydate":"","remain_year":"","convertrate":"0.0","interestrtmemo":"","release_date":"","circulation":"0.0","par_value":"0.0","due_time":"0.0","value_date":"","due_date":"","publisher":"","redeem_type":"T","issue_type":"1","bond_type":"","warrant":"","sale_rrg":"","rate":"","after_hour_vol":"0","float_shares":"4313919919","float_market_capital":"1.0478511483251E11","disnext_pay_date":"","convert_rate":"0.0","volume_ratio":"0.56","percent5m":"-0.16","pankou_ratio":"-33.78%","psr":"2.6626"}}