{"list":[{"compcode":"80191712","publishdate":"20171020","begindate":"20170101","enddate":"20170930","reporttype":"100111","adjustdate":"20171020","accstacode":"2","accstaname":"新会计准则","biztotinco":1.35889434896E9,"bizinco":1.35889434896E9,"inteinco":null,"earnprem":null,"pouninco":null,"realsale":null,"otherbizinco":null,"biztotincoitse":null,"biztotincoform":null,"biztotcost":1.20222677025E9,"bizcost":9.7808983044E8,"inteexpe":null,"pounexpe":null,"realsalecost":null,"deveexpe":null,"surrgold":null,"compnetexpe":null,"contress":null,"polidiviexpe":null,"reinexpe":null,"otherbizcost":null,"biztax":1.6163698E7,"salesexpe":1.1273807486E8,"manaexpe":8.356877423E7,"finexpe":1.019769413E7,"asseimpaloss":1468698.59,"biztotcostitse":null,"biztotcostform":null,"valuechgloss":null,"inveinco":4836897.62,"assoinveprof":-67253.46,"exchggain":null,"futuloss":null,"custinco":null,"subsidyincome":null,"otherbizprof":null,"bizprofitse":null,"operprofform":null,"perprofit":1.6150447633E8,"nonoreve":4324717.04,"nonoexpe":1549274.89,"noncassetsdisl":167247.43,"proftotitse":null,"proftotform":null,"totprofit":1.6427991848E8,"incotaxexpe":3.554907716E7,"unreinveloss":null,"netpro1itse":null,"netpro1form":null,"netprofit":1.2873084132E8,"parenetp":1.2873084132E8,"mergeformnetprof":null,"minysharrigh":null,"netpro2itse":null,"netpro2form":null,"basiceps":0.11,"dilutedeps":0.11,"othercompinco":null,"parecompinco":null,"minysharinco":null,"compincoamt":1.2873084132E8,"parecompincoamt":1.2873084132E8,"minysharincoamt":null,"earlyundiprof":null,"undisprofredu":null,"otherinto":null,"otherdistprof":null,"legalsurp":null,"welfare":null,"capitalreserve":null,"staffaward":null,"reservefund":null,"developfund":null,"profreturninvest":null,"supplycurcap":null,"avaidistshareprof":null,"preferredskdiv":null,"freesurplu":null,"dealwithdivi":null,"capitalizeddivi":null,"undisprofit":null,"selldepartgain":null,"natudisasterloss":null,"accpolicychg":null,"accestimatechg":null,"debtrestruloss":null,"othersupply":null},{"compcode":"80191712","publishdate":"20170804","begindate":"20170101","enddate":"20170630","reporttype":"100111","adjustdate":"20170804","accstacode":"2","accstaname":"新会计准则","biztotinco":9.7604761279E8,"bizinco":9.7604761279E8,"inteinco":null,"earnprem":null,"pouninco":null,"realsale":null,"otherbizinco":null,"biztotincoitse":null,"biztotincoform":null,"biztotcost":8.5118785704E8,"bizcost":7.0317793985E8,"inteexpe":null,"pounexpe":null,"realsalecost":null,"deveexpe":null,"surrgold":null,"compnetexpe":null,"contress":null,"polidiviexpe":null,"reinexpe":null,"otherbizcost":null,"biztax":1.168058996E7,"salesexpe":7.636719527E7,"manaexpe":5.235584578E7,"finexpe":6137587.59,"asseimpaloss":1468698.59,"biztotcostitse":null,"biztotcostform":null,"valuechgloss":null,"inveinco":-256825.23,"assoinveprof":-275992.35,"exchggain":null,"futuloss":null,"custinco":null,"subsidyincome":null,"otherbizprof":null,"bizprofitse":null,"operprofform":null,"perprofit":1.2460293052E8,"nonoreve":1398849.63,"nonoexpe":217555.24,"noncassetsdisl":167247.43,"proftotitse":null,"proftotform":null,"totprofit":1.2578422491E8,"incotaxexpe":2.653534367E7,"unreinveloss":null,"netpro1itse":null,"netpro1form":null,"netprofit":9.924888124E7,"parenetp":9.924888124E7,"mergeformnetprof":null,"minysharrigh":null,"netpro2itse":null,"netpro2form":null,"basiceps":0.09,"dilutedeps":0.09,"othercompinco":null,"parecompinco":null,"minysharinco":null,"compincoamt":9.924888124E7,"parecompincoamt":9.924888124E7,"minysharincoamt":null,"earlyundiprof":null,"undisprofredu":null,"otherinto":null,"otherdistprof":null,"legalsurp":null,"welfare":null,"capitalreserve":null,"staffaward":null,"reservefund":null,"developfund":null,"profreturninvest":null,"supplycurcap":null,"avaidistshareprof":null,"preferredskdiv":null,"freesurplu":null,"dealwithdivi":null,"capitalizeddivi":null,"undisprofit":null,"selldepartgain":null,"natudisasterloss":null,"accpolicychg":null,"accestimatechg":null,"debtrestruloss":null,"othersupply":null},{"compcode":"80191712","publishdate":"20170428","begindate":"20170101","enddate":"20170331","reporttype":"100111","adjustdate":"20170428","accstacode":"2","accstaname":"新会计准则","biztotinco":5.2434578087E8,"bizinco":5.2434578087E8,"inteinco":null,"earnprem":null,"pouninco":null,"realsale":null,"otherbizinco":null,"biztotincoitse":null,"biztotincoform":null,"biztotcost":4.513278211E8,"bizcost":3.7580244498E8,"inteexpe":null,"pounexpe":null,"realsalecost":null,"deveexpe":null,"surrgold":null,"compnetexpe":null,"contress":null,"polidiviexpe":null,"reinexpe":null,"otherbizcost":null,"biztax":5858488.85,"salesexpe":4.307531227E7,"manaexpe":2.408193154E7,"finexpe":2509643.46,"asseimpaloss":null,"biztotcostitse":null,"biztotcostform":null,"valuechgloss":null,"inveinco":642422.06,"assoinveprof":623254.94,"exchggain":null,"futuloss":null,"custinco":null,"subsidyincome":null,"otherbizprof":null,"bizprofitse":null,"operprofform":null,"perprofit":7.366038183E7,"nonoreve":772220.07,"nonoexpe":167247.43,"noncassetsdisl":167247.43,"proftotitse":null,"proftotform":null,"totprofit":7.426535447E7,"incotaxexpe":1.511384303E7,"unreinveloss":null,"netpro1itse":null,"netpro1form":null,"netprofit":5.915151144E7,"parenetp":5.915151144E7,"mergeformnetprof":null,"minysharrigh":null,"netpro2itse":null,"netpro2form":null,"basiceps":0.05,"dilutedeps":0.05,"othercompinco":null,"parecompinco":null,"minysharinco":null,"compincoamt":5.915151144E7,"parecompincoamt":5.915151144E7,"minysharincoamt":null,"earlyundiprof":null,"undisprofredu":null,"otherinto":null,"otherdistprof":null,"legalsurp":null,"welfare":null,"capitalreserve":null,"staffaward":null,"reservefund":null,"developfund":null,"profreturninvest":null,"supplycurcap":null,"avaidistshareprof":null,"preferredskdiv":null,"freesurplu":null,"dealwithdivi":null,"capitalizeddivi":null,"undisprofit":null,"selldepartgain":null,"natudisasterloss":null,"accpolicychg":null,"accestimatechg":null,"debtrestruloss":null,"othersupply":null},{"compcode":"80191712","publishdate":"20170420","begindate":"20160101","enddate":"20161231","reporttype":"100111","adjustdate":"20170420","accstacode":"2","accstaname":"新会计准则","biztotinco":1.88668297461E9,"bizinco":1.88668297461E9,"inteinco":null,"earnprem":null,"pouninco":null,"realsale":null,"otherbizinco":null,"biztotincoitse":null,"biztotincoform":null,"biztotcost":1.70845472597E9,"bizcost":1.36804064326E9,"inteexpe":null,"pounexpe":null,"realsalecost":null,"deveexpe":null,"surrgold":null,"compnetexpe":null,"contress":null,"polidiviexpe":null,"reinexpe":null,"otherbizcost":null,"biztax":1.462517649E7,"salesexpe":1.8383480078E8,"manaexpe":1.1216293592E8,"finexpe":1.379682655E7,"asseimpaloss":1.599434297E7,"biztotcostitse":null,"biztotcostform":null,"valuechgloss":null,"inveinco":8146697.84,"assoinveprof":8144243.05,"exchggain":null,"futuloss":null,"custinco":null,"subsidyincome":null,"otherbizprof":null,"bizprofitse":null,"operprofform":null,"perprofit":1.8637494648E8,"nonoreve":5123265.4,"nonoexpe":1201378.72,"noncassetsdisl":472393.42,"proftotitse":null,"proftotform":null,"totprofit":1.9029683316E8,"incotaxexpe":4.019841195E7,"unreinveloss":null,"netpro1itse":null,"netpro1form":null,"netprofit":1.5009842121E8,"parenetp":1.5009842121E8,"mergeformnetprof":null,"minysharrigh":null,"netpro2itse":null,"netpro2form":null,"basiceps":0.13,"dilutedeps":0.13,"othercompinco":null,"parecompinco":null,"minysharinco":null,"compincoamt":1.5009842121E8,"parecompincoamt":1.5009842121E8,"minysharincoamt":null,"earlyundiprof":null,"undisprofredu":null,"otherinto":null,"otherdistprof":null,"legalsurp":null,"welfare":null,"capitalreserve":null,"staffaward":null,"reservefund":null,"developfund":null,"profreturninvest":null,"supplycurcap":null,"avaidistshareprof":null,"preferredskdiv":null,"freesurplu":null,"dealwithdivi":null,"capitalizeddivi":null,"undisprofit":null,"selldepartgain":null,"natudisasterloss":null,"accpolicychg":null,"accestimatechg":null,"debtrestruloss":null,"othersupply":null},{"compcode":"80191712","publishdate":"20161029","begindate":"20160101","enddate":"20160930","reporttype":"100111","adjustdate":"20161029","accstacode":"2","accstaname":"新会计准则","biztotinco":1.33923806519E9,"bizinco":1.33923806519E9,"inteinco":null,"earnprem":null,"pouninco":null,"realsale":null,"otherbizinco":null,"biztotincoitse":null,"biztotincoform":null,"biztotcost":1.18816601741E9,"bizcost":9.623487E8,"inteexpe":null,"pounexpe":null,"realsalecost":null,"deveexpe":null,"surrgold":null,"compnetexpe":null,"contress":null,"polidiviexpe":null,"reinexpe":null,"otherbizcost":null,"biztax":4326500.16,"salesexpe":1.2666328394E8,"manaexpe":8.236755986E7,"finexpe":1.046185122E7,"asseimpaloss":1998122.23,"biztotcostitse":null,"biztotcostform":null,"valuechgloss":null,"inveinco":1.11086435E7,"assoinveprof":1.110618871E7,"exchggain":null,"futuloss":null,"custinco":null,"subsidyincome":null,"otherbizprof":null,"bizprofitse":null,"operprofform":null,"perprofit":1.6218069128E8,"nonoreve":4061092.45,"nonoexpe":1048296.46,"noncassetsdisl":450381.52,"proftotitse":null,"proftotform":null,"totprofit":1.6519348727E8,"incotaxexpe":3.737142137E7,"unreinveloss":null,"netpro1itse":null,"netpro1form":null,"netprofit":1.278220659E8,"parenetp":1.278220659E8,"mergeformnetprof":null,"minysharrigh":null,"netpro2itse":null,"netpro2form":null,"basiceps":0.11,"dilutedeps":0.11,"othercompinco":null,"parecompinco":null,"minysharinco":null,"compincoamt":1.278220659E8,"parecompincoamt":1.278220659E8,"minysharincoamt":null,"earlyundiprof":null,"undisprofredu":null,"otherinto":null,"otherdistprof":null,"legalsurp":null,"welfare":null,"capitalreserve":null,"staffaward":null,"reservefund":null,"developfund":null,"profreturninvest":null,"supplycurcap":null,"avaidistshareprof":null,"preferredskdiv":null,"freesurplu":null,"dealwithdivi":null,"capitalizeddivi":null,"undisprofit":null,"selldepartgain":null,"natudisasterloss":null,"accpolicychg":null,"accestimatechg":null,"debtrestruloss":null,"othersupply":null},{"compcode":"80191712","publishdate":"20160827","begindate":"20160101","enddate":"20160630","reporttype":"100111","adjustdate":"20160827","accstacode":"2","accstaname":"新会计准则","biztotinco":9.6182585739E8,"bizinco":9.6182585739E8,"inteinco":null,"earnprem":null,"pouninco":null,"realsale":null,"otherbizinco":null,"biztotincoitse":null,"biztotincoform":null,"biztotcost":8.4444812935E8,"bizcost":6.9404897833E8,"inteexpe":null,"pounexpe":null,"realsalecost":null,"deveexpe":null,"surrgold":null,"compnetexpe":null,"contress":null,"polidiviexpe":null,"reinexpe":null,"otherbizcost":null,"biztax":2723241.06,"salesexpe":8.53863741E7,"manaexpe":5.385955849E7,"finexpe":6431855.14,"asseimpaloss":1998122.23,"biztotcostitse":null,"biztotcostform":null,"valuechgloss":null,"inveinco":7778016.71,"assoinveprof":7778016.71,"exchggain":null,"futuloss":null,"custinco":null,"subsidyincome":null,"otherbizprof":null,"bizprofitse":null,"operprofform":null,"perprofit":1.2515574475E8,"nonoreve":3166796.56,"nonoexpe":540641.6,"noncassetsdisl":null,"proftotitse":null,"proftotform":null,"totprofit":1.2778189971E8,"incotaxexpe":2.986456833E7,"unreinveloss":null,"netpro1itse":null,"netpro1form":null,"netprofit":9.791733138E7,"parenetp":9.791733138E7,"mergeformnetprof":null,"minysharrigh":null,"netpro2itse":null,"netpro2form":null,"basiceps":0.09,"dilutedeps":0.09,"othercompinco":null,"parecompinco":null,"minysharinco":null,"compincoamt":9.791733138E7,"parecompincoamt":9.791733138E7,"minysharincoamt":null,"earlyundiprof":null,"undisprofredu":null,"otherinto":null,"otherdistprof":null,"legalsurp":null,"welfare":null,"capitalreserve":null,"staffaward":null,"reservefund":null,"developfund":null,"profreturninvest":null,"supplycurcap":null,"avaidistshareprof":null,"preferredskdiv":null,"freesurplu":null,"dealwithdivi":null,"capitalizeddivi":null,"undisprofit":null,"selldepartgain":null,"natudisasterloss":null,"accpolicychg":null,"accestimatechg":null,"debtrestruloss":null,"othersupply":null},{"compcode":"80191712","publishdate":"20160429","begindate":"20160101","enddate":"20160331","reporttype":"100111","adjustdate":"20160429","accstacode":"2","accstaname":"新会计准则","biztotinco":5.0599430783E8,"bizinco":5.0599430783E8,"inteinco":null,"earnprem":null,"pouninco":null,"realsale":null,"otherbizinco":null,"biztotincoitse":null,"biztotincoform":null,"biztotcost":4.4074885108E8,"bizcost":3.6330887111E8,"inteexpe":null,"pounexpe":null,"realsalecost":null,"deveexpe":null,"surrgold":null,"compnetexpe":null,"contress":null,"polidiviexpe":null,"reinexpe":null,"otherbizcost":null,"biztax":1477844.28,"salesexpe":4.478368538E7,"manaexpe":2.702453312E7,"finexpe":4153917.19,"asseimpaloss":null,"biztotcostitse":null,"biztotcostform":null,"valuechgloss":null,"inveinco":3722357.65,"assoinveprof":3722357.65,"exchggain":null,"futuloss":null,"custinco":null,"subsidyincome":null,"otherbizprof":null,"bizprofitse":null,"operprofform":null,"perprofit":6.89678144E7,"nonoreve":2062858.62,"nonoexpe":123000.0,"noncassetsdisl":null,"proftotitse":null,"proftotform":null,"totprofit":7.090767302E7,"incotaxexpe":1.59290398E7,"unreinveloss":null,"netpro1itse":null,"netpro1form":null,"netprofit":5.497863322E7,"parenetp":5.497863322E7,"mergeformnetprof":null,"minysharrigh":null,"netpro2itse":null,"netpro2form":null,"basiceps":0.05,"dilutedeps":0.05,"othercompinco":null,"parecompinco":null,"minysharinco":null,"compincoamt":5.497863322E7,"parecompincoamt":5.497863322E7,"minysharincoamt":null,"earlyundiprof":null,"undisprofredu":null,"otherinto":null,"otherdistprof":null,"legalsurp":null,"welfare":null,"capitalreserve":null,"staffaward":null,"reservefund":null,"developfund":null,"profreturninvest":null,"supplycurcap":null,"avaidistshareprof":null,"preferredskdiv":null,"freesurplu":null,"dealwithdivi":null,"capitalizeddivi":null,"undisprofit":null,"selldepartgain":null,"natudisasterloss":null,"accpolicychg":null,"accestimatechg":null,"debtrestruloss":null,"othersupply":null},{"compcode":"80191712","publishdate":"20160422","begindate":"20150101","enddate":"20151231","reporttype":"100111","adjustdate":"20160422","accstacode":"2","accstaname":"新会计准则","biztotinco":1.75500874788E9,"bizinco":1.75500874788E9,"inteinco":null,"earnprem":null,"pouninco":null,"realsale":null,"otherbizinco":null,"biztotincoitse":null,"biztotincoform":null,"biztotcost":1.57527940266E9,"bizcost":1.25800417301E9,"inteexpe":null,"pounexpe":null,"realsalecost":null,"deveexpe":null,"surrgold":null,"compnetexpe":null,"contress":null,"polidiviexpe":null,"reinexpe":null,"otherbizcost":null,"biztax":5669853.49,"salesexpe":1.8827001337E8,"manaexpe":1.0058464965E8,"finexpe":9373585.76,"asseimpaloss":1.337712738E7,"biztotcostitse":null,"biztotcostform":null,"valuechgloss":null,"inveinco":2.485117781E7,"assoinveprof":2.476117781E7,"exchggain":null,"futuloss":null,"custinco":null,"subsidyincome":null,"otherbizprof":null,"bizprofitse":null,"operprofform":null,"perprofit":2.0458052303E8,"nonoreve":2902982.38,"nonoexpe":838875.18,"noncassetsdisl":113588.78,"proftotitse":null,"proftotform":null,"totprofit":2.0664463023E8,"incotaxexpe":5.932286077E7,"unreinveloss":null,"netpro1itse":null,"netpro1form":null,"netprofit":1.4732176946E8,"parenetp":1.4732176946E8,"mergeformnetprof":null,"minysharrigh":null,"netpro2itse":null,"netpro2form":null,"basiceps":0.13,"dilutedeps":0.13,"othercompinco":null,"parecompinco":null,"minysharinco":null,"compincoamt":1.4732176946E8,"parecompincoamt":1.4732176946E8,"minysharincoamt":null,"earlyundiprof":null,"undisprofredu":null,"otherinto":null,"otherdistprof":null,"legalsurp":null,"welfare":null,"capitalreserve":null,"staffaward":null,"reservefund":null,"developfund":null,"profreturninvest":null,"supplycurcap":null,"avaidistshareprof":null,"preferredskdiv":null,"freesurplu":null,"dealwithdivi":null,"capitalizeddivi":null,"undisprofit":null,"selldepartgain":null,"natudisasterloss":null,"accpolicychg":null,"accestimatechg":null,"debtrestruloss":null,"othersupply":null},{"compcode":"80191712","publishdate":"20151016","begindate":"20150101","enddate":"20150930","reporttype":"100111","adjustdate":"20151016","accstacode":"2","accstaname":"新会计准则","biztotinco":1.27483567925E9,"bizinco":1.27483567925E9,"inteinco":null,"earnprem":null,"pouninco":null,"realsale":null,"otherbizinco":null,"biztotincoitse":null,"biztotincoform":null,"biztotcost":1.12254399613E9,"bizcost":9.0289581426E8,"inteexpe":null,"pounexpe":null,"realsalecost":null,"deveexpe":null,"surrgold":null,"compnetexpe":null,"contress":null,"polidiviexpe":null,"reinexpe":null,"otherbizcost":null,"biztax":3925344.74,"salesexpe":1.3716505143E8,"manaexpe":7.02080101E7,"finexpe":6789240.2,"asseimpaloss":1560535.4,"biztotcostitse":null,"biztotcostform":null,"valuechgloss":null,"inveinco":9413825.94,"assoinveprof":9323825.94,"exchggain":null,"futuloss":null,"custinco":null,"subsidyincome":null,"otherbizprof":null,"bizprofitse":null,"operprofform":null,"perprofit":1.6170550906E8,"nonoreve":849582.93,"nonoexpe":700968.05,"noncassetsdisl":26868.05,"proftotitse":null,"proftotform":null,"totprofit":1.6185412394E8,"incotaxexpe":4.580779309E7,"unreinveloss":null,"netpro1itse":null,"netpro1form":null,"netprofit":1.1604633085E8,"parenetp":1.1604633085E8,"mergeformnetprof":null,"minysharrigh":null,"netpro2itse":null,"netpro2form":null,"basiceps":0.1,"dilutedeps":0.1,"othercompinco":null,"parecompinco":null,"minysharinco":null,"compincoamt":1.1604633085E8,"parecompincoamt":1.1604633085E8,"minysharincoamt":null,"earlyundiprof":null,"undisprofredu":null,"otherinto":null,"otherdistprof":null,"legalsurp":null,"welfare":null,"capitalreserve":null,"staffaward":null,"reservefund":null,"developfund":null,"profreturninvest":null,"supplycurcap":null,"avaidistshareprof":null,"preferredskdiv":null,"freesurplu":null,"dealwithdivi":null,"capitalizeddivi":null,"undisprofit":null,"selldepartgain":null,"natudisasterloss":null,"accpolicychg":null,"accestimatechg":null,"debtrestruloss":null,"othersupply":null},{"compcode":"80191712","publishdate":"20150825","begindate":"20150101","enddate":"20150630","reporttype":"100111","adjustdate":"20150825","accstacode":"2","accstaname":"新会计准则","biztotinco":9.0771469854E8,"bizinco":9.0771469854E8,"inteinco":null,"earnprem":null,"pouninco":null,"realsale":null,"otherbizinco":null,"biztotincoitse":null,"biztotincoform":null,"biztotcost":7.9556825874E8,"bizcost":6.3695127143E8,"inteexpe":null,"pounexpe":null,"realsalecost":null,"deveexpe":null,"surrgold":null,"compnetexpe":null,"contress":null,"polidiviexpe":null,"reinexpe":null,"otherbizcost":null,"biztax":3122460.55,"salesexpe":1.0355326154E8,"manaexpe":4.654487583E7,"finexpe":3835853.99,"asseimpaloss":1560535.4,"biztotcostitse":null,"biztotcostform":null,"valuechgloss":null,"inveinco":8.717063794E7,"assoinveprof":8.708063794E7,"exchggain":null,"futuloss":null,"custinco":null,"subsidyincome":null,"otherbizprof":null,"bizprofitse":null,"operprofform":null,"perprofit":1.9931707774E8,"nonoreve":730877.03,"nonoexpe":509100.01,"noncassetsdisl":null,"proftotitse":null,"proftotform":null,"totprofit":1.9953885476E8,"incotaxexpe":5.116903766E7,"unreinveloss":null,"netpro1itse":null,"netpro1form":null,"netprofit":1.483698171E8,"parenetp":1.483698171E8,"mergeformnetprof":null,"minysharrigh":null,"netpro2itse":null,"netpro2form":null,"basiceps":0.32,"dilutedeps":0.32,"othercompinco":null,"parecompinco":null,"minysharinco":null,"compincoamt":1.483698171E8,"parecompincoamt":1.483698171E8,"minysharincoamt":null,"earlyundiprof":null,"undisprofredu":null,"otherinto":null,"otherdistprof":null,"legalsurp":null,"welfare":null,"capitalreserve":null,"staffaward":null,"reservefund":null,"developfund":null,"profreturninvest":null,"supplycurcap":null,"avaidistshareprof":null,"preferredskdiv":null,"freesurplu":null,"dealwithdivi":null,"capitalizeddivi":null,"undisprofit":null,"selldepartgain":null,"natudisasterloss":null,"accpolicychg":null,"accestimatechg":null,"debtrestruloss":null,"othersupply":null},{"compcode":"80191712","publishdate":"20150424","begindate":"20150101","enddate":"20150331","reporttype":"100111","adjustdate":"20150424","accstacode":"2","accstaname":"新会计准则","biztotinco":4.5746018524E8,"bizinco":4.5746018524E8,"inteinco":null,"earnprem":null,"pouninco":null,"realsale":null,"otherbizinco":null,"biztotincoitse":null,"biztotincoform":null,"biztotcost":3.9233722029E8,"bizcost":3.1639850023E8,"inteexpe":null,"pounexpe":null,"realsalecost":null,"deveexpe":null,"surrgold":null,"compnetexpe":null,"contress":null,"polidiviexpe":null,"reinexpe":null,"otherbizcost":null,"biztax":1642271.95,"salesexpe":4.876216595E7,"manaexpe":2.406440247E7,"finexpe":1469879.69,"asseimpaloss":null,"biztotcostitse":null,"biztotcostform":null,"valuechgloss":null,"inveinco":6417470.06,"assoinveprof":null,"exchggain":null,"futuloss":null,"custinco":null,"subsidyincome":null,"otherbizprof":null,"bizprofitse":null,"operprofform":null,"perprofit":7.154043501E7,"nonoreve":401169.19,"nonoexpe":166979.63,"noncassetsdisl":null,"proftotitse":null,"proftotform":null,"totprofit":7.177462457E7,"incotaxexpe":1.875945252E7,"unreinveloss":null,"netpro1itse":null,"netpro1form":null,"netprofit":5.301517205E7,"parenetp":5.301517205E7,"mergeformnetprof":null,"minysharrigh":null,"netpro2itse":null,"netpro2form":null,"basiceps":0.12,"dilutedeps":0.12,"othercompinco":null,"parecompinco":null,"minysharinco":null,"compincoamt":5.301517205E7,"parecompincoamt":5.301517205E7,"minysharincoamt":null,"earlyundiprof":null,"undisprofredu":null,"otherinto":null,"otherdistprof":null,"legalsurp":null,"welfare":null,"capitalreserve":null,"staffaward":null,"reservefund":null,"developfund":null,"profreturninvest":null,"supplycurcap":null,"avaidistshareprof":null,"preferredskdiv":null,"freesurplu":null,"dealwithdivi":null,"capitalizeddivi":null,"undisprofit":null,"selldepartgain":null,"natudisasterloss":null,"accpolicychg":null,"accestimatechg":null,"debtrestruloss":null,"othersupply":null},{"compcode":"80191712","publishdate":"20150320","begindate":"20140101","enddate":"20141231","reporttype":"100111","adjustdate":"20150320","accstacode":"2","accstaname":"新会计准则","biztotinco":1.68475062069E9,"bizinco":1.68475062069E9,"inteinco":null,"earnprem":null,"pouninco":null,"realsale":null,"otherbizinco":null,"biztotincoitse":null,"biztotincoform":null,"biztotcost":1.51314487908E9,"bizcost":1.17974191827E9,"inteexpe":null,"pounexpe":null,"realsalecost":null,"deveexpe":null,"surrgold":null,"compnetexpe":null,"contress":null,"polidiviexpe":null,"reinexpe":null,"otherbizcost":null,"biztax":8470265.68,"salesexpe":2.3249939135E8,"manaexpe":8.891874277E7,"finexpe":1516279.92,"asseimpaloss":1998281.09,"biztotcostitse":null,"biztotcostform":null,"valuechgloss":null,"inveinco":1316840.89,"assoinveprof":null,"exchggain":null,"futuloss":null,"custinco":null,"subsidyincome":null,"otherbizprof":null,"bizprofitse":null,"operprofform":null,"perprofit":1.729225825E8,"nonoreve":6880770.38,"nonoexpe":315431.22,"noncassetsdisl":8178.83,"proftotitse":null,"proftotform":null,"totprofit":1.7948792166E8,"incotaxexpe":4.659767777E7,"unreinveloss":null,"netpro1itse":null,"netpro1form":null,"netprofit":1.3289024389E8,"parenetp":1.3289024389E8,"mergeformnetprof":null,"minysharrigh":null,"netpro2itse":null,"netpro2form":null,"basiceps":0.29,"dilutedeps":0.29,"othercompinco":null,"parecompinco":null,"minysharinco":null,"compincoamt":1.3289024389E8,"parecompincoamt":1.3289024389E8,"minysharincoamt":null,"earlyundiprof":null,"undisprofredu":null,"otherinto":null,"otherdistprof":null,"legalsurp":null,"welfare":null,"capitalreserve":null,"staffaward":null,"reservefund":null,"developfund":null,"profreturninvest":null,"supplycurcap":null,"avaidistshareprof":null,"preferredskdiv":null,"freesurplu":null,"dealwithdivi":null,"capitalizeddivi":null,"undisprofit":null,"selldepartgain":null,"natudisasterloss":null,"accpolicychg":null,"accestimatechg":null,"debtrestruloss":null,"othersupply":null},{"compcode":"80191712","publishdate":"20141028","begindate":"20140101","enddate":"20140930","reporttype":"100111","adjustdate":"20141028","accstacode":"2","accstaname":"新会计准则","biztotinco":1.21264388158E9,"bizinco":1.21264388158E9,"inteinco":null,"earnprem":null,"pouninco":null,"realsale":null,"otherbizinco":null,"biztotincoitse":null,"biztotincoform":null,"biztotcost":1.06262440759E9,"bizcost":8.5491481455E8,"inteexpe":null,"pounexpe":null,"realsalecost":null,"deveexpe":null,"surrgold":null,"compnetexpe":null,"contress":null,"polidiviexpe":null,"reinexpe":null,"otherbizcost":null,"biztax":5291545.83,"salesexpe":1.4353226066E8,"manaexpe":5.363738893E7,"finexpe":2877980.41,"asseimpaloss":2370417.21,"biztotcostitse":null,"biztotcostform":null,"valuechgloss":null,"inveinco":-2163949.74,"assoinveprof":-2430243.14,"exchggain":null,"futuloss":null,"custinco":null,"subsidyincome":null,"otherbizprof":null,"bizprofitse":null,"operprofform":null,"perprofit":1.4785552425E8,"nonoreve":3553573.86,"nonoexpe":209203.89,"noncassetsdisl":8178.83,"proftotitse":null,"proftotform":null,"totprofit":1.5119989422E8,"incotaxexpe":3.760273359E7,"unreinveloss":null,"netpro1itse":null,"netpro1form":null,"netprofit":1.1359716063E8,"parenetp":1.1359716063E8,"mergeformnetprof":null,"minysharrigh":null,"netpro2itse":null,"netpro2form":null,"basiceps":0.25,"dilutedeps":0.25,"othercompinco":null,"parecompinco":null,"minysharinco":null,"compincoamt":1.1359716063E8,"parecompincoamt":1.1359716063E8,"minysharincoamt":null,"earlyundiprof":null,"undisprofredu":null,"otherinto":null,"otherdistprof":null,"legalsurp":null,"welfare":null,"capitalreserve":null,"staffaward":null,"reservefund":null,"developfund":null,"profreturninvest":null,"supplycurcap":null,"avaidistshareprof":null,"preferredskdiv":null,"freesurplu":null,"dealwithdivi":null,"capitalizeddivi":null,"undisprofit":null,"selldepartgain":null,"natudisasterloss":null,"accpolicychg":null,"accestimatechg":null,"debtrestruloss":null,"othersupply":null},{"compcode":"80191712","publishdate":"20140815","begindate":"20140101","enddate":"20140630","reporttype":"100111","adjustdate":"20140815","accstacode":"2","accstaname":"新会计准则","biztotinco":8.362339904E8,"bizinco":8.362339904E8,"inteinco":null,"earnprem":null,"pouninco":null,"realsale":null,"otherbizinco":null,"biztotincoitse":null,"biztotincoform":null,"biztotcost":7.3071969306E8,"bizcost":5.9034177232E8,"inteexpe":null,"pounexpe":null,"realsalecost":null,"deveexpe":null,"surrgold":null,"compnetexpe":null,"contress":null,"polidiviexpe":null,"reinexpe":null,"otherbizcost":null,"biztax":3847743.98,"salesexpe":9.928224959E7,"manaexpe":3.472760868E7,"finexpe":149901.28,"asseimpaloss":2370417.21,"biztotcostitse":null,"biztotcostform":null,"valuechgloss":null,"inveinco":266293.4,"assoinveprof":null,"exchggain":null,"futuloss":null,"custinco":null,"subsidyincome":null,"otherbizprof":null,"bizprofitse":null,"operprofform":null,"perprofit":1.0578059074E8,"nonoreve":3246345.26,"nonoexpe":126412.7,"noncassetsdisl":8030.64,"proftotitse":null,"proftotform":null,"totprofit":1.089005233E8,"incotaxexpe":2.73756705E7,"unreinveloss":null,"netpro1itse":null,"netpro1form":null,"netprofit":8.15248528E7,"parenetp":8.15248528E7,"mergeformnetprof":null,"minysharrigh":null,"netpro2itse":null,"netpro2form":null,"basiceps":0.18,"dilutedeps":0.18,"othercompinco":null,"parecompinco":null,"minysharinco":null,"compincoamt":8.15248528E7,"parecompincoamt":8.15248528E7,"minysharincoamt":null,"earlyundiprof":null,"undisprofredu":null,"otherinto":null,"otherdistprof":null,"legalsurp":null,"welfare":null,"capitalreserve":null,"staffaward":null,"reservefund":null,"developfund":null,"profreturninvest":null,"supplycurcap":null,"avaidistshareprof":null,"preferredskdiv":null,"freesurplu":null,"dealwithdivi":null,"capitalizeddivi":null,"undisprofit":null,"selldepartgain":null,"natudisasterloss":null,"accpolicychg":null,"accestimatechg":null,"debtrestruloss":null,"othersupply":null},{"compcode":"80191712","publishdate":"20140429","begindate":"20140101","enddate":"20140331","reporttype":"100111","adjustdate":"20140429","accstacode":"2","accstaname":"新会计准则","biztotinco":4.2321721378E8,"bizinco":4.2321721378E8,"inteinco":null,"earnprem":null,"pouninco":null,"realsale":null,"otherbizinco":null,"biztotincoitse":null,"biztotincoform":null,"biztotcost":3.6674834933E8,"bizcost":2.9599223602E8,"inteexpe":null,"pounexpe":null,"realsalecost":null,"deveexpe":null,"surrgold":null,"compnetexpe":null,"contress":null,"polidiviexpe":null,"reinexpe":null,"otherbizcost":null,"biztax":967727.78,"salesexpe":5.393933969E7,"manaexpe":1.714543494E7,"finexpe":-1296389.1,"asseimpaloss":null,"biztotcostitse":null,"biztotcostform":null,"valuechgloss":null,"inveinco":176293.4,"assoinveprof":null,"exchggain":null,"futuloss":null,"custinco":null,"subsidyincome":null,"otherbizprof":null,"bizprofitse":null,"operprofform":null,"perprofit":5.664515785E7,"nonoreve":3070453.36,"nonoexpe":109801.27,"noncassetsdisl":null,"proftotitse":null,"proftotform":null,"totprofit":5.960580994E7,"incotaxexpe":1.548197533E7,"unreinveloss":null,"netpro1itse":null,"netpro1form":null,"netprofit":4.412383461E7,"parenetp":4.412383461E7,"mergeformnetprof":null,"minysharrigh":null,"netpro2itse":null,"netpro2form":null,"basiceps":0.19,"dilutedeps":0.19,"othercompinco":null,"parecompinco":null,"minysharinco":null,"compincoamt":4.412383461E7,"parecompincoamt":4.412383461E7,"minysharincoamt":null,"earlyundiprof":null,"undisprofredu":null,"otherinto":null,"otherdistprof":null,"legalsurp":null,"welfare":null,"capitalreserve":null,"staffaward":null,"reservefund":null,"developfund":null,"profreturninvest":null,"supplycurcap":null,"avaidistshareprof":null,"preferredskdiv":null,"freesurplu":null,"dealwithdivi":null,"capitalizeddivi":null,"undisprofit":null,"selldepartgain":null,"natudisasterloss":null,"accpolicychg":null,"accestimatechg":null,"debtrestruloss":null,"othersupply":null},{"compcode":"80191712","publishdate":"20140424","begindate":"20130101","enddate":"20131231","reporttype":"100111","adjustdate":"20140424","accstacode":"2","accstaname":"新会计准则","biztotinco":1.67802156891E9,"bizinco":1.67802156891E9,"inteinco":null,"earnprem":null,"pouninco":null,"realsale":null,"otherbizinco":null,"biztotincoitse":null,"biztotincoform":null,"biztotcost":1.47844431021E9,"bizcost":1.22119158232E9,"inteexpe":null,"pounexpe":null,"realsalecost":null,"deveexpe":null,"surrgold":null,"compnetexpe":null,"contress":null,"polidiviexpe":null,"reinexpe":null,"otherbizcost":null,"biztax":7409422.7,"salesexpe":1.8405962223E8,"manaexpe":7.763279689E7,"finexpe":-1.154696535E7,"asseimpaloss":-302148.58,"biztotcostitse":null,"biztotcostform":null,"valuechgloss":null,"inveinco":809718.89,"assoinveprof":null,"exchggain":null,"futuloss":null,"custinco":null,"subsidyincome":null,"otherbizprof":null,"bizprofitse":null,"operprofform":null,"perprofit":2.0038697759E8,"nonoreve":2.075576684E7,"nonoexpe":1744326.82,"noncassetsdisl":null,"proftotitse":null,"proftotform":null,"totprofit":2.1939841761E8,"incotaxexpe":5.751790977E7,"unreinveloss":null,"netpro1itse":null,"netpro1form":null,"netprofit":1.6188050784E8,"parenetp":1.6188050784E8,"mergeformnetprof":null,"minysharrigh":null,"netpro2itse":null,"netpro2form":null,"basiceps":0.7,"dilutedeps":0.7,"othercompinco":null,"parecompinco":null,"minysharinco":null,"compincoamt":1.6188050784E8,"parecompincoamt":1.6188050784E8,"minysharincoamt":null,"earlyundiprof":null,"undisprofredu":null,"otherinto":null,"otherdistprof":null,"legalsurp":null,"welfare":null,"capitalreserve":null,"staffaward":null,"reservefund":null,"developfund":null,"profreturninvest":null,"supplycurcap":null,"avaidistshareprof":null,"preferredskdiv":null,"freesurplu":null,"dealwithdivi":null,"capitalizeddivi":null,"undisprofit":null,"selldepartgain":null,"natudisasterloss":null,"accpolicychg":null,"accestimatechg":null,"debtrestruloss":null,"othersupply":null},{"compcode":"80191712","publishdate":"20131024","begindate":"20130101","enddate":"20130930","reporttype":"100111","adjustdate":"20131024","accstacode":"2","accstaname":"新会计准则","biztotinco":1.22564740723E9,"bizinco":1.22564740723E9,"inteinco":null,"earnprem":null,"pouninco":null,"realsale":null,"otherbizinco":null,"biztotincoitse":null,"biztotincoform":null,"biztotcost":1.07648675533E9,"bizcost":9.0657731527E8,"inteexpe":null,"pounexpe":null,"realsalecost":null,"deveexpe":null,"surrgold":null,"compnetexpe":null,"contress":null,"polidiviexpe":null,"reinexpe":null,"otherbizcost":null,"biztax":5958800.31,"salesexpe":1.1825849603E8,"manaexpe":5.430344272E7,"finexpe":-8977437.57,"asseimpaloss":366138.57,"biztotcostitse":null,"biztotcostform":null,"valuechgloss":null,"inveinco":586218.84,"assoinveprof":null,"exchggain":null,"futuloss":null,"custinco":null,"subsidyincome":null,"otherbizprof":null,"bizprofitse":null,"operprofform":null,"perprofit":1.4974687074E8,"nonoreve":3926380.89,"nonoexpe":1651516.82,"noncassetsdisl":null,"proftotitse":null,"proftotform":null,"totprofit":1.5202173481E8,"incotaxexpe":4.249999563E7,"unreinveloss":null,"netpro1itse":null,"netpro1form":null,"netprofit":1.0952173918E8,"parenetp":1.0952173918E8,"mergeformnetprof":null,"minysharrigh":null,"netpro2itse":null,"netpro2form":null,"basiceps":0.48,"dilutedeps":0.48,"othercompinco":null,"parecompinco":null,"minysharinco":null,"compincoamt":1.0952173918E8,"parecompincoamt":1.0952173918E8,"minysharincoamt":null,"earlyundiprof":null,"undisprofredu":null,"otherinto":null,"otherdistprof":null,"legalsurp":null,"welfare":null,"capitalreserve":null,"staffaward":null,"reservefund":null,"developfund":null,"profreturninvest":null,"supplycurcap":null,"avaidistshareprof":null,"preferredskdiv":null,"freesurplu":null,"dealwithdivi":null,"capitalizeddivi":null,"undisprofit":null,"selldepartgain":null,"natudisasterloss":null,"accpolicychg":null,"accestimatechg":null,"debtrestruloss":null,"othersupply":null},{"compcode":"80191712","publishdate":"20130815","begindate":"20130101","enddate":"20130630","reporttype":"100111","adjustdate":"20130815","accstacode":"2","accstaname":"新会计准则","biztotinco":8.4103560904E8,"bizinco":8.4103560904E8,"inteinco":null,"earnprem":null,"pouninco":null,"realsale":null,"otherbizinco":null,"biztotincoitse":null,"biztotincoform":null,"biztotcost":7.3356538154E8,"bizcost":6.1996372729E8,"inteexpe":null,"pounexpe":null,"realsalecost":null,"deveexpe":null,"surrgold":null,"compnetexpe":null,"contress":null,"polidiviexpe":null,"reinexpe":null,"otherbizcost":null,"biztax":4218122.93,"salesexpe":7.985156731E7,"manaexpe":3.666881246E7,"finexpe":-7502987.02,"asseimpaloss":366138.57,"biztotcostitse":null,"biztotcostform":null,"valuechgloss":null,"inveinco":394841.77,"assoinveprof":null,"exchggain":null,"futuloss":null,"custinco":null,"subsidyincome":null,"otherbizprof":null,"bizprofitse":null,"operprofform":null,"perprofit":1.0786506927E8,"nonoreve":2824300.69,"nonoexpe":1486088.0,"noncassetsdisl":null,"proftotitse":null,"proftotform":null,"totprofit":1.0920328196E8,"incotaxexpe":3.095556806E7,"unreinveloss":null,"netpro1itse":null,"netpro1form":null,"netprofit":7.82477139E7,"parenetp":7.82477139E7,"mergeformnetprof":null,"minysharrigh":null,"netpro2itse":null,"netpro2form":null,"basiceps":0.34,"dilutedeps":0.34,"othercompinco":null,"parecompinco":null,"minysharinco":null,"compincoamt":7.82477139E7,"parecompincoamt":7.82477139E7,"minysharincoamt":null,"earlyundiprof":null,"undisprofredu":null,"otherinto":null,"otherdistprof":null,"legalsurp":null,"welfare":null,"capitalreserve":null,"staffaward":null,"reservefund":null,"developfund":null,"profreturninvest":null,"supplycurcap":null,"avaidistshareprof":null,"preferredskdiv":null,"freesurplu":null,"dealwithdivi":null,"capitalizeddivi":null,"undisprofit":null,"selldepartgain":null,"natudisasterloss":null,"accpolicychg":null,"accestimatechg":null,"debtrestruloss":null,"othersupply":null},{"compcode":"80191712","publishdate":"20130424","begindate":"20130101","enddate":"20130331","reporttype":"100111","adjustdate":"20130424","accstacode":"2","accstaname":"新会计准则","biztotinco":4.557913464E8,"bizinco":4.557913464E8,"inteinco":null,"earnprem":null,"pouninco":null,"realsale":null,"otherbizinco":null,"biztotincoitse":null,"biztotincoform":null,"biztotcost":3.9759445533E8,"bizcost":3.3812813322E8,"inteexpe":null,"pounexpe":null,"realsalecost":null,"deveexpe":null,"surrgold":null,"compnetexpe":null,"contress":null,"polidiviexpe":null,"reinexpe":null,"otherbizcost":null,"biztax":2254350.28,"salesexpe":4.207511597E7,"manaexpe":2.031054108E7,"finexpe":-5173685.22,"asseimpaloss":null,"biztotcostitse":null,"biztotcostform":null,"valuechgloss":null,"inveinco":null,"assoinveprof":null,"exchggain":null,"futuloss":null,"custinco":null,"subsidyincome":null,"otherbizprof":null,"bizprofitse":null,"operprofform":null,"perprofit":5.819689107E7,"nonoreve":1161446.23,"nonoexpe":364000.0,"noncassetsdisl":null,"proftotitse":null,"proftotform":null,"totprofit":5.89943373E7,"incotaxexpe":1.661815869E7,"unreinveloss":null,"netpro1itse":null,"netpro1form":null,"netprofit":4.237617861E7,"parenetp":4.237617861E7,"mergeformnetprof":null,"minysharrigh":null,"netpro2itse":null,"netpro2form":null,"basiceps":0.22,"dilutedeps":0.22,"othercompinco":null,"parecompinco":null,"minysharinco":null,"compincoamt":4.237617861E7,"parecompincoamt":4.237617861E7,"minysharincoamt":null,"earlyundiprof":null,"undisprofredu":null,"otherinto":null,"otherdistprof":null,"legalsurp":null,"welfare":null,"capitalreserve":null,"staffaward":null,"reservefund":null,"developfund":null,"profreturninvest":null,"supplycurcap":null,"avaidistshareprof":null,"preferredskdiv":null,"freesurplu":null,"dealwithdivi":null,"capitalizeddivi":null,"undisprofit":null,"selldepartgain":null,"natudisasterloss":null,"accpolicychg":null,"accestimatechg":null,"debtrestruloss":null,"othersupply":null},{"compcode":"80191712","publishdate":"20130411","begindate":"20120101","enddate":"20121231","reporttype":"100111","adjustdate":"20130411","accstacode":"2","accstaname":"新会计准则","biztotinco":1.65656252591E9,"bizinco":1.65656252591E9,"inteinco":null,"earnprem":null,"pouninco":null,"realsale":null,"otherbizinco":null,"biztotincoitse":null,"biztotincoform":null,"biztotcost":1.43598856658E9,"bizcost":1.22741120064E9,"inteexpe":null,"pounexpe":null,"realsalecost":null,"deveexpe":null,"surrgold":null,"compnetexpe":null,"contress":null,"polidiviexpe":null,"reinexpe":null,"otherbizcost":null,"biztax":7652174.9,"salesexpe":1.6417300995E8,"manaexpe":6.162034703E7,"finexpe":-2.47196044E7,"asseimpaloss":-148561.54,"biztotcostitse":null,"biztotcostform":null,"valuechgloss":null,"inveinco":null,"assoinveprof":null,"exchggain":null,"futuloss":null,"custinco":null,"subsidyincome":null,"otherbizprof":null,"bizprofitse":null,"operprofform":null,"perprofit":2.2057395933E8,"nonoreve":1.495316851E7,"nonoexpe":225512.43,"noncassetsdisl":1441.99,"proftotitse":null,"proftotform":null,"totprofit":2.3530161541E8,"incotaxexpe":5.946378245E7,"unreinveloss":null,"netpro1itse":null,"netpro1form":null,"netprofit":1.7583783296E8,"parenetp":1.7583783296E8,"mergeformnetprof":null,"minysharrigh":null,"netpro2itse":null,"netpro2form":null,"basiceps":0.92,"dilutedeps":0.92,"othercompinco":null,"parecompinco":null,"minysharinco":null,"compincoamt":1.7583783296E8,"parecompincoamt":1.7583783296E8,"minysharincoamt":null,"earlyundiprof":null,"undisprofredu":null,"otherinto":null,"otherdistprof":null,"legalsurp":null,"welfare":null,"capitalreserve":null,"staffaward":null,"reservefund":null,"developfund":null,"profreturninvest":null,"supplycurcap":null,"avaidistshareprof":null,"preferredskdiv":null,"freesurplu":null,"dealwithdivi":null,"capitalizeddivi":null,"undisprofit":null,"selldepartgain":null,"natudisasterloss":null,"accpolicychg":null,"accestimatechg":null,"debtrestruloss":null,"othersupply":null},{"compcode":"80191712","publishdate":"20121025","begindate":"20120101","enddate":"20120930","reporttype":"100111","adjustdate":"20121025","accstacode":"2","accstaname":"新会计准则","biztotinco":1.21328986513E9,"bizinco":1.21328986513E9,"inteinco":null,"earnprem":null,"pouninco":null,"realsale":null,"otherbizinco":null,"biztotincoitse":null,"biztotincoform":null,"biztotcost":1.07471765171E9,"bizcost":9.1323032646E8,"inteexpe":null,"pounexpe":null,"realsalecost":null,"deveexpe":null,"surrgold":null,"compnetexpe":null,"contress":null,"polidiviexpe":null,"reinexpe":null,"otherbizcost":null,"biztax":5430689.77,"salesexpe":1.2497901932E8,"manaexpe":4.723777366E7,"finexpe":-1.689128088E7,"asseimpaloss":731123.38,"biztotcostitse":null,"biztotcostform":null,"valuechgloss":null,"inveinco":null,"assoinveprof":null,"exchggain":null,"futuloss":null,"custinco":null,"subsidyincome":null,"otherbizprof":null,"bizprofitse":null,"operprofform":null,"perprofit":1.3857221342E8,"nonoreve":5268348.17,"nonoexpe":186568.31,"noncassetsdisl":1441.99,"proftotitse":null,"proftotform":null,"totprofit":1.4365399328E8,"incotaxexpe":3.61644111E7,"unreinveloss":null,"netpro1itse":null,"netpro1form":null,"netprofit":1.0748958218E8,"parenetp":1.0748958218E8,"mergeformnetprof":null,"minysharrigh":null,"netpro2itse":null,"netpro2form":null,"basiceps":0.56,"dilutedeps":0.56,"othercompinco":null,"parecompinco":null,"minysharinco":null,"compincoamt":1.0748958218E8,"parecompincoamt":1.0748958218E8,"minysharincoamt":null,"earlyundiprof":null,"undisprofredu":null,"otherinto":null,"otherdistprof":null,"legalsurp":null,"welfare":null,"capitalreserve":null,"staffaward":null,"reservefund":null,"developfund":null,"profreturninvest":null,"supplycurcap":null,"avaidistshareprof":null,"preferredskdiv":null,"freesurplu":null,"dealwithdivi":null,"capitalizeddivi":null,"undisprofit":null,"selldepartgain":null,"natudisasterloss":null,"accpolicychg":null,"accestimatechg":null,"debtrestruloss":null,"othersupply":null},{"compcode":"80191712","publishdate":"20120816","begindate":"20120101","enddate":"20120630","reporttype":"100111","adjustdate":"20120816","accstacode":"2","accstaname":"新会计准则","biztotinco":8.0564741458E8,"bizinco":8.0564741458E8,"inteinco":null,"earnprem":null,"pouninco":null,"realsale":null,"otherbizinco":null,"biztotincoitse":null,"biztotincoform":null,"biztotcost":7.0922097239E8,"bizcost":6.0330325612E8,"inteexpe":null,"pounexpe":null,"realsalecost":null,"deveexpe":null,"surrgold":null,"compnetexpe":null,"contress":null,"polidiviexpe":null,"reinexpe":null,"otherbizcost":null,"biztax":3809154.12,"salesexpe":7.795111423E7,"manaexpe":3.274992669E7,"finexpe":-9323852.15,"asseimpaloss":731373.38,"biztotcostitse":null,"biztotcostform":null,"valuechgloss":null,"inveinco":null,"assoinveprof":null,"exchggain":null,"futuloss":null,"custinco":null,"subsidyincome":null,"otherbizprof":null,"bizprofitse":null,"operprofform":null,"perprofit":9.642644219E7,"nonoreve":3384069.44,"nonoexpe":82460.32,"noncassetsdisl":1441.99,"proftotitse":null,"proftotform":null,"totprofit":9.972805131E7,"incotaxexpe":2.518997932E7,"unreinveloss":null,"netpro1itse":null,"netpro1form":null,"netprofit":7.453807199E7,"parenetp":7.453807199E7,"mergeformnetprof":null,"minysharrigh":null,"netpro2itse":null,"netpro2form":null,"basiceps":0.39,"dilutedeps":0.39,"othercompinco":null,"parecompinco":null,"minysharinco":null,"compincoamt":7.453807199E7,"parecompincoamt":7.453807199E7,"minysharincoamt":null,"earlyundiprof":null,"undisprofredu":null,"otherinto":null,"otherdistprof":null,"legalsurp":null,"welfare":null,"capitalreserve":null,"staffaward":null,"reservefund":null,"developfund":null,"profreturninvest":null,"supplycurcap":null,"avaidistshareprof":null,"preferredskdiv":null,"freesurplu":null,"dealwithdivi":null,"capitalizeddivi":null,"undisprofit":null,"selldepartgain":null,"natudisasterloss":null,"accpolicychg":null,"accestimatechg":null,"debtrestruloss":null,"othersupply":null},{"compcode":"80191712","publishdate":"20120424","begindate":"20120101","enddate":"20120331","reporttype":"100111","adjustdate":"20120424","accstacode":"2","accstaname":"新会计准则","biztotinco":4.3932049636E8,"bizinco":4.3932049636E8,"inteinco":null,"earnprem":null,"pouninco":null,"realsale":null,"otherbizinco":null,"biztotincoitse":null,"biztotincoform":null,"biztotcost":3.8672635846E8,"bizcost":3.3433354041E8,"inteexpe":null,"pounexpe":null,"realsalecost":null,"deveexpe":null,"surrgold":null,"compnetexpe":null,"contress":null,"polidiviexpe":null,"reinexpe":null,"otherbizcost":null,"biztax":1812272.42,"salesexpe":3.352775346E7,"manaexpe":1.506286309E7,"finexpe":1989929.08,"asseimpaloss":null,"biztotcostitse":null,"biztotcostform":null,"valuechgloss":null,"inveinco":null,"assoinveprof":null,"exchggain":null,"futuloss":null,"custinco":null,"subsidyincome":null,"otherbizprof":null,"bizprofitse":null,"operprofform":null,"perprofit":5.25941379E7,"nonoreve":680313.68,"nonoexpe":63549.43,"noncassetsdisl":549.43,"proftotitse":null,"proftotform":null,"totprofit":5.321090215E7,"incotaxexpe":1.337401893E7,"unreinveloss":null,"netpro1itse":null,"netpro1form":null,"netprofit":3.983688322E7,"parenetp":3.983688322E7,"mergeformnetprof":null,"minysharrigh":null,"netpro2itse":null,"netpro2form":null,"basiceps":0.25,"dilutedeps":0.25,"othercompinco":null,"parecompinco":null,"minysharinco":null,"compincoamt":3.983688322E7,"parecompincoamt":3.983688322E7,"minysharincoamt":null,"earlyundiprof":null,"undisprofredu":null,"otherinto":null,"otherdistprof":null,"legalsurp":null,"welfare":null,"capitalreserve":null,"staffaward":null,"reservefund":null,"developfund":null,"profreturninvest":null,"supplycurcap":null,"avaidistshareprof":null,"preferredskdiv":null,"freesurplu":null,"dealwithdivi":null,"capitalizeddivi":null,"undisprofit":null,"selldepartgain":null,"natudisasterloss":null,"accpolicychg":null,"accestimatechg":null,"debtrestruloss":null,"othersupply":null},{"compcode":"80191712","publishdate":"20120412","begindate":"20110101","enddate":"20111231","reporttype":"100111","adjustdate":"20120412","accstacode":"2","accstaname":"新会计准则","biztotinco":1.68280886515E9,"bizinco":1.68280886515E9,"inteinco":null,"earnprem":null,"pouninco":null,"realsale":null,"otherbizinco":null,"biztotincoitse":null,"biztotincoform":null,"biztotcost":1.49912836842E9,"bizcost":1.2748303173E9,"inteexpe":null,"pounexpe":null,"realsalecost":null,"deveexpe":null,"surrgold":null,"compnetexpe":null,"contress":null,"polidiviexpe":null,"reinexpe":null,"otherbizcost":null,"biztax":6648835.46,"salesexpe":1.5708404263E8,"manaexpe":4.517092734E7,"finexpe":1.501566079E7,"asseimpaloss":378584.9,"biztotcostitse":null,"biztotcostform":null,"valuechgloss":null,"inveinco":null,"assoinveprof":null,"exchggain":null,"futuloss":null,"custinco":null,"subsidyincome":null,"otherbizprof":null,"bizprofitse":null,"operprofform":null,"perprofit":1.8368049673E8,"nonoreve":3.004411748E7,"nonoexpe":1903762.98,"noncassetsdisl":737516.69,"proftotitse":null,"proftotform":null,"totprofit":2.1182085123E8,"incotaxexpe":5.410046103E7,"unreinveloss":null,"netpro1itse":null,"netpro1form":null,"netprofit":1.577203902E8,"parenetp":1.577203902E8,"mergeformnetprof":null,"minysharrigh":null,"netpro2itse":null,"netpro2form":null,"basiceps":1.31,"dilutedeps":1.31,"othercompinco":null,"parecompinco":null,"minysharinco":null,"compincoamt":1.577203902E8,"parecompincoamt":1.577203902E8,"minysharincoamt":null,"earlyundiprof":null,"undisprofredu":null,"otherinto":null,"otherdistprof":null,"legalsurp":null,"welfare":null,"capitalreserve":null,"staffaward":null,"reservefund":null,"developfund":null,"profreturninvest":null,"supplycurcap":null,"avaidistshareprof":null,"preferredskdiv":null,"freesurplu":null,"dealwithdivi":null,"capitalizeddivi":null,"undisprofit":null,"selldepartgain":null,"natudisasterloss":null,"accpolicychg":null,"accestimatechg":null,"debtrestruloss":null,"othersupply":null},{"compcode":"80191712","publishdate":"20120105","begindate":"20110101","enddate":"20110930","reporttype":"100111","adjustdate":"20120105","accstacode":"2","accstaname":"新会计准则","biztotinco":1.21574302167E9,"bizinco":1.21574302167E9,"inteinco":null,"earnprem":null,"pouninco":null,"realsale":null,"otherbizinco":null,"biztotincoitse":null,"biztotincoform":null,"biztotcost":1.11513166767E9,"bizcost":9.399183098E8,"inteexpe":null,"pounexpe":null,"realsalecost":null,"deveexpe":null,"surrgold":null,"compnetexpe":null,"contress":null,"polidiviexpe":null,"reinexpe":null,"otherbizcost":null,"biztax":4395945.54,"salesexpe":1.251129097E8,"manaexpe":3.554930167E7,"finexpe":9777709.95,"asseimpaloss":377491.01,"biztotcostitse":null,"biztotcostform":null,"valuechgloss":null,"inveinco":null,"assoinveprof":null,"exchggain":null,"futuloss":null,"custinco":null,"subsidyincome":null,"otherbizprof":null,"bizprofitse":null,"operprofform":null,"perprofit":1.00611354E8,"nonoreve":2760532.09,"nonoexpe":1886914.37,"noncassetsdisl":null,"proftotitse":null,"proftotform":null,"totprofit":1.0148497173E8,"incotaxexpe":2.543752719E7,"unreinveloss":null,"netpro1itse":null,"netpro1form":null,"netprofit":7.604744454E7,"parenetp":7.604744454E7,"mergeformnetprof":null,"minysharrigh":null,"netpro2itse":null,"netpro2form":null,"basiceps":0.63,"dilutedeps":0.63,"othercompinco":null,"parecompinco":null,"minysharinco":null,"compincoamt":7.604744454E7,"parecompincoamt":7.604744454E7,"minysharincoamt":null,"earlyundiprof":null,"undisprofredu":null,"otherinto":null,"otherdistprof":null,"legalsurp":null,"welfare":null,"capitalreserve":null,"staffaward":null,"reservefund":null,"developfund":null,"profreturninvest":null,"supplycurcap":null,"avaidistshareprof":null,"preferredskdiv":null,"freesurplu":null,"dealwithdivi":null,"capitalizeddivi":null,"undisprofit":null,"selldepartgain":null,"natudisasterloss":null,"accpolicychg":null,"accestimatechg":null,"debtrestruloss":null,"othersupply":null},{"compcode":"80191712","publishdate":"20111215","begindate":"20110101","enddate":"20110630","reporttype":"100111","adjustdate":"20111215","accstacode":"2","accstaname":"新会计准则","biztotinco":8.1056338042E8,"bizinco":8.1056338042E8,"inteinco":null,"earnprem":null,"pouninco":null,"realsale":null,"otherbizinco":null,"biztotincoitse":null,"biztotincoform":null,"biztotcost":7.3515130721E8,"bizcost":6.1325363304E8,"inteexpe":null,"pounexpe":null,"realsalecost":null,"deveexpe":null,"surrgold":null,"compnetexpe":null,"contress":null,"polidiviexpe":null,"reinexpe":null,"otherbizcost":null,"biztax":3230230.89,"salesexpe":8.621493749E7,"manaexpe":2.585540191E7,"finexpe":6283562.23,"asseimpaloss":313541.65,"biztotcostitse":null,"biztotcostform":null,"valuechgloss":null,"inveinco":null,"assoinveprof":null,"exchggain":null,"futuloss":null,"custinco":null,"subsidyincome":null,"otherbizprof":null,"bizprofitse":null,"operprofform":null,"perprofit":7.541207321E7,"nonoreve":1807709.34,"nonoexpe":855887.36,"noncassetsdisl":731679.6,"proftotitse":null,"proftotform":null,"totprofit":7.636389519E7,"incotaxexpe":2.005674366E7,"unreinveloss":null,"netpro1itse":null,"netpro1form":null,"netprofit":5.630715153E7,"parenetp":5.630715153E7,"mergeformnetprof":null,"minysharrigh":null,"netpro2itse":null,"netpro2form":null,"basiceps":0.47,"dilutedeps":0.47,"othercompinco":null,"parecompinco":null,"minysharinco":null,"compincoamt":5.630715153E7,"parecompincoamt":5.630715153E7,"minysharincoamt":null,"earlyundiprof":null,"undisprofredu":null,"otherinto":null,"otherdistprof":null,"legalsurp":null,"welfare":null,"capitalreserve":null,"staffaward":null,"reservefund":null,"developfund":null,"profreturninvest":null,"supplycurcap":null,"avaidistshareprof":null,"preferredskdiv":null,"freesurplu":null,"dealwithdivi":null,"capitalizeddivi":null,"undisprofit":null,"selldepartgain":null,"natudisasterloss":null,"accpolicychg":null,"accestimatechg":null,"debtrestruloss":null,"othersupply":null},{"compcode":"80191712","publishdate":"20111215","begindate":"20100101","enddate":"20101231","reporttype":"100111","adjustdate":"20111215","accstacode":"2","accstaname":"新会计准则","biztotinco":1.37558700728E9,"bizinco":1.37558700728E9,"inteinco":null,"earnprem":null,"pouninco":null,"realsale":null,"otherbizinco":null,"biztotincoitse":null,"biztotincoform":null,"biztotcost":1.19498365403E9,"bizcost":1.04258266155E9,"inteexpe":null,"pounexpe":null,"realsalecost":null,"deveexpe":null,"surrgold":null,"compnetexpe":null,"contress":null,"polidiviexpe":null,"reinexpe":null,"otherbizcost":null,"biztax":4196547.08,"salesexpe":1.1762127777E8,"manaexpe":3.557771655E7,"finexpe":-2307027.43,"asseimpaloss":-2687521.49,"biztotcostitse":null,"biztotcostform":null,"valuechgloss":null,"inveinco":null,"assoinveprof":null,"exchggain":null,"futuloss":null,"custinco":null,"subsidyincome":null,"otherbizprof":null,"bizprofitse":null,"operprofform":null,"perprofit":1.8060335325E8,"nonoreve":2250193.36,"nonoexpe":1852882.03,"noncassetsdisl":605989.19,"proftotitse":null,"proftotform":null,"totprofit":1.8100066458E8,"incotaxexpe":4.819178359E7,"unreinveloss":null,"netpro1itse":null,"netpro1form":null,"netprofit":1.3280888099E8,"parenetp":1.2987073867E8,"mergeformnetprof":null,"minysharrigh":2938142.32,"netpro2itse":null,"netpro2form":null,"basiceps":1.08,"dilutedeps":1.08,"othercompinco":null,"parecompinco":null,"minysharinco":null,"compincoamt":1.3280888099E8,"parecompincoamt":1.2987073867E8,"minysharincoamt":2938142.32,"earlyundiprof":null,"undisprofredu":null,"otherinto":null,"otherdistprof":null,"legalsurp":null,"welfare":null,"capitalreserve":null,"staffaward":null,"reservefund":null,"developfund":null,"profreturninvest":null,"supplycurcap":null,"avaidistshareprof":null,"preferredskdiv":null,"freesurplu":null,"dealwithdivi":null,"capitalizeddivi":null,"undisprofit":null,"selldepartgain":null,"natudisasterloss":null,"accpolicychg":null,"accestimatechg":null,"debtrestruloss":null,"othersupply":null},{"compcode":"80191712","publishdate":"20111215","begindate":"20090101","enddate":"20091231","reporttype":"100111","adjustdate":"20111215","accstacode":"2","accstaname":"新会计准则","biztotinco":1.20163604358E9,"bizinco":1.20163604358E9,"inteinco":null,"earnprem":null,"pouninco":null,"realsale":null,"otherbizinco":null,"biztotincoitse":null,"biztotincoform":null,"biztotcost":1.07346848858E9,"bizcost":9.1847382169E8,"inteexpe":null,"pounexpe":null,"realsalecost":null,"deveexpe":null,"surrgold":null,"compnetexpe":null,"contress":null,"polidiviexpe":null,"reinexpe":null,"otherbizcost":null,"biztax":5898538.08,"salesexpe":1.1839059509E8,"manaexpe":3.214175988E7,"finexpe":-146500.36,"asseimpaloss":-1289725.8,"biztotcostitse":null,"biztotcostform":null,"valuechgloss":null,"inveinco":null,"assoinveprof":null,"exchggain":null,"futuloss":null,"custinco":null,"subsidyincome":null,"otherbizprof":null,"bizprofitse":null,"operprofform":null,"perprofit":1.28167555E8,"nonoreve":2793874.72,"nonoexpe":834352.88,"noncassetsdisl":null,"proftotitse":null,"proftotform":null,"totprofit":1.3012707684E8,"incotaxexpe":4.112749456E7,"unreinveloss":null,"netpro1itse":null,"netpro1form":null,"netprofit":8.899958228E7,"parenetp":8.10172921E7,"mergeformnetprof":null,"minysharrigh":7982290.18,"netpro2itse":null,"netpro2form":null,"basiceps":null,"dilutedeps":null,"othercompinco":null,"parecompinco":null,"minysharinco":null,"compincoamt":8.899958228E7,"parecompincoamt":8.10172921E7,"minysharincoamt":7982290.18,"earlyundiprof":null,"undisprofredu":null,"otherinto":null,"otherdistprof":null,"legalsurp":null,"welfare":null,"capitalreserve":null,"staffaward":null,"reservefund":null,"developfund":null,"profreturninvest":null,"supplycurcap":null,"avaidistshareprof":null,"preferredskdiv":null,"freesurplu":null,"dealwithdivi":null,"capitalizeddivi":null,"undisprofit":null,"selldepartgain":null,"natudisasterloss":null,"accpolicychg":null,"accestimatechg":null,"debtrestruloss":null,"othersupply":null},{"compcode":"80191712","publishdate":"20111215","begindate":"20080101","enddate":"20081231","reporttype":"100111","adjustdate":"20111215","accstacode":"2","accstaname":"新会计准则","biztotinco":1.11401366907E9,"bizinco":1.11401366907E9,"inteinco":null,"earnprem":null,"pouninco":null,"realsale":null,"otherbizinco":null,"biztotincoitse":null,"biztotincoform":null,"biztotcost":1.01604028144E9,"bizcost":8.5444744493E8,"inteexpe":null,"pounexpe":null,"realsalecost":null,"deveexpe":null,"surrgold":null,"compnetexpe":null,"contress":null,"polidiviexpe":null,"reinexpe":null,"otherbizcost":null,"biztax":3218611.69,"salesexpe":1.1997866938E8,"manaexpe":2.72794458E7,"finexpe":1.316486398E7,"asseimpaloss":-2048754.34,"biztotcostitse":null,"biztotcostform":null,"valuechgloss":null,"inveinco":null,"assoinveprof":null,"exchggain":null,"futuloss":null,"custinco":null,"subsidyincome":null,"otherbizprof":null,"bizprofitse":null,"operprofform":null,"perprofit":9.797338763E7,"nonoreve":2112929.98,"nonoexpe":1568183.26,"noncassetsdisl":null,"proftotitse":null,"proftotform":null,"totprofit":9.851813435E7,"incotaxexpe":1.751268419E7,"unreinveloss":null,"netpro1itse":null,"netpro1form":null,"netprofit":8.100545016E7,"parenetp":6.942259847E7,"mergeformnetprof":null,"minysharrigh":1.158285169E7,"netpro2itse":null,"netpro2form":null,"basiceps":null,"dilutedeps":null,"othercompinco":null,"parecompinco":null,"minysharinco":null,"compincoamt":8.100545016E7,"parecompincoamt":6.942259847E7,"minysharincoamt":1.158285169E7,"earlyundiprof":null,"undisprofredu":null,"otherinto":null,"otherdistprof":null,"legalsurp":null,"welfare":null,"capitalreserve":null,"staffaward":null,"reservefund":null,"developfund":null,"profreturninvest":null,"supplycurcap":null,"avaidistshareprof":null,"preferredskdiv":null,"freesurplu":null,"dealwithdivi":null,"capitalizeddivi":null,"undisprofit":null,"selldepartgain":null,"natudisasterloss":null,"accpolicychg":null,"accestimatechg":null,"debtrestruloss":null,"othersupply":null}],"comptype":4,"name":"加加食品"}