{"list":[{"compcode":"80191712","publishdate":"20171020","reportdate":"20170930","reporttype":"100111","adjustdate":"20171020","accstacode":"2","accstaname":"新会计准则","curfds":2.2498452275E8,"tradfinasset":null,"notesrece":6745500.0,"accorece":8.608818504E7,"prep":1.4988128561E8,"premrece":null,"interece":562642.7,"dividrece":null,"otherrece":1961637.96,"expotaxrebarece":null,"subsrece":null,"margrece":null,"intelrece":null,"inve":3.0313742425E8,"prepexpe":null,"unseg":null,"expinoncurrasset":null,"othercurrasse":3821865.89,"currassetitse":null,"currasseform":null,"totcurrasset":7.771830642E8,"lendandloan":null,"avaisellasse":null,"holdinvedue":null,"longrece":null,"equiinve":2.2074013383E8,"otherlonginve":null,"inveprop":null,"fixedasseimmo":null,"accudepr":null,"fixedassenetw":null,"fixedasseimpa":null,"fixedassenet":1.52239255666E9,"consprog":1.7876482562E8,"engimate":6482496.26,"fixedasseclea":null,"prodasse":null,"comasse":null,"hydrasset":null,"intaasset":8.707526341E7,"deveexpe":null,"goodwill":null,"logprepexpe":null,"tradshartrad":null,"defetaxasset":8199525.64,"othernoncasse":4000000.0,"noncasseitse":null,"noncasseform":null,"totalnoncassets":2.02765480142E9,"totassetitse":null,"totalasseform":null,"totasset":2.80483786562E9,"shorttermborr":3.6E8,"tradfinliab":null,"notespaya":2.0E7,"accopaya":1.464874094E8,"advapaym":9.218407503E7,"copeworkersal":1.010505453E7,"taxespaya":1.644798781E7,"intepaya":931608.57,"divipaya":null,"otherfeepaya":null,"margrequ":null,"intelpay":null,"otherpay":6.776670116E7,"accrexpe":null,"expecurrliab":null,"copewithreinrece":null,"inteticksett":null,"dometicksett":null,"defereve":null,"shorttermbdspaya":null,"duenoncliab":null,"othercurreliabi":null,"currliabitse":null,"currliabform":null,"totalcurrliab":7.139228365E8,"longborr":null,"bdspaya":null,"longpaya":null,"specpaya":null,"expenoncliab":null,"longdefeinco":5.719785E7,"defeincotaxliab":116773.45,"othernoncliabi":null,"longliabitse":null,"longliabform":null,"totalnoncliab":5.731462345E7,"totliabitse":null,"totliabform":null,"totliab":7.7123745995E8,"paidincapi":1.152E9,"capisurp":2.1154913668E8,"treastk":null,"specrese":null,"rese":1.0075153397E8,"generiskrese":null,"unreinveloss":null,"undiprof":5.6929973502E8,"topaycashdivi":null,"curtrandiff":null,"sharrighitse":null,"sharrightform":null,"paresharrigh":2.03360040567E9,"minysharrigh":null,"righaggritse":null,"rightaggrform":null,"righaggr":2.03360040567E9,"rightotitse":null,"rightotform":null,"totliabsharequi":2.80483786562E9,"settresedepo":null,"plac":null,"derifinaasset":null,"reinrece":null,"reincontrese":null,"purcresaasset":null,"cenbankborr":null,"deposit":null,"fdsborr":null,"deriliab":null,"sellrepasse":null,"copepoun":null,"insucontrese":null,"actitradsecu":null,"actiundesecu":null},{"compcode":"80191712","publishdate":"20170804","reportdate":"20170630","reporttype":"100111","adjustdate":"20170804","accstacode":"2","accstaname":"新会计准则","curfds":2.1119017861E8,"tradfinasset":null,"notesrece":3686866.4,"accorece":9.228957356E7,"prep":7.246965913E7,"premrece":null,"interece":749414.11,"dividrece":null,"otherrece":1576583.28,"expotaxrebarece":null,"subsrece":null,"margrece":null,"intelrece":null,"inve":3.1316675542E8,"prepexpe":null,"unseg":null,"expinoncurrasset":null,"othercurrasse":8273523.09,"currassetitse":null,"currasseform":null,"totcurrasset":7.034025536E8,"lendandloan":null,"avaisellasse":null,"holdinvedue":null,"longrece":null,"equiinve":2.1553139494E8,"otherlonginve":null,"inveprop":null,"fixedasseimmo":1.81294986504E9,"accudepr":2.6745450847E8,"fixedassenetw":1.54549535657E9,"fixedasseimpa":null,"fixedassenet":1.54549535657E9,"consprog":1.4905324301E8,"engimate":6539305.02,"fixedasseclea":null,"prodasse":null,"comasse":null,"hydrasset":null,"intaasset":8.43513123E7,"deveexpe":null,"goodwill":null,"logprepexpe":null,"tradshartrad":null,"defetaxasset":8261553.14,"othernoncasse":1.04E8,"noncasseitse":null,"noncasseform":null,"totalnoncassets":2.11323216498E9,"totassetitse":null,"totalasseform":null,"totasset":2.81663471858E9,"shorttermborr":3.899E8,"tradfinliab":null,"notespaya":null,"accopaya":1.658876615E8,"advapaym":7.243841637E7,"copeworkersal":9522101.59,"taxespaya":1.061581249E7,"intepaya":2219389.81,"divipaya":null,"otherfeepaya":null,"margrequ":null,"intelpay":null,"otherpay":6.967583929E7,"accrexpe":null,"expecurrliab":null,"copewithreinrece":null,"inteticksett":null,"dometicksett":null,"defereve":null,"shorttermbdspaya":null,"duenoncliab":null,"othercurreliabi":null,"currliabitse":null,"currliabform":null,"totalcurrliab":7.2025922105E8,"longborr":null,"bdspaya":null,"longpaya":null,"specpaya":null,"expenoncliab":null,"longdefeinco":4.61357E7,"defeincotaxliab":41351.94,"othernoncliabi":null,"longliabitse":null,"longliabform":null,"totalnoncliab":4.617705194E7,"totliabitse":null,"totliabform":null,"totliab":7.6643627299E8,"paidincapi":1.152E9,"capisurp":2.1154913668E8,"treastk":null,"specrese":null,"rese":1.0075153397E8,"generiskrese":null,"unreinveloss":null,"undiprof":5.8589777494E8,"topaycashdivi":null,"curtrandiff":null,"sharrighitse":null,"sharrightform":null,"paresharrigh":2.05019844559E9,"minysharrigh":null,"righaggritse":null,"rightaggrform":null,"righaggr":2.05019844559E9,"rightotitse":null,"rightotform":null,"totliabsharequi":2.81663471858E9,"settresedepo":null,"plac":null,"derifinaasset":null,"reinrece":null,"reincontrese":null,"purcresaasset":null,"cenbankborr":null,"deposit":null,"fdsborr":null,"deriliab":null,"sellrepasse":null,"copepoun":null,"insucontrese":null,"actitradsecu":null,"actiundesecu":null},{"compcode":"80191712","publishdate":"20170428","reportdate":"20170331","reporttype":"100111","adjustdate":"20170428","accstacode":"2","accstaname":"新会计准则","curfds":2.622547481E8,"tradfinasset":null,"notesrece":9712866.4,"accorece":8.276300802E7,"prep":7.565106592E7,"premrece":null,"interece":674264.29,"dividrece":null,"otherrece":1940751.51,"expotaxrebarece":null,"subsrece":null,"margrece":null,"intelrece":null,"inve":3.1126771794E8,"prepexpe":null,"unseg":null,"expinoncurrasset":null,"othercurrasse":7503568.99,"currassetitse":null,"currasseform":null,"totcurrasset":7.5176799117E8,"lendandloan":null,"avaisellasse":null,"holdinvedue":null,"longrece":null,"equiinve":2.1643064223E8,"otherlonginve":null,"inveprop":null,"fixedasseimmo":null,"accudepr":null,"fixedassenetw":null,"fixedasseimpa":null,"fixedassenet":1.55925691704E9,"consprog":1.4619724055E8,"engimate":6795124.92,"fixedasseclea":null,"prodasse":null,"comasse":null,"hydrasset":null,"intaasset":8.533362465E7,"deveexpe":null,"goodwill":null,"logprepexpe":null,"tradshartrad":null,"defetaxasset":8081149.06,"othernoncasse":1.04E8,"noncasseitse":null,"noncasseform":null,"totalnoncassets":2.12609469845E9,"totassetitse":null,"totalasseform":null,"totasset":2.87786268962E9,"shorttermborr":4.199E8,"tradfinliab":null,"notespaya":5713607.53,"accopaya":1.9369136628E8,"advapaym":9.94236012E7,"copeworkersal":1.046267642E7,"taxespaya":2.664040595E7,"intepaya":1944584.59,"divipaya":null,"otherfeepaya":null,"margrequ":null,"intelpay":null,"otherpay":6.338385093E7,"accrexpe":null,"expecurrliab":null,"copewithreinrece":null,"inteticksett":null,"dometicksett":null,"defereve":null,"shorttermbdspaya":null,"duenoncliab":null,"othercurreliabi":null,"currliabitse":null,"currliabform":null,"totalcurrliab":8.211600929E8,"longborr":null,"bdspaya":null,"longpaya":null,"specpaya":null,"expenoncliab":null,"longdefeinco":4.647355E7,"defeincotaxliab":127970.93,"othernoncliabi":null,"longliabitse":null,"longliabform":null,"totalnoncliab":4.660152093E7,"totliabitse":null,"totliabform":null,"totliab":8.6776161383E8,"paidincapi":1.152E9,"capisurp":2.1154913668E8,"treastk":null,"specrese":null,"rese":1.0075153397E8,"generiskrese":null,"unreinveloss":null,"undiprof":5.4580040514E8,"topaycashdivi":null,"curtrandiff":null,"sharrighitse":null,"sharrightform":null,"paresharrigh":2.01010107579E9,"minysharrigh":null,"righaggritse":null,"rightaggrform":null,"righaggr":2.01010107579E9,"rightotitse":null,"rightotform":null,"totliabsharequi":2.87786268962E9,"settresedepo":null,"plac":null,"derifinaasset":null,"reinrece":null,"reincontrese":null,"purcresaasset":null,"cenbankborr":null,"deposit":null,"fdsborr":null,"deriliab":null,"sellrepasse":null,"copepoun":null,"insucontrese":null,"actitradsecu":null,"actiundesecu":null},{"compcode":"80191712","publishdate":"20170420","reportdate":"20161231","reporttype":"100111","adjustdate":"20170420","accstacode":"2","accstaname":"新会计准则","curfds":2.4153912271E8,"tradfinasset":null,"notesrece":5508787.86,"accorece":6.968309252E7,"prep":9.9076305E7,"premrece":null,"interece":1320753.41,"dividrece":null,"otherrece":550580.91,"expotaxrebarece":null,"subsrece":null,"margrece":null,"intelrece":null,"inve":3.0878947384E8,"prepexpe":null,"unseg":null,"expinoncurrasset":null,"othercurrasse":1.067127539E7,"currassetitse":null,"currasseform":null,"totcurrasset":7.3713939164E8,"lendandloan":null,"avaisellasse":null,"holdinvedue":null,"longrece":null,"equiinve":2.1580738729E8,"otherlonginve":null,"inveprop":null,"fixedasseimmo":1.80391431675E9,"accudepr":2.212495634E8,"fixedassenetw":1.58266475335E9,"fixedasseimpa":null,"fixedassenet":1.58266475335E9,"consprog":1.0976452806E8,"engimate":6762979.69,"fixedasseclea":null,"prodasse":null,"comasse":null,"hydrasset":null,"intaasset":8.630390661E7,"deveexpe":null,"goodwill":null,"logprepexpe":null,"tradshartrad":null,"defetaxasset":8143176.56,"othernoncasse":1.04E8,"noncasseitse":null,"noncasseform":null,"totalnoncassets":2.11344673156E9,"totassetitse":null,"totalasseform":null,"totasset":2.8505861232E9,"shorttermborr":2.399E8,"tradfinliab":null,"notespaya":2.3291360753E8,"accopaya":2.0130862972E8,"advapaym":9.938706853E7,"copeworkersal":1.569261477E7,"taxespaya":1.34390915E7,"intepaya":1410803.34,"divipaya":null,"otherfeepaya":null,"margrequ":null,"intelpay":null,"otherpay":4.877334346E7,"accrexpe":null,"expecurrliab":null,"copewithreinrece":null,"inteticksett":null,"dometicksett":null,"defereve":null,"shorttermbdspaya":null,"duenoncliab":null,"othercurreliabi":null,"currliabitse":null,"currliabform":null,"totalcurrliab":8.5282515885E8,"longborr":null,"bdspaya":null,"longpaya":null,"specpaya":null,"expenoncliab":null,"longdefeinco":4.68114E7,"defeincotaxliab":null,"othernoncliabi":null,"longliabitse":null,"longliabform":null,"totalnoncliab":4.68114E7,"totliabitse":null,"totliabform":null,"totliab":8.9963655885E8,"paidincapi":1.152E9,"capisurp":2.1154913668E8,"treastk":null,"specrese":null,"rese":1.0075153397E8,"generiskrese":null,"unreinveloss":null,"undiprof":4.866488937E8,"topaycashdivi":null,"curtrandiff":null,"sharrighitse":null,"sharrightform":null,"paresharrigh":1.95094956435E9,"minysharrigh":null,"righaggritse":null,"rightaggrform":null,"righaggr":1.95094956435E9,"rightotitse":null,"rightotform":null,"totliabsharequi":2.8505861232E9,"settresedepo":null,"plac":null,"derifinaasset":null,"reinrece":null,"reincontrese":null,"purcresaasset":null,"cenbankborr":null,"deposit":null,"fdsborr":null,"deriliab":null,"sellrepasse":null,"copepoun":null,"insucontrese":null,"actitradsecu":null,"actiundesecu":null},{"compcode":"80191712","publishdate":"20161029","reportdate":"20160930","reporttype":"100111","adjustdate":"20161029","accstacode":"2","accstaname":"新会计准则","curfds":2.8741279914E8,"tradfinasset":null,"notesrece":3487488.6,"accorece":7.960893476E7,"prep":1.4351353379E8,"premrece":null,"interece":1236978.23,"dividrece":null,"otherrece":596038.59,"expotaxrebarece":null,"subsrece":null,"margrece":null,"intelrece":null,"inve":3.0900237346E8,"prepexpe":null,"unseg":null,"expinoncurrasset":null,"othercurrasse":2290977.39,"currassetitse":null,"currasseform":null,"totcurrasset":8.2714912396E8,"lendandloan":null,"avaisellasse":null,"holdinvedue":null,"longrece":null,"equiinve":2.8070143863E8,"otherlonginve":null,"inveprop":null,"fixedasseimmo":null,"accudepr":null,"fixedassenetw":null,"fixedasseimpa":null,"fixedassenet":1.38466440803E9,"consprog":3.655355424E8,"engimate":7504212.13,"fixedasseclea":null,"prodasse":null,"comasse":null,"hydrasset":null,"intaasset":8.561843776E7,"deveexpe":null,"goodwill":null,"logprepexpe":null,"tradshartrad":null,"defetaxasset":6783142.49,"othernoncasse":5470000.0,"noncasseitse":null,"noncasseform":null,"totalnoncassets":2.13627718144E9,"totassetitse":null,"totalasseform":null,"totasset":2.9634263054E9,"shorttermborr":3.15E8,"tradfinliab":null,"notespaya":2.70399372E8,"accopaya":2.4696292496E8,"advapaym":7.647462288E7,"copeworkersal":1.16928181E7,"taxespaya":1.821739725E7,"intepaya":1095005.42,"divipaya":null,"otherfeepaya":null,"margrequ":null,"intelpay":null,"otherpay":6.766818625E7,"accrexpe":null,"expecurrliab":null,"copewithreinrece":null,"inteticksett":null,"dometicksett":null,"defereve":null,"shorttermbdspaya":null,"duenoncliab":null,"othercurreliabi":null,"currliabitse":null,"currliabform":null,"totalcurrliab":1.00751032686E9,"longborr":null,"bdspaya":null,"longpaya":null,"specpaya":null,"expenoncliab":null,"longdefeinco":2.754675E7,"defeincotaxliab":1613215.37,"othernoncliabi":null,"longliabitse":null,"longliabform":null,"totalnoncliab":2.915996537E7,"totliabitse":null,"totliabform":null,"totliab":1.03667029223E9,"paidincapi":1.152E9,"capisurp":2.0963194081E8,"treastk":null,"specrese":null,"rese":8.61505958E7,"generiskrese":null,"unreinveloss":null,"undiprof":4.7897347656E8,"topaycashdivi":null,"curtrandiff":null,"sharrighitse":null,"sharrightform":null,"paresharrigh":1.92675601317E9,"minysharrigh":null,"righaggritse":null,"rightaggrform":null,"righaggr":1.92675601317E9,"rightotitse":null,"rightotform":null,"totliabsharequi":2.9634263054E9,"settresedepo":null,"plac":null,"derifinaasset":null,"reinrece":null,"reincontrese":null,"purcresaasset":null,"cenbankborr":null,"deposit":null,"fdsborr":null,"deriliab":null,"sellrepasse":null,"copepoun":null,"insucontrese":null,"actitradsecu":null,"actiundesecu":null},{"compcode":"80191712","publishdate":"20160827","reportdate":"20160630","reporttype":"100111","adjustdate":"20160827","accstacode":"2","accstaname":"新会计准则","curfds":2.6031036043E8,"tradfinasset":null,"notesrece":8335000.0,"accorece":6.820615975E7,"prep":1.5884959369E8,"premrece":null,"interece":474671.24,"dividrece":null,"otherrece":538562.93,"expotaxrebarece":null,"subsrece":null,"margrece":null,"intelrece":null,"inve":3.3658397324E8,"prepexpe":null,"unseg":null,"expinoncurrasset":null,"othercurrasse":1.257356244E7,"currassetitse":null,"currasseform":null,"totcurrasset":8.4587188372E8,"lendandloan":null,"avaisellasse":null,"holdinvedue":null,"longrece":null,"equiinve":2.7737326663E8,"otherlonginve":null,"inveprop":null,"fixedasseimmo":1.44226175026E9,"accudepr":1.8477482468E8,"fixedassenetw":1.25748692558E9,"fixedasseimpa":null,"fixedassenet":1.25748692558E9,"consprog":4.8483853795E8,"engimate":7252750.93,"fixedasseclea":null,"prodasse":null,"comasse":null,"hydrasset":null,"intaasset":8.653051025E7,"deveexpe":null,"goodwill":null,"logprepexpe":null,"tradshartrad":null,"defetaxasset":6842044.99,"othernoncasse":5470000.0,"noncasseitse":null,"noncasseform":null,"totalnoncassets":2.12579403633E9,"totassetitse":null,"totalasseform":null,"totasset":2.97166592005E9,"shorttermborr":2.45E8,"tradfinliab":null,"notespaya":3.68944015E8,"accopaya":2.3562874428E8,"advapaym":5.419178315E7,"copeworkersal":1.184860521E7,"taxespaya":2.100810766E7,"intepaya":1022542.57,"divipaya":null,"otherfeepaya":null,"margrequ":null,"intelpay":null,"otherpay":6.210388428E7,"accrexpe":null,"expecurrliab":null,"copewithreinrece":null,"inteticksett":null,"dometicksett":null,"defereve":null,"shorttermbdspaya":null,"duenoncliab":null,"othercurreliabi":null,"currliabitse":null,"currliabform":null,"totalcurrliab":9.9974768215E8,"longborr":null,"bdspaya":null,"longpaya":null,"specpaya":null,"expenoncliab":null,"longdefeinco":2.78721E7,"defeincotaxliab":1126208.79,"othernoncliabi":null,"longliabitse":null,"longliabform":null,"totalnoncliab":2.899830879E7,"totliabitse":null,"totliabform":null,"totliab":1.02874599094E9,"paidincapi":1.152E9,"capisurp":2.0963194081E8,"treastk":null,"specrese":null,"rese":8.61505958E7,"generiskrese":null,"unreinveloss":null,"undiprof":4.951373925E8,"topaycashdivi":null,"curtrandiff":null,"sharrighitse":null,"sharrightform":null,"paresharrigh":1.94291992911E9,"minysharrigh":null,"righaggritse":null,"rightaggrform":null,"righaggr":1.94291992911E9,"rightotitse":null,"rightotform":null,"totliabsharequi":2.97166592005E9,"settresedepo":null,"plac":null,"derifinaasset":null,"reinrece":null,"reincontrese":null,"purcresaasset":null,"cenbankborr":null,"deposit":null,"fdsborr":null,"deriliab":null,"sellrepasse":null,"copepoun":null,"insucontrese":null,"actitradsecu":null,"actiundesecu":null},{"compcode":"80191712","publishdate":"20160429","reportdate":"20160331","reporttype":"100111","adjustdate":"20160429","accstacode":"2","accstaname":"新会计准则","curfds":2.9431857239E8,"tradfinasset":null,"notesrece":6050000.0,"accorece":6.687087142E7,"prep":1.1529531372E8,"premrece":null,"interece":1389126.69,"dividrece":null,"otherrece":1694684.96,"expotaxrebarece":null,"subsrece":null,"margrece":null,"intelrece":null,"inve":2.6536701258E8,"prepexpe":null,"unseg":null,"expinoncurrasset":null,"othercurrasse":7958189.54,"currassetitse":null,"currasseform":null,"totcurrasset":7.589437713E8,"lendandloan":null,"avaisellasse":null,"holdinvedue":null,"longrece":null,"equiinve":2.7773202011E8,"otherlonginve":null,"inveprop":null,"fixedasseimmo":null,"accudepr":null,"fixedassenetw":null,"fixedasseimpa":null,"fixedassenet":1.08027532286E9,"consprog":4.9064561436E8,"engimate":1.319441091E7,"fixedasseclea":null,"prodasse":null,"comasse":null,"hydrasset":null,"intaasset":8.741646073E7,"deveexpe":null,"goodwill":null,"logprepexpe":null,"tradshartrad":null,"defetaxasset":8596639.14,"othernoncasse":5470000.0,"noncasseitse":null,"noncasseform":null,"totalnoncassets":1.96333046811E9,"totassetitse":null,"totalasseform":null,"totasset":2.72227423941E9,"shorttermborr":2.95E8,"tradfinliab":null,"notespaya":1.25944643E8,"accopaya":2.2434256122E8,"advapaym":5.3935242E7,"copeworkersal":1.50827783E7,"taxespaya":2.13561383E7,"intepaya":1018524.66,"divipaya":null,"otherfeepaya":null,"margrequ":null,"intelpay":null,"otherpay":5.687059473E7,"accrexpe":null,"expecurrliab":null,"copewithreinrece":null,"inteticksett":null,"dometicksett":null,"defereve":null,"shorttermbdspaya":null,"duenoncliab":null,"othercurreliabi":null,"currliabitse":null,"currliabform":null,"totalcurrliab":7.9355048221E8,"longborr":null,"bdspaya":null,"longpaya":null,"specpaya":null,"expenoncliab":null,"longdefeinco":2.819745E7,"defeincotaxliab":545076.25,"othernoncliabi":null,"longliabitse":null,"longliabform":null,"totalnoncliab":2.874252625E7,"totliabitse":null,"totliabform":null,"totliab":8.2229300846E8,"paidincapi":1.152E9,"capisurp":2.0963194081E8,"treastk":null,"specrese":null,"rese":8.61505958E7,"generiskrese":null,"unreinveloss":null,"undiprof":4.5219869434E8,"topaycashdivi":null,"curtrandiff":null,"sharrighitse":null,"sharrightform":null,"paresharrigh":1.89998123095E9,"minysharrigh":null,"righaggritse":null,"rightaggrform":null,"righaggr":1.89998123095E9,"rightotitse":null,"rightotform":null,"totliabsharequi":2.72227423941E9,"settresedepo":null,"plac":null,"derifinaasset":null,"reinrece":null,"reincontrese":null,"purcresaasset":null,"cenbankborr":null,"deposit":null,"fdsborr":null,"deriliab":null,"sellrepasse":null,"copepoun":null,"insucontrese":null,"actitradsecu":null,"actiundesecu":null},{"compcode":"80191712","publishdate":"20160422","reportdate":"20151231","reporttype":"100111","adjustdate":"20160422","accstacode":"2","accstaname":"新会计准则","curfds":3.0315932836E8,"tradfinasset":null,"notesrece":1.34796991E7,"accorece":3.75639984E7,"prep":1.0909104357E8,"premrece":null,"interece":2012590.1,"dividrece":null,"otherrece":371222.21,"expotaxrebarece":null,"subsrece":null,"margrece":null,"intelrece":null,"inve":2.6929304567E8,"prepexpe":null,"unseg":null,"expinoncurrasset":null,"othercurrasse":1.536784794E7,"currassetitse":null,"currasseform":null,"totcurrasset":7.5033877535E8,"lendandloan":null,"avaisellasse":null,"holdinvedue":null,"longrece":null,"equiinve":2.7400966246E8,"otherlonginve":null,"inveprop":null,"fixedasseimmo":1.23563146427E9,"accudepr":1.5680321574E8,"fixedassenetw":1.07882824853E9,"fixedasseimpa":null,"fixedassenet":1.07882824853E9,"consprog":4.7484389012E8,"engimate":1.625607419E7,"fixedasseclea":null,"prodasse":null,"comasse":null,"hydrasset":null,"intaasset":8.865125179E7,"deveexpe":null,"goodwill":null,"logprepexpe":null,"tradshartrad":null,"defetaxasset":8677976.64,"othernoncasse":5470000.0,"noncasseitse":null,"noncasseform":null,"totalnoncassets":1.94673710373E9,"totassetitse":null,"totalasseform":null,"totasset":2.69707587908E9,"shorttermborr":3.25E8,"tradfinliab":null,"notespaya":5.234E7,"accopaya":2.919601033E8,"advapaym":6.787053493E7,"copeworkersal":1.475425984E7,"taxespaya":2.724964483E7,"intepaya":458412.14,"divipaya":null,"otherfeepaya":null,"margrequ":null,"intelpay":null,"otherpay":4.391752631E7,"accrexpe":null,"expecurrliab":null,"copewithreinrece":null,"inteticksett":null,"dometicksett":null,"defereve":null,"shorttermbdspaya":null,"duenoncliab":null,"othercurreliabi":null,"currliabitse":null,"currliabform":null,"totalcurrliab":8.2355048135E8,"longborr":null,"bdspaya":null,"longpaya":null,"specpaya":null,"expenoncliab":null,"longdefeinco":2.85228E7,"defeincotaxliab":null,"othernoncliabi":null,"longliabitse":null,"longliabform":null,"totalnoncliab":2.85228E7,"totliabitse":null,"totliabform":null,"totliab":8.5207328135E8,"paidincapi":1.152E9,"capisurp":2.0963194081E8,"treastk":null,"specrese":null,"rese":8.61505958E7,"generiskrese":null,"unreinveloss":null,"undiprof":3.9722006112E8,"topaycashdivi":null,"curtrandiff":null,"sharrighitse":null,"sharrightform":null,"paresharrigh":1.84500259773E9,"minysharrigh":null,"righaggritse":null,"rightaggrform":null,"righaggr":1.84500259773E9,"rightotitse":null,"rightotform":null,"totliabsharequi":2.69707587908E9,"settresedepo":null,"plac":null,"derifinaasset":null,"reinrece":null,"reincontrese":null,"purcresaasset":null,"cenbankborr":null,"deposit":null,"fdsborr":null,"deriliab":null,"sellrepasse":null,"copepoun":null,"insucontrese":null,"actitradsecu":null,"actiundesecu":null},{"compcode":"80191712","publishdate":"20151016","reportdate":"20150930","reporttype":"100111","adjustdate":"20151016","accstacode":"2","accstaname":"新会计准则","curfds":2.4830317092E8,"tradfinasset":null,"notesrece":4677507.55,"accorece":5.970835512E7,"prep":1.4689960665E8,"premrece":null,"interece":596222.6,"dividrece":null,"otherrece":982433.77,"expotaxrebarece":null,"subsrece":null,"margrece":null,"intelrece":null,"inve":2.385473227E8,"prepexpe":null,"unseg":null,"expinoncurrasset":null,"othercurrasse":4175368.89,"currassetitse":null,"currasseform":null,"totcurrasset":7.038899882E8,"lendandloan":null,"avaisellasse":null,"holdinvedue":null,"longrece":null,"equiinve":2.6187437343E8,"otherlonginve":null,"inveprop":null,"fixedasseimmo":null,"accudepr":null,"fixedassenetw":null,"fixedasseimpa":null,"fixedassenet":6.1919066125E8,"consprog":7.3366073092E8,"engimate":1.761610245E7,"fixedasseclea":null,"prodasse":null,"comasse":null,"hydrasset":null,"intaasset":8.942563979E7,"deveexpe":null,"goodwill":null,"logprepexpe":null,"tradshartrad":null,"defetaxasset":6837051.95,"othernoncasse":4000000.0,"noncasseitse":null,"noncasseform":null,"totalnoncassets":1.73260455979E9,"totassetitse":null,"totalasseform":null,"totasset":2.43649454799E9,"shorttermborr":2.9E8,"tradfinliab":null,"notespaya":3.8565E7,"accopaya":1.3495798485E8,"advapaym":5.396583279E7,"copeworkersal":1.13357299E7,"taxespaya":1.3803934E7,"intepaya":382844.43,"divipaya":null,"otherfeepaya":null,"margrequ":null,"intelpay":null,"otherpay":4.726337006E7,"accrexpe":null,"expecurrliab":null,"copewithreinrece":null,"inteticksett":null,"dometicksett":null,"defereve":null,"shorttermbdspaya":null,"duenoncliab":null,"othercurreliabi":null,"currliabitse":null,"currliabform":null,"totalcurrliab":5.9027469603E8,"longborr":null,"bdspaya":null,"longpaya":null,"specpaya":null,"expenoncliab":null,"longdefeinco":2.89E7,"defeincotaxliab":6839062.42,"othernoncliabi":null,"longliabitse":null,"longliabform":null,"totalnoncliab":3.573906242E7,"totliabitse":null,"totliabform":null,"totliab":6.2601375845E8,"paidincapi":1.152E9,"capisurp":2.0638557123E8,"treastk":null,"specrese":null,"rese":7.318750264E7,"generiskrese":null,"unreinveloss":null,"undiprof":3.7890771567E8,"topaycashdivi":null,"curtrandiff":null,"sharrighitse":null,"sharrightform":null,"paresharrigh":1.81048078954E9,"minysharrigh":null,"righaggritse":null,"rightaggrform":null,"righaggr":1.81048078954E9,"rightotitse":null,"rightotform":null,"totliabsharequi":2.43649454799E9,"settresedepo":null,"plac":null,"derifinaasset":null,"reinrece":null,"reincontrese":null,"purcresaasset":null,"cenbankborr":null,"deposit":null,"fdsborr":null,"deriliab":null,"sellrepasse":null,"copepoun":null,"insucontrese":null,"actitradsecu":null,"actiundesecu":null},{"compcode":"80191712","publishdate":"20150825","reportdate":"20150630","reporttype":"100111","adjustdate":"20150825","accstacode":"2","accstaname":"新会计准则","curfds":2.9631158982E8,"tradfinasset":null,"notesrece":4559080.11,"accorece":5.186942961E7,"prep":1.5649905202E8,"premrece":null,"interece":154555.55,"dividrece":null,"otherrece":1216872.29,"expotaxrebarece":null,"subsrece":null,"margrece":null,"intelrece":null,"inve":2.2346667751E8,"prepexpe":null,"unseg":null,"expinoncurrasset":null,"othercurrasse":7850778.74,"currassetitse":null,"currasseform":null,"totcurrasset":7.4192803565E8,"lendandloan":null,"avaisellasse":null,"holdinvedue":null,"longrece":null,"equiinve":3.2963118543E8,"otherlonginve":null,"inveprop":null,"fixedasseimmo":4.684665904E8,"accudepr":1.4233869606E8,"fixedassenetw":3.2612789434E8,"fixedasseimpa":null,"fixedassenet":3.2612789434E8,"consprog":9.2296015387E8,"engimate":1.600974553E7,"fixedasseclea":null,"prodasse":null,"comasse":null,"hydrasset":null,"intaasset":9.045324287E7,"deveexpe":null,"goodwill":null,"logprepexpe":null,"tradshartrad":null,"defetaxasset":6837051.94,"othernoncasse":4000000.0,"noncasseitse":null,"noncasseform":null,"totalnoncassets":1.69601927398E9,"totassetitse":null,"totalasseform":null,"totasset":2.43794730963E9,"shorttermborr":2.8E8,"tradfinliab":null,"notespaya":4.1995E7,"accopaya":1.1360887868E8,"advapaym":3.274213584E7,"copeworkersal":1.165956181E7,"taxespaya":2.185777773E7,"intepaya":376516.67,"divipaya":null,"otherfeepaya":null,"margrequ":null,"intelpay":null,"otherpay":4.812271197E7,"accrexpe":null,"expecurrliab":null,"copewithreinrece":null,"inteticksett":null,"dometicksett":null,"defereve":null,"shorttermbdspaya":null,"duenoncliab":null,"othercurreliabi":null,"currliabitse":null,"currliabform":null,"totalcurrliab":5.503625827E8,"longborr":null,"bdspaya":null,"longpaya":null,"specpaya":null,"expenoncliab":null,"longdefeinco":2.252E7,"defeincotaxliab":2.226045114E7,"othernoncliabi":null,"longliabitse":null,"longliabform":null,"totalnoncliab":4.478045114E7,"totliabitse":null,"totliabform":null,"totliab":5.9514303384E8,"paidincapi":4.608E8,"capisurp":8.9758557123E8,"treastk":null,"specrese":null,"rese":7.318750264E7,"generiskrese":null,"unreinveloss":null,"undiprof":4.1123120192E8,"topaycashdivi":null,"curtrandiff":null,"sharrighitse":null,"sharrightform":null,"paresharrigh":1.84280427579E9,"minysharrigh":null,"righaggritse":null,"rightaggrform":null,"righaggr":1.84280427579E9,"rightotitse":null,"rightotform":null,"totliabsharequi":2.43794730963E9,"settresedepo":null,"plac":null,"derifinaasset":null,"reinrece":null,"reincontrese":null,"purcresaasset":null,"cenbankborr":null,"deposit":null,"fdsborr":null,"deriliab":null,"sellrepasse":null,"copepoun":null,"insucontrese":null,"actitradsecu":null,"actiundesecu":null},{"compcode":"80191712","publishdate":"20150424","reportdate":"20150331","reporttype":"100111","adjustdate":"20150424","accstacode":"2","accstaname":"新会计准则","curfds":2.9908257787E8,"tradfinasset":null,"notesrece":6953670.11,"accorece":5.397756816E7,"prep":1.5667567176E8,"premrece":null,"interece":1203522.08,"dividrece":null,"otherrece":2193221.71,"expotaxrebarece":null,"subsrece":null,"margrece":null,"intelrece":null,"inve":1.9888032702E8,"prepexpe":null,"unseg":null,"expinoncurrasset":null,"othercurrasse":7926216.12,"currassetitse":null,"currasseform":null,"totcurrasset":7.2689277483E8,"lendandloan":null,"avaisellasse":null,"holdinvedue":null,"longrece":null,"equiinve":2.1896801755E8,"otherlonginve":null,"inveprop":null,"fixedasseimmo":null,"accudepr":null,"fixedassenetw":null,"fixedasseimpa":null,"fixedassenet":2.3458613716E8,"consprog":9.517343762E8,"engimate":1.22215347E7,"fixedasseclea":null,"prodasse":null,"comasse":null,"hydrasset":null,"intaasset":9.148101353E7,"deveexpe":null,"goodwill":null,"logprepexpe":null,"tradshartrad":null,"defetaxasset":6446918.1,"othernoncasse":4000000.0,"noncasseitse":null,"noncasseform":null,"totalnoncassets":1.51943799724E9,"totassetitse":null,"totalasseform":null,"totasset":2.24633077207E9,"shorttermborr":2.0E8,"tradfinliab":null,"notespaya":5770000.0,"accopaya":1.0402983468E8,"advapaym":4.444257493E7,"copeworkersal":1.428223617E7,"taxespaya":2.349283205E7,"intepaya":340797.2,"divipaya":null,"otherfeepaya":null,"margrequ":null,"intelpay":null,"otherpay":3.79228663E7,"accrexpe":null,"expecurrliab":null,"copewithreinrece":null,"inteticksett":null,"dometicksett":null,"defereve":null,"shorttermbdspaya":null,"duenoncliab":null,"othercurreliabi":null,"currliabitse":null,"currliabform":null,"totalcurrliab":4.3028114133E8,"longborr":null,"bdspaya":null,"longpaya":null,"specpaya":null,"expenoncliab":null,"longdefeinco":2.252E7,"defeincotaxliab":null,"othernoncliabi":null,"longliabitse":null,"longliabform":null,"totalnoncliab":2.252E7,"totliabitse":null,"totliabform":null,"totliab":4.5280114133E8,"paidincapi":4.608E8,"capisurp":8.9758557123E8,"treastk":null,"specrese":null,"rese":7.318750264E7,"generiskrese":null,"unreinveloss":null,"undiprof":3.6195655687E8,"topaycashdivi":null,"curtrandiff":null,"sharrighitse":null,"sharrightform":null,"paresharrigh":1.79352963074E9,"minysharrigh":null,"righaggritse":null,"rightaggrform":null,"righaggr":1.79352963074E9,"rightotitse":null,"rightotform":null,"totliabsharequi":2.24633077207E9,"settresedepo":null,"plac":null,"derifinaasset":null,"reinrece":null,"reincontrese":null,"purcresaasset":null,"cenbankborr":null,"deposit":null,"fdsborr":null,"deriliab":null,"sellrepasse":null,"copepoun":null,"insucontrese":null,"actitradsecu":null,"actiundesecu":null},{"compcode":"80191712","publishdate":"20150320","reportdate":"20141231","reporttype":"100111","adjustdate":"20150320","accstacode":"2","accstaname":"新会计准则","curfds":4.9017949784E8,"tradfinasset":null,"notesrece":1.36376969E7,"accorece":4.821493384E7,"prep":1.3640988245E8,"premrece":null,"interece":1024243.84,"dividrece":null,"otherrece":1118592.15,"expotaxrebarece":null,"subsrece":null,"margrece":null,"intelrece":null,"inve":2.0544371622E8,"prepexpe":null,"unseg":null,"expinoncurrasset":null,"othercurrasse":1.213644517E7,"currassetitse":null,"currasseform":null,"totcurrasset":9.0816500841E8,"lendandloan":null,"avaisellasse":null,"holdinvedue":null,"longrece":null,"equiinve":2.1255054749E8,"otherlonginve":null,"inveprop":null,"fixedasseimmo":3.6941727549E8,"accudepr":1.3005143697E8,"fixedassenetw":2.3936583852E8,"fixedasseimpa":null,"fixedassenet":2.3936583852E8,"consprog":8.2295156265E8,"engimate":1.205932597E7,"fixedasseclea":null,"prodasse":null,"comasse":null,"hydrasset":null,"intaasset":9.249769957E7,"deveexpe":null,"goodwill":null,"logprepexpe":null,"tradshartrad":null,"defetaxasset":6446918.1,"othernoncasse":4000000.0,"noncasseitse":null,"noncasseform":null,"totalnoncassets":1.3898718923E9,"totassetitse":null,"totalasseform":null,"totasset":2.29803690071E9,"shorttermborr":2.4E8,"tradfinliab":null,"notespaya":1.0028E8,"accopaya":6.930660511E7,"advapaym":4.962606373E7,"copeworkersal":1.327953827E7,"taxespaya":2.993274268E7,"intepaya":471972.22,"divipaya":null,"otherfeepaya":null,"margrequ":null,"intelpay":null,"otherpay":3.210552001E7,"accrexpe":null,"expecurrliab":null,"copewithreinrece":null,"inteticksett":null,"dometicksett":null,"defereve":null,"shorttermbdspaya":null,"duenoncliab":null,"othercurreliabi":null,"currliabitse":null,"currliabform":null,"totalcurrliab":5.3500244202E8,"longborr":null,"bdspaya":null,"longpaya":null,"specpaya":null,"expenoncliab":null,"longdefeinco":2.252E7,"defeincotaxliab":null,"othernoncliabi":null,"longliabitse":null,"longliabform":null,"totalnoncliab":2.252E7,"totliabitse":null,"totliabform":null,"totliab":5.5752244202E8,"paidincapi":4.608E8,"capisurp":8.9758557123E8,"treastk":null,"specrese":null,"rese":7.318750264E7,"generiskrese":null,"unreinveloss":null,"undiprof":3.0894138482E8,"topaycashdivi":null,"curtrandiff":null,"sharrighitse":null,"sharrightform":null,"paresharrigh":1.74051445869E9,"minysharrigh":null,"righaggritse":null,"rightaggrform":null,"righaggr":1.74051445869E9,"rightotitse":null,"rightotform":null,"totliabsharequi":2.29803690071E9,"settresedepo":null,"plac":null,"derifinaasset":null,"reinrece":null,"reincontrese":null,"purcresaasset":null,"cenbankborr":null,"deposit":null,"fdsborr":null,"deriliab":null,"sellrepasse":null,"copepoun":null,"insucontrese":null,"actitradsecu":null,"actiundesecu":null},{"compcode":"80191712","publishdate":"20141028","reportdate":"20140930","reporttype":"100111","adjustdate":"20141028","accstacode":"2","accstaname":"新会计准则","curfds":4.728367012E8,"tradfinasset":null,"notesrece":4.0318617E7,"accorece":7.293962698E7,"prep":3.0095400991E8,"premrece":null,"interece":null,"dividrece":null,"otherrece":1830222.61,"expotaxrebarece":null,"subsrece":null,"margrece":null,"intelrece":null,"inve":2.2703194641E8,"prepexpe":null,"unseg":null,"expinoncurrasset":null,"othercurrasse":2996464.81,"currassetitse":null,"currasseform":null,"totcurrasset":1.11890758892E9,"lendandloan":null,"avaisellasse":null,"holdinvedue":null,"longrece":null,"equiinve":2.0906975686E8,"otherlonginve":null,"inveprop":null,"fixedasseimmo":null,"accudepr":null,"fixedassenetw":null,"fixedasseimpa":null,"fixedassenet":2.3220223915E8,"consprog":7.9124973113E8,"engimate":9768477.53,"fixedasseclea":null,"prodasse":null,"comasse":null,"hydrasset":null,"intaasset":9.34849828E7,"deveexpe":null,"goodwill":null,"logprepexpe":null,"tradshartrad":null,"defetaxasset":2382710.99,"othernoncasse":null,"noncasseitse":null,"noncasseform":null,"totalnoncassets":1.33815789846E9,"totassetitse":null,"totalasseform":null,"totasset":2.45706548738E9,"shorttermborr":2.4E8,"tradfinliab":null,"notespaya":2.1038E8,"accopaya":1.3140949762E8,"advapaym":6.330432107E7,"copeworkersal":1.00218454E7,"taxespaya":2.074309671E7,"intepaya":422555.56,"divipaya":null,"otherfeepaya":null,"margrequ":null,"intelpay":null,"otherpay":3.854279559E7,"accrexpe":null,"expecurrliab":null,"copewithreinrece":null,"inteticksett":null,"dometicksett":null,"defereve":null,"shorttermbdspaya":null,"duenoncliab":null,"othercurreliabi":null,"currliabitse":null,"currliabform":null,"totalcurrliab":7.1482411195E8,"longborr":null,"bdspaya":null,"longpaya":null,"specpaya":null,"expenoncliab":null,"longdefeinco":null,"defeincotaxliab":null,"othernoncliabi":2.102E7,"longliabitse":null,"longliabform":null,"totalnoncliab":2.102E7,"totliabitse":null,"totliabform":null,"totliab":7.3584411195E8,"paidincapi":4.608E8,"capisurp":8.9758557123E8,"treastk":null,"specrese":null,"rese":6.023835503E7,"generiskrese":null,"unreinveloss":null,"undiprof":3.0259744917E8,"topaycashdivi":null,"curtrandiff":null,"sharrighitse":null,"sharrightform":null,"paresharrigh":1.72122137543E9,"minysharrigh":null,"righaggritse":null,"rightaggrform":null,"righaggr":1.72122137543E9,"rightotitse":null,"rightotform":null,"totliabsharequi":2.45706548738E9,"settresedepo":null,"plac":null,"derifinaasset":null,"reinrece":null,"reincontrese":null,"purcresaasset":null,"cenbankborr":null,"deposit":null,"fdsborr":null,"deriliab":null,"sellrepasse":null,"copepoun":null,"insucontrese":null,"actitradsecu":null,"actiundesecu":null},{"compcode":"80191712","publishdate":"20140815","reportdate":"20140630","reporttype":"100111","adjustdate":"20140815","accstacode":"2","accstaname":"新会计准则","curfds":5.6494027123E8,"tradfinasset":null,"notesrece":4.0500778E7,"accorece":5.431105745E7,"prep":3.1702224905E8,"premrece":null,"interece":null,"dividrece":null,"otherrece":1022386.86,"expotaxrebarece":null,"subsrece":null,"margrece":null,"intelrece":null,"inve":2.3929739153E8,"prepexpe":null,"unseg":null,"expinoncurrasset":null,"othercurrasse":4965273.7,"currassetitse":null,"currasseform":null,"totcurrasset":1.22205940782E9,"lendandloan":null,"avaisellasse":null,"holdinvedue":null,"longrece":null,"equiinve":2.06E8,"otherlonginve":null,"inveprop":null,"fixedasseimmo":3.5432099137E8,"accudepr":1.1785003745E8,"fixedassenetw":2.3647095392E8,"fixedasseimpa":null,"fixedassenet":2.3647095392E8,"consprog":7.1084759381E8,"engimate":8178513.66,"fixedasseclea":null,"prodasse":null,"comasse":null,"hydrasset":null,"intaasset":9.41798281E7,"deveexpe":null,"goodwill":null,"logprepexpe":null,"tradshartrad":null,"defetaxasset":2382710.99,"othernoncasse":null,"noncasseitse":null,"noncasseform":null,"totalnoncassets":1.25805960048E9,"totassetitse":null,"totalasseform":null,"totasset":2.4801190083E9,"shorttermborr":2.2830418473E8,"tradfinliab":null,"notespaya":3.68E8,"accopaya":7.338030835E7,"advapaym":2.793530722E7,"copeworkersal":9369004.6,"taxespaya":2.624704752E7,"intepaya":558654.24,"divipaya":null,"otherfeepaya":null,"margrequ":null,"intelpay":null,"otherpay":3.615543404E7,"accrexpe":null,"expecurrliab":null,"copewithreinrece":null,"inteticksett":null,"dometicksett":null,"defereve":null,"shorttermbdspaya":null,"duenoncliab":null,"othercurreliabi":null,"currliabitse":null,"currliabform":null,"totalcurrliab":7.699499407E8,"longborr":null,"bdspaya":null,"longpaya":null,"specpaya":null,"expenoncliab":null,"longdefeinco":null,"defeincotaxliab":null,"othernoncliabi":2.102E7,"longliabitse":null,"longliabform":null,"totalnoncliab":2.102E7,"totliabitse":null,"totliabform":null,"totliab":7.909699407E8,"paidincapi":4.608E8,"capisurp":8.9758557123E8,"treastk":null,"specrese":null,"rese":6.023835503E7,"generiskrese":null,"unreinveloss":null,"undiprof":2.7052514134E8,"topaycashdivi":null,"curtrandiff":null,"sharrighitse":null,"sharrightform":null,"paresharrigh":1.6891490676E9,"minysharrigh":null,"righaggritse":null,"rightaggrform":null,"righaggr":1.6891490676E9,"rightotitse":null,"rightotform":null,"totliabsharequi":2.4801190083E9,"settresedepo":null,"plac":null,"derifinaasset":null,"reinrece":null,"reincontrese":null,"purcresaasset":null,"cenbankborr":null,"deposit":null,"fdsborr":null,"deriliab":null,"sellrepasse":null,"copepoun":null,"insucontrese":null,"actitradsecu":null,"actiundesecu":null},{"compcode":"80191712","publishdate":"20140429","reportdate":"20140331","reporttype":"100111","adjustdate":"20140429","accstacode":"2","accstaname":"新会计准则","curfds":5.1718686372E8,"tradfinasset":null,"notesrece":5.2175322E7,"accorece":3.893674109E7,"prep":4.2482583215E8,"premrece":null,"interece":3349305.56,"dividrece":null,"otherrece":4435575.29,"expotaxrebarece":null,"subsrece":null,"margrece":null,"intelrece":null,"inve":2.0657474073E8,"prepexpe":null,"unseg":null,"expinoncurrasset":null,"othercurrasse":5740719.67,"currassetitse":null,"currasseform":null,"totcurrasset":1.25322510021E9,"lendandloan":null,"avaisellasse":null,"holdinvedue":null,"longrece":null,"equiinve":1.54E8,"otherlonginve":null,"inveprop":null,"fixedasseimmo":null,"accudepr":null,"fixedassenetw":null,"fixedasseimpa":null,"fixedassenet":2.3823547577E8,"consprog":6.9258654983E8,"engimate":7113414.1,"fixedasseclea":null,"prodasse":null,"comasse":null,"hydrasset":null,"intaasset":9.518910226E7,"deveexpe":null,"goodwill":null,"logprepexpe":null,"tradshartrad":null,"defetaxasset":1790106.7,"othernoncasse":null,"noncasseitse":null,"noncasseform":null,"totalnoncassets":1.18891464866E9,"totassetitse":null,"totalasseform":null,"totasset":2.44213974887E9,"shorttermborr":9.0E7,"tradfinliab":null,"notespaya":3.68E8,"accopaya":7.521194371E7,"advapaym":4.205667232E7,"copeworkersal":1.214177533E7,"taxespaya":1.095237561E7,"intepaya":null,"divipaya":null,"otherfeepaya":null,"margrequ":null,"intelpay":null,"otherpay":3.366893249E7,"accrexpe":null,"expecurrliab":null,"copewithreinrece":null,"inteticksett":null,"dometicksett":null,"defereve":null,"shorttermbdspaya":null,"duenoncliab":null,"othercurreliabi":null,"currliabitse":null,"currliabform":null,"totalcurrliab":6.3203169946E8,"longborr":null,"bdspaya":null,"longpaya":null,"specpaya":null,"expenoncliab":null,"longdefeinco":null,"defeincotaxliab":null,"othernoncliabi":2.012E7,"longliabitse":null,"longliabform":null,"totalnoncliab":2.012E7,"totliabitse":null,"totliabform":null,"totliab":6.5215169946E8,"paidincapi":2.304E8,"capisurp":1.12798557123E9,"treastk":null,"specrese":null,"rese":6.023835503E7,"generiskrese":null,"unreinveloss":null,"undiprof":3.7136412315E8,"topaycashdivi":null,"curtrandiff":null,"sharrighitse":null,"sharrightform":null,"paresharrigh":1.78998804941E9,"minysharrigh":null,"righaggritse":null,"rightaggrform":null,"righaggr":1.78998804941E9,"rightotitse":null,"rightotform":null,"totliabsharequi":2.44213974887E9,"settresedepo":null,"plac":null,"derifinaasset":null,"reinrece":null,"reincontrese":null,"purcresaasset":null,"cenbankborr":null,"deposit":null,"fdsborr":null,"deriliab":null,"sellrepasse":null,"copepoun":null,"insucontrese":null,"actitradsecu":null,"actiundesecu":null},{"compcode":"80191712","publishdate":"20140424","reportdate":"20131231","reporttype":"100111","adjustdate":"20140424","accstacode":"2","accstaname":"新会计准则","curfds":5.3613837694E8,"tradfinasset":2.0E7,"notesrece":2.5538428E7,"accorece":1.742352844E7,"prep":3.1099080806E8,"premrece":null,"interece":2536805.56,"dividrece":null,"otherrece":1676044.85,"expotaxrebarece":null,"subsrece":null,"margrece":null,"intelrece":null,"inve":1.9309601383E8,"prepexpe":null,"unseg":null,"expinoncurrasset":null,"othercurrasse":1.343262368E7,"currassetitse":null,"currasseform":null,"totcurrasset":1.12083262936E9,"lendandloan":null,"avaisellasse":null,"holdinvedue":null,"longrece":null,"equiinve":null,"otherlonginve":null,"inveprop":null,"fixedasseimmo":3.4781042578E8,"accudepr":1.0639979688E8,"fixedassenetw":2.414106289E8,"fixedasseimpa":null,"fixedassenet":2.414106289E8,"consprog":6.5502985817E8,"engimate":5285130.96,"fixedasseclea":null,"prodasse":null,"comasse":null,"hydrasset":null,"intaasset":9.620166463E7,"deveexpe":null,"goodwill":null,"logprepexpe":null,"tradshartrad":null,"defetaxasset":1790106.7,"othernoncasse":null,"noncasseitse":null,"noncasseform":null,"totalnoncassets":9.9971738936E8,"totassetitse":null,"totalasseform":null,"totasset":2.12055001872E9,"shorttermborr":null,"tradfinliab":null,"notespaya":1.8E8,"accopaya":7.273724719E7,"advapaym":4.015176521E7,"copeworkersal":1.075751287E7,"taxespaya":2.596179477E7,"intepaya":null,"divipaya":null,"otherfeepaya":null,"margrequ":null,"intelpay":null,"otherpay":3.467748388E7,"accrexpe":null,"expecurrliab":null,"copewithreinrece":null,"inteticksett":null,"dometicksett":null,"defereve":null,"shorttermbdspaya":null,"duenoncliab":null,"othercurreliabi":null,"currliabitse":null,"currliabform":null,"totalcurrliab":3.6428580392E8,"longborr":null,"bdspaya":null,"longpaya":null,"specpaya":null,"expenoncliab":null,"longdefeinco":null,"defeincotaxliab":null,"othernoncliabi":1.04E7,"longliabitse":null,"longliabform":null,"totalnoncliab":1.04E7,"totliabitse":null,"totliabform":null,"totliab":3.7468580392E8,"paidincapi":2.304E8,"capisurp":1.12798557123E9,"treastk":null,"specrese":null,"rese":6.023835503E7,"generiskrese":null,"unreinveloss":null,"undiprof":3.2724028854E8,"topaycashdivi":null,"curtrandiff":null,"sharrighitse":null,"sharrightform":null,"paresharrigh":1.7458642148E9,"minysharrigh":null,"righaggritse":null,"rightaggrform":null,"righaggr":1.7458642148E9,"rightotitse":null,"rightotform":null,"totliabsharequi":2.12055001872E9,"settresedepo":null,"plac":null,"derifinaasset":null,"reinrece":null,"reincontrese":null,"purcresaasset":null,"cenbankborr":null,"deposit":null,"fdsborr":null,"deriliab":null,"sellrepasse":null,"copepoun":null,"insucontrese":null,"actitradsecu":null,"actiundesecu":null},{"compcode":"80191712","publishdate":"20131024","reportdate":"20130930","reporttype":"100111","adjustdate":"20131024","accstacode":"2","accstaname":"新会计准则","curfds":5.3399925364E8,"tradfinasset":null,"notesrece":1.054E7,"accorece":2.477936895E7,"prep":4.3957428549E8,"premrece":null,"interece":5837676.83,"dividrece":null,"otherrece":7361212.4,"expotaxrebarece":null,"subsrece":null,"margrece":null,"intelrece":null,"inve":1.8747854772E8,"prepexpe":null,"unseg":null,"expinoncurrasset":null,"othercurrasse":2000000.0,"currassetitse":null,"currasseform":null,"totcurrasset":1.21157034503E9,"lendandloan":null,"avaisellasse":null,"holdinvedue":null,"longrece":null,"equiinve":null,"otherlonginve":null,"inveprop":null,"fixedasseimmo":null,"accudepr":null,"fixedassenetw":null,"fixedasseimpa":null,"fixedassenet":2.4825948276E8,"consprog":4.3328650864E8,"engimate":null,"fixedasseclea":null,"prodasse":null,"comasse":null,"hydrasset":null,"intaasset":9.625413199E7,"deveexpe":null,"goodwill":null,"logprepexpe":null,"tradshartrad":null,"defetaxasset":488830.92,"othernoncasse":null,"noncasseitse":null,"noncasseform":null,"totalnoncassets":7.7828895431E8,"totassetitse":null,"totalasseform":null,"totasset":1.98985929934E9,"shorttermborr":null,"tradfinliab":null,"notespaya":1.1E8,"accopaya":6.646582616E7,"advapaym":6.050194653E7,"copeworkersal":8363403.91,"taxespaya":1.675332048E7,"intepaya":null,"divipaya":null,"otherfeepaya":null,"margrequ":null,"intelpay":null,"otherpay":3.026935612E7,"accrexpe":null,"expecurrliab":null,"copewithreinrece":null,"inteticksett":null,"dometicksett":null,"defereve":null,"shorttermbdspaya":null,"duenoncliab":null,"othercurreliabi":null,"currliabitse":null,"currliabform":null,"totalcurrliab":2.923538532E8,"longborr":null,"bdspaya":null,"longpaya":null,"specpaya":null,"expenoncliab":null,"longdefeinco":null,"defeincotaxliab":null,"othernoncliabi":4000000.0,"longliabitse":null,"longliabform":null,"totalnoncliab":4000000.0,"totliabitse":null,"totliabform":null,"totliab":2.963538532E8,"paidincapi":2.304E8,"capisurp":1.12798557123E9,"treastk":null,"specrese":null,"rese":4.288333033E7,"generiskrese":null,"unreinveloss":null,"undiprof":2.9223654458E8,"topaycashdivi":null,"curtrandiff":null,"sharrighitse":null,"sharrightform":null,"paresharrigh":1.69350544614E9,"minysharrigh":null,"righaggritse":null,"rightaggrform":null,"righaggr":1.69350544614E9,"rightotitse":null,"rightotform":null,"totliabsharequi":1.98985929934E9,"settresedepo":null,"plac":null,"derifinaasset":null,"reinrece":null,"reincontrese":null,"purcresaasset":null,"cenbankborr":null,"deposit":null,"fdsborr":null,"deriliab":null,"sellrepasse":null,"copepoun":null,"insucontrese":null,"actitradsecu":null,"actiundesecu":null},{"compcode":"80191712","publishdate":"20130815","reportdate":"20130630","reporttype":"100111","adjustdate":"20130815","accstacode":"2","accstaname":"新会计准则","curfds":6.6414450867E8,"tradfinasset":null,"notesrece":7173699.0,"accorece":2.528163094E7,"prep":2.0726139915E8,"premrece":null,"interece":6159644.17,"dividrece":null,"otherrece":2130972.43,"expotaxrebarece":null,"subsrece":null,"margrece":null,"intelrece":null,"inve":1.9588593583E8,"prepexpe":null,"unseg":null,"expinoncurrasset":null,"othercurrasse":2000000.0,"currassetitse":null,"currasseform":null,"totcurrasset":1.11003779019E9,"lendandloan":null,"avaisellasse":null,"holdinvedue":null,"longrece":null,"equiinve":null,"otherlonginve":null,"inveprop":null,"fixedasseimmo":3.2988320297E8,"accudepr":9.478977198E7,"fixedassenetw":2.3509343099E8,"fixedasseimpa":null,"fixedassenet":2.3509343099E8,"consprog":4.350062838E8,"engimate":null,"fixedasseclea":null,"prodasse":null,"comasse":null,"hydrasset":null,"intaasset":9.719500442E7,"deveexpe":null,"goodwill":null,"logprepexpe":null,"tradshartrad":null,"defetaxasset":488830.92,"othernoncasse":null,"noncasseitse":null,"noncasseform":null,"totalnoncassets":7.6778355013E8,"totassetitse":null,"totalasseform":null,"totasset":1.87782134032E9,"shorttermborr":null,"tradfinliab":null,"notespaya":4.0E7,"accopaya":6.559184666E7,"advapaym":6.21254652E7,"copeworkersal":8458115.53,"taxespaya":9473527.06,"intepaya":null,"divipaya":null,"otherfeepaya":null,"margrequ":null,"intelpay":null,"otherpay":2.994096501E7,"accrexpe":null,"expecurrliab":null,"copewithreinrece":null,"inteticksett":null,"dometicksett":null,"defereve":null,"shorttermbdspaya":null,"duenoncliab":null,"othercurreliabi":null,"currliabitse":null,"currliabform":null,"totalcurrliab":2.1558991946E8,"longborr":null,"bdspaya":null,"longpaya":null,"specpaya":null,"expenoncliab":null,"longdefeinco":null,"defeincotaxliab":null,"othernoncliabi":null,"longliabitse":null,"longliabform":null,"totalnoncliab":0.0,"totliabitse":null,"totliabform":null,"totliab":2.1558991946E8,"paidincapi":2.304E8,"capisurp":1.12798557123E9,"treastk":null,"specrese":null,"rese":4.288333033E7,"generiskrese":null,"unreinveloss":null,"undiprof":2.609625193E8,"topaycashdivi":null,"curtrandiff":null,"sharrighitse":null,"sharrightform":null,"paresharrigh":1.66223142086E9,"minysharrigh":null,"righaggritse":null,"rightaggrform":null,"righaggr":1.66223142086E9,"rightotitse":null,"rightotform":null,"totliabsharequi":1.87782134032E9,"settresedepo":null,"plac":null,"derifinaasset":null,"reinrece":null,"reincontrese":null,"purcresaasset":null,"cenbankborr":null,"deposit":null,"fdsborr":null,"deriliab":null,"sellrepasse":null,"copepoun":null,"insucontrese":null,"actitradsecu":null,"actiundesecu":null},{"compcode":"80191712","publishdate":"20130424","reportdate":"20130331","reporttype":"100111","adjustdate":"20130424","accstacode":"2","accstaname":"新会计准则","curfds":8.7013054096E8,"tradfinasset":null,"notesrece":1.4655117E7,"accorece":5.97797923E7,"prep":1.806504741E8,"premrece":null,"interece":1.439574324E7,"dividrece":null,"otherrece":3522290.3,"expotaxrebarece":null,"subsrece":null,"margrece":null,"intelrece":null,"inve":1.9575695155E8,"prepexpe":null,"unseg":null,"expinoncurrasset":null,"othercurrasse":2000000.0,"currassetitse":null,"currasseform":null,"totcurrasset":1.34089090945E9,"lendandloan":null,"avaisellasse":null,"holdinvedue":null,"longrece":null,"equiinve":null,"otherlonginve":null,"inveprop":null,"fixedasseimmo":null,"accudepr":null,"fixedassenetw":null,"fixedasseimpa":null,"fixedassenet":2.3193025073E8,"consprog":2.6904729767E8,"engimate":null,"fixedasseclea":null,"prodasse":null,"comasse":null,"hydrasset":null,"intaasset":9.749057322E7,"deveexpe":null,"goodwill":null,"logprepexpe":null,"tradshartrad":null,"defetaxasset":1639579.08,"othernoncasse":null,"noncasseitse":null,"noncasseform":null,"totalnoncassets":6.001077007E8,"totassetitse":null,"totalasseform":null,"totasset":1.94099861015E9,"shorttermborr":null,"tradfinliab":null,"notespaya":null,"accopaya":7.611686269E7,"advapaym":6.46808399E7,"copeworkersal":1.16351086E7,"taxespaya":1.357839378E7,"intepaya":null,"divipaya":null,"otherfeepaya":null,"margrequ":null,"intelpay":null,"otherpay":3.342751961E7,"accrexpe":null,"expecurrliab":null,"copewithreinrece":null,"inteticksett":null,"dometicksett":null,"defereve":null,"shorttermbdspaya":null,"duenoncliab":null,"othercurreliabi":null,"currliabitse":null,"currliabform":null,"totalcurrliab":1.9943872458E8,"longborr":null,"bdspaya":null,"longpaya":null,"specpaya":null,"expenoncliab":null,"longdefeinco":null,"defeincotaxliab":null,"othernoncliabi":null,"longliabitse":null,"longliabform":null,"totalnoncliab":0.0,"totliabitse":null,"totliabform":null,"totliab":1.9943872458E8,"paidincapi":1.92E8,"capisurp":1.16638557123E9,"treastk":null,"specrese":null,"rese":4.288333033E7,"generiskrese":null,"unreinveloss":null,"undiprof":3.4029098401E8,"topaycashdivi":null,"curtrandiff":null,"sharrighitse":null,"sharrightform":null,"paresharrigh":1.74155988557E9,"minysharrigh":null,"righaggritse":null,"rightaggrform":null,"righaggr":1.74155988557E9,"rightotitse":null,"rightotform":null,"totliabsharequi":1.94099861015E9,"settresedepo":null,"plac":null,"derifinaasset":null,"reinrece":null,"reincontrese":null,"purcresaasset":null,"cenbankborr":null,"deposit":null,"fdsborr":null,"deriliab":null,"sellrepasse":null,"copepoun":null,"insucontrese":null,"actitradsecu":null,"actiundesecu":null},{"compcode":"80191712","publishdate":"20130411","reportdate":"20121231","reporttype":"100111","adjustdate":"20130411","accstacode":"2","accstaname":"新会计准则","curfds":1.11516250938E9,"tradfinasset":null,"notesrece":5790631.0,"accorece":1.690131351E7,"prep":1.3670698188E8,"premrece":null,"interece":2.298932245E7,"dividrece":null,"otherrece":8531194.28,"expotaxrebarece":null,"subsrece":null,"margrece":null,"intelrece":null,"inve":1.6562886745E8,"prepexpe":null,"unseg":null,"expinoncurrasset":null,"othercurrasse":2000000.0,"currassetitse":null,"currasseform":null,"totcurrasset":1.47371081995E9,"lendandloan":null,"avaisellasse":null,"holdinvedue":null,"longrece":null,"equiinve":null,"otherlonginve":null,"inveprop":null,"fixedasseimmo":2.5870157407E8,"accudepr":8.462007568E7,"fixedassenetw":1.7408149839E8,"fixedasseimpa":null,"fixedassenet":1.7408149839E8,"consprog":1.3481887779E8,"engimate":null,"fixedasseclea":null,"prodasse":null,"comasse":null,"hydrasset":null,"intaasset":7.257171442E7,"deveexpe":null,"goodwill":null,"logprepexpe":null,"tradshartrad":null,"defetaxasset":1639454.09,"othernoncasse":1.0E7,"noncasseitse":null,"noncasseform":null,"totalnoncassets":3.9311154469E8,"totassetitse":null,"totalasseform":null,"totasset":1.86682236464E9,"shorttermborr":null,"tradfinliab":null,"notespaya":null,"accopaya":4.789955301E7,"advapaym":5.412073544E7,"copeworkersal":8545054.7,"taxespaya":3.210863133E7,"intepaya":null,"divipaya":null,"otherfeepaya":null,"margrequ":null,"intelpay":null,"otherpay":2.49646832E7,"accrexpe":null,"expecurrliab":null,"copewithreinrece":null,"inteticksett":null,"dometicksett":null,"defereve":null,"shorttermbdspaya":null,"duenoncliab":null,"othercurreliabi":null,"currliabitse":null,"currliabform":null,"totalcurrliab":1.6763865768E8,"longborr":null,"bdspaya":null,"longpaya":null,"specpaya":null,"expenoncliab":null,"longdefeinco":null,"defeincotaxliab":null,"othernoncliabi":null,"longliabitse":null,"longliabform":null,"totalnoncliab":0.0,"totliabitse":null,"totliabform":null,"totliab":1.6763865768E8,"paidincapi":1.92E8,"capisurp":1.16638557123E9,"treastk":null,"specrese":null,"rese":4.288333033E7,"generiskrese":null,"unreinveloss":null,"undiprof":2.979148054E8,"topaycashdivi":null,"curtrandiff":null,"sharrighitse":null,"sharrightform":null,"paresharrigh":1.69918370696E9,"minysharrigh":null,"righaggritse":null,"rightaggrform":null,"righaggr":1.69918370696E9,"rightotitse":null,"rightotform":null,"totliabsharequi":1.86682236464E9,"settresedepo":null,"plac":null,"derifinaasset":null,"reinrece":null,"reincontrese":null,"purcresaasset":null,"cenbankborr":null,"deposit":null,"fdsborr":null,"deriliab":null,"sellrepasse":null,"copepoun":null,"insucontrese":null,"actitradsecu":null,"actiundesecu":null},{"compcode":"80191712","publishdate":"20121025","reportdate":"20120930","reporttype":"100111","adjustdate":"20121025","accstacode":"2","accstaname":"新会计准则","curfds":1.06085705361E9,"tradfinasset":null,"notesrece":70618.0,"accorece":2.4960679E7,"prep":2.6068868553E8,"premrece":null,"interece":1.714068128E7,"dividrece":null,"otherrece":2661477.04,"expotaxrebarece":null,"subsrece":null,"margrece":null,"intelrece":null,"inve":1.6583941578E8,"prepexpe":null,"unseg":null,"expinoncurrasset":null,"othercurrasse":null,"currassetitse":null,"currasseform":null,"totcurrasset":1.53221861024E9,"lendandloan":null,"avaisellasse":null,"holdinvedue":null,"longrece":null,"equiinve":null,"otherlonginve":null,"inveprop":null,"fixedasseimmo":null,"accudepr":null,"fixedassenetw":null,"fixedasseimpa":null,"fixedassenet":1.7055320082E8,"consprog":7.805273468E7,"engimate":null,"fixedasseclea":null,"prodasse":null,"comasse":null,"hydrasset":null,"intaasset":7.309063554E7,"deveexpe":null,"goodwill":null,"logprepexpe":null,"tradshartrad":null,"defetaxasset":1869787.91,"othernoncasse":null,"noncasseitse":null,"noncasseform":null,"totalnoncassets":3.2356635895E8,"totassetitse":null,"totalasseform":null,"totasset":1.85578496919E9,"shorttermborr":null,"tradfinliab":null,"notespaya":5.74E7,"accopaya":4.78695874E7,"advapaym":6.887974843E7,"copeworkersal":9283136.13,"taxespaya":1.551766752E7,"intepaya":null,"divipaya":null,"otherfeepaya":null,"margrequ":null,"intelpay":null,"otherpay":2.599937353E7,"accrexpe":null,"expecurrliab":null,"copewithreinrece":null,"inteticksett":null,"dometicksett":null,"defereve":null,"shorttermbdspaya":null,"duenoncliab":null,"othercurreliabi":null,"currliabitse":null,"currliabform":null,"totalcurrliab":2.2494951301E8,"longborr":null,"bdspaya":null,"longpaya":null,"specpaya":null,"expenoncliab":null,"longdefeinco":null,"defeincotaxliab":null,"othernoncliabi":null,"longliabitse":null,"longliabform":null,"totalnoncliab":0.0,"totliabitse":null,"totliabform":null,"totliab":2.2494951301E8,"paidincapi":1.92E8,"capisurp":1.16638557123E9,"treastk":null,"specrese":null,"rese":2.261691587E7,"generiskrese":null,"unreinveloss":null,"undiprof":2.4983296908E8,"topaycashdivi":null,"curtrandiff":null,"sharrighitse":null,"sharrightform":null,"paresharrigh":1.63083545618E9,"minysharrigh":null,"righaggritse":null,"rightaggrform":null,"righaggr":1.63083545618E9,"rightotitse":null,"rightotform":null,"totliabsharequi":1.85578496919E9,"settresedepo":null,"plac":null,"derifinaasset":null,"reinrece":null,"reincontrese":null,"purcresaasset":null,"cenbankborr":null,"deposit":null,"fdsborr":null,"deriliab":null,"sellrepasse":null,"copepoun":null,"insucontrese":null,"actitradsecu":null,"actiundesecu":null},{"compcode":"80191712","publishdate":"20120816","reportdate":"20120630","reporttype":"100111","adjustdate":"20120816","accstacode":"2","accstaname":"新会计准则","curfds":1.0153403735E9,"tradfinasset":null,"notesrece":1118975.0,"accorece":2.064088564E7,"prep":2.6265062089E8,"premrece":null,"interece":1.017672023E7,"dividrece":null,"otherrece":5094481.2,"expotaxrebarece":null,"subsrece":null,"margrece":null,"intelrece":null,"inve":1.7336150418E8,"prepexpe":null,"unseg":null,"expinoncurrasset":null,"othercurrasse":null,"currassetitse":null,"currasseform":null,"totcurrasset":1.48838356064E9,"lendandloan":null,"avaisellasse":null,"holdinvedue":null,"longrece":null,"equiinve":null,"otherlonginve":null,"inveprop":null,"fixedasseimmo":2.4696776934E8,"accudepr":7.612488396E7,"fixedassenetw":1.7084288538E8,"fixedasseimpa":null,"fixedassenet":1.7084288538E8,"consprog":7.301737128E7,"engimate":null,"fixedasseclea":null,"prodasse":null,"comasse":null,"hydrasset":null,"intaasset":7.358929573E7,"deveexpe":null,"goodwill":null,"logprepexpe":null,"tradshartrad":null,"defetaxasset":1836118.48,"othernoncasse":null,"noncasseitse":null,"noncasseform":null,"totalnoncassets":3.1928567087E8,"totassetitse":null,"totalasseform":null,"totasset":1.80766923151E9,"shorttermborr":null,"tradfinliab":null,"notespaya":5.74E7,"accopaya":4.770117985E7,"advapaym":6.347582207E7,"copeworkersal":8148060.13,"taxespaya":8124755.47,"intepaya":null,"divipaya":null,"otherfeepaya":null,"margrequ":null,"intelpay":null,"otherpay":2.4935468E7,"accrexpe":null,"expecurrliab":null,"copewithreinrece":null,"inteticksett":null,"dometicksett":null,"defereve":null,"shorttermbdspaya":null,"duenoncliab":null,"othercurreliabi":null,"currliabitse":null,"currliabform":null,"totalcurrliab":2.0978528552E8,"longborr":null,"bdspaya":null,"longpaya":null,"specpaya":null,"expenoncliab":null,"longdefeinco":null,"defeincotaxliab":null,"othernoncliabi":null,"longliabitse":null,"longliabform":null,"totalnoncliab":0.0,"totliabitse":null,"totliabform":null,"totliab":2.0978528552E8,"paidincapi":1.92E8,"capisurp":1.16638557123E9,"treastk":null,"specrese":null,"rese":2.261691587E7,"generiskrese":null,"unreinveloss":null,"undiprof":2.1688145889E8,"topaycashdivi":null,"curtrandiff":null,"sharrighitse":null,"sharrightform":null,"paresharrigh":1.59788394599E9,"minysharrigh":null,"righaggritse":null,"rightaggrform":null,"righaggr":1.59788394599E9,"rightotitse":null,"rightotform":null,"totliabsharequi":1.80766923151E9,"settresedepo":null,"plac":null,"derifinaasset":null,"reinrece":null,"reincontrese":null,"purcresaasset":null,"cenbankborr":null,"deposit":null,"fdsborr":null,"deriliab":null,"sellrepasse":null,"copepoun":null,"insucontrese":null,"actitradsecu":null,"actiundesecu":null},{"compcode":"80191712","publishdate":"20120424","reportdate":"20120331","reporttype":"100111","adjustdate":"20120424","accstacode":"2","accstaname":"新会计准则","curfds":1.03741993343E9,"tradfinasset":null,"notesrece":1431403.0,"accorece":2.487050805E7,"prep":2.8706424421E8,"premrece":null,"interece":null,"dividrece":null,"otherrece":7603619.23,"expotaxrebarece":null,"subsrece":null,"margrece":null,"intelrece":null,"inve":1.7280358976E8,"prepexpe":null,"unseg":null,"expinoncurrasset":null,"othercurrasse":null,"currassetitse":null,"currasseform":null,"totcurrasset":1.53119329768E9,"lendandloan":null,"avaisellasse":null,"holdinvedue":null,"longrece":null,"equiinve":null,"otherlonginve":null,"inveprop":null,"fixedasseimmo":null,"accudepr":null,"fixedassenetw":null,"fixedasseimpa":null,"fixedassenet":1.6249005854E8,"consprog":7.337345035E7,"engimate":null,"fixedasseclea":null,"prodasse":null,"comasse":null,"hydrasset":null,"intaasset":7.41261906E7,"deveexpe":null,"goodwill":null,"logprepexpe":null,"tradshartrad":null,"defetaxasset":1687001.2,"othernoncasse":null,"noncasseitse":null,"noncasseform":null,"totalnoncassets":3.1167670069E8,"totassetitse":null,"totalasseform":null,"totasset":1.84286999837E9,"shorttermborr":null,"tradfinliab":null,"notespaya":null,"accopaya":5.418628145E7,"advapaym":7.973928296E7,"copeworkersal":1.15332332E7,"taxespaya":9229126.55,"intepaya":null,"divipaya":null,"otherfeepaya":null,"margrequ":null,"intelpay":null,"otherpay":2.899931699E7,"accrexpe":null,"expecurrliab":null,"copewithreinrece":null,"inteticksett":null,"dometicksett":null,"defereve":null,"shorttermbdspaya":null,"duenoncliab":null,"othercurreliabi":null,"currliabitse":null,"currliabform":null,"totalcurrliab":1.8368724115E8,"longborr":null,"bdspaya":null,"longpaya":null,"specpaya":null,"expenoncliab":null,"longdefeinco":null,"defeincotaxliab":null,"othernoncliabi":null,"longliabitse":null,"longliabform":null,"totalnoncliab":0.0,"totliabitse":null,"totliabform":null,"totliab":1.8368724115E8,"paidincapi":1.6E8,"capisurp":1.19838557123E9,"treastk":null,"specrese":null,"rese":2.261691587E7,"generiskrese":null,"unreinveloss":null,"undiprof":2.7818027012E8,"topaycashdivi":null,"curtrandiff":null,"sharrighitse":null,"sharrightform":null,"paresharrigh":1.65918275722E9,"minysharrigh":null,"righaggritse":null,"rightaggrform":null,"righaggr":1.65918275722E9,"rightotitse":null,"rightotform":null,"totliabsharequi":1.84286999837E9,"settresedepo":null,"plac":null,"derifinaasset":null,"reinrece":null,"reincontrese":null,"purcresaasset":null,"cenbankborr":null,"deposit":null,"fdsborr":null,"deriliab":null,"sellrepasse":null,"copepoun":null,"insucontrese":null,"actitradsecu":null,"actiundesecu":null},{"compcode":"80191712","publishdate":"20120412","reportdate":"20111231","reporttype":"100111","adjustdate":"20120412","accstacode":"2","accstaname":"新会计准则","curfds":1.40647764587E9,"tradfinasset":null,"notesrece":2112860.0,"accorece":1.31492713E7,"prep":2.5595445369E8,"premrece":null,"interece":null,"dividrece":null,"otherrece":5640140.33,"expotaxrebarece":null,"subsrece":null,"margrece":null,"intelrece":null,"inve":1.5937372655E8,"prepexpe":null,"unseg":null,"expinoncurrasset":null,"othercurrasse":null,"currassetitse":null,"currasseform":null,"totcurrasset":1.84270809774E9,"lendandloan":null,"avaisellasse":null,"holdinvedue":null,"longrece":null,"equiinve":null,"otherlonginve":null,"inveprop":null,"fixedasseimmo":2.3386470179E8,"accudepr":6.848449877E7,"fixedassenetw":1.6538020302E8,"fixedasseimpa":null,"fixedassenet":1.6538020302E8,"consprog":205349.52,"engimate":null,"fixedasseclea":null,"prodasse":null,"comasse":null,"hydrasset":null,"intaasset":7.462648278E7,"deveexpe":null,"goodwill":null,"logprepexpe":null,"tradshartrad":null,"defetaxasset":1687001.2,"othernoncasse":null,"noncasseitse":null,"noncasseform":null,"totalnoncassets":2.4189903652E8,"totassetitse":null,"totalasseform":null,"totasset":2.08460713426E9,"shorttermborr":1.59E8,"tradfinliab":null,"notespaya":null,"accopaya":5.157086755E7,"advapaym":8.229562792E7,"copeworkersal":7150585.53,"taxespaya":5.755587442E7,"intepaya":null,"divipaya":null,"otherfeepaya":null,"margrequ":null,"intelpay":null,"otherpay":3.028830484E7,"accrexpe":null,"expecurrliab":null,"copewithreinrece":null,"inteticksett":null,"dometicksett":null,"defereve":null,"shorttermbdspaya":null,"duenoncliab":null,"othercurreliabi":null,"currliabitse":null,"currliabform":null,"totalcurrliab":3.8786126026E8,"longborr":7.74E7,"bdspaya":null,"longpaya":null,"specpaya":null,"expenoncliab":null,"longdefeinco":null,"defeincotaxliab":null,"othernoncliabi":null,"longliabitse":null,"longliabform":null,"totalnoncliab":7.74E7,"totliabitse":null,"totliabform":null,"totliab":4.6526126026E8,"paidincapi":1.6E8,"capisurp":1.19838557123E9,"treastk":null,"specrese":null,"rese":2.261691587E7,"generiskrese":null,"unreinveloss":null,"undiprof":2.383433869E8,"topaycashdivi":null,"curtrandiff":null,"sharrighitse":null,"sharrightform":null,"paresharrigh":1.619345874E9,"minysharrigh":null,"righaggritse":null,"rightaggrform":null,"righaggr":1.619345874E9,"rightotitse":null,"rightotform":null,"totliabsharequi":2.08460713426E9,"settresedepo":null,"plac":null,"derifinaasset":null,"reinrece":null,"reincontrese":null,"purcresaasset":null,"cenbankborr":null,"deposit":null,"fdsborr":null,"deriliab":null,"sellrepasse":null,"copepoun":null,"insucontrese":null,"actitradsecu":null,"actiundesecu":null},{"compcode":"80191712","publishdate":"20120105","reportdate":"20110930","reporttype":"100111","adjustdate":"20120105","accstacode":"2","accstaname":"新会计准则","curfds":1.837905063E8,"tradfinasset":null,"notesrece":4415712.0,"accorece":2.967957622E7,"prep":2.7540818021E8,"premrece":null,"interece":null,"dividrece":null,"otherrece":2973862.59,"expotaxrebarece":null,"subsrece":null,"margrece":null,"intelrece":null,"inve":1.9049655219E8,"prepexpe":null,"unseg":null,"expinoncurrasset":null,"othercurrasse":null,"currassetitse":null,"currasseform":null,"totcurrasset":6.8676438951E8,"lendandloan":null,"avaisellasse":null,"holdinvedue":null,"longrece":null,"equiinve":null,"otherlonginve":null,"inveprop":null,"fixedasseimmo":null,"accudepr":null,"fixedassenetw":null,"fixedasseimpa":null,"fixedassenet":1.639843582E8,"consprog":200771.29,"engimate":null,"fixedasseclea":null,"prodasse":null,"comasse":null,"hydrasset":null,"intaasset":7.415547857E7,"deveexpe":null,"goodwill":null,"logprepexpe":null,"tradshartrad":null,"defetaxasset":1686733.6,"othernoncasse":null,"noncasseitse":null,"noncasseform":null,"totalnoncassets":2.4002734166E8,"totassetitse":null,"totalasseform":null,"totasset":9.2679173117E8,"shorttermborr":2.51E8,"tradfinliab":null,"notespaya":null,"accopaya":7.645383173E7,"advapaym":1.0041346604E8,"copeworkersal":8403591.91,"taxespaya":1.002988193E7,"intepaya":null,"divipaya":null,"otherfeepaya":null,"margrequ":null,"intelpay":null,"otherpay":2.297511688E7,"accrexpe":null,"expecurrliab":null,"copewithreinrece":null,"inteticksett":null,"dometicksett":null,"defereve":null,"shorttermbdspaya":null,"duenoncliab":null,"othercurreliabi":null,"currliabitse":null,"currliabform":null,"totalcurrliab":4.6927588849E8,"longborr":3.54E7,"bdspaya":null,"longpaya":null,"specpaya":null,"expenoncliab":null,"longdefeinco":null,"defeincotaxliab":null,"othernoncliabi":null,"longliabitse":null,"longliabform":null,"totalnoncliab":3.54E7,"totliabitse":null,"totliabform":null,"totliab":5.0467588849E8,"paidincapi":1.2E8,"capisurp":1.2328712923E8,"treastk":null,"specrese":null,"rese":3493189.02,"generiskrese":null,"unreinveloss":null,"undiprof":1.7533552443E8,"topaycashdivi":null,"curtrandiff":null,"sharrighitse":null,"sharrightform":null,"paresharrigh":4.2211584268E8,"minysharrigh":null,"righaggritse":null,"rightaggrform":null,"righaggr":4.2211584268E8,"rightotitse":null,"rightotform":null,"totliabsharequi":9.2679173117E8,"settresedepo":null,"plac":null,"derifinaasset":null,"reinrece":null,"reincontrese":null,"purcresaasset":null,"cenbankborr":null,"deposit":null,"fdsborr":null,"deriliab":null,"sellrepasse":null,"copepoun":null,"insucontrese":null,"actitradsecu":null,"actiundesecu":null},{"compcode":"80191712","publishdate":"20111215","reportdate":"20110630","reporttype":"100111","adjustdate":"20111215","accstacode":"2","accstaname":"新会计准则","curfds":2.2573063885E8,"tradfinasset":null,"notesrece":3000000.0,"accorece":1.584924125E7,"prep":1.7906670822E8,"premrece":null,"interece":null,"dividrece":null,"otherrece":2250448.05,"expotaxrebarece":null,"subsrece":null,"margrece":null,"intelrece":null,"inve":1.4948519731E8,"prepexpe":null,"unseg":null,"expinoncurrasset":null,"othercurrasse":null,"currassetitse":null,"currasseform":null,"totcurrasset":5.7538223368E8,"lendandloan":null,"avaisellasse":null,"holdinvedue":null,"longrece":null,"equiinve":null,"otherlonginve":null,"inveprop":null,"fixedasseimmo":2.271158401E8,"accudepr":6.127518066E7,"fixedassenetw":1.6584065944E8,"fixedasseimpa":null,"fixedassenet":1.6584065944E8,"consprog":28894.77,"engimate":null,"fixedasseclea":null,"prodasse":null,"comasse":null,"hydrasset":null,"intaasset":7.463475567E7,"deveexpe":null,"goodwill":null,"logprepexpe":null,"tradshartrad":null,"defetaxasset":1670746.26,"othernoncasse":null,"noncasseitse":null,"noncasseform":null,"totalnoncassets":2.4217505614E8,"totassetitse":null,"totalasseform":null,"totasset":8.1755728982E8,"shorttermborr":2.02E8,"tradfinliab":null,"notespaya":4.0E7,"accopaya":6.096498816E7,"advapaym":6.753060177E7,"copeworkersal":1.074948922E7,"taxespaya":1.140028981E7,"intepaya":null,"divipaya":null,"otherfeepaya":null,"margrequ":null,"intelpay":null,"otherpay":2.207772753E7,"accrexpe":null,"expecurrliab":null,"copewithreinrece":null,"inteticksett":null,"dometicksett":null,"defereve":null,"shorttermbdspaya":null,"duenoncliab":null,"othercurreliabi":null,"currliabitse":null,"currliabform":null,"totalcurrliab":4.1472309649E8,"longborr":null,"bdspaya":null,"longpaya":null,"specpaya":null,"expenoncliab":null,"longdefeinco":null,"defeincotaxliab":null,"othernoncliabi":null,"longliabitse":null,"longliabform":null,"totalnoncliab":0.0,"totliabitse":null,"totliabform":null,"totliab":4.1472309649E8,"paidincapi":1.2E8,"capisurp":1.2328712923E8,"treastk":null,"specrese":null,"rese":3493189.02,"generiskrese":null,"unreinveloss":null,"undiprof":1.5605387508E8,"topaycashdivi":null,"curtrandiff":null,"sharrighitse":null,"sharrightform":null,"paresharrigh":4.0283419333E8,"minysharrigh":null,"righaggritse":null,"rightaggrform":null,"righaggr":4.0283419333E8,"rightotitse":null,"rightotform":null,"totliabsharequi":8.1755728982E8,"settresedepo":null,"plac":null,"derifinaasset":null,"reinrece":null,"reincontrese":null,"purcresaasset":null,"cenbankborr":null,"deposit":null,"fdsborr":null,"deriliab":null,"sellrepasse":null,"copepoun":null,"insucontrese":null,"actitradsecu":null,"actiundesecu":null},{"compcode":"80191712","publishdate":"20111215","reportdate":"20101231","reporttype":"100111","adjustdate":"20111215","accstacode":"2","accstaname":"新会计准则","curfds":2.2146495648E8,"tradfinasset":null,"notesrece":null,"accorece":7206889.55,"prep":1.9897379073E8,"premrece":null,"interece":null,"dividrece":null,"otherrece":3.392772167E7,"expotaxrebarece":null,"subsrece":null,"margrece":null,"intelrece":null,"inve":1.6341420813E8,"prepexpe":null,"unseg":null,"expinoncurrasset":null,"othercurrasse":null,"currassetitse":null,"currasseform":null,"totcurrasset":6.2498756656E8,"lendandloan":null,"avaisellasse":null,"holdinvedue":null,"longrece":null,"equiinve":null,"otherlonginve":null,"inveprop":null,"fixedasseimmo":2.1188544653E8,"accudepr":5.463059651E7,"fixedassenetw":1.5725485002E8,"fixedasseimpa":null,"fixedassenet":1.5725485002E8,"consprog":7226265.46,"engimate":null,"fixedasseclea":null,"prodasse":null,"comasse":null,"hydrasset":null,"intaasset":9862026.44,"deveexpe":null,"goodwill":null,"logprepexpe":null,"tradshartrad":null,"defetaxasset":1592360.85,"othernoncasse":null,"noncasseitse":null,"noncasseform":null,"totalnoncassets":1.7593550277E8,"totassetitse":null,"totalasseform":null,"totasset":8.0092306933E8,"shorttermborr":9.8E7,"tradfinliab":null,"notespaya":6.0E7,"accopaya":8.915081669E7,"advapaym":1.1549785989E8,"copeworkersal":8237511.31,"taxespaya":3.546236474E7,"intepaya":null,"divipaya":null,"otherfeepaya":null,"margrequ":null,"intelpay":null,"otherpay":4.80474749E7,"accrexpe":null,"expecurrliab":null,"copewithreinrece":null,"inteticksett":null,"dometicksett":null,"defereve":null,"shorttermbdspaya":null,"duenoncliab":null,"othercurreliabi":null,"currliabitse":null,"currliabform":null,"totalcurrliab":4.5439602753E8,"longborr":null,"bdspaya":null,"longpaya":null,"specpaya":null,"expenoncliab":null,"longdefeinco":null,"defeincotaxliab":null,"othernoncliabi":null,"longliabitse":null,"longliabform":null,"totalnoncliab":0.0,"totliabitse":null,"totliabform":null,"totliab":4.5439602753E8,"paidincapi":1.2E8,"capisurp":1.2328712923E8,"treastk":null,"specrese":null,"rese":3493189.02,"generiskrese":null,"unreinveloss":null,"undiprof":9.974672355E7,"topaycashdivi":null,"curtrandiff":null,"sharrighitse":null,"sharrightform":null,"paresharrigh":3.465270418E8,"minysharrigh":null,"righaggritse":null,"rightaggrform":null,"righaggr":3.465270418E8,"rightotitse":null,"rightotform":null,"totliabsharequi":8.0092306933E8,"settresedepo":null,"plac":null,"derifinaasset":null,"reinrece":null,"reincontrese":null,"purcresaasset":null,"cenbankborr":null,"deposit":null,"fdsborr":null,"deriliab":null,"sellrepasse":null,"copepoun":null,"insucontrese":null,"actitradsecu":null,"actiundesecu":null},{"compcode":"80191712","publishdate":"20111215","reportdate":"20091231","reporttype":"100111","adjustdate":"20111215","accstacode":"2","accstaname":"新会计准则","curfds":2.6600434163E8,"tradfinasset":null,"notesrece":null,"accorece":1.21130217E7,"prep":8.728727851E7,"premrece":null,"interece":null,"dividrece":null,"otherrece":8.16099876E7,"expotaxrebarece":null,"subsrece":null,"margrece":null,"intelrece":null,"inve":6.426889418E7,"prepexpe":null,"unseg":null,"expinoncurrasset":null,"othercurrasse":null,"currassetitse":null,"currasseform":null,"totcurrasset":5.1128352362E8,"lendandloan":null,"avaisellasse":null,"holdinvedue":null,"longrece":null,"equiinve":null,"otherlonginve":null,"inveprop":null,"fixedasseimmo":null,"accudepr":null,"fixedassenetw":null,"fixedasseimpa":null,"fixedassenet":1.3522168731E8,"consprog":9255225.0,"engimate":null,"fixedasseclea":null,"prodasse":null,"comasse":null,"hydrasset":null,"intaasset":1.026752354E7,"deveexpe":null,"goodwill":null,"logprepexpe":null,"tradshartrad":null,"defetaxasset":2334503.91,"othernoncasse":null,"noncasseitse":null,"noncasseform":null,"totalnoncassets":1.5707893976E8,"totassetitse":null,"totalasseform":null,"totasset":6.6836246338E8,"shorttermborr":1.16E8,"tradfinliab":null,"notespaya":1.0E8,"accopaya":5.728248946E7,"advapaym":6.370748005E7,"copeworkersal":4288246.7,"taxespaya":1.553113318E7,"intepaya":null,"divipaya":1.419317366E7,"otherfeepaya":null,"margrequ":null,"intelpay":null,"otherpay":9.234812194E7,"accrexpe":null,"expecurrliab":null,"copewithreinrece":null,"inteticksett":null,"dometicksett":null,"defereve":null,"shorttermbdspaya":null,"duenoncliab":null,"othercurreliabi":null,"currliabitse":null,"currliabform":null,"totalcurrliab":4.6335064499E8,"longborr":null,"bdspaya":null,"longpaya":null,"specpaya":null,"expenoncliab":null,"longdefeinco":null,"defeincotaxliab":null,"othernoncliabi":null,"longliabitse":null,"longliabform":null,"totalnoncliab":0.0,"totliabitse":null,"totliabform":null,"totliab":4.6335064499E8,"paidincapi":5.5642E7,"capisurp":6.675757278E7,"treastk":null,"specrese":null,"rese":1.706896394E7,"generiskrese":null,"unreinveloss":null,"undiprof":5.259541533E7,"topaycashdivi":null,"curtrandiff":null,"sharrighitse":null,"sharrightform":null,"paresharrigh":1.9206395205E8,"minysharrigh":1.294786634E7,"righaggritse":null,"rightaggrform":null,"righaggr":2.0501181839E8,"rightotitse":null,"rightotform":null,"totliabsharequi":6.6836246338E8,"settresedepo":null,"plac":null,"derifinaasset":null,"reinrece":null,"reincontrese":null,"purcresaasset":null,"cenbankborr":null,"deposit":null,"fdsborr":null,"deriliab":null,"sellrepasse":null,"copepoun":null,"insucontrese":null,"actitradsecu":null,"actiundesecu":null},{"compcode":"80191712","publishdate":"20111215","reportdate":"20081231","reporttype":"100111","adjustdate":"20111215","accstacode":"2","accstaname":"新会计准则","curfds":6.772196676E7,"tradfinasset":null,"notesrece":null,"accorece":5781954.99,"prep":6.368437638E7,"premrece":null,"interece":null,"dividrece":null,"otherrece":1.8875813756E8,"expotaxrebarece":null,"subsrece":null,"margrece":null,"intelrece":null,"inve":6.160833606E7,"prepexpe":null,"unseg":null,"expinoncurrasset":null,"othercurrasse":null,"currassetitse":null,"currasseform":null,"totcurrasset":3.8755477175E8,"lendandloan":null,"avaisellasse":null,"holdinvedue":null,"longrece":null,"equiinve":null,"otherlonginve":null,"inveprop":null,"fixedasseimmo":null,"accudepr":null,"fixedassenetw":null,"fixedasseimpa":null,"fixedassenet":1.3478138764E8,"consprog":2444081.35,"engimate":null,"fixedasseclea":null,"prodasse":null,"comasse":null,"hydrasset":null,"intaasset":1.054452034E7,"deveexpe":null,"goodwill":null,"logprepexpe":null,"tradshartrad":null,"defetaxasset":2356962.24,"othernoncasse":null,"noncasseitse":null,"noncasseform":null,"totalnoncassets":1.5012695157E8,"totassetitse":null,"totalasseform":null,"totasset":5.3768172332E8,"shorttermborr":1.17E8,"tradfinliab":null,"notespaya":4.0E7,"accopaya":4.199275158E7,"advapaym":5.88169382E7,"copeworkersal":3295748.47,"taxespaya":1.706825353E7,"intepaya":null,"divipaya":6850000.0,"otherfeepaya":null,"margrequ":null,"intelpay":null,"otherpay":8.808398273E7,"accrexpe":null,"expecurrliab":null,"copewithreinrece":null,"inteticksett":null,"dometicksett":null,"defereve":null,"shorttermbdspaya":null,"duenoncliab":null,"othercurreliabi":null,"currliabitse":null,"currliabform":null,"totalcurrliab":3.7310767451E8,"longborr":null,"bdspaya":null,"longpaya":null,"specpaya":null,"expenoncliab":null,"longdefeinco":null,"defeincotaxliab":null,"othernoncliabi":null,"longliabitse":null,"longliabform":null,"totalnoncliab":0.0,"totliabitse":null,"totliabform":null,"totliab":3.7310767451E8,"paidincapi":5.5642E7,"capisurp":3992497.18,"treastk":null,"specrese":null,"rese":5968964.69,"generiskrese":null,"unreinveloss":null,"undiprof":6.937129614E7,"topaycashdivi":null,"curtrandiff":null,"sharrighitse":null,"sharrightform":null,"paresharrigh":1.3497475801E8,"minysharrigh":2.95992908E7,"righaggritse":null,"rightaggrform":null,"righaggr":1.6457404881E8,"rightotitse":null,"rightotform":null,"totliabsharequi":5.3768172332E8,"settresedepo":null,"plac":null,"derifinaasset":null,"reinrece":null,"reincontrese":null,"purcresaasset":null,"cenbankborr":null,"deposit":null,"fdsborr":null,"deriliab":null,"sellrepasse":null,"copepoun":null,"insucontrese":null,"actitradsecu":null,"actiundesecu":null}],"comptype":4,"name":"加加食品"}