{"list": [{"laborgetcash": 1543844820.7, "inveredu": null, "unreinveloss": null, "bizcashinfl": 1554051076.97, "diviprofpaycash": 58842944.61, "invcashoutf": 193746733.47, "accrexpeincr": null, "subspaynetcash": null, "finrelacash": 130520000.0, "payworkcash": 90396817.28, "subspaydivid": null, "chgexchgchgs": null, "finnetcflow": -21862944.61, "receotherbizcash": 10206256.27, "longdefeexpenamor": null, "acquassetcash": 88746733.47, "recefincash": 47400000.0, "inspremcash": null, "netcashform": null, "bizcashoutf": 1535088409.83, "fininstnetr": null, "invrececash": null, "defetaxassetdecr": null, "inicashbala": 201665040.45, "invcashinfl": 109446493.24, "paydivicash": null, "netcashscheitse": null, "defeincoincr": null, "disptradnetincr": null, "mananetr": 18962667.14, "debtintocapi": null, "defetaxliabincr": null, "adjustdate": "20171020", "enddate": "20170930", "assedepr": null, "biznetscheitse": null, "biznetform": null, "equfinalbala": null, "finoutfitse": null, "cashfinalbala": 114464522.75, "fixedassetnetc": 1542342.16, "cashfinalitse": null, "payintecash": null, "unfiparachg": null, "loansnetr": null, "incrcashpled": null, "biznetcflow": null, "asseimpa": null, "reducashpled": null, "invinffrom": null, "netprofit": null, "minysharrigh": null, "equopenbala": null, "inveloss": null, "valuechgloss": null, "receinvcash": null, "bizoutfform": null, "biznetscheform": null, "finexpe": null, "intaasseamor": null, "taxrefd": null, "biznetitse": null, "finnetitse": null, "invinflitse": null, "subsnetc": null, "unseparachg": null, "finoutfform": null, "recefromloan": 325000000.0, "netinvitse": null, "estidebts": null, "payaincr": null, "fdsborrnetr": null, "realestadep": null, "reporttype": "100111", "dispfixedassetloss": null, "fininflitse": null, "finalcashbala": 114464522.75, "cashfinalform": null, "invoutfitse": null, "netcashitse": null, "payinvecash": 100000000.0, "fixedassescraloss": null, "savinetr": null, "subsrececash": null, "accstacode": "2", "fincashoutf": 394262944.61, "charintecash": null, "finfixedasset": null, "labopayc": 1227273252.48, "expiconvbd": null, "paycompgold": null, "inveretugetcash": 4904151.08, "compcode": "80191712", "prepexpedecr": null, "repnetincr": null, "issbdrececash": null, "loannetr": null, "withinvgetcash": 103000000.0, "invpayc": 5000000.0, "debtpaycash": 204900000.0, "fincashinfl": 372400000.0, "cashopenbala": 201665040.45, "netcashscheform": null, "begindate": "20170101", "bizoutfitse": null, "bizinflitse": null, "insnetc": null, "bankloannetincr": null, "receredu": null, "publishdate": "20171020", "other": null, "deponetr": null, "paytax": 110572279.14, "bizinflform": null, "tradepaymnetr": null, "cashneti": -87200517.7, "accstaname": "\u65b0\u4f1a\u8ba1\u51c6\u5219", "cashnetr": -87200517.7, "invnetcashflow": -84300240.23, "netinvform": null, "finnetform": null, "payacticash": 106846060.93, "fininflform": null, "invoutfform": null}, {"laborgetcash": 1080879001.29, "inveredu": -4377281.58, "unreinveloss": null, "bizcashinfl": 1087553193.24, "diviprofpaycash": 6874425.86, "invcashoutf": 75120913.1, "accrexpeincr": null, "subspaynetcash": null, "finrelacash": 120000000.0, "payworkcash": 64580255.41, "subspaydivid": null, "chgexchgchgs": null, "finnetcflow": 59125574.14, "receotherbizcash": 6674191.95, "longdefeexpenamor": 0.0, "acquassetcash": 75120913.1, "recefincash": 36000000.0, "inspremcash": null, "netcashform": null, "bizcashoutf": 1065115249.88, "fininstnetr": null, "invrececash": null, "defetaxassetdecr": -118376.58, "inicashbala": 201665040.45, "invcashinfl": 3082533.76, "paydivicash": null, "netcashscheitse": null, "defeincoincr": null, "disptradnetincr": null, "mananetr": 22437943.36, "debtintocapi": null, "defetaxliabincr": 41351.94, "adjustdate": "20170804", "enddate": "20170630", "assedepr": 47533901.39, "biznetscheitse": null, "biznetform": null, "equfinalbala": null, "finoutfitse": null, "cashfinalbala": 211190178.61, "fixedassetnetc": 63366.64, "cashfinalitse": null, "payintecash": null, "unfiparachg": null, "loansnetr": null, "incrcashpled": null, "biznetcflow": 22437943.36, "asseimpa": 1468698.59, "reducashpled": null, "invinffrom": null, "netprofit": 99248881.24, "minysharrigh": null, "equopenbala": null, "inveloss": 256825.23, "valuechgloss": 0.0, "receinvcash": null, "bizoutfform": null, "biznetscheform": null, "finexpe": 7683012.33, "intaasseamor": 2037330.16, "taxrefd": null, "biznetitse": null, "finnetitse": null, "invinflitse": null, "subsnetc": null, "unseparachg": null, "finoutfform": null, "recefromloan": 280000000.0, "netinvitse": null, "estidebts": null, "payaincr": -137998505.98, "fdsborrnetr": null, "realestadep": null, "reporttype": "100111", "dispfixedassetloss": 167247.43, "fininflitse": null, "finalcashbala": 211190178.61, "cashfinalform": null, "invoutfitse": null, "netcashitse": null, "payinvecash": null, "fixedassescraloss": 0.0, "savinetr": null, "subsrececash": null, "accstacode": "2", "fincashoutf": 256874425.86, "charintecash": null, "finfixedasset": null, "labopayc": 851219187.64, "expiconvbd": null, "paycompgold": null, "inveretugetcash": 19167.12, "compcode": "80191712", "prepexpedecr": null, "repnetincr": null, "issbdrececash": null, "loannetr": null, "withinvgetcash": 3000000.0, "invpayc": null, "debtpaycash": 130000000.0, "fincashinfl": 316000000.0, "cashopenbala": 201665040.45, "netcashscheform": null, "begindate": "20170101", "bizoutfitse": null, "bizinflitse": null, "insnetc": null, "bankloannetincr": null, "receredu": 3296476.93, "publishdate": "20170804", "other": 3198382.26, "deponetr": null, "paytax": 89179784.9, "bizinflform": null, "tradepaymnetr": null, "cashneti": 9525138.16, "accstaname": "\u65b0\u4f1a\u8ba1\u51c6\u5219", "cashnetr": 9525138.16, "invnetcashflow": -72038379.34, "netinvform": null, "finnetform": null, "payacticash": 60136021.93, "fininflform": null, "invoutfform": null}, {"laborgetcash": 590397521.2, "inveredu": null, "unreinveloss": null, "bizcashinfl": 594570957.29, "diviprofpaycash": 2881995.85, "invcashoutf": 59763955.61, "accrexpeincr": null, "subspaynetcash": null, "finrelacash": 120000000.0, "payworkcash": 38339412.71, "subspaydivid": null, "chgexchgchgs": null, "finnetcflow": 93118004.15, "receotherbizcash": 4173436.09, "longdefeexpenamor": null, "acquassetcash": 59763955.61, "recefincash": 36000000.0, "inspremcash": null, "netcashform": null, "bizcashoutf": 572131914.2, "fininstnetr": null, "invrececash": null, "defetaxassetdecr": null, "inicashbala": 201665040.45, "invcashinfl": 3082533.76, "paydivicash": null, "netcashscheitse": null, "defeincoincr": null, "disptradnetincr": null, "mananetr": 22439043.09, "debtintocapi": null, "defetaxliabincr": null, "adjustdate": "20170428", "enddate": "20170331", "assedepr": null, "biznetscheitse": null, "biznetform": null, "equfinalbala": null, "finoutfitse": null, "cashfinalbala": 260540665.84, "fixedassetnetc": 63366.64, "cashfinalitse": null, "payintecash": null, "unfiparachg": null, "loansnetr": null, "incrcashpled": null, "biznetcflow": null, "asseimpa": null, "reducashpled": null, "invinffrom": null, "netprofit": null, "minysharrigh": null, "equopenbala": null, "inveloss": null, "valuechgloss": null, "receinvcash": null, "bizoutfform": null, "biznetscheform": null, "finexpe": null, "intaasseamor": null, "taxrefd": null, "biznetitse": null, "finnetitse": null, "invinflitse": null, "subsnetc": null, "unseparachg": null, "finoutfform": null, "recefromloan": 210000000.0, "netinvitse": null, "estidebts": null, "payaincr": null, "fdsborrnetr": null, "realestadep": null, "reporttype": "100111", "dispfixedassetloss": null, "fininflitse": null, "finalcashbala": 260540665.84, "cashfinalform": null, "invoutfitse": null, "netcashitse": null, "payinvecash": null, "fixedassescraloss": null, "savinetr": null, "subsrececash": null, "accstacode": "2", "fincashoutf": 152881995.85, "charintecash": null, "finfixedasset": null, "labopayc": 474285175.09, "expiconvbd": null, "paycompgold": null, "inveretugetcash": 19167.12, "compcode": "80191712", "prepexpedecr": null, "repnetincr": null, "issbdrececash": null, "loannetr": null, "withinvgetcash": 3000000.0, "invpayc": null, "debtpaycash": 30000000.0, "fincashinfl": 246000000.0, "cashopenbala": 201665040.45, "netcashscheform": null, "begindate": "20170101", "bizoutfitse": null, "bizinflitse": null, "insnetc": null, "bankloannetincr": null, "receredu": null, "publishdate": "20170428", "other": null, "deponetr": null, "paytax": 32580378.04, "bizinflform": null, "tradepaymnetr": null, "cashneti": 58875625.39, "accstaname": "\u65b0\u4f1a\u8ba1\u51c6\u5219", "cashnetr": 58875625.39, "invnetcashflow": -56681421.85, "netinvform": null, "finnetform": null, "payacticash": 26926948.36, "fininflform": null, "invoutfform": null}, {"laborgetcash": 2190292146.75, "inveredu": -41869276.91, "unreinveloss": null, "bizcashinfl": 2204403347.6, "diviprofpaycash": 58934636.7, "invcashoutf": 475992592.63, "accrexpeincr": null, "subspaynetcash": null, "finrelacash": 39943333.33, "payworkcash": 119881474.94, "subspaydivid": null, "chgexchgchgs": null, "finnetcflow": -63977970.03, "receotherbizcash": 14111200.85, "longdefeexpenamor": null, "acquassetcash": 371092592.63, "recefincash": 120000000.0, "inspremcash": null, "netcashform": null, "bizcashoutf": 1841341447.79, "fininstnetr": null, "invrececash": null, "defetaxassetdecr": 534800.08, "inicashbala": 302457328.36, "invcashinfl": 76116374.94, "paydivicash": null, "netcashscheitse": null, "defeincoincr": null, "disptradnetincr": null, "mananetr": 363061899.81, "debtintocapi": null, "defetaxliabincr": null, "adjustdate": "20170420", "enddate": "20161231", "assedepr": 68613419.78, "biznetscheitse": null, "biznetform": null, "equfinalbala": null, "finoutfitse": null, "cashfinalbala": 201665040.45, "fixedassetnetc": 822339.09, "cashfinalitse": null, "payintecash": null, "unfiparachg": null, "loansnetr": null, "incrcashpled": null, "biznetcflow": 363061899.81, "asseimpa": 15994342.97, "reducashpled": null, "invinffrom": null, "netprofit": 150098421.21, "minysharrigh": null, "equopenbala": null, "inveloss": -8146697.84, "valuechgloss": null, "receinvcash": 19990000.0, "bizoutfform": null, "biznetscheform": null, "finexpe": 17761710.77, "intaasseamor": 4229486.28, "taxrefd": null, "biznetitse": null, "finnetitse": null, "invinflitse": null, "subsnetc": null, "unseparachg": null, "finoutfform": null, "recefromloan": 239900000.0, "netinvitse": null, "estidebts": null, "payaincr": 164183686.52, "fdsborrnetr": null, "realestadep": null, "reporttype": "100111", "dispfixedassetloss": 452389.89, "fininflitse": null, "finalcashbala": 201665040.45, "cashfinalform": null, "invoutfitse": null, "netcashitse": null, "payinvecash": 3400000.0, "fixedassescraloss": null, "savinetr": null, "subsrececash": null, "accstacode": "2", "fincashoutf": 423877970.03, "charintecash": null, "finfixedasset": null, "labopayc": 1399280357.37, "expiconvbd": null, "paycompgold": null, "inveretugetcash": 55304035.85, "compcode": "80191712", "prepexpedecr": null, "repnetincr": null, "issbdrececash": null, "loannetr": null, "withinvgetcash": null, "invpayc": 101500000.0, "debtpaycash": 325000000.0, "fincashinfl": 359900000.0, "cashopenbala": 302457328.36, "netcashscheform": null, "begindate": "20160101", "bizoutfitse": null, "bizinflitse": null, "insnetc": null, "bankloannetincr": null, "receredu": -7535496.55, "publishdate": "20170420", "other": -1254886.39, "deponetr": null, "paytax": 132300947.98, "bizinflform": null, "tradepaymnetr": null, "cashneti": -100792287.91, "accstaname": "\u65b0\u4f1a\u8ba1\u51c6\u5219", "cashnetr": -100792287.91, "invnetcashflow": -399876217.69, "netinvform": null, "finnetform": null, "payacticash": 189878667.5, "fininflform": null, "invoutfform": null}, {"laborgetcash": 1527309252.09, "inveredu": null, "unreinveloss": null, "bizcashinfl": 1535373807.45, "diviprofpaycash": 58224016.76, "invcashoutf": 248964884.19, "accrexpeincr": null, "subspaynetcash": null, "finrelacash": null, "payworkcash": 99045531.83, "subspaydivid": null, "chgexchgchgs": null, "finnetcflow": -68224016.76, "receotherbizcash": 8064555.36, "longdefeexpenamor": null, "acquassetcash": 248564884.19, "recefincash": null, "inspremcash": null, "netcashform": null, "bizcashoutf": 1289793208.62, "fininstnetr": null, "invrececash": null, "defetaxassetdecr": null, "inicashbala": 302457328.36, "invcashinfl": 5503961.3, "paydivicash": null, "netcashscheitse": null, "defeincoincr": null, "disptradnetincr": null, "mananetr": 245580598.83, "debtintocapi": null, "defetaxliabincr": null, "adjustdate": "20161029", "enddate": "20160930", "assedepr": null, "biznetscheitse": null, "biznetform": null, "equfinalbala": null, "finoutfitse": null, "cashfinalbala": 236352987.54, "fixedassetnetc": 687093.97, "cashfinalitse": null, "payintecash": null, "unfiparachg": null, "loansnetr": null, "incrcashpled": null, "biznetcflow": null, "asseimpa": null, "reducashpled": null, "invinffrom": null, "netprofit": null, "minysharrigh": null, "equopenbala": null, "inveloss": null, "valuechgloss": null, "receinvcash": 400000.0, "bizoutfform": null, "biznetscheform": null, "finexpe": null, "intaasseamor": null, "taxrefd": null, "biznetitse": null, "finnetitse": null, "invinflitse": null, "subsnetc": null, "unseparachg": null, "finoutfform": null, "recefromloan": 280000000.0, "netinvitse": null, "estidebts": null, "payaincr": null, "fdsborrnetr": null, "realestadep": null, "reporttype": "100111", "dispfixedassetloss": null, "fininflitse": null, "finalcashbala": 236352987.54, "cashfinalform": null, "invoutfitse": null, "netcashitse": null, "payinvecash": 400000.0, "fixedassescraloss": null, "savinetr": null, "subsrececash": null, "accstacode": "2", "fincashoutf": 348224016.76, "charintecash": null, "finfixedasset": null, "labopayc": 937640506.38, "expiconvbd": null, "paycompgold": null, "inveretugetcash": 4416867.33, "compcode": "80191712", "prepexpedecr": null, "repnetincr": null, "issbdrececash": null, "loannetr": null, "withinvgetcash": null, "invpayc": null, "debtpaycash": 290000000.0, "fincashinfl": 280000000.0, "cashopenbala": 302457328.36, "netcashscheform": null, "begindate": "20160101", "bizoutfitse": null, "bizinflitse": null, "insnetc": null, "bankloannetincr": null, "receredu": null, "publishdate": "20161029", "other": null, "deponetr": null, "paytax": 96346194.76, "bizinflform": null, "tradepaymnetr": null, "cashneti": -66104340.82, "accstaname": "\u65b0\u4f1a\u8ba1\u51c6\u5219", "cashnetr": -66104340.82, "invnetcashflow": -243460922.89, "netinvform": null, "finnetform": null, "payacticash": 156760975.65, "fininflform": null, "invoutfform": null}, {"laborgetcash": 1073243263.4, "inveredu": -67290927.57, "unreinveloss": null, "bizcashinfl": 1081369419.41, "diviprofpaycash": 7630032.53, "invcashoutf": 216566048.69, "accrexpeincr": null, "subspaynetcash": null, "finrelacash": null, "payworkcash": 65443772.08, "subspaydivid": null, "chgexchgchgs": null, "finnetcflow": -87630032.53, "receotherbizcash": 8126156.01, "longdefeexpenamor": 0.0, "acquassetcash": 216166048.69, "recefincash": null, "inspremcash": null, "netcashform": null, "bizcashoutf": 875014504.31, "fininstnetr": null, "invrececash": null, "defetaxassetdecr": 1835931.65, "inicashbala": 302457328.36, "invcashinfl": 5010993.69, "paydivicash": null, "netcashscheitse": null, "defeincoincr": null, "disptradnetincr": null, "mananetr": 206354915.1, "debtintocapi": null, "defetaxliabincr": 1126208.79, "adjustdate": "20160827", "enddate": "20160630", "assedepr": 30647670.96, "biznetscheitse": null, "biznetform": null, "equfinalbala": null, "finoutfitse": null, "cashfinalbala": 209627155.93, "fixedassetnetc": 596581.15, "cashfinalitse": null, "payintecash": null, "unfiparachg": null, "loansnetr": null, "incrcashpled": null, "biznetcflow": 206354915.1, "asseimpa": 1998122.23, "reducashpled": null, "invinffrom": null, "netprofit": 97917331.38, "minysharrigh": null, "equopenbala": null, "inveloss": -7778016.71, "valuechgloss": 0.0, "receinvcash": null, "bizoutfform": null, "biznetscheform": null, "finexpe": 8194162.96, "intaasseamor": 2279009.56, "taxrefd": null, "biznetitse": null, "finnetitse": null, "invinflitse": null, "subsnetc": null, "unseparachg": null, "finoutfform": null, "recefromloan": 180000000.0, "netinvitse": null, "estidebts": null, "payaincr": 260766600.84, "fdsborrnetr": null, "realestadep": null, "reporttype": "100111", "dispfixedassetloss": -20003.53, "fininflitse": null, "finalcashbala": 209627155.93, "cashfinalform": null, "invoutfitse": null, "netcashitse": null, "payinvecash": 400000.0, "fixedassescraloss": 0.0, "savinetr": null, "subsrececash": null, "accstacode": "2", "fincashoutf": 267630032.53, "charintecash": null, "finfixedasset": null, "labopayc": 623529498.05, "expiconvbd": null, "paycompgold": null, "inveretugetcash": 4414412.54, "compcode": "80191712", "prepexpedecr": null, "repnetincr": null, "issbdrececash": null, "loannetr": null, "withinvgetcash": null, "invpayc": null, "debtpaycash": 260000000.0, "fincashinfl": 180000000.0, "cashopenbala": 302457328.36, "netcashscheform": null, "begindate": "20160101", "bizoutfitse": null, "bizinflitse": null, "insnetc": null, "bankloannetincr": null, "receredu": -73089270.96, "publishdate": "20160827", "other": -50231904.5, "deponetr": null, "paytax": 65501176.12, "bizinflform": null, "tradepaymnetr": null, "cashneti": -92830172.43, "accstaname": "\u65b0\u4f1a\u8ba1\u51c6\u5219", "cashnetr": -92830172.43, "invnetcashflow": -211555055.0, "netinvform": null, "finnetform": null, "payacticash": 120540058.06, "fininflform": null, "invoutfform": null}, {"laborgetcash": 550553756.28, "inveredu": null, "unreinveloss": null, "bizcashinfl": 554553872.79, "diviprofpaycash": 4053201.04, "invcashoutf": 117320692.99, "accrexpeincr": null, "subspaynetcash": null, "finrelacash": null, "payworkcash": 35591173.09, "subspaydivid": null, "chgexchgchgs": null, "finnetcflow": -34053201.04, "receotherbizcash": 4000116.51, "longdefeexpenamor": null, "acquassetcash": 117320692.99, "recefincash": null, "inspremcash": null, "netcashform": null, "bizcashoutf": 449698708.78, "fininstnetr": null, "invrececash": null, "defetaxassetdecr": null, "inicashbala": 302457328.36, "invcashinfl": 596581.15, "paydivicash": null, "netcashscheitse": null, "defeincoincr": null, "disptradnetincr": null, "mananetr": 104855164.01, "debtintocapi": null, "defetaxliabincr": null, "adjustdate": "20160429", "enddate": "20160331", "assedepr": null, "biznetscheitse": null, "biznetform": null, "equfinalbala": null, "finoutfitse": null, "cashfinalbala": 256535179.49, "fixedassetnetc": 596581.15, "cashfinalitse": null, "payintecash": null, "unfiparachg": null, "loansnetr": null, "incrcashpled": null, "biznetcflow": null, "asseimpa": null, "reducashpled": null, "invinffrom": null, "netprofit": null, "minysharrigh": null, "equopenbala": null, "inveloss": null, "valuechgloss": null, "receinvcash": null, "bizoutfform": null, "biznetscheform": null, "finexpe": null, "intaasseamor": null, "taxrefd": null, "biznetitse": null, "finnetitse": null, "invinflitse": null, "subsnetc": null, "unseparachg": null, "finoutfform": null, "recefromloan": 80000000.0, "netinvitse": null, "estidebts": null, "payaincr": null, "fdsborrnetr": null, "realestadep": null, "reporttype": "100111", "dispfixedassetloss": null, "fininflitse": null, "finalcashbala": 256535179.49, "cashfinalform": null, "invoutfitse": null, "netcashitse": null, "payinvecash": null, "fixedassescraloss": null, "savinetr": null, "subsrececash": null, "accstacode": "2", "fincashoutf": 114053201.04, "charintecash": null, "finfixedasset": null, "labopayc": 308550357.02, "expiconvbd": null, "paycompgold": null, "inveretugetcash": null, "compcode": "80191712", "prepexpedecr": null, "repnetincr": null, "issbdrececash": null, "loannetr": null, "withinvgetcash": null, "invpayc": null, "debtpaycash": 110000000.0, "fincashinfl": 80000000.0, "cashopenbala": 302457328.36, "netcashscheform": null, "begindate": "20160101", "bizoutfitse": null, "bizinflitse": null, "insnetc": null, "bankloannetincr": null, "receredu": null, "publishdate": "20160429", "other": null, "deponetr": null, "paytax": 36434615.47, "bizinflform": null, "tradepaymnetr": null, "cashneti": -45922148.87, "accstaname": "\u65b0\u4f1a\u8ba1\u51c6\u5219", "cashnetr": -45922148.87, "invnetcashflow": -116724111.84, "netinvform": null, "finnetform": null, "payacticash": 69122563.2, "fininflform": null, "invoutfform": null}, {"laborgetcash": 2062898865.05, "inveredu": -63849329.45, "unreinveloss": null, "bizcashinfl": 2088127811.52, "diviprofpaycash": 61112427.77, "invcashoutf": 388015609.02, "accrexpeincr": null, "subspaynetcash": null, "finrelacash": null, "payworkcash": 124595572.08, "subspaydivid": null, "chgexchgchgs": null, "finnetcflow": 23887572.23, "receotherbizcash": 25228946.47, "longdefeexpenamor": null, "acquassetcash": 339515609.02, "recefincash": null, "inspremcash": null, "netcashform": null, "bizcashoutf": 1905633599.59, "fininstnetr": null, "invrececash": null, "defetaxassetdecr": -2231058.54, "inicashbala": 367095497.84, "invcashinfl": 116995655.38, "paydivicash": null, "netcashscheitse": null, "defeincoincr": null, "disptradnetincr": null, "mananetr": 182494211.93, "debtintocapi": null, "defetaxliabincr": null, "adjustdate": "20160422", "enddate": "20151231", "assedepr": 32145650.22, "biznetscheitse": null, "biznetform": null, "equfinalbala": null, "finoutfitse": null, "cashfinalbala": 302457328.36, "fixedassetnetc": 1454000.0, "cashfinalitse": null, "payintecash": null, "unfiparachg": null, "loansnetr": null, "incrcashpled": null, "biznetcflow": 182494211.93, "asseimpa": 13377127.38, "reducashpled": null, "invinffrom": null, "netprofit": 147321769.46, "minysharrigh": null, "equopenbala": null, "inveloss": -24851177.81, "valuechgloss": null, "receinvcash": 111380000.0, "bizoutfform": null, "biznetscheform": null, "finexpe": 9958866.05, "intaasseamor": 4201196.92, "taxrefd": null, "biznetitse": null, "finnetitse": null, "invinflitse": null, "subsnetc": null, "unseparachg": null, "finoutfform": null, "recefromloan": 325000000.0, "netinvitse": null, "estidebts": null, "payaincr": -2194731.4, "fdsborrnetr": null, "realestadep": null, "reporttype": "100111", "dispfixedassetloss": -326438.75, "fininflitse": null, "finalcashbala": 302457328.36, "cashfinalform": null, "invoutfitse": null, "netcashitse": null, "payinvecash": null, "fixedassescraloss": null, "savinetr": null, "subsrececash": null, "accstacode": "2", "fincashoutf": 301112427.77, "charintecash": null, "finfixedasset": null, "labopayc": 1460394295.81, "expiconvbd": null, "paycompgold": null, "inveretugetcash": 4161655.38, "compcode": "80191712", "prepexpedecr": null, "repnetincr": null, "issbdrececash": null, "loannetr": null, "withinvgetcash": null, "invpayc": 48500000.0, "debtpaycash": 240000000.0, "fincashinfl": 325000000.0, "cashopenbala": 367095497.84, "netcashscheform": null, "begindate": "20150101", "bizoutfitse": null, "bizinflitse": null, "insnetc": null, "bankloannetincr": null, "receredu": 46691168.27, "publishdate": "20160422", "other": 22251169.58, "deponetr": null, "paytax": 128374920.33, "bizinflform": null, "tradepaymnetr": null, "cashneti": -64638169.48, "accstaname": "\u65b0\u4f1a\u8ba1\u51c6\u5219", "cashnetr": -64638169.48, "invnetcashflow": -271019953.64, "netinvform": null, "finnetform": null, "payacticash": 192268811.37, "fininflform": null, "invoutfform": null}, {"laborgetcash": 1478112543.82, "inveredu": null, "unreinveloss": null, "bizcashinfl": 1504676779.38, "diviprofpaycash": 57147366.67, "invcashoutf": 311017991.22, "accrexpeincr": null, "subspaynetcash": null, "finrelacash": null, "payworkcash": 95071563.18, "subspaydivid": null, "chgexchgchgs": null, "finnetcflow": -7147366.67, "receotherbizcash": 26564235.56, "longdefeexpenamor": null, "acquassetcash": 271017991.22, "recefincash": null, "inspremcash": null, "netcashform": null, "bizcashoutf": 1431730154.67, "fininstnetr": null, "invrececash": null, "defetaxassetdecr": null, "inicashbala": 367095497.84, "invcashinfl": 114856906.26, "paydivicash": null, "netcashscheitse": null, "defeincoincr": null, "disptradnetincr": null, "mananetr": 72946624.71, "debtintocapi": null, "defetaxliabincr": null, "adjustdate": "20151016", "enddate": "20150930", "assedepr": null, "biznetscheitse": null, "biznetform": null, "equfinalbala": null, "finoutfitse": null, "cashfinalbala": 236733670.92, "fixedassetnetc": null, "cashfinalitse": null, "payintecash": null, "unfiparachg": null, "loansnetr": null, "incrcashpled": null, "biznetcflow": null, "asseimpa": null, "reducashpled": null, "invinffrom": null, "netprofit": null, "minysharrigh": null, "equopenbala": null, "inveloss": null, "valuechgloss": null, "receinvcash": 111380000.0, "bizoutfform": null, "biznetscheform": null, "finexpe": null, "intaasseamor": null, "taxrefd": null, "biznetitse": null, "finnetitse": null, "invinflitse": null, "subsnetc": null, "unseparachg": null, "finoutfform": null, "recefromloan": 290000000.0, "netinvitse": null, "estidebts": null, "payaincr": null, "fdsborrnetr": null, "realestadep": null, "reporttype": "100111", "dispfixedassetloss": null, "fininflitse": null, "finalcashbala": 236733670.92, "cashfinalform": null, "invoutfitse": null, "netcashitse": null, "payinvecash": null, "fixedassescraloss": null, "savinetr": null, "subsrececash": null, "accstacode": "2", "fincashoutf": 297147366.67, "charintecash": null, "finfixedasset": null, "labopayc": 1095364141.15, "expiconvbd": null, "paycompgold": null, "inveretugetcash": 3476906.26, "compcode": "80191712", "prepexpedecr": null, "repnetincr": null, "issbdrececash": null, "loannetr": null, "withinvgetcash": null, "invpayc": 40000000.0, "debtpaycash": 240000000.0, "fincashinfl": 290000000.0, "cashopenbala": 367095497.84, "netcashscheform": null, "begindate": "20150101", "bizoutfitse": null, "bizinflitse": null, "insnetc": null, "bankloannetincr": null, "receredu": null, "publishdate": "20151016", "other": null, "deponetr": null, "paytax": 97134278.67, "bizinflform": null, "tradepaymnetr": null, "cashneti": -130361826.92, "accstaname": "\u65b0\u4f1a\u8ba1\u51c6\u5219", "cashnetr": -130361826.92, "invnetcashflow": -196161084.96, "netinvform": null, "finnetform": null, "payacticash": 144160171.67, "fininflform": null, "invoutfform": null}, {"laborgetcash": 1039306450.71, "inveredu": -18022961.29, "unreinveloss": null, "bizcashinfl": 1057616806.04, "diviprofpaycash": 53329966.67, "invcashoutf": 229847545.66, "accrexpeincr": null, "subspaynetcash": null, "finrelacash": null, "payworkcash": 65524302.84, "subspaydivid": null, "chgexchgchgs": null, "finnetcflow": -13329966.67, "receotherbizcash": 18310355.33, "longdefeexpenamor": null, "acquassetcash": 199847545.66, "recefincash": null, "inspremcash": null, "netcashform": null, "bizcashoutf": 1009380799.02, "fininstnetr": null, "invrececash": null, "defetaxassetdecr": -390133.84, "inicashbala": 367095497.84, "invcashinfl": 108059097.29, "paydivicash": null, "netcashscheitse": null, "defeincoincr": null, "disptradnetincr": null, "mananetr": 48236007.02, "debtintocapi": null, "defetaxliabincr": 22260451.14, "adjustdate": "20150825", "enddate": "20150630", "assedepr": 12287259.09, "biznetscheitse": null, "biznetform": null, "equfinalbala": null, "finoutfitse": null, "cashfinalbala": 280213089.82, "fixedassetnetc": null, "cashfinalitse": null, "payintecash": null, "unfiparachg": null, "loansnetr": null, "incrcashpled": null, "biznetcflow": 48236007.02, "asseimpa": 1560535.4, "reducashpled": null, "invinffrom": null, "netprofit": 148369817.1, "minysharrigh": null, "equopenbala": null, "inveloss": -87170637.94, "valuechgloss": null, "receinvcash": 105000000.0, "bizoutfform": null, "biznetscheform": null, "finexpe": 4955102.12, "intaasseamor": 2055567.81, "taxrefd": null, "biznetitse": null, "finnetitse": null, "invinflitse": null, "subsnetc": null, "unseparachg": null, "finoutfform": null, "recefromloan": 260000000.0, "netinvitse": null, "estidebts": null, "payaincr": -26890663.88, "fdsborrnetr": null, "realestadep": null, "reporttype": "100111", "dispfixedassetloss": null, "fininflitse": null, "finalcashbala": 280213089.82, "cashfinalform": null, "invoutfitse": null, "netcashitse": null, "payinvecash": null, "fixedassescraloss": null, "savinetr": null, "subsrececash": null, "accstacode": "2", "fincashoutf": 273329966.67, "charintecash": null, "finfixedasset": null, "labopayc": 769132196.94, "expiconvbd": null, "paycompgold": null, "inveretugetcash": 3059097.29, "compcode": "80191712", "prepexpedecr": null, "repnetincr": null, "issbdrececash": null, "loannetr": null, "withinvgetcash": null, "invpayc": 30000000.0, "debtpaycash": 220000000.0, "fincashinfl": 260000000.0, "cashopenbala": 367095497.84, "netcashscheform": null, "begindate": "20150101", "bizoutfitse": null, "bizinflitse": null, "insnetc": null, "bankloannetincr": null, "receredu": -14763328.69, "publishdate": "20150825", "other": 3985000.0, "deponetr": null, "paytax": 74216732.78, "bizinflform": null, "tradepaymnetr": null, "cashneti": -86882408.02, "accstaname": "\u65b0\u4f1a\u8ba1\u51c6\u5219", "cashnetr": -86882408.02, "invnetcashflow": -121788448.37, "netinvform": null, "finnetform": null, "payacticash": 100507566.46, "fininflform": null, "invoutfform": null}, {"laborgetcash": 583407620.1, "inveredu": null, "unreinveloss": null, "bizcashinfl": 618093174.89, "diviprofpaycash": 3961972.23, "invcashoutf": 143619221.55, "accrexpeincr": null, "subspaynetcash": null, "finrelacash": null, "payworkcash": 32278517.45, "subspaydivid": null, "chgexchgchgs": null, "finnetcflow": -43961972.23, "receotherbizcash": 34685554.79, "longdefeexpenamor": null, "acquassetcash": 133619221.55, "recefincash": null, "inspremcash": null, "netcashform": null, "bizcashoutf": 617907476.29, "fininstnetr": null, "invrececash": null, "defetaxassetdecr": null, "inicashbala": 367095497.84, "invcashinfl": 104151575.21, "paydivicash": null, "netcashscheitse": null, "defeincoincr": null, "disptradnetincr": null, "mananetr": 185698.6, "debtintocapi": null, "defetaxliabincr": null, "adjustdate": "20150424", "enddate": "20150331", "assedepr": null, "biznetscheitse": null, "biznetform": null, "equfinalbala": null, "finoutfitse": null, "cashfinalbala": 283851577.87, "fixedassetnetc": null, "cashfinalitse": null, "payintecash": null, "unfiparachg": null, "loansnetr": null, "incrcashpled": null, "biznetcflow": null, "asseimpa": null, "reducashpled": null, "invinffrom": null, "netprofit": null, "minysharrigh": null, "equopenbala": null, "inveloss": null, "valuechgloss": null, "receinvcash": 103000000.0, "bizoutfform": null, "biznetscheform": null, "finexpe": null, "intaasseamor": null, "taxrefd": null, "biznetitse": null, "finnetitse": null, "invinflitse": null, "subsnetc": null, "unseparachg": null, "finoutfform": null, "recefromloan": 80000000.0, "netinvitse": null, "estidebts": null, "payaincr": null, "fdsborrnetr": null, "realestadep": null, "reporttype": "100111", "dispfixedassetloss": null, "fininflitse": null, "finalcashbala": 283851577.87, "cashfinalform": null, "invoutfitse": null, "netcashitse": null, "payinvecash": 10000000.0, "fixedassescraloss": null, "savinetr": null, "subsrececash": null, "accstacode": "2", "fincashoutf": 123961972.23, "charintecash": null, "finfixedasset": null, "labopayc": 483863576.59, "expiconvbd": null, "paycompgold": null, "inveretugetcash": 1151575.21, "compcode": "80191712", "prepexpedecr": null, "repnetincr": null, "issbdrececash": null, "loannetr": null, "withinvgetcash": null, "invpayc": null, "debtpaycash": 120000000.0, "fincashinfl": 80000000.0, "cashopenbala": 367095497.84, "netcashscheform": null, "begindate": "20150101", "bizoutfitse": null, "bizinflitse": null, "insnetc": null, "bankloannetincr": null, "receredu": null, "publishdate": "20150424", "other": null, "deponetr": null, "paytax": 39574258.73, "bizinflform": null, "tradepaymnetr": null, "cashneti": -83243919.97, "accstaname": "\u65b0\u4f1a\u8ba1\u51c6\u5219", "cashnetr": -83243919.97, "invnetcashflow": -39467646.34, "netinvform": null, "finnetform": null, "payacticash": 62191123.52, "fininflform": null, "invoutfform": null}, {"laborgetcash": 1944465152.64, "inveredu": -12347702.39, "unreinveloss": null, "bizcashinfl": 1993438117.82, "diviprofpaycash": 148052825.77, "invcashoutf": 408303075.43, "accrexpeincr": null, "subspaynetcash": null, "finrelacash": null, "payworkcash": 114702051.88, "subspaydivid": null, "chgexchgchgs": null, "finnetcflow": 91947174.23, "receotherbizcash": 48972965.18, "longdefeexpenamor": null, "acquassetcash": 191803075.43, "recefincash": null, "inspremcash": null, "netcashform": null, "bizcashoutf": 1729881666.9, "fininstnetr": null, "invrececash": null, "defetaxassetdecr": -4656811.4, "inicashbala": 382138376.94, "invcashinfl": 37756571.18, "paydivicash": null, "netcashscheitse": null, "defeincoincr": null, "disptradnetincr": null, "mananetr": 263556450.92, "debtintocapi": null, "defetaxliabincr": null, "adjustdate": "20150320", "enddate": "20141231", "assedepr": 24479204.07, "biznetscheitse": null, "biznetform": null, "equfinalbala": null, "finoutfitse": null, "cashfinalbala": 367095497.84, "fixedassetnetc": 46750.0, "cashfinalitse": null, "payintecash": null, "unfiparachg": null, "loansnetr": null, "incrcashpled": null, "biznetcflow": 263556450.92, "asseimpa": 1998281.09, "reducashpled": null, "invinffrom": null, "netprofit": 132890243.89, "minysharrigh": null, "equopenbala": null, "inveloss": -1316840.89, "valuechgloss": null, "receinvcash": 34120000.0, "bizoutfform": null, "biznetscheform": null, "finexpe": 8473831.93, "intaasseamor": 4062079.9, "taxrefd": null, "biznetitse": null, "finnetitse": null, "invinflitse": null, "subsnetc": null, "unseparachg": null, "finoutfform": null, "recefromloan": 248304184.73, "netinvitse": null, "estidebts": null, "payaincr": -78191258.2, "fdsborrnetr": null, "realestadep": null, "reporttype": "100111", "dispfixedassetloss": null, "fininflitse": null, "finalcashbala": 367095497.84, "cashfinalform": null, "invoutfitse": null, "netcashitse": null, "payinvecash": 5000000.0, "fixedassescraloss": null, "savinetr": null, "subsrececash": null, "accstacode": "2", "fincashoutf": 156357010.5, "charintecash": null, "finfixedasset": null, "labopayc": 1240530858.09, "expiconvbd": null, "paycompgold": null, "inveretugetcash": 3589821.18, "compcode": "80191712", "prepexpedecr": null, "repnetincr": null, "issbdrececash": null, "loannetr": null, "withinvgetcash": null, "invpayc": 211500000.0, "debtpaycash": 8304184.73, "fincashinfl": 248304184.73, "cashopenbala": 382138376.94, "netcashscheform": null, "begindate": "20140101", "bizoutfitse": null, "bizinflitse": null, "insnetc": null, "bankloannetincr": null, "receredu": 154249422.92, "publishdate": "20150320", "other": 33916000.0, "deponetr": null, "paytax": 151940975.38, "bizinflform": null, "tradepaymnetr": null, "cashneti": -15042879.1, "accstaname": "\u65b0\u4f1a\u8ba1\u51c6\u5219", "cashnetr": -15042879.1, "invnetcashflow": -370546504.25, "netinvform": null, "finnetform": null, "payacticash": 222707781.55, "fininflform": null, "invoutfform": null}, {"laborgetcash": 1362518297.73, "inveredu": null, "unreinveloss": null, "bizcashinfl": 1434286728.89, "diviprofpaycash": 144218131.32, "invcashoutf": 331509496.87, "accrexpeincr": null, "subspaynetcash": null, "finrelacash": null, "payworkcash": 85338752.28, "subspaydivid": null, "chgexchgchgs": null, "finnetcflow": 106401868.68, "receotherbizcash": 71768431.16, "longdefeexpenamor": null, "acquassetcash": 118009496.87, "recefincash": 10620000.0, "inspremcash": null, "netcashform": null, "bizcashoutf": 1297231347.62, "fininstnetr": null, "invrececash": null, "defetaxassetdecr": null, "inicashbala": 382138376.94, "invcashinfl": 125636571.18, "paydivicash": null, "netcashscheitse": null, "defeincoincr": null, "disptradnetincr": null, "mananetr": 137055381.27, "debtintocapi": null, "defetaxliabincr": null, "adjustdate": "20141028", "enddate": "20140930", "assedepr": null, "biznetscheitse": null, "biznetform": null, "equfinalbala": null, "finoutfitse": null, "cashfinalbala": 419722701.2, "fixedassetnetc": 46750.0, "cashfinalitse": null, "payintecash": null, "unfiparachg": null, "loansnetr": null, "incrcashpled": null, "biznetcflow": null, "asseimpa": null, "reducashpled": null, "invinffrom": null, "netprofit": null, "minysharrigh": null, "equopenbala": null, "inveloss": null, "valuechgloss": null, "receinvcash": 122000000.0, "bizoutfform": null, "biznetscheform": null, "finexpe": null, "intaasseamor": null, "taxrefd": null, "biznetitse": null, "finnetitse": null, "invinflitse": null, "subsnetc": null, "unseparachg": null, "finoutfform": null, "recefromloan": 248304184.73, "netinvitse": null, "estidebts": null, "payaincr": null, "fdsborrnetr": null, "realestadep": null, "reporttype": "100111", "dispfixedassetloss": null, "fininflitse": null, "finalcashbala": 419722701.2, "cashfinalform": null, "invoutfitse": null, "netcashitse": null, "payinvecash": 2000000.0, "fixedassescraloss": null, "savinetr": null, "subsrececash": null, "accstacode": "2", "fincashoutf": 152522316.05, "charintecash": null, "finfixedasset": null, "labopayc": 902028824.88, "expiconvbd": null, "paycompgold": null, "inveretugetcash": 3589821.18, "compcode": "80191712", "prepexpedecr": null, "repnetincr": null, "issbdrececash": null, "loannetr": null, "withinvgetcash": null, "invpayc": 211500000.0, "debtpaycash": 8304184.73, "fincashinfl": 258924184.73, "cashopenbala": 382138376.94, "netcashscheform": null, "begindate": "20140101", "bizoutfitse": null, "bizinflitse": null, "insnetc": null, "bankloannetincr": null, "receredu": null, "publishdate": "20141028", "other": null, "deponetr": null, "paytax": 105995736.43, "bizinflform": null, "tradepaymnetr": null, "cashneti": 37584324.26, "accstaname": "\u65b0\u4f1a\u8ba1\u51c6\u5219", "cashnetr": 37584324.26, "invnetcashflow": -205872925.69, "netinvform": null, "finnetform": null, "payacticash": 203868034.03, "fininflform": null, "invoutfform": null}, {"laborgetcash": 909212751.04, "inveredu": -46201377.7, "unreinveloss": null, "bizcashinfl": 923287311.67, "diviprofpaycash": 140310344.14, "invcashoutf": 272717345.66, "accrexpeincr": null, "subspaynetcash": null, "finrelacash": null, "payworkcash": 59735959.27, "subspaydivid": null, "chgexchgchgs": null, "finnetcflow": 98613840.59, "receotherbizcash": 14074560.63, "longdefeexpenamor": null, "acquassetcash": 64717345.66, "recefincash": 10620000.0, "inspremcash": null, "netcashform": null, "bizcashoutf": 796025714.13, "fininstnetr": null, "invrececash": null, "defetaxassetdecr": -592604.29, "inicashbala": 382138376.94, "invcashinfl": 125643801.82, "paydivicash": null, "netcashscheitse": null, "defeincoincr": null, "disptradnetincr": null, "mananetr": 127261597.54, "debtintocapi": null, "defetaxliabincr": null, "adjustdate": "20140815", "enddate": "20140630", "assedepr": 11934796.56, "biznetscheitse": null, "biznetform": null, "equfinalbala": null, "finoutfitse": null, "cashfinalbala": 460940271.23, "fixedassetnetc": 53980.64, "cashfinalitse": null, "payintecash": null, "unfiparachg": null, "loansnetr": null, "incrcashpled": null, "biznetcflow": 127261597.54, "asseimpa": 2370417.21, "reducashpled": null, "invinffrom": null, "netprofit": 81524852.8, "minysharrigh": null, "equopenbala": null, "inveloss": -266293.4, "valuechgloss": null, "receinvcash": 122000000.0, "bizoutfform": null, "biznetscheform": null, "finexpe": 558654.24, "intaasseamor": 2021836.53, "taxrefd": null, "biznetitse": null, "finnetitse": null, "invinflitse": null, "subsnetc": null, "unseparachg": null, "finoutfform": null, "recefromloan": 228304184.73, "netinvitse": null, "estidebts": null, "payaincr": 231717105.52, "fdsborrnetr": null, "realestadep": null, "reporttype": "100111", "dispfixedassetloss": 8030.64, "fininflitse": null, "finalcashbala": 460940271.23, "cashfinalform": null, "invoutfitse": null, "netcashitse": null, "payinvecash": 2000000.0, "fixedassescraloss": null, "savinetr": null, "subsrececash": null, "accstacode": "2", "fincashoutf": 140310344.14, "charintecash": null, "finfixedasset": null, "labopayc": 504486380.46, "expiconvbd": null, "paycompgold": null, "inveretugetcash": 3589821.18, "compcode": "80191712", "prepexpedecr": null, "repnetincr": null, "issbdrececash": null, "loannetr": null, "withinvgetcash": null, "invpayc": 206000000.0, "debtpaycash": null, "fincashinfl": 238924184.73, "cashopenbala": 382138376.94, "netcashscheform": null, "begindate": "20140101", "bizoutfitse": null, "bizinflitse": null, "insnetc": null, "bankloannetincr": null, "receredu": -105813820.57, "publishdate": "20140815", "other": -50000000.0, "deponetr": null, "paytax": 71168944.27, "bizinflform": null, "tradepaymnetr": null, "cashneti": 78801894.29, "accstaname": "\u65b0\u4f1a\u8ba1\u51c6\u5219", "cashnetr": 78801894.29, "invnetcashflow": -147073543.84, "netinvform": null, "finnetform": null, "payacticash": 160634430.13, "fininflform": null, "invoutfform": null}, {"laborgetcash": 444913465.01, "inveredu": null, "unreinveloss": null, "bizcashinfl": 452695882.53, "diviprofpaycash": 125833.33, "invcashoutf": 191127535.3, "accrexpeincr": null, "subspaynetcash": null, "finrelacash": null, "payworkcash": 29547127.68, "subspaydivid": null, "chgexchgchgs": null, "finnetcflow": 99594166.67, "receotherbizcash": 7782417.52, "longdefeexpenamor": null, "acquassetcash": 37127535.3, "recefincash": 9720000.0, "inspremcash": null, "netcashform": null, "bizcashoutf": 451692824.96, "fininstnetr": null, "invrececash": null, "defetaxassetdecr": null, "inicashbala": 382138376.94, "invcashinfl": 21578797.84, "paydivicash": null, "netcashscheitse": null, "defeincoincr": null, "disptradnetincr": null, "mananetr": 1003057.57, "debtintocapi": null, "defetaxliabincr": null, "adjustdate": "20140429", "enddate": "20140331", "assedepr": null, "biznetscheitse": null, "biznetform": null, "equfinalbala": null, "finoutfitse": null, "cashfinalbala": 313186863.72, "fixedassetnetc": null, "cashfinalitse": null, "payintecash": null, "unfiparachg": null, "loansnetr": null, "incrcashpled": null, "biznetcflow": null, "asseimpa": null, "reducashpled": null, "invinffrom": null, "netprofit": null, "minysharrigh": null, "equopenbala": null, "inveloss": null, "valuechgloss": null, "receinvcash": 21402504.44, "bizoutfform": null, "biznetscheform": null, "finexpe": null, "intaasseamor": null, "taxrefd": null, "biznetitse": null, "finnetitse": null, "invinflitse": null, "subsnetc": null, "unseparachg": null, "finoutfform": null, "recefromloan": 90000000.0, "netinvitse": null, "estidebts": null, "payaincr": null, "fdsborrnetr": null, "realestadep": null, "reporttype": "100111", "dispfixedassetloss": null, "fininflitse": null, "finalcashbala": 313186863.72, "cashfinalform": null, "invoutfitse": null, "netcashitse": null, "payinvecash": null, "fixedassescraloss": null, "savinetr": null, "subsrececash": null, "accstacode": "2", "fincashoutf": 125833.33, "charintecash": null, "finfixedasset": null, "labopayc": 266154689.38, "expiconvbd": null, "paycompgold": null, "inveretugetcash": 176293.4, "compcode": "80191712", "prepexpedecr": null, "repnetincr": null, "issbdrececash": null, "loannetr": null, "withinvgetcash": null, "invpayc": 154000000.0, "debtpaycash": null, "fincashinfl": 99720000.0, "cashopenbala": 382138376.94, "netcashscheform": null, "begindate": "20140101", "bizoutfitse": null, "bizinflitse": null, "insnetc": null, "bankloannetincr": null, "receredu": null, "publishdate": "20140429", "other": null, "deponetr": null, "paytax": 41139083.12, "bizinflform": null, "tradepaymnetr": null, "cashneti": -68951513.22, "accstaname": "\u65b0\u4f1a\u8ba1\u51c6\u5219", "cashnetr": -68951513.22, "invnetcashflow": -169548737.46, "netinvform": null, "finnetform": null, "payacticash": 114851924.78, "fininflform": null, "invoutfform": null}, {"laborgetcash": 1902928472.24, "inveredu": -18179011.38, "unreinveloss": null, "bizcashinfl": 1949682081.97, "diviprofpaycash": 115200000.0, "invcashoutf": 678149787.67, "accrexpeincr": null, "subspaynetcash": 82930000.0, "finrelacash": 35900000.0, "payworkcash": 109149210.74, "subspaydivid": null, "chgexchgchgs": null, "finnetcflow": -105000000.0, "receotherbizcash": 46753609.73, "longdefeexpenamor": null, "acquassetcash": 571817283.23, "recefincash": 46100000.0, "inspremcash": null, "netcashform": null, "bizcashoutf": 1819519469.55, "fininstnetr": null, "invrececash": null, "defetaxassetdecr": -150652.61, "inicashbala": 815162509.38, "invcashinfl": 219963042.81, "paydivicash": null, "netcashscheitse": null, "defeincoincr": null, "disptradnetincr": null, "mananetr": 130162612.42, "debtintocapi": null, "defetaxliabincr": null, "adjustdate": "20140424", "enddate": "20131231", "assedepr": 21909969.88, "biznetscheitse": null, "biznetform": null, "equfinalbala": null, "finoutfitse": null, "cashfinalbala": 382138376.94, "fixedassetnetc": null, "cashfinalitse": null, "payintecash": null, "unfiparachg": null, "loansnetr": null, "incrcashpled": null, "biznetcflow": 130162612.42, "asseimpa": -302148.58, "reducashpled": null, "invinffrom": null, "netprofit": 161880507.84, "minysharrigh": null, "equopenbala": null, "inveloss": -809718.89, "valuechgloss": null, "receinvcash": 207000000.0, "bizoutfform": null, "biznetscheform": null, "finexpe": -6952780.43, "intaasseamor": 3876227.7, "taxrefd": null, "biznetitse": null, "finnetitse": null, "invinflitse": null, "subsnetc": null, "unseparachg": null, "finoutfform": null, "recefromloan": null, "netinvitse": null, "estidebts": null, "payaincr": 209864904.83, "fdsborrnetr": null, "realestadep": null, "reporttype": "100111", "dispfixedassetloss": null, "fininflitse": null, "finalcashbala": 382138376.94, "cashfinalform": null, "invoutfitse": null, "netcashitse": null, "payinvecash": 23402504.44, "fixedassescraloss": null, "savinetr": null, "subsrececash": null, "accstacode": "2", "fincashoutf": 151100000.0, "charintecash": null, "finfixedasset": null, "labopayc": 1307117773.92, "expiconvbd": null, "paycompgold": null, "inveretugetcash": 12963042.81, "compcode": "80191712", "prepexpedecr": null, "repnetincr": null, "issbdrececash": null, "loannetr": null, "withinvgetcash": null, "invpayc": null, "debtpaycash": null, "fincashinfl": 46100000.0, "cashopenbala": 815162509.38, "netcashscheform": null, "begindate": "20130101", "bizoutfitse": null, "bizinflitse": null, "insnetc": null, "bankloannetincr": null, "receredu": -186974685.94, "publishdate": "20140424", "other": -54000000.0, "deponetr": null, "paytax": 152212040.84, "bizinflform": null, "tradepaymnetr": null, "cashneti": -433024132.44, "accstaname": "\u65b0\u4f1a\u8ba1\u51c6\u5219", "cashnetr": -433024132.44, "invnetcashflow": -458186744.86, "netinvform": null, "finnetform": null, "payacticash": 251040444.05, "fininflform": null, "invoutfform": null}, {"laborgetcash": 1381251369.78, "inveredu": null, "unreinveloss": null, "bizcashinfl": 1405461854.78, "diviprofpaycash": 115353277.78, "invcashoutf": 788347096.21, "accrexpeincr": null, "subspaynetcash": null, "finrelacash": null, "payworkcash": 81878060.17, "subspaydivid": null, "chgexchgchgs": null, "finnetcflow": -111353277.78, "receotherbizcash": 24210485.0, "longdefeexpenamor": null, "acquassetcash": 483417096.21, "recefincash": 39900000.0, "inspremcash": null, "netcashform": null, "bizcashoutf": 1387571948.56, "fininstnetr": null, "invrececash": null, "defetaxassetdecr": null, "inicashbala": 815162509.38, "invcashinfl": 439647212.03, "paydivicash": null, "netcashscheitse": null, "defeincoincr": null, "disptradnetincr": null, "mananetr": 17889906.22, "debtintocapi": null, "defetaxliabincr": null, "adjustdate": "20131024", "enddate": "20130930", "assedepr": null, "biznetscheitse": null, "biznetform": null, "equfinalbala": null, "finoutfitse": null, "cashfinalbala": 372999253.64, "fixedassetnetc": null, "cashfinalitse": null, "payintecash": null, "unfiparachg": null, "loansnetr": null, "incrcashpled": null, "biznetcflow": null, "asseimpa": null, "reducashpled": null, "invinffrom": null, "netprofit": null, "minysharrigh": null, "equopenbala": null, "inveloss": null, "valuechgloss": null, "receinvcash": 439060993.19, "bizoutfform": null, "biznetscheform": null, "finexpe": null, "intaasseamor": null, "taxrefd": null, "biznetitse": null, "finnetitse": null, "invinflitse": null, "subsnetc": null, "unseparachg": null, "finoutfform": null, "recefromloan": null, "netinvitse": null, "estidebts": null, "payaincr": null, "fdsborrnetr": null, "realestadep": null, "reporttype": "100111", "dispfixedassetloss": null, "fininflitse": null, "finalcashbala": 372999253.64, "cashfinalform": null, "invoutfitse": null, "netcashitse": null, "payinvecash": 222000000.0, "fixedassescraloss": null, "savinetr": null, "subsrececash": null, "accstacode": "2", "fincashoutf": 151253277.78, "charintecash": null, "finfixedasset": null, "labopayc": 974262327.93, "expiconvbd": null, "paycompgold": null, "inveretugetcash": 586218.84, "compcode": "80191712", "prepexpedecr": null, "repnetincr": null, "issbdrececash": null, "loannetr": null, "withinvgetcash": null, "invpayc": 82930000.0, "debtpaycash": 35900000.0, "fincashinfl": 39900000.0, "cashopenbala": 815162509.38, "netcashscheform": null, "begindate": "20130101", "bizoutfitse": null, "bizinflitse": null, "insnetc": null, "bankloannetincr": null, "receredu": null, "publishdate": "20131024", "other": null, "deponetr": null, "paytax": 123564337.74, "bizinflform": null, "tradepaymnetr": null, "cashneti": -442163255.74, "accstaname": "\u65b0\u4f1a\u8ba1\u51c6\u5219", "cashnetr": -442163255.74, "invnetcashflow": -348699884.18, "netinvform": null, "finnetform": null, "payacticash": 207867222.72, "fininflform": null, "invoutfform": null}, {"laborgetcash": 951284317.29, "inveredu": -22746776.23, "unreinveloss": null, "bizcashinfl": 974029618.68, "diviprofpaycash": 115353277.78, "invcashoutf": 614541834.38, "accrexpeincr": null, "subspaynetcash": null, "finrelacash": null, "payworkcash": 57098923.68, "subspaydivid": null, "chgexchgchgs": null, "finnetcflow": -115353277.78, "receotherbizcash": 22745301.39, "longdefeexpenamor": null, "acquassetcash": 309611834.38, "recefincash": 35900000.0, "inspremcash": null, "netcashform": null, "bizcashoutf": 973067272.75, "fininstnetr": null, "invrececash": null, "defetaxassetdecr": 1150623.17, "inicashbala": 815162509.38, "invcashinfl": 337914765.52, "paydivicash": null, "netcashscheitse": null, "defeincoincr": null, "disptradnetincr": null, "mananetr": 962345.93, "debtintocapi": null, "defetaxliabincr": null, "adjustdate": "20130815", "enddate": "20130630", "assedepr": 10357684.89, "biznetscheitse": null, "biznetform": null, "equfinalbala": null, "finoutfitse": null, "cashfinalbala": 424144508.67, "fixedassetnetc": null, "cashfinalitse": null, "payintecash": null, "unfiparachg": null, "loansnetr": null, "incrcashpled": null, "biznetcflow": 962345.93, "asseimpa": 366138.57, "reducashpled": null, "invinffrom": null, "netprofit": 78247713.9, "minysharrigh": null, "equopenbala": null, "inveloss": null, "valuechgloss": null, "receinvcash": 337519923.75, "bizoutfform": null, "biznetscheform": null, "finexpe": -4200323.7, "intaasseamor": 1905491.54, "taxrefd": null, "biznetitse": null, "finnetitse": null, "invinflitse": null, "subsnetc": null, "unseparachg": null, "finoutfform": null, "recefromloan": null, "netinvitse": null, "estidebts": null, "payaincr": 55701534.53, "fdsborrnetr": null, "realestadep": null, "reporttype": "100111", "dispfixedassetloss": 0.0, "fininflitse": null, "finalcashbala": 424144508.67, "cashfinalform": null, "invoutfitse": null, "netcashitse": null, "payinvecash": 222000000.0, "fixedassescraloss": null, "savinetr": null, "subsrececash": null, "accstacode": "2", "fincashoutf": 151253277.78, "charintecash": null, "finfixedasset": null, "labopayc": 678640014.51, "expiconvbd": null, "paycompgold": null, "inveretugetcash": 394841.77, "compcode": "80191712", "prepexpedecr": null, "repnetincr": null, "issbdrececash": null, "loannetr": null, "withinvgetcash": null, "invpayc": 82930000.0, "debtpaycash": 35900000.0, "fincashinfl": 35900000.0, "cashopenbala": 815162509.38, "netcashscheform": null, "begindate": "20130101", "bizoutfitse": null, "bizinflitse": null, "insnetc": null, "bankloannetincr": null, "receredu": -79819740.74, "publishdate": "20130815", "other": -40000000.0, "deponetr": null, "paytax": 97847300.03, "bizinflform": null, "tradepaymnetr": null, "cashneti": -391018000.71, "accstaname": "\u65b0\u4f1a\u8ba1\u51c6\u5219", "cashnetr": -391018000.71, "invnetcashflow": -276627068.86, "netinvform": null, "finnetform": null, "payacticash": 139481034.53, "fininflform": null, "invoutfform": null}, {"laborgetcash": 481428190.6, "inveredu": null, "unreinveloss": null, "bizcashinfl": 490811084.22, "diviprofpaycash": null, "invcashoutf": 418785684.02, "accrexpeincr": null, "subspaynetcash": null, "finrelacash": null, "payworkcash": 25789770.51, "subspaydivid": null, "chgexchgchgs": null, "finnetcflow": 0.0, "receotherbizcash": 9382893.62, "longdefeexpenamor": null, "acquassetcash": 135855684.02, "recefincash": 35900000.0, "inspremcash": null, "netcashform": null, "bizcashoutf": 532577292.37, "fininstnetr": null, "invrececash": null, "defetaxassetdecr": null, "inicashbala": 815162509.38, "invcashinfl": 315519923.75, "paydivicash": null, "netcashscheitse": null, "defeincoincr": null, "disptradnetincr": null, "mananetr": -41766208.15, "debtintocapi": null, "defetaxliabincr": null, "adjustdate": "20130424", "enddate": "20130331", "assedepr": null, "biznetscheitse": null, "biznetform": null, "equfinalbala": null, "finoutfitse": null, "cashfinalbala": 670130540.96, "fixedassetnetc": null, "cashfinalitse": null, "payintecash": null, "unfiparachg": null, "loansnetr": null, "incrcashpled": null, "biznetcflow": null, "asseimpa": null, "reducashpled": null, "invinffrom": null, "netprofit": null, "minysharrigh": null, "equopenbala": null, "inveloss": null, "valuechgloss": null, "receinvcash": 315519923.75, "bizoutfform": null, "biznetscheform": null, "finexpe": null, "intaasseamor": null, "taxrefd": null, "biznetitse": null, "finnetitse": null, "invinflitse": null, "subsnetc": null, "unseparachg": null, "finoutfform": null, "recefromloan": null, "netinvitse": null, "estidebts": null, "payaincr": null, "fdsborrnetr": null, "realestadep": null, "reporttype": "100111", "dispfixedassetloss": null, "fininflitse": null, "finalcashbala": 670130540.96, "cashfinalform": null, "invoutfitse": null, "netcashitse": null, "payinvecash": 200000000.0, "fixedassescraloss": null, "savinetr": null, "subsrececash": null, "accstacode": "2", "fincashoutf": 35900000.0, "charintecash": null, "finfixedasset": null, "labopayc": 392535714.65, "expiconvbd": null, "paycompgold": null, "inveretugetcash": null, "compcode": "80191712", "prepexpedecr": null, "repnetincr": null, "issbdrececash": null, "loannetr": null, "withinvgetcash": null, "invpayc": 82930000.0, "debtpaycash": 35900000.0, "fincashinfl": 35900000.0, "cashopenbala": 815162509.38, "netcashscheform": null, "begindate": "20130101", "bizoutfitse": null, "bizinflitse": null, "insnetc": null, "bankloannetincr": null, "receredu": null, "publishdate": "20130424", "other": null, "deponetr": null, "paytax": 57219979.43, "bizinflform": null, "tradepaymnetr": null, "cashneti": -145031968.42, "accstaname": "\u65b0\u4f1a\u8ba1\u51c6\u5219", "cashnetr": -145031968.42, "invnetcashflow": -103265760.27, "netinvform": null, "finnetform": null, "payacticash": 57031827.78, "fininflform": null, "invoutfform": null}, {"laborgetcash": 1877918138.21, "inveredu": -6231635.79, "unreinveloss": null, "bizcashinfl": 1899394863.72, "diviprofpaycash": 99231518.01, "invcashoutf": 394096341.03, "accrexpeincr": null, "subspaynetcash": null, "finrelacash": 9740000.0, "payworkcash": 95631124.98, "subspaydivid": null, "chgexchgchgs": null, "finnetcflow": -345371518.01, "receotherbizcash": 21476725.51, "longdefeexpenamor": null, "acquassetcash": 77096341.03, "recefincash": null, "inspremcash": null, "netcashform": null, "bizcashoutf": 1751441040.48, "fininstnetr": null, "invrececash": null, "defetaxassetdecr": 47547.11, "inicashbala": 1406477645.87, "invcashinfl": 198899.31, "paydivicash": null, "netcashscheitse": null, "defeincoincr": null, "disptradnetincr": null, "mananetr": 147953823.24, "debtintocapi": null, "defetaxliabincr": null, "adjustdate": "20130411", "enddate": "20121231", "assedepr": 16415679.35, "biznetscheitse": null, "biznetform": null, "equfinalbala": null, "finoutfitse": null, "cashfinalbala": 815162509.38, "fixedassetnetc": 198899.31, "cashfinalitse": null, "payintecash": null, "unfiparachg": null, "loansnetr": null, "incrcashpled": null, "biznetcflow": 147953823.24, "asseimpa": -148561.54, "reducashpled": null, "invinffrom": null, "netprofit": 175837832.96, "minysharrigh": null, "equopenbala": null, "inveloss": null, "valuechgloss": null, "receinvcash": null, "bizoutfform": null, "biznetscheform": null, "finexpe": -19757804.44, "intaasseamor": 2074768.36, "taxrefd": null, "biznetitse": null, "finnetitse": null, "invinflitse": null, "subsnetc": null, "unseparachg": null, "finoutfform": null, "recefromloan": null, "netinvitse": null, "estidebts": null, "payaincr": -51567936.39, "fdsborrnetr": null, "realestadep": null, "reporttype": "100111", "dispfixedassetloss": -12403.01, "fininflitse": null, "finalcashbala": 815162509.38, "cashfinalform": null, "invoutfitse": null, "netcashitse": null, "payinvecash": 317000000.0, "fixedassescraloss": null, "savinetr": null, "subsrececash": null, "accstacode": "2", "fincashoutf": 345371518.01, "charintecash": null, "finfixedasset": null, "labopayc": 1319192059.5, "expiconvbd": null, "paycompgold": null, "inveretugetcash": null, "compcode": "80191712", "prepexpedecr": null, "repnetincr": null, "issbdrececash": null, "loannetr": null, "withinvgetcash": null, "invpayc": null, "debtpaycash": 236400000.0, "fincashinfl": 0.0, "cashopenbala": 1406477645.87, "netcashscheform": null, "begindate": "20120101", "bizoutfitse": null, "bizinflitse": null, "insnetc": null, "bankloannetincr": null, "receredu": 31296336.63, "publishdate": "20130411", "other": null, "deponetr": null, "paytax": 173185113.64, "bizinflform": null, "tradepaymnetr": null, "cashneti": -591315136.49, "accstaname": "\u65b0\u4f1a\u8ba1\u51c6\u5219", "cashnetr": -591315136.49, "invnetcashflow": -393897441.72, "netinvform": null, "finnetform": null, "payacticash": 163432742.36, "fininflform": null, "invoutfform": null}, {"laborgetcash": 1376257221.13, "inveredu": null, "unreinveloss": null, "bizcashinfl": 1390378183.65, "diviprofpaycash": 99231518.01, "invcashoutf": 21257134.08, "accrexpeincr": null, "subspaynetcash": null, "finrelacash": 7740000.0, "payworkcash": 71857631.77, "subspaydivid": null, "chgexchgchgs": null, "finnetcflow": -341864234.53, "receotherbizcash": 14120962.52, "longdefeexpenamor": null, "acquassetcash": 21255692.09, "recefincash": 1507283.48, "inspremcash": null, "netcashform": null, "bizcashoutf": 1390111252.3, "fininstnetr": null, "invrececash": null, "defetaxassetdecr": null, "inicashbala": 1406477645.87, "invcashinfl": 13845.0, "paydivicash": null, "netcashscheitse": null, "defeincoincr": null, "disptradnetincr": null, "mananetr": 266931.35, "debtintocapi": null, "defetaxliabincr": null, "adjustdate": "20121025", "enddate": "20120930", "assedepr": null, "biznetscheitse": null, "biznetform": null, "equfinalbala": null, "finoutfitse": null, "cashfinalbala": 1043637053.61, "fixedassetnetc": 13845.0, "cashfinalitse": null, "payintecash": null, "unfiparachg": null, "loansnetr": null, "incrcashpled": null, "biznetcflow": null, "asseimpa": null, "reducashpled": null, "invinffrom": null, "netprofit": null, "minysharrigh": null, "equopenbala": null, "inveloss": null, "valuechgloss": null, "receinvcash": null, "bizoutfform": null, "biznetscheform": null, "finexpe": null, "intaasseamor": null, "taxrefd": null, "biznetitse": null, "finnetitse": null, "invinflitse": null, "subsnetc": null, "unseparachg": null, "finoutfform": null, "recefromloan": null, "netinvitse": null, "estidebts": null, "payaincr": null, "fdsborrnetr": null, "realestadep": null, "reporttype": "100111", "dispfixedassetloss": null, "fininflitse": null, "finalcashbala": 1043637053.61, "cashfinalform": null, "invoutfitse": null, "netcashitse": null, "payinvecash": 1441.99, "fixedassescraloss": null, "savinetr": null, "subsrececash": null, "accstacode": "2", "fincashoutf": 343371518.01, "charintecash": null, "finfixedasset": null, "labopayc": 1032122511.83, "expiconvbd": null, "paycompgold": null, "inveretugetcash": null, "compcode": "80191712", "prepexpedecr": null, "repnetincr": null, "issbdrececash": null, "loannetr": null, "withinvgetcash": null, "invpayc": null, "debtpaycash": 236400000.0, "fincashinfl": 1507283.48, "cashopenbala": 1406477645.87, "netcashscheform": null, "begindate": "20120101", "bizoutfitse": null, "bizinflitse": null, "insnetc": null, "bankloannetincr": null, "receredu": null, "publishdate": "20121025", "other": null, "deponetr": null, "paytax": 144041862.11, "bizinflform": null, "tradepaymnetr": null, "cashneti": -362840592.26, "accstaname": "\u65b0\u4f1a\u8ba1\u51c6\u5219", "cashnetr": -362840592.26, "invnetcashflow": -21243289.08, "netinvform": null, "finnetform": null, "payacticash": 142089246.59, "fininflform": null, "invoutfform": null}, {"laborgetcash": 904738718.81, "inveredu": -13987777.63, "unreinveloss": null, "bizcashinfl": 912215323.15, "diviprofpaycash": 99231518.01, "invcashoutf": 10315812.48, "accrexpeincr": null, "subspaynetcash": null, "finrelacash": 7740000.0, "payworkcash": 51302469.58, "subspaydivid": null, "chgexchgchgs": null, "finnetcflow": -341872500.54, "receotherbizcash": 7476604.34, "longdefeexpenamor": null, "acquassetcash": 10314370.49, "recefincash": 1499017.47, "inspremcash": null, "netcashform": null, "bizcashoutf": 968398127.5, "fininstnetr": null, "invrececash": null, "defetaxassetdecr": -149117.28, "inicashbala": 1406477645.87, "invcashinfl": 13845.0, "paydivicash": null, "netcashscheitse": null, "defeincoincr": null, "disptradnetincr": null, "mananetr": -56182804.35, "debtintocapi": null, "defetaxliabincr": null, "adjustdate": "20120816", "enddate": "20120630", "assedepr": 8120925.68, "biznetscheitse": null, "biznetform": null, "equfinalbala": null, "finoutfitse": null, "cashfinalbala": 998120373.5, "fixedassetnetc": 13845.0, "cashfinalitse": null, "payintecash": null, "unfiparachg": null, "loansnetr": null, "incrcashpled": null, "biznetcflow": -56182804.35, "asseimpa": 731373.38, "reducashpled": null, "invinffrom": null, "netprofit": 74538071.99, "minysharrigh": null, "equopenbala": null, "inveloss": null, "valuechgloss": null, "receinvcash": null, "bizoutfform": null, "biznetscheform": null, "finexpe": -8444219.69, "intaasseamor": 1037187.05, "taxrefd": null, "biznetitse": null, "finnetitse": null, "invinflitse": null, "subsnetc": null, "unseparachg": null, "finoutfform": null, "recefromloan": null, "netinvitse": null, "estidebts": null, "payaincr": -12328671.19, "fdsborrnetr": null, "realestadep": null, "reporttype": "100111", "dispfixedassetloss": -12403.01, "fininflitse": null, "finalcashbala": 998120373.5, "cashfinalform": null, "invoutfitse": null, "netcashitse": null, "payinvecash": 1441.99, "fixedassescraloss": null, "savinetr": null, "subsrececash": null, "accstacode": "2", "fincashoutf": 343371518.01, "charintecash": null, "finfixedasset": null, "labopayc": 697452370.11, "expiconvbd": null, "paycompgold": null, "inveretugetcash": null, "compcode": "80191712", "prepexpedecr": null, "repnetincr": null, "issbdrececash": null, "loannetr": null, "withinvgetcash": null, "invpayc": null, "debtpaycash": 236400000.0, "fincashinfl": 1499017.47, "cashopenbala": 1406477645.87, "netcashscheform": null, "begindate": "20120101", "bizoutfitse": null, "bizinflitse": null, "insnetc": null, "bankloannetincr": null, "receredu": -88468173.65, "publishdate": "20120816", "other": -17220000.0, "deponetr": null, "paytax": 121288393.49, "bizinflform": null, "tradepaymnetr": null, "cashneti": -408357272.37, "accstaname": "\u65b0\u4f1a\u8ba1\u51c6\u5219", "cashnetr": -408357272.37, "invnetcashflow": -10301967.48, "netinvform": null, "finnetform": null, "payacticash": 98354894.32, "fininflform": null, "invoutfform": null}, {"laborgetcash": 493400433.32, "inveredu": null, "unreinveloss": null, "bizcashinfl": 496146238.52, "diviprofpaycash": 3231518.01, "invcashoutf": 5145874.63, "accrexpeincr": null, "subspaynetcash": null, "finrelacash": 7320000.0, "payworkcash": 26901711.49, "subspaydivid": null, "chgexchgchgs": null, "finnetcflow": -246951518.01, "receotherbizcash": 2745805.2, "longdefeexpenamor": null, "acquassetcash": 5145325.2, "recefincash": null, "inspremcash": null, "netcashform": null, "bizcashoutf": 613118168.32, "fininstnetr": null, "invrececash": null, "defetaxassetdecr": null, "inicashbala": 1406477645.87, "invcashinfl": 11610.0, "paydivicash": null, "netcashscheitse": null, "defeincoincr": null, "disptradnetincr": null, "mananetr": -116971929.8, "debtintocapi": null, "defetaxliabincr": null, "adjustdate": "20120424", "enddate": "20120331", "assedepr": null, "biznetscheitse": null, "biznetform": null, "equfinalbala": null, "finoutfitse": null, "cashfinalbala": 1037419933.43, "fixedassetnetc": 11610.0, "cashfinalitse": null, "payintecash": null, "unfiparachg": null, "loansnetr": null, "incrcashpled": null, "biznetcflow": null, "asseimpa": null, "reducashpled": null, "invinffrom": null, "netprofit": null, "minysharrigh": null, "equopenbala": null, "inveloss": null, "valuechgloss": null, "receinvcash": null, "bizoutfform": null, "biznetscheform": null, "finexpe": null, "intaasseamor": null, "taxrefd": null, "biznetitse": null, "finnetitse": null, "invinflitse": null, "subsnetc": null, "unseparachg": null, "finoutfform": null, "recefromloan": null, "netinvitse": null, "estidebts": null, "payaincr": null, "fdsborrnetr": null, "realestadep": null, "reporttype": "100111", "dispfixedassetloss": null, "fininflitse": null, "finalcashbala": 1037419933.43, "cashfinalform": null, "invoutfitse": null, "netcashitse": null, "payinvecash": 549.43, "fixedassescraloss": null, "savinetr": null, "subsrececash": null, "accstacode": "2", "fincashoutf": 246951518.01, "charintecash": null, "finfixedasset": null, "labopayc": 465522230.83, "expiconvbd": null, "paycompgold": null, "inveretugetcash": null, "compcode": "80191712", "prepexpedecr": null, "repnetincr": null, "issbdrececash": null, "loannetr": null, "withinvgetcash": null, "invpayc": null, "debtpaycash": 236400000.0, "fincashinfl": 0.0, "cashopenbala": 1406477645.87, "netcashscheform": null, "begindate": "20120101", "bizoutfitse": null, "bizinflitse": null, "insnetc": null, "bankloannetincr": null, "receredu": null, "publishdate": "20120424", "other": null, "deponetr": null, "paytax": 83862143.48, "bizinflform": null, "tradepaymnetr": null, "cashneti": -369057712.44, "accstaname": "\u65b0\u4f1a\u8ba1\u51c6\u5219", "cashnetr": -369057712.44, "invnetcashflow": -5134264.63, "netinvform": null, "finnetform": null, "payacticash": 36832082.52, "fininflform": null, "invoutfform": null}, {"laborgetcash": 1900185888.85, "inveredu": 3999331.19, "unreinveloss": null, "bizcashinfl": 1983970905.66, "diviprofpaycash": 15995489.14, "invcashoutf": 140215345.81, "accrexpeincr": null, "subspaynetcash": null, "finrelacash": 12293870.0, "payworkcash": 76781944.86, "subspaydivid": null, "chgexchgchgs": null, "finnetcflow": 1242468640.86, "receotherbizcash": 83785016.81, "longdefeexpenamor": null, "acquassetcash": 119266395.95, "recefincash": 2000000.0, "inspremcash": null, "netcashform": null, "bizcashoutf": 1871211511.32, "fininstnetr": null, "invrececash": 1130358000.0, "defetaxassetdecr": -94640.35, "inicashbala": 191464956.48, "invcashinfl": 0.0, "paydivicash": null, "netcashscheitse": null, "defeincoincr": null, "disptradnetincr": null, "mananetr": 112759394.34, "debtintocapi": null, "defetaxliabincr": null, "adjustdate": "20120412", "enddate": "20111231", "assedepr": 15052270.3, "biznetscheitse": null, "biznetform": null, "equfinalbala": null, "finoutfitse": null, "cashfinalbala": 1406477645.87, "fixedassetnetc": null, "cashfinalitse": null, "payintecash": null, "unfiparachg": null, "loansnetr": null, "incrcashpled": null, "biznetcflow": 112759394.34, "asseimpa": 378584.9, "reducashpled": null, "invinffrom": null, "netprofit": 157720390.2, "minysharrigh": null, "equopenbala": null, "inveloss": null, "valuechgloss": null, "receinvcash": null, "bizoutfform": null, "biznetscheform": null, "finexpe": 15995489.14, "intaasseamor": 1353150.49, "taxrefd": null, "biznetitse": null, "finnetitse": null, "invinflitse": null, "subsnetc": null, "unseparachg": null, "finoutfform": null, "recefromloan": 423400000.0, "netinvitse": null, "estidebts": null, "payaincr": -111504829.03, "fdsborrnetr": null, "realestadep": null, "reporttype": "100111", "dispfixedassetloss": 717635.73, "fininflitse": null, "finalcashbala": 1406477645.87, "cashfinalform": null, "invoutfitse": null, "netcashitse": null, "payinvecash": null, "fixedassescraloss": null, "savinetr": null, "subsrececash": null, "accstacode": "2", "fincashoutf": 313289359.14, "charintecash": null, "finfixedasset": null, "labopayc": 1516602868.77, "expiconvbd": null, "paycompgold": null, "inveretugetcash": null, "compcode": "80191712", "prepexpedecr": null, "repnetincr": null, "issbdrececash": null, "loannetr": null, "withinvgetcash": null, "invpayc": 20948949.86, "debtpaycash": 285000000.0, "fincashinfl": 1555758000.0, "cashopenbala": 191464956.48, "netcashscheform": null, "begindate": "20110101", "bizoutfitse": null, "bizinflitse": null, "insnetc": null, "bankloannetincr": null, "receredu": -857988.23, "publishdate": "20120412", "other": 30000000.0, "deponetr": null, "paytax": 105551612.39, "bizinflform": null, "tradepaymnetr": null, "cashneti": 1215012689.39, "accstaname": "\u65b0\u4f1a\u8ba1\u51c6\u5219", "cashnetr": 1215012689.39, "invnetcashflow": -140215345.81, "netinvform": null, "finnetform": null, "payacticash": 172275085.3, "fininflform": null, "invoutfform": null}, {"laborgetcash": 1372060217.11, "inveredu": null, "unreinveloss": null, "bizcashinfl": 1427641088.99, "diviprofpaycash": 8834190.42, "invcashoutf": 80260736.05, "accrexpeincr": null, "subspaynetcash": null, "finrelacash": 4774312.0, "payworkcash": 47683999.4, "subspaydivid": null, "chgexchgchgs": null, "finnetcflow": 174791497.58, "receotherbizcash": 55580871.88, "longdefeexpenamor": null, "acquassetcash": 59311786.19, "recefincash": null, "inspremcash": null, "netcashform": null, "bizcashoutf": 1529836100.7, "fininstnetr": null, "invrececash": null, "defetaxassetdecr": null, "inicashbala": 191464956.48, "invcashinfl": -10200.0, "paydivicash": null, "netcashscheitse": null, "defeincoincr": null, "disptradnetincr": null, "mananetr": -102195011.71, "debtintocapi": null, "defetaxliabincr": null, "adjustdate": "20120105", "enddate": "20110930", "assedepr": null, "biznetscheitse": null, "biznetform": null, "equfinalbala": null, "finoutfitse": null, "cashfinalbala": 183790506.3, "fixedassetnetc": -10200.0, "cashfinalitse": null, "payintecash": null, "unfiparachg": null, "loansnetr": null, "incrcashpled": null, "biznetcflow": null, "asseimpa": null, "reducashpled": null, "invinffrom": null, "netprofit": null, "minysharrigh": null, "equopenbala": null, "inveloss": null, "valuechgloss": null, "receinvcash": null, "bizoutfform": null, "biznetscheform": null, "finexpe": null, "intaasseamor": null, "taxrefd": null, "biznetitse": null, "finnetitse": null, "invinflitse": null, "subsnetc": null, "unseparachg": null, "finoutfform": null, "recefromloan": 288400000.0, "netinvitse": null, "estidebts": null, "payaincr": null, "fdsborrnetr": null, "realestadep": null, "reporttype": "100111", "dispfixedassetloss": null, "fininflitse": null, "finalcashbala": 183790506.3, "cashfinalform": null, "invoutfitse": null, "netcashitse": null, "payinvecash": null, "fixedassescraloss": null, "savinetr": null, "subsrececash": null, "accstacode": "2", "fincashoutf": 113608502.42, "charintecash": null, "finfixedasset": null, "labopayc": 1229560440.07, "expiconvbd": null, "paycompgold": null, "inveretugetcash": null, "compcode": "80191712", "prepexpedecr": null, "repnetincr": null, "issbdrececash": null, "loannetr": null, "withinvgetcash": null, "invpayc": 20948949.86, "debtpaycash": 100000000.0, "fincashinfl": 288400000.0, "cashopenbala": 191464956.48, "netcashscheform": null, "begindate": "20110101", "bizoutfitse": null, "bizinflitse": null, "insnetc": null, "bankloannetincr": null, "receredu": null, "publishdate": "20120105", "other": null, "deponetr": null, "paytax": 85361873.1, "bizinflform": null, "tradepaymnetr": null, "cashneti": -7674450.18, "accstaname": "\u65b0\u4f1a\u8ba1\u51c6\u5219", "cashnetr": -7674450.18, "invnetcashflow": -80270936.05, "netinvform": null, "finnetform": null, "payacticash": 167229788.13, "fininflform": null, "invoutfform": null}, {"laborgetcash": 875344659.2, "inveredu": 13929010.82, "unreinveloss": null, "bizcashinfl": 910925531.08, "diviprofpaycash": 6544563.51, "invcashoutf": 70336060.99, "accrexpeincr": null, "subspaynetcash": null, "finrelacash": 4774312.0, "payworkcash": 36027374.53, "subspaydivid": null, "chgexchgchgs": null, "finnetcflow": 92681124.49, "receotherbizcash": 35580871.88, "longdefeexpenamor": null, "acquassetcash": 49387111.13, "recefincash": null, "inspremcash": null, "netcashform": null, "bizcashoutf": 919004912.21, "fininstnetr": null, "invrececash": null, "defetaxassetdecr": -78385.41, "inicashbala": 191464956.48, "invcashinfl": 0.0, "paydivicash": null, "netcashscheitse": null, "defeincoincr": null, "disptradnetincr": null, "mananetr": -8079381.13, "debtintocapi": null, "defetaxliabincr": null, "adjustdate": "20111215", "enddate": "20110630", "assedepr": 7050124.77, "biznetscheitse": null, "biznetform": null, "equfinalbala": null, "finoutfitse": null, "cashfinalbala": 205730638.85, "fixedassetnetc": null, "cashfinalitse": null, "payintecash": null, "unfiparachg": null, "loansnetr": null, "incrcashpled": null, "biznetcflow": -8079381.13, "asseimpa": 313541.65, "reducashpled": null, "invinffrom": null, "netprofit": 56307151.53, "minysharrigh": null, "equopenbala": null, "inveloss": null, "valuechgloss": null, "receinvcash": null, "bizoutfform": null, "biznetscheform": null, "finexpe": 6544563.51, "intaasseamor": 402842.77, "taxrefd": null, "biznetitse": null, "finnetitse": null, "invinflitse": null, "subsnetc": null, "unseparachg": null, "finoutfform": null, "recefromloan": 174000000.0, "netinvitse": null, "estidebts": null, "payaincr": -117210733.4, "fdsborrnetr": null, "realestadep": null, "reporttype": "100111", "dispfixedassetloss": 731679.6, "fininflitse": null, "finalcashbala": 205730638.85, "cashfinalform": null, "invoutfitse": null, "netcashitse": null, "payinvecash": null, "fixedassescraloss": null, "savinetr": null, "subsrececash": null, "accstacode": "2", "fincashoutf": 81318875.51, "charintecash": null, "finfixedasset": null, "labopayc": 696389590.13, "expiconvbd": null, "paycompgold": null, "inveretugetcash": null, "compcode": "80191712", "prepexpedecr": null, "repnetincr": null, "issbdrececash": null, "loannetr": null, "withinvgetcash": null, "invpayc": 20948949.86, "debtpaycash": 70000000.0, "fincashinfl": 174000000.0, "cashopenbala": 191464956.48, "netcashscheform": null, "begindate": "20110101", "bizoutfitse": null, "bizinflitse": null, "insnetc": null, "bankloannetincr": null, "receredu": 13930823.03, "publishdate": "20111215", "other": 10000000.0, "deponetr": null, "paytax": 79714147.35, "bizinflform": null, "tradepaymnetr": null, "cashneti": 14265682.37, "accstaname": "\u65b0\u4f1a\u8ba1\u51c6\u5219", "cashnetr": 14265682.37, "invnetcashflow": -70336060.99, "netinvform": null, "finnetform": null, "payacticash": 106873800.2, "fininflform": null, "invoutfform": null}, {"laborgetcash": 1646338924.76, "inveredu": -99145313.95, "unreinveloss": null, "bizcashinfl": 1650491359.48, "diviprofpaycash": 24257200.84, "invcashoutf": 156792408.81, "accrexpeincr": null, "subspaynetcash": null, "finrelacash": 36930000.0, "payworkcash": 47289914.27, "subspaydivid": null, "chgexchgchgs": null, "finnetcflow": -44087200.84, "receotherbizcash": 4152434.72, "longdefeexpenamor": null, "acquassetcash": 61704426.61, "recefincash": 54500000.0, "inspremcash": null, "netcashform": null, "bizcashoutf": 1568354765.22, "fininstnetr": null, "invrececash": 80600000.0, "defetaxassetdecr": 742143.06, "inicashbala": 216004341.63, "invcashinfl": 94203630.24, "paydivicash": null, "netcashscheitse": null, "defeincoincr": null, "disptradnetincr": null, "mananetr": 82136594.26, "debtintocapi": null, "defetaxliabincr": null, "adjustdate": "20111215", "enddate": "20101231", "assedepr": 10126201.23, "biznetscheitse": null, "biznetform": null, "equfinalbala": null, "finoutfitse": null, "cashfinalbala": 191464956.48, "fixedassetnetc": 734560.0, "cashfinalitse": null, "payintecash": null, "unfiparachg": null, "loansnetr": null, "incrcashpled": null, "biznetcflow": 82136594.26, "asseimpa": -2687521.49, "reducashpled": null, "invinffrom": null, "netprofit": 132808880.99, "minysharrigh": null, "equopenbala": null, "inveloss": null, "valuechgloss": null, "receinvcash": 93469070.24, "bizoutfform": null, "biznetscheform": null, "finexpe": -1007306.42, "intaasseamor": 405497.1, "taxrefd": null, "biznetitse": null, "finnetitse": null, "invinflitse": null, "subsnetc": null, "unseparachg": null, "finoutfform": null, "recefromloan": 248000000.0, "netinvitse": null, "estidebts": null, "payaincr": 164260090.98, "fdsborrnetr": null, "realestadep": null, "reporttype": "100111", "dispfixedassetloss": 503393.65, "fininflitse": null, "finalcashbala": 191464956.48, "cashfinalform": null, "invoutfitse": null, "netcashitse": null, "payinvecash": 35087982.2, "fixedassescraloss": null, "savinetr": null, "subsrececash": null, "accstacode": "2", "fincashoutf": 427187200.84, "charintecash": null, "finfixedasset": null, "labopayc": 1296081152.58, "expiconvbd": null, "paycompgold": null, "inveretugetcash": null, "compcode": "80191712", "prepexpedecr": null, "repnetincr": null, "issbdrececash": null, "loannetr": null, "withinvgetcash": null, "invpayc": 60000000.0, "debtpaycash": 366000000.0, "fincashinfl": 383100000.0, "cashopenbala": 216004341.63, "netcashscheform": null, "begindate": "20100101", "bizoutfitse": null, "bizinflitse": null, "insnetc": null, "bankloannetincr": null, "receredu": -93869470.89, "publishdate": "20111215", "other": -30000000.0, "deponetr": null, "paytax": 83952982.29, "bizinflform": null, "tradepaymnetr": null, "cashneti": -24539385.15, "accstaname": "\u65b0\u4f1a\u8ba1\u51c6\u5219", "cashnetr": -24539385.15, "invnetcashflow": -62588778.57, "netinvform": null, "finnetform": null, "payacticash": 141030716.08, "fininflform": null, "invoutfform": null}, {"laborgetcash": 1385725359.39, "inveredu": -2660558.12, "unreinveloss": null, "bizcashinfl": 1389967984.54, "diviprofpaycash": 103480922.08, "invcashoutf": 53637816.47, "accrexpeincr": null, "subspaynetcash": null, "finrelacash": 57400000.0, "payworkcash": 32281150.03, "subspaydivid": 22538639.04, "chgexchgchgs": null, "finnetcflow": -42540922.08, "receotherbizcash": 4242625.15, "longdefeexpenamor": null, "acquassetcash": 25134159.53, "recefincash": 20000000.0, "inspremcash": null, "netcashform": null, "bizcashoutf": 1297004506.28, "fininstnetr": null, "invrececash": 39340000.0, "defetaxassetdecr": 22458.33, "inicashbala": 47721966.76, "invcashinfl": 171497635.16, "paydivicash": null, "netcashscheitse": null, "defeincoincr": null, "disptradnetincr": null, "mananetr": 92963478.26, "debtintocapi": null, "defetaxliabincr": null, "adjustdate": "20111215", "enddate": "20091231", "assedepr": 10041988.55, "biznetscheitse": null, "biznetform": null, "equfinalbala": null, "finoutfitse": null, "cashfinalbala": 216004341.63, "fixedassetnetc": 10000.0, "cashfinalitse": null, "payintecash": null, "unfiparachg": null, "loansnetr": null, "incrcashpled": null, "biznetcflow": 92963478.26, "asseimpa": -1289725.8, "reducashpled": null, "invinffrom": null, "netprofit": 88999582.28, "minysharrigh": null, "equopenbala": null, "inveloss": null, "valuechgloss": null, "receinvcash": 150827635.16, "bizoutfform": null, "biznetscheform": null, "finexpe": 189894.41, "intaasseamor": 276996.8, "taxrefd": null, "biznetitse": null, "finnetitse": null, "invinflitse": null, "subsnetc": 20660000.0, "unseparachg": null, "finoutfform": null, "recefromloan": 276000000.0, "netinvitse": null, "estidebts": null, "payaincr": 22894945.6, "fdsborrnetr": null, "realestadep": null, "reporttype": "100111", "dispfixedassetloss": -4320.0, "fininflitse": null, "finalcashbala": 216004341.63, "cashfinalform": null, "invoutfitse": null, "netcashitse": null, "payinvecash": 28503656.94, "fixedassescraloss": null, "savinetr": null, "subsrececash": null, "accstacode": "2", "fincashoutf": 377880922.08, "charintecash": null, "finfixedasset": null, "labopayc": 1039886869.46, "expiconvbd": null, "paycompgold": null, "inveretugetcash": null, "compcode": "80191712", "prepexpedecr": null, "repnetincr": null, "issbdrececash": null, "loannetr": null, "withinvgetcash": null, "invpayc": null, "debtpaycash": 217000000.0, "fincashinfl": 335340000.0, "cashopenbala": 47721966.76, "netcashscheform": null, "begindate": "20090101", "bizoutfitse": null, "bizinflitse": null, "insnetc": null, "bankloannetincr": null, "receredu": -25507783.79, "publishdate": "20111215", "other": null, "deponetr": null, "paytax": 100566376.3, "bizinflform": null, "tradepaymnetr": null, "cashneti": 168282374.87, "accstaname": "\u65b0\u4f1a\u8ba1\u51c6\u5219", "cashnetr": 168282374.87, "invnetcashflow": 117859818.69, "netinvform": null, "finnetform": null, "payacticash": 124270110.49, "fininflform": null, "invoutfform": null}, {"laborgetcash": 1203293359.37, "inveredu": 5996502.49, "unreinveloss": null, "bizcashinfl": 1207878666.51, "diviprofpaycash": 37187103.12, "invcashoutf": 110828119.34, "accrexpeincr": null, "subspaynetcash": null, "finrelacash": 40000000.0, "payworkcash": 31378784.12, "subspaydivid": null, "chgexchgchgs": null, "finnetcflow": -47857103.12, "receotherbizcash": 4585307.14, "longdefeexpenamor": null, "acquassetcash": 17698428.16, "recefincash": 44330000.0, "inspremcash": null, "netcashform": null, "bizcashoutf": 1138805288.37, "fininstnetr": null, "invrececash": null, "defetaxassetdecr": 350628.03, "inicashbala": 70893793.15, "invcashinfl": 66440017.93, "paydivicash": null, "netcashscheitse": null, "defeincoincr": null, "disptradnetincr": null, "mananetr": 69073378.14, "debtintocapi": null, "defetaxliabincr": null, "adjustdate": "20111215", "enddate": "20081231", "assedepr": 9706060.71, "biznetscheitse": null, "biznetform": null, "equfinalbala": null, "finoutfitse": null, "cashfinalbala": 47721966.76, "fixedassetnetc": null, "cashfinalitse": null, "payintecash": null, "unfiparachg": null, "loansnetr": null, "incrcashpled": null, "biznetcflow": 69073378.14, "asseimpa": -2048754.34, "reducashpled": null, "invinffrom": null, "netprofit": 81005450.16, "minysharrigh": null, "equopenbala": null, "inveloss": null, "valuechgloss": null, "receinvcash": 66440017.93, "bizoutfform": null, "biznetscheform": null, "finexpe": 15414683.78, "intaasseamor": 265246.04, "taxrefd": null, "biznetitse": null, "finnetitse": null, "invinflitse": null, "subsnetc": null, "unseparachg": null, "finoutfform": null, "recefromloan": 308000000.0, "netinvitse": null, "estidebts": null, "payaincr": -71964329.0, "fdsborrnetr": null, "realestadep": null, "reporttype": "100111", "dispfixedassetloss": null, "fininflitse": null, "finalcashbala": 47721966.76, "cashfinalform": null, "invoutfitse": null, "netcashitse": null, "payinvecash": 80829691.18, "fixedassescraloss": null, "savinetr": null, "subsrececash": null, "accstacode": "2", "fincashoutf": 400187103.12, "charintecash": null, "finfixedasset": null, "labopayc": 919304850.21, "expiconvbd": null, "paycompgold": null, "inveretugetcash": null, "compcode": "80191712", "prepexpedecr": null, "repnetincr": null, "issbdrececash": null, "loannetr": null, "withinvgetcash": null, "invpayc": 12300000.0, "debtpaycash": 323000000.0, "fincashinfl": 352330000.0, "cashopenbala": 70893793.15, "netcashscheform": null, "begindate": "20080101", "bizoutfitse": null, "bizinflitse": null, "insnetc": null, "bankloannetincr": null, "receredu": 30347890.27, "publishdate": "20111215", "other": null, "deponetr": null, "paytax": 69870682.4, "bizinflform": null, "tradepaymnetr": null, "cashneti": -23171826.39, "accstaname": "\u65b0\u4f1a\u8ba1\u51c6\u5219", "cashnetr": -23171826.39, "invnetcashflow": -44388101.41, "netinvform": null, "finnetform": null, "payacticash": 118250971.64, "fininflform": null, "invoutfform": null}], "comptype": 4, "name": "\u52a0\u52a0\u98df\u54c1"}