{"list": [{"unreinveloss": null, "specrese": null, "righaggritse": null, "righaggr": 2033600405.67, "otherlonginve": null, "topaycashdivi": null, "minysharrigh": null, "rese": 100751533.97, "intelrece": null, "taxespaya": 16447987.81, "othernoncasse": 4000000.0, "tradshartrad": null, "totcurrasset": 777183064.2, "otherrece": 1961637.96, "accrexpe": null, "expenoncliab": null, "fixedasseclea": null, "currliabitse": null, "consprog": 178764825.62, "engimate": 6482496.26, "copepoun": null, "longliabform": null, "bdspaya": null, "specpaya": null, "hydrasset": null, "adjustdate": "20171020", "totliabsharequi": 2804837865.62, "inveprop": null, "cenbankborr": null, "capisurp": 211549136.68, "currliabform": null, "intelpay": null, "shorttermborr": 360000000.0, "shorttermbdspaya": null, "reinrece": null, "totalasseform": null, "sharrighitse": null, "accorece": 86088185.04, "totalnoncassets": 2027654801.42, "accopaya": 146487409.4, "othercurreliabi": null, "purcresaasset": null, "intaasset": 87075263.41, "inve": 303137424.25, "totalcurrliab": 713922836.5, "sharrightform": null, "expinoncurrasset": null, "tradfinliab": null, "fixedasseimpa": null, "fixedassenetw": null, "fixedasseimmo": null, "equiinve": 220740133.83, "paresharrigh": 2033600405.67, "currassetitse": null, "fdsborr": null, "expotaxrebarece": null, "totassetitse": null, "subsrece": null, "comasse": null, "tradfinasset": null, "actiundesecu": null, "noncasseitse": null, "intepaya": 931608.57, "prepexpe": null, "reportdate": "20170930", "otherfeepaya": null, "rightotitse": null, "derifinaasset": null, "dometicksett": null, "generiskrese": null, "dividrece": null, "interece": 562642.7, "rightotform": null, "treastk": null, "undiprof": 569299735.02, "avaisellasse": null, "totliabform": null, "rightaggrform": null, "paidincapi": 1152000000.0, "longliabitse": null, "accstacode": "2", "totliabitse": null, "longborr": null, "premrece": null, "noncasseform": null, "curtrandiff": null, "prep": 149881285.61, "defetaxasset": 8199525.64, "compcode": "80191712", "expecurrliab": null, "copewithreinrece": null, "divipaya": null, "notespaya": 20000000.0, "currasseform": null, "margrequ": null, "totasset": 2804837865.62, "reincontrese": null, "totalnoncliab": 57314623.45, "notesrece": 6745500.0, "totliab": 771237459.95, "duenoncliab": null, "holdinvedue": null, "accudepr": null, "insucontrese": null, "deveexpe": null, "settresedepo": null, "defereve": null, "othernoncliabi": null, "lendandloan": null, "longdefeinco": 57197850.0, "publishdate": "20171020", "advapaym": 92184075.03, "margrece": null, "defeincotaxliab": 116773.45, "logprepexpe": null, "prodasse": null, "othercurrasse": 3821865.89, "longrece": null, "accstaname": "\u65b0\u4f1a\u8ba1\u51c6\u5219", "reporttype": "100111", "deriliab": null, "plac": null, "sellrepasse": null, "inteticksett": null, "longpaya": null, "copeworkersal": 10105054.53, "goodwill": null, "unseg": null, "actitradsecu": null, "otherpay": 67766701.16, "deposit": null, "fixedassenet": 1522392556.66, "curfds": 224984522.75}, {"unreinveloss": null, "specrese": null, "righaggritse": null, "righaggr": 2050198445.59, "otherlonginve": null, "topaycashdivi": null, "minysharrigh": null, "rese": 100751533.97, "intelrece": null, "taxespaya": 10615812.49, "othernoncasse": 104000000.0, "tradshartrad": null, "totcurrasset": 703402553.6, "otherrece": 1576583.28, "accrexpe": null, "expenoncliab": null, "fixedasseclea": null, "currliabitse": null, "consprog": 149053243.01, "engimate": 6539305.02, "copepoun": null, "longliabform": null, "bdspaya": null, "specpaya": null, "hydrasset": null, "adjustdate": "20170804", "totliabsharequi": 2816634718.58, "inveprop": null, "cenbankborr": null, "capisurp": 211549136.68, "currliabform": null, "intelpay": null, "shorttermborr": 389900000.0, "shorttermbdspaya": null, "reinrece": null, "totalasseform": null, "sharrighitse": null, "accorece": 92289573.56, "totalnoncassets": 2113232164.98, "accopaya": 165887661.5, "othercurreliabi": null, "purcresaasset": null, "intaasset": 84351312.3, "inve": 313166755.42, "totalcurrliab": 720259221.05, "sharrightform": null, "expinoncurrasset": null, "tradfinliab": null, "fixedasseimpa": null, "fixedassenetw": 1545495356.57, "fixedasseimmo": 1812949865.04, "equiinve": 215531394.94, "paresharrigh": 2050198445.59, "currassetitse": null, "fdsborr": null, "expotaxrebarece": null, "totassetitse": null, "subsrece": null, "comasse": null, "tradfinasset": null, "actiundesecu": null, "noncasseitse": null, "intepaya": 2219389.81, "prepexpe": null, "reportdate": "20170630", "otherfeepaya": null, "rightotitse": null, "derifinaasset": null, "dometicksett": null, "generiskrese": null, "dividrece": null, "interece": 749414.11, "rightotform": null, "treastk": null, "undiprof": 585897774.94, "avaisellasse": null, "totliabform": null, "rightaggrform": null, "paidincapi": 1152000000.0, "longliabitse": null, "accstacode": "2", "totliabitse": null, "longborr": null, "premrece": null, "noncasseform": null, "curtrandiff": null, "prep": 72469659.13, "defetaxasset": 8261553.14, "compcode": "80191712", "expecurrliab": null, "copewithreinrece": null, "divipaya": null, "notespaya": null, "currasseform": null, "margrequ": null, "totasset": 2816634718.58, "reincontrese": null, "totalnoncliab": 46177051.94, "notesrece": 3686866.4, "totliab": 766436272.99, "duenoncliab": null, "holdinvedue": null, "accudepr": 267454508.47, "insucontrese": null, "deveexpe": null, "settresedepo": null, "defereve": null, "othernoncliabi": null, "lendandloan": null, "longdefeinco": 46135700.0, "publishdate": "20170804", "advapaym": 72438416.37, "margrece": null, "defeincotaxliab": 41351.94, "logprepexpe": null, "prodasse": null, "othercurrasse": 8273523.09, "longrece": null, "accstaname": "\u65b0\u4f1a\u8ba1\u51c6\u5219", "reporttype": "100111", "deriliab": null, "plac": null, "sellrepasse": null, "inteticksett": null, "longpaya": null, "copeworkersal": 9522101.59, "goodwill": null, "unseg": null, "actitradsecu": null, "otherpay": 69675839.29, "deposit": null, "fixedassenet": 1545495356.57, "curfds": 211190178.61}, {"unreinveloss": null, "specrese": null, "righaggritse": null, "righaggr": 2010101075.79, "otherlonginve": null, "topaycashdivi": null, "minysharrigh": null, "rese": 100751533.97, "intelrece": null, "taxespaya": 26640405.95, "othernoncasse": 104000000.0, "tradshartrad": null, "totcurrasset": 751767991.17, "otherrece": 1940751.51, "accrexpe": null, "expenoncliab": null, "fixedasseclea": null, "currliabitse": null, "consprog": 146197240.55, "engimate": 6795124.92, "copepoun": null, "longliabform": null, "bdspaya": null, "specpaya": null, "hydrasset": null, "adjustdate": "20170428", "totliabsharequi": 2877862689.62, "inveprop": null, "cenbankborr": null, "capisurp": 211549136.68, "currliabform": null, "intelpay": null, "shorttermborr": 419900000.0, "shorttermbdspaya": null, "reinrece": null, "totalasseform": null, "sharrighitse": null, "accorece": 82763008.02, "totalnoncassets": 2126094698.45, "accopaya": 193691366.28, "othercurreliabi": null, "purcresaasset": null, "intaasset": 85333624.65, "inve": 311267717.94, "totalcurrliab": 821160092.9, "sharrightform": null, "expinoncurrasset": null, "tradfinliab": null, "fixedasseimpa": null, "fixedassenetw": null, "fixedasseimmo": null, "equiinve": 216430642.23, "paresharrigh": 2010101075.79, "currassetitse": null, "fdsborr": null, "expotaxrebarece": null, "totassetitse": null, "subsrece": null, "comasse": null, "tradfinasset": null, "actiundesecu": null, "noncasseitse": null, "intepaya": 1944584.59, "prepexpe": null, "reportdate": "20170331", "otherfeepaya": null, "rightotitse": null, "derifinaasset": null, "dometicksett": null, "generiskrese": null, "dividrece": null, "interece": 674264.29, "rightotform": null, "treastk": null, "undiprof": 545800405.14, "avaisellasse": null, "totliabform": null, "rightaggrform": null, "paidincapi": 1152000000.0, "longliabitse": null, "accstacode": "2", "totliabitse": null, "longborr": null, "premrece": null, "noncasseform": null, "curtrandiff": null, "prep": 75651065.92, "defetaxasset": 8081149.06, "compcode": "80191712", "expecurrliab": null, "copewithreinrece": null, "divipaya": null, "notespaya": 5713607.53, "currasseform": null, "margrequ": null, "totasset": 2877862689.62, "reincontrese": null, "totalnoncliab": 46601520.93, "notesrece": 9712866.4, "totliab": 867761613.83, "duenoncliab": null, "holdinvedue": null, "accudepr": null, "insucontrese": null, "deveexpe": null, "settresedepo": null, "defereve": null, "othernoncliabi": null, "lendandloan": null, "longdefeinco": 46473550.0, "publishdate": "20170428", "advapaym": 99423601.2, "margrece": null, "defeincotaxliab": 127970.93, "logprepexpe": null, "prodasse": null, "othercurrasse": 7503568.99, "longrece": null, "accstaname": "\u65b0\u4f1a\u8ba1\u51c6\u5219", "reporttype": "100111", "deriliab": null, "plac": null, "sellrepasse": null, "inteticksett": null, "longpaya": null, "copeworkersal": 10462676.42, "goodwill": null, "unseg": null, "actitradsecu": null, "otherpay": 63383850.93, "deposit": null, "fixedassenet": 1559256917.04, "curfds": 262254748.1}, {"unreinveloss": null, "specrese": null, "righaggritse": null, "righaggr": 1950949564.35, "otherlonginve": null, "topaycashdivi": null, "minysharrigh": null, "rese": 100751533.97, "intelrece": null, "taxespaya": 13439091.5, "othernoncasse": 104000000.0, "tradshartrad": null, "totcurrasset": 737139391.64, "otherrece": 550580.91, "accrexpe": null, "expenoncliab": null, "fixedasseclea": null, "currliabitse": null, "consprog": 109764528.06, "engimate": 6762979.69, "copepoun": null, "longliabform": null, "bdspaya": null, "specpaya": null, "hydrasset": null, "adjustdate": "20170420", "totliabsharequi": 2850586123.2, "inveprop": null, "cenbankborr": null, "capisurp": 211549136.68, "currliabform": null, "intelpay": null, "shorttermborr": 239900000.0, "shorttermbdspaya": null, "reinrece": null, "totalasseform": null, "sharrighitse": null, "accorece": 69683092.52, "totalnoncassets": 2113446731.56, "accopaya": 201308629.72, "othercurreliabi": null, "purcresaasset": null, "intaasset": 86303906.61, "inve": 308789473.84, "totalcurrliab": 852825158.85, "sharrightform": null, "expinoncurrasset": null, "tradfinliab": null, "fixedasseimpa": null, "fixedassenetw": 1582664753.35, "fixedasseimmo": 1803914316.75, "equiinve": 215807387.29, "paresharrigh": 1950949564.35, "currassetitse": null, "fdsborr": null, "expotaxrebarece": null, "totassetitse": null, "subsrece": null, "comasse": null, "tradfinasset": null, "actiundesecu": null, "noncasseitse": null, "intepaya": 1410803.34, "prepexpe": null, "reportdate": "20161231", "otherfeepaya": null, "rightotitse": null, "derifinaasset": null, "dometicksett": null, "generiskrese": null, "dividrece": null, "interece": 1320753.41, "rightotform": null, "treastk": null, "undiprof": 486648893.7, "avaisellasse": null, "totliabform": null, "rightaggrform": null, "paidincapi": 1152000000.0, "longliabitse": null, "accstacode": "2", "totliabitse": null, "longborr": null, "premrece": null, "noncasseform": null, "curtrandiff": null, "prep": 99076305.0, "defetaxasset": 8143176.56, "compcode": "80191712", "expecurrliab": null, "copewithreinrece": null, "divipaya": null, "notespaya": 232913607.53, "currasseform": null, "margrequ": null, "totasset": 2850586123.2, "reincontrese": null, "totalnoncliab": 46811400.0, "notesrece": 5508787.86, "totliab": 899636558.85, "duenoncliab": null, "holdinvedue": null, "accudepr": 221249563.4, "insucontrese": null, "deveexpe": null, "settresedepo": null, "defereve": null, "othernoncliabi": null, "lendandloan": null, "longdefeinco": 46811400.0, "publishdate": "20170420", "advapaym": 99387068.53, "margrece": null, "defeincotaxliab": null, "logprepexpe": null, "prodasse": null, "othercurrasse": 10671275.39, "longrece": null, "accstaname": "\u65b0\u4f1a\u8ba1\u51c6\u5219", "reporttype": "100111", "deriliab": null, "plac": null, "sellrepasse": null, "inteticksett": null, "longpaya": null, "copeworkersal": 15692614.77, "goodwill": null, "unseg": null, "actitradsecu": null, "otherpay": 48773343.46, "deposit": null, "fixedassenet": 1582664753.35, "curfds": 241539122.71}, {"unreinveloss": null, "specrese": null, "righaggritse": null, "righaggr": 1926756013.17, "otherlonginve": null, "topaycashdivi": null, "minysharrigh": null, "rese": 86150595.8, "intelrece": null, "taxespaya": 18217397.25, "othernoncasse": 5470000.0, "tradshartrad": null, "totcurrasset": 827149123.96, "otherrece": 596038.59, "accrexpe": null, "expenoncliab": null, "fixedasseclea": null, "currliabitse": null, "consprog": 365535542.4, "engimate": 7504212.13, "copepoun": null, "longliabform": null, "bdspaya": null, "specpaya": null, "hydrasset": null, "adjustdate": "20161029", "totliabsharequi": 2963426305.4, "inveprop": null, "cenbankborr": null, "capisurp": 209631940.81, "currliabform": null, "intelpay": null, "shorttermborr": 315000000.0, "shorttermbdspaya": null, "reinrece": null, "totalasseform": null, "sharrighitse": null, "accorece": 79608934.76, "totalnoncassets": 2136277181.44, "accopaya": 246962924.96, "othercurreliabi": null, "purcresaasset": null, "intaasset": 85618437.76, "inve": 309002373.46, "totalcurrliab": 1007510326.86, "sharrightform": null, "expinoncurrasset": null, "tradfinliab": null, "fixedasseimpa": null, "fixedassenetw": null, "fixedasseimmo": null, "equiinve": 280701438.63, "paresharrigh": 1926756013.17, "currassetitse": null, "fdsborr": null, "expotaxrebarece": null, "totassetitse": null, "subsrece": null, "comasse": null, "tradfinasset": null, "actiundesecu": null, "noncasseitse": null, "intepaya": 1095005.42, "prepexpe": null, "reportdate": "20160930", "otherfeepaya": null, "rightotitse": null, "derifinaasset": null, "dometicksett": null, "generiskrese": null, "dividrece": null, "interece": 1236978.23, "rightotform": null, "treastk": null, "undiprof": 478973476.56, "avaisellasse": null, "totliabform": null, "rightaggrform": null, "paidincapi": 1152000000.0, "longliabitse": null, "accstacode": "2", "totliabitse": null, "longborr": null, "premrece": null, "noncasseform": null, "curtrandiff": null, "prep": 143513533.79, "defetaxasset": 6783142.49, "compcode": "80191712", "expecurrliab": null, "copewithreinrece": null, "divipaya": null, "notespaya": 270399372.0, "currasseform": null, "margrequ": null, "totasset": 2963426305.4, "reincontrese": null, "totalnoncliab": 29159965.37, "notesrece": 3487488.6, "totliab": 1036670292.23, "duenoncliab": null, "holdinvedue": null, "accudepr": null, "insucontrese": null, "deveexpe": null, "settresedepo": null, "defereve": null, "othernoncliabi": null, "lendandloan": null, "longdefeinco": 27546750.0, "publishdate": "20161029", "advapaym": 76474622.88, "margrece": null, "defeincotaxliab": 1613215.37, "logprepexpe": null, "prodasse": null, "othercurrasse": 2290977.39, "longrece": null, "accstaname": "\u65b0\u4f1a\u8ba1\u51c6\u5219", "reporttype": "100111", "deriliab": null, "plac": null, "sellrepasse": null, "inteticksett": null, "longpaya": null, "copeworkersal": 11692818.1, "goodwill": null, "unseg": null, "actitradsecu": null, "otherpay": 67668186.25, "deposit": null, "fixedassenet": 1384664408.03, "curfds": 287412799.14}, {"unreinveloss": null, "specrese": null, "righaggritse": null, "righaggr": 1942919929.11, "otherlonginve": null, "topaycashdivi": null, "minysharrigh": null, "rese": 86150595.8, "intelrece": null, "taxespaya": 21008107.66, "othernoncasse": 5470000.0, "tradshartrad": null, "totcurrasset": 845871883.72, "otherrece": 538562.93, "accrexpe": null, "expenoncliab": null, "fixedasseclea": null, "currliabitse": null, "consprog": 484838537.95, "engimate": 7252750.93, "copepoun": null, "longliabform": null, "bdspaya": null, "specpaya": null, "hydrasset": null, "adjustdate": "20160827", "totliabsharequi": 2971665920.05, "inveprop": null, "cenbankborr": null, "capisurp": 209631940.81, "currliabform": null, "intelpay": null, "shorttermborr": 245000000.0, "shorttermbdspaya": null, "reinrece": null, "totalasseform": null, "sharrighitse": null, "accorece": 68206159.75, "totalnoncassets": 2125794036.33, "accopaya": 235628744.28, "othercurreliabi": null, "purcresaasset": null, "intaasset": 86530510.25, "inve": 336583973.24, "totalcurrliab": 999747682.15, "sharrightform": null, "expinoncurrasset": null, "tradfinliab": null, "fixedasseimpa": null, "fixedassenetw": 1257486925.58, "fixedasseimmo": 1442261750.26, "equiinve": 277373266.63, "paresharrigh": 1942919929.11, "currassetitse": null, "fdsborr": null, "expotaxrebarece": null, "totassetitse": null, "subsrece": null, "comasse": null, "tradfinasset": null, "actiundesecu": null, "noncasseitse": null, "intepaya": 1022542.57, "prepexpe": null, "reportdate": "20160630", "otherfeepaya": null, "rightotitse": null, "derifinaasset": null, "dometicksett": null, "generiskrese": null, "dividrece": null, "interece": 474671.24, "rightotform": null, "treastk": null, "undiprof": 495137392.5, "avaisellasse": null, "totliabform": null, "rightaggrform": null, "paidincapi": 1152000000.0, "longliabitse": null, "accstacode": "2", "totliabitse": null, "longborr": null, "premrece": null, "noncasseform": null, "curtrandiff": null, "prep": 158849593.69, "defetaxasset": 6842044.99, "compcode": "80191712", "expecurrliab": null, "copewithreinrece": null, "divipaya": null, "notespaya": 368944015.0, "currasseform": null, "margrequ": null, "totasset": 2971665920.05, "reincontrese": null, "totalnoncliab": 28998308.79, "notesrece": 8335000.0, "totliab": 1028745990.94, "duenoncliab": null, "holdinvedue": null, "accudepr": 184774824.68, "insucontrese": null, "deveexpe": null, "settresedepo": null, "defereve": null, "othernoncliabi": null, "lendandloan": null, "longdefeinco": 27872100.0, "publishdate": "20160827", "advapaym": 54191783.15, "margrece": null, "defeincotaxliab": 1126208.79, "logprepexpe": null, "prodasse": null, "othercurrasse": 12573562.44, "longrece": null, "accstaname": "\u65b0\u4f1a\u8ba1\u51c6\u5219", "reporttype": "100111", "deriliab": null, "plac": null, "sellrepasse": null, "inteticksett": null, "longpaya": null, "copeworkersal": 11848605.21, "goodwill": null, "unseg": null, "actitradsecu": null, "otherpay": 62103884.28, "deposit": null, "fixedassenet": 1257486925.58, "curfds": 260310360.43}, {"unreinveloss": null, "specrese": null, "righaggritse": null, "righaggr": 1899981230.95, "otherlonginve": null, "topaycashdivi": null, "minysharrigh": null, "rese": 86150595.8, "intelrece": null, "taxespaya": 21356138.3, "othernoncasse": 5470000.0, "tradshartrad": null, "totcurrasset": 758943771.3, "otherrece": 1694684.96, "accrexpe": null, "expenoncliab": null, "fixedasseclea": null, "currliabitse": null, "consprog": 490645614.36, "engimate": 13194410.91, "copepoun": null, "longliabform": null, "bdspaya": null, "specpaya": null, "hydrasset": null, "adjustdate": "20160429", "totliabsharequi": 2722274239.41, "inveprop": null, "cenbankborr": null, "capisurp": 209631940.81, "currliabform": null, "intelpay": null, "shorttermborr": 295000000.0, "shorttermbdspaya": null, "reinrece": null, "totalasseform": null, "sharrighitse": null, "accorece": 66870871.42, "totalnoncassets": 1963330468.11, "accopaya": 224342561.22, "othercurreliabi": null, "purcresaasset": null, "intaasset": 87416460.73, "inve": 265367012.58, "totalcurrliab": 793550482.21, "sharrightform": null, "expinoncurrasset": null, "tradfinliab": null, "fixedasseimpa": null, "fixedassenetw": null, "fixedasseimmo": null, "equiinve": 277732020.11, "paresharrigh": 1899981230.95, "currassetitse": null, "fdsborr": null, "expotaxrebarece": null, "totassetitse": null, "subsrece": null, "comasse": null, "tradfinasset": null, "actiundesecu": null, "noncasseitse": null, "intepaya": 1018524.66, "prepexpe": null, "reportdate": "20160331", "otherfeepaya": null, "rightotitse": null, "derifinaasset": null, "dometicksett": null, "generiskrese": null, "dividrece": null, "interece": 1389126.69, "rightotform": null, "treastk": null, "undiprof": 452198694.34, "avaisellasse": null, "totliabform": null, "rightaggrform": null, "paidincapi": 1152000000.0, "longliabitse": null, "accstacode": "2", "totliabitse": null, "longborr": null, "premrece": null, "noncasseform": null, "curtrandiff": null, "prep": 115295313.72, "defetaxasset": 8596639.14, "compcode": "80191712", "expecurrliab": null, "copewithreinrece": null, "divipaya": null, "notespaya": 125944643.0, "currasseform": null, "margrequ": null, "totasset": 2722274239.41, "reincontrese": null, "totalnoncliab": 28742526.25, "notesrece": 6050000.0, "totliab": 822293008.46, "duenoncliab": null, "holdinvedue": null, "accudepr": null, "insucontrese": null, "deveexpe": null, "settresedepo": null, "defereve": null, "othernoncliabi": null, "lendandloan": null, "longdefeinco": 28197450.0, "publishdate": "20160429", "advapaym": 53935242.0, "margrece": null, "defeincotaxliab": 545076.25, "logprepexpe": null, "prodasse": null, "othercurrasse": 7958189.54, "longrece": null, "accstaname": "\u65b0\u4f1a\u8ba1\u51c6\u5219", "reporttype": "100111", "deriliab": null, "plac": null, "sellrepasse": null, "inteticksett": null, "longpaya": null, "copeworkersal": 15082778.3, "goodwill": null, "unseg": null, "actitradsecu": null, "otherpay": 56870594.73, "deposit": null, "fixedassenet": 1080275322.86, "curfds": 294318572.39}, {"unreinveloss": null, "specrese": null, "righaggritse": null, "righaggr": 1845002597.73, "otherlonginve": null, "topaycashdivi": null, "minysharrigh": null, "rese": 86150595.8, "intelrece": null, "taxespaya": 27249644.83, "othernoncasse": 5470000.0, "tradshartrad": null, "totcurrasset": 750338775.35, "otherrece": 371222.21, "accrexpe": null, "expenoncliab": null, "fixedasseclea": null, "currliabitse": null, "consprog": 474843890.12, "engimate": 16256074.19, "copepoun": null, "longliabform": null, "bdspaya": null, "specpaya": null, "hydrasset": null, "adjustdate": "20160422", "totliabsharequi": 2697075879.08, "inveprop": null, "cenbankborr": null, "capisurp": 209631940.81, "currliabform": null, "intelpay": null, "shorttermborr": 325000000.0, "shorttermbdspaya": null, "reinrece": null, "totalasseform": null, "sharrighitse": null, "accorece": 37563998.4, "totalnoncassets": 1946737103.73, "accopaya": 291960103.3, "othercurreliabi": null, "purcresaasset": null, "intaasset": 88651251.79, "inve": 269293045.67, "totalcurrliab": 823550481.35, "sharrightform": null, "expinoncurrasset": null, "tradfinliab": null, "fixedasseimpa": null, "fixedassenetw": 1078828248.53, "fixedasseimmo": 1235631464.27, "equiinve": 274009662.46, "paresharrigh": 1845002597.73, "currassetitse": null, "fdsborr": null, "expotaxrebarece": null, "totassetitse": null, "subsrece": null, "comasse": null, "tradfinasset": null, "actiundesecu": null, "noncasseitse": null, "intepaya": 458412.14, "prepexpe": null, "reportdate": "20151231", "otherfeepaya": null, "rightotitse": null, "derifinaasset": null, "dometicksett": null, "generiskrese": null, "dividrece": null, "interece": 2012590.1, "rightotform": null, "treastk": null, "undiprof": 397220061.12, "avaisellasse": null, "totliabform": null, "rightaggrform": null, "paidincapi": 1152000000.0, "longliabitse": null, "accstacode": "2", "totliabitse": null, "longborr": null, "premrece": null, "noncasseform": null, "curtrandiff": null, "prep": 109091043.57, "defetaxasset": 8677976.64, "compcode": "80191712", "expecurrliab": null, "copewithreinrece": null, "divipaya": null, "notespaya": 52340000.0, "currasseform": null, "margrequ": null, "totasset": 2697075879.08, "reincontrese": null, "totalnoncliab": 28522800.0, "notesrece": 13479699.1, "totliab": 852073281.35, "duenoncliab": null, "holdinvedue": null, "accudepr": 156803215.74, "insucontrese": null, "deveexpe": null, "settresedepo": null, "defereve": null, "othernoncliabi": null, "lendandloan": null, "longdefeinco": 28522800.0, "publishdate": "20160422", "advapaym": 67870534.93, "margrece": null, "defeincotaxliab": null, "logprepexpe": null, "prodasse": null, "othercurrasse": 15367847.94, "longrece": null, "accstaname": "\u65b0\u4f1a\u8ba1\u51c6\u5219", "reporttype": "100111", "deriliab": null, "plac": null, "sellrepasse": null, "inteticksett": null, "longpaya": null, "copeworkersal": 14754259.84, "goodwill": null, "unseg": null, "actitradsecu": null, "otherpay": 43917526.31, "deposit": null, "fixedassenet": 1078828248.53, "curfds": 303159328.36}, {"unreinveloss": null, "specrese": null, "righaggritse": null, "righaggr": 1810480789.54, "otherlonginve": null, "topaycashdivi": null, "minysharrigh": null, "rese": 73187502.64, "intelrece": null, "taxespaya": 13803934.0, "othernoncasse": 4000000.0, "tradshartrad": null, "totcurrasset": 703889988.2, "otherrece": 982433.77, "accrexpe": null, "expenoncliab": null, "fixedasseclea": null, "currliabitse": null, "consprog": 733660730.92, "engimate": 17616102.45, "copepoun": null, "longliabform": null, "bdspaya": null, "specpaya": null, "hydrasset": null, "adjustdate": "20151016", "totliabsharequi": 2436494547.99, "inveprop": null, "cenbankborr": null, "capisurp": 206385571.23, "currliabform": null, "intelpay": null, "shorttermborr": 290000000.0, "shorttermbdspaya": null, "reinrece": null, "totalasseform": null, "sharrighitse": null, "accorece": 59708355.12, "totalnoncassets": 1732604559.79, "accopaya": 134957984.85, "othercurreliabi": null, "purcresaasset": null, "intaasset": 89425639.79, "inve": 238547322.7, "totalcurrliab": 590274696.03, "sharrightform": null, "expinoncurrasset": null, "tradfinliab": null, "fixedasseimpa": null, "fixedassenetw": null, "fixedasseimmo": null, "equiinve": 261874373.43, "paresharrigh": 1810480789.54, "currassetitse": null, "fdsborr": null, "expotaxrebarece": null, "totassetitse": null, "subsrece": null, "comasse": null, "tradfinasset": null, "actiundesecu": null, "noncasseitse": null, "intepaya": 382844.43, "prepexpe": null, "reportdate": "20150930", "otherfeepaya": null, "rightotitse": null, "derifinaasset": null, "dometicksett": null, "generiskrese": null, "dividrece": null, "interece": 596222.6, "rightotform": null, "treastk": null, "undiprof": 378907715.67, "avaisellasse": null, "totliabform": null, "rightaggrform": null, "paidincapi": 1152000000.0, "longliabitse": null, "accstacode": "2", "totliabitse": null, "longborr": null, "premrece": null, "noncasseform": null, "curtrandiff": null, "prep": 146899606.65, "defetaxasset": 6837051.95, "compcode": "80191712", "expecurrliab": null, "copewithreinrece": null, "divipaya": null, "notespaya": 38565000.0, "currasseform": null, "margrequ": null, "totasset": 2436494547.99, "reincontrese": null, "totalnoncliab": 35739062.42, "notesrece": 4677507.55, "totliab": 626013758.45, "duenoncliab": null, "holdinvedue": null, "accudepr": null, "insucontrese": null, "deveexpe": null, "settresedepo": null, "defereve": null, "othernoncliabi": null, "lendandloan": null, "longdefeinco": 28900000.0, "publishdate": "20151016", "advapaym": 53965832.79, "margrece": null, "defeincotaxliab": 6839062.42, "logprepexpe": null, "prodasse": null, "othercurrasse": 4175368.89, "longrece": null, "accstaname": "\u65b0\u4f1a\u8ba1\u51c6\u5219", "reporttype": "100111", "deriliab": null, "plac": null, "sellrepasse": null, "inteticksett": null, "longpaya": null, "copeworkersal": 11335729.9, "goodwill": null, "unseg": null, "actitradsecu": null, "otherpay": 47263370.06, "deposit": null, "fixedassenet": 619190661.25, "curfds": 248303170.92}, {"unreinveloss": null, "specrese": null, "righaggritse": null, "righaggr": 1842804275.79, "otherlonginve": null, "topaycashdivi": null, "minysharrigh": null, "rese": 73187502.64, "intelrece": null, "taxespaya": 21857777.73, "othernoncasse": 4000000.0, "tradshartrad": null, "totcurrasset": 741928035.65, "otherrece": 1216872.29, "accrexpe": null, "expenoncliab": null, "fixedasseclea": null, "currliabitse": null, "consprog": 922960153.87, "engimate": 16009745.53, "copepoun": null, "longliabform": null, "bdspaya": null, "specpaya": null, "hydrasset": null, "adjustdate": "20150825", "totliabsharequi": 2437947309.63, "inveprop": null, "cenbankborr": null, "capisurp": 897585571.23, "currliabform": null, "intelpay": null, "shorttermborr": 280000000.0, "shorttermbdspaya": null, "reinrece": null, "totalasseform": null, "sharrighitse": null, "accorece": 51869429.61, "totalnoncassets": 1696019273.98, "accopaya": 113608878.68, "othercurreliabi": null, "purcresaasset": null, "intaasset": 90453242.87, "inve": 223466677.51, "totalcurrliab": 550362582.7, "sharrightform": null, "expinoncurrasset": null, "tradfinliab": null, "fixedasseimpa": null, "fixedassenetw": 326127894.34, "fixedasseimmo": 468466590.4, "equiinve": 329631185.43, "paresharrigh": 1842804275.79, "currassetitse": null, "fdsborr": null, "expotaxrebarece": null, "totassetitse": null, "subsrece": null, "comasse": null, "tradfinasset": null, "actiundesecu": null, "noncasseitse": null, "intepaya": 376516.67, "prepexpe": null, "reportdate": "20150630", "otherfeepaya": null, "rightotitse": null, "derifinaasset": null, "dometicksett": null, "generiskrese": null, "dividrece": null, "interece": 154555.55, "rightotform": null, "treastk": null, "undiprof": 411231201.92, "avaisellasse": null, "totliabform": null, "rightaggrform": null, "paidincapi": 460800000.0, "longliabitse": null, "accstacode": "2", "totliabitse": null, "longborr": null, "premrece": null, "noncasseform": null, "curtrandiff": null, "prep": 156499052.02, "defetaxasset": 6837051.94, "compcode": "80191712", "expecurrliab": null, "copewithreinrece": null, "divipaya": null, "notespaya": 41995000.0, "currasseform": null, "margrequ": null, "totasset": 2437947309.63, "reincontrese": null, "totalnoncliab": 44780451.14, "notesrece": 4559080.11, "totliab": 595143033.84, "duenoncliab": null, "holdinvedue": null, "accudepr": 142338696.06, "insucontrese": null, "deveexpe": null, "settresedepo": null, "defereve": null, "othernoncliabi": null, "lendandloan": null, "longdefeinco": 22520000.0, "publishdate": "20150825", "advapaym": 32742135.84, "margrece": null, "defeincotaxliab": 22260451.14, "logprepexpe": null, "prodasse": null, "othercurrasse": 7850778.74, "longrece": null, "accstaname": "\u65b0\u4f1a\u8ba1\u51c6\u5219", "reporttype": "100111", "deriliab": null, "plac": null, "sellrepasse": null, "inteticksett": null, "longpaya": null, "copeworkersal": 11659561.81, "goodwill": null, "unseg": null, "actitradsecu": null, "otherpay": 48122711.97, "deposit": null, "fixedassenet": 326127894.34, "curfds": 296311589.82}, {"unreinveloss": null, "specrese": null, "righaggritse": null, "righaggr": 1793529630.74, "otherlonginve": null, "topaycashdivi": null, "minysharrigh": null, "rese": 73187502.64, "intelrece": null, "taxespaya": 23492832.05, "othernoncasse": 4000000.0, "tradshartrad": null, "totcurrasset": 726892774.83, "otherrece": 2193221.71, "accrexpe": null, "expenoncliab": null, "fixedasseclea": null, "currliabitse": null, "consprog": 951734376.2, "engimate": 12221534.7, "copepoun": null, "longliabform": null, "bdspaya": null, "specpaya": null, "hydrasset": null, "adjustdate": "20150424", "totliabsharequi": 2246330772.07, "inveprop": null, "cenbankborr": null, "capisurp": 897585571.23, "currliabform": null, "intelpay": null, "shorttermborr": 200000000.0, "shorttermbdspaya": null, "reinrece": null, "totalasseform": null, "sharrighitse": null, "accorece": 53977568.16, "totalnoncassets": 1519437997.24, "accopaya": 104029834.68, "othercurreliabi": null, "purcresaasset": null, "intaasset": 91481013.53, "inve": 198880327.02, "totalcurrliab": 430281141.33, "sharrightform": null, "expinoncurrasset": null, "tradfinliab": null, "fixedasseimpa": null, "fixedassenetw": null, "fixedasseimmo": null, "equiinve": 218968017.55, "paresharrigh": 1793529630.74, "currassetitse": null, "fdsborr": null, "expotaxrebarece": null, "totassetitse": null, "subsrece": null, "comasse": null, "tradfinasset": null, "actiundesecu": null, "noncasseitse": null, "intepaya": 340797.2, "prepexpe": null, "reportdate": "20150331", "otherfeepaya": null, "rightotitse": null, "derifinaasset": null, "dometicksett": null, "generiskrese": null, "dividrece": null, "interece": 1203522.08, "rightotform": null, "treastk": null, "undiprof": 361956556.87, "avaisellasse": null, "totliabform": null, "rightaggrform": null, "paidincapi": 460800000.0, "longliabitse": null, "accstacode": "2", "totliabitse": null, "longborr": null, "premrece": null, "noncasseform": null, "curtrandiff": null, "prep": 156675671.76, "defetaxasset": 6446918.1, "compcode": "80191712", "expecurrliab": null, "copewithreinrece": null, "divipaya": null, "notespaya": 5770000.0, "currasseform": null, "margrequ": null, "totasset": 2246330772.07, "reincontrese": null, "totalnoncliab": 22520000.0, "notesrece": 6953670.11, "totliab": 452801141.33, "duenoncliab": null, "holdinvedue": null, "accudepr": null, "insucontrese": null, "deveexpe": null, "settresedepo": null, "defereve": null, "othernoncliabi": null, "lendandloan": null, "longdefeinco": 22520000.0, "publishdate": "20150424", "advapaym": 44442574.93, "margrece": null, "defeincotaxliab": null, "logprepexpe": null, "prodasse": null, "othercurrasse": 7926216.12, "longrece": null, "accstaname": "\u65b0\u4f1a\u8ba1\u51c6\u5219", "reporttype": "100111", "deriliab": null, "plac": null, "sellrepasse": null, "inteticksett": null, "longpaya": null, "copeworkersal": 14282236.17, "goodwill": null, "unseg": null, "actitradsecu": null, "otherpay": 37922866.3, "deposit": null, "fixedassenet": 234586137.16, "curfds": 299082577.87}, {"unreinveloss": null, "specrese": null, "righaggritse": null, "righaggr": 1740514458.69, "otherlonginve": null, "topaycashdivi": null, "minysharrigh": null, "rese": 73187502.64, "intelrece": null, "taxespaya": 29932742.68, "othernoncasse": 4000000.0, "tradshartrad": null, "totcurrasset": 908165008.41, "otherrece": 1118592.15, "accrexpe": null, "expenoncliab": null, "fixedasseclea": null, "currliabitse": null, "consprog": 822951562.65, "engimate": 12059325.97, "copepoun": null, "longliabform": null, "bdspaya": null, "specpaya": null, "hydrasset": null, "adjustdate": "20150320", "totliabsharequi": 2298036900.71, "inveprop": null, "cenbankborr": null, "capisurp": 897585571.23, "currliabform": null, "intelpay": null, "shorttermborr": 240000000.0, "shorttermbdspaya": null, "reinrece": null, "totalasseform": null, "sharrighitse": null, "accorece": 48214933.84, "totalnoncassets": 1389871892.3, "accopaya": 69306605.11, "othercurreliabi": null, "purcresaasset": null, "intaasset": 92497699.57, "inve": 205443716.22, "totalcurrliab": 535002442.02, "sharrightform": null, "expinoncurrasset": null, "tradfinliab": null, "fixedasseimpa": null, "fixedassenetw": 239365838.52, "fixedasseimmo": 369417275.49, "equiinve": 212550547.49, "paresharrigh": 1740514458.69, "currassetitse": null, "fdsborr": null, "expotaxrebarece": null, "totassetitse": null, "subsrece": null, "comasse": null, "tradfinasset": null, "actiundesecu": null, "noncasseitse": null, "intepaya": 471972.22, "prepexpe": null, "reportdate": "20141231", "otherfeepaya": null, "rightotitse": null, "derifinaasset": null, "dometicksett": null, "generiskrese": null, "dividrece": null, "interece": 1024243.84, "rightotform": null, "treastk": null, "undiprof": 308941384.82, "avaisellasse": null, "totliabform": null, "rightaggrform": null, "paidincapi": 460800000.0, "longliabitse": null, "accstacode": "2", "totliabitse": null, "longborr": null, "premrece": null, "noncasseform": null, "curtrandiff": null, "prep": 136409882.45, "defetaxasset": 6446918.1, "compcode": "80191712", "expecurrliab": null, "copewithreinrece": null, "divipaya": null, "notespaya": 100280000.0, "currasseform": null, "margrequ": null, "totasset": 2298036900.71, "reincontrese": null, "totalnoncliab": 22520000.0, "notesrece": 13637696.9, "totliab": 557522442.02, "duenoncliab": null, "holdinvedue": null, "accudepr": 130051436.97, "insucontrese": null, "deveexpe": null, "settresedepo": null, "defereve": null, "othernoncliabi": null, "lendandloan": null, "longdefeinco": 22520000.0, "publishdate": "20150320", "advapaym": 49626063.73, "margrece": null, "defeincotaxliab": null, "logprepexpe": null, "prodasse": null, "othercurrasse": 12136445.17, "longrece": null, "accstaname": "\u65b0\u4f1a\u8ba1\u51c6\u5219", "reporttype": "100111", "deriliab": null, "plac": null, "sellrepasse": null, "inteticksett": null, "longpaya": null, "copeworkersal": 13279538.27, "goodwill": null, "unseg": null, "actitradsecu": null, "otherpay": 32105520.01, "deposit": null, "fixedassenet": 239365838.52, "curfds": 490179497.84}, {"unreinveloss": null, "specrese": null, "righaggritse": null, "righaggr": 1721221375.43, "otherlonginve": null, "topaycashdivi": null, "minysharrigh": null, "rese": 60238355.03, "intelrece": null, "taxespaya": 20743096.71, "othernoncasse": null, "tradshartrad": null, "totcurrasset": 1118907588.92, "otherrece": 1830222.61, "accrexpe": null, "expenoncliab": null, "fixedasseclea": null, "currliabitse": null, "consprog": 791249731.13, "engimate": 9768477.53, "copepoun": null, "longliabform": null, "bdspaya": null, "specpaya": null, "hydrasset": null, "adjustdate": "20141028", "totliabsharequi": 2457065487.38, "inveprop": null, "cenbankborr": null, "capisurp": 897585571.23, "currliabform": null, "intelpay": null, "shorttermborr": 240000000.0, "shorttermbdspaya": null, "reinrece": null, "totalasseform": null, "sharrighitse": null, "accorece": 72939626.98, "totalnoncassets": 1338157898.46, "accopaya": 131409497.62, "othercurreliabi": null, "purcresaasset": null, "intaasset": 93484982.8, "inve": 227031946.41, "totalcurrliab": 714824111.95, "sharrightform": null, "expinoncurrasset": null, "tradfinliab": null, "fixedasseimpa": null, "fixedassenetw": null, "fixedasseimmo": null, "equiinve": 209069756.86, "paresharrigh": 1721221375.43, "currassetitse": null, "fdsborr": null, "expotaxrebarece": null, "totassetitse": null, "subsrece": null, "comasse": null, "tradfinasset": null, "actiundesecu": null, "noncasseitse": null, "intepaya": 422555.56, "prepexpe": null, "reportdate": "20140930", "otherfeepaya": null, "rightotitse": null, "derifinaasset": null, "dometicksett": null, "generiskrese": null, "dividrece": null, "interece": null, "rightotform": null, "treastk": null, "undiprof": 302597449.17, "avaisellasse": null, "totliabform": null, "rightaggrform": null, "paidincapi": 460800000.0, "longliabitse": null, "accstacode": "2", "totliabitse": null, "longborr": null, "premrece": null, "noncasseform": null, "curtrandiff": null, "prep": 300954009.91, "defetaxasset": 2382710.99, "compcode": "80191712", "expecurrliab": null, "copewithreinrece": null, "divipaya": null, "notespaya": 210380000.0, "currasseform": null, "margrequ": null, "totasset": 2457065487.38, "reincontrese": null, "totalnoncliab": 21020000.0, "notesrece": 40318617.0, "totliab": 735844111.95, "duenoncliab": null, "holdinvedue": null, "accudepr": null, "insucontrese": null, "deveexpe": null, "settresedepo": null, "defereve": null, "othernoncliabi": 21020000.0, "lendandloan": null, "longdefeinco": null, "publishdate": "20141028", "advapaym": 63304321.07, "margrece": null, "defeincotaxliab": null, "logprepexpe": null, "prodasse": null, "othercurrasse": 2996464.81, "longrece": null, "accstaname": "\u65b0\u4f1a\u8ba1\u51c6\u5219", "reporttype": "100111", "deriliab": null, "plac": null, "sellrepasse": null, "inteticksett": null, "longpaya": null, "copeworkersal": 10021845.4, "goodwill": null, "unseg": null, "actitradsecu": null, "otherpay": 38542795.59, "deposit": null, "fixedassenet": 232202239.15, "curfds": 472836701.2}, {"unreinveloss": null, "specrese": null, "righaggritse": null, "righaggr": 1689149067.6, "otherlonginve": null, "topaycashdivi": null, "minysharrigh": null, "rese": 60238355.03, "intelrece": null, "taxespaya": 26247047.52, "othernoncasse": null, "tradshartrad": null, "totcurrasset": 1222059407.82, "otherrece": 1022386.86, "accrexpe": null, "expenoncliab": null, "fixedasseclea": null, "currliabitse": null, "consprog": 710847593.81, "engimate": 8178513.66, "copepoun": null, "longliabform": null, "bdspaya": null, "specpaya": null, "hydrasset": null, "adjustdate": "20140815", "totliabsharequi": 2480119008.3, "inveprop": null, "cenbankborr": null, "capisurp": 897585571.23, "currliabform": null, "intelpay": null, "shorttermborr": 228304184.73, "shorttermbdspaya": null, "reinrece": null, "totalasseform": null, "sharrighitse": null, "accorece": 54311057.45, "totalnoncassets": 1258059600.48, "accopaya": 73380308.35, "othercurreliabi": null, "purcresaasset": null, "intaasset": 94179828.1, "inve": 239297391.53, "totalcurrliab": 769949940.7, "sharrightform": null, "expinoncurrasset": null, "tradfinliab": null, "fixedasseimpa": null, "fixedassenetw": 236470953.92, "fixedasseimmo": 354320991.37, "equiinve": 206000000.0, "paresharrigh": 1689149067.6, "currassetitse": null, "fdsborr": null, "expotaxrebarece": null, "totassetitse": null, "subsrece": null, "comasse": null, "tradfinasset": null, "actiundesecu": null, "noncasseitse": null, "intepaya": 558654.24, "prepexpe": null, "reportdate": "20140630", "otherfeepaya": null, "rightotitse": null, "derifinaasset": null, "dometicksett": null, "generiskrese": null, "dividrece": null, "interece": null, "rightotform": null, "treastk": null, "undiprof": 270525141.34, "avaisellasse": null, "totliabform": null, "rightaggrform": null, "paidincapi": 460800000.0, "longliabitse": null, "accstacode": "2", "totliabitse": null, "longborr": null, "premrece": null, "noncasseform": null, "curtrandiff": null, "prep": 317022249.05, "defetaxasset": 2382710.99, "compcode": "80191712", "expecurrliab": null, "copewithreinrece": null, "divipaya": null, "notespaya": 368000000.0, "currasseform": null, "margrequ": null, "totasset": 2480119008.3, "reincontrese": null, "totalnoncliab": 21020000.0, "notesrece": 40500778.0, "totliab": 790969940.7, "duenoncliab": null, "holdinvedue": null, "accudepr": 117850037.45, "insucontrese": null, "deveexpe": null, "settresedepo": null, "defereve": null, "othernoncliabi": 21020000.0, "lendandloan": null, "longdefeinco": null, "publishdate": "20140815", "advapaym": 27935307.22, "margrece": null, "defeincotaxliab": null, "logprepexpe": null, "prodasse": null, "othercurrasse": 4965273.7, "longrece": null, "accstaname": "\u65b0\u4f1a\u8ba1\u51c6\u5219", "reporttype": "100111", "deriliab": null, "plac": null, "sellrepasse": null, "inteticksett": null, "longpaya": null, "copeworkersal": 9369004.6, "goodwill": null, "unseg": null, "actitradsecu": null, "otherpay": 36155434.04, "deposit": null, "fixedassenet": 236470953.92, "curfds": 564940271.23}, {"unreinveloss": null, "specrese": null, "righaggritse": null, "righaggr": 1789988049.41, "otherlonginve": null, "topaycashdivi": null, "minysharrigh": null, "rese": 60238355.03, "intelrece": null, "taxespaya": 10952375.61, "othernoncasse": null, "tradshartrad": null, "totcurrasset": 1253225100.21, "otherrece": 4435575.29, "accrexpe": null, "expenoncliab": null, "fixedasseclea": null, "currliabitse": null, "consprog": 692586549.83, "engimate": 7113414.1, "copepoun": null, "longliabform": null, "bdspaya": null, "specpaya": null, "hydrasset": null, "adjustdate": "20140429", "totliabsharequi": 2442139748.87, "inveprop": null, "cenbankborr": null, "capisurp": 1127985571.23, "currliabform": null, "intelpay": null, "shorttermborr": 90000000.0, "shorttermbdspaya": null, "reinrece": null, "totalasseform": null, "sharrighitse": null, "accorece": 38936741.09, "totalnoncassets": 1188914648.66, "accopaya": 75211943.71, "othercurreliabi": null, "purcresaasset": null, "intaasset": 95189102.26, "inve": 206574740.73, "totalcurrliab": 632031699.46, "sharrightform": null, "expinoncurrasset": null, "tradfinliab": null, "fixedasseimpa": null, "fixedassenetw": null, "fixedasseimmo": null, "equiinve": 154000000.0, "paresharrigh": 1789988049.41, "currassetitse": null, "fdsborr": null, "expotaxrebarece": null, "totassetitse": null, "subsrece": null, "comasse": null, "tradfinasset": null, "actiundesecu": null, "noncasseitse": null, "intepaya": null, "prepexpe": null, "reportdate": "20140331", "otherfeepaya": null, "rightotitse": null, "derifinaasset": null, "dometicksett": null, "generiskrese": null, "dividrece": null, "interece": 3349305.56, "rightotform": null, "treastk": null, "undiprof": 371364123.15, "avaisellasse": null, "totliabform": null, "rightaggrform": null, "paidincapi": 230400000.0, "longliabitse": null, "accstacode": "2", "totliabitse": null, "longborr": null, "premrece": null, "noncasseform": null, "curtrandiff": null, "prep": 424825832.15, "defetaxasset": 1790106.7, "compcode": "80191712", "expecurrliab": null, "copewithreinrece": null, "divipaya": null, "notespaya": 368000000.0, "currasseform": null, "margrequ": null, "totasset": 2442139748.87, "reincontrese": null, "totalnoncliab": 20120000.0, "notesrece": 52175322.0, "totliab": 652151699.46, "duenoncliab": null, "holdinvedue": null, "accudepr": null, "insucontrese": null, "deveexpe": null, "settresedepo": null, "defereve": null, "othernoncliabi": 20120000.0, "lendandloan": null, "longdefeinco": null, "publishdate": "20140429", "advapaym": 42056672.32, "margrece": null, "defeincotaxliab": null, "logprepexpe": null, "prodasse": null, "othercurrasse": 5740719.67, "longrece": null, "accstaname": "\u65b0\u4f1a\u8ba1\u51c6\u5219", "reporttype": "100111", "deriliab": null, "plac": null, "sellrepasse": null, "inteticksett": null, "longpaya": null, "copeworkersal": 12141775.33, "goodwill": null, "unseg": null, "actitradsecu": null, "otherpay": 33668932.49, "deposit": null, "fixedassenet": 238235475.77, "curfds": 517186863.72}, {"unreinveloss": null, "specrese": null, "righaggritse": null, "righaggr": 1745864214.8, "otherlonginve": null, "topaycashdivi": null, "minysharrigh": null, "rese": 60238355.03, "intelrece": null, "taxespaya": 25961794.77, "othernoncasse": null, "tradshartrad": null, "totcurrasset": 1120832629.36, "otherrece": 1676044.85, "accrexpe": null, "expenoncliab": null, "fixedasseclea": null, "currliabitse": null, "consprog": 655029858.17, "engimate": 5285130.96, "copepoun": null, "longliabform": null, "bdspaya": null, "specpaya": null, "hydrasset": null, "adjustdate": "20140424", "totliabsharequi": 2120550018.72, "inveprop": null, "cenbankborr": null, "capisurp": 1127985571.23, "currliabform": null, "intelpay": null, "shorttermborr": null, "shorttermbdspaya": null, "reinrece": null, "totalasseform": null, "sharrighitse": null, "accorece": 17423528.44, "totalnoncassets": 999717389.36, "accopaya": 72737247.19, "othercurreliabi": null, "purcresaasset": null, "intaasset": 96201664.63, "inve": 193096013.83, "totalcurrliab": 364285803.92, "sharrightform": null, "expinoncurrasset": null, "tradfinliab": null, "fixedasseimpa": null, "fixedassenetw": 241410628.9, "fixedasseimmo": 347810425.78, "equiinve": null, "paresharrigh": 1745864214.8, "currassetitse": null, "fdsborr": null, "expotaxrebarece": null, "totassetitse": null, "subsrece": null, "comasse": null, "tradfinasset": 20000000.0, "actiundesecu": null, "noncasseitse": null, "intepaya": null, "prepexpe": null, "reportdate": "20131231", "otherfeepaya": null, "rightotitse": null, "derifinaasset": null, "dometicksett": null, "generiskrese": null, "dividrece": null, "interece": 2536805.56, "rightotform": null, "treastk": null, "undiprof": 327240288.54, "avaisellasse": null, "totliabform": null, "rightaggrform": null, "paidincapi": 230400000.0, "longliabitse": null, "accstacode": "2", "totliabitse": null, "longborr": null, "premrece": null, "noncasseform": null, "curtrandiff": null, "prep": 310990808.06, "defetaxasset": 1790106.7, "compcode": "80191712", "expecurrliab": null, "copewithreinrece": null, "divipaya": null, "notespaya": 180000000.0, "currasseform": null, "margrequ": null, "totasset": 2120550018.72, "reincontrese": null, "totalnoncliab": 10400000.0, "notesrece": 25538428.0, "totliab": 374685803.92, "duenoncliab": null, "holdinvedue": null, "accudepr": 106399796.88, "insucontrese": null, "deveexpe": null, "settresedepo": null, "defereve": null, "othernoncliabi": 10400000.0, "lendandloan": null, "longdefeinco": null, "publishdate": "20140424", "advapaym": 40151765.21, "margrece": null, "defeincotaxliab": null, "logprepexpe": null, "prodasse": null, "othercurrasse": 13432623.68, "longrece": null, "accstaname": "\u65b0\u4f1a\u8ba1\u51c6\u5219", "reporttype": "100111", "deriliab": null, "plac": null, "sellrepasse": null, "inteticksett": null, "longpaya": null, "copeworkersal": 10757512.87, "goodwill": null, "unseg": null, "actitradsecu": null, "otherpay": 34677483.88, "deposit": null, "fixedassenet": 241410628.9, "curfds": 536138376.94}, {"unreinveloss": null, "specrese": null, "righaggritse": null, "righaggr": 1693505446.14, "otherlonginve": null, "topaycashdivi": null, "minysharrigh": null, "rese": 42883330.33, "intelrece": null, "taxespaya": 16753320.48, "othernoncasse": null, "tradshartrad": null, "totcurrasset": 1211570345.03, "otherrece": 7361212.4, "accrexpe": null, "expenoncliab": null, "fixedasseclea": null, "currliabitse": null, "consprog": 433286508.64, "engimate": null, "copepoun": null, "longliabform": null, "bdspaya": null, "specpaya": null, "hydrasset": null, "adjustdate": "20131024", "totliabsharequi": 1989859299.34, "inveprop": null, "cenbankborr": null, "capisurp": 1127985571.23, "currliabform": null, "intelpay": null, "shorttermborr": null, "shorttermbdspaya": null, "reinrece": null, "totalasseform": null, "sharrighitse": null, "accorece": 24779368.95, "totalnoncassets": 778288954.31, "accopaya": 66465826.16, "othercurreliabi": null, "purcresaasset": null, "intaasset": 96254131.99, "inve": 187478547.72, "totalcurrliab": 292353853.2, "sharrightform": null, "expinoncurrasset": null, "tradfinliab": null, "fixedasseimpa": null, "fixedassenetw": null, "fixedasseimmo": null, "equiinve": null, "paresharrigh": 1693505446.14, "currassetitse": null, "fdsborr": null, "expotaxrebarece": null, "totassetitse": null, "subsrece": null, "comasse": null, "tradfinasset": null, "actiundesecu": null, "noncasseitse": null, "intepaya": null, "prepexpe": null, "reportdate": "20130930", "otherfeepaya": null, "rightotitse": null, "derifinaasset": null, "dometicksett": null, "generiskrese": null, "dividrece": null, "interece": 5837676.83, "rightotform": null, "treastk": null, "undiprof": 292236544.58, "avaisellasse": null, "totliabform": null, "rightaggrform": null, "paidincapi": 230400000.0, "longliabitse": null, "accstacode": "2", "totliabitse": null, "longborr": null, "premrece": null, "noncasseform": null, "curtrandiff": null, "prep": 439574285.49, "defetaxasset": 488830.92, "compcode": "80191712", "expecurrliab": null, "copewithreinrece": null, "divipaya": null, "notespaya": 110000000.0, "currasseform": null, "margrequ": null, "totasset": 1989859299.34, "reincontrese": null, "totalnoncliab": 4000000.0, "notesrece": 10540000.0, "totliab": 296353853.2, "duenoncliab": null, "holdinvedue": null, "accudepr": null, "insucontrese": null, "deveexpe": null, "settresedepo": null, "defereve": null, "othernoncliabi": 4000000.0, "lendandloan": null, "longdefeinco": null, "publishdate": "20131024", "advapaym": 60501946.53, "margrece": null, "defeincotaxliab": null, "logprepexpe": null, "prodasse": null, "othercurrasse": 2000000.0, "longrece": null, "accstaname": "\u65b0\u4f1a\u8ba1\u51c6\u5219", "reporttype": "100111", "deriliab": null, "plac": null, "sellrepasse": null, "inteticksett": null, "longpaya": null, "copeworkersal": 8363403.91, "goodwill": null, "unseg": null, "actitradsecu": null, "otherpay": 30269356.12, "deposit": null, "fixedassenet": 248259482.76, "curfds": 533999253.64}, {"unreinveloss": null, "specrese": null, "righaggritse": null, "righaggr": 1662231420.86, "otherlonginve": null, "topaycashdivi": null, "minysharrigh": null, "rese": 42883330.33, "intelrece": null, "taxespaya": 9473527.06, "othernoncasse": null, "tradshartrad": null, "totcurrasset": 1110037790.19, "otherrece": 2130972.43, "accrexpe": null, "expenoncliab": null, "fixedasseclea": null, "currliabitse": null, "consprog": 435006283.8, "engimate": null, "copepoun": null, "longliabform": null, "bdspaya": null, "specpaya": null, "hydrasset": null, "adjustdate": "20130815", "totliabsharequi": 1877821340.32, "inveprop": null, "cenbankborr": null, "capisurp": 1127985571.23, "currliabform": null, "intelpay": null, "shorttermborr": null, "shorttermbdspaya": null, "reinrece": null, "totalasseform": null, "sharrighitse": null, "accorece": 25281630.94, "totalnoncassets": 767783550.13, "accopaya": 65591846.66, "othercurreliabi": null, "purcresaasset": null, "intaasset": 97195004.42, "inve": 195885935.83, "totalcurrliab": 215589919.46, "sharrightform": null, "expinoncurrasset": null, "tradfinliab": null, "fixedasseimpa": null, "fixedassenetw": 235093430.99, "fixedasseimmo": 329883202.97, "equiinve": null, "paresharrigh": 1662231420.86, "currassetitse": null, "fdsborr": null, "expotaxrebarece": null, "totassetitse": null, "subsrece": null, "comasse": null, "tradfinasset": null, "actiundesecu": null, "noncasseitse": null, "intepaya": null, "prepexpe": null, "reportdate": "20130630", "otherfeepaya": null, "rightotitse": null, "derifinaasset": null, "dometicksett": null, "generiskrese": null, "dividrece": null, "interece": 6159644.17, "rightotform": null, "treastk": null, "undiprof": 260962519.3, "avaisellasse": null, "totliabform": null, "rightaggrform": null, "paidincapi": 230400000.0, "longliabitse": null, "accstacode": "2", "totliabitse": null, "longborr": null, "premrece": null, "noncasseform": null, "curtrandiff": null, "prep": 207261399.15, "defetaxasset": 488830.92, "compcode": "80191712", "expecurrliab": null, "copewithreinrece": null, "divipaya": null, "notespaya": 40000000.0, "currasseform": null, "margrequ": null, "totasset": 1877821340.32, "reincontrese": null, "totalnoncliab": 0.0, "notesrece": 7173699.0, "totliab": 215589919.46, "duenoncliab": null, "holdinvedue": null, "accudepr": 94789771.98, "insucontrese": null, "deveexpe": null, "settresedepo": null, "defereve": null, "othernoncliabi": null, "lendandloan": null, "longdefeinco": null, "publishdate": "20130815", "advapaym": 62125465.2, "margrece": null, "defeincotaxliab": null, "logprepexpe": null, "prodasse": null, "othercurrasse": 2000000.0, "longrece": null, "accstaname": "\u65b0\u4f1a\u8ba1\u51c6\u5219", "reporttype": "100111", "deriliab": null, "plac": null, "sellrepasse": null, "inteticksett": null, "longpaya": null, "copeworkersal": 8458115.53, "goodwill": null, "unseg": null, "actitradsecu": null, "otherpay": 29940965.01, "deposit": null, "fixedassenet": 235093430.99, "curfds": 664144508.67}, {"unreinveloss": null, "specrese": null, "righaggritse": null, "righaggr": 1741559885.57, "otherlonginve": null, "topaycashdivi": null, "minysharrigh": null, "rese": 42883330.33, "intelrece": null, "taxespaya": 13578393.78, "othernoncasse": null, "tradshartrad": null, "totcurrasset": 1340890909.45, "otherrece": 3522290.3, "accrexpe": null, "expenoncliab": null, "fixedasseclea": null, "currliabitse": null, "consprog": 269047297.67, "engimate": null, "copepoun": null, "longliabform": null, "bdspaya": null, "specpaya": null, "hydrasset": null, "adjustdate": "20130424", "totliabsharequi": 1940998610.15, "inveprop": null, "cenbankborr": null, "capisurp": 1166385571.23, "currliabform": null, "intelpay": null, "shorttermborr": null, "shorttermbdspaya": null, "reinrece": null, "totalasseform": null, "sharrighitse": null, "accorece": 59779792.3, "totalnoncassets": 600107700.7, "accopaya": 76116862.69, "othercurreliabi": null, "purcresaasset": null, "intaasset": 97490573.22, "inve": 195756951.55, "totalcurrliab": 199438724.58, "sharrightform": null, "expinoncurrasset": null, "tradfinliab": null, "fixedasseimpa": null, "fixedassenetw": null, "fixedasseimmo": null, "equiinve": null, "paresharrigh": 1741559885.57, "currassetitse": null, "fdsborr": null, "expotaxrebarece": null, "totassetitse": null, "subsrece": null, "comasse": null, "tradfinasset": null, "actiundesecu": null, "noncasseitse": null, "intepaya": null, "prepexpe": null, "reportdate": "20130331", "otherfeepaya": null, "rightotitse": null, "derifinaasset": null, "dometicksett": null, "generiskrese": null, "dividrece": null, "interece": 14395743.24, "rightotform": null, "treastk": null, "undiprof": 340290984.01, "avaisellasse": null, "totliabform": null, "rightaggrform": null, "paidincapi": 192000000.0, "longliabitse": null, "accstacode": "2", "totliabitse": null, "longborr": null, "premrece": null, "noncasseform": null, "curtrandiff": null, "prep": 180650474.1, "defetaxasset": 1639579.08, "compcode": "80191712", "expecurrliab": null, "copewithreinrece": null, "divipaya": null, "notespaya": null, "currasseform": null, "margrequ": null, "totasset": 1940998610.15, "reincontrese": null, "totalnoncliab": 0.0, "notesrece": 14655117.0, "totliab": 199438724.58, "duenoncliab": null, "holdinvedue": null, "accudepr": null, "insucontrese": null, "deveexpe": null, "settresedepo": null, "defereve": null, "othernoncliabi": null, "lendandloan": null, "longdefeinco": null, "publishdate": "20130424", "advapaym": 64680839.9, "margrece": null, "defeincotaxliab": null, "logprepexpe": null, "prodasse": null, "othercurrasse": 2000000.0, "longrece": null, "accstaname": "\u65b0\u4f1a\u8ba1\u51c6\u5219", "reporttype": "100111", "deriliab": null, "plac": null, "sellrepasse": null, "inteticksett": null, "longpaya": null, "copeworkersal": 11635108.6, "goodwill": null, "unseg": null, "actitradsecu": null, "otherpay": 33427519.61, "deposit": null, "fixedassenet": 231930250.73, "curfds": 870130540.96}, {"unreinveloss": null, "specrese": null, "righaggritse": null, "righaggr": 1699183706.96, "otherlonginve": null, "topaycashdivi": null, "minysharrigh": null, "rese": 42883330.33, "intelrece": null, "taxespaya": 32108631.33, "othernoncasse": 10000000.0, "tradshartrad": null, "totcurrasset": 1473710819.95, "otherrece": 8531194.28, "accrexpe": null, "expenoncliab": null, "fixedasseclea": null, "currliabitse": null, "consprog": 134818877.79, "engimate": null, "copepoun": null, "longliabform": null, "bdspaya": null, "specpaya": null, "hydrasset": null, "adjustdate": "20130411", "totliabsharequi": 1866822364.64, "inveprop": null, "cenbankborr": null, "capisurp": 1166385571.23, "currliabform": null, "intelpay": null, "shorttermborr": null, "shorttermbdspaya": null, "reinrece": null, "totalasseform": null, "sharrighitse": null, "accorece": 16901313.51, "totalnoncassets": 393111544.69, "accopaya": 47899553.01, "othercurreliabi": null, "purcresaasset": null, "intaasset": 72571714.42, "inve": 165628867.45, "totalcurrliab": 167638657.68, "sharrightform": null, "expinoncurrasset": null, "tradfinliab": null, "fixedasseimpa": null, "fixedassenetw": 174081498.39, "fixedasseimmo": 258701574.07, "equiinve": null, "paresharrigh": 1699183706.96, "currassetitse": null, "fdsborr": null, "expotaxrebarece": null, "totassetitse": null, "subsrece": null, "comasse": null, "tradfinasset": null, "actiundesecu": null, "noncasseitse": null, "intepaya": null, "prepexpe": null, "reportdate": "20121231", "otherfeepaya": null, "rightotitse": null, "derifinaasset": null, "dometicksett": null, "generiskrese": null, "dividrece": null, "interece": 22989322.45, "rightotform": null, "treastk": null, "undiprof": 297914805.4, "avaisellasse": null, "totliabform": null, "rightaggrform": null, "paidincapi": 192000000.0, "longliabitse": null, "accstacode": "2", "totliabitse": null, "longborr": null, "premrece": null, "noncasseform": null, "curtrandiff": null, "prep": 136706981.88, "defetaxasset": 1639454.09, "compcode": "80191712", "expecurrliab": null, "copewithreinrece": null, "divipaya": null, "notespaya": null, "currasseform": null, "margrequ": null, "totasset": 1866822364.64, "reincontrese": null, "totalnoncliab": 0.0, "notesrece": 5790631.0, "totliab": 167638657.68, "duenoncliab": null, "holdinvedue": null, "accudepr": 84620075.68, "insucontrese": null, "deveexpe": null, "settresedepo": null, "defereve": null, "othernoncliabi": null, "lendandloan": null, "longdefeinco": null, "publishdate": "20130411", "advapaym": 54120735.44, "margrece": null, "defeincotaxliab": null, "logprepexpe": null, "prodasse": null, "othercurrasse": 2000000.0, "longrece": null, "accstaname": "\u65b0\u4f1a\u8ba1\u51c6\u5219", "reporttype": "100111", "deriliab": null, "plac": null, "sellrepasse": null, "inteticksett": null, "longpaya": null, "copeworkersal": 8545054.7, "goodwill": null, "unseg": null, "actitradsecu": null, "otherpay": 24964683.2, "deposit": null, "fixedassenet": 174081498.39, "curfds": 1115162509.38}, {"unreinveloss": null, "specrese": null, "righaggritse": null, "righaggr": 1630835456.18, "otherlonginve": null, "topaycashdivi": null, "minysharrigh": null, "rese": 22616915.87, "intelrece": null, "taxespaya": 15517667.52, "othernoncasse": null, "tradshartrad": null, "totcurrasset": 1532218610.24, "otherrece": 2661477.04, "accrexpe": null, "expenoncliab": null, "fixedasseclea": null, "currliabitse": null, "consprog": 78052734.68, "engimate": null, "copepoun": null, "longliabform": null, "bdspaya": null, "specpaya": null, "hydrasset": null, "adjustdate": "20121025", "totliabsharequi": 1855784969.19, "inveprop": null, "cenbankborr": null, "capisurp": 1166385571.23, "currliabform": null, "intelpay": null, "shorttermborr": null, "shorttermbdspaya": null, "reinrece": null, "totalasseform": null, "sharrighitse": null, "accorece": 24960679.0, "totalnoncassets": 323566358.95, "accopaya": 47869587.4, "othercurreliabi": null, "purcresaasset": null, "intaasset": 73090635.54, "inve": 165839415.78, "totalcurrliab": 224949513.01, "sharrightform": null, "expinoncurrasset": null, "tradfinliab": null, "fixedasseimpa": null, "fixedassenetw": null, "fixedasseimmo": null, "equiinve": null, "paresharrigh": 1630835456.18, "currassetitse": null, "fdsborr": null, "expotaxrebarece": null, "totassetitse": null, "subsrece": null, "comasse": null, "tradfinasset": null, "actiundesecu": null, "noncasseitse": null, "intepaya": null, "prepexpe": null, "reportdate": "20120930", "otherfeepaya": null, "rightotitse": null, "derifinaasset": null, "dometicksett": null, "generiskrese": null, "dividrece": null, "interece": 17140681.28, "rightotform": null, "treastk": null, "undiprof": 249832969.08, "avaisellasse": null, "totliabform": null, "rightaggrform": null, "paidincapi": 192000000.0, "longliabitse": null, "accstacode": "2", "totliabitse": null, "longborr": null, "premrece": null, "noncasseform": null, "curtrandiff": null, "prep": 260688685.53, "defetaxasset": 1869787.91, "compcode": "80191712", "expecurrliab": null, "copewithreinrece": null, "divipaya": null, "notespaya": 57400000.0, "currasseform": null, "margrequ": null, "totasset": 1855784969.19, "reincontrese": null, "totalnoncliab": 0.0, "notesrece": 70618.0, "totliab": 224949513.01, "duenoncliab": null, "holdinvedue": null, "accudepr": null, "insucontrese": null, "deveexpe": null, "settresedepo": null, "defereve": null, "othernoncliabi": null, "lendandloan": null, "longdefeinco": null, "publishdate": "20121025", "advapaym": 68879748.43, "margrece": null, "defeincotaxliab": null, "logprepexpe": null, "prodasse": null, "othercurrasse": null, "longrece": null, "accstaname": "\u65b0\u4f1a\u8ba1\u51c6\u5219", "reporttype": "100111", "deriliab": null, "plac": null, "sellrepasse": null, "inteticksett": null, "longpaya": null, "copeworkersal": 9283136.13, "goodwill": null, "unseg": null, "actitradsecu": null, "otherpay": 25999373.53, "deposit": null, "fixedassenet": 170553200.82, "curfds": 1060857053.61}, {"unreinveloss": null, "specrese": null, "righaggritse": null, "righaggr": 1597883945.99, "otherlonginve": null, "topaycashdivi": null, "minysharrigh": null, "rese": 22616915.87, "intelrece": null, "taxespaya": 8124755.47, "othernoncasse": null, "tradshartrad": null, "totcurrasset": 1488383560.64, "otherrece": 5094481.2, "accrexpe": null, "expenoncliab": null, "fixedasseclea": null, "currliabitse": null, "consprog": 73017371.28, "engimate": null, "copepoun": null, "longliabform": null, "bdspaya": null, "specpaya": null, "hydrasset": null, "adjustdate": "20120816", "totliabsharequi": 1807669231.51, "inveprop": null, "cenbankborr": null, "capisurp": 1166385571.23, "currliabform": null, "intelpay": null, "shorttermborr": null, "shorttermbdspaya": null, "reinrece": null, "totalasseform": null, "sharrighitse": null, "accorece": 20640885.64, "totalnoncassets": 319285670.87, "accopaya": 47701179.85, "othercurreliabi": null, "purcresaasset": null, "intaasset": 73589295.73, "inve": 173361504.18, "totalcurrliab": 209785285.52, "sharrightform": null, "expinoncurrasset": null, "tradfinliab": null, "fixedasseimpa": null, "fixedassenetw": 170842885.38, "fixedasseimmo": 246967769.34, "equiinve": null, "paresharrigh": 1597883945.99, "currassetitse": null, "fdsborr": null, "expotaxrebarece": null, "totassetitse": null, "subsrece": null, "comasse": null, "tradfinasset": null, "actiundesecu": null, "noncasseitse": null, "intepaya": null, "prepexpe": null, "reportdate": "20120630", "otherfeepaya": null, "rightotitse": null, "derifinaasset": null, "dometicksett": null, "generiskrese": null, "dividrece": null, "interece": 10176720.23, "rightotform": null, "treastk": null, "undiprof": 216881458.89, "avaisellasse": null, "totliabform": null, "rightaggrform": null, "paidincapi": 192000000.0, "longliabitse": null, "accstacode": "2", "totliabitse": null, "longborr": null, "premrece": null, "noncasseform": null, "curtrandiff": null, "prep": 262650620.89, "defetaxasset": 1836118.48, "compcode": "80191712", "expecurrliab": null, "copewithreinrece": null, "divipaya": null, "notespaya": 57400000.0, "currasseform": null, "margrequ": null, "totasset": 1807669231.51, "reincontrese": null, "totalnoncliab": 0.0, "notesrece": 1118975.0, "totliab": 209785285.52, "duenoncliab": null, "holdinvedue": null, "accudepr": 76124883.96, "insucontrese": null, "deveexpe": null, "settresedepo": null, "defereve": null, "othernoncliabi": null, "lendandloan": null, "longdefeinco": null, "publishdate": "20120816", "advapaym": 63475822.07, "margrece": null, "defeincotaxliab": null, "logprepexpe": null, "prodasse": null, "othercurrasse": null, "longrece": null, "accstaname": "\u65b0\u4f1a\u8ba1\u51c6\u5219", "reporttype": "100111", "deriliab": null, "plac": null, "sellrepasse": null, "inteticksett": null, "longpaya": null, "copeworkersal": 8148060.13, "goodwill": null, "unseg": null, "actitradsecu": null, "otherpay": 24935468.0, "deposit": null, "fixedassenet": 170842885.38, "curfds": 1015340373.5}, {"unreinveloss": null, "specrese": null, "righaggritse": null, "righaggr": 1659182757.22, "otherlonginve": null, "topaycashdivi": null, "minysharrigh": null, "rese": 22616915.87, "intelrece": null, "taxespaya": 9229126.55, "othernoncasse": null, "tradshartrad": null, "totcurrasset": 1531193297.68, "otherrece": 7603619.23, "accrexpe": null, "expenoncliab": null, "fixedasseclea": null, "currliabitse": null, "consprog": 73373450.35, "engimate": null, "copepoun": null, "longliabform": null, "bdspaya": null, "specpaya": null, "hydrasset": null, "adjustdate": "20120424", "totliabsharequi": 1842869998.37, "inveprop": null, "cenbankborr": null, "capisurp": 1198385571.23, "currliabform": null, "intelpay": null, "shorttermborr": null, "shorttermbdspaya": null, "reinrece": null, "totalasseform": null, "sharrighitse": null, "accorece": 24870508.05, "totalnoncassets": 311676700.69, "accopaya": 54186281.45, "othercurreliabi": null, "purcresaasset": null, "intaasset": 74126190.6, "inve": 172803589.76, "totalcurrliab": 183687241.15, "sharrightform": null, "expinoncurrasset": null, "tradfinliab": null, "fixedasseimpa": null, "fixedassenetw": null, "fixedasseimmo": null, "equiinve": null, "paresharrigh": 1659182757.22, "currassetitse": null, "fdsborr": null, "expotaxrebarece": null, "totassetitse": null, "subsrece": null, "comasse": null, "tradfinasset": null, "actiundesecu": null, "noncasseitse": null, "intepaya": null, "prepexpe": null, "reportdate": "20120331", "otherfeepaya": null, "rightotitse": null, "derifinaasset": null, "dometicksett": null, "generiskrese": null, "dividrece": null, "interece": null, "rightotform": null, "treastk": null, "undiprof": 278180270.12, "avaisellasse": null, "totliabform": null, "rightaggrform": null, "paidincapi": 160000000.0, "longliabitse": null, "accstacode": "2", "totliabitse": null, "longborr": null, "premrece": null, "noncasseform": null, "curtrandiff": null, "prep": 287064244.21, "defetaxasset": 1687001.2, "compcode": "80191712", "expecurrliab": null, "copewithreinrece": null, "divipaya": null, "notespaya": null, "currasseform": null, "margrequ": null, "totasset": 1842869998.37, "reincontrese": null, "totalnoncliab": 0.0, "notesrece": 1431403.0, "totliab": 183687241.15, "duenoncliab": null, "holdinvedue": null, "accudepr": null, "insucontrese": null, "deveexpe": null, "settresedepo": null, "defereve": null, "othernoncliabi": null, "lendandloan": null, "longdefeinco": null, "publishdate": "20120424", "advapaym": 79739282.96, "margrece": null, "defeincotaxliab": null, "logprepexpe": null, "prodasse": null, "othercurrasse": null, "longrece": null, "accstaname": "\u65b0\u4f1a\u8ba1\u51c6\u5219", "reporttype": "100111", "deriliab": null, "plac": null, "sellrepasse": null, "inteticksett": null, "longpaya": null, "copeworkersal": 11533233.2, "goodwill": null, "unseg": null, "actitradsecu": null, "otherpay": 28999316.99, "deposit": null, "fixedassenet": 162490058.54, "curfds": 1037419933.43}, {"unreinveloss": null, "specrese": null, "righaggritse": null, "righaggr": 1619345874.0, "otherlonginve": null, "topaycashdivi": null, "minysharrigh": null, "rese": 22616915.87, "intelrece": null, "taxespaya": 57555874.42, "othernoncasse": null, "tradshartrad": null, "totcurrasset": 1842708097.74, "otherrece": 5640140.33, "accrexpe": null, "expenoncliab": null, "fixedasseclea": null, "currliabitse": null, "consprog": 205349.52, "engimate": null, "copepoun": null, "longliabform": null, "bdspaya": null, "specpaya": null, "hydrasset": null, "adjustdate": "20120412", "totliabsharequi": 2084607134.26, "inveprop": null, "cenbankborr": null, "capisurp": 1198385571.23, "currliabform": null, "intelpay": null, "shorttermborr": 159000000.0, "shorttermbdspaya": null, "reinrece": null, "totalasseform": null, "sharrighitse": null, "accorece": 13149271.3, "totalnoncassets": 241899036.52, "accopaya": 51570867.55, "othercurreliabi": null, "purcresaasset": null, "intaasset": 74626482.78, "inve": 159373726.55, "totalcurrliab": 387861260.26, "sharrightform": null, "expinoncurrasset": null, "tradfinliab": null, "fixedasseimpa": null, "fixedassenetw": 165380203.02, "fixedasseimmo": 233864701.79, "equiinve": null, "paresharrigh": 1619345874.0, "currassetitse": null, "fdsborr": null, "expotaxrebarece": null, "totassetitse": null, "subsrece": null, "comasse": null, "tradfinasset": null, "actiundesecu": null, "noncasseitse": null, "intepaya": null, "prepexpe": null, "reportdate": "20111231", "otherfeepaya": null, "rightotitse": null, "derifinaasset": null, "dometicksett": null, "generiskrese": null, "dividrece": null, "interece": null, "rightotform": null, "treastk": null, "undiprof": 238343386.9, "avaisellasse": null, "totliabform": null, "rightaggrform": null, "paidincapi": 160000000.0, "longliabitse": null, "accstacode": "2", "totliabitse": null, "longborr": 77400000.0, "premrece": null, "noncasseform": null, "curtrandiff": null, "prep": 255954453.69, "defetaxasset": 1687001.2, "compcode": "80191712", "expecurrliab": null, "copewithreinrece": null, "divipaya": null, "notespaya": null, "currasseform": null, "margrequ": null, "totasset": 2084607134.26, "reincontrese": null, "totalnoncliab": 77400000.0, "notesrece": 2112860.0, "totliab": 465261260.26, "duenoncliab": null, "holdinvedue": null, "accudepr": 68484498.77, "insucontrese": null, "deveexpe": null, "settresedepo": null, "defereve": null, "othernoncliabi": null, "lendandloan": null, "longdefeinco": null, "publishdate": "20120412", "advapaym": 82295627.92, "margrece": null, "defeincotaxliab": null, "logprepexpe": null, "prodasse": null, "othercurrasse": null, "longrece": null, "accstaname": "\u65b0\u4f1a\u8ba1\u51c6\u5219", "reporttype": "100111", "deriliab": null, "plac": null, "sellrepasse": null, "inteticksett": null, "longpaya": null, "copeworkersal": 7150585.53, "goodwill": null, "unseg": null, "actitradsecu": null, "otherpay": 30288304.84, "deposit": null, "fixedassenet": 165380203.02, "curfds": 1406477645.87}, {"unreinveloss": null, "specrese": null, "righaggritse": null, "righaggr": 422115842.68, "otherlonginve": null, "topaycashdivi": null, "minysharrigh": null, "rese": 3493189.02, "intelrece": null, "taxespaya": 10029881.93, "othernoncasse": null, "tradshartrad": null, "totcurrasset": 686764389.51, "otherrece": 2973862.59, "accrexpe": null, "expenoncliab": null, "fixedasseclea": null, "currliabitse": null, "consprog": 200771.29, "engimate": null, "copepoun": null, "longliabform": null, "bdspaya": null, "specpaya": null, "hydrasset": null, "adjustdate": "20120105", "totliabsharequi": 926791731.17, "inveprop": null, "cenbankborr": null, "capisurp": 123287129.23, "currliabform": null, "intelpay": null, "shorttermborr": 251000000.0, "shorttermbdspaya": null, "reinrece": null, "totalasseform": null, "sharrighitse": null, "accorece": 29679576.22, "totalnoncassets": 240027341.66, "accopaya": 76453831.73, "othercurreliabi": null, "purcresaasset": null, "intaasset": 74155478.57, "inve": 190496552.19, "totalcurrliab": 469275888.49, "sharrightform": null, "expinoncurrasset": null, "tradfinliab": null, "fixedasseimpa": null, "fixedassenetw": null, "fixedasseimmo": null, "equiinve": null, "paresharrigh": 422115842.68, "currassetitse": null, "fdsborr": null, "expotaxrebarece": null, "totassetitse": null, "subsrece": null, "comasse": null, "tradfinasset": null, "actiundesecu": null, "noncasseitse": null, "intepaya": null, "prepexpe": null, "reportdate": "20110930", "otherfeepaya": null, "rightotitse": null, "derifinaasset": null, "dometicksett": null, "generiskrese": null, "dividrece": null, "interece": null, "rightotform": null, "treastk": null, "undiprof": 175335524.43, "avaisellasse": null, "totliabform": null, "rightaggrform": null, "paidincapi": 120000000.0, "longliabitse": null, "accstacode": "2", "totliabitse": null, "longborr": 35400000.0, "premrece": null, "noncasseform": null, "curtrandiff": null, "prep": 275408180.21, "defetaxasset": 1686733.6, "compcode": "80191712", "expecurrliab": null, "copewithreinrece": null, "divipaya": null, "notespaya": null, "currasseform": null, "margrequ": null, "totasset": 926791731.17, "reincontrese": null, "totalnoncliab": 35400000.0, "notesrece": 4415712.0, "totliab": 504675888.49, "duenoncliab": null, "holdinvedue": null, "accudepr": null, "insucontrese": null, "deveexpe": null, "settresedepo": null, "defereve": null, "othernoncliabi": null, "lendandloan": null, "longdefeinco": null, "publishdate": "20120105", "advapaym": 100413466.04, "margrece": null, "defeincotaxliab": null, "logprepexpe": null, "prodasse": null, "othercurrasse": null, "longrece": null, "accstaname": "\u65b0\u4f1a\u8ba1\u51c6\u5219", "reporttype": "100111", "deriliab": null, "plac": null, "sellrepasse": null, "inteticksett": null, "longpaya": null, "copeworkersal": 8403591.91, "goodwill": null, "unseg": null, "actitradsecu": null, "otherpay": 22975116.88, "deposit": null, "fixedassenet": 163984358.2, "curfds": 183790506.3}, {"unreinveloss": null, "specrese": null, "righaggritse": null, "righaggr": 402834193.33, "otherlonginve": null, "topaycashdivi": null, "minysharrigh": null, "rese": 3493189.02, "intelrece": null, "taxespaya": 11400289.81, "othernoncasse": null, "tradshartrad": null, "totcurrasset": 575382233.68, "otherrece": 2250448.05, "accrexpe": null, "expenoncliab": null, "fixedasseclea": null, "currliabitse": null, "consprog": 28894.77, "engimate": null, "copepoun": null, "longliabform": null, "bdspaya": null, "specpaya": null, "hydrasset": null, "adjustdate": "20111215", "totliabsharequi": 817557289.82, "inveprop": null, "cenbankborr": null, "capisurp": 123287129.23, "currliabform": null, "intelpay": null, "shorttermborr": 202000000.0, "shorttermbdspaya": null, "reinrece": null, "totalasseform": null, "sharrighitse": null, "accorece": 15849241.25, "totalnoncassets": 242175056.14, "accopaya": 60964988.16, "othercurreliabi": null, "purcresaasset": null, "intaasset": 74634755.67, "inve": 149485197.31, "totalcurrliab": 414723096.49, "sharrightform": null, "expinoncurrasset": null, "tradfinliab": null, "fixedasseimpa": null, "fixedassenetw": 165840659.44, "fixedasseimmo": 227115840.1, "equiinve": null, "paresharrigh": 402834193.33, "currassetitse": null, "fdsborr": null, "expotaxrebarece": null, "totassetitse": null, "subsrece": null, "comasse": null, "tradfinasset": null, "actiundesecu": null, "noncasseitse": null, "intepaya": null, "prepexpe": null, "reportdate": "20110630", "otherfeepaya": null, "rightotitse": null, "derifinaasset": null, "dometicksett": null, "generiskrese": null, "dividrece": null, "interece": null, "rightotform": null, "treastk": null, "undiprof": 156053875.08, "avaisellasse": null, "totliabform": null, "rightaggrform": null, "paidincapi": 120000000.0, "longliabitse": null, "accstacode": "2", "totliabitse": null, "longborr": null, "premrece": null, "noncasseform": null, "curtrandiff": null, "prep": 179066708.22, "defetaxasset": 1670746.26, "compcode": "80191712", "expecurrliab": null, "copewithreinrece": null, "divipaya": null, "notespaya": 40000000.0, "currasseform": null, "margrequ": null, "totasset": 817557289.82, "reincontrese": null, "totalnoncliab": 0.0, "notesrece": 3000000.0, "totliab": 414723096.49, "duenoncliab": null, "holdinvedue": null, "accudepr": 61275180.66, "insucontrese": null, "deveexpe": null, "settresedepo": null, "defereve": null, "othernoncliabi": null, "lendandloan": null, "longdefeinco": null, "publishdate": "20111215", "advapaym": 67530601.77, "margrece": null, "defeincotaxliab": null, "logprepexpe": null, "prodasse": null, "othercurrasse": null, "longrece": null, "accstaname": "\u65b0\u4f1a\u8ba1\u51c6\u5219", "reporttype": "100111", "deriliab": null, "plac": null, "sellrepasse": null, "inteticksett": null, "longpaya": null, "copeworkersal": 10749489.22, "goodwill": null, "unseg": null, "actitradsecu": null, "otherpay": 22077727.53, "deposit": null, "fixedassenet": 165840659.44, "curfds": 225730638.85}, {"unreinveloss": null, "specrese": null, "righaggritse": null, "righaggr": 346527041.8, "otherlonginve": null, "topaycashdivi": null, "minysharrigh": null, "rese": 3493189.02, "intelrece": null, "taxespaya": 35462364.74, "othernoncasse": null, "tradshartrad": null, "totcurrasset": 624987566.56, "otherrece": 33927721.67, "accrexpe": null, "expenoncliab": null, "fixedasseclea": null, "currliabitse": null, "consprog": 7226265.46, "engimate": null, "copepoun": null, "longliabform": null, "bdspaya": null, "specpaya": null, "hydrasset": null, "adjustdate": "20111215", "totliabsharequi": 800923069.33, "inveprop": null, "cenbankborr": null, "capisurp": 123287129.23, "currliabform": null, "intelpay": null, "shorttermborr": 98000000.0, "shorttermbdspaya": null, "reinrece": null, "totalasseform": null, "sharrighitse": null, "accorece": 7206889.55, "totalnoncassets": 175935502.77, "accopaya": 89150816.69, "othercurreliabi": null, "purcresaasset": null, "intaasset": 9862026.44, "inve": 163414208.13, "totalcurrliab": 454396027.53, "sharrightform": null, "expinoncurrasset": null, "tradfinliab": null, "fixedasseimpa": null, "fixedassenetw": 157254850.02, "fixedasseimmo": 211885446.53, "equiinve": null, "paresharrigh": 346527041.8, "currassetitse": null, "fdsborr": null, "expotaxrebarece": null, "totassetitse": null, "subsrece": null, "comasse": null, "tradfinasset": null, "actiundesecu": null, "noncasseitse": null, "intepaya": null, "prepexpe": null, "reportdate": "20101231", "otherfeepaya": null, "rightotitse": null, "derifinaasset": null, "dometicksett": null, "generiskrese": null, "dividrece": null, "interece": null, "rightotform": null, "treastk": null, "undiprof": 99746723.55, "avaisellasse": null, "totliabform": null, "rightaggrform": null, "paidincapi": 120000000.0, "longliabitse": null, "accstacode": "2", "totliabitse": null, "longborr": null, "premrece": null, "noncasseform": null, "curtrandiff": null, "prep": 198973790.73, "defetaxasset": 1592360.85, "compcode": "80191712", "expecurrliab": null, "copewithreinrece": null, "divipaya": null, "notespaya": 60000000.0, "currasseform": null, "margrequ": null, "totasset": 800923069.33, "reincontrese": null, "totalnoncliab": 0.0, "notesrece": null, "totliab": 454396027.53, "duenoncliab": null, "holdinvedue": null, "accudepr": 54630596.51, "insucontrese": null, "deveexpe": null, "settresedepo": null, "defereve": null, "othernoncliabi": null, "lendandloan": null, "longdefeinco": null, "publishdate": "20111215", "advapaym": 115497859.89, "margrece": null, "defeincotaxliab": null, "logprepexpe": null, "prodasse": null, "othercurrasse": null, "longrece": null, "accstaname": "\u65b0\u4f1a\u8ba1\u51c6\u5219", "reporttype": "100111", "deriliab": null, "plac": null, "sellrepasse": null, "inteticksett": null, "longpaya": null, "copeworkersal": 8237511.31, "goodwill": null, "unseg": null, "actitradsecu": null, "otherpay": 48047474.9, "deposit": null, "fixedassenet": 157254850.02, "curfds": 221464956.48}, {"unreinveloss": null, "specrese": null, "righaggritse": null, "righaggr": 205011818.39, "otherlonginve": null, "topaycashdivi": null, "minysharrigh": 12947866.34, "rese": 17068963.94, "intelrece": null, "taxespaya": 15531133.18, "othernoncasse": null, "tradshartrad": null, "totcurrasset": 511283523.62, "otherrece": 81609987.6, "accrexpe": null, "expenoncliab": null, "fixedasseclea": null, "currliabitse": null, "consprog": 9255225.0, "engimate": null, "copepoun": null, "longliabform": null, "bdspaya": null, "specpaya": null, "hydrasset": null, "adjustdate": "20111215", "totliabsharequi": 668362463.38, "inveprop": null, "cenbankborr": null, "capisurp": 66757572.78, "currliabform": null, "intelpay": null, "shorttermborr": 116000000.0, "shorttermbdspaya": null, "reinrece": null, "totalasseform": null, "sharrighitse": null, "accorece": 12113021.7, "totalnoncassets": 157078939.76, "accopaya": 57282489.46, "othercurreliabi": null, "purcresaasset": null, "intaasset": 10267523.54, "inve": 64268894.18, "totalcurrliab": 463350644.99, "sharrightform": null, "expinoncurrasset": null, "tradfinliab": null, "fixedasseimpa": null, "fixedassenetw": null, "fixedasseimmo": null, "equiinve": null, "paresharrigh": 192063952.05, "currassetitse": null, "fdsborr": null, "expotaxrebarece": null, "totassetitse": null, "subsrece": null, "comasse": null, "tradfinasset": null, "actiundesecu": null, "noncasseitse": null, "intepaya": null, "prepexpe": null, "reportdate": "20091231", "otherfeepaya": null, "rightotitse": null, "derifinaasset": null, "dometicksett": null, "generiskrese": null, "dividrece": null, "interece": null, "rightotform": null, "treastk": null, "undiprof": 52595415.33, "avaisellasse": null, "totliabform": null, "rightaggrform": null, "paidincapi": 55642000.0, "longliabitse": null, "accstacode": "2", "totliabitse": null, "longborr": null, "premrece": null, "noncasseform": null, "curtrandiff": null, "prep": 87287278.51, "defetaxasset": 2334503.91, "compcode": "80191712", "expecurrliab": null, "copewithreinrece": null, "divipaya": 14193173.66, "notespaya": 100000000.0, "currasseform": null, "margrequ": null, "totasset": 668362463.38, "reincontrese": null, "totalnoncliab": 0.0, "notesrece": null, "totliab": 463350644.99, "duenoncliab": null, "holdinvedue": null, "accudepr": null, "insucontrese": null, "deveexpe": null, "settresedepo": null, "defereve": null, "othernoncliabi": null, "lendandloan": null, "longdefeinco": null, "publishdate": "20111215", "advapaym": 63707480.05, "margrece": null, "defeincotaxliab": null, "logprepexpe": null, "prodasse": null, "othercurrasse": null, "longrece": null, "accstaname": "\u65b0\u4f1a\u8ba1\u51c6\u5219", "reporttype": "100111", "deriliab": null, "plac": null, "sellrepasse": null, "inteticksett": null, "longpaya": null, "copeworkersal": 4288246.7, "goodwill": null, "unseg": null, "actitradsecu": null, "otherpay": 92348121.94, "deposit": null, "fixedassenet": 135221687.31, "curfds": 266004341.63}, {"unreinveloss": null, "specrese": null, "righaggritse": null, "righaggr": 164574048.81, "otherlonginve": null, "topaycashdivi": null, "minysharrigh": 29599290.8, "rese": 5968964.69, "intelrece": null, "taxespaya": 17068253.53, "othernoncasse": null, "tradshartrad": null, "totcurrasset": 387554771.75, "otherrece": 188758137.56, "accrexpe": null, "expenoncliab": null, "fixedasseclea": null, "currliabitse": null, "consprog": 2444081.35, "engimate": null, "copepoun": null, "longliabform": null, "bdspaya": null, "specpaya": null, "hydrasset": null, "adjustdate": "20111215", "totliabsharequi": 537681723.32, "inveprop": null, "cenbankborr": null, "capisurp": 3992497.18, "currliabform": null, "intelpay": null, "shorttermborr": 117000000.0, "shorttermbdspaya": null, "reinrece": null, "totalasseform": null, "sharrighitse": null, "accorece": 5781954.99, "totalnoncassets": 150126951.57, "accopaya": 41992751.58, "othercurreliabi": null, "purcresaasset": null, "intaasset": 10544520.34, "inve": 61608336.06, "totalcurrliab": 373107674.51, "sharrightform": null, "expinoncurrasset": null, "tradfinliab": null, "fixedasseimpa": null, "fixedassenetw": null, "fixedasseimmo": null, "equiinve": null, "paresharrigh": 134974758.01, "currassetitse": null, "fdsborr": null, "expotaxrebarece": null, "totassetitse": null, "subsrece": null, "comasse": null, "tradfinasset": null, "actiundesecu": null, "noncasseitse": null, "intepaya": null, "prepexpe": null, "reportdate": "20081231", "otherfeepaya": null, "rightotitse": null, "derifinaasset": null, "dometicksett": null, "generiskrese": null, "dividrece": null, "interece": null, "rightotform": null, "treastk": null, "undiprof": 69371296.14, "avaisellasse": null, "totliabform": null, "rightaggrform": null, "paidincapi": 55642000.0, "longliabitse": null, "accstacode": "2", "totliabitse": null, "longborr": null, "premrece": null, "noncasseform": null, "curtrandiff": null, "prep": 63684376.38, "defetaxasset": 2356962.24, "compcode": "80191712", "expecurrliab": null, "copewithreinrece": null, "divipaya": 6850000.0, "notespaya": 40000000.0, "currasseform": null, "margrequ": null, "totasset": 537681723.32, "reincontrese": null, "totalnoncliab": 0.0, "notesrece": null, "totliab": 373107674.51, "duenoncliab": null, "holdinvedue": null, "accudepr": null, "insucontrese": null, "deveexpe": null, "settresedepo": null, "defereve": null, "othernoncliabi": null, "lendandloan": null, "longdefeinco": null, "publishdate": "20111215", "advapaym": 58816938.2, "margrece": null, "defeincotaxliab": null, "logprepexpe": null, "prodasse": null, "othercurrasse": null, "longrece": null, "accstaname": "\u65b0\u4f1a\u8ba1\u51c6\u5219", "reporttype": "100111", "deriliab": null, "plac": null, "sellrepasse": null, "inteticksett": null, "longpaya": null, "copeworkersal": 3295748.47, "goodwill": null, "unseg": null, "actitradsecu": null, "otherpay": 88083982.73, "deposit": null, "fixedassenet": 134781387.64, "curfds": 67721966.76}], "comptype": 4, "name": "\u52a0\u52a0\u98df\u54c1"}