{"SH600298":{"symbol":"SH600298","exchange":"SH","code":"600298","name":"安琪酵母","current":"32.11","percentage":"1.74","change":"0.55","open":"31.55","high":"32.33","low":"31.55","close":"32.11","last_close":"31.56","high52week":"36.49","low52week":"16.3","volume":"5960429.0","lot_volume":"59604.29","volumeAverage":"6933474","marketCapital":"2.646123907973E10","eps":"0.74","pe_ttm":"34.6421","pe_lyr":"49.4518","beta":"0.0","totalShares":"824080943","time":"Tue Nov 28 14:51:16 +0800 2017","afterHours":"0.0","afterHoursPct":"0.0","afterHoursChg":"0.0","afterHoursTime":"Wed Oct 19 21:59:01 -0400 2011","updateAt":"1510207594561","dividend":"0.3","yield":"0.95","turnover_rate":"0.72%","instOwn":"0.0","rise_stop":"34.72","fall_stop":"28.4","currency_unit":"CNY","amount":"1.91180729E8","net_assets":"4.367","hasexist":"","has_warrant":"0","type":"11","flag":"1","rest_day":"","amplitude":"2.47%","market_status":"交易中","lot_size":"100","min_order_quantity":"0","max_order_quantity":"0","tick_size":"0.01","variable_tick_size":"","kzz_stock_symbol":"","kzz_stock_name":"","kzz_stock_current":"0.0","kzz_convert_price":"0.0","kzz_covert_value":"0.0","kzz_cpr":"0.0","kzz_putback_price":"0.0","kzz_convert_time":"","kzz_redempt_price":"0.0","kzz_straight_price":"0.0","kzz_stock_percent":"","pb":"7.35","benefit_before_tax":"0.0","benefit_after_tax":"0.0","convert_bond_ratio":"","totalissuescale":"","outstandingamt":"","maturitydate":"","remain_year":"","convertrate":"0.0","interestrtmemo":"","release_date":"","circulation":"0.0","par_value":"0.0","due_time":"0.0","value_date":"","due_date":"","publisher":"","redeem_type":"T","issue_type":"1","bond_type":"","warrant":"","sale_rrg":"","rate":"","after_hour_vol":"0","float_shares":"824080942","float_market_capital":"2.646123904762E10","disnext_pay_date":"","convert_rate":"0.0","volume_ratio":"0.47","percent5m":"-0.06","pankou_ratio":"-13.0%","psr":"4.6926"}}