{"SH600298":{"symbol":"SH600298","exchange":"SH","code":"600298","name":"安琪酵母","current":"33.39","percentage":"2.36","change":"0.77","open":"32.65","high":"33.72","low":"32.42","close":"33.39","last_close":"32.62","high52week":"37.28","low52week":"20.06","volume":"1.0506332E7","lot_volume":"105063.32","volumeAverage":"6933474","marketCapital":"2.751606268677E10","eps":"0.74","pe_ttm":"36.023","pe_lyr":"51.423","beta":"0.0","totalShares":"824080943","time":"Fri Mar 09 14:59:59 +0800 2018","afterHours":"0.0","afterHoursPct":"0.0","afterHoursChg":"0.0","afterHoursTime":"Wed Oct 19 21:59:01 -0400 2011","updateAt":"1513771201402","dividend":"0.3","yield":"0.9","turnover_rate":"1.27%","instOwn":"0.0","rise_stop":"35.88","fall_stop":"29.36","currency_unit":"CNY","amount":"3.48276446E8","net_assets":"4.367","hasexist":"","has_warrant":"0","type":"11","flag":"1","rest_day":"","amplitude":"3.99%","market_status":"休市","lot_size":"100","min_order_quantity":"0","max_order_quantity":"0","tick_size":"0.01","variable_tick_size":"","kzz_stock_symbol":"","kzz_stock_name":"","kzz_stock_current":"0.0","kzz_convert_price":"0.0","kzz_covert_value":"0.0","kzz_cpr":"0.0","kzz_putback_price":"0.0","kzz_convert_time":"","kzz_redempt_price":"0.0","kzz_straight_price":"0.0","kzz_stock_percent":"","pb":"7.65","benefit_before_tax":"0.0","benefit_after_tax":"0.0","convert_bond_ratio":"","totalissuescale":"","outstandingamt":"","maturitydate":"","remain_year":"","convertrate":"0.0","interestrtmemo":"","release_date":"","circulation":"0.0","par_value":"0.0","due_time":"0.0","value_date":"","due_date":"","publisher":"","redeem_type":"T","issue_type":"1","bond_type":"","warrant":"","sale_rrg":"","rate":"","after_hour_vol":"0","float_shares":"824080942","float_market_capital":"2.751606265338E10","disnext_pay_date":"","convert_rate":"0.0","volume_ratio":"1.55","percent5m":"-0.39","pankou_ratio":"-23.53%","psr":"4.9647"}}