{"list":[{"bonusimpdate":"20170511","bonusyear":"2016","cur":"人民币","bonusskratio":null,"tranaddskraio":null,"recorddate":"20170517","exrightdate":"20170518","cdividend":0.72,"fdividendbh":0.0,"tranaddsklistdate":null,"bonussklistdate":null,"tranaddskaccday":null,"bonusskaccday":null,"symbol":null,"secode":"2010000613","divitype":"A","taxfdividendbh":0.0,"taxcdividend":0.72,"divibegdate":"20170518","summarize":"10派0.72"},{"bonusimpdate":"20160818","bonusyear":"2015","cur":"人民币","bonusskratio":null,"tranaddskraio":null,"recorddate":"20160825","exrightdate":"20160826","cdividend":0.1,"fdividendbh":0.0,"tranaddsklistdate":null,"bonussklistdate":null,"tranaddskaccday":null,"bonusskaccday":null,"symbol":null,"secode":"2010000613","divitype":"A","taxfdividendbh":0.0,"taxcdividend":0.1,"divibegdate":"20160826","summarize":"10派0.1"},{"bonusimpdate":"20150709","bonusyear":"2014","cur":"人民币","bonusskratio":null,"tranaddskraio":null,"recorddate":"20150715","exrightdate":"20150716","cdividend":0.2,"fdividendbh":0.0,"tranaddsklistdate":null,"bonussklistdate":null,"tranaddskaccday":null,"bonusskaccday":null,"symbol":null,"secode":"2010000613","divitype":"A","taxfdividendbh":0.0,"taxcdividend":0.19,"divibegdate":"20150716","summarize":"10派0.2"},{"bonusimpdate":"20140714","bonusyear":"2013","cur":"人民币","bonusskratio":null,"tranaddskraio":null,"recorddate":"20140717","exrightdate":"20140718","cdividend":0.2,"fdividendbh":0.0,"tranaddsklistdate":null,"bonussklistdate":null,"tranaddskaccday":null,"bonusskaccday":null,"symbol":null,"secode":"2010000613","divitype":"A","taxfdividendbh":0.0,"taxcdividend":0.19,"divibegdate":"20140718","summarize":"10派0.2"},{"bonusimpdate":"20130713","bonusyear":"2012","cur":"人民币","bonusskratio":null,"tranaddskraio":null,"recorddate":"20130719","exrightdate":"20130722","cdividend":3.3,"fdividendbh":0.0,"tranaddsklistdate":null,"bonussklistdate":null,"tranaddskaccday":null,"bonusskaccday":null,"symbol":null,"secode":"2010000613","divitype":"A","taxfdividendbh":0.0,"taxcdividend":3.135,"divibegdate":"20130726","summarize":"10派3.3"},{"bonusimpdate":"20120627","bonusyear":"2011","cur":"人民币","bonusskratio":null,"tranaddskraio":null,"recorddate":"20120702","exrightdate":"20120703","cdividend":1.8,"fdividendbh":0.0,"tranaddsklistdate":null,"bonussklistdate":null,"tranaddskaccday":null,"bonusskaccday":null,"symbol":null,"secode":"2010000613","divitype":"A","taxfdividendbh":0.0,"taxcdividend":1.62,"divibegdate":"20120709","summarize":"10派1.8"},{"bonusimpdate":"20110726","bonusyear":"2010","cur":"人民币","bonusskratio":null,"tranaddskraio":null,"recorddate":"20110801","exrightdate":"20110802","cdividend":0.6,"fdividendbh":0.0,"tranaddsklistdate":null,"bonussklistdate":null,"tranaddskaccday":null,"bonusskaccday":null,"symbol":null,"secode":"2010000613","divitype":"A","taxfdividendbh":0.0,"taxcdividend":0.54,"divibegdate":"20110808","summarize":"10派0.6"},{"bonusimpdate":"20100519","bonusyear":"2009","cur":"人民币","bonusskratio":null,"tranaddskraio":null,"recorddate":"20100524","exrightdate":"20100525","cdividend":0.6,"fdividendbh":0.0,"tranaddsklistdate":null,"bonussklistdate":null,"tranaddskaccday":null,"bonusskaccday":null,"symbol":null,"secode":"2010000613","divitype":"A","taxfdividendbh":0.0,"taxcdividend":0.54,"divibegdate":"20100528","summarize":"10派0.6"},{"bonusimpdate":"20090603","bonusyear":"2008","cur":"人民币","bonusskratio":null,"tranaddskraio":null,"recorddate":"20090608","exrightdate":"20090609","cdividend":0.65,"fdividendbh":0.0,"tranaddsklistdate":null,"bonussklistdate":null,"tranaddskaccday":null,"bonusskaccday":null,"symbol":null,"secode":"2010000613","divitype":"A","taxfdividendbh":0.0,"taxcdividend":0.585,"divibegdate":"20090616","summarize":"10派0.65"},{"bonusimpdate":"20070515","bonusyear":"2006","cur":"人民币","bonusskratio":null,"tranaddskraio":null,"recorddate":"20070518","exrightdate":"20070521","cdividend":0.3,"fdividendbh":0.0,"tranaddsklistdate":null,"bonussklistdate":null,"tranaddskaccday":null,"bonusskaccday":null,"symbol":null,"secode":"2010000613","divitype":"A","taxfdividendbh":0.0,"taxcdividend":0.27,"divibegdate":"20070525","summarize":"10派0.3"},{"bonusimpdate":"20060703","bonusyear":"2005","cur":"人民币","bonusskratio":null,"tranaddskraio":null,"recorddate":"20060707","exrightdate":"20060710","cdividend":0.2,"fdividendbh":0.0,"tranaddsklistdate":null,"bonussklistdate":null,"tranaddskaccday":null,"bonusskaccday":null,"symbol":null,"secode":"2010000613","divitype":"A","taxfdividendbh":0.0,"taxcdividend":0.18,"divibegdate":"20060714","summarize":"10派0.2"},{"bonusimpdate":"20000526","bonusyear":"1999","cur":"人民币","bonusskratio":null,"tranaddskraio":null,"recorddate":"20000530","exrightdate":"20000531","cdividend":3.0,"fdividendbh":0.0,"tranaddsklistdate":null,"bonussklistdate":null,"tranaddskaccday":null,"bonusskaccday":null,"symbol":null,"secode":"2010000613","divitype":"A","taxfdividendbh":0.0,"taxcdividend":2.4,"divibegdate":"20000601","summarize":"10派3"},{"bonusimpdate":"19990621","bonusyear":"1998","cur":"人民币","bonusskratio":null,"tranaddskraio":null,"recorddate":"19990624","exrightdate":"19990625","cdividend":2.0,"fdividendbh":0.0,"tranaddsklistdate":null,"bonussklistdate":null,"tranaddskaccday":null,"bonusskaccday":null,"symbol":null,"secode":"2010000613","divitype":"A","taxfdividendbh":0.0,"taxcdividend":1.6,"divibegdate":"19990628","summarize":"10派2"},{"bonusimpdate":"19970613","bonusyear":"1996","cur":"人民币","bonusskratio":null,"tranaddskraio":null,"recorddate":"19970618","exrightdate":"19970619","cdividend":1.2,"fdividendbh":0.0,"tranaddsklistdate":null,"bonussklistdate":null,"tranaddskaccday":null,"bonusskaccday":null,"symbol":null,"secode":"2010000613","divitype":"A","taxfdividendbh":0.0,"taxcdividend":0.0,"divibegdate":"19970702","summarize":"10派1.2"},{"bonusimpdate":"19961118","bonusyear":"1996","cur":"人民币","bonusskratio":null,"tranaddskraio":10.0,"recorddate":"19961121","exrightdate":"19961122","cdividend":null,"fdividendbh":0.0,"tranaddsklistdate":"19961122","bonussklistdate":null,"tranaddskaccday":"19961122","bonusskaccday":null,"symbol":null,"secode":"2010000613","divitype":"C","taxfdividendbh":0.0,"taxcdividend":null,"divibegdate":null,"summarize":"10转10"}]}