{"list": [{"nonoreve": 2181573.95, "unreinveloss": null, "capitalreserve": null, "inteinco": null, "profreturninvest": null, "avaidistshareprof": null, "preferredskdiv": null, "welfare": null, "minysharrigh": null, "otherbizprof": null, "biztotincoitse": null, "capitalizeddivi": null, "realsale": null, "subsidyincome": null, "adjustdate": "20171027", "netpro1itse": null, "enddate": "20170930", "otherdistprof": null, "operprofform": null, "legalsurp": null, "netpro2form": null, "parecompincoamt": 176691387.15, "realsalecost": null, "contress": null, "pounexpe": null, "noncassetsdisl": 2824.46, "parenetp": 176691387.15, "parecompinco": null, "accpolicychg": null, "surrgold": null, "custinco": null, "netprofit": 176691387.15, "proftotform": null, "dilutedeps": 0.49, "valuechgloss": null, "reservefund": null, "asseimpaloss": -2572737.44, "finexpe": -1428097.49, "compnetexpe": null, "biztotincoform": null, "debtrestruloss": null, "earnprem": null, "nonoexpe": 411334.78, "assoinveprof": null, "minysharinco": null, "otherbizcost": null, "supplycurcap": null, "basiceps": 0.49, "biztotcostform": null, "inteexpe": null, "inveinco": 2287835.2, "freesurplu": null, "otherbizinco": null, "totprofit": 231242497.2, "accstacode": "2", "developfund": null, "exchggain": null, "mergeformnetprof": null, "compcode": "80400931", "pouninco": null, "netpro2itse": null, "incotaxexpe": 54551110.05, "othercompinco": null, "biztotcost": 716162510.36, "undisprofit": null, "biztax": 135609932.75, "accestimatechg": null, "bizprofitse": null, "netpro1form": null, "manaexpe": 94193692.31, "dealwithdivi": null, "selldepartgain": null, "deveexpe": null, "begindate": "20170101", "compincoamt": 176691387.15, "proftotitse": null, "undisprofredu": null, "otherinto": null, "publishdate": "20171027", "futuloss": null, "staffaward": null, "perprofit": 229472258.03, "salesexpe": 143297809.14, "bizinco": 941504642.87, "biztotcostitse": null, "minysharincoamt": null, "accstaname": "\u65b0\u4f1a\u8ba1\u51c6\u5219", "reporttype": "100111", "earlyundiprof": null, "bizcost": 347061911.09, "polidiviexpe": null, "reinexpe": null, "biztotinco": 941504642.87, "othersupply": null, "natudisasterloss": null}, {"nonoreve": 1673733.34, "unreinveloss": null, "capitalreserve": null, "inteinco": null, "profreturninvest": null, "avaidistshareprof": null, "preferredskdiv": null, "welfare": null, "minysharrigh": null, "otherbizprof": null, "biztotincoitse": null, "capitalizeddivi": null, "realsale": null, "subsidyincome": null, "adjustdate": "20170728", "netpro1itse": null, "enddate": "20170630", "otherdistprof": null, "operprofform": null, "legalsurp": null, "netpro2form": null, "parecompincoamt": null, "realsalecost": null, "contress": null, "pounexpe": null, "noncassetsdisl": 2824.46, "parenetp": 141808434.52, "parecompinco": null, "accpolicychg": null, "surrgold": null, "custinco": null, "netprofit": 141808434.52, "proftotform": null, "dilutedeps": 0.39, "valuechgloss": null, "reservefund": null, "asseimpaloss": -920400.55, "finexpe": -758164.79, "compnetexpe": null, "biztotincoform": null, "debtrestruloss": null, "earnprem": null, "nonoexpe": 233218.76, "assoinveprof": null, "minysharinco": null, "otherbizcost": null, "supplycurcap": null, "basiceps": 0.39, "biztotcostform": null, "inteexpe": null, "inveinco": 1940903.69, "freesurplu": null, "otherbizinco": null, "totprofit": 187697761.03, "accstacode": "2", "developfund": null, "exchggain": null, "mergeformnetprof": null, "compcode": "80400931", "pouninco": null, "netpro2itse": null, "incotaxexpe": 45889326.51, "othercompinco": null, "biztotcost": 537072960.85, "undisprofit": null, "biztax": 103260248.68, "accestimatechg": null, "bizprofitse": null, "netpro1form": null, "manaexpe": 64361929.5, "dealwithdivi": null, "selldepartgain": null, "deveexpe": null, "begindate": "20170101", "compincoamt": null, "proftotitse": null, "undisprofredu": null, "otherinto": null, "publishdate": "20170728", "futuloss": null, "staffaward": null, "perprofit": 186257246.45, "salesexpe": 105871659.29, "bizinco": 719745013.29, "biztotcostitse": null, "minysharincoamt": null, "accstaname": "\u65b0\u4f1a\u8ba1\u51c6\u5219", "reporttype": "100111", "earlyundiprof": null, "bizcost": 265257688.72, "polidiviexpe": null, "reinexpe": null, "biztotinco": 719745013.29, "othersupply": null, "natudisasterloss": null}, {"nonoreve": 821506.01, "unreinveloss": null, "capitalreserve": null, "inteinco": null, "profreturninvest": null, "avaidistshareprof": null, "preferredskdiv": null, "welfare": null, "minysharrigh": null, "otherbizprof": null, "biztotincoitse": null, "capitalizeddivi": null, "realsale": null, "subsidyincome": null, "adjustdate": "20170429", "netpro1itse": null, "enddate": "20170331", "otherdistprof": null, "operprofform": null, "legalsurp": null, "netpro2form": null, "parecompincoamt": 113655515.22, "realsalecost": null, "contress": null, "pounexpe": null, "noncassetsdisl": 2204.62, "parenetp": 113655515.22, "parecompinco": null, "accpolicychg": null, "surrgold": null, "custinco": null, "netprofit": 113655515.22, "proftotform": null, "dilutedeps": 0.41, "valuechgloss": null, "reservefund": null, "asseimpaloss": -965100.06, "finexpe": -382203.44, "compnetexpe": null, "biztotincoform": null, "debtrestruloss": null, "earnprem": null, "nonoexpe": 25814.32, "assoinveprof": null, "minysharinco": null, "otherbizcost": null, "supplycurcap": null, "basiceps": 0.41, "biztotcostform": null, "inteexpe": null, "inveinco": 872602.74, "freesurplu": null, "otherbizinco": null, "totprofit": 149446675.01, "accstacode": "2", "developfund": null, "exchggain": null, "mergeformnetprof": null, "compcode": "80400931", "pouninco": null, "netpro2itse": null, "incotaxexpe": 35791159.79, "othercompinco": null, "biztotcost": 314384921.57, "undisprofit": null, "biztax": 65543790.62, "accestimatechg": null, "bizprofitse": null, "netpro1form": null, "manaexpe": 25470849.67, "dealwithdivi": null, "selldepartgain": null, "deveexpe": null, "begindate": "20170101", "compincoamt": 113655515.22, "proftotitse": null, "undisprofredu": null, "otherinto": null, "publishdate": "20170429", "futuloss": null, "staffaward": null, "perprofit": 148650983.32, "salesexpe": 55046074.41, "bizinco": 462163302.15, "biztotcostitse": null, "minysharincoamt": null, "accstaname": "\u65b0\u4f1a\u8ba1\u51c6\u5219", "reporttype": "100111", "earlyundiprof": null, "bizcost": 169671510.37, "polidiviexpe": null, "reinexpe": null, "biztotinco": 462163302.15, "othersupply": null, "natudisasterloss": null}, {"nonoreve": 8920827.19, "unreinveloss": null, "capitalreserve": null, "inteinco": null, "profreturninvest": null, "avaidistshareprof": null, "preferredskdiv": null, "welfare": null, "minysharrigh": null, "otherbizprof": null, "biztotincoitse": null, "capitalizeddivi": null, "realsale": null, "subsidyincome": null, "adjustdate": "20170429", "netpro1itse": null, "enddate": "20161231", "otherdistprof": null, "operprofform": null, "legalsurp": null, "netpro2form": null, "parecompincoamt": 221865803.02, "realsalecost": null, "contress": null, "pounexpe": null, "noncassetsdisl": 3753339.05, "parenetp": 221865803.02, "parecompinco": null, "accpolicychg": null, "surrgold": null, "custinco": null, "netprofit": 221865803.02, "proftotform": null, "dilutedeps": 0.85, "valuechgloss": null, "reservefund": null, "asseimpaloss": 2892007.42, "finexpe": 10048785.35, "compnetexpe": null, "biztotincoform": null, "debtrestruloss": null, "earnprem": null, "nonoexpe": 8415997.53, "assoinveprof": null, "minysharinco": null, "otherbizcost": null, "supplycurcap": null, "basiceps": 0.85, "biztotcostform": null, "inteexpe": null, "inveinco": null, "freesurplu": null, "otherbizinco": null, "totprofit": 287301924.51, "accstacode": "2", "developfund": null, "exchggain": null, "mergeformnetprof": null, "compcode": "80400931", "pouninco": null, "netpro2itse": null, "incotaxexpe": 65436121.49, "othercompinco": null, "biztotcost": 990480662.55, "undisprofit": null, "biztax": 191263147.58, "accestimatechg": null, "bizprofitse": null, "netpro1form": null, "manaexpe": 119141836.75, "dealwithdivi": null, "selldepartgain": null, "deveexpe": null, "begindate": "20160101", "compincoamt": 221865803.02, "proftotitse": null, "undisprofredu": null, "otherinto": null, "publishdate": "20170429", "futuloss": null, "staffaward": null, "perprofit": 286797094.85, "salesexpe": 173244700.19, "bizinco": 1277277757.4, "biztotcostitse": null, "minysharincoamt": null, "accstaname": "\u65b0\u4f1a\u8ba1\u51c6\u5219", "reporttype": "100111", "earlyundiprof": null, "bizcost": 493890185.26, "polidiviexpe": null, "reinexpe": null, "biztotinco": 1277277757.4, "othersupply": null, "natudisasterloss": null}, {"nonoreve": 7004754.21, "unreinveloss": null, "capitalreserve": null, "inteinco": null, "profreturninvest": null, "avaidistshareprof": null, "preferredskdiv": null, "welfare": null, "minysharrigh": null, "otherbizprof": null, "biztotincoitse": null, "capitalizeddivi": null, "realsale": null, "subsidyincome": null, "adjustdate": "20161028", "netpro1itse": null, "enddate": "20160930", "otherdistprof": null, "operprofform": null, "legalsurp": null, "netpro2form": null, "parecompincoamt": 160376361.6, "realsalecost": null, "contress": null, "pounexpe": null, "noncassetsdisl": 112312.7, "parenetp": 160376361.6, "parecompinco": null, "accpolicychg": null, "surrgold": null, "custinco": null, "netprofit": 160376361.6, "proftotform": null, "dilutedeps": 0.62, "valuechgloss": null, "reservefund": null, "asseimpaloss": -203349.75, "finexpe": 10413174.92, "compnetexpe": null, "biztotincoform": null, "debtrestruloss": null, "earnprem": null, "nonoexpe": 274096.56, "assoinveprof": null, "minysharinco": null, "otherbizcost": null, "supplycurcap": null, "basiceps": 0.62, "biztotcostform": null, "inteexpe": null, "inveinco": null, "freesurplu": null, "otherbizinco": null, "totprofit": 214630956.11, "accstacode": "2", "developfund": null, "exchggain": null, "mergeformnetprof": null, "compcode": "80400931", "pouninco": null, "netpro2itse": null, "incotaxexpe": 54254594.51, "othercompinco": null, "biztotcost": 718465249.95, "undisprofit": null, "biztax": 132667617.72, "accestimatechg": null, "bizprofitse": null, "netpro1form": null, "manaexpe": 88189088.19, "dealwithdivi": null, "selldepartgain": null, "deveexpe": null, "begindate": "20160101", "compincoamt": 160376361.6, "proftotitse": null, "undisprofredu": null, "otherinto": null, "publishdate": "20161028", "futuloss": null, "staffaward": null, "perprofit": 207900298.46, "salesexpe": 134339590.49, "bizinco": 926365548.41, "biztotcostitse": null, "minysharincoamt": null, "accstaname": "\u65b0\u4f1a\u8ba1\u51c6\u5219", "reporttype": "100111", "earlyundiprof": null, "bizcost": 353059128.38, "polidiviexpe": null, "reinexpe": null, "biztotinco": 926365548.41, "othersupply": null, "natudisasterloss": null}, {"nonoreve": 4340501.66, "unreinveloss": null, "capitalreserve": null, "inteinco": null, "profreturninvest": null, "avaidistshareprof": null, "preferredskdiv": null, "welfare": null, "minysharrigh": null, "otherbizprof": null, "biztotincoitse": null, "capitalizeddivi": null, "realsale": null, "subsidyincome": null, "adjustdate": "20160829", "netpro1itse": null, "enddate": "20160630", "otherdistprof": null, "operprofform": null, "legalsurp": null, "netpro2form": null, "parecompincoamt": 114410747.42, "realsalecost": null, "contress": null, "pounexpe": null, "noncassetsdisl": 112312.7, "parenetp": 114410747.42, "parecompinco": null, "accpolicychg": null, "surrgold": null, "custinco": null, "netprofit": 114410747.42, "proftotform": null, "dilutedeps": 0.47, "valuechgloss": null, "reservefund": null, "asseimpaloss": 391988.91, "finexpe": 10347627.93, "compnetexpe": null, "biztotincoform": null, "debtrestruloss": null, "earnprem": null, "nonoexpe": 262652.11, "assoinveprof": null, "minysharinco": null, "otherbizcost": null, "supplycurcap": null, "basiceps": 0.47, "biztotcostform": null, "inteexpe": null, "inveinco": null, "freesurplu": null, "otherbizinco": null, "totprofit": 156083133.1, "accstacode": "2", "developfund": null, "exchggain": null, "mergeformnetprof": null, "compcode": "80400931", "pouninco": null, "netpro2itse": null, "incotaxexpe": 41672385.68, "othercompinco": null, "biztotcost": 521818444.76, "undisprofit": null, "biztax": 96788873.05, "accestimatechg": null, "bizprofitse": null, "netpro1form": null, "manaexpe": 59358858.0, "dealwithdivi": null, "selldepartgain": null, "deveexpe": null, "begindate": "20160101", "compincoamt": 114410747.42, "proftotitse": null, "undisprofredu": null, "otherinto": null, "publishdate": "20160829", "futuloss": null, "staffaward": null, "perprofit": 152005283.55, "salesexpe": 97008776.35, "bizinco": 673823728.31, "biztotcostitse": null, "minysharincoamt": null, "accstaname": "\u65b0\u4f1a\u8ba1\u51c6\u5219", "reporttype": "100111", "earlyundiprof": null, "bizcost": 257922320.52, "polidiviexpe": null, "reinexpe": null, "biztotinco": 673823728.31, "othersupply": null, "natudisasterloss": null}, {"nonoreve": 3512134.66, "unreinveloss": null, "capitalreserve": null, "inteinco": null, "profreturninvest": null, "avaidistshareprof": null, "preferredskdiv": null, "welfare": null, "minysharrigh": null, "otherbizprof": null, "biztotincoitse": null, "capitalizeddivi": null, "realsale": null, "subsidyincome": null, "adjustdate": "20160422", "netpro1itse": null, "enddate": "20160331", "otherdistprof": null, "operprofform": null, "legalsurp": null, "netpro2form": null, "parecompincoamt": 92393437.73, "realsalecost": null, "contress": null, "pounexpe": null, "noncassetsdisl": null, "parenetp": 92393437.73, "parecompinco": null, "accpolicychg": null, "surrgold": null, "custinco": null, "netprofit": 92393437.73, "proftotform": null, "dilutedeps": 0.4, "valuechgloss": null, "reservefund": null, "asseimpaloss": -669653.3, "finexpe": 5695364.5, "compnetexpe": null, "biztotincoform": null, "debtrestruloss": null, "earnprem": null, "nonoexpe": 515.68, "assoinveprof": null, "minysharinco": null, "otherbizcost": null, "supplycurcap": null, "basiceps": 0.4, "biztotcostform": null, "inteexpe": null, "inveinco": null, "freesurplu": null, "otherbizinco": null, "totprofit": 123969474.9, "accstacode": "2", "developfund": null, "exchggain": null, "mergeformnetprof": null, "compcode": "80400931", "pouninco": null, "netpro2itse": null, "incotaxexpe": 31576037.17, "othercompinco": null, "biztotcost": 324406390.37, "undisprofit": null, "biztax": 62608698.79, "accestimatechg": null, "bizprofitse": null, "netpro1form": null, "manaexpe": 29341143.92, "dealwithdivi": null, "selldepartgain": null, "deveexpe": null, "begindate": "20160101", "compincoamt": 92393437.73, "proftotitse": null, "undisprofredu": null, "otherinto": null, "publishdate": "20160422", "futuloss": null, "staffaward": null, "perprofit": 120457855.92, "salesexpe": 60176896.07, "bizinco": 444864246.29, "biztotcostitse": null, "minysharincoamt": null, "accstaname": "\u65b0\u4f1a\u8ba1\u51c6\u5219", "reporttype": "100111", "earlyundiprof": null, "bizcost": 167253940.39, "polidiviexpe": null, "reinexpe": null, "biztotinco": 444864246.29, "othersupply": null, "natudisasterloss": null}, {"nonoreve": 3272882.72, "unreinveloss": null, "capitalreserve": null, "inteinco": null, "profreturninvest": null, "avaidistshareprof": null, "preferredskdiv": null, "welfare": null, "minysharrigh": null, "otherbizprof": null, "biztotincoitse": null, "capitalizeddivi": null, "realsale": null, "subsidyincome": null, "adjustdate": "20160222", "netpro1itse": null, "enddate": "20151231", "otherdistprof": null, "operprofform": null, "legalsurp": null, "netpro2form": null, "parecompincoamt": 165805813.64, "realsalecost": null, "contress": null, "pounexpe": null, "noncassetsdisl": 3663478.26, "parenetp": 165805813.64, "parecompinco": null, "accpolicychg": null, "surrgold": null, "custinco": null, "netprofit": 165805813.64, "proftotform": null, "dilutedeps": 0.79, "valuechgloss": null, "reservefund": null, "asseimpaloss": 2380055.64, "finexpe": 22544079.2, "compnetexpe": null, "biztotincoform": null, "debtrestruloss": null, "earnprem": null, "nonoexpe": 3842596.46, "assoinveprof": null, "minysharinco": null, "otherbizcost": null, "supplycurcap": null, "basiceps": 0.79, "biztotcostform": null, "inteexpe": null, "inveinco": null, "freesurplu": null, "otherbizinco": null, "totprofit": 210543640.3, "accstacode": "2", "developfund": null, "exchggain": null, "mergeformnetprof": null, "compcode": "80400931", "pouninco": null, "netpro2itse": null, "incotaxexpe": 44737826.66, "othercompinco": null, "biztotcost": 971297499.77, "undisprofit": null, "biztax": 186798445.79, "accestimatechg": null, "bizprofitse": null, "netpro1form": null, "manaexpe": 104968785.09, "dealwithdivi": null, "selldepartgain": null, "deveexpe": null, "begindate": "20150101", "compincoamt": 165805813.64, "proftotitse": null, "undisprofredu": null, "otherinto": null, "publishdate": "20160222", "futuloss": null, "staffaward": null, "perprofit": 211113354.04, "salesexpe": 182835749.35, "bizinco": 1182410853.81, "biztotcostitse": null, "minysharincoamt": null, "accstaname": "\u65b0\u4f1a\u8ba1\u51c6\u5219", "reporttype": "100111", "earlyundiprof": null, "bizcost": 471770384.7, "polidiviexpe": null, "reinexpe": null, "biztotinco": 1182410853.81, "othersupply": null, "natudisasterloss": null}, {"nonoreve": 2026251.22, "unreinveloss": null, "capitalreserve": null, "inteinco": null, "profreturninvest": null, "avaidistshareprof": null, "preferredskdiv": null, "welfare": null, "minysharrigh": null, "otherbizprof": null, "biztotincoitse": null, "capitalizeddivi": null, "realsale": null, "subsidyincome": null, "adjustdate": "20161028", "netpro1itse": null, "enddate": "20150930", "otherdistprof": null, "operprofform": null, "legalsurp": null, "netpro2form": null, "parecompincoamt": 117121690.03, "realsalecost": null, "contress": null, "pounexpe": null, "noncassetsdisl": null, "parenetp": 117121690.03, "parecompinco": null, "accpolicychg": null, "surrgold": null, "custinco": null, "netprofit": 117121690.03, "proftotform": null, "dilutedeps": 0.56, "valuechgloss": null, "reservefund": null, "asseimpaloss": 189161.07, "finexpe": 13811663.26, "compnetexpe": null, "biztotincoform": null, "debtrestruloss": null, "earnprem": null, "nonoexpe": 178376.75, "assoinveprof": null, "minysharinco": null, "otherbizcost": null, "supplycurcap": null, "basiceps": 0.56, "biztotcostform": null, "inteexpe": null, "inveinco": null, "freesurplu": null, "otherbizinco": null, "totprofit": 150211870.56, "accstacode": "2", "developfund": null, "exchggain": null, "mergeformnetprof": null, "compcode": "80400931", "pouninco": null, "netpro2itse": null, "incotaxexpe": 33090180.53, "othercompinco": null, "biztotcost": 673932713.5, "undisprofit": null, "biztax": 131847689.28, "accestimatechg": null, "bizprofitse": null, "netpro1form": null, "manaexpe": 71628598.3, "dealwithdivi": null, "selldepartgain": null, "deveexpe": null, "begindate": "20150101", "compincoamt": 117121690.03, "proftotitse": null, "undisprofredu": null, "otherinto": null, "publishdate": "20161028", "futuloss": null, "staffaward": null, "perprofit": 148363996.09, "salesexpe": 129394302.35, "bizinco": 822296709.59, "biztotcostitse": null, "minysharincoamt": null, "accstaname": "\u65b0\u4f1a\u8ba1\u51c6\u5219", "reporttype": "100111", "earlyundiprof": null, "bizcost": 327061299.24, "polidiviexpe": null, "reinexpe": null, "biztotinco": 822296709.59, "othersupply": null, "natudisasterloss": null}, {"nonoreve": 1224975.92, "unreinveloss": null, "capitalreserve": null, "inteinco": null, "profreturninvest": null, "avaidistshareprof": null, "preferredskdiv": null, "welfare": null, "minysharrigh": null, "otherbizprof": null, "biztotincoitse": null, "capitalizeddivi": null, "realsale": null, "subsidyincome": null, "adjustdate": "20160829", "netpro1itse": null, "enddate": "20150630", "otherdistprof": null, "operprofform": null, "legalsurp": null, "netpro2form": null, "parecompincoamt": 77596205.26, "realsalecost": null, "contress": null, "pounexpe": null, "noncassetsdisl": null, "parenetp": 77596205.26, "parecompinco": null, "accpolicychg": null, "surrgold": null, "custinco": null, "netprofit": 77596205.26, "proftotform": null, "dilutedeps": 0.32, "valuechgloss": null, "reservefund": null, "asseimpaloss": 47912.86, "finexpe": 10356544.79, "compnetexpe": null, "biztotincoform": null, "debtrestruloss": null, "earnprem": null, "nonoexpe": 100000.0, "assoinveprof": null, "minysharinco": null, "otherbizcost": null, "supplycurcap": null, "basiceps": 0.32, "biztotcostform": null, "inteexpe": null, "inveinco": null, "freesurplu": null, "otherbizinco": null, "totprofit": 102469029.81, "accstacode": "2", "developfund": null, "exchggain": null, "mergeformnetprof": null, "compcode": "80400931", "pouninco": null, "netpro2itse": null, "incotaxexpe": 24872824.55, "othercompinco": null, "biztotcost": 480096952.74, "undisprofit": null, "biztax": 94792922.04, "accestimatechg": null, "bizprofitse": null, "netpro1form": null, "manaexpe": 49618495.92, "dealwithdivi": null, "selldepartgain": null, "deveexpe": null, "begindate": "20150101", "compincoamt": 77596205.26, "proftotitse": null, "undisprofredu": null, "otherinto": null, "publishdate": "20160829", "futuloss": null, "staffaward": null, "perprofit": 101344053.89, "salesexpe": 89763086.06, "bizinco": 581441006.63, "biztotcostitse": null, "minysharincoamt": null, "accstaname": "\u65b0\u4f1a\u8ba1\u51c6\u5219", "reporttype": "100111", "earlyundiprof": null, "bizcost": 235517991.07, "polidiviexpe": null, "reinexpe": null, "biztotinco": 581441006.63, "othersupply": null, "natudisasterloss": null}, {"nonoreve": 576914.11, "unreinveloss": null, "capitalreserve": null, "inteinco": null, "profreturninvest": null, "avaidistshareprof": null, "preferredskdiv": null, "welfare": null, "minysharrigh": null, "otherbizprof": null, "biztotincoitse": null, "capitalizeddivi": null, "realsale": null, "subsidyincome": null, "adjustdate": "20160422", "netpro1itse": null, "enddate": "20150331", "otherdistprof": null, "operprofform": null, "legalsurp": null, "netpro2form": null, "parecompincoamt": 69563855.3, "realsalecost": null, "contress": null, "pounexpe": null, "noncassetsdisl": null, "parenetp": 69563855.3, "parecompinco": null, "accpolicychg": null, "surrgold": null, "custinco": null, "netprofit": 69563855.3, "proftotform": null, "dilutedeps": 0.33, "valuechgloss": null, "reservefund": null, "asseimpaloss": 342876.62, "finexpe": 3675918.29, "compnetexpe": null, "biztotincoform": null, "debtrestruloss": null, "earnprem": null, "nonoexpe": null, "assoinveprof": null, "minysharinco": null, "otherbizcost": null, "supplycurcap": null, "basiceps": 0.33, "biztotcostform": null, "inteexpe": null, "inveinco": null, "freesurplu": null, "otherbizinco": null, "totprofit": 88668441.13, "accstacode": "2", "developfund": null, "exchggain": null, "mergeformnetprof": null, "compcode": "80400931", "pouninco": null, "netpro2itse": null, "incotaxexpe": 19104585.83, "othercompinco": null, "biztotcost": 271194160.68, "undisprofit": null, "biztax": 57443036.92, "accestimatechg": null, "bizprofitse": null, "netpro1form": null, "manaexpe": 23887214.97, "dealwithdivi": null, "selldepartgain": null, "deveexpe": null, "begindate": "20150101", "compincoamt": 69563855.3, "proftotitse": null, "undisprofredu": null, "otherinto": null, "publishdate": "20160422", "futuloss": null, "staffaward": null, "perprofit": 88091527.02, "salesexpe": 42452678.87, "bizinco": 359285687.7, "biztotcostitse": null, "minysharincoamt": null, "accstaname": "\u65b0\u4f1a\u8ba1\u51c6\u5219", "reporttype": "100111", "earlyundiprof": null, "bizcost": 143392435.01, "polidiviexpe": null, "reinexpe": null, "biztotinco": 359285687.7, "othersupply": null, "natudisasterloss": null}, {"nonoreve": 7166871.17, "unreinveloss": null, "capitalreserve": null, "inteinco": null, "profreturninvest": null, "avaidistshareprof": null, "preferredskdiv": null, "welfare": null, "minysharrigh": null, "otherbizprof": null, "biztotincoitse": null, "capitalizeddivi": null, "realsale": null, "subsidyincome": null, "adjustdate": "20160222", "netpro1itse": null, "enddate": "20141231", "otherdistprof": null, "operprofform": null, "legalsurp": null, "netpro2form": null, "parecompincoamt": 124714095.23, "realsalecost": null, "contress": null, "pounexpe": null, "noncassetsdisl": 1979905.17, "parenetp": 124714095.23, "parecompinco": null, "accpolicychg": null, "surrgold": null, "custinco": null, "netprofit": 124714095.23, "proftotform": null, "dilutedeps": 0.59, "valuechgloss": null, "reservefund": null, "asseimpaloss": 703403.57, "finexpe": 20964893.62, "compnetexpe": null, "biztotincoform": null, "debtrestruloss": null, "earnprem": null, "nonoexpe": 2097905.17, "assoinveprof": null, "minysharinco": null, "otherbizcost": null, "supplycurcap": null, "basiceps": 0.59, "biztotcostform": null, "inteexpe": null, "inveinco": 210947.94, "freesurplu": null, "otherbizinco": null, "totprofit": 156130624.76, "accstacode": "2", "developfund": null, "exchggain": null, "mergeformnetprof": null, "compcode": "80400931", "pouninco": null, "netpro2itse": null, "incotaxexpe": 31416529.53, "othercompinco": null, "biztotcost": 862024780.61, "undisprofit": null, "biztax": 167785893.46, "accestimatechg": null, "bizprofitse": null, "netpro1form": null, "manaexpe": 86523509.61, "dealwithdivi": null, "selldepartgain": null, "deveexpe": null, "begindate": "20140101", "compincoamt": 124714095.23, "proftotitse": null, "undisprofredu": null, "otherinto": null, "publishdate": "20160222", "futuloss": null, "staffaward": null, "perprofit": 151061658.76, "salesexpe": 152037394.67, "bizinco": 1012875491.43, "biztotcostitse": null, "minysharincoamt": null, "accstaname": "\u65b0\u4f1a\u8ba1\u51c6\u5219", "reporttype": "100111", "earlyundiprof": null, "bizcost": 434009685.68, "polidiviexpe": null, "reinexpe": null, "biztotinco": 1012875491.43, "othersupply": null, "natudisasterloss": null}, {"nonoreve": 5776626.38, "unreinveloss": null, "capitalreserve": null, "inteinco": null, "profreturninvest": null, "avaidistshareprof": null, "preferredskdiv": null, "welfare": null, "minysharrigh": null, "otherbizprof": null, "biztotincoitse": null, "capitalizeddivi": null, "realsale": null, "subsidyincome": null, "adjustdate": "20160222", "netpro1itse": null, "enddate": "20131231", "otherdistprof": null, "operprofform": null, "legalsurp": null, "netpro2form": null, "parecompincoamt": 108447349.22, "realsalecost": null, "contress": null, "pounexpe": null, "noncassetsdisl": null, "parenetp": 108447349.22, "parecompinco": null, "accpolicychg": null, "surrgold": null, "custinco": null, "netprofit": 108447349.22, "proftotform": null, "dilutedeps": 0.52, "valuechgloss": null, "reservefund": null, "asseimpaloss": 7397107.64, "finexpe": 19857006.84, "compnetexpe": null, "biztotincoform": null, "debtrestruloss": null, "earnprem": null, "nonoexpe": 1503646.48, "assoinveprof": null, "minysharinco": null, "otherbizcost": null, "supplycurcap": null, "basiceps": 0.52, "biztotcostform": null, "inteexpe": null, "inveinco": 171780.82, "freesurplu": null, "otherbizinco": null, "totprofit": 141506436.86, "accstacode": "2", "developfund": null, "exchggain": null, "mergeformnetprof": null, "compcode": "80400931", "pouninco": null, "netpro2itse": null, "incotaxexpe": 33059087.64, "othercompinco": null, "biztotcost": 956021016.62, "undisprofit": null, "biztax": 190643116.64, "accestimatechg": null, "bizprofitse": null, "netpro1form": null, "manaexpe": 78503300.51, "dealwithdivi": null, "selldepartgain": null, "deveexpe": null, "begindate": "20130101", "compincoamt": 108447349.22, "proftotitse": null, "undisprofredu": null, "otherinto": null, "publishdate": "20160222", "futuloss": null, "staffaward": null, "perprofit": 137233456.96, "salesexpe": 163606460.82, "bizinco": 1093082692.76, "biztotcostitse": null, "minysharincoamt": null, "accstaname": "\u65b0\u4f1a\u8ba1\u51c6\u5219", "reporttype": "100111", "earlyundiprof": null, "bizcost": 496014024.17, "polidiviexpe": null, "reinexpe": null, "biztotinco": 1093082692.76, "othersupply": null, "natudisasterloss": null}, {"nonoreve": 4213928.62, "unreinveloss": null, "capitalreserve": null, "inteinco": null, "profreturninvest": null, "avaidistshareprof": null, "preferredskdiv": null, "welfare": null, "minysharrigh": null, "otherbizprof": null, "biztotincoitse": null, "capitalizeddivi": null, "realsale": null, "subsidyincome": null, "adjustdate": "20140505", "netpro1itse": null, "enddate": "20121231", "otherdistprof": null, "operprofform": null, "legalsurp": null, "netpro2form": null, "parecompincoamt": 106447022.47, "realsalecost": null, "contress": null, "pounexpe": null, "noncassetsdisl": null, "parenetp": 106447022.47, "parecompinco": null, "accpolicychg": null, "surrgold": null, "custinco": null, "netprofit": 106447022.47, "proftotform": null, "dilutedeps": 0.58, "valuechgloss": null, "reservefund": null, "asseimpaloss": -1313089.94, "finexpe": 26225093.29, "compnetexpe": null, "biztotincoform": null, "debtrestruloss": null, "earnprem": null, "nonoexpe": 762660.76, "assoinveprof": null, "minysharinco": null, "otherbizcost": null, "supplycurcap": null, "basiceps": 0.58, "biztotcostform": null, "inteexpe": null, "inveinco": null, "freesurplu": null, "otherbizinco": null, "totprofit": 164232603.77, "accstacode": "2", "developfund": null, "exchggain": null, "mergeformnetprof": null, "compcode": "80400931", "pouninco": null, "netpro2itse": null, "incotaxexpe": 57785581.3, "othercompinco": null, "biztotcost": 814802593.7, "undisprofit": null, "biztax": 151791097.5, "accestimatechg": null, "bizprofitse": null, "netpro1form": null, "manaexpe": 65231148.61, "dealwithdivi": null, "selldepartgain": null, "deveexpe": null, "begindate": "20120101", "compincoamt": 106447022.47, "proftotitse": null, "undisprofredu": null, "otherinto": null, "publishdate": "20140505", "futuloss": null, "staffaward": null, "perprofit": 160781335.91, "salesexpe": 143928837.45, "bizinco": 975583929.61, "biztotcostitse": null, "minysharincoamt": null, "accstaname": "\u65b0\u4f1a\u8ba1\u51c6\u5219", "reporttype": "100111", "earlyundiprof": null, "bizcost": 428939506.79, "polidiviexpe": null, "reinexpe": null, "biztotinco": 975583929.61, "othersupply": null, "natudisasterloss": null}, {"nonoreve": 2130433.48, "unreinveloss": null, "capitalreserve": null, "inteinco": null, "profreturninvest": null, "avaidistshareprof": null, "preferredskdiv": null, "welfare": null, "minysharrigh": null, "otherbizprof": null, "biztotincoitse": null, "capitalizeddivi": null, "realsale": null, "subsidyincome": null, "adjustdate": "20140505", "netpro1itse": null, "enddate": "20111231", "otherdistprof": null, "operprofform": null, "legalsurp": null, "netpro2form": null, "parecompincoamt": 85349826.06, "realsalecost": null, "contress": null, "pounexpe": null, "noncassetsdisl": 37649.68, "parenetp": 85349826.06, "parecompinco": null, "accpolicychg": null, "surrgold": null, "custinco": null, "netprofit": 85349826.06, "proftotform": null, "dilutedeps": null, "valuechgloss": null, "reservefund": null, "asseimpaloss": 1528768.17, "finexpe": 20021557.96, "compnetexpe": null, "biztotincoform": null, "debtrestruloss": null, "earnprem": null, "nonoexpe": 161105.31, "assoinveprof": null, "minysharinco": null, "otherbizcost": null, "supplycurcap": null, "basiceps": null, "biztotcostform": null, "inteexpe": null, "inveinco": null, "freesurplu": null, "otherbizinco": null, "totprofit": 114819366.02, "accstacode": "2", "developfund": null, "exchggain": null, "mergeformnetprof": null, "compcode": "80400931", "pouninco": null, "netpro2itse": null, "incotaxexpe": 29469539.96, "othercompinco": null, "biztotcost": 573332578.63, "undisprofit": null, "biztax": 117736729.61, "accestimatechg": null, "bizprofitse": null, "netpro1form": null, "manaexpe": 40769716.23, "dealwithdivi": null, "selldepartgain": null, "deveexpe": null, "begindate": "20110101", "compincoamt": 85349826.06, "proftotitse": null, "undisprofredu": null, "otherinto": null, "publishdate": "20140505", "futuloss": null, "staffaward": null, "perprofit": 112850037.85, "salesexpe": 97073221.0, "bizinco": 686182616.48, "biztotcostitse": null, "minysharincoamt": null, "accstaname": "\u65b0\u4f1a\u8ba1\u51c6\u5219", "reporttype": "100111", "earlyundiprof": null, "bizcost": 296202585.66, "polidiviexpe": null, "reinexpe": null, "biztotinco": 686182616.48, "othersupply": null, "natudisasterloss": null}], "comptype": 4, "name": "\u91d1\u5fbd\u9152"}