{"SH600048":{"symbol":"SH600048","exchange":"SH","code":"600048","name":"保利地产","current":"13.93","percentage":"-1.0","change":"-0.14","open":"13.86","high":"14.03","low":"13.71","close":"13.93","last_close":"14.07","high52week":"18.74","low52week":"8.77","volume":"9.0616692E7","lot_volume":"906166.92","volumeAverage":"133707595","marketCapital":"1.6518808397973E11","eps":"0.7","pe_ttm":"10.532","pe_lyr":"10.532","beta":"0.0","totalShares":"11858441061","time":"Tue Mar 20 14:59:59 +0800 2018","afterHours":"0.0","afterHoursPct":"0.0","afterHoursChg":"0.0","updateAt":"1516104000450","dividend":"0.32","yield":"2.3","turnover_rate":"0.77%","instOwn":"0.0","rise_stop":"15.48","fall_stop":"12.66","currency_unit":"CNY","amount":"1.25573884E9","net_assets":"7.9414","hasexist":"","has_warrant":"0","type":"11","flag":"1","rest_day":"","amplitude":"2.27%","market_status":"已收盘","lot_size":"100","min_order_quantity":"0","max_order_quantity":"0","tick_size":"0.01","variable_tick_size":"","kzz_stock_symbol":"","kzz_stock_name":"","kzz_stock_current":"0.0","kzz_convert_price":"0.0","kzz_covert_value":"0.0","kzz_cpr":"0.0","kzz_putback_price":"0.0","kzz_convert_time":"","kzz_redempt_price":"0.0","kzz_straight_price":"0.0","kzz_stock_percent":"","pb":"1.75","benefit_before_tax":"0.0","benefit_after_tax":"0.0","convert_bond_ratio":"","totalissuescale":"","outstandingamt":"","maturitydate":"","remain_year":"","convertrate":"0.0","interestrtmemo":"","release_date":"","circulation":"0.0","par_value":"0.0","due_time":"0.0","value_date":"","due_date":"","publisher":"","redeem_type":"T","issue_type":"1","bond_type":"","warrant":"","sale_rrg":"","rate":"","after_hour_vol":"0","float_shares":"11736340938","float_market_capital":"1.6348722926634E11","disnext_pay_date":"","convert_rate":"0.0","volume_ratio":"0.95","percent5m":"0.0","pankou_ratio":"3.65%","psr":"1.1539"}}