{"SH600305":{"symbol":"SH600305","exchange":"SH","code":"600305","name":"恒顺醋业","current":"10.63","percentage":"0.38","change":"0.04","open":"10.62","high":"10.75","low":"10.58","close":"10.63","last_close":"10.59","high52week":"13.58","low52week":"9.09","volume":"5505380.0","lot_volume":"55053.8","volumeAverage":"5262327","marketCapital":"6.40710494E9","eps":"0.24","pe_ttm":"32.315","pe_lyr":"37.598","beta":"0.0","totalShares":"602738000","time":"Fri Mar 09 14:59:50 +0800 2018","afterHours":"0.0","afterHoursPct":"0.0","afterHoursChg":"0.0","afterHoursTime":"Wed Oct 19 21:59:01 -0400 2011","updateAt":"1510223585133","dividend":"0.08","yield":"0.75","turnover_rate":"0.91%","instOwn":"0.0","rise_stop":"11.65","fall_stop":"9.53","currency_unit":"CNY","amount":"5.8731657E7","net_assets":"2.7626","hasexist":"","has_warrant":"0","type":"11","flag":"1","rest_day":"","amplitude":"1.61%","market_status":"休市","lot_size":"100","min_order_quantity":"0","max_order_quantity":"0","tick_size":"0.01","variable_tick_size":"","kzz_stock_symbol":"","kzz_stock_name":"","kzz_stock_current":"0.0","kzz_convert_price":"0.0","kzz_covert_value":"0.0","kzz_cpr":"0.0","kzz_putback_price":"0.0","kzz_convert_time":"","kzz_redempt_price":"0.0","kzz_straight_price":"0.0","kzz_stock_percent":"","pb":"3.85","benefit_before_tax":"0.0","benefit_after_tax":"0.0","convert_bond_ratio":"","totalissuescale":"","outstandingamt":"","maturitydate":"","remain_year":"","convertrate":"0.0","interestrtmemo":"","release_date":"","circulation":"0.0","par_value":"0.0","due_time":"0.0","value_date":"","due_date":"","publisher":"","redeem_type":"F","issue_type":"1","bond_type":"","warrant":"","sale_rrg":"","rate":"","after_hour_vol":"0","float_shares":"602738000","float_market_capital":"6.40710494E9","disnext_pay_date":"","convert_rate":"0.0","volume_ratio":"1.11","percent5m":"-0.09","pankou_ratio":"-6.23%","psr":"4.2539"}}