{"SZ002078":{"symbol":"SZ002078","exchange":"SZ","code":"002078","name":"太阳纸业","current":"11.76","percentage":"3.16","change":"0.36","open":"11.34","high":"11.77","low":"11.28","close":"11.76","last_close":"11.4","high52week":"12.88","low52week":"6.19","volume":"2.4259548E7","lot_volume":"242595.48","volumeAverage":"43797080","marketCapital":"3.048880239888E10","eps":"0.54","pe_ttm":"15.26","pe_lyr":"15.26","beta":"0.0","totalShares":"2592585238","time":"Tue Mar 20 15:04:03 +0800 2018","afterHours":"0.0","afterHoursPct":"0.0","afterHoursChg":"0.0","afterHoursTime":"Wed Oct 19 21:59:01 -0400 2011","updateAt":"1510122831473","dividend":"0.05","yield":"0.43","turnover_rate":"0.96%","instOwn":"0.0","rise_stop":"12.54","fall_stop":"10.26","currency_unit":"CNY","amount":"2.8140081562E8","net_assets":"3.6126","hasexist":"","has_warrant":"0","type":"11","flag":"1","rest_day":"","amplitude":"4.30%","market_status":"已收盘","lot_size":"100","min_order_quantity":"0","max_order_quantity":"0","tick_size":"0.01","variable_tick_size":"","kzz_stock_symbol":"","kzz_stock_name":"","kzz_stock_current":"0.0","kzz_convert_price":"0.0","kzz_covert_value":"0.0","kzz_cpr":"0.0","kzz_putback_price":"0.0","kzz_convert_time":"","kzz_redempt_price":"0.0","kzz_straight_price":"0.0","kzz_stock_percent":"","pb":"3.26","benefit_before_tax":"0.0","benefit_after_tax":"0.0","convert_bond_ratio":"","totalissuescale":"","outstandingamt":"","maturitydate":"","remain_year":"","convertrate":"0.0","interestrtmemo":"","release_date":"","circulation":"0.0","par_value":"0.0","due_time":"0.0","value_date":"","due_date":"","publisher":"","redeem_type":"T","issue_type":"3","bond_type":"","warrant":"","sale_rrg":"","rate":"","after_hour_vol":"0","float_shares":"2530094312","float_market_capital":"2.975390910912E10","disnext_pay_date":"","convert_rate":"0.0","volume_ratio":"1.05","percent5m":"0.17","pankou_ratio":"-52.4%","psr":"1.6975"}}