{"list":[{"bonusimpdate":"20170621","bonusyear":"2016","cur":"人民币","bonusskratio":null,"tranaddskraio":null,"recorddate":"20170627","exrightdate":"20170628","cdividend":0.5,"fdividendbh":0.0,"tranaddsklistdate":null,"bonussklistdate":null,"tranaddskaccday":null,"bonusskaccday":null,"symbol":null,"secode":"2010001521","divitype":"A","taxfdividendbh":0.0,"taxcdividend":0.5,"divibegdate":"20170628","summarize":"10派0.5"},{"bonusimpdate":"20160706","bonusyear":"2015","cur":"人民币","bonusskratio":null,"tranaddskraio":null,"recorddate":"20160712","exrightdate":"20160713","cdividend":0.5,"fdividendbh":0.0,"tranaddsklistdate":null,"bonussklistdate":null,"tranaddskaccday":null,"bonusskaccday":null,"symbol":null,"secode":"2010001521","divitype":"A","taxfdividendbh":0.0,"taxcdividend":0.5,"divibegdate":"20160713","summarize":"10派0.5"},{"bonusimpdate":"20150704","bonusyear":"2014","cur":"人民币","bonusskratio":null,"tranaddskraio":null,"recorddate":"20150709","exrightdate":"20150710","cdividend":0.5,"fdividendbh":0.0,"tranaddsklistdate":null,"bonussklistdate":null,"tranaddskaccday":null,"bonusskaccday":null,"symbol":null,"secode":"2010001521","divitype":"A","taxfdividendbh":0.0,"taxcdividend":0.475,"divibegdate":"20150710","summarize":"10派0.5"},{"bonusimpdate":"20140515","bonusyear":"2013","cur":"人民币","bonusskratio":null,"tranaddskraio":10.0,"recorddate":"20140521","exrightdate":"20140522","cdividend":1.0,"fdividendbh":0.0,"tranaddsklistdate":"20140522","bonussklistdate":null,"tranaddskaccday":"20140522","bonusskaccday":null,"symbol":null,"secode":"2010001521","divitype":"AC","taxfdividendbh":0.0,"taxcdividend":0.95,"divibegdate":"20140522","summarize":"10转10派1"},{"bonusimpdate":"20130702","bonusyear":"2012","cur":"人民币","bonusskratio":null,"tranaddskraio":null,"recorddate":"20130709","exrightdate":"20130710","cdividend":1.0,"fdividendbh":0.0,"tranaddsklistdate":null,"bonussklistdate":null,"tranaddskaccday":null,"bonusskaccday":null,"symbol":null,"secode":"2010001521","divitype":"A","taxfdividendbh":0.0,"taxcdividend":0.95,"divibegdate":"20130710","summarize":"10派1"},{"bonusimpdate":"20120628","bonusyear":"2011","cur":"人民币","bonusskratio":null,"tranaddskraio":null,"recorddate":"20120705","exrightdate":"20120706","cdividend":1.0,"fdividendbh":0.0,"tranaddsklistdate":null,"bonussklistdate":null,"tranaddskaccday":null,"bonusskaccday":null,"symbol":null,"secode":"2010001521","divitype":"A","taxfdividendbh":0.0,"taxcdividend":0.9,"divibegdate":"20120706","summarize":"10派1"},{"bonusimpdate":"20110704","bonusyear":"2010","cur":"人民币","bonusskratio":null,"tranaddskraio":null,"recorddate":"20110711","exrightdate":"20110712","cdividend":1.5,"fdividendbh":0.0,"tranaddsklistdate":null,"bonussklistdate":null,"tranaddskaccday":null,"bonusskaccday":null,"symbol":null,"secode":"2010001521","divitype":"A","taxfdividendbh":0.0,"taxcdividend":1.35,"divibegdate":"20110712","summarize":"10派1.5"},{"bonusimpdate":"20100605","bonusyear":"2009","cur":"人民币","bonusskratio":4.0,"tranaddskraio":6.0,"recorddate":"20100610","exrightdate":"20100611","cdividend":2.0,"fdividendbh":0.0,"tranaddsklistdate":"20100611","bonussklistdate":"20100611","tranaddskaccday":"20100611","bonusskaccday":"20100611","symbol":null,"secode":"2010001521","divitype":"ABC","taxfdividendbh":0.0,"taxcdividend":1.4,"divibegdate":"20100611","summarize":"10送4转6派2"},{"bonusimpdate":"20090603","bonusyear":"2008","cur":"人民币","bonusskratio":null,"tranaddskraio":null,"recorddate":"20090610","exrightdate":"20090611","cdividend":2.0,"fdividendbh":0.0,"tranaddsklistdate":null,"bonussklistdate":null,"tranaddskaccday":null,"bonusskaccday":null,"symbol":null,"secode":"2010001521","divitype":"A","taxfdividendbh":0.0,"taxcdividend":1.8,"divibegdate":"20090611","summarize":"10派2"},{"bonusimpdate":"20080612","bonusyear":"2007","cur":"人民币","bonusskratio":null,"tranaddskraio":4.0,"recorddate":"20080618","exrightdate":"20080619","cdividend":1.0,"fdividendbh":0.0,"tranaddsklistdate":"20080619","bonussklistdate":null,"tranaddskaccday":"20080619","bonusskaccday":null,"symbol":null,"secode":"2010001521","divitype":"AC","taxfdividendbh":0.0,"taxcdividend":0.9,"divibegdate":"20080619","summarize":"10转4派1"},{"bonusimpdate":"20070601","bonusyear":"2006","cur":"人民币","bonusskratio":1.0,"tranaddskraio":2.0,"recorddate":"20070607","exrightdate":"20070608","cdividend":0.12,"fdividendbh":0.0,"tranaddsklistdate":"20070608","bonussklistdate":"20070608","tranaddskaccday":"20070608","bonusskaccday":"20070608","symbol":null,"secode":"2010001521","divitype":"ABC","taxfdividendbh":0.0,"taxcdividend":0.008,"divibegdate":"20070608","summarize":"10送1转2派0.12"}]}