{"list":[{"bonusimpdate":"20170504","bonusyear":"2016","cur":"人民币","bonusskratio":null,"tranaddskraio":3.0,"recorddate":"20170509","exrightdate":"20170510","cdividend":5.0,"fdividendbh":0.0,"tranaddsklistdate":"20170510","bonussklistdate":null,"tranaddskaccday":"20170510","bonusskaccday":null,"symbol":null,"secode":"2010004297","divitype":"AC","taxfdividendbh":0.0,"taxcdividend":5.0,"divibegdate":"20170510","summarize":"10转3派5"},{"bonusimpdate":"20160526","bonusyear":"2015","cur":"人民币","bonusskratio":null,"tranaddskraio":5.0,"recorddate":"20160601","exrightdate":"20160602","cdividend":6.0,"fdividendbh":0.0,"tranaddsklistdate":"20160602","bonussklistdate":null,"tranaddskaccday":"20160602","bonusskaccday":null,"symbol":null,"secode":"2010004297","divitype":"AC","taxfdividendbh":0.0,"taxcdividend":6.0,"divibegdate":"20160602","summarize":"10转5派6"},{"bonusimpdate":"20150508","bonusyear":"2014","cur":"人民币","bonusskratio":null,"tranaddskraio":5.0,"recorddate":"20150513","exrightdate":"20150514","cdividend":5.0,"fdividendbh":0.0,"tranaddsklistdate":"20150514","bonussklistdate":null,"tranaddskaccday":"20150514","bonusskaccday":null,"symbol":null,"secode":"2010004297","divitype":"AC","taxfdividendbh":0.0,"taxcdividend":4.75,"divibegdate":"20150514","summarize":"10转5派5"},{"bonusimpdate":"20140510","bonusyear":"2013","cur":"人民币","bonusskratio":null,"tranaddskraio":2.5,"recorddate":"20140515","exrightdate":"20140516","cdividend":5.0,"fdividendbh":0.0,"tranaddsklistdate":"20140516","bonussklistdate":null,"tranaddskaccday":"20140516","bonusskaccday":null,"symbol":null,"secode":"2010004297","divitype":"AC","taxfdividendbh":0.0,"taxcdividend":4.75,"divibegdate":"20140516","summarize":"10转2.5派5"},{"bonusimpdate":"20130510","bonusyear":"2012","cur":"人民币","bonusskratio":null,"tranaddskraio":null,"recorddate":"20130516","exrightdate":"20130517","cdividend":3.0,"fdividendbh":0.0,"tranaddsklistdate":null,"bonussklistdate":null,"tranaddskaccday":null,"bonusskaccday":null,"symbol":null,"secode":"2010004297","divitype":"A","taxfdividendbh":0.0,"taxcdividend":2.85,"divibegdate":"20130517","summarize":"10派3"},{"bonusimpdate":"20120420","bonusyear":"2011","cur":"人民币","bonusskratio":null,"tranaddskraio":null,"recorddate":"20120425","exrightdate":"20120426","cdividend":2.0,"fdividendbh":0.0,"tranaddsklistdate":null,"bonussklistdate":null,"tranaddskaccday":null,"bonusskaccday":null,"symbol":null,"secode":"2010004297","divitype":"A","taxfdividendbh":0.0,"taxcdividend":1.8,"divibegdate":"20120426","summarize":"10派2"},{"bonusimpdate":"20110506","bonusyear":"2010","cur":"人民币","bonusskratio":null,"tranaddskraio":6.0,"recorddate":"20110512","exrightdate":"20110513","cdividend":3.0,"fdividendbh":0.0,"tranaddsklistdate":"20110513","bonussklistdate":null,"tranaddskaccday":"20110513","bonusskaccday":null,"symbol":null,"secode":"2010004297","divitype":"AC","taxfdividendbh":0.0,"taxcdividend":2.7,"divibegdate":"20110513","summarize":"10转6派3"}]}