{"SZ002508":{"symbol":"SZ002508","exchange":"SZ","code":"002508","name":"老板电器","current":"37.90","percentage":"-2.52","change":"-0.98","open":"38.65","high":"38.68","low":"37.0","close":"37.9","last_close":"38.88","high52week":"54.5","low52week":"34.78","volume":"1.8127552E7","lot_volume":"181275.52","volumeAverage":"3938518","marketCapital":"3.59683440675E10","eps":"1.01","pe_ttm":"24.8","pe_lyr":"24.8","beta":"0.0","totalShares":"949032825","time":"Tue Mar 20 15:04:03 +0800 2018","afterHours":"0.0","afterHoursPct":"0.0","afterHoursChg":"0.0","afterHoursTime":"Wed Oct 19 21:59:01 -0400 2011","updateAt":"1513762258763","dividend":"0.5","yield":"1.32","turnover_rate":"1.96%","instOwn":"0.0","rise_stop":"42.77","fall_stop":"34.99","currency_unit":"CNY","amount":"6.8445956645E8","net_assets":"5.0136","hasexist":"","has_warrant":"0","type":"11","flag":"1","rest_day":"","amplitude":"4.32%","market_status":"已收盘","lot_size":"100","min_order_quantity":"0","max_order_quantity":"0","tick_size":"0.01","variable_tick_size":"","kzz_stock_symbol":"","kzz_stock_name":"","kzz_stock_current":"0.0","kzz_convert_price":"0.0","kzz_covert_value":"0.0","kzz_cpr":"0.0","kzz_putback_price":"0.0","kzz_convert_time":"","kzz_redempt_price":"0.0","kzz_straight_price":"0.0","kzz_stock_percent":"","pb":"7.56","benefit_before_tax":"0.0","benefit_after_tax":"0.0","convert_bond_ratio":"","totalissuescale":"","outstandingamt":"","maturitydate":"","remain_year":"","convertrate":"0.0","interestrtmemo":"","release_date":"","circulation":"0.0","par_value":"0.0","due_time":"0.0","value_date":"","due_date":"","publisher":"","redeem_type":"T","issue_type":"3","bond_type":"","warrant":"","sale_rrg":"","rate":"","after_hour_vol":"0","float_shares":"926223990","float_market_capital":"3.5103889221E10","disnext_pay_date":"","convert_rate":"0.0","volume_ratio":"1.28","percent5m":"0.13","pankou_ratio":"55.15%","psr":"5.2915"}}