{"list":[{"bonusimpdate":"20171129","bonusyear":"2017","cur":"人民币","bonusskratio":null,"tranaddskraio":null,"recorddate":"20171204","exrightdate":"20171205","cdividend":6.0,"fdividendbh":0.0,"tranaddsklistdate":null,"bonussklistdate":null,"tranaddskaccday":null,"bonusskaccday":null,"symbol":null,"secode":"2010001685","divitype":"A","taxfdividendbh":0.0,"taxcdividend":6.0,"divibegdate":"20171205","summarize":"10派6"},{"bonusimpdate":"20160511","bonusyear":"2015","cur":"人民币","bonusskratio":null,"tranaddskraio":null,"recorddate":"20160516","exrightdate":"20160517","cdividend":7.0,"fdividendbh":0.0,"tranaddsklistdate":null,"bonussklistdate":null,"tranaddskaccday":null,"bonusskaccday":null,"symbol":null,"secode":"2010001685","divitype":"A","taxfdividendbh":0.0,"taxcdividend":7.0,"divibegdate":"20160517","summarize":"10派7"},{"bonusimpdate":"20150610","bonusyear":"2014","cur":"人民币","bonusskratio":null,"tranaddskraio":null,"recorddate":"20150616","exrightdate":"20150617","cdividend":6.0,"fdividendbh":0.0,"tranaddsklistdate":null,"bonussklistdate":null,"tranaddskaccday":null,"bonusskaccday":null,"symbol":null,"secode":"2010001685","divitype":"A","taxfdividendbh":0.0,"taxcdividend":5.7,"divibegdate":"20150617","summarize":"10派6"},{"bonusimpdate":"20140425","bonusyear":"2013","cur":"人民币","bonusskratio":null,"tranaddskraio":null,"recorddate":"20140430","exrightdate":"20140505","cdividend":5.0,"fdividendbh":0.0,"tranaddsklistdate":null,"bonussklistdate":null,"tranaddskaccday":null,"bonusskaccday":null,"symbol":null,"secode":"2010001685","divitype":"A","taxfdividendbh":0.0,"taxcdividend":4.75,"divibegdate":"20140505","summarize":"10派5"},{"bonusimpdate":"20130528","bonusyear":"2012","cur":"人民币","bonusskratio":null,"tranaddskraio":null,"recorddate":"20130531","exrightdate":"20130603","cdividend":5.0,"fdividendbh":0.0,"tranaddsklistdate":null,"bonussklistdate":null,"tranaddskaccday":null,"bonusskaccday":null,"symbol":null,"secode":"2010001685","divitype":"A","taxfdividendbh":0.0,"taxcdividend":4.75,"divibegdate":"20130603","summarize":"10派5"},{"bonusimpdate":"20120503","bonusyear":"2011","cur":"人民币","bonusskratio":null,"tranaddskraio":null,"recorddate":"20120509","exrightdate":"20120510","cdividend":1.3,"fdividendbh":0.0,"tranaddsklistdate":null,"bonussklistdate":null,"tranaddskaccday":null,"bonusskaccday":null,"symbol":null,"secode":"2010001685","divitype":"A","taxfdividendbh":0.0,"taxcdividend":1.17,"divibegdate":"20120510","summarize":"10派1.3"},{"bonusimpdate":"20110922","bonusyear":"2011","cur":"人民币","bonusskratio":null,"tranaddskraio":null,"recorddate":"20110928","exrightdate":"20110929","cdividend":7.0,"fdividendbh":0.0,"tranaddsklistdate":null,"bonussklistdate":null,"tranaddskaccday":null,"bonusskaccday":null,"symbol":null,"secode":"2010001685","divitype":"A","taxfdividendbh":0.0,"taxcdividend":6.3,"divibegdate":"20110929","summarize":"10派7"},{"bonusimpdate":"20110427","bonusyear":"2010","cur":"人民币","bonusskratio":null,"tranaddskraio":null,"recorddate":"20110503","exrightdate":"20110504","cdividend":5.0,"fdividendbh":0.0,"tranaddsklistdate":null,"bonussklistdate":null,"tranaddskaccday":null,"bonusskaccday":null,"symbol":null,"secode":"2010001685","divitype":"A","taxfdividendbh":0.0,"taxcdividend":4.5,"divibegdate":"20110504","summarize":"10派5"},{"bonusimpdate":"20100428","bonusyear":"2009","cur":"人民币","bonusskratio":null,"tranaddskraio":5.0,"recorddate":"20100504","exrightdate":"20100505","cdividend":7.0,"fdividendbh":0.0,"tranaddsklistdate":"20100505","bonussklistdate":null,"tranaddskaccday":"20100505","bonusskaccday":null,"symbol":null,"secode":"2010001685","divitype":"AC","taxfdividendbh":0.0,"taxcdividend":6.3,"divibegdate":"20100505","summarize":"10转5派7"},{"bonusimpdate":"20090424","bonusyear":"2008","cur":"人民币","bonusskratio":null,"tranaddskraio":9.0,"recorddate":"20090429","exrightdate":"20090430","cdividend":8.0,"fdividendbh":0.0,"tranaddsklistdate":"20090430","bonussklistdate":null,"tranaddskaccday":"20090430","bonusskaccday":null,"symbol":null,"secode":"2010001685","divitype":"AC","taxfdividendbh":0.0,"taxcdividend":7.2,"divibegdate":"20090430","summarize":"10转9派8"}]}