{"SZ002242":{"symbol":"SZ002242","exchange":"SZ","code":"002242","name":"九阳股份","current":"17.63","percentage":"-0.96","change":"-0.17","open":"17.73","high":"17.79","low":"17.45","close":"17.63","last_close":"17.8","high52week":"20.88","low52week":"15.8","volume":"2128328.0","lot_volume":"21283.28","volumeAverage":"44192533","marketCapital":"1.353121893E10","eps":"0.7","pe_ttm":"19.754","pe_lyr":"19.754","beta":"0.0","totalShares":"767511000","time":"Tue Mar 20 15:04:03 +0800 2018","afterHours":"0.0","afterHoursPct":"0.0","afterHoursChg":"0.0","afterHoursTime":"Wed Oct 19 21:59:01 -0400 2011","updateAt":"1510195852572","dividend":"0.6","yield":"3.4","turnover_rate":"0.28%","instOwn":"0.0","rise_stop":"19.58","fall_stop":"16.02","currency_unit":"CNY","amount":"3.7479617E7","net_assets":"5.2022","hasexist":"","has_warrant":"0","type":"11","flag":"1","rest_day":"","amplitude":"1.91%","market_status":"已收盘","lot_size":"100","min_order_quantity":"0","max_order_quantity":"0","tick_size":"0.01","variable_tick_size":"","kzz_stock_symbol":"","kzz_stock_name":"","kzz_stock_current":"0.0","kzz_convert_price":"0.0","kzz_covert_value":"0.0","kzz_cpr":"0.0","kzz_putback_price":"0.0","kzz_convert_time":"","kzz_redempt_price":"0.0","kzz_straight_price":"0.0","kzz_stock_percent":"","pb":"3.39","benefit_before_tax":"0.0","benefit_after_tax":"0.0","convert_bond_ratio":"","totalissuescale":"","outstandingamt":"","maturitydate":"","remain_year":"","convertrate":"0.0","interestrtmemo":"","release_date":"","circulation":"0.0","par_value":"0.0","due_time":"0.0","value_date":"","due_date":"","publisher":"","redeem_type":"T","issue_type":"3","bond_type":"","warrant":"","sale_rrg":"","rate":"","after_hour_vol":"0","float_shares":"766731000","float_market_capital":"1.351746753E10","disnext_pay_date":"","convert_rate":"0.0","volume_ratio":"0.78","percent5m":"0.17","pankou_ratio":"53.46%","psr":"1.8419"}}