{"SH600004":{"symbol":"SH600004","exchange":"SH","code":"600004","name":"白云机场","current":"13.87","percentage":"1.02","change":"0.14","open":"13.76","high":"13.93","low":"13.66","close":"13.87","last_close":"13.73","high52week":"15.85","low52week":"9.18","volume":"1.2629905E7","lot_volume":"126299.05","volumeAverage":"10537244","marketCapital":"2.870147552918E10","eps":"0.57","pe_ttm":"18.9621","pe_lyr":"20.5915","beta":"0.0","totalShares":"2069320514","time":"Fri Dec 08 14:59:59 +0800 2017","afterHours":"0.0","afterHoursPct":"0.0","afterHoursChg":"0.0","updateAt":"1510122812184","dividend":"0.37","yield":"2.67","turnover_rate":"0.61%","instOwn":"0.0","rise_stop":"15.1","fall_stop":"12.36","currency_unit":"CNY","amount":"1.74631447E8","net_assets":"6.8561","hasexist":"","has_warrant":"0","type":"11","flag":"1","rest_day":"","amplitude":"1.97%","market_status":"已收盘","lot_size":"100","min_order_quantity":"0","max_order_quantity":"0","tick_size":"0.01","variable_tick_size":"","kzz_stock_symbol":"","kzz_stock_name":"","kzz_stock_current":"0.0","kzz_convert_price":"0.0","kzz_covert_value":"0.0","kzz_cpr":"0.0","kzz_putback_price":"0.0","kzz_convert_time":"","kzz_redempt_price":"0.0","kzz_straight_price":"0.0","kzz_stock_percent":"","pb":"2.02","benefit_before_tax":"0.0","benefit_after_tax":"0.0","convert_bond_ratio":"","totalissuescale":"","outstandingamt":"","maturitydate":"","remain_year":"","convertrate":"0.0","interestrtmemo":"","release_date":"","circulation":"0.0","par_value":"0.0","due_time":"0.0","value_date":"","due_date":"","publisher":"","redeem_type":"T","issue_type":"1","bond_type":"","warrant":"","sale_rrg":"","rate":"","after_hour_vol":"0","float_shares":"2069320513","float_market_capital":"2.870147551531E10","disnext_pay_date":"","convert_rate":"0.0","volume_ratio":"1.03","percent5m":"0.0","pankou_ratio":"-45.02%","psr":"4.3815"}}