{"SZ000799":{"symbol":"SZ000799","exchange":"SZ","code":"000799","name":"酒鬼酒","current":"27.17","percentage":"0.82","change":"0.22","open":"26.7","high":"27.64","low":"26.65","close":"27.17","last_close":"26.95","high52week":"32.25","low52week":"16.24","volume":"6008402.0","lot_volume":"60084.02","volumeAverage":"12324789","marketCapital":"8.8283203866E9","eps":"0.36","pe_ttm":"55.3591","pe_lyr":"81.3038","beta":"0.0","totalShares":"324928980","time":"Tue Nov 28 14:23:06 +0800 2017","afterHours":"0.0","afterHoursPct":"0.0","afterHoursChg":"0.0","updateAt":"1510121125776","dividend":"0.11","yield":"0.41","turnover_rate":"2.68%","instOwn":"0.0","rise_stop":"29.65","fall_stop":"24.26","currency_unit":"CNY","amount":"1.63823154E8","net_assets":"5.989","hasexist":"","has_warrant":"0","type":"11","flag":"1","rest_day":"","amplitude":"3.67%","market_status":"交易中","lot_size":"100","min_order_quantity":"0","max_order_quantity":"0","tick_size":"0.01","variable_tick_size":"","kzz_stock_symbol":"","kzz_stock_name":"","kzz_stock_current":"0.0","kzz_convert_price":"0.0","kzz_covert_value":"0.0","kzz_cpr":"0.0","kzz_putback_price":"0.0","kzz_convert_time":"","kzz_redempt_price":"0.0","kzz_straight_price":"0.0","kzz_stock_percent":"","pb":"4.54","benefit_before_tax":"0.0","benefit_after_tax":"0.0","convert_bond_ratio":"","totalissuescale":"","outstandingamt":"","maturitydate":"","remain_year":"","convertrate":"0.0","interestrtmemo":"","release_date":"","circulation":"0.0","par_value":"0.0","due_time":"0.0","value_date":"","due_date":"","publisher":"","redeem_type":"F","issue_type":"3","bond_type":"","warrant":"","sale_rrg":"","rate":"","after_hour_vol":"0","float_shares":"224201689","float_market_capital":"6.09155989013E9","disnext_pay_date":"","convert_rate":"0.0","volume_ratio":"0.51","percent5m":"-0.07","pankou_ratio":"-2.22%","psr":"11.3414"}}