{"SZ002032":{"symbol":"SZ002032","exchange":"SZ","code":"002032","name":"苏泊尔","current":"45.04","percentage":"3.07","change":"1.34","open":"44.0","high":"45.17","low":"43.73","close":"45.04","last_close":"43.7","high52week":"48.0","low52week":"28.55","volume":"1913930.0","lot_volume":"19139.3","volumeAverage":"2315492","marketCapital":"3.69907939544E10","eps":"1.09","pe_ttm":"28.289","pe_lyr":"28.289","beta":"0.0","totalShares":"821287610","time":"Fri Mar 09 15:04:03 +0800 2018","afterHours":"0.0","afterHoursPct":"0.0","afterHoursChg":"0.0","afterHoursTime":"Wed Oct 19 21:59:01 -0400 2011","updateAt":"1513762256807","dividend":"0.77","yield":"1.71","turnover_rate":"0.35%","instOwn":"0.0","rise_stop":"48.07","fall_stop":"39.33","currency_unit":"CNY","amount":"8.529333E7","net_assets":"6.039","hasexist":"","has_warrant":"0","type":"11","flag":"1","rest_day":"","amplitude":"3.30%","market_status":"休市","lot_size":"100","min_order_quantity":"0","max_order_quantity":"0","tick_size":"0.01","variable_tick_size":"","kzz_stock_symbol":"","kzz_stock_name":"","kzz_stock_current":"0.0","kzz_convert_price":"0.0","kzz_covert_value":"0.0","kzz_cpr":"0.0","kzz_putback_price":"0.0","kzz_convert_time":"","kzz_redempt_price":"0.0","kzz_straight_price":"0.0","kzz_stock_percent":"","pb":"7.46","benefit_before_tax":"0.0","benefit_after_tax":"0.0","convert_bond_ratio":"","totalissuescale":"","outstandingamt":"","maturitydate":"","remain_year":"","convertrate":"0.0","interestrtmemo":"","release_date":"","circulation":"0.0","par_value":"0.0","due_time":"0.0","value_date":"","due_date":"","publisher":"","redeem_type":"T","issue_type":"3","bond_type":"","warrant":"","sale_rrg":"","rate":"","after_hour_vol":"0","float_shares":"544222237","float_market_capital":"2.451176955448E10","disnext_pay_date":"","convert_rate":"0.0","volume_ratio":"1.27","percent5m":"0.09","pankou_ratio":"-63.36%","psr":"2.7175"}}