{"list":[{"compcode":"80198461","publishdate":"20171027","begindate":"20170101","enddate":"20170930","reporttype":"100111","adjustdate":"20171027","accstacode":"2","accstaname":"新会计准则","biztotinco":2.39292013546E9,"bizinco":2.39292013546E9,"inteinco":null,"earnprem":null,"pouninco":null,"realsale":null,"otherbizinco":null,"biztotincoitse":null,"biztotincoform":null,"biztotcost":1.44029942183E9,"bizcost":6.9046106095E8,"inteexpe":null,"pounexpe":null,"realsalecost":null,"deveexpe":null,"surrgold":null,"compnetexpe":null,"contress":null,"polidiviexpe":null,"reinexpe":null,"otherbizcost":null,"biztax":2.6603810358E8,"salesexpe":3.5793648673E8,"manaexpe":1.3397061008E8,"finexpe":-9232586.12,"asseimpaloss":1125746.61,"biztotcostitse":null,"biztotcostform":null,"valuechgloss":null,"inveinco":7.937192582E7,"assoinveprof":717904.21,"exchggain":null,"futuloss":null,"custinco":null,"subsidyincome":null,"otherbizprof":null,"bizprofitse":null,"operprofform":null,"perprofit":1.03649085045E9,"nonoreve":2033655.84,"nonoexpe":5242515.39,"noncassetsdisl":571177.29,"proftotitse":null,"proftotform":null,"totprofit":1.0332819909E9,"incotaxexpe":2.5771039447E8,"unreinveloss":null,"netpro1itse":null,"netpro1form":null,"netprofit":7.7557159643E8,"parenetp":7.7581968351E8,"mergeformnetprof":null,"minysharrigh":-248087.08,"netpro2itse":null,"netpro2form":null,"basiceps":0.62,"dilutedeps":0.62,"othercompinco":-4987500.0,"parecompinco":-4987500.0,"minysharinco":null,"compincoamt":7.7058409643E8,"parecompincoamt":7.7083218351E8,"minysharincoamt":-248087.08,"earlyundiprof":null,"undisprofredu":null,"otherinto":null,"otherdistprof":null,"legalsurp":null,"welfare":null,"capitalreserve":null,"staffaward":null,"reservefund":null,"developfund":null,"profreturninvest":null,"supplycurcap":null,"avaidistshareprof":null,"preferredskdiv":null,"freesurplu":null,"dealwithdivi":null,"capitalizeddivi":null,"undisprofit":null,"selldepartgain":null,"natudisasterloss":null,"accpolicychg":null,"accestimatechg":null,"debtrestruloss":null,"othersupply":null},{"compcode":"80198461","publishdate":"20170731","begindate":"20170101","enddate":"20170630","reporttype":"100111","adjustdate":"20170731","accstacode":"2","accstaname":"新会计准则","biztotinco":1.80372186756E9,"bizinco":1.80372186756E9,"inteinco":null,"earnprem":null,"pouninco":null,"realsale":null,"otherbizinco":null,"biztotincoitse":null,"biztotincoform":null,"biztotcost":9.941191087E8,"bizcost":5.2887524981E8,"inteexpe":null,"pounexpe":null,"realsalecost":null,"deveexpe":null,"surrgold":null,"compnetexpe":null,"contress":null,"polidiviexpe":null,"reinexpe":null,"otherbizcost":null,"biztax":1.8117247525E8,"salesexpe":2.1157501748E8,"manaexpe":8.294508652E7,"finexpe":-1.035786297E7,"asseimpaloss":-90857.39,"biztotcostitse":null,"biztotcostform":null,"valuechgloss":0.0,"inveinco":5.202704977E7,"assoinveprof":980376.13,"exchggain":null,"futuloss":null,"custinco":null,"subsidyincome":null,"otherbizprof":null,"bizprofitse":null,"operprofform":null,"perprofit":8.6162980863E8,"nonoreve":4974915.28,"nonoexpe":1153493.19,"noncassetsdisl":535413.35,"proftotitse":null,"proftotform":null,"totprofit":8.6545123072E8,"incotaxexpe":2.1624720309E8,"unreinveloss":null,"netpro1itse":null,"netpro1form":null,"netprofit":6.4920402763E8,"parenetp":6.4933116153E8,"mergeformnetprof":null,"minysharrigh":-127133.9,"netpro2itse":null,"netpro2form":null,"basiceps":0.52,"dilutedeps":0.52,"othercompinco":-1275000.0,"parecompinco":-1275000.0,"minysharinco":null,"compincoamt":6.4792902763E8,"parecompincoamt":6.4805616153E8,"minysharincoamt":-127133.9,"earlyundiprof":null,"undisprofredu":null,"otherinto":null,"otherdistprof":null,"legalsurp":null,"welfare":null,"capitalreserve":null,"staffaward":null,"reservefund":null,"developfund":null,"profreturninvest":null,"supplycurcap":null,"avaidistshareprof":null,"preferredskdiv":null,"freesurplu":null,"dealwithdivi":null,"capitalizeddivi":null,"undisprofit":null,"selldepartgain":null,"natudisasterloss":null,"accpolicychg":null,"accestimatechg":null,"debtrestruloss":null,"othersupply":null},{"compcode":"80198461","publishdate":"20170426","begindate":"20170101","enddate":"20170331","reporttype":"100111","adjustdate":"20170426","accstacode":"2","accstaname":"新会计准则","biztotinco":1.13659681119E9,"bizinco":1.13659681119E9,"inteinco":null,"earnprem":null,"pouninco":null,"realsale":null,"otherbizinco":null,"biztotincoitse":null,"biztotincoform":null,"biztotcost":6.4290915722E8,"bizcost":2.954234139E8,"inteexpe":null,"pounexpe":null,"realsalecost":null,"deveexpe":null,"surrgold":null,"compnetexpe":null,"contress":null,"polidiviexpe":null,"reinexpe":null,"otherbizcost":null,"biztax":1.4328396265E8,"salesexpe":1.6060523499E8,"manaexpe":4.802422329E7,"finexpe":-4451691.06,"asseimpaloss":24013.45,"biztotcostitse":null,"biztotcostform":null,"valuechgloss":null,"inveinco":1.632062532E7,"assoinveprof":null,"exchggain":null,"futuloss":null,"custinco":null,"subsidyincome":null,"otherbizprof":null,"bizprofitse":null,"operprofform":null,"perprofit":5.1000827929E8,"nonoreve":2077025.65,"nonoexpe":394517.78,"noncassetsdisl":368973.1,"proftotitse":null,"proftotform":null,"totprofit":5.1169078716E8,"incotaxexpe":1.2609296797E8,"unreinveloss":null,"netpro1itse":null,"netpro1form":null,"netprofit":3.8559781919E8,"parenetp":3.8533966753E8,"mergeformnetprof":null,"minysharrigh":258151.66,"netpro2itse":null,"netpro2form":null,"basiceps":0.31,"dilutedeps":0.31,"othercompinco":1387500.0,"parecompinco":1387500.0,"minysharinco":null,"compincoamt":3.8698531919E8,"parecompincoamt":3.8672716753E8,"minysharincoamt":258151.66,"earlyundiprof":null,"undisprofredu":null,"otherinto":null,"otherdistprof":null,"legalsurp":null,"welfare":null,"capitalreserve":null,"staffaward":null,"reservefund":null,"developfund":null,"profreturninvest":null,"supplycurcap":null,"avaidistshareprof":null,"preferredskdiv":null,"freesurplu":null,"dealwithdivi":null,"capitalizeddivi":null,"undisprofit":null,"selldepartgain":null,"natudisasterloss":null,"accpolicychg":null,"accestimatechg":null,"debtrestruloss":null,"othersupply":null},{"compcode":"80198461","publishdate":"20170401","begindate":"20160101","enddate":"20161231","reporttype":"100111","adjustdate":"20170401","accstacode":"2","accstaname":"新会计准则","biztotinco":2.55437804706E9,"bizinco":2.55437804706E9,"inteinco":null,"earnprem":null,"pouninco":null,"realsale":null,"otherbizinco":null,"biztotincoitse":null,"biztotincoform":null,"biztotcost":1.63013436194E9,"bizcost":7.4169623957E8,"inteexpe":null,"pounexpe":null,"realsalecost":null,"deveexpe":null,"surrgold":null,"compnetexpe":null,"contress":null,"polidiviexpe":null,"reinexpe":null,"otherbizcost":null,"biztax":2.4543322277E8,"salesexpe":4.6721889076E8,"manaexpe":1.9335063291E8,"finexpe":-1.845471093E7,"asseimpaloss":890086.86,"biztotcostitse":null,"biztotcostform":null,"valuechgloss":null,"inveinco":7.068464669E7,"assoinveprof":36731.93,"exchggain":null,"futuloss":null,"custinco":null,"subsidyincome":null,"otherbizprof":null,"bizprofitse":null,"operprofform":null,"perprofit":9.9492833181E8,"nonoreve":1.696785636E7,"nonoexpe":6139000.68,"noncassetsdisl":479111.35,"proftotitse":null,"proftotform":null,"totprofit":1.00575718749E9,"incotaxexpe":2.5230102455E8,"unreinveloss":null,"netpro1itse":null,"netpro1form":null,"netprofit":7.5345616294E8,"parenetp":7.5416198943E8,"mergeformnetprof":null,"minysharrigh":-705826.49,"netpro2itse":null,"netpro2form":null,"basiceps":0.6,"dilutedeps":0.6,"othercompinco":3.23625E7,"parecompinco":3.23625E7,"minysharinco":null,"compincoamt":7.8581866294E8,"parecompincoamt":7.8652448943E8,"minysharincoamt":-705826.49,"earlyundiprof":null,"undisprofredu":null,"otherinto":null,"otherdistprof":null,"legalsurp":null,"welfare":null,"capitalreserve":null,"staffaward":null,"reservefund":null,"developfund":null,"profreturninvest":null,"supplycurcap":null,"avaidistshareprof":null,"preferredskdiv":null,"freesurplu":null,"dealwithdivi":null,"capitalizeddivi":null,"undisprofit":null,"selldepartgain":null,"natudisasterloss":null,"accpolicychg":null,"accestimatechg":null,"debtrestruloss":null,"othersupply":null},{"compcode":"80198461","publishdate":"20161027","begindate":"20160101","enddate":"20160930","reporttype":"100111","adjustdate":"20161027","accstacode":"2","accstaname":"新会计准则","biztotinco":2.06036398321E9,"bizinco":2.06036398321E9,"inteinco":null,"earnprem":null,"pouninco":null,"realsale":null,"otherbizinco":null,"biztotincoitse":null,"biztotincoform":null,"biztotcost":1.25644592573E9,"bizcost":6.2859400673E8,"inteexpe":null,"pounexpe":null,"realsalecost":null,"deveexpe":null,"surrgold":null,"compnetexpe":null,"contress":null,"polidiviexpe":null,"reinexpe":null,"otherbizcost":null,"biztax":1.7832102017E8,"salesexpe":3.2942378607E8,"manaexpe":1.3597329312E8,"finexpe":-1.583954447E7,"asseimpaloss":-26635.89,"biztotcostitse":null,"biztotcostform":null,"valuechgloss":null,"inveinco":5.775641481E7,"assoinveprof":null,"exchggain":null,"futuloss":null,"custinco":null,"subsidyincome":null,"otherbizprof":null,"bizprofitse":null,"operprofform":null,"perprofit":8.6167447229E8,"nonoreve":8491001.78,"nonoexpe":3459157.62,"noncassetsdisl":68480.58,"proftotitse":null,"proftotform":null,"totprofit":8.6670631645E8,"incotaxexpe":2.2101387248E8,"unreinveloss":null,"netpro1itse":null,"netpro1form":null,"netprofit":6.4569244397E8,"parenetp":6.4647483809E8,"mergeformnetprof":null,"minysharrigh":-782394.12,"netpro2itse":null,"netpro2form":null,"basiceps":0.52,"dilutedeps":0.52,"othercompinco":3.375E7,"parecompinco":3.375E7,"minysharinco":null,"compincoamt":6.7944244397E8,"parecompincoamt":6.8022483809E8,"minysharincoamt":-782394.12,"earlyundiprof":null,"undisprofredu":null,"otherinto":null,"otherdistprof":null,"legalsurp":null,"welfare":null,"capitalreserve":null,"staffaward":null,"reservefund":null,"developfund":null,"profreturninvest":null,"supplycurcap":null,"avaidistshareprof":null,"preferredskdiv":null,"freesurplu":null,"dealwithdivi":null,"capitalizeddivi":null,"undisprofit":null,"selldepartgain":null,"natudisasterloss":null,"accpolicychg":null,"accestimatechg":null,"debtrestruloss":null,"othersupply":null},{"compcode":"80198461","publishdate":"20160820","begindate":"20160101","enddate":"20160630","reporttype":"100111","adjustdate":"20160820","accstacode":"2","accstaname":"新会计准则","biztotinco":1.53848035127E9,"bizinco":1.53848035127E9,"inteinco":null,"earnprem":null,"pouninco":null,"realsale":null,"otherbizinco":null,"biztotincoitse":null,"biztotincoform":null,"biztotcost":8.6802313644E8,"bizcost":4.6523262955E8,"inteexpe":null,"pounexpe":null,"realsalecost":null,"deveexpe":null,"surrgold":null,"compnetexpe":null,"contress":null,"polidiviexpe":null,"reinexpe":null,"otherbizcost":null,"biztax":1.4182437037E8,"salesexpe":1.8629397576E8,"manaexpe":8.932406449E7,"finexpe":-1.474750541E7,"asseimpaloss":95601.68,"biztotcostitse":null,"biztotcostform":null,"valuechgloss":0.0,"inveinco":4.180696176E7,"assoinveprof":null,"exchggain":null,"futuloss":null,"custinco":null,"subsidyincome":null,"otherbizprof":null,"bizprofitse":null,"operprofform":null,"perprofit":7.1226417659E8,"nonoreve":4647827.53,"nonoexpe":1517232.65,"noncassetsdisl":null,"proftotitse":null,"proftotform":null,"totprofit":7.1539477147E8,"incotaxexpe":1.8478385156E8,"unreinveloss":null,"netpro1itse":null,"netpro1form":null,"netprofit":5.3061091991E8,"parenetp":5.3097841459E8,"mergeformnetprof":null,"minysharrigh":-367494.68,"netpro2itse":null,"netpro2form":null,"basiceps":0.42,"dilutedeps":0.42,"othercompinco":null,"parecompinco":null,"minysharinco":null,"compincoamt":5.3061091991E8,"parecompincoamt":5.3097841459E8,"minysharincoamt":-367494.68,"earlyundiprof":null,"undisprofredu":null,"otherinto":null,"otherdistprof":null,"legalsurp":null,"welfare":null,"capitalreserve":null,"staffaward":null,"reservefund":null,"developfund":null,"profreturninvest":null,"supplycurcap":null,"avaidistshareprof":null,"preferredskdiv":null,"freesurplu":null,"dealwithdivi":null,"capitalizeddivi":null,"undisprofit":null,"selldepartgain":null,"natudisasterloss":null,"accpolicychg":null,"accestimatechg":null,"debtrestruloss":null,"othersupply":null},{"compcode":"80198461","publishdate":"20160426","begindate":"20160101","enddate":"20160331","reporttype":"100111","adjustdate":"20160426","accstacode":"2","accstaname":"新会计准则","biztotinco":9.4138014362E8,"bizinco":9.4138014362E8,"inteinco":null,"earnprem":null,"pouninco":null,"realsale":null,"otherbizinco":null,"biztotincoitse":null,"biztotincoform":null,"biztotcost":5.3458147289E8,"bizcost":2.5198910171E8,"inteexpe":null,"pounexpe":null,"realsalecost":null,"deveexpe":null,"surrgold":null,"compnetexpe":null,"contress":null,"polidiviexpe":null,"reinexpe":null,"otherbizcost":null,"biztax":1.1541419537E8,"salesexpe":1.2420280096E8,"manaexpe":4.734716062E7,"finexpe":-4418909.4,"asseimpaloss":47123.63,"biztotcostitse":null,"biztotcostform":null,"valuechgloss":null,"inveinco":9994509.87,"assoinveprof":null,"exchggain":null,"futuloss":null,"custinco":null,"subsidyincome":null,"otherbizprof":null,"bizprofitse":null,"operprofform":null,"perprofit":4.167931806E8,"nonoreve":1429121.78,"nonoexpe":604827.32,"noncassetsdisl":51528.22,"proftotitse":null,"proftotform":null,"totprofit":4.1761747506E8,"incotaxexpe":1.1134551951E8,"unreinveloss":null,"netpro1itse":null,"netpro1form":null,"netprofit":3.0627195555E8,"parenetp":3.0651232041E8,"mergeformnetprof":null,"minysharrigh":-240364.86,"netpro2itse":null,"netpro2form":null,"basiceps":0.61,"dilutedeps":0.61,"othercompinco":null,"parecompinco":null,"minysharinco":null,"compincoamt":3.0627195555E8,"parecompincoamt":3.0651232041E8,"minysharincoamt":-240364.86,"earlyundiprof":null,"undisprofredu":null,"otherinto":null,"otherdistprof":null,"legalsurp":null,"welfare":null,"capitalreserve":null,"staffaward":null,"reservefund":null,"developfund":null,"profreturninvest":null,"supplycurcap":null,"avaidistshareprof":null,"preferredskdiv":null,"freesurplu":null,"dealwithdivi":null,"capitalizeddivi":null,"undisprofit":null,"selldepartgain":null,"natudisasterloss":null,"accpolicychg":null,"accestimatechg":null,"debtrestruloss":null,"othersupply":null},{"compcode":"80198461","publishdate":"20160329","begindate":"20150101","enddate":"20151231","reporttype":"100111","adjustdate":"20160329","accstacode":"2","accstaname":"新会计准则","biztotinco":2.42491930312E9,"bizinco":2.42491930312E9,"inteinco":null,"earnprem":null,"pouninco":null,"realsale":null,"otherbizinco":null,"biztotincoitse":null,"biztotincoform":null,"biztotcost":1.59161903144E9,"bizcost":7.2735488398E8,"inteexpe":null,"pounexpe":null,"realsalecost":null,"deveexpe":null,"surrgold":null,"compnetexpe":null,"contress":null,"polidiviexpe":null,"reinexpe":null,"otherbizcost":null,"biztax":2.5354322599E8,"salesexpe":4.4010243888E8,"manaexpe":1.9405305446E8,"finexpe":-2.420569609E7,"asseimpaloss":771124.22,"biztotcostitse":null,"biztotcostform":null,"valuechgloss":-201677.96,"inveinco":6.393435085E7,"assoinveprof":null,"exchggain":null,"futuloss":null,"custinco":null,"subsidyincome":null,"otherbizprof":null,"bizprofitse":null,"operprofform":null,"perprofit":8.9703294457E8,"nonoreve":8418675.85,"nonoexpe":2693266.49,"noncassetsdisl":745863.37,"proftotitse":null,"proftotform":null,"totprofit":9.0275835393E8,"incotaxexpe":2.2024358226E8,"unreinveloss":null,"netpro1itse":null,"netpro1form":null,"netprofit":6.8251477167E8,"parenetp":6.8525148196E8,"mergeformnetprof":null,"minysharrigh":-2736710.29,"netpro2itse":null,"netpro2form":null,"basiceps":1.37,"dilutedeps":1.37,"othercompinco":null,"parecompinco":null,"minysharinco":null,"compincoamt":6.8251477167E8,"parecompincoamt":6.8525148196E8,"minysharincoamt":-2736710.29,"earlyundiprof":null,"undisprofredu":null,"otherinto":null,"otherdistprof":null,"legalsurp":null,"welfare":null,"capitalreserve":null,"staffaward":null,"reservefund":null,"developfund":null,"profreturninvest":null,"supplycurcap":null,"avaidistshareprof":null,"preferredskdiv":null,"freesurplu":null,"dealwithdivi":null,"capitalizeddivi":null,"undisprofit":null,"selldepartgain":null,"natudisasterloss":null,"accpolicychg":null,"accestimatechg":null,"debtrestruloss":null,"othersupply":null},{"compcode":"80198461","publishdate":"20151027","begindate":"20150101","enddate":"20150930","reporttype":"100111","adjustdate":"20151027","accstacode":"2","accstaname":"新会计准则","biztotinco":1.91175595695E9,"bizinco":1.91175595695E9,"inteinco":null,"earnprem":null,"pouninco":null,"realsale":null,"otherbizinco":null,"biztotincoitse":null,"biztotincoform":null,"biztotcost":1.18590879873E9,"bizcost":5.9392059559E8,"inteexpe":null,"pounexpe":null,"realsalecost":null,"deveexpe":null,"surrgold":null,"compnetexpe":null,"contress":null,"polidiviexpe":null,"reinexpe":null,"otherbizcost":null,"biztax":1.9186907746E8,"salesexpe":3.1886536954E8,"manaexpe":1.2276479006E8,"finexpe":-4.255571171E7,"asseimpaloss":1044677.79,"biztotcostitse":null,"biztotcostform":null,"valuechgloss":-540496.93,"inveinco":3.3195E7,"assoinveprof":null,"exchggain":null,"futuloss":null,"custinco":null,"subsidyincome":null,"otherbizprof":null,"bizprofitse":null,"operprofform":null,"perprofit":7.5850166129E8,"nonoreve":3568992.2,"nonoexpe":1263840.23,"noncassetsdisl":null,"proftotitse":null,"proftotform":null,"totprofit":7.6080681326E8,"incotaxexpe":1.8650987371E8,"unreinveloss":null,"netpro1itse":null,"netpro1form":null,"netprofit":5.7429693955E8,"parenetp":5.7630341966E8,"mergeformnetprof":null,"minysharrigh":-2006480.11,"netpro2itse":null,"netpro2form":null,"basiceps":1.15,"dilutedeps":1.15,"othercompinco":null,"parecompinco":null,"minysharinco":null,"compincoamt":5.7429693955E8,"parecompincoamt":5.7630341966E8,"minysharincoamt":-2006480.11,"earlyundiprof":null,"undisprofredu":null,"otherinto":null,"otherdistprof":null,"legalsurp":null,"welfare":null,"capitalreserve":null,"staffaward":null,"reservefund":null,"developfund":null,"profreturninvest":null,"supplycurcap":null,"avaidistshareprof":null,"preferredskdiv":null,"freesurplu":null,"dealwithdivi":null,"capitalizeddivi":null,"undisprofit":null,"selldepartgain":null,"natudisasterloss":null,"accpolicychg":null,"accestimatechg":null,"debtrestruloss":null,"othersupply":null},{"compcode":"80198461","publishdate":"20150825","begindate":"20150101","enddate":"20150630","reporttype":"100111","adjustdate":"20150825","accstacode":"2","accstaname":"新会计准则","biztotinco":1.44259668222E9,"bizinco":1.44259668222E9,"inteinco":null,"earnprem":null,"pouninco":null,"realsale":null,"otherbizinco":null,"biztotincoitse":null,"biztotincoform":null,"biztotcost":8.3909120613E8,"bizcost":4.4739254544E8,"inteexpe":null,"pounexpe":null,"realsalecost":null,"deveexpe":null,"surrgold":null,"compnetexpe":null,"contress":null,"polidiviexpe":null,"reinexpe":null,"otherbizcost":null,"biztax":1.3298208026E8,"salesexpe":1.9802831429E8,"manaexpe":8.345020073E7,"finexpe":-2.399916512E7,"asseimpaloss":1237230.53,"biztotcostitse":null,"biztotcostform":null,"valuechgloss":1266537.59,"inveinco":1.346E7,"assoinveprof":null,"exchggain":null,"futuloss":null,"custinco":null,"subsidyincome":null,"otherbizprof":null,"bizprofitse":null,"operprofform":null,"perprofit":6.1823201368E8,"nonoreve":3444068.12,"nonoexpe":880362.71,"noncassetsdisl":null,"proftotitse":null,"proftotform":null,"totprofit":6.2079571909E8,"incotaxexpe":1.539113473E8,"unreinveloss":null,"netpro1itse":null,"netpro1form":null,"netprofit":4.6688437179E8,"parenetp":4.6828584792E8,"mergeformnetprof":null,"minysharrigh":-1401476.13,"netpro2itse":null,"netpro2form":null,"basiceps":0.93,"dilutedeps":0.93,"othercompinco":null,"parecompinco":null,"minysharinco":null,"compincoamt":4.6688437179E8,"parecompincoamt":4.6828584792E8,"minysharincoamt":-1401476.13,"earlyundiprof":null,"undisprofredu":null,"otherinto":null,"otherdistprof":null,"legalsurp":null,"welfare":null,"capitalreserve":null,"staffaward":null,"reservefund":null,"developfund":null,"profreturninvest":null,"supplycurcap":null,"avaidistshareprof":null,"preferredskdiv":null,"freesurplu":null,"dealwithdivi":null,"capitalizeddivi":null,"undisprofit":null,"selldepartgain":null,"natudisasterloss":null,"accpolicychg":null,"accestimatechg":null,"debtrestruloss":null,"othersupply":null},{"compcode":"80198461","publishdate":"20150430","begindate":"20150101","enddate":"20150331","reporttype":"100111","adjustdate":"20150430","accstacode":"2","accstaname":"新会计准则","biztotinco":8.7367536981E8,"bizinco":8.7367536981E8,"inteinco":null,"earnprem":null,"pouninco":null,"realsale":null,"otherbizinco":null,"biztotincoitse":null,"biztotincoform":null,"biztotcost":5.0972381278E8,"bizcost":2.3933548668E8,"inteexpe":null,"pounexpe":null,"realsalecost":null,"deveexpe":null,"surrgold":null,"compnetexpe":null,"contress":null,"polidiviexpe":null,"reinexpe":null,"otherbizcost":null,"biztax":1.0879662923E8,"salesexpe":1.2881694754E8,"manaexpe":3.983625513E7,"finexpe":-6902451.52,"asseimpaloss":-159054.28,"biztotcostitse":null,"biztotcostform":null,"valuechgloss":null,"inveinco":null,"assoinveprof":null,"exchggain":null,"futuloss":null,"custinco":null,"subsidyincome":null,"otherbizprof":null,"bizprofitse":null,"operprofform":null,"perprofit":3.6395155703E8,"nonoreve":1846985.98,"nonoexpe":455412.76,"noncassetsdisl":1812.76,"proftotitse":null,"proftotform":null,"totprofit":3.6534313025E8,"incotaxexpe":8.900790321E7,"unreinveloss":null,"netpro1itse":null,"netpro1form":null,"netprofit":2.7633522704E8,"parenetp":2.7709315587E8,"mergeformnetprof":null,"minysharrigh":-757928.83,"netpro2itse":null,"netpro2form":null,"basiceps":0.55,"dilutedeps":0.55,"othercompinco":null,"parecompinco":null,"minysharinco":null,"compincoamt":2.7633522704E8,"parecompincoamt":2.7709315587E8,"minysharincoamt":-757928.83,"earlyundiprof":null,"undisprofredu":null,"otherinto":null,"otherdistprof":null,"legalsurp":null,"welfare":null,"capitalreserve":null,"staffaward":null,"reservefund":null,"developfund":null,"profreturninvest":null,"supplycurcap":null,"avaidistshareprof":null,"preferredskdiv":null,"freesurplu":null,"dealwithdivi":null,"capitalizeddivi":null,"undisprofit":null,"selldepartgain":null,"natudisasterloss":null,"accpolicychg":null,"accestimatechg":null,"debtrestruloss":null,"othersupply":null},{"compcode":"80198461","publishdate":"20150403","begindate":"20140101","enddate":"20141231","reporttype":"100111","adjustdate":"20150403","accstacode":"2","accstaname":"新会计准则","biztotinco":2.39973780076E9,"bizinco":2.39973780076E9,"inteinco":null,"earnprem":null,"pouninco":null,"realsale":null,"otherbizinco":null,"biztotincoitse":null,"biztotincoform":null,"biztotcost":1.55235148481E9,"bizcost":7.0566341886E8,"inteexpe":null,"pounexpe":null,"realsalecost":null,"deveexpe":null,"surrgold":null,"compnetexpe":null,"contress":null,"polidiviexpe":null,"reinexpe":null,"otherbizcost":null,"biztax":2.4051056695E8,"salesexpe":4.5309541826E8,"manaexpe":1.797537522E8,"finexpe":-2.741319891E7,"asseimpaloss":741527.45,"biztotcostitse":null,"biztotcostform":null,"valuechgloss":201677.96,"inveinco":725744.02,"assoinveprof":null,"exchggain":null,"futuloss":null,"custinco":null,"subsidyincome":null,"otherbizprof":null,"bizprofitse":null,"operprofform":null,"perprofit":8.4831373793E8,"nonoreve":6527468.69,"nonoexpe":1419300.59,"noncassetsdisl":98042.69,"proftotitse":null,"proftotform":null,"totprofit":8.5342190603E8,"incotaxexpe":2.1135568227E8,"unreinveloss":null,"netpro1itse":null,"netpro1form":null,"netprofit":6.4206622376E8,"parenetp":6.4562333199E8,"mergeformnetprof":null,"minysharrigh":-3557108.23,"netpro2itse":null,"netpro2form":null,"basiceps":1.36,"dilutedeps":1.36,"othercompinco":null,"parecompinco":null,"minysharinco":null,"compincoamt":6.4206622376E8,"parecompincoamt":6.4562333199E8,"minysharincoamt":-3557108.23,"earlyundiprof":null,"undisprofredu":null,"otherinto":null,"otherdistprof":null,"legalsurp":null,"welfare":null,"capitalreserve":null,"staffaward":null,"reservefund":null,"developfund":null,"profreturninvest":null,"supplycurcap":null,"avaidistshareprof":null,"preferredskdiv":null,"freesurplu":null,"dealwithdivi":null,"capitalizeddivi":null,"undisprofit":null,"selldepartgain":null,"natudisasterloss":null,"accpolicychg":null,"accestimatechg":null,"debtrestruloss":null,"othersupply":null},{"compcode":"80198461","publishdate":"20141021","begindate":"20140101","enddate":"20140930","reporttype":"100111","adjustdate":"20141021","accstacode":"2","accstaname":"新会计准则","biztotinco":1.92103983216E9,"bizinco":1.92103983216E9,"inteinco":null,"earnprem":null,"pouninco":null,"realsale":null,"otherbizinco":null,"biztotincoitse":null,"biztotincoform":null,"biztotcost":1.18114887879E9,"bizcost":5.9327654329E8,"inteexpe":null,"pounexpe":null,"realsalecost":null,"deveexpe":null,"surrgold":null,"compnetexpe":null,"contress":null,"polidiviexpe":null,"reinexpe":null,"otherbizcost":null,"biztax":1.8602633853E8,"salesexpe":3.0030267963E8,"manaexpe":1.1919343984E8,"finexpe":-1.873350493E7,"asseimpaloss":1083382.43,"biztotcostitse":null,"biztotcostform":null,"valuechgloss":null,"inveinco":null,"assoinveprof":null,"exchggain":null,"futuloss":null,"custinco":null,"subsidyincome":null,"otherbizprof":null,"bizprofitse":null,"operprofform":null,"perprofit":7.3989095337E8,"nonoreve":5871393.5,"nonoexpe":919101.03,"noncassetsdisl":95625.51,"proftotitse":null,"proftotform":null,"totprofit":7.4484324584E8,"incotaxexpe":1.8232696046E8,"unreinveloss":null,"netpro1itse":null,"netpro1form":null,"netprofit":5.6251628538E8,"parenetp":5.6471992566E8,"mergeformnetprof":null,"minysharrigh":-2203640.28,"netpro2itse":null,"netpro2form":null,"basiceps":1.21,"dilutedeps":1.21,"othercompinco":null,"parecompinco":null,"minysharinco":null,"compincoamt":5.6251628538E8,"parecompincoamt":null,"minysharincoamt":null,"earlyundiprof":null,"undisprofredu":null,"otherinto":null,"otherdistprof":null,"legalsurp":null,"welfare":null,"capitalreserve":null,"staffaward":null,"reservefund":null,"developfund":null,"profreturninvest":null,"supplycurcap":null,"avaidistshareprof":null,"preferredskdiv":null,"freesurplu":null,"dealwithdivi":null,"capitalizeddivi":null,"undisprofit":null,"selldepartgain":null,"natudisasterloss":null,"accpolicychg":null,"accestimatechg":null,"debtrestruloss":null,"othersupply":null},{"compcode":"80198461","publishdate":"20140807","begindate":"20140101","enddate":"20140630","reporttype":"100111","adjustdate":"20140807","accstacode":"2","accstaname":"新会计准则","biztotinco":1.41251311017E9,"bizinco":1.41251311017E9,"inteinco":null,"earnprem":null,"pouninco":null,"realsale":null,"otherbizinco":null,"biztotincoitse":null,"biztotincoform":null,"biztotcost":8.1042468451E8,"bizcost":4.4682042631E8,"inteexpe":null,"pounexpe":null,"realsalecost":null,"deveexpe":null,"surrgold":null,"compnetexpe":null,"contress":null,"polidiviexpe":null,"reinexpe":null,"otherbizcost":null,"biztax":1.3200437475E8,"salesexpe":1.7365393348E8,"manaexpe":7.42032568E7,"finexpe":-1.725804222E7,"asseimpaloss":1000735.39,"biztotcostitse":null,"biztotcostform":null,"valuechgloss":null,"inveinco":null,"assoinveprof":null,"exchggain":null,"futuloss":null,"custinco":null,"subsidyincome":null,"otherbizprof":null,"bizprofitse":null,"operprofform":null,"perprofit":6.0208842566E8,"nonoreve":2217578.31,"nonoexpe":497349.62,"noncassetsdisl":26293.24,"proftotitse":null,"proftotform":null,"totprofit":6.0380865435E8,"incotaxexpe":1.4625966441E8,"unreinveloss":null,"netpro1itse":null,"netpro1form":null,"netprofit":4.5754898994E8,"parenetp":4.5816513666E8,"mergeformnetprof":null,"minysharrigh":-616146.72,"netpro2itse":null,"netpro2form":null,"basiceps":1.02,"dilutedeps":1.02,"othercompinco":null,"parecompinco":null,"minysharinco":null,"compincoamt":4.5754898994E8,"parecompincoamt":4.5816513666E8,"minysharincoamt":-616146.72,"earlyundiprof":null,"undisprofredu":null,"otherinto":null,"otherdistprof":null,"legalsurp":null,"welfare":null,"capitalreserve":null,"staffaward":null,"reservefund":null,"developfund":null,"profreturninvest":null,"supplycurcap":null,"avaidistshareprof":null,"preferredskdiv":null,"freesurplu":null,"dealwithdivi":null,"capitalizeddivi":null,"undisprofit":null,"selldepartgain":null,"natudisasterloss":null,"accpolicychg":null,"accestimatechg":null,"debtrestruloss":null,"othersupply":null},{"compcode":"80198461","publishdate":"20140611","begindate":"20140101","enddate":"20140331","reporttype":"100111","adjustdate":"20140611","accstacode":"2","accstaname":"新会计准则","biztotinco":null,"bizinco":null,"inteinco":null,"earnprem":null,"pouninco":null,"realsale":null,"otherbizinco":null,"biztotincoitse":null,"biztotincoform":null,"biztotcost":null,"bizcost":null,"inteexpe":null,"pounexpe":null,"realsalecost":null,"deveexpe":null,"surrgold":null,"compnetexpe":null,"contress":null,"polidiviexpe":null,"reinexpe":null,"otherbizcost":null,"biztax":null,"salesexpe":null,"manaexpe":null,"finexpe":null,"asseimpaloss":null,"biztotcostitse":null,"biztotcostform":null,"valuechgloss":null,"inveinco":null,"assoinveprof":null,"exchggain":null,"futuloss":null,"custinco":null,"subsidyincome":null,"otherbizprof":null,"bizprofitse":null,"operprofform":null,"perprofit":null,"nonoreve":null,"nonoexpe":null,"noncassetsdisl":null,"proftotitse":null,"proftotform":null,"totprofit":null,"incotaxexpe":null,"unreinveloss":null,"netpro1itse":null,"netpro1form":null,"netprofit":null,"parenetp":2.731236E8,"mergeformnetprof":null,"minysharrigh":null,"netpro2itse":null,"netpro2form":null,"basiceps":null,"dilutedeps":null,"othercompinco":null,"parecompinco":null,"minysharinco":null,"compincoamt":null,"parecompincoamt":null,"minysharincoamt":null,"earlyundiprof":null,"undisprofredu":null,"otherinto":null,"otherdistprof":null,"legalsurp":null,"welfare":null,"capitalreserve":null,"staffaward":null,"reservefund":null,"developfund":null,"profreturninvest":null,"supplycurcap":null,"avaidistshareprof":null,"preferredskdiv":null,"freesurplu":null,"dealwithdivi":null,"capitalizeddivi":null,"undisprofit":null,"selldepartgain":null,"natudisasterloss":null,"accpolicychg":null,"accestimatechg":null,"debtrestruloss":null,"othersupply":null},{"compcode":"80198461","publishdate":"20140611","begindate":"20130101","enddate":"20131231","reporttype":"100111","adjustdate":"20140611","accstacode":"2","accstaname":"新会计准则","biztotinco":2.5154216784E9,"bizinco":2.5154216784E9,"inteinco":null,"earnprem":null,"pouninco":null,"realsale":null,"otherbizinco":null,"biztotincoitse":null,"biztotincoform":null,"biztotcost":1.60691239216E9,"bizcost":7.4000223835E8,"inteexpe":null,"pounexpe":null,"realsalecost":null,"deveexpe":null,"surrgold":null,"compnetexpe":null,"contress":null,"polidiviexpe":null,"reinexpe":null,"otherbizcost":null,"biztax":2.477084624E8,"salesexpe":4.8240668399E8,"manaexpe":1.5304358093E8,"finexpe":-1.611675937E7,"asseimpaloss":-131814.14,"biztotcostitse":null,"biztotcostform":null,"valuechgloss":null,"inveinco":400000.0,"assoinveprof":null,"exchggain":null,"futuloss":null,"custinco":null,"subsidyincome":null,"otherbizprof":null,"bizprofitse":null,"operprofform":null,"perprofit":9.0890928624E8,"nonoreve":8640700.84,"nonoexpe":2934458.17,"noncassetsdisl":705824.32,"proftotitse":null,"proftotform":null,"totprofit":9.1461552891E8,"incotaxexpe":2.345052237E8,"unreinveloss":null,"netpro1itse":null,"netpro1form":null,"netprofit":6.8011030521E8,"parenetp":6.8129744427E8,"mergeformnetprof":null,"minysharrigh":-1187139.06,"netpro2itse":null,"netpro2form":null,"basiceps":1.51,"dilutedeps":1.51,"othercompinco":null,"parecompinco":null,"minysharinco":null,"compincoamt":6.8011030521E8,"parecompincoamt":6.8129744427E8,"minysharincoamt":-1187139.06,"earlyundiprof":null,"undisprofredu":null,"otherinto":null,"otherdistprof":null,"legalsurp":null,"welfare":null,"capitalreserve":null,"staffaward":null,"reservefund":null,"developfund":null,"profreturninvest":null,"supplycurcap":null,"avaidistshareprof":null,"preferredskdiv":null,"freesurplu":null,"dealwithdivi":null,"capitalizeddivi":null,"undisprofit":null,"selldepartgain":null,"natudisasterloss":null,"accpolicychg":null,"accestimatechg":null,"debtrestruloss":null,"othersupply":null},{"compcode":"80198461","publishdate":"20141021","begindate":"20130101","enddate":"20130930","reporttype":"100111","adjustdate":"20141021","accstacode":"2","accstaname":"新会计准则","biztotinco":2.05112585038E9,"bizinco":2.05112585038E9,"inteinco":null,"earnprem":null,"pouninco":null,"realsale":null,"otherbizinco":null,"biztotincoitse":null,"biztotincoform":null,"biztotcost":1.22231567367E9,"bizcost":6.393839336E8,"inteexpe":null,"pounexpe":null,"realsalecost":null,"deveexpe":null,"surrgold":null,"compnetexpe":null,"contress":null,"polidiviexpe":null,"reinexpe":null,"otherbizcost":null,"biztax":1.8551959068E8,"salesexpe":3.0877012869E8,"manaexpe":9.872815935E7,"finexpe":-1.04860855E7,"asseimpaloss":399946.85,"biztotcostitse":null,"biztotcostform":null,"valuechgloss":null,"inveinco":null,"assoinveprof":null,"exchggain":null,"futuloss":null,"custinco":null,"subsidyincome":null,"otherbizprof":null,"bizprofitse":null,"operprofform":null,"perprofit":8.2881017671E8,"nonoreve":4946861.47,"nonoexpe":1421258.88,"noncassetsdisl":620850.27,"proftotitse":null,"proftotform":null,"totprofit":8.323357793E8,"incotaxexpe":2.3345572546E8,"unreinveloss":null,"netpro1itse":null,"netpro1form":null,"netprofit":5.9888005384E8,"parenetp":5.9938253395E8,"mergeformnetprof":null,"minysharrigh":-502480.11,"netpro2itse":null,"netpro2form":null,"basiceps":1.33,"dilutedeps":1.33,"othercompinco":null,"parecompinco":null,"minysharinco":null,"compincoamt":5.9888005385E8,"parecompincoamt":null,"minysharincoamt":null,"earlyundiprof":null,"undisprofredu":null,"otherinto":null,"otherdistprof":null,"legalsurp":null,"welfare":null,"capitalreserve":null,"staffaward":null,"reservefund":null,"developfund":null,"profreturninvest":null,"supplycurcap":null,"avaidistshareprof":null,"preferredskdiv":null,"freesurplu":null,"dealwithdivi":null,"capitalizeddivi":null,"undisprofit":null,"selldepartgain":null,"natudisasterloss":null,"accpolicychg":null,"accestimatechg":null,"debtrestruloss":null,"othersupply":null},{"compcode":"80198461","publishdate":"20140807","begindate":"20130101","enddate":"20130630","reporttype":"100111","adjustdate":"20140807","accstacode":"2","accstaname":"新会计准则","biztotinco":1.52488805241E9,"bizinco":1.52488805241E9,"inteinco":null,"earnprem":null,"pouninco":null,"realsale":null,"otherbizinco":null,"biztotincoitse":null,"biztotincoform":null,"biztotcost":8.5331149003E8,"bizcost":4.6766854997E8,"inteexpe":null,"pounexpe":null,"realsalecost":null,"deveexpe":null,"surrgold":null,"compnetexpe":null,"contress":null,"polidiviexpe":null,"reinexpe":null,"otherbizcost":null,"biztax":1.2655233413E8,"salesexpe":2.0219774754E8,"manaexpe":6.351680685E7,"finexpe":-6977710.5,"asseimpaloss":353762.04,"biztotcostitse":null,"biztotcostform":null,"valuechgloss":null,"inveinco":null,"assoinveprof":null,"exchggain":null,"futuloss":null,"custinco":null,"subsidyincome":null,"otherbizprof":null,"bizprofitse":null,"operprofform":null,"perprofit":6.7157656238E8,"nonoreve":3760756.23,"nonoexpe":253281.92,"noncassetsdisl":null,"proftotitse":null,"proftotform":null,"totprofit":6.7508403669E8,"incotaxexpe":1.8699394559E8,"unreinveloss":null,"netpro1itse":null,"netpro1form":null,"netprofit":4.880900911E8,"parenetp":4.8842392998E8,"mergeformnetprof":null,"minysharrigh":-333838.88,"netpro2itse":null,"netpro2form":null,"basiceps":1.09,"dilutedeps":1.09,"othercompinco":null,"parecompinco":null,"minysharinco":null,"compincoamt":4.880900911E8,"parecompincoamt":4.8842392998E8,"minysharincoamt":-333838.88,"earlyundiprof":null,"undisprofredu":null,"otherinto":null,"otherdistprof":null,"legalsurp":null,"welfare":null,"capitalreserve":null,"staffaward":null,"reservefund":null,"developfund":null,"profreturninvest":null,"supplycurcap":null,"avaidistshareprof":null,"preferredskdiv":null,"freesurplu":null,"dealwithdivi":null,"capitalizeddivi":null,"undisprofit":null,"selldepartgain":null,"natudisasterloss":null,"accpolicychg":null,"accestimatechg":null,"debtrestruloss":null,"othersupply":null},{"compcode":"80198461","publishdate":"20140611","begindate":"20130101","enddate":"20130331","reporttype":"100111","adjustdate":"20140611","accstacode":"2","accstaname":"新会计准则","biztotinco":1.0352666E9,"bizinco":1.0352666E9,"inteinco":null,"earnprem":null,"pouninco":null,"realsale":null,"otherbizinco":null,"biztotincoitse":null,"biztotincoform":null,"biztotcost":3.920832E8,"bizcost":2.894095E8,"inteexpe":null,"pounexpe":null,"realsalecost":null,"deveexpe":null,"surrgold":null,"compnetexpe":null,"contress":null,"polidiviexpe":null,"reinexpe":null,"otherbizcost":null,"biztax":1.026737E8,"salesexpe":null,"manaexpe":null,"finexpe":null,"asseimpaloss":null,"biztotcostitse":null,"biztotcostform":null,"valuechgloss":null,"inveinco":null,"assoinveprof":null,"exchggain":null,"futuloss":null,"custinco":null,"subsidyincome":null,"otherbizprof":null,"bizprofitse":null,"operprofform":null,"perprofit":4.590929E8,"nonoreve":null,"nonoexpe":null,"noncassetsdisl":null,"proftotitse":null,"proftotform":null,"totprofit":4.609735E8,"incotaxexpe":null,"unreinveloss":null,"netpro1itse":null,"netpro1form":null,"netprofit":3.120201E8,"parenetp":3.121219E8,"mergeformnetprof":null,"minysharrigh":null,"netpro2itse":null,"netpro2form":null,"basiceps":null,"dilutedeps":null,"othercompinco":null,"parecompinco":null,"minysharinco":null,"compincoamt":null,"parecompincoamt":null,"minysharincoamt":null,"earlyundiprof":null,"undisprofredu":null,"otherinto":null,"otherdistprof":null,"legalsurp":null,"welfare":null,"capitalreserve":null,"staffaward":null,"reservefund":null,"developfund":null,"profreturninvest":null,"supplycurcap":null,"avaidistshareprof":null,"preferredskdiv":null,"freesurplu":null,"dealwithdivi":null,"capitalizeddivi":null,"undisprofit":null,"selldepartgain":null,"natudisasterloss":null,"accpolicychg":null,"accestimatechg":null,"debtrestruloss":null,"othersupply":null},{"compcode":"80198461","publishdate":"20140611","begindate":"20120101","enddate":"20121231","reporttype":"100111","adjustdate":"20140611","accstacode":"2","accstaname":"新会计准则","biztotinco":2.59375684288E9,"bizinco":2.59375684288E9,"inteinco":null,"earnprem":null,"pouninco":null,"realsale":null,"otherbizinco":null,"biztotincoitse":null,"biztotincoform":null,"biztotcost":1.68715318841E9,"bizcost":7.3314384132E8,"inteexpe":null,"pounexpe":null,"realsalecost":null,"deveexpe":null,"surrgold":null,"compnetexpe":null,"contress":null,"polidiviexpe":null,"reinexpe":null,"otherbizcost":null,"biztax":2.564680305E8,"salesexpe":5.5859696921E8,"manaexpe":1.4791777629E8,"finexpe":-8884311.12,"asseimpaloss":-89117.79,"biztotcostitse":null,"biztotcostform":null,"valuechgloss":null,"inveinco":800000.0,"assoinveprof":null,"exchggain":null,"futuloss":null,"custinco":null,"subsidyincome":null,"otherbizprof":null,"bizprofitse":null,"operprofform":null,"perprofit":9.0740365447E8,"nonoreve":1702651.77,"nonoexpe":3682764.8,"noncassetsdisl":null,"proftotitse":null,"proftotform":null,"totprofit":9.0542354144E8,"incotaxexpe":2.2904806202E8,"unreinveloss":null,"netpro1itse":null,"netpro1form":null,"netprofit":6.7637547942E8,"parenetp":6.7667904313E8,"mergeformnetprof":null,"minysharrigh":-303563.71,"netpro2itse":null,"netpro2form":null,"basiceps":1.5,"dilutedeps":1.5,"othercompinco":null,"parecompinco":null,"minysharinco":null,"compincoamt":6.7637547942E8,"parecompincoamt":6.7667904313E8,"minysharincoamt":-303563.71,"earlyundiprof":null,"undisprofredu":null,"otherinto":null,"otherdistprof":null,"legalsurp":null,"welfare":null,"capitalreserve":null,"staffaward":null,"reservefund":null,"developfund":null,"profreturninvest":null,"supplycurcap":null,"avaidistshareprof":null,"preferredskdiv":null,"freesurplu":null,"dealwithdivi":null,"capitalizeddivi":null,"undisprofit":null,"selldepartgain":null,"natudisasterloss":null,"accpolicychg":null,"accestimatechg":null,"debtrestruloss":null,"othersupply":null},{"compcode":"80198461","publishdate":"20140611","begindate":"20110101","enddate":"20111231","reporttype":"100111","adjustdate":"20140611","accstacode":"2","accstaname":"新会计准则","biztotinco":2.2423378282E9,"bizinco":2.2423378282E9,"inteinco":null,"earnprem":null,"pouninco":null,"realsale":null,"otherbizinco":null,"biztotincoitse":null,"biztotincoform":null,"biztotcost":1.53658499936E9,"bizcost":6.4699120686E8,"inteexpe":null,"pounexpe":null,"realsalecost":null,"deveexpe":null,"surrgold":null,"compnetexpe":null,"contress":null,"polidiviexpe":null,"reinexpe":null,"otherbizcost":null,"biztax":2.3255572058E8,"salesexpe":5.2132130866E8,"manaexpe":1.412756637E8,"finexpe":-6218353.42,"asseimpaloss":659452.98,"biztotcostitse":null,"biztotcostform":null,"valuechgloss":null,"inveinco":null,"assoinveprof":null,"exchggain":null,"futuloss":null,"custinco":null,"subsidyincome":null,"otherbizprof":null,"bizprofitse":null,"operprofform":null,"perprofit":7.0575282884E8,"nonoreve":7980792.94,"nonoexpe":1344182.64,"noncassetsdisl":207901.84,"proftotitse":null,"proftotform":null,"totprofit":7.1238943914E8,"incotaxexpe":1.7923884416E8,"unreinveloss":null,"netpro1itse":null,"netpro1form":null,"netprofit":5.3315059498E8,"parenetp":5.3315059498E8,"mergeformnetprof":null,"minysharrigh":null,"netpro2itse":null,"netpro2form":null,"basiceps":1.18,"dilutedeps":1.18,"othercompinco":null,"parecompinco":null,"minysharinco":null,"compincoamt":5.3315059498E8,"parecompincoamt":5.3315059498E8,"minysharincoamt":null,"earlyundiprof":null,"undisprofredu":null,"otherinto":null,"otherdistprof":null,"legalsurp":null,"welfare":null,"capitalreserve":null,"staffaward":null,"reservefund":null,"developfund":null,"profreturninvest":null,"supplycurcap":null,"avaidistshareprof":null,"preferredskdiv":null,"freesurplu":null,"dealwithdivi":null,"capitalizeddivi":null,"undisprofit":null,"selldepartgain":null,"natudisasterloss":null,"accpolicychg":null,"accestimatechg":null,"debtrestruloss":null,"othersupply":null}],"comptype":4,"name":"今世缘"}