{"SH603369":{"symbol":"SH603369","exchange":"SH","code":"603369","name":"今世缘","current":"16.98","percentage":"0.71","change":"0.12","open":"17.0","high":"17.1","low":"16.82","close":"16.98","last_close":"16.86","high52week":"18.3","low52week":"11.65","volume":"6385768.0","lot_volume":"63857.68","volumeAverage":"3868381","marketCapital":"2.130141E10","eps":"0.62","pe_ttm":"24.11","pe_lyr":"28.245","beta":"0.0","totalShares":"1254500000","time":"Fri Mar 09 14:59:57 +0800 2018","afterHours":"0.0","afterHoursPct":"0.0","afterHoursChg":"0.0","updateAt":"1510209100133","dividend":"0.19","yield":"1.12","turnover_rate":"0.51%","instOwn":"0.0","rise_stop":"18.55","fall_stop":"15.17","currency_unit":"CNY","amount":"1.0824838E8","net_assets":"4.1028","hasexist":"","has_warrant":"0","type":"11","flag":"1","rest_day":"","amplitude":"1.66%","market_status":"休市","lot_size":"100","min_order_quantity":"0","max_order_quantity":"0","tick_size":"0.01","variable_tick_size":"","kzz_stock_symbol":"","kzz_stock_name":"","kzz_stock_current":"0.0","kzz_convert_price":"0.0","kzz_covert_value":"0.0","kzz_cpr":"0.0","kzz_putback_price":"0.0","kzz_convert_time":"","kzz_redempt_price":"0.0","kzz_straight_price":"0.0","kzz_stock_percent":"","pb":"4.14","benefit_before_tax":"0.0","benefit_after_tax":"0.0","convert_bond_ratio":"","totalissuescale":"","outstandingamt":"","maturitydate":"","remain_year":"","convertrate":"0.0","interestrtmemo":"","release_date":"","circulation":"0.0","par_value":"0.0","due_time":"0.0","value_date":"","due_date":"","publisher":"","redeem_type":"T","issue_type":"1","bond_type":"","warrant":"","sale_rrg":"","rate":"","after_hour_vol":"0","float_shares":"1254500000","float_market_capital":"2.130141E10","disnext_pay_date":"","convert_rate":"0.0","volume_ratio":"0.83","percent5m":"-0.06","pankou_ratio":"-56.3%","psr":"7.3786"}}