{"list":[{"compcode":"80198461","publishdate":"20171027","begindate":"20170101","enddate":"20170930","reporttype":"100111","adjustdate":"20171027","accstacode":"2","accstaname":"新会计准则","laborgetcash":2.57925258248E9,"deponetr":null,"bankloannetincr":null,"fininstnetr":null,"inspremcash":null,"insnetc":null,"savinetr":null,"disptradnetincr":null,"charintecash":null,"fdsborrnetr":null,"repnetincr":null,"taxrefd":null,"receotherbizcash":6.972695607E7,"bizinflitse":null,"bizinflform":null,"bizcashinfl":2.64897953855E9,"labopayc":5.7148439488E8,"loansnetr":null,"tradepaymnetr":null,"paycompgold":null,"payintecash":null,"paydivicash":null,"payworkcash":1.7395170467E8,"paytax":8.0438374634E8,"payacticash":4.0710191182E8,"bizoutfitse":null,"bizoutfform":null,"bizcashoutf":1.95692175771E9,"biznetitse":null,"biznetform":null,"mananetr":6.9205778084E8,"withinvgetcash":1.83643042329E9,"inveretugetcash":5.942996818E7,"fixedassetnetc":1200.0,"subsnetc":null,"receinvcash":null,"reducashpled":null,"invinflitse":null,"invinffrom":null,"invcashinfl":1.89586159147E9,"acquassetcash":1.9450016415E8,"invpayc":1.79062904552E9,"loannetr":null,"subspaynetcash":null,"payinvecash":null,"incrcashpled":null,"invoutfitse":null,"invoutfform":null,"invcashoutf":1.98512920967E9,"netinvitse":null,"netinvform":null,"invnetcashflow":-8.92676182E7,"invrececash":null,"subsrececash":null,"recefromloan":1.50917611E8,"issbdrececash":null,"recefincash":8745678.61,"fininflitse":null,"fininflform":null,"fincashinfl":1.5966328961E8,"debtpaycash":1.50917611E8,"diviprofpaycash":2.3729660721E8,"subspaydivid":null,"finrelacash":1.5026011497E8,"finoutfitse":null,"finoutfform":null,"fincashoutf":5.3847433318E8,"finnetitse":null,"finnetform":null,"finnetcflow":-3.7881104357E8,"chgexchgchgs":5.4,"netcashitse":null,"netcashform":null,"cashnetr":2.2397912447E8,"inicashbala":9.948137219E8,"cashfinalitse":null,"cashfinalform":null,"finalcashbala":1.21879284637E9,"netprofit":null,"minysharrigh":null,"unreinveloss":null,"asseimpa":null,"assedepr":null,"realestadep":null,"intaasseamor":null,"longdefeexpenamor":null,"prepexpedecr":null,"accrexpeincr":null,"dispfixedassetloss":null,"fixedassescraloss":null,"valuechgloss":null,"defeincoincr":null,"estidebts":null,"finexpe":null,"inveloss":null,"defetaxassetdecr":null,"defetaxliabincr":null,"inveredu":null,"receredu":null,"payaincr":null,"unseparachg":null,"unfiparachg":null,"other":null,"biznetscheitse":null,"biznetscheform":null,"biznetcflow":null,"debtintocapi":null,"expiconvbd":null,"finfixedasset":null,"cashfinalbala":1.21879284637E9,"cashopenbala":9.948137219E8,"equfinalbala":null,"equopenbala":null,"netcashscheitse":null,"netcashscheform":null,"cashneti":2.2397912447E8},{"compcode":"80198461","publishdate":"20170731","begindate":"20170101","enddate":"20170630","reporttype":"100111","adjustdate":"20170731","accstacode":"2","accstaname":"新会计准则","laborgetcash":1.78068766312E9,"deponetr":null,"bankloannetincr":null,"fininstnetr":null,"inspremcash":null,"insnetc":null,"savinetr":null,"disptradnetincr":null,"charintecash":null,"fdsborrnetr":null,"repnetincr":null,"taxrefd":null,"receotherbizcash":4.169825139E7,"bizinflitse":null,"bizinflform":null,"bizcashinfl":1.82238591451E9,"labopayc":4.1367653036E8,"loansnetr":null,"tradepaymnetr":null,"paycompgold":null,"payintecash":null,"paydivicash":null,"payworkcash":1.2296181913E8,"paytax":5.5030999837E8,"payacticash":2.6140354151E8,"bizoutfitse":null,"bizoutfform":null,"bizcashoutf":1.34835188937E9,"biznetitse":null,"biznetform":null,"mananetr":4.7403402514E8,"withinvgetcash":1.37205E9,"inveretugetcash":3.737835172E7,"fixedassetnetc":1200.0,"subsnetc":null,"receinvcash":null,"reducashpled":null,"invinflitse":null,"invinffrom":null,"invcashinfl":1.40942955172E9,"acquassetcash":1.1791392155E8,"invpayc":1.55562904552E9,"loannetr":null,"subspaynetcash":null,"payinvecash":null,"incrcashpled":null,"invoutfitse":null,"invoutfform":null,"invcashoutf":1.67354296707E9,"netinvitse":null,"netinvform":null,"invnetcashflow":-2.6411341535E8,"invrececash":null,"subsrececash":null,"recefromloan":1.50878821E8,"issbdrececash":null,"recefincash":7655593.73,"fininflitse":null,"fininflform":null,"fincashinfl":1.5853441473E8,"debtpaycash":5.0878621E7,"diviprofpaycash":2.3729660721E8,"subspaydivid":null,"finrelacash":1.5026011497E8,"finoutfitse":null,"finoutfform":null,"fincashoutf":4.3843534318E8,"finnetitse":null,"finnetform":null,"finnetcflow":-2.7990092845E8,"chgexchgchgs":5.4,"netcashitse":null,"netcashform":null,"cashnetr":-6.998031326E7,"inicashbala":9.948137219E8,"cashfinalitse":null,"cashfinalform":null,"finalcashbala":9.2483340864E8,"netprofit":6.4920402763E8,"minysharrigh":null,"unreinveloss":null,"asseimpa":-90857.39,"assedepr":3.265358296E7,"realestadep":null,"intaasseamor":1.38028989E7,"longdefeexpenamor":6112423.74,"prepexpedecr":null,"accrexpeincr":null,"dispfixedassetloss":-255811.55,"fixedassescraloss":null,"valuechgloss":null,"defeincoincr":null,"estidebts":null,"finexpe":-8085593.73,"inveloss":-4.366585172E7,"defetaxassetdecr":6527891.86,"defetaxliabincr":-425000.0,"inveredu":3.012755801E7,"receredu":2.007042409E7,"payaincr":-2.3194166766E8,"unseparachg":null,"unfiparachg":null,"other":0.0,"biznetscheitse":null,"biznetscheform":null,"biznetcflow":4.7403402514E8,"debtintocapi":null,"expiconvbd":null,"finfixedasset":null,"cashfinalbala":9.2483340864E8,"cashopenbala":9.948137219E8,"equfinalbala":0.0,"equopenbala":0.0,"netcashscheitse":null,"netcashscheform":null,"cashneti":-6.998031326E7},{"compcode":"80198461","publishdate":"20170426","begindate":"20170101","enddate":"20170331","reporttype":"100111","adjustdate":"20170426","accstacode":"2","accstaname":"新会计准则","laborgetcash":9.2464691471E8,"deponetr":null,"bankloannetincr":null,"fininstnetr":null,"inspremcash":null,"insnetc":null,"savinetr":null,"disptradnetincr":null,"charintecash":null,"fdsborrnetr":null,"repnetincr":null,"taxrefd":null,"receotherbizcash":1.004010405E7,"bizinflitse":null,"bizinflform":null,"bizcashinfl":9.3468701876E8,"labopayc":2.0448786619E8,"loansnetr":null,"tradepaymnetr":null,"paycompgold":null,"payintecash":null,"paydivicash":null,"payworkcash":7.147774842E7,"paytax":3.2351936845E8,"payacticash":1.4107575929E8,"bizoutfitse":null,"bizoutfform":null,"bizcashoutf":7.4056074235E8,"biznetitse":null,"biznetform":null,"mananetr":1.9412627641E8,"withinvgetcash":8.4105E8,"inveretugetcash":1.128542167E7,"fixedassetnetc":1200.0,"subsnetc":null,"receinvcash":null,"reducashpled":null,"invinflitse":null,"invinffrom":null,"invcashinfl":8.5233662167E8,"acquassetcash":8.080290612E7,"invpayc":9.5562904552E8,"loannetr":null,"subspaynetcash":null,"payinvecash":null,"incrcashpled":null,"invoutfitse":null,"invoutfform":null,"invcashoutf":1.03643195164E9,"netinvitse":null,"netinvform":null,"invnetcashflow":-1.8409532997E8,"invrececash":0.0,"subsrececash":null,"recefromloan":null,"issbdrececash":null,"recefincash":3961071.13,"fininflitse":null,"fininflform":null,"fincashinfl":3961071.13,"debtpaycash":null,"diviprofpaycash":null,"subspaydivid":null,"finrelacash":1.5E8,"finoutfitse":null,"finoutfform":null,"fincashoutf":1.5E8,"finnetitse":null,"finnetform":null,"finnetcflow":-1.4603892887E8,"chgexchgchgs":100.03,"netcashitse":null,"netcashform":null,"cashnetr":-1.360078824E8,"inicashbala":9.948137219E8,"cashfinalitse":null,"cashfinalform":null,"finalcashbala":8.588058395E8,"netprofit":null,"minysharrigh":null,"unreinveloss":null,"asseimpa":null,"assedepr":null,"realestadep":null,"intaasseamor":null,"longdefeexpenamor":null,"prepexpedecr":null,"accrexpeincr":null,"dispfixedassetloss":null,"fixedassescraloss":null,"valuechgloss":null,"defeincoincr":null,"estidebts":null,"finexpe":null,"inveloss":null,"defetaxassetdecr":null,"defetaxliabincr":null,"inveredu":null,"receredu":null,"payaincr":null,"unseparachg":null,"unfiparachg":null,"other":null,"biznetscheitse":null,"biznetscheform":null,"biznetcflow":null,"debtintocapi":null,"expiconvbd":null,"finfixedasset":null,"cashfinalbala":8.588058395E8,"cashopenbala":9.948137219E8,"equfinalbala":null,"equopenbala":null,"netcashscheitse":null,"netcashscheform":null,"cashneti":-1.360078824E8},{"compcode":"80198461","publishdate":"20170401","begindate":"20160101","enddate":"20161231","reporttype":"100111","adjustdate":"20170401","accstacode":"2","accstaname":"新会计准则","laborgetcash":3.04756411629E9,"deponetr":null,"bankloannetincr":null,"fininstnetr":null,"inspremcash":null,"insnetc":null,"savinetr":null,"disptradnetincr":null,"charintecash":null,"fdsborrnetr":null,"repnetincr":null,"taxrefd":null,"receotherbizcash":8.372680692E7,"bizinflitse":null,"bizinflform":null,"bizcashinfl":3.13129092321E9,"labopayc":8.0112336628E8,"loansnetr":null,"tradepaymnetr":null,"paycompgold":null,"payintecash":null,"paydivicash":null,"payworkcash":2.2370822467E8,"paytax":8.3835289342E8,"payacticash":3.4354017754E8,"bizoutfitse":null,"bizoutfform":null,"bizcashoutf":2.20672466191E9,"biznetitse":null,"biznetform":null,"mananetr":9.245662613E8,"withinvgetcash":2.1530963725E9,"inveretugetcash":7.15784949E7,"fixedassetnetc":63610.0,"subsnetc":null,"receinvcash":null,"reducashpled":null,"invinflitse":null,"invinffrom":null,"invcashinfl":2.2247384774E9,"acquassetcash":1.2721376933E8,"invpayc":3.1051610386E9,"loannetr":null,"subspaynetcash":null,"payinvecash":85579.8,"incrcashpled":null,"invoutfitse":null,"invoutfform":null,"invcashoutf":3.23246038773E9,"netinvitse":null,"netinvform":null,"invnetcashflow":-1.00772191033E9,"invrececash":null,"subsrececash":null,"recefromloan":11321.0,"issbdrececash":null,"recefincash":1.572067432E8,"fininflitse":null,"fininflform":null,"fincashinfl":1.572180642E8,"debtpaycash":3.00022855E8,"diviprofpaycash":2.0573800833E8,"subspaydivid":null,"finrelacash":3710074.05,"finoutfitse":null,"finoutfform":null,"fincashoutf":5.0947093738E8,"finnetitse":null,"finnetform":null,"finnetcflow":-3.5225287318E8,"chgexchgchgs":-138.98,"netcashitse":null,"netcashform":null,"cashnetr":-4.3540866119E8,"inicashbala":1.43022238309E9,"cashfinalitse":null,"cashfinalform":null,"finalcashbala":9.948137219E8,"netprofit":7.5345616294E8,"minysharrigh":null,"unreinveloss":null,"asseimpa":890086.86,"assedepr":6.378430424E7,"realestadep":null,"intaasseamor":2.605688242E7,"longdefeexpenamor":1919552.08,"prepexpedecr":null,"accrexpeincr":null,"dispfixedassetloss":449843.85,"fixedassescraloss":null,"valuechgloss":null,"defeincoincr":null,"estidebts":null,"finexpe":2263262.48,"inveloss":-7.068464669E7,"defetaxassetdecr":-2.757677416E7,"defetaxliabincr":1.07875E7,"inveredu":-1.3183162568E8,"receredu":-9164216.0,"payaincr":3.0421592896E8,"unseparachg":null,"unfiparachg":null,"other":null,"biznetscheitse":null,"biznetscheform":null,"biznetcflow":9.245662613E8,"debtintocapi":null,"expiconvbd":null,"finfixedasset":null,"cashfinalbala":9.948137219E8,"cashopenbala":1.43022238309E9,"equfinalbala":null,"equopenbala":null,"netcashscheitse":null,"netcashscheform":null,"cashneti":-4.3540866119E8},{"compcode":"80198461","publishdate":"20161027","begindate":"20160101","enddate":"20160930","reporttype":"100111","adjustdate":"20161027","accstacode":"2","accstaname":"新会计准则","laborgetcash":2.1879564386E9,"deponetr":null,"bankloannetincr":null,"fininstnetr":null,"inspremcash":null,"insnetc":null,"savinetr":null,"disptradnetincr":null,"charintecash":null,"fdsborrnetr":null,"repnetincr":null,"taxrefd":null,"receotherbizcash":7.632287527E7,"bizinflitse":null,"bizinflform":null,"bizcashinfl":2.26427931387E9,"labopayc":5.3315343018E8,"loansnetr":null,"tradepaymnetr":null,"paycompgold":null,"payintecash":null,"paydivicash":null,"payworkcash":1.7069181045E8,"paytax":6.3322128313E8,"payacticash":3.4266749236E8,"bizoutfitse":null,"bizoutfform":null,"bizcashoutf":1.67973401612E9,"biznetitse":null,"biznetform":null,"mananetr":5.8454529775E8,"withinvgetcash":1.525E9,"inveretugetcash":5.463336051E7,"fixedassetnetc":null,"subsnetc":null,"receinvcash":null,"reducashpled":null,"invinflitse":null,"invinffrom":null,"invcashinfl":1.57963336051E9,"acquassetcash":6.901481753E7,"invpayc":1.7490610386E9,"loannetr":null,"subspaynetcash":null,"payinvecash":500200.0,"incrcashpled":null,"invoutfitse":null,"invoutfform":null,"invcashoutf":1.81857605613E9,"netinvitse":null,"netinvform":null,"invnetcashflow":-2.3894269562E8,"invrececash":null,"subsrececash":null,"recefromloan":null,"issbdrececash":null,"recefincash":1.5422799718E8,"fininflitse":null,"fininflform":null,"fincashinfl":1.5422799718E8,"debtpaycash":3.0E8,"diviprofpaycash":2.05738E8,"subspaydivid":null,"finrelacash":1.79733282E7,"finoutfitse":null,"finoutfform":null,"fincashoutf":5.237113282E8,"finnetitse":null,"finnetform":null,"finnetcflow":-3.6948333102E8,"chgexchgchgs":63.29,"netcashitse":null,"netcashform":null,"cashnetr":-2.38806656E7,"inicashbala":1.43422238309E9,"cashfinalitse":null,"cashfinalform":null,"finalcashbala":1.41034171749E9,"netprofit":null,"minysharrigh":null,"unreinveloss":null,"asseimpa":null,"assedepr":null,"realestadep":null,"intaasseamor":null,"longdefeexpenamor":null,"prepexpedecr":null,"accrexpeincr":null,"dispfixedassetloss":null,"fixedassescraloss":null,"valuechgloss":null,"defeincoincr":null,"estidebts":null,"finexpe":null,"inveloss":null,"defetaxassetdecr":null,"defetaxliabincr":null,"inveredu":null,"receredu":null,"payaincr":null,"unseparachg":null,"unfiparachg":null,"other":null,"biznetscheitse":null,"biznetscheform":null,"biznetcflow":null,"debtintocapi":null,"expiconvbd":null,"finfixedasset":null,"cashfinalbala":1.41034171749E9,"cashopenbala":1.43422238309E9,"equfinalbala":null,"equopenbala":null,"netcashscheitse":null,"netcashscheform":null,"cashneti":-2.38806656E7},{"compcode":"80198461","publishdate":"20160820","begindate":"20160101","enddate":"20160630","reporttype":"100111","adjustdate":"20160820","accstacode":"2","accstaname":"新会计准则","laborgetcash":1.52251725245E9,"deponetr":null,"bankloannetincr":null,"fininstnetr":null,"inspremcash":null,"insnetc":null,"savinetr":null,"disptradnetincr":null,"charintecash":null,"fdsborrnetr":null,"repnetincr":null,"taxrefd":null,"receotherbizcash":3.50137525E7,"bizinflitse":null,"bizinflform":null,"bizcashinfl":1.55753100495E9,"labopayc":3.876629793E8,"loansnetr":null,"tradepaymnetr":null,"paycompgold":null,"payintecash":null,"paydivicash":null,"payworkcash":1.2020811791E8,"paytax":4.2671477226E8,"payacticash":2.0327265834E8,"bizoutfitse":null,"bizoutfform":null,"bizcashoutf":1.13785852781E9,"biznetitse":null,"biznetform":null,"mananetr":4.1967247714E8,"withinvgetcash":1.125E9,"inveretugetcash":3.991665491E7,"fixedassetnetc":0.0,"subsnetc":null,"receinvcash":null,"reducashpled":null,"invinflitse":null,"invinffrom":null,"invcashinfl":1.16491665491E9,"acquassetcash":3.419134199E7,"invpayc":9.73206062E8,"loannetr":null,"subspaynetcash":null,"payinvecash":null,"incrcashpled":null,"invoutfitse":500200.0,"invoutfform":null,"invcashoutf":1.00789760399E9,"netinvitse":null,"netinvform":null,"invnetcashflow":1.5701905092E8,"invrececash":0.0,"subsrececash":null,"recefromloan":0.0,"issbdrececash":null,"recefincash":4112714.11,"fininflitse":null,"fininflform":null,"fincashinfl":4112714.11,"debtpaycash":3.0E8,"diviprofpaycash":2.05738E8,"subspaydivid":null,"finrelacash":1.571007405E7,"finoutfitse":null,"finoutfform":null,"fincashoutf":5.2144807405E8,"finnetitse":null,"finnetform":null,"finnetcflow":-5.1733535994E8,"chgexchgchgs":-4.01,"netcashitse":null,"netcashform":null,"cashnetr":5.935616411E7,"inicashbala":1.43022238309E9,"cashfinalitse":null,"cashfinalform":null,"finalcashbala":1.4895785472E9,"netprofit":5.3061091991E8,"minysharrigh":null,"unreinveloss":null,"asseimpa":95601.68,"assedepr":3.115225892E7,"realestadep":null,"intaasseamor":1.275103248E7,"longdefeexpenamor":0.0,"prepexpedecr":null,"accrexpeincr":null,"dispfixedassetloss":68480.58,"fixedassescraloss":null,"valuechgloss":null,"defeincoincr":null,"estidebts":null,"finexpe":-4550973.01,"inveloss":-6307841.1,"defetaxassetdecr":3223714.64,"defetaxliabincr":null,"inveredu":-8854697.89,"receredu":3.678134642E7,"payaincr":-1.7529736549E8,"unseparachg":null,"unfiparachg":null,"other":0.0,"biznetscheitse":null,"biznetscheform":null,"biznetcflow":4.1967247714E8,"debtintocapi":null,"expiconvbd":null,"finfixedasset":null,"cashfinalbala":1.4895785472E9,"cashopenbala":1.43022238309E9,"equfinalbala":null,"equopenbala":null,"netcashscheitse":null,"netcashscheform":null,"cashneti":5.935616411E7},{"compcode":"80198461","publishdate":"20160426","begindate":"20160101","enddate":"20160331","reporttype":"100111","adjustdate":"20160426","accstacode":"2","accstaname":"新会计准则","laborgetcash":8.6716560108E8,"deponetr":null,"bankloannetincr":null,"fininstnetr":null,"inspremcash":null,"insnetc":null,"savinetr":null,"disptradnetincr":null,"charintecash":null,"fdsborrnetr":null,"repnetincr":null,"taxrefd":null,"receotherbizcash":9086295.19,"bizinflitse":null,"bizinflform":null,"bizcashinfl":8.7625189627E8,"labopayc":1.7422600255E8,"loansnetr":null,"tradepaymnetr":null,"paycompgold":null,"payintecash":null,"paydivicash":null,"payworkcash":6.860545605E7,"paytax":2.6071799107E8,"payacticash":1.1135249402E8,"bizoutfitse":null,"bizoutfform":null,"bizcashoutf":6.1490194369E8,"biznetitse":null,"biznetform":null,"mananetr":2.6134995258E8,"withinvgetcash":3.0E8,"inveretugetcash":9994509.87,"fixedassetnetc":null,"subsnetc":null,"receinvcash":null,"reducashpled":null,"invinflitse":null,"invinffrom":null,"invcashinfl":3.0999450987E8,"acquassetcash":1.516557449E7,"invpayc":3.042E8,"loannetr":null,"subspaynetcash":null,"payinvecash":null,"incrcashpled":null,"invoutfitse":null,"invoutfform":null,"invcashoutf":3.1936557449E8,"netinvitse":null,"netinvform":null,"invnetcashflow":-9371064.62,"invrececash":null,"subsrececash":null,"recefromloan":null,"issbdrececash":null,"recefincash":100807.62,"fininflitse":null,"fininflform":null,"fincashinfl":100807.62,"debtpaycash":null,"diviprofpaycash":null,"subspaydivid":null,"finrelacash":null,"finoutfitse":null,"finoutfform":null,"fincashoutf":0.0,"finnetitse":null,"finnetform":null,"finnetcflow":100807.62,"chgexchgchgs":105.57,"netcashitse":null,"netcashform":null,"cashnetr":2.5207980115E8,"inicashbala":1.43022238309E9,"cashfinalitse":null,"cashfinalform":null,"finalcashbala":1.68230218424E9,"netprofit":null,"minysharrigh":null,"unreinveloss":null,"asseimpa":null,"assedepr":null,"realestadep":null,"intaasseamor":null,"longdefeexpenamor":null,"prepexpedecr":null,"accrexpeincr":null,"dispfixedassetloss":null,"fixedassescraloss":null,"valuechgloss":null,"defeincoincr":null,"estidebts":null,"finexpe":null,"inveloss":null,"defetaxassetdecr":null,"defetaxliabincr":null,"inveredu":null,"receredu":null,"payaincr":null,"unseparachg":null,"unfiparachg":null,"other":null,"biznetscheitse":null,"biznetscheform":null,"biznetcflow":null,"debtintocapi":null,"expiconvbd":null,"finfixedasset":null,"cashfinalbala":1.68230218424E9,"cashopenbala":1.43022238309E9,"equfinalbala":null,"equopenbala":null,"netcashscheitse":null,"netcashscheform":null,"cashneti":2.5207980115E8},{"compcode":"80198461","publishdate":"20160329","begindate":"20150101","enddate":"20151231","reporttype":"100111","adjustdate":"20160329","accstacode":"2","accstaname":"新会计准则","laborgetcash":2.85691953018E9,"deponetr":null,"bankloannetincr":null,"fininstnetr":null,"inspremcash":null,"insnetc":null,"savinetr":null,"disptradnetincr":null,"charintecash":null,"fdsborrnetr":null,"repnetincr":null,"taxrefd":null,"receotherbizcash":6.857795999E7,"bizinflitse":null,"bizinflform":null,"bizcashinfl":2.92549749017E9,"labopayc":8.2401666058E8,"loansnetr":null,"tradepaymnetr":null,"paycompgold":null,"payintecash":null,"paydivicash":null,"payworkcash":2.0893852786E8,"paytax":8.1718646014E8,"payacticash":3.7314038566E8,"bizoutfitse":null,"bizoutfform":null,"bizcashoutf":2.22328203424E9,"biznetitse":null,"biznetform":null,"mananetr":7.0221545593E8,"withinvgetcash":1.31208E9,"inveretugetcash":6.537210828E7,"fixedassetnetc":2100.0,"subsnetc":6641.85,"receinvcash":1.0264601484E8,"reducashpled":null,"invinflitse":null,"invinffrom":null,"invcashinfl":1.48010686497E9,"acquassetcash":1.1202076028E8,"invpayc":2.03722E9,"loannetr":null,"subspaynetcash":null,"payinvecash":383174.66,"incrcashpled":null,"invoutfitse":null,"invoutfform":null,"invcashoutf":2.14962393494E9,"netinvitse":null,"netinvform":null,"invnetcashflow":-6.6951706997E8,"invrececash":2200000.0,"subsrececash":2200000.0,"recefromloan":3.00026992E8,"issbdrececash":null,"recefincash":1.959080318E7,"fininflitse":null,"fininflform":null,"fincashinfl":3.2181779518E8,"debtpaycash":15458.0,"diviprofpaycash":1.9570205057E8,"subspaydivid":null,"finrelacash":4750000.0,"finoutfitse":null,"finoutfform":null,"fincashoutf":2.0046750857E8,"finnetitse":null,"finnetform":null,"finnetcflow":1.2135028661E8,"chgexchgchgs":5419984.17,"netcashitse":null,"netcashform":null,"cashnetr":1.5946865674E8,"inicashbala":1.27075372635E9,"cashfinalitse":null,"cashfinalform":null,"finalcashbala":1.43022238309E9,"netprofit":6.8251477167E8,"minysharrigh":null,"unreinveloss":null,"asseimpa":771124.22,"assedepr":5.736455718E7,"realestadep":null,"intaasseamor":2.386008711E7,"longdefeexpenamor":47043.81,"prepexpedecr":null,"accrexpeincr":null,"dispfixedassetloss":745312.71,"fixedassescraloss":null,"valuechgloss":201677.96,"defeincoincr":null,"estidebts":null,"finexpe":-1075329.72,"inveloss":-6.393435085E7,"defetaxassetdecr":-2.651299062E7,"defetaxliabincr":null,"inveredu":-1.270020032E8,"receredu":3.247304997E7,"payaincr":1.2276250569E8,"unseparachg":null,"unfiparachg":null,"other":null,"biznetscheitse":null,"biznetscheform":null,"biznetcflow":7.0221545593E8,"debtintocapi":null,"expiconvbd":null,"finfixedasset":null,"cashfinalbala":1.43022238309E9,"cashopenbala":1.27075372635E9,"equfinalbala":null,"equopenbala":null,"netcashscheitse":null,"netcashscheform":null,"cashneti":1.5946865674E8},{"compcode":"80198461","publishdate":"20151027","begindate":"20150101","enddate":"20150930","reporttype":"100111","adjustdate":"20151027","accstacode":"2","accstaname":"新会计准则","laborgetcash":2.0082833975E9,"deponetr":null,"bankloannetincr":null,"fininstnetr":null,"inspremcash":null,"insnetc":null,"savinetr":null,"disptradnetincr":null,"charintecash":null,"fdsborrnetr":null,"repnetincr":null,"taxrefd":null,"receotherbizcash":7.281715848E7,"bizinflitse":null,"bizinflform":null,"bizcashinfl":2.08110055598E9,"labopayc":5.0289600784E8,"loansnetr":null,"tradepaymnetr":null,"paycompgold":null,"payintecash":null,"paydivicash":null,"payworkcash":1.7010393139E8,"paytax":6.4580134814E8,"payacticash":3.1445634692E8,"bizoutfitse":null,"bizoutfform":null,"bizcashoutf":1.63325763429E9,"biznetitse":null,"biznetform":null,"mananetr":4.4784292169E8,"withinvgetcash":null,"inveretugetcash":400000.0,"fixedassetnetc":2100.0,"subsnetc":null,"receinvcash":null,"reducashpled":null,"invinflitse":null,"invinffrom":null,"invcashinfl":402100.0,"acquassetcash":8.544496822E7,"invpayc":7.6514E8,"loannetr":null,"subspaynetcash":null,"payinvecash":null,"incrcashpled":null,"invoutfitse":null,"invoutfform":null,"invcashoutf":8.5058496822E8,"netinvitse":null,"netinvform":null,"invnetcashflow":-8.5018286822E8,"invrececash":null,"subsrececash":null,"recefromloan":8680.0,"issbdrececash":null,"recefincash":7.0048789614E8,"fininflitse":null,"fininflform":null,"fincashinfl":7.0049657614E8,"debtpaycash":8719.35,"diviprofpaycash":1.95702E8,"subspaydivid":null,"finrelacash":2.1025925829E8,"finoutfitse":null,"finoutfform":null,"fincashoutf":4.0596997764E8,"finnetitse":null,"finnetform":null,"finnetcflow":2.945265985E8,"chgexchgchgs":3996450.46,"netcashitse":null,"netcashform":null,"cashnetr":-1.0381689757E8,"inicashbala":1.27075372635E9,"cashfinalitse":null,"cashfinalform":null,"finalcashbala":1.16693682878E9,"netprofit":null,"minysharrigh":null,"unreinveloss":null,"asseimpa":null,"assedepr":null,"realestadep":null,"intaasseamor":null,"longdefeexpenamor":null,"prepexpedecr":null,"accrexpeincr":null,"dispfixedassetloss":null,"fixedassescraloss":null,"valuechgloss":null,"defeincoincr":null,"estidebts":null,"finexpe":null,"inveloss":null,"defetaxassetdecr":null,"defetaxliabincr":null,"inveredu":null,"receredu":null,"payaincr":null,"unseparachg":null,"unfiparachg":null,"other":null,"biznetscheitse":null,"biznetscheform":null,"biznetcflow":null,"debtintocapi":null,"expiconvbd":null,"finfixedasset":null,"cashfinalbala":1.16693682878E9,"cashopenbala":1.27075372635E9,"equfinalbala":null,"equopenbala":null,"netcashscheitse":null,"netcashscheform":null,"cashneti":-1.0381689757E8},{"compcode":"80198461","publishdate":"20150825","begindate":"20150101","enddate":"20150630","reporttype":"100111","adjustdate":"20150825","accstacode":"2","accstaname":"新会计准则","laborgetcash":1.38157191712E9,"deponetr":null,"bankloannetincr":null,"fininstnetr":null,"inspremcash":null,"insnetc":null,"savinetr":null,"disptradnetincr":null,"charintecash":null,"fdsborrnetr":null,"repnetincr":null,"taxrefd":null,"receotherbizcash":3.049794007E7,"bizinflitse":null,"bizinflform":null,"bizcashinfl":1.41206985719E9,"labopayc":3.7942667186E8,"loansnetr":null,"tradepaymnetr":null,"paycompgold":null,"payintecash":null,"paydivicash":null,"payworkcash":1.1805594258E8,"paytax":4.4639313463E8,"payacticash":1.9198690706E8,"bizoutfitse":null,"bizoutfform":null,"bizcashoutf":1.13586265613E9,"biznetitse":null,"biznetform":null,"mananetr":2.7620720106E8,"withinvgetcash":null,"inveretugetcash":400000.0,"fixedassetnetc":1400.0,"subsnetc":null,"receinvcash":null,"reducashpled":null,"invinflitse":null,"invinffrom":null,"invcashinfl":401400.0,"acquassetcash":5.555264416E7,"invpayc":4.3504E8,"loannetr":null,"subspaynetcash":null,"payinvecash":null,"incrcashpled":null,"invoutfitse":null,"invoutfform":null,"invcashoutf":4.9059264416E8,"netinvitse":null,"netinvform":null,"invnetcashflow":-4.9019124416E8,"invrececash":null,"subsrececash":null,"recefromloan":null,"issbdrececash":null,"recefincash":7.0048789614E8,"fininflitse":null,"fininflform":null,"fincashinfl":7.0048789614E8,"debtpaycash":null,"diviprofpaycash":1.95702E8,"subspaydivid":null,"finrelacash":2.1025925829E8,"finoutfitse":null,"finoutfform":null,"fincashoutf":4.0596125829E8,"finnetitse":null,"finnetform":null,"finnetcflow":2.9452663785E8,"chgexchgchgs":-87124.88,"netcashitse":null,"netcashform":null,"cashnetr":8.045546987E7,"inicashbala":1.27075372635E9,"cashfinalitse":null,"cashfinalform":null,"finalcashbala":1.35120919622E9,"netprofit":4.6688437179E8,"minysharrigh":null,"unreinveloss":null,"asseimpa":1237230.53,"assedepr":2.747199246E7,"realestadep":null,"intaasseamor":1.137374904E7,"longdefeexpenamor":0.0,"prepexpedecr":null,"accrexpeincr":null,"dispfixedassetloss":19249.28,"fixedassescraloss":null,"valuechgloss":-1266537.59,"defeincoincr":null,"estidebts":null,"finexpe":-1.444375534E7,"inveloss":-1.346E7,"defetaxassetdecr":787874.95,"defetaxliabincr":367053.89,"inveredu":-1101544.38,"receredu":2.489687183E7,"payaincr":-2.265593554E8,"unseparachg":null,"unfiparachg":null,"other":0.0,"biznetscheitse":null,"biznetscheform":null,"biznetcflow":2.7620720106E8,"debtintocapi":null,"expiconvbd":null,"finfixedasset":null,"cashfinalbala":1.35120919622E9,"cashopenbala":1.27075372635E9,"equfinalbala":0.0,"equopenbala":0.0,"netcashscheitse":null,"netcashscheform":null,"cashneti":8.045546987E7},{"compcode":"80198461","publishdate":"20150430","begindate":"20150101","enddate":"20150331","reporttype":"100111","adjustdate":"20150430","accstacode":"2","accstaname":"新会计准则","laborgetcash":8.2690739153E8,"deponetr":null,"bankloannetincr":null,"fininstnetr":null,"inspremcash":null,"insnetc":null,"savinetr":null,"disptradnetincr":null,"charintecash":null,"fdsborrnetr":null,"repnetincr":null,"taxrefd":null,"receotherbizcash":7496452.15,"bizinflitse":null,"bizinflform":null,"bizcashinfl":8.3440384368E8,"labopayc":1.7693988722E8,"loansnetr":null,"tradepaymnetr":null,"paycompgold":null,"payintecash":null,"paydivicash":null,"payworkcash":6.639793987E7,"paytax":2.5146189456E8,"payacticash":1.158967221E8,"bizoutfitse":null,"bizoutfform":null,"bizcashoutf":6.1069644375E8,"biznetitse":null,"biznetform":null,"mananetr":2.2370739993E8,"withinvgetcash":null,"inveretugetcash":null,"fixedassetnetc":1400.0,"subsnetc":null,"receinvcash":null,"reducashpled":null,"invinflitse":null,"invinffrom":null,"invcashinfl":1400.0,"acquassetcash":1.845502088E7,"invpayc":1.06E8,"loannetr":null,"subspaynetcash":null,"payinvecash":null,"incrcashpled":null,"invoutfitse":null,"invoutfform":null,"invcashoutf":1.2445502088E8,"netinvitse":null,"netinvform":null,"invnetcashflow":-1.2445362088E8,"invrececash":null,"subsrececash":null,"recefromloan":null,"issbdrececash":null,"recefincash":8558.84,"fininflitse":null,"fininflform":null,"fincashinfl":8558.84,"debtpaycash":null,"diviprofpaycash":null,"subspaydivid":null,"finrelacash":null,"finoutfitse":null,"finoutfform":null,"fincashoutf":0.0,"finnetitse":null,"finnetform":null,"finnetcflow":8558.84,"chgexchgchgs":374314.29,"netcashitse":null,"netcashform":null,"cashnetr":9.963665218E7,"inicashbala":1.27075372635E9,"cashfinalitse":null,"cashfinalform":null,"finalcashbala":1.37039037853E9,"netprofit":null,"minysharrigh":null,"unreinveloss":null,"asseimpa":null,"assedepr":null,"realestadep":null,"intaasseamor":null,"longdefeexpenamor":null,"prepexpedecr":null,"accrexpeincr":null,"dispfixedassetloss":null,"fixedassescraloss":null,"valuechgloss":null,"defeincoincr":null,"estidebts":null,"finexpe":null,"inveloss":null,"defetaxassetdecr":null,"defetaxliabincr":null,"inveredu":null,"receredu":null,"payaincr":null,"unseparachg":null,"unfiparachg":null,"other":null,"biznetscheitse":null,"biznetscheform":null,"biznetcflow":null,"debtintocapi":null,"expiconvbd":null,"finfixedasset":null,"cashfinalbala":1.37039037853E9,"cashopenbala":1.27075372635E9,"equfinalbala":null,"equopenbala":null,"netcashscheitse":null,"netcashscheform":null,"cashneti":9.963665218E7},{"compcode":"80198461","publishdate":"20150403","begindate":"20140101","enddate":"20141231","reporttype":"100111","adjustdate":"20150403","accstacode":"2","accstaname":"新会计准则","laborgetcash":2.69958480536E9,"deponetr":null,"bankloannetincr":null,"fininstnetr":null,"inspremcash":null,"insnetc":null,"savinetr":null,"disptradnetincr":null,"charintecash":null,"fdsborrnetr":null,"repnetincr":null,"taxrefd":null,"receotherbizcash":3.844563609E7,"bizinflitse":null,"bizinflform":null,"bizcashinfl":2.73803044145E9,"labopayc":8.1179188508E8,"loansnetr":null,"tradepaymnetr":null,"paycompgold":null,"payintecash":null,"paydivicash":null,"payworkcash":2.089006988E8,"paytax":7.7589163811E8,"payacticash":4.6818609429E8,"bizoutfitse":null,"bizoutfform":null,"bizcashoutf":2.26477031628E9,"biznetitse":null,"biznetform":null,"mananetr":4.7326012517E8,"withinvgetcash":6260000.0,"inveretugetcash":860343.32,"fixedassetnetc":116978.03,"subsnetc":null,"receinvcash":null,"reducashpled":null,"invinflitse":null,"invinffrom":null,"invcashinfl":7237321.35,"acquassetcash":6.819614076E7,"invpayc":8.0626E8,"loannetr":null,"subspaynetcash":null,"payinvecash":9.872539529E7,"incrcashpled":null,"invoutfitse":null,"invoutfform":null,"invcashoutf":9.7318153605E8,"netinvitse":null,"netinvform":null,"invnetcashflow":-9.659442147E8,"invrececash":8.3434504E8,"subsrececash":8450000.0,"recefromloan":null,"issbdrececash":null,"recefincash":1.716011109E7,"fininflitse":null,"fininflform":null,"fincashinfl":8.5150515109E8,"debtpaycash":null,"diviprofpaycash":2.07E8,"subspaydivid":null,"finrelacash":7691427.2,"finoutfitse":null,"finoutfform":null,"fincashoutf":2.146914272E8,"finnetitse":null,"finnetform":null,"finnetcflow":6.3681372389E8,"chgexchgchgs":-1274604.71,"netcashitse":null,"netcashform":null,"cashnetr":1.4285502965E8,"inicashbala":1.1278986967E9,"cashfinalitse":null,"cashfinalform":null,"finalcashbala":1.27075372635E9,"netprofit":6.4206622376E8,"minysharrigh":null,"unreinveloss":null,"asseimpa":741527.45,"assedepr":4.986694273E7,"realestadep":null,"intaasseamor":2.265220731E7,"longdefeexpenamor":6404.36,"prepexpedecr":null,"accrexpeincr":null,"dispfixedassetloss":87023.05,"fixedassescraloss":null,"valuechgloss":-201677.96,"defeincoincr":null,"estidebts":null,"finexpe":-885506.38,"inveloss":-725744.02,"defetaxassetdecr":-5396907.13,"defetaxliabincr":null,"inveredu":-1.1026751165E8,"receredu":5821266.29,"payaincr":-1.3050412264E8,"unseparachg":null,"unfiparachg":null,"other":null,"biznetscheitse":null,"biznetscheform":null,"biznetcflow":4.7326012517E8,"debtintocapi":null,"expiconvbd":null,"finfixedasset":null,"cashfinalbala":1.27075372635E9,"cashopenbala":1.1278986967E9,"equfinalbala":null,"equopenbala":null,"netcashscheitse":null,"netcashscheform":null,"cashneti":1.4285502965E8},{"compcode":"80198461","publishdate":"20141021","begindate":"20140101","enddate":"20140930","reporttype":"100111","adjustdate":"20141021","accstacode":"2","accstaname":"新会计准则","laborgetcash":1.90793614904E9,"deponetr":null,"bankloannetincr":null,"fininstnetr":null,"inspremcash":null,"insnetc":null,"savinetr":null,"disptradnetincr":null,"charintecash":null,"fdsborrnetr":null,"repnetincr":null,"taxrefd":null,"receotherbizcash":7.352260925E7,"bizinflitse":null,"bizinflform":null,"bizcashinfl":1.98145875829E9,"labopayc":5.2483565011E8,"loansnetr":null,"tradepaymnetr":null,"paycompgold":null,"payintecash":null,"paydivicash":null,"payworkcash":1.6165637893E8,"paytax":6.1769509153E8,"payacticash":3.6580602045E8,"bizoutfitse":null,"bizoutfform":null,"bizcashoutf":1.66999314102E9,"biznetitse":null,"biznetform":null,"mananetr":3.1146561727E8,"withinvgetcash":null,"inveretugetcash":null,"fixedassetnetc":96948.51,"subsnetc":null,"receinvcash":null,"reducashpled":null,"invinflitse":null,"invinffrom":null,"invcashinfl":96948.51,"acquassetcash":6.287741005E7,"invpayc":null,"loannetr":null,"subspaynetcash":null,"payinvecash":null,"incrcashpled":null,"invoutfitse":null,"invoutfform":null,"invcashoutf":6.287741005E7,"netinvitse":null,"netinvform":null,"invnetcashflow":-6.278046154E7,"invrececash":8.3384504E8,"subsrececash":7950000.0,"recefromloan":null,"issbdrececash":null,"recefincash":null,"fininflitse":null,"fininflform":null,"fincashinfl":8.3384504E8,"debtpaycash":null,"diviprofpaycash":2.07E8,"subspaydivid":null,"finrelacash":6994427.2,"finoutfitse":null,"finoutfform":null,"fincashoutf":2.139944272E8,"finnetitse":null,"finnetform":null,"finnetcflow":6.198506128E8,"chgexchgchgs":null,"netcashitse":null,"netcashform":null,"cashnetr":8.6853576853E8,"inicashbala":1.1428986967E9,"cashfinalitse":null,"cashfinalform":null,"finalcashbala":2.01143446523E9,"netprofit":null,"minysharrigh":null,"unreinveloss":null,"asseimpa":null,"assedepr":null,"realestadep":null,"intaasseamor":null,"longdefeexpenamor":null,"prepexpedecr":null,"accrexpeincr":null,"dispfixedassetloss":null,"fixedassescraloss":null,"valuechgloss":null,"defeincoincr":null,"estidebts":null,"finexpe":null,"inveloss":null,"defetaxassetdecr":null,"defetaxliabincr":null,"inveredu":null,"receredu":null,"payaincr":null,"unseparachg":null,"unfiparachg":null,"other":null,"biznetscheitse":null,"biznetscheform":null,"biznetcflow":null,"debtintocapi":null,"expiconvbd":null,"finfixedasset":null,"cashfinalbala":2.01143446523E9,"cashopenbala":1.1428986967E9,"equfinalbala":null,"equopenbala":null,"netcashscheitse":null,"netcashscheform":null,"cashneti":8.6853576853E8},{"compcode":"80198461","publishdate":"20140807","begindate":"20140101","enddate":"20140630","reporttype":"100111","adjustdate":"20140807","accstacode":"2","accstaname":"新会计准则","laborgetcash":1.25468980036E9,"deponetr":null,"bankloannetincr":null,"fininstnetr":null,"inspremcash":null,"insnetc":null,"savinetr":null,"disptradnetincr":null,"charintecash":null,"fdsborrnetr":null,"repnetincr":null,"taxrefd":null,"receotherbizcash":3.387437205E7,"bizinflitse":null,"bizinflform":null,"bizcashinfl":1.28856417241E9,"labopayc":3.7534790149E8,"loansnetr":null,"tradepaymnetr":null,"paycompgold":null,"payintecash":null,"paydivicash":null,"payworkcash":1.2379057701E8,"paytax":4.5708821691E8,"payacticash":2.0148869131E8,"bizoutfitse":-0.01,"bizoutfform":null,"bizcashoutf":1.15771538671E9,"biznetitse":null,"biznetform":null,"mananetr":1.308487857E8,"withinvgetcash":null,"inveretugetcash":null,"fixedassetnetc":31748.51,"subsnetc":null,"receinvcash":null,"reducashpled":null,"invinflitse":null,"invinffrom":null,"invcashinfl":31748.51,"acquassetcash":3.135016454E7,"invpayc":null,"loannetr":null,"subspaynetcash":null,"payinvecash":null,"incrcashpled":null,"invoutfitse":null,"invoutfform":null,"invcashoutf":3.135016454E7,"netinvitse":null,"netinvform":null,"invnetcashflow":-3.131841603E7,"invrececash":8.3034504E8,"subsrececash":null,"recefromloan":null,"issbdrececash":null,"recefincash":1.5E7,"fininflitse":null,"fininflform":null,"fincashinfl":8.4534504E8,"debtpaycash":null,"diviprofpaycash":2.07E8,"subspaydivid":null,"finrelacash":1761427.2,"finoutfitse":null,"finoutfform":null,"fincashoutf":2.087614272E8,"finnetitse":null,"finnetform":null,"finnetcflow":6.365836128E8,"chgexchgchgs":null,"netcashitse":null,"netcashform":null,"cashnetr":7.3611398247E8,"inicashbala":1.1278986967E9,"cashfinalitse":null,"cashfinalform":null,"finalcashbala":1.86401267917E9,"netprofit":4.5754898994E8,"minysharrigh":null,"unreinveloss":null,"asseimpa":1000735.39,"assedepr":2.435287058E7,"realestadep":null,"intaasseamor":1.129070386E7,"longdefeexpenamor":163500.0,"prepexpedecr":null,"accrexpeincr":null,"dispfixedassetloss":12026.37,"fixedassescraloss":null,"valuechgloss":null,"defeincoincr":null,"estidebts":null,"finexpe":null,"inveloss":null,"defetaxassetdecr":3383158.35,"defetaxliabincr":null,"inveredu":1.81323405E7,"receredu":-5.150960053E7,"payaincr":-3.3352593876E8,"unseparachg":null,"unfiparachg":null,"other":null,"biznetscheitse":null,"biznetscheform":null,"biznetcflow":1.308487857E8,"debtintocapi":null,"expiconvbd":null,"finfixedasset":null,"cashfinalbala":1.86401267917E9,"cashopenbala":1.1278986967E9,"equfinalbala":null,"equopenbala":null,"netcashscheitse":null,"netcashscheform":null,"cashneti":7.3611398247E8},{"compcode":"80198461","publishdate":"20140611","begindate":"20140101","enddate":"20140331","reporttype":"100111","adjustdate":"20140611","accstacode":"2","accstaname":"新会计准则","laborgetcash":null,"deponetr":null,"bankloannetincr":null,"fininstnetr":null,"inspremcash":null,"insnetc":null,"savinetr":null,"disptradnetincr":null,"charintecash":null,"fdsborrnetr":null,"repnetincr":null,"taxrefd":null,"receotherbizcash":null,"bizinflitse":null,"bizinflform":null,"bizcashinfl":null,"labopayc":null,"loansnetr":null,"tradepaymnetr":null,"paycompgold":null,"payintecash":null,"paydivicash":null,"payworkcash":null,"paytax":null,"payacticash":null,"bizoutfitse":null,"bizoutfform":null,"bizcashoutf":null,"biznetitse":null,"biznetform":null,"mananetr":5171700.0,"withinvgetcash":null,"inveretugetcash":null,"fixedassetnetc":null,"subsnetc":null,"receinvcash":null,"reducashpled":null,"invinflitse":null,"invinffrom":null,"invcashinfl":null,"acquassetcash":null,"invpayc":null,"loannetr":null,"subspaynetcash":null,"payinvecash":null,"incrcashpled":null,"invoutfitse":null,"invoutfform":null,"invcashoutf":null,"netinvitse":null,"netinvform":null,"invnetcashflow":null,"invrececash":null,"subsrececash":null,"recefromloan":null,"issbdrececash":null,"recefincash":null,"fininflitse":null,"fininflform":null,"fincashinfl":null,"debtpaycash":null,"diviprofpaycash":null,"subspaydivid":null,"finrelacash":null,"finoutfitse":null,"finoutfform":null,"fincashoutf":null,"finnetitse":null,"finnetform":null,"finnetcflow":null,"chgexchgchgs":null,"netcashitse":null,"netcashform":null,"cashnetr":null,"inicashbala":null,"cashfinalitse":null,"cashfinalform":null,"finalcashbala":null,"netprofit":null,"minysharrigh":null,"unreinveloss":null,"asseimpa":null,"assedepr":null,"realestadep":null,"intaasseamor":null,"longdefeexpenamor":null,"prepexpedecr":null,"accrexpeincr":null,"dispfixedassetloss":null,"fixedassescraloss":null,"valuechgloss":null,"defeincoincr":null,"estidebts":null,"finexpe":null,"inveloss":null,"defetaxassetdecr":null,"defetaxliabincr":null,"inveredu":null,"receredu":null,"payaincr":null,"unseparachg":null,"unfiparachg":null,"other":null,"biznetscheitse":null,"biznetscheform":null,"biznetcflow":null,"debtintocapi":null,"expiconvbd":null,"finfixedasset":null,"cashfinalbala":null,"cashopenbala":null,"equfinalbala":null,"equopenbala":null,"netcashscheitse":null,"netcashscheform":null,"cashneti":null},{"compcode":"80198461","publishdate":"20140611","begindate":"20130101","enddate":"20131231","reporttype":"100111","adjustdate":"20140611","accstacode":"2","accstaname":"新会计准则","laborgetcash":2.99549293591E9,"deponetr":null,"bankloannetincr":null,"fininstnetr":null,"inspremcash":null,"insnetc":null,"savinetr":null,"disptradnetincr":null,"charintecash":null,"fdsborrnetr":null,"repnetincr":null,"taxrefd":null,"receotherbizcash":4.680228505E7,"bizinflitse":null,"bizinflform":null,"bizcashinfl":3.04229522096E9,"labopayc":9.3509011758E8,"loansnetr":null,"tradepaymnetr":null,"paycompgold":null,"payintecash":null,"paydivicash":null,"payworkcash":1.9022521908E8,"paytax":8.6032776198E8,"payacticash":5.614098441E8,"bizoutfitse":null,"bizoutfform":null,"bizcashoutf":2.54705294274E9,"biznetitse":null,"biznetform":null,"mananetr":4.9524227822E8,"withinvgetcash":null,"inveretugetcash":400000.0,"fixedassetnetc":504244.31,"subsnetc":null,"receinvcash":null,"reducashpled":null,"invinflitse":null,"invinffrom":null,"invcashinfl":904244.31,"acquassetcash":1.370108469E8,"invpayc":null,"loannetr":null,"subspaynetcash":null,"payinvecash":null,"incrcashpled":null,"invoutfitse":null,"invoutfform":null,"invcashoutf":1.370108469E8,"netinvitse":null,"netinvform":null,"invnetcashflow":-1.3610660259E8,"invrececash":6750000.0,"subsrececash":6750000.0,"recefromloan":null,"issbdrececash":null,"recefincash":1.5E7,"fininflitse":null,"fininflform":null,"fincashinfl":2.175E7,"debtpaycash":null,"diviprofpaycash":2.07E8,"subspaydivid":null,"finrelacash":1.5E7,"finoutfitse":null,"finoutfform":null,"fincashoutf":2.22E8,"finnetitse":null,"finnetform":null,"finnetcflow":-2.0025E8,"chgexchgchgs":null,"netcashitse":null,"netcashform":null,"cashnetr":1.5888567563E8,"inicashbala":9.6901302107E8,"cashfinalitse":null,"cashfinalform":null,"finalcashbala":1.1278986967E9,"netprofit":6.8011030521E8,"minysharrigh":null,"unreinveloss":null,"asseimpa":-131814.14,"assedepr":4.636709761E7,"realestadep":null,"intaasseamor":2.169205169E7,"longdefeexpenamor":823894.5,"prepexpedecr":null,"accrexpeincr":null,"dispfixedassetloss":687084.62,"fixedassescraloss":null,"valuechgloss":null,"defeincoincr":null,"estidebts":null,"finexpe":null,"inveloss":-400000.0,"defetaxassetdecr":-4371012.17,"defetaxliabincr":null,"inveredu":-1.8586119324E8,"receredu":-3259886.29,"payaincr":-6.041424957E7,"unseparachg":null,"unfiparachg":null,"other":null,"biznetscheitse":null,"biznetscheform":null,"biznetcflow":4.9524227822E8,"debtintocapi":null,"expiconvbd":null,"finfixedasset":null,"cashfinalbala":1.1278986967E9,"cashopenbala":9.6901302107E8,"equfinalbala":null,"equopenbala":null,"netcashscheitse":null,"netcashscheform":null,"cashneti":1.5888567563E8},{"compcode":"80198461","publishdate":"20141021","begindate":"20130101","enddate":"20130930","reporttype":"100111","adjustdate":"20141021","accstacode":"2","accstaname":"新会计准则","laborgetcash":2.22200039114E9,"deponetr":null,"bankloannetincr":null,"fininstnetr":null,"inspremcash":null,"insnetc":null,"savinetr":null,"disptradnetincr":null,"charintecash":null,"fdsborrnetr":null,"repnetincr":null,"taxrefd":null,"receotherbizcash":3.433503301E7,"bizinflitse":null,"bizinflform":null,"bizcashinfl":2.25633542415E9,"labopayc":6.2828069889E8,"loansnetr":null,"tradepaymnetr":null,"paycompgold":null,"payintecash":null,"paydivicash":null,"payworkcash":1.4899533175E8,"paytax":6.8928998795E8,"payacticash":4.550249916E8,"bizoutfitse":null,"bizoutfform":null,"bizcashoutf":1.92159101019E9,"biznetitse":null,"biznetform":null,"mananetr":3.3474441396E8,"withinvgetcash":null,"inveretugetcash":null,"fixedassetnetc":477584.0,"subsnetc":null,"receinvcash":null,"reducashpled":null,"invinflitse":null,"invinffrom":null,"invcashinfl":477584.0,"acquassetcash":6.446086808E7,"invpayc":null,"loannetr":null,"subspaynetcash":null,"payinvecash":null,"incrcashpled":null,"invoutfitse":null,"invoutfform":null,"invcashoutf":6.446086808E7,"netinvitse":null,"netinvform":null,"invnetcashflow":-6.398328408E7,"invrececash":6750000.0,"subsrececash":6750000.0,"recefromloan":null,"issbdrececash":null,"recefincash":null,"fininflitse":null,"fininflform":null,"fincashinfl":6750000.0,"debtpaycash":null,"diviprofpaycash":2.07E8,"subspaydivid":null,"finrelacash":null,"finoutfitse":null,"finoutfform":null,"fincashoutf":2.07E8,"finnetitse":null,"finnetform":null,"finnetcflow":-2.0025E8,"chgexchgchgs":null,"netcashitse":null,"netcashform":null,"cashnetr":7.051112988E7,"inicashbala":9.8401302107E8,"cashfinalitse":null,"cashfinalform":null,"finalcashbala":1.05452415095E9,"netprofit":null,"minysharrigh":null,"unreinveloss":null,"asseimpa":null,"assedepr":null,"realestadep":null,"intaasseamor":null,"longdefeexpenamor":null,"prepexpedecr":null,"accrexpeincr":null,"dispfixedassetloss":null,"fixedassescraloss":null,"valuechgloss":null,"defeincoincr":null,"estidebts":null,"finexpe":null,"inveloss":null,"defetaxassetdecr":null,"defetaxliabincr":null,"inveredu":null,"receredu":null,"payaincr":null,"unseparachg":null,"unfiparachg":null,"other":null,"biznetscheitse":null,"biznetscheform":null,"biznetcflow":null,"debtintocapi":null,"expiconvbd":null,"finfixedasset":null,"cashfinalbala":1.05452415095E9,"cashopenbala":9.8401302107E8,"equfinalbala":null,"equopenbala":null,"netcashscheitse":null,"netcashscheform":null,"cashneti":7.051112988E7},{"compcode":"80198461","publishdate":"20140807","begindate":"20130101","enddate":"20130630","reporttype":"100111","adjustdate":"20140807","accstacode":"2","accstaname":"新会计准则","laborgetcash":1.46782514594E9,"deponetr":null,"bankloannetincr":null,"fininstnetr":null,"inspremcash":null,"insnetc":null,"savinetr":null,"disptradnetincr":null,"charintecash":null,"fdsborrnetr":null,"repnetincr":null,"taxrefd":null,"receotherbizcash":1.387443219E7,"bizinflitse":null,"bizinflform":null,"bizcashinfl":1.48169957813E9,"labopayc":3.7854568661E8,"loansnetr":null,"tradepaymnetr":null,"paycompgold":null,"payintecash":null,"paydivicash":null,"payworkcash":1.0806226686E8,"paytax":5.483668372E8,"payacticash":3.1936564328E8,"bizoutfitse":null,"bizoutfform":null,"bizcashoutf":1.35434043395E9,"biznetitse":null,"biznetform":null,"mananetr":1.2735914418E8,"withinvgetcash":null,"inveretugetcash":null,"fixedassetnetc":426900.0,"subsnetc":null,"receinvcash":null,"reducashpled":null,"invinflitse":null,"invinffrom":null,"invcashinfl":426900.0,"acquassetcash":4.524021947E7,"invpayc":null,"loannetr":null,"subspaynetcash":null,"payinvecash":null,"incrcashpled":null,"invoutfitse":null,"invoutfform":null,"invcashoutf":4.524021947E7,"netinvitse":null,"netinvform":null,"invnetcashflow":-4.481331947E7,"invrececash":2250000.0,"subsrececash":2250000.0,"recefromloan":null,"issbdrececash":null,"recefincash":1.5E7,"fininflitse":null,"fininflform":null,"fincashinfl":1.725E7,"debtpaycash":null,"diviprofpaycash":2.07E8,"subspaydivid":null,"finrelacash":null,"finoutfitse":null,"finoutfform":null,"fincashoutf":2.07E8,"finnetitse":null,"finnetform":null,"finnetcflow":-1.8975E8,"chgexchgchgs":null,"netcashitse":null,"netcashform":null,"cashnetr":-1.0720417529E8,"inicashbala":9.6901302107E8,"cashfinalitse":null,"cashfinalform":null,"finalcashbala":8.6180884578E8,"netprofit":4.880900911E8,"minysharrigh":null,"unreinveloss":null,"asseimpa":353762.04,"assedepr":2.338811522E7,"realestadep":null,"intaasseamor":1.071929256E7,"longdefeexpenamor":434533.32,"prepexpedecr":null,"accrexpeincr":null,"dispfixedassetloss":200792.35,"fixedassescraloss":null,"valuechgloss":null,"defeincoincr":null,"estidebts":null,"finexpe":null,"inveloss":null,"defetaxassetdecr":2.691327766E7,"defetaxliabincr":null,"inveredu":1.903962584E7,"receredu":1.210996035E7,"payaincr":-4.5389030626E8,"unseparachg":null,"unfiparachg":null,"other":null,"biznetscheitse":null,"biznetscheform":null,"biznetcflow":1.2735914418E8,"debtintocapi":null,"expiconvbd":null,"finfixedasset":null,"cashfinalbala":8.6180884578E8,"cashopenbala":9.6901302107E8,"equfinalbala":null,"equopenbala":null,"netcashscheitse":null,"netcashscheform":null,"cashneti":-1.0720417529E8},{"compcode":"80198461","publishdate":"20140611","begindate":"20130101","enddate":"20130331","reporttype":"100111","adjustdate":"20140611","accstacode":"2","accstaname":"新会计准则","laborgetcash":null,"deponetr":null,"bankloannetincr":null,"fininstnetr":null,"inspremcash":null,"insnetc":null,"savinetr":null,"disptradnetincr":null,"charintecash":null,"fdsborrnetr":null,"repnetincr":null,"taxrefd":null,"receotherbizcash":null,"bizinflitse":null,"bizinflform":null,"bizcashinfl":null,"labopayc":null,"loansnetr":null,"tradepaymnetr":null,"paycompgold":null,"payintecash":null,"paydivicash":null,"payworkcash":null,"paytax":null,"payacticash":null,"bizoutfitse":null,"bizoutfform":null,"bizcashoutf":null,"biznetitse":null,"biznetform":null,"mananetr":4.10293E7,"withinvgetcash":null,"inveretugetcash":null,"fixedassetnetc":null,"subsnetc":null,"receinvcash":null,"reducashpled":null,"invinflitse":null,"invinffrom":null,"invcashinfl":null,"acquassetcash":null,"invpayc":null,"loannetr":null,"subspaynetcash":null,"payinvecash":null,"incrcashpled":null,"invoutfitse":null,"invoutfform":null,"invcashoutf":null,"netinvitse":null,"netinvform":null,"invnetcashflow":-3.06503E7,"invrececash":null,"subsrececash":null,"recefromloan":null,"issbdrececash":null,"recefincash":null,"fininflitse":null,"fininflform":null,"fincashinfl":null,"debtpaycash":null,"diviprofpaycash":null,"subspaydivid":null,"finrelacash":null,"finoutfitse":null,"finoutfform":null,"fincashoutf":null,"finnetitse":null,"finnetform":null,"finnetcflow":1.5E7,"chgexchgchgs":null,"netcashitse":null,"netcashform":null,"cashnetr":2.5379E7,"inicashbala":null,"cashfinalitse":null,"cashfinalform":null,"finalcashbala":null,"netprofit":null,"minysharrigh":null,"unreinveloss":null,"asseimpa":null,"assedepr":null,"realestadep":null,"intaasseamor":null,"longdefeexpenamor":null,"prepexpedecr":null,"accrexpeincr":null,"dispfixedassetloss":null,"fixedassescraloss":null,"valuechgloss":null,"defeincoincr":null,"estidebts":null,"finexpe":null,"inveloss":null,"defetaxassetdecr":null,"defetaxliabincr":null,"inveredu":null,"receredu":null,"payaincr":null,"unseparachg":null,"unfiparachg":null,"other":null,"biznetscheitse":null,"biznetscheform":null,"biznetcflow":null,"debtintocapi":null,"expiconvbd":null,"finfixedasset":null,"cashfinalbala":null,"cashopenbala":null,"equfinalbala":null,"equopenbala":null,"netcashscheitse":null,"netcashscheform":null,"cashneti":null},{"compcode":"80198461","publishdate":"20140611","begindate":"20120101","enddate":"20121231","reporttype":"100111","adjustdate":"20140611","accstacode":"2","accstaname":"新会计准则","laborgetcash":2.89285401913E9,"deponetr":null,"bankloannetincr":null,"fininstnetr":null,"inspremcash":null,"insnetc":null,"savinetr":null,"disptradnetincr":null,"charintecash":null,"fdsborrnetr":null,"repnetincr":null,"taxrefd":null,"receotherbizcash":1.3195557388E8,"bizinflitse":null,"bizinflform":null,"bizcashinfl":3.02480959301E9,"labopayc":7.459199222E8,"loansnetr":null,"tradepaymnetr":null,"paycompgold":null,"payintecash":null,"paydivicash":null,"payworkcash":1.6802032472E8,"paytax":9.228068113E8,"payacticash":4.510740151E8,"bizoutfitse":null,"bizoutfform":null,"bizcashoutf":2.28782107332E9,"biznetitse":null,"biznetform":null,"mananetr":7.3698851969E8,"withinvgetcash":null,"inveretugetcash":800000.0,"fixedassetnetc":null,"subsnetc":null,"receinvcash":null,"reducashpled":null,"invinflitse":null,"invinffrom":null,"invcashinfl":800000.0,"acquassetcash":1.43239215E8,"invpayc":null,"loannetr":null,"subspaynetcash":null,"payinvecash":null,"incrcashpled":null,"invoutfitse":null,"invoutfform":null,"invcashoutf":1.43239215E8,"netinvitse":null,"netinvform":null,"invnetcashflow":-1.42439215E8,"invrececash":4500000.0,"subsrececash":4500000.0,"recefromloan":null,"issbdrececash":null,"recefincash":null,"fininflitse":null,"fininflform":null,"fincashinfl":4500000.0,"debtpaycash":null,"diviprofpaycash":1.485E8,"subspaydivid":null,"finrelacash":1.5E7,"finoutfitse":null,"finoutfform":null,"fincashoutf":1.635E8,"finnetitse":null,"finnetform":null,"finnetcflow":-1.59E8,"chgexchgchgs":null,"netcashitse":null,"netcashform":null,"cashnetr":4.3554930469E8,"inicashbala":5.3346371638E8,"cashfinalitse":null,"cashfinalform":null,"finalcashbala":9.6901302107E8,"netprofit":6.7637547942E8,"minysharrigh":null,"unreinveloss":null,"asseimpa":-89117.79,"assedepr":3.710209254E7,"realestadep":null,"intaasseamor":2.139095462E7,"longdefeexpenamor":869066.64,"prepexpedecr":null,"accrexpeincr":null,"dispfixedassetloss":null,"fixedassescraloss":null,"valuechgloss":null,"defeincoincr":null,"estidebts":null,"finexpe":null,"inveloss":-800000.0,"defetaxassetdecr":-2.672034592E7,"defetaxliabincr":null,"inveredu":-1.8120339951E8,"receredu":-1.997536717E7,"payaincr":2.2904915686E8,"unseparachg":null,"unfiparachg":null,"other":990000.0,"biznetscheitse":null,"biznetscheform":null,"biznetcflow":7.3698851969E8,"debtintocapi":null,"expiconvbd":null,"finfixedasset":null,"cashfinalbala":9.6901302107E8,"cashopenbala":5.3346371638E8,"equfinalbala":null,"equopenbala":null,"netcashscheitse":null,"netcashscheform":null,"cashneti":4.3554930469E8},{"compcode":"80198461","publishdate":"20140611","begindate":"20110101","enddate":"20111231","reporttype":"100111","adjustdate":"20140611","accstacode":"2","accstaname":"新会计准则","laborgetcash":2.22512025818E9,"deponetr":null,"bankloannetincr":null,"fininstnetr":null,"inspremcash":null,"insnetc":null,"savinetr":null,"disptradnetincr":null,"charintecash":null,"fdsborrnetr":null,"repnetincr":null,"taxrefd":null,"receotherbizcash":9.019188741E7,"bizinflitse":null,"bizinflform":null,"bizcashinfl":2.31531214559E9,"labopayc":5.0907446501E8,"loansnetr":null,"tradepaymnetr":null,"paycompgold":null,"payintecash":null,"paydivicash":null,"payworkcash":1.3202586453E8,"paytax":7.3341734489E8,"payacticash":5.0988913955E8,"bizoutfitse":null,"bizoutfform":null,"bizcashoutf":1.88440681398E9,"biznetitse":null,"biznetform":null,"mananetr":4.3090533161E8,"withinvgetcash":null,"inveretugetcash":null,"fixedassetnetc":8040088.53,"subsnetc":null,"receinvcash":null,"reducashpled":null,"invinflitse":null,"invinffrom":null,"invcashinfl":8040088.53,"acquassetcash":2.1419180147E8,"invpayc":null,"loannetr":null,"subspaynetcash":null,"payinvecash":null,"incrcashpled":null,"invoutfitse":null,"invoutfform":null,"invcashoutf":2.1419180147E8,"netinvitse":null,"netinvform":null,"invnetcashflow":-2.0615171294E8,"invrececash":null,"subsrececash":null,"recefromloan":null,"issbdrececash":null,"recefincash":null,"fininflitse":null,"fininflform":null,"fincashinfl":0.0,"debtpaycash":4.0E7,"diviprofpaycash":2.5660255241E8,"subspaydivid":null,"finrelacash":null,"finoutfitse":null,"finoutfform":null,"fincashoutf":2.9660255241E8,"finnetitse":null,"finnetform":null,"finnetcflow":-2.9660255241E8,"chgexchgchgs":null,"netcashitse":null,"netcashform":null,"cashnetr":-7.184893374E7,"inicashbala":6.0531265012E8,"cashfinalitse":null,"cashfinalform":null,"finalcashbala":5.3346371638E8,"netprofit":5.3315059498E8,"minysharrigh":null,"unreinveloss":null,"asseimpa":659452.98,"assedepr":2.454542444E7,"realestadep":null,"intaasseamor":2.073011873E7,"longdefeexpenamor":569316.64,"prepexpedecr":null,"accrexpeincr":null,"dispfixedassetloss":-1269629.29,"fixedassescraloss":null,"valuechgloss":null,"defeincoincr":null,"estidebts":null,"finexpe":840207.82,"inveloss":null,"defetaxassetdecr":-4948179.48,"defetaxliabincr":null,"inveredu":-1.3007792597E8,"receredu":-1.6173755447E8,"payaincr":1.4844350523E8,"unseparachg":null,"unfiparachg":null,"other":null,"biznetscheitse":null,"biznetscheform":null,"biznetcflow":4.3090533161E8,"debtintocapi":null,"expiconvbd":null,"finfixedasset":null,"cashfinalbala":5.3346371638E8,"cashopenbala":6.0531265012E8,"equfinalbala":null,"equopenbala":null,"netcashscheitse":null,"netcashscheform":null,"cashneti":-7.184893374E7}],"comptype":4,"name":"今世缘"}