{"SZ000858":{"symbol":"SZ000858","exchange":"SZ","code":"000858","name":"五粮液","current":"68.22","percentage":"0.93","change":"0.63","open":"67.38","high":"69.38","low":"67.0","close":"68.22","last_close":"67.59","high52week":"76.76","low52week":"32.75","volume":"2.1816276E7","lot_volume":"218162.76","volumeAverage":"27272448","marketCapital":"2.589608496384E11","eps":"1.84","pe_ttm":"29.9447","pe_lyr":"38.1693","beta":"0.0","totalShares":"3795966720","time":"Tue Nov 28 14:22:57 +0800 2017","afterHours":"0.0","afterHoursPct":"0.0","afterHoursChg":"0.0","afterHoursTime":"Wed Oct 19 21:59:01 -0400 2011","updateAt":"1510214416925","dividend":"0.9","yield":"1.33","turnover_rate":"0.57%","instOwn":"0.0","rise_stop":"74.35","fall_stop":"60.83","currency_unit":"CNY","amount":"1.49845383E9","net_assets":"13.3366","hasexist":"","has_warrant":"0","type":"11","flag":"1","rest_day":"","amplitude":"3.52%","market_status":"交易中","lot_size":"100","min_order_quantity":"0","max_order_quantity":"0","tick_size":"0.01","variable_tick_size":"","kzz_stock_symbol":"","kzz_stock_name":"","kzz_stock_current":"0.0","kzz_convert_price":"0.0","kzz_covert_value":"0.0","kzz_cpr":"0.0","kzz_putback_price":"0.0","kzz_convert_time":"","kzz_redempt_price":"0.0","kzz_straight_price":"0.0","kzz_stock_percent":"","pb":"5.12","benefit_before_tax":"0.0","benefit_after_tax":"0.0","convert_bond_ratio":"","totalissuescale":"","outstandingamt":"","maturitydate":"","remain_year":"","convertrate":"0.0","interestrtmemo":"","release_date":"","circulation":"0.0","par_value":"0.0","due_time":"0.0","value_date":"","due_date":"","publisher":"","redeem_type":"T","issue_type":"3","bond_type":"","warrant":"","sale_rrg":"","rate":"","after_hour_vol":"0","float_shares":"3795750917","float_market_capital":"2.5894612755774E11","disnext_pay_date":"","convert_rate":"0.0","volume_ratio":"0.67","percent5m":"0.01","pankou_ratio":"12.42%","psr":"8.9019"}}