{"SZ000423":{"symbol":"SZ000423","exchange":"SZ","code":"000423","name":"东阿阿胶","current":"60.14","percentage":"-3.48","change":"-2.17","open":"62.3","high":"62.31","low":"60.05","close":"60.14","last_close":"62.31","high52week":"72.81","low52week":"50.48","volume":"9774546.0","lot_volume":"97745.46","volumeAverage":"12719187","marketCapital":"3.933285523518E10","eps":"1.91","pe_ttm":"20.9984","pe_lyr":"21.2326","beta":"0.0","totalShares":"654021537","time":"Wed Nov 29 14:45:18 +0800 2017","afterHours":"0.0","afterHoursPct":"0.0","afterHoursChg":"0.0","afterHoursTime":"Wed Oct 19 21:59:01 -0400 2011","updateAt":"1508558402247","dividend":"0.9","yield":"1.44","turnover_rate":"1.49%","instOwn":"0.0","rise_stop":"68.54","fall_stop":"56.08","currency_unit":"CNY","amount":"5.93923444E8","net_assets":"13.7735","hasexist":"","has_warrant":"0","type":"11","flag":"1","rest_day":"","amplitude":"3.63%","market_status":"交易中","lot_size":"100","min_order_quantity":"0","max_order_quantity":"0","tick_size":"0.01","variable_tick_size":"","kzz_stock_symbol":"","kzz_stock_name":"","kzz_stock_current":"0.0","kzz_convert_price":"0.0","kzz_covert_value":"0.0","kzz_cpr":"0.0","kzz_putback_price":"0.0","kzz_convert_time":"","kzz_redempt_price":"0.0","kzz_straight_price":"0.0","kzz_stock_percent":"","pb":"4.37","benefit_before_tax":"0.0","benefit_after_tax":"0.0","convert_bond_ratio":"","totalissuescale":"","outstandingamt":"","maturitydate":"","remain_year":"","convertrate":"0.0","interestrtmemo":"","release_date":"","circulation":"0.0","par_value":"0.0","due_time":"0.0","value_date":"","due_date":"","publisher":"","redeem_type":"T","issue_type":"3","bond_type":"","warrant":"","sale_rrg":"","rate":"","after_hour_vol":"0","float_shares":"653867312","float_market_capital":"3.932358014368E10","disnext_pay_date":"","convert_rate":"0.0","volume_ratio":"1.73","percent5m":"-0.05","pankou_ratio":"42.94%","psr":"5.9812"}}