{"SH600197": {"redeem_type": "T", "kzz_convert_time": "", "code": "600197", "kzz_stock_name": "", "remain_year": "", "marketCapital": "1.120581E10", "sale_rrg": "", "current": "25.41", "tick_size": "0.01", "fall_stop": "23.04", "outstandingamt": "", "after_hour_vol": "0", "kzz_covert_value": "0.0", "afterHoursTime": "Wed Oct 19 21:59:01 -0400 2011", "warrant": "", "due_date": "", "kzz_redempt_price": "0.0", "high52week": "25.98", "psr": "6.2537", "afterHoursPct": "0.0", "currency_unit": "CNY", "name": "\u4f0a\u529b\u7279", "yield": "0.98", "lot_size": "100", "low52week": "13.63", "convert_bond_ratio": "", "rate": "", "close": "25.41", "turnover_rate": "1.72%", "afterHoursChg": "0.0", "kzz_stock_percent": "", "percent5m": "0.0", "volume_ratio": "0.65", "exchange": "SH", "last_close": "25.6", "dividend": "0.25", "lot_volume": "75917.72", "change": "-0.19", "publisher": "", "kzz_convert_price": "0.0", "hasexist": "", "amount": "1.94095303E8", "issue_type": "1", "has_warrant": "0", "pankou_ratio": "3.43%", "pe_lyr": "40.4832", "benefit_before_tax": "0.0", "convert_rate": "0.0", "afterHours": "0.0", "par_value": "0.0", "maturitydate": "", "open": "25.72", "convertrate": "0.0", "kzz_stock_symbol": "", "pb": "5.42", "kzz_stock_current": "0.0", "low": "25.23", "time": "Fri Nov 03 14:59:59 +0800 2017", "percentage": "-0.74", "type": "11", "rise_stop": "28.16", "kzz_cpr": "0.0", "benefit_after_tax": "0.0", "net_assets": "4.6912", "volume": "7591772.0", "flag": "1", "updateAt": "1508551201102", "totalissuescale": "", "circulation": "0.0", "amplitude": "2.93%", "release_date": "", "kzz_straight_price": "0.0", "interestrtmemo": "", "float_market_capital": "1.120581E10", "high": "25.98", "pe_ttm": "37.107", "market_status": "\u4f11\u5e02", "max_order_quantity": "0", "due_time": "0.0", "min_order_quantity": "0", "volumeAverage": "15415876", "bond_type": "", "symbol": "SH600197", "instOwn": "0.0", "rest_day": "", "beta": "0.0", "variable_tick_size": "", "eps": "0.58", "value_date": "", "float_shares": "441000000", "totalShares": "441000000", "disnext_pay_date": "", "kzz_putback_price": "0.0"}}