{"list": [{"nonoreve": 16394899.92, "unreinveloss": null, "capitalreserve": null, "inteinco": null, "profreturninvest": null, "avaidistshareprof": null, "preferredskdiv": null, "welfare": null, "minysharrigh": -5697305.76, "otherbizprof": null, "biztotincoitse": null, "capitalizeddivi": null, "realsale": null, "subsidyincome": null, "adjustdate": "20170830", "netpro1itse": null, "enddate": "20170630", "otherdistprof": null, "operprofform": null, "legalsurp": null, "netpro2form": null, "parecompincoamt": 85869661.06, "realsalecost": null, "contress": null, "pounexpe": null, "noncassetsdisl": 260035.29, "parenetp": 85869492.64, "parecompinco": 168.42, "accpolicychg": null, "surrgold": null, "custinco": null, "netprofit": 80172186.88, "proftotform": null, "dilutedeps": 0.25, "valuechgloss": 1192720.0, "reservefund": null, "asseimpaloss": 11279613.83, "finexpe": 17164361.71, "compnetexpe": null, "biztotincoform": null, "debtrestruloss": null, "earnprem": null, "nonoexpe": 7438948.6, "assoinveprof": 422914.7, "minysharinco": null, "otherbizcost": null, "supplycurcap": null, "basiceps": 0.25, "biztotcostform": null, "inteexpe": null, "inveinco": 6011803.2, "freesurplu": null, "otherbizinco": null, "totprofit": 97069574.5, "accstacode": "2", "developfund": null, "exchggain": null, "mergeformnetprof": null, "compcode": "80140710", "pouninco": null, "netpro2itse": null, "incotaxexpe": 16897387.62, "othercompinco": 168.42, "biztotcost": 1337374701.14, "undisprofit": null, "biztax": 17254190.01, "accestimatechg": null, "bizprofitse": null, "netpro1form": null, "manaexpe": 130748517.63, "dealwithdivi": null, "selldepartgain": null, "deveexpe": null, "begindate": "20170101", "compincoamt": 80172355.3, "proftotitse": null, "undisprofredu": null, "otherinto": null, "publishdate": "20170830", "futuloss": null, "staffaward": null, "perprofit": 88113623.18, "salesexpe": 321275548.1, "bizinco": 1418283801.12, "biztotcostitse": null, "minysharincoamt": -5697305.76, "accstaname": "\u65b0\u4f1a\u8ba1\u51c6\u5219", "reporttype": "100111", "earlyundiprof": null, "bizcost": 839652469.86, "polidiviexpe": null, "reinexpe": null, "biztotinco": 1418283801.12, "othersupply": null, "natudisasterloss": null}, {"nonoreve": 7646884.44, "unreinveloss": null, "capitalreserve": null, "inteinco": null, "profreturninvest": null, "avaidistshareprof": null, "preferredskdiv": null, "welfare": null, "minysharrigh": -2715711.77, "otherbizprof": null, "biztotincoitse": null, "capitalizeddivi": null, "realsale": null, "subsidyincome": null, "adjustdate": "20170427", "netpro1itse": null, "enddate": "20170331", "otherdistprof": null, "operprofform": null, "legalsurp": null, "netpro2form": null, "parecompincoamt": 53365001.97, "realsalecost": null, "contress": null, "pounexpe": null, "noncassetsdisl": 6528.26, "parenetp": 53365001.97, "parecompinco": null, "accpolicychg": null, "surrgold": null, "custinco": null, "netprofit": 50649290.2, "proftotform": null, "dilutedeps": 0.15, "valuechgloss": -869000.0, "reservefund": null, "asseimpaloss": 11392391.17, "finexpe": 5628309.36, "compnetexpe": null, "biztotincoform": null, "debtrestruloss": null, "earnprem": null, "nonoexpe": 3179439.62, "assoinveprof": null, "minysharinco": null, "otherbizcost": null, "supplycurcap": null, "basiceps": 0.15, "biztotcostform": null, "inteexpe": null, "inveinco": 400077.96, "freesurplu": null, "otherbizinco": null, "totprofit": 61941479.54, "accstacode": "2", "developfund": null, "exchggain": null, "mergeformnetprof": null, "compcode": "80140710", "pouninco": null, "netpro2itse": null, "incotaxexpe": 11292189.34, "othercompinco": null, "biztotcost": 691601022.98, "undisprofit": null, "biztax": 9491403.89, "accestimatechg": null, "bizprofitse": null, "netpro1form": null, "manaexpe": 61297579.34, "dealwithdivi": null, "selldepartgain": null, "deveexpe": null, "begindate": "20170101", "compincoamt": 50649290.2, "proftotitse": null, "undisprofredu": null, "otherinto": null, "publishdate": "20170427", "futuloss": null, "staffaward": null, "perprofit": 57474034.72, "salesexpe": 171284882.79, "bizinco": 749543979.74, "biztotcostitse": null, "minysharincoamt": -2715711.77, "accstaname": "\u65b0\u4f1a\u8ba1\u51c6\u5219", "reporttype": "100111", "earlyundiprof": null, "bizcost": 432506456.43, "polidiviexpe": null, "reinexpe": null, "biztotinco": 749543979.74, "othersupply": null, "natudisasterloss": null}, {"nonoreve": 23728476.22, "unreinveloss": null, "capitalreserve": null, "inteinco": null, "profreturninvest": null, "avaidistshareprof": null, "preferredskdiv": null, "welfare": null, "minysharrigh": -3093846.23, "otherbizprof": null, "biztotincoitse": null, "capitalizeddivi": null, "realsale": null, "subsidyincome": null, "adjustdate": "20170427", "netpro1itse": null, "enddate": "20161231", "otherdistprof": null, "operprofform": null, "legalsurp": null, "netpro2form": null, "parecompincoamt": 137366586.07, "realsalecost": null, "contress": null, "pounexpe": null, "noncassetsdisl": 336225.82, "parenetp": 137366586.07, "parecompinco": null, "accpolicychg": null, "surrgold": null, "custinco": null, "netprofit": 134272739.84, "proftotform": null, "dilutedeps": 0.41, "valuechgloss": 235700.0, "reservefund": null, "asseimpaloss": 9379139.7, "finexpe": -8250187.92, "compnetexpe": null, "biztotincoform": null, "debtrestruloss": null, "earnprem": null, "nonoexpe": 20206790.63, "assoinveprof": -3219072.19, "minysharinco": null, "otherbizcost": null, "supplycurcap": null, "basiceps": 0.41, "biztotcostform": null, "inteexpe": null, "inveinco": 14834860.75, "freesurplu": null, "otherbizinco": null, "totprofit": 161215136.59, "accstacode": "2", "developfund": null, "exchggain": null, "mergeformnetprof": null, "compcode": "80140710", "pouninco": null, "netpro2itse": null, "incotaxexpe": 26942396.75, "othercompinco": null, "biztotcost": 2404914855.29, "undisprofit": null, "biztax": 31623925.6, "accestimatechg": null, "bizprofitse": null, "netpro1form": null, "manaexpe": 258112376.4, "dealwithdivi": null, "selldepartgain": null, "deveexpe": null, "begindate": "20160101", "compincoamt": 134272739.84, "proftotitse": null, "undisprofredu": null, "otherinto": null, "publishdate": "20170427", "futuloss": null, "staffaward": null, "perprofit": 157693451.0, "salesexpe": 595695478.65, "bizinco": 2547537745.54, "biztotcostitse": null, "minysharincoamt": -3093846.23, "accstaname": "\u65b0\u4f1a\u8ba1\u51c6\u5219", "reporttype": "100111", "earlyundiprof": null, "bizcost": 1518354122.86, "polidiviexpe": null, "reinexpe": null, "biztotinco": 2547537745.54, "othersupply": null, "natudisasterloss": null}, {"nonoreve": 17591192.29, "unreinveloss": null, "capitalreserve": null, "inteinco": null, "profreturninvest": null, "avaidistshareprof": null, "preferredskdiv": null, "welfare": null, "minysharrigh": null, "otherbizprof": null, "biztotincoitse": null, "capitalizeddivi": null, "realsale": null, "subsidyincome": null, "adjustdate": "20161020", "netpro1itse": null, "enddate": "20160930", "otherdistprof": null, "operprofform": null, "legalsurp": null, "netpro2form": null, "parecompincoamt": 99586661.23, "realsalecost": null, "contress": null, "pounexpe": null, "noncassetsdisl": 263781.14, "parenetp": 99586661.23, "parecompinco": null, "accpolicychg": null, "surrgold": null, "custinco": null, "netprofit": 99586661.23, "proftotform": null, "dilutedeps": 0.3, "valuechgloss": 235700.0, "reservefund": null, "asseimpaloss": 11310884.98, "finexpe": 780011.19, "compnetexpe": null, "biztotincoform": null, "debtrestruloss": null, "earnprem": null, "nonoexpe": 13237947.7, "assoinveprof": null, "minysharinco": null, "otherbizcost": null, "supplycurcap": null, "basiceps": 0.3, "biztotcostform": null, "inteexpe": null, "inveinco": 15878031.58, "freesurplu": null, "otherbizinco": null, "totprofit": 119163764.88, "accstacode": "2", "developfund": null, "exchggain": null, "mergeformnetprof": null, "compcode": "80140710", "pouninco": null, "netpro2itse": null, "incotaxexpe": 19577103.65, "othercompinco": null, "biztotcost": 1713216461.73, "undisprofit": null, "biztax": 16895220.2, "accestimatechg": null, "bizprofitse": null, "netpro1form": null, "manaexpe": 183172768.23, "dealwithdivi": null, "selldepartgain": null, "deveexpe": null, "begindate": "20160101", "compincoamt": 99586661.23, "proftotitse": null, "undisprofredu": null, "otherinto": null, "publishdate": "20161020", "futuloss": null, "staffaward": null, "perprofit": 114810520.29, "salesexpe": 432169047.05, "bizinco": 1811913250.44, "biztotcostitse": null, "minysharincoamt": null, "accstaname": "\u65b0\u4f1a\u8ba1\u51c6\u5219", "reporttype": "100111", "earlyundiprof": null, "bizcost": 1068888530.08, "polidiviexpe": null, "reinexpe": null, "biztotinco": 1811913250.44, "othersupply": null, "natudisasterloss": null}, {"nonoreve": 9124152.42, "unreinveloss": null, "capitalreserve": null, "inteinco": null, "profreturninvest": null, "avaidistshareprof": null, "preferredskdiv": null, "welfare": null, "minysharrigh": null, "otherbizprof": null, "biztotincoitse": null, "capitalizeddivi": null, "realsale": null, "subsidyincome": null, "adjustdate": "20160825", "netpro1itse": null, "enddate": "20160630", "otherdistprof": null, "operprofform": null, "legalsurp": null, "netpro2form": null, "parecompincoamt": 72890341.6, "realsalecost": null, "contress": null, "pounexpe": null, "noncassetsdisl": 263781.14, "parenetp": 72890341.6, "parecompinco": null, "accpolicychg": null, "surrgold": null, "custinco": null, "netprofit": 72890341.6, "proftotform": null, "dilutedeps": 0.23, "valuechgloss": 235700.0, "reservefund": null, "asseimpaloss": 4757722.94, "finexpe": 792153.49, "compnetexpe": null, "biztotincoform": null, "debtrestruloss": null, "earnprem": null, "nonoexpe": 9559748.72, "assoinveprof": null, "minysharinco": null, "otherbizcost": null, "supplycurcap": null, "basiceps": 0.23, "biztotcostform": null, "inteexpe": null, "inveinco": 8919335.28, "freesurplu": null, "otherbizinco": null, "totprofit": 87069544.79, "accstacode": "2", "developfund": null, "exchggain": null, "mergeformnetprof": null, "compcode": "80140710", "pouninco": null, "netpro2itse": null, "incotaxexpe": 14179203.19, "othercompinco": null, "biztotcost": 1098978154.89, "undisprofit": null, "biztax": 12645697.13, "accestimatechg": null, "bizprofitse": null, "netpro1form": null, "manaexpe": 117757818.3, "dealwithdivi": null, "selldepartgain": null, "deveexpe": null, "begindate": "20160101", "compincoamt": 72890341.6, "proftotitse": null, "undisprofredu": null, "otherinto": null, "publishdate": "20160825", "futuloss": null, "staffaward": null, "perprofit": 87505141.09, "salesexpe": 282867061.9, "bizinco": 1177328260.7, "biztotcostitse": null, "minysharincoamt": null, "accstaname": "\u65b0\u4f1a\u8ba1\u51c6\u5219", "reporttype": "100111", "earlyundiprof": null, "bizcost": 680157701.13, "polidiviexpe": null, "reinexpe": null, "biztotinco": 1177328260.7, "othersupply": null, "natudisasterloss": null}, {"nonoreve": 4554772.95, "unreinveloss": null, "capitalreserve": null, "inteinco": null, "profreturninvest": null, "avaidistshareprof": null, "preferredskdiv": null, "welfare": null, "minysharrigh": null, "otherbizprof": null, "biztotincoitse": null, "capitalizeddivi": null, "realsale": null, "subsidyincome": null, "adjustdate": "20160430", "netpro1itse": null, "enddate": "20160331", "otherdistprof": null, "operprofform": null, "legalsurp": null, "netpro2form": null, "parecompincoamt": 44249375.24, "realsalecost": null, "contress": null, "pounexpe": null, "noncassetsdisl": 259542.59, "parenetp": 44249375.24, "parecompinco": null, "accpolicychg": null, "surrgold": null, "custinco": null, "netprofit": 44249375.24, "proftotform": null, "dilutedeps": 0.14, "valuechgloss": 209950.0, "reservefund": null, "asseimpaloss": 5916535.84, "finexpe": 3261592.0, "compnetexpe": null, "biztotincoform": null, "debtrestruloss": null, "earnprem": null, "nonoexpe": 4562990.3, "assoinveprof": null, "minysharinco": null, "otherbizcost": null, "supplycurcap": null, "basiceps": 0.14, "biztotcostform": null, "inteexpe": null, "inveinco": 6103593.17, "freesurplu": null, "otherbizinco": null, "totprofit": 53829814.18, "accstacode": "2", "developfund": null, "exchggain": null, "mergeformnetprof": null, "compcode": "80140710", "pouninco": null, "netpro2itse": null, "incotaxexpe": 9580438.94, "othercompinco": null, "biztotcost": 583259671.35, "undisprofit": null, "biztax": 7168166.73, "accestimatechg": null, "bizprofitse": null, "netpro1form": null, "manaexpe": 54786940.29, "dealwithdivi": null, "selldepartgain": null, "deveexpe": null, "begindate": "20160101", "compincoamt": 44249375.24, "proftotitse": null, "undisprofredu": null, "otherinto": null, "publishdate": "20160430", "futuloss": null, "staffaward": null, "perprofit": 53838031.53, "salesexpe": 149230323.64, "bizinco": 630784159.71, "biztotcostitse": null, "minysharincoamt": null, "accstaname": "\u65b0\u4f1a\u8ba1\u51c6\u5219", "reporttype": "100111", "earlyundiprof": null, "bizcost": 362896112.85, "polidiviexpe": null, "reinexpe": null, "biztotinco": 630784159.71, "othersupply": null, "natudisasterloss": null}, {"nonoreve": 23067966.44, "unreinveloss": null, "capitalreserve": null, "inteinco": null, "profreturninvest": null, "avaidistshareprof": null, "preferredskdiv": null, "welfare": null, "minysharrigh": 247266.31, "otherbizprof": null, "biztotincoitse": null, "capitalizeddivi": null, "realsale": null, "subsidyincome": null, "adjustdate": "20160430", "netpro1itse": null, "enddate": "20151231", "otherdistprof": null, "operprofform": null, "legalsurp": null, "netpro2form": null, "parecompincoamt": 113394629.15, "realsalecost": null, "contress": null, "pounexpe": null, "noncassetsdisl": 1241048.65, "parenetp": 113394629.15, "parecompinco": null, "accpolicychg": null, "surrgold": null, "custinco": null, "netprofit": 113641895.46, "proftotform": null, "dilutedeps": 0.36, "valuechgloss": 627743.33, "reservefund": null, "asseimpaloss": 9808883.46, "finexpe": -576816.34, "compnetexpe": null, "biztotincoform": null, "debtrestruloss": null, "earnprem": null, "nonoexpe": 17364861.73, "assoinveprof": null, "minysharinco": null, "otherbizcost": null, "supplycurcap": null, "basiceps": 0.36, "biztotcostform": null, "inteexpe": null, "inveinco": 28732594.28, "freesurplu": null, "otherbizinco": null, "totprofit": 136535629.45, "accstacode": "2", "developfund": null, "exchggain": null, "mergeformnetprof": null, "compcode": "80140710", "pouninco": null, "netpro2itse": null, "incotaxexpe": 22893733.99, "othercompinco": null, "biztotcost": 2140547238.0, "undisprofit": null, "biztax": 17124815.76, "accestimatechg": null, "bizprofitse": null, "netpro1form": null, "manaexpe": 236241838.01, "dealwithdivi": null, "selldepartgain": null, "deveexpe": null, "begindate": "20150101", "compincoamt": 113641895.46, "proftotitse": null, "undisprofredu": null, "otherinto": null, "publishdate": "20160430", "futuloss": null, "staffaward": null, "perprofit": 130832524.74, "salesexpe": 502752087.25, "bizinco": 2242019425.13, "biztotcostitse": null, "minysharincoamt": 247266.31, "accstaname": "\u65b0\u4f1a\u8ba1\u51c6\u5219", "reporttype": "100111", "earlyundiprof": null, "bizcost": 1375196429.86, "polidiviexpe": null, "reinexpe": null, "biztotinco": 2242019425.13, "othersupply": null, "natudisasterloss": null}, {"nonoreve": 15143597.57, "unreinveloss": null, "capitalreserve": null, "inteinco": null, "profreturninvest": null, "avaidistshareprof": null, "preferredskdiv": null, "welfare": null, "minysharrigh": 247266.31, "otherbizprof": null, "biztotincoitse": null, "capitalizeddivi": null, "realsale": null, "subsidyincome": null, "adjustdate": "20151031", "netpro1itse": null, "enddate": "20150930", "otherdistprof": null, "operprofform": null, "legalsurp": null, "netpro2form": null, "parecompincoamt": 74021349.61, "realsalecost": null, "contress": null, "pounexpe": null, "noncassetsdisl": 189502.48, "parenetp": 74021349.61, "parecompinco": null, "accpolicychg": null, "surrgold": null, "custinco": null, "netprofit": 74268615.92, "proftotform": null, "dilutedeps": 0.24, "valuechgloss": -302610.0, "reservefund": null, "asseimpaloss": 22582469.1, "finexpe": -1430119.37, "compnetexpe": null, "biztotincoform": null, "debtrestruloss": null, "earnprem": null, "nonoexpe": 10886337.25, "assoinveprof": null, "minysharinco": null, "otherbizcost": null, "supplycurcap": null, "basiceps": 0.24, "biztotcostform": null, "inteexpe": null, "inveinco": 17689313.3, "freesurplu": null, "otherbizinco": null, "totprofit": 89772297.49, "accstacode": "2", "developfund": null, "exchggain": null, "mergeformnetprof": null, "compcode": "80140710", "pouninco": null, "netpro2itse": null, "incotaxexpe": 15503681.57, "othercompinco": null, "biztotcost": 1543161603.43, "undisprofit": null, "biztax": 12947640.58, "accestimatechg": null, "bizprofitse": null, "netpro1form": null, "manaexpe": 176853369.3, "dealwithdivi": null, "selldepartgain": null, "deveexpe": null, "begindate": "20150101", "compincoamt": 74268615.92, "proftotitse": null, "undisprofredu": null, "otherinto": null, "publishdate": "20151031", "futuloss": null, "staffaward": null, "perprofit": 85515037.17, "salesexpe": 342234040.2, "bizinco": 1611289937.3, "biztotcostitse": null, "minysharincoamt": 247266.31, "accstaname": "\u65b0\u4f1a\u8ba1\u51c6\u5219", "reporttype": "100111", "earlyundiprof": null, "bizcost": 989974203.62, "polidiviexpe": null, "reinexpe": null, "biztotinco": 1611289937.3, "othersupply": null, "natudisasterloss": null}, {"nonoreve": 9641602.2, "unreinveloss": null, "capitalreserve": null, "inteinco": null, "profreturninvest": null, "avaidistshareprof": null, "preferredskdiv": null, "welfare": null, "minysharrigh": 247266.31, "otherbizprof": null, "biztotincoitse": null, "capitalizeddivi": null, "realsale": null, "subsidyincome": null, "adjustdate": "20150827", "netpro1itse": null, "enddate": "20150630", "otherdistprof": null, "operprofform": null, "legalsurp": null, "netpro2form": null, "parecompincoamt": 57605128.33, "realsalecost": null, "contress": null, "pounexpe": null, "noncassetsdisl": 69892.03, "parenetp": 57605128.33, "parecompinco": null, "accpolicychg": null, "surrgold": null, "custinco": null, "netprofit": 57852394.64, "proftotform": null, "dilutedeps": 0.24, "valuechgloss": 2663166.66, "reservefund": null, "asseimpaloss": 7291822.11, "finexpe": 4468208.04, "compnetexpe": null, "biztotincoform": null, "debtrestruloss": null, "earnprem": null, "nonoexpe": 6702488.21, "assoinveprof": null, "minysharinco": null, "otherbizcost": null, "supplycurcap": null, "basiceps": 0.24, "biztotcostform": null, "inteexpe": null, "inveinco": 11130492.9, "freesurplu": null, "otherbizinco": null, "totprofit": 74964652.67, "accstacode": "2", "developfund": null, "exchggain": null, "mergeformnetprof": null, "compcode": "80140710", "pouninco": null, "netpro2itse": null, "incotaxexpe": 17112258.03, "othercompinco": null, "biztotcost": 942455034.22, "undisprofit": null, "biztax": 9749005.4, "accestimatechg": null, "bizprofitse": null, "netpro1form": null, "manaexpe": 109679079.06, "dealwithdivi": null, "selldepartgain": null, "deveexpe": null, "begindate": "20150101", "compincoamt": 57852394.64, "proftotitse": null, "undisprofredu": null, "otherinto": null, "publishdate": "20150827", "futuloss": null, "staffaward": null, "perprofit": 72025538.68, "salesexpe": 205431622.33, "bizinco": 1000686913.34, "biztotcostitse": null, "minysharincoamt": 247266.31, "accstaname": "\u65b0\u4f1a\u8ba1\u51c6\u5219", "reporttype": "100111", "earlyundiprof": null, "bizcost": 605835297.28, "polidiviexpe": null, "reinexpe": null, "biztotinco": 1000686913.34, "othersupply": null, "natudisasterloss": null}, {"nonoreve": 5838501.38, "unreinveloss": null, "capitalreserve": null, "inteinco": null, "profreturninvest": null, "avaidistshareprof": null, "preferredskdiv": null, "welfare": null, "minysharrigh": 247266.31, "otherbizprof": null, "biztotincoitse": null, "capitalizeddivi": null, "realsale": null, "subsidyincome": null, "adjustdate": "20150429", "netpro1itse": null, "enddate": "20150331", "otherdistprof": null, "operprofform": null, "legalsurp": null, "netpro2form": null, "parecompincoamt": 32442074.2, "realsalecost": null, "contress": null, "pounexpe": null, "noncassetsdisl": null, "parenetp": 32442074.2, "parecompinco": null, "accpolicychg": null, "surrgold": null, "custinco": null, "netprofit": 32689340.51, "proftotform": null, "dilutedeps": 0.14, "valuechgloss": 1049267.78, "reservefund": null, "asseimpaloss": 2085036.7, "finexpe": 1979718.73, "compnetexpe": null, "biztotincoform": null, "debtrestruloss": null, "earnprem": null, "nonoexpe": 3938150.8, "assoinveprof": null, "minysharinco": null, "otherbizcost": null, "supplycurcap": null, "basiceps": 0.14, "biztotcostform": null, "inteexpe": null, "inveinco": 5725026.86, "freesurplu": null, "otherbizinco": null, "totprofit": 42977473.69, "accstacode": "2", "developfund": null, "exchggain": null, "mergeformnetprof": null, "compcode": "80140710", "pouninco": null, "netpro2itse": null, "incotaxexpe": 10288133.18, "othercompinco": null, "biztotcost": 471060464.22, "undisprofit": null, "biztax": 5236252.71, "accestimatechg": null, "bizprofitse": null, "netpro1form": null, "manaexpe": 49510117.27, "dealwithdivi": null, "selldepartgain": null, "deveexpe": null, "begindate": "20150101", "compincoamt": 32689340.51, "proftotitse": null, "undisprofredu": null, "otherinto": null, "publishdate": "20150429", "futuloss": null, "staffaward": null, "perprofit": 41077123.11, "salesexpe": 113584608.61, "bizinco": 505363292.69, "biztotcostitse": null, "minysharincoamt": 247266.31, "accstaname": "\u65b0\u4f1a\u8ba1\u51c6\u5219", "reporttype": "100111", "earlyundiprof": null, "bizcost": 298664730.2, "polidiviexpe": null, "reinexpe": null, "biztotinco": 505363292.69, "othersupply": null, "natudisasterloss": null}, {"nonoreve": 24188524.22, "unreinveloss": null, "capitalreserve": null, "inteinco": null, "profreturninvest": null, "avaidistshareprof": null, "preferredskdiv": null, "welfare": null, "minysharrigh": 7160786.02, "otherbizprof": null, "biztotincoitse": null, "capitalizeddivi": null, "realsale": null, "subsidyincome": null, "adjustdate": "20150415", "netpro1itse": null, "enddate": "20141231", "otherdistprof": null, "operprofform": null, "legalsurp": null, "netpro2form": null, "parecompincoamt": 81344022.6, "realsalecost": null, "contress": null, "pounexpe": null, "noncassetsdisl": 1107588.57, "parenetp": 81344022.6, "parecompinco": null, "accpolicychg": null, "surrgold": null, "custinco": null, "netprofit": 88504808.62, "proftotform": null, "dilutedeps": 0.34, "valuechgloss": -1491193.33, "reservefund": null, "asseimpaloss": 14391145.78, "finexpe": 9110467.93, "compnetexpe": null, "biztotincoform": null, "debtrestruloss": null, "earnprem": null, "nonoexpe": 20563481.09, "assoinveprof": null, "minysharinco": null, "otherbizcost": null, "supplycurcap": null, "basiceps": 0.34, "biztotcostform": null, "inteexpe": null, "inveinco": 14153874.42, "freesurplu": null, "otherbizinco": null, "totprofit": 102180416.0, "accstacode": "2", "developfund": null, "exchggain": null, "mergeformnetprof": null, "compcode": "80140710", "pouninco": null, "netpro2itse": null, "incotaxexpe": 13675607.38, "othercompinco": null, "biztotcost": 2120638801.71, "undisprofit": null, "biztax": 18145146.92, "accestimatechg": null, "bizprofitse": null, "netpro1form": null, "manaexpe": 217709175.28, "dealwithdivi": null, "selldepartgain": null, "deveexpe": null, "begindate": "20140101", "compincoamt": 88504808.62, "proftotitse": null, "undisprofredu": null, "otherinto": null, "publishdate": "20150415", "futuloss": null, "staffaward": null, "perprofit": 98555372.87, "salesexpe": 440720380.33, "bizinco": 2206531493.49, "biztotcostitse": null, "minysharincoamt": 7160786.02, "accstaname": "\u65b0\u4f1a\u8ba1\u51c6\u5219", "reporttype": "100111", "earlyundiprof": null, "bizcost": 1420562485.47, "polidiviexpe": null, "reinexpe": null, "biztotinco": 2206531493.49, "othersupply": null, "natudisasterloss": null}, {"nonoreve": 16897046.87, "unreinveloss": null, "capitalreserve": null, "inteinco": null, "profreturninvest": null, "avaidistshareprof": null, "preferredskdiv": null, "welfare": null, "minysharrigh": 5620950.26, "otherbizprof": null, "biztotincoitse": null, "capitalizeddivi": null, "realsale": null, "subsidyincome": null, "adjustdate": "20141028", "netpro1itse": null, "enddate": "20140930", "otherdistprof": null, "operprofform": null, "legalsurp": null, "netpro2form": null, "parecompincoamt": 53893137.93, "realsalecost": null, "contress": null, "pounexpe": null, "noncassetsdisl": 789010.95, "parenetp": 53893137.93, "parecompinco": null, "accpolicychg": null, "surrgold": null, "custinco": null, "netprofit": 59514088.19, "proftotform": null, "dilutedeps": 0.22, "valuechgloss": 963400.0, "reservefund": null, "asseimpaloss": 11152168.29, "finexpe": 6108717.68, "compnetexpe": null, "biztotincoform": null, "debtrestruloss": null, "earnprem": null, "nonoexpe": 16433493.76, "assoinveprof": null, "minysharinco": null, "otherbizcost": null, "supplycurcap": null, "basiceps": 0.22, "biztotcostform": null, "inteexpe": null, "inveinco": 6004416.3, "freesurplu": null, "otherbizinco": null, "totprofit": 67165044.78, "accstacode": "2", "developfund": null, "exchggain": null, "mergeformnetprof": null, "compcode": "80140710", "pouninco": null, "netpro2itse": null, "incotaxexpe": 7650956.59, "othercompinco": null, "biztotcost": 1557455271.05, "undisprofit": null, "biztax": 12700808.78, "accestimatechg": null, "bizprofitse": null, "netpro1form": null, "manaexpe": 160878698.39, "dealwithdivi": null, "selldepartgain": null, "deveexpe": null, "begindate": "20140101", "compincoamt": 59514088.19, "proftotitse": null, "undisprofredu": null, "otherinto": null, "publishdate": "20141028", "futuloss": null, "staffaward": null, "perprofit": 66701491.67, "salesexpe": 328651278.52, "bizinco": 1617188946.42, "biztotcostitse": null, "minysharincoamt": 5620950.26, "accstaname": "\u65b0\u4f1a\u8ba1\u51c6\u5219", "reporttype": "100111", "earlyundiprof": null, "bizcost": 1037963599.39, "polidiviexpe": null, "reinexpe": null, "biztotinco": 1617188946.42, "othersupply": null, "natudisasterloss": null}, {"nonoreve": 10884164.38, "unreinveloss": null, "capitalreserve": null, "inteinco": null, "profreturninvest": null, "avaidistshareprof": null, "preferredskdiv": null, "welfare": null, "minysharrigh": 3952894.42, "otherbizprof": null, "biztotincoitse": null, "capitalizeddivi": null, "realsale": null, "subsidyincome": null, "adjustdate": "20140822", "netpro1itse": null, "enddate": "20140630", "otherdistprof": null, "operprofform": null, "legalsurp": null, "netpro2form": null, "parecompincoamt": 38477582.16, "realsalecost": null, "contress": null, "pounexpe": null, "noncassetsdisl": 13890.93, "parenetp": 38477582.16, "parecompinco": null, "accpolicychg": null, "surrgold": null, "custinco": null, "netprofit": 42430476.58, "proftotform": null, "dilutedeps": 0.16, "valuechgloss": 2681575.32, "reservefund": null, "asseimpaloss": 2760773.18, "finexpe": 3594915.13, "compnetexpe": null, "biztotincoform": null, "debtrestruloss": null, "earnprem": null, "nonoexpe": 10128003.53, "assoinveprof": null, "minysharinco": null, "otherbizcost": null, "supplycurcap": null, "basiceps": 0.16, "biztotcostform": null, "inteexpe": null, "inveinco": -367939.32, "freesurplu": null, "otherbizinco": null, "totprofit": 48143127.88, "accstacode": "2", "developfund": null, "exchggain": null, "mergeformnetprof": null, "compcode": "80140710", "pouninco": null, "netpro2itse": null, "incotaxexpe": 5712651.3, "othercompinco": null, "biztotcost": 990961522.42, "undisprofit": null, "biztax": 8371960.88, "accestimatechg": null, "bizprofitse": null, "netpro1form": null, "manaexpe": 102545775.15, "dealwithdivi": null, "selldepartgain": null, "deveexpe": null, "begindate": "20140101", "compincoamt": 42430476.58, "proftotitse": null, "undisprofredu": null, "otherinto": null, "publishdate": "20140822", "futuloss": null, "staffaward": null, "perprofit": 47386967.03, "salesexpe": 206408286.49, "bizinco": 1036034853.45, "biztotcostitse": null, "minysharincoamt": 3952894.42, "accstaname": "\u65b0\u4f1a\u8ba1\u51c6\u5219", "reporttype": "100111", "earlyundiprof": null, "bizcost": 667279811.59, "polidiviexpe": null, "reinexpe": null, "biztotinco": 1036034853.45, "othersupply": null, "natudisasterloss": null}, {"nonoreve": 4999270.95, "unreinveloss": null, "capitalreserve": null, "inteinco": null, "profreturninvest": null, "avaidistshareprof": null, "preferredskdiv": null, "welfare": null, "minysharrigh": 688617.24, "otherbizprof": null, "biztotincoitse": null, "capitalizeddivi": null, "realsale": null, "subsidyincome": null, "adjustdate": "20140425", "netpro1itse": null, "enddate": "20140331", "otherdistprof": null, "operprofform": null, "legalsurp": null, "netpro2form": null, "parecompincoamt": 16365661.58, "realsalecost": null, "contress": null, "pounexpe": null, "noncassetsdisl": null, "parenetp": 16365661.58, "parecompinco": null, "accpolicychg": null, "surrgold": null, "custinco": null, "netprofit": 17054278.82, "proftotform": null, "dilutedeps": 0.07, "valuechgloss": -1703467.78, "reservefund": null, "asseimpaloss": 130784.17, "finexpe": 3244288.59, "compnetexpe": null, "biztotincoform": null, "debtrestruloss": null, "earnprem": null, "nonoexpe": 4682226.45, "assoinveprof": null, "minysharinco": null, "otherbizcost": null, "supplycurcap": null, "basiceps": 0.07, "biztotcostform": null, "inteexpe": null, "inveinco": 405650.0, "freesurplu": null, "otherbizinco": null, "totprofit": 18964984.69, "accstacode": "2", "developfund": null, "exchggain": null, "mergeformnetprof": null, "compcode": "80140710", "pouninco": null, "netpro2itse": null, "incotaxexpe": 1910705.87, "othercompinco": null, "biztotcost": 481606768.87, "undisprofit": null, "biztax": 3911391.67, "accestimatechg": null, "bizprofitse": null, "netpro1form": null, "manaexpe": 50244272.29, "dealwithdivi": null, "selldepartgain": null, "deveexpe": null, "begindate": "20140101", "compincoamt": 17054278.82, "proftotitse": null, "undisprofredu": null, "otherinto": null, "publishdate": "20140425", "futuloss": null, "staffaward": null, "perprofit": 18647940.19, "salesexpe": 99137721.75, "bizinco": 501552526.84, "biztotcostitse": null, "minysharincoamt": 688617.24, "accstaname": "\u65b0\u4f1a\u8ba1\u51c6\u5219", "reporttype": "100111", "earlyundiprof": null, "bizcost": 324938310.4, "polidiviexpe": null, "reinexpe": null, "biztotinco": 501552526.84, "othersupply": null, "natudisasterloss": null}, {"nonoreve": 62813508.28, "unreinveloss": null, "capitalreserve": null, "inteinco": null, "profreturninvest": null, "avaidistshareprof": null, "preferredskdiv": null, "welfare": null, "minysharrigh": 6595300.64, "otherbizprof": null, "biztotincoitse": null, "capitalizeddivi": null, "realsale": null, "subsidyincome": null, "adjustdate": "20140422", "netpro1itse": null, "enddate": "20131231", "otherdistprof": null, "operprofform": null, "legalsurp": null, "netpro2form": null, "parecompincoamt": 42876135.46, "realsalecost": null, "contress": null, "pounexpe": null, "noncassetsdisl": 36414947.9, "parenetp": 42876135.46, "parecompinco": null, "accpolicychg": null, "surrgold": null, "custinco": null, "netprofit": 49471436.1, "proftotform": null, "dilutedeps": 0.18, "valuechgloss": 627750.0, "reservefund": null, "asseimpaloss": 8555716.22, "finexpe": 28846476.83, "compnetexpe": null, "biztotincoform": null, "debtrestruloss": null, "earnprem": null, "nonoexpe": 52346312.74, "assoinveprof": null, "minysharinco": null, "otherbizcost": null, "supplycurcap": null, "basiceps": 0.18, "biztotcostform": null, "inteexpe": null, "inveinco": 3456370.0, "freesurplu": null, "otherbizinco": null, "totprofit": 54025528.0, "accstacode": "2", "developfund": null, "exchggain": null, "mergeformnetprof": null, "compcode": "80140710", "pouninco": null, "netpro2itse": null, "incotaxexpe": 4554091.9, "othercompinco": null, "biztotcost": 2095219460.33, "undisprofit": null, "biztax": 16653970.71, "accestimatechg": null, "bizprofitse": null, "netpro1form": null, "manaexpe": 206309519.23, "dealwithdivi": null, "selldepartgain": null, "deveexpe": null, "begindate": "20130101", "compincoamt": 49471436.1, "proftotitse": null, "undisprofredu": null, "otherinto": null, "publishdate": "20140422", "futuloss": null, "staffaward": null, "perprofit": 43558332.46, "salesexpe": 388424525.69, "bizinco": 2134693672.79, "biztotcostitse": null, "minysharincoamt": 6595300.64, "accstaname": "\u65b0\u4f1a\u8ba1\u51c6\u5219", "reporttype": "100111", "earlyundiprof": null, "bizcost": 1446429251.65, "polidiviexpe": null, "reinexpe": null, "biztotinco": 2134693672.79, "othersupply": null, "natudisasterloss": null}, {"nonoreve": 8785372.26, "unreinveloss": null, "capitalreserve": null, "inteinco": null, "profreturninvest": null, "avaidistshareprof": null, "preferredskdiv": null, "welfare": null, "minysharrigh": 3221045.79, "otherbizprof": null, "biztotincoitse": null, "capitalizeddivi": null, "realsale": null, "subsidyincome": null, "adjustdate": "20131026", "netpro1itse": null, "enddate": "20130930", "otherdistprof": null, "operprofform": null, "legalsurp": null, "netpro2form": null, "parecompincoamt": 23702671.61, "realsalecost": null, "contress": null, "pounexpe": null, "noncassetsdisl": 4590.77, "parenetp": 23702671.61, "parecompinco": null, "accpolicychg": null, "surrgold": null, "custinco": null, "netprofit": 26923717.4, "proftotform": null, "dilutedeps": 0.1, "valuechgloss": 1653660.0, "reservefund": null, "asseimpaloss": 6514824.61, "finexpe": 21932719.45, "compnetexpe": null, "biztotincoform": null, "debtrestruloss": null, "earnprem": null, "nonoexpe": 1829458.34, "assoinveprof": null, "minysharinco": null, "otherbizcost": null, "supplycurcap": null, "basiceps": 0.1, "biztotcostform": null, "inteexpe": null, "inveinco": 1243110.0, "freesurplu": null, "otherbizinco": null, "totprofit": 27275309.87, "accstacode": "2", "developfund": null, "exchggain": null, "mergeformnetprof": 12164420.25, "compcode": "80140710", "pouninco": null, "netpro2itse": null, "incotaxexpe": 351592.47, "othercompinco": null, "biztotcost": 1522089871.82, "undisprofit": null, "biztax": 11045777.58, "accestimatechg": null, "bizprofitse": null, "netpro1form": null, "manaexpe": 146135126.86, "dealwithdivi": null, "selldepartgain": null, "deveexpe": null, "begindate": "20130101", "compincoamt": 26923717.4, "proftotitse": null, "undisprofredu": null, "otherinto": null, "publishdate": "20131026", "futuloss": null, "staffaward": null, "perprofit": 20319395.95, "salesexpe": 277149954.23, "bizinco": 1539512497.77, "biztotcostitse": null, "minysharincoamt": 3221045.79, "accstaname": "\u65b0\u4f1a\u8ba1\u51c6\u5219", "reporttype": "100111", "earlyundiprof": null, "bizcost": 1059311469.09, "polidiviexpe": null, "reinexpe": null, "biztotinco": 1539512497.77, "othersupply": null, "natudisasterloss": null}, {"nonoreve": 6683784.18, "unreinveloss": null, "capitalreserve": null, "inteinco": null, "profreturninvest": null, "avaidistshareprof": null, "preferredskdiv": null, "welfare": null, "minysharrigh": 2078834.61, "otherbizprof": null, "biztotincoitse": null, "capitalizeddivi": null, "realsale": null, "subsidyincome": null, "adjustdate": "20130820", "netpro1itse": null, "enddate": "20130630", "otherdistprof": null, "operprofform": null, "legalsurp": null, "netpro2form": null, "parecompincoamt": 18695120.54, "realsalecost": null, "contress": null, "pounexpe": null, "noncassetsdisl": 4590.77, "parenetp": 18695120.54, "parecompinco": null, "accpolicychg": null, "surrgold": null, "custinco": null, "netprofit": 20773955.15, "proftotform": null, "dilutedeps": 0.08, "valuechgloss": null, "reservefund": null, "asseimpaloss": 4363442.41, "finexpe": 15465304.06, "compnetexpe": null, "biztotincoform": null, "debtrestruloss": null, "earnprem": null, "nonoexpe": 1163828.87, "assoinveprof": null, "minysharinco": null, "otherbizcost": null, "supplycurcap": null, "basiceps": 0.08, "biztotcostform": null, "inteexpe": null, "inveinco": null, "freesurplu": null, "otherbizinco": null, "totprofit": 21007685.31, "accstacode": "2", "developfund": null, "exchggain": null, "mergeformnetprof": null, "compcode": "80140710", "pouninco": null, "netpro2itse": null, "incotaxexpe": 233730.16, "othercompinco": null, "biztotcost": 954607395.05, "undisprofit": null, "biztax": 7685905.68, "accestimatechg": null, "bizprofitse": null, "netpro1form": null, "manaexpe": 96452260.0, "dealwithdivi": null, "selldepartgain": null, "deveexpe": null, "begindate": "20130101", "compincoamt": 20773955.15, "proftotitse": null, "undisprofredu": null, "otherinto": null, "publishdate": "20130820", "futuloss": null, "staffaward": null, "perprofit": 15487730.0, "salesexpe": 174892533.47, "bizinco": 970095125.05, "biztotcostitse": null, "minysharincoamt": 2078834.61, "accstaname": "\u65b0\u4f1a\u8ba1\u51c6\u5219", "reporttype": "100111", "earlyundiprof": null, "bizcost": 655747949.43, "polidiviexpe": null, "reinexpe": null, "biztotinco": 970095125.05, "othersupply": null, "natudisasterloss": null}, {"nonoreve": 768929.24, "unreinveloss": null, "capitalreserve": null, "inteinco": null, "profreturninvest": null, "avaidistshareprof": null, "preferredskdiv": null, "welfare": null, "minysharrigh": 575143.97, "otherbizprof": null, "biztotincoitse": null, "capitalizeddivi": null, "realsale": null, "subsidyincome": null, "adjustdate": "20130426", "netpro1itse": null, "enddate": "20130331", "otherdistprof": null, "operprofform": null, "legalsurp": null, "netpro2form": null, "parecompincoamt": 15343001.29, "realsalecost": null, "contress": null, "pounexpe": null, "noncassetsdisl": 0.0, "parenetp": 15343001.29, "parecompinco": null, "accpolicychg": null, "surrgold": null, "custinco": null, "netprofit": 15918145.26, "proftotform": null, "dilutedeps": 0.06, "valuechgloss": 0.0, "reservefund": null, "asseimpaloss": 1680585.51, "finexpe": 7043368.4, "compnetexpe": null, "biztotincoform": null, "debtrestruloss": null, "earnprem": null, "nonoexpe": 546912.53, "assoinveprof": null, "minysharinco": null, "otherbizcost": null, "supplycurcap": null, "basiceps": 0.06, "biztotcostform": null, "inteexpe": null, "inveinco": 0.0, "freesurplu": null, "otherbizinco": null, "totprofit": 17510201.89, "accstacode": "2", "developfund": null, "exchggain": null, "mergeformnetprof": null, "compcode": "80140710", "pouninco": null, "netpro2itse": null, "incotaxexpe": 1592056.63, "othercompinco": null, "biztotcost": 489484291.75, "undisprofit": null, "biztax": 4269728.04, "accestimatechg": null, "bizprofitse": null, "netpro1form": null, "manaexpe": 47203287.2, "dealwithdivi": null, "selldepartgain": null, "deveexpe": null, "begindate": "20130101", "compincoamt": 15918145.26, "proftotitse": null, "undisprofredu": null, "otherinto": null, "publishdate": "20130426", "futuloss": null, "staffaward": null, "perprofit": 17288185.18, "salesexpe": 92713433.24, "bizinco": 506772476.93, "biztotcostitse": null, "minysharincoamt": 575143.97, "accstaname": "\u65b0\u4f1a\u8ba1\u51c6\u5219", "reporttype": "100111", "earlyundiprof": null, "bizcost": 336573889.36, "polidiviexpe": null, "reinexpe": null, "biztotinco": 506772476.93, "othersupply": null, "natudisasterloss": null}, {"nonoreve": 4290554.97, "unreinveloss": null, "capitalreserve": null, "inteinco": null, "profreturninvest": null, "avaidistshareprof": null, "preferredskdiv": null, "welfare": null, "minysharrigh": 3119358.14, "otherbizprof": null, "biztotincoitse": null, "capitalizeddivi": null, "realsale": null, "subsidyincome": null, "adjustdate": "20130425", "netpro1itse": null, "enddate": "20121231", "otherdistprof": null, "operprofform": null, "legalsurp": null, "netpro2form": null, "parecompincoamt": 30959137.25, "realsalecost": null, "contress": null, "pounexpe": null, "noncassetsdisl": 18873.37, "parenetp": 30959137.25, "parecompinco": null, "accpolicychg": null, "surrgold": null, "custinco": null, "netprofit": 34078495.39, "proftotform": null, "dilutedeps": 0.13, "valuechgloss": -3717793.5, "reservefund": null, "asseimpaloss": 2644495.86, "finexpe": 12563093.65, "compnetexpe": null, "biztotincoform": null, "debtrestruloss": null, "earnprem": null, "nonoexpe": 2417169.34, "assoinveprof": null, "minysharinco": null, "otherbizcost": null, "supplycurcap": null, "basiceps": 0.13, "biztotcostform": null, "inteexpe": null, "inveinco": 1788221.9, "freesurplu": null, "otherbizinco": null, "totprofit": 34943435.58, "accstacode": "2", "developfund": null, "exchggain": null, "mergeformnetprof": null, "compcode": "80140710", "pouninco": null, "netpro2itse": null, "incotaxexpe": 864940.19, "othercompinco": null, "biztotcost": 1902630761.42, "undisprofit": null, "biztax": 15953743.34, "accestimatechg": null, "bizprofitse": null, "netpro1form": null, "manaexpe": 205081248.82, "dealwithdivi": null, "selldepartgain": null, "deveexpe": null, "begindate": "20120101", "compincoamt": 34078495.39, "proftotitse": null, "undisprofredu": null, "otherinto": null, "publishdate": "20130425", "futuloss": null, "staffaward": null, "perprofit": 33070049.95, "salesexpe": 378244681.15, "bizinco": 1937630382.97, "biztotcostitse": null, "minysharincoamt": 3119358.14, "accstaname": "\u65b0\u4f1a\u8ba1\u51c6\u5219", "reporttype": "100111", "earlyundiprof": null, "bizcost": 1288143498.6, "polidiviexpe": null, "reinexpe": null, "biztotinco": 1937630382.97, "othersupply": null, "natudisasterloss": null}, {"nonoreve": 3395331.3, "unreinveloss": null, "capitalreserve": null, "inteinco": null, "profreturninvest": null, "avaidistshareprof": null, "preferredskdiv": null, "welfare": null, "minysharrigh": 2391882.98, "otherbizprof": null, "biztotincoitse": null, "capitalizeddivi": null, "realsale": null, "subsidyincome": null, "adjustdate": "20121030", "netpro1itse": null, "enddate": "20120930", "otherdistprof": null, "operprofform": null, "legalsurp": null, "netpro2form": null, "parecompincoamt": 17953709.93, "realsalecost": null, "contress": null, "pounexpe": null, "noncassetsdisl": null, "parenetp": 17953709.93, "parecompinco": null, "accpolicychg": null, "surrgold": null, "custinco": null, "netprofit": 20345592.91, "proftotform": null, "dilutedeps": 0.07, "valuechgloss": -5776508.5, "reservefund": null, "asseimpaloss": 1826394.25, "finexpe": 6365227.7, "compnetexpe": null, "biztotincoform": null, "debtrestruloss": null, "earnprem": null, "nonoexpe": 1975094.46, "assoinveprof": null, "minysharinco": null, "otherbizcost": null, "supplycurcap": null, "basiceps": 0.07, "biztotcostform": null, "inteexpe": null, "inveinco": 2750743.9, "freesurplu": null, "otherbizinco": null, "totprofit": 17662024.29, "accstacode": "2", "developfund": null, "exchggain": null, "mergeformnetprof": null, "compcode": "80140710", "pouninco": null, "netpro2itse": null, "incotaxexpe": -2683568.62, "othercompinco": null, "biztotcost": 1364717721.6, "undisprofit": null, "biztax": 12903702.85, "accestimatechg": null, "bizprofitse": null, "netpro1form": null, "manaexpe": 146086869.05, "dealwithdivi": null, "selldepartgain": null, "deveexpe": null, "begindate": "20120101", "compincoamt": 20345592.91, "proftotitse": null, "undisprofredu": null, "otherinto": null, "publishdate": "20121030", "futuloss": null, "staffaward": null, "perprofit": 16241787.45, "salesexpe": 277767708.27, "bizinco": 1383985273.65, "biztotcostitse": null, "minysharincoamt": 2391882.98, "accstaname": "\u65b0\u4f1a\u8ba1\u51c6\u5219", "reporttype": "100111", "earlyundiprof": null, "bizcost": 919767819.48, "polidiviexpe": null, "reinexpe": null, "biztotinco": 1383985273.65, "othersupply": null, "natudisasterloss": null}, {"nonoreve": 2274314.14, "unreinveloss": null, "capitalreserve": null, "inteinco": 0.0, "profreturninvest": null, "avaidistshareprof": null, "preferredskdiv": null, "welfare": null, "minysharrigh": 2120310.3, "otherbizprof": null, "biztotincoitse": null, "capitalizeddivi": null, "realsale": null, "subsidyincome": null, "adjustdate": "20120822", "netpro1itse": null, "enddate": "20120630", "otherdistprof": null, "operprofform": null, "legalsurp": null, "netpro2form": null, "parecompincoamt": 16558640.51, "realsalecost": null, "contress": null, "pounexpe": null, "noncassetsdisl": 288.46, "parenetp": 16558640.51, "parecompinco": null, "accpolicychg": null, "surrgold": null, "custinco": null, "netprofit": 18678950.81, "proftotform": null, "dilutedeps": 0.07, "valuechgloss": -5598142.5, "reservefund": null, "asseimpaloss": -2687543.11, "finexpe": 3976005.48, "compnetexpe": null, "biztotincoform": null, "debtrestruloss": null, "earnprem": 0.0, "nonoexpe": 1379955.2, "assoinveprof": null, "minysharinco": null, "otherbizcost": null, "supplycurcap": null, "basiceps": 0.07, "biztotcostform": null, "inteexpe": null, "inveinco": 3286577.9, "freesurplu": null, "otherbizinco": null, "totprofit": 18377387.7, "accstacode": "2", "developfund": null, "exchggain": null, "mergeformnetprof": null, "compcode": "80140710", "pouninco": 0.0, "netpro2itse": null, "incotaxexpe": -301563.11, "othercompinco": null, "biztotcost": 852101437.97, "undisprofit": null, "biztax": 8363281.53, "accestimatechg": null, "bizprofitse": null, "netpro1form": null, "manaexpe": 92999492.45, "dealwithdivi": null, "selldepartgain": null, "deveexpe": null, "begindate": "20120101", "compincoamt": 18678950.81, "proftotitse": null, "undisprofredu": null, "otherinto": null, "publishdate": "20120822", "futuloss": null, "staffaward": null, "perprofit": 17483028.76, "salesexpe": 169515753.52, "bizinco": 871896031.33, "biztotcostitse": null, "minysharincoamt": 2120310.3, "accstaname": "\u65b0\u4f1a\u8ba1\u51c6\u5219", "reporttype": "100111", "earlyundiprof": null, "bizcost": 579934448.1, "polidiviexpe": null, "reinexpe": null, "biztotinco": 871896031.33, "othersupply": null, "natudisasterloss": null}, {"nonoreve": 841341.57, "unreinveloss": null, "capitalreserve": null, "inteinco": null, "profreturninvest": null, "avaidistshareprof": null, "preferredskdiv": null, "welfare": null, "minysharrigh": 519981.02, "otherbizprof": null, "biztotincoitse": null, "capitalizeddivi": null, "realsale": null, "subsidyincome": null, "adjustdate": "20120424", "netpro1itse": null, "enddate": "20120331", "otherdistprof": null, "operprofform": null, "legalsurp": null, "netpro2form": null, "parecompincoamt": 16539915.83, "realsalecost": null, "contress": null, "pounexpe": null, "noncassetsdisl": null, "parenetp": 16539915.83, "parecompinco": null, "accpolicychg": null, "surrgold": null, "custinco": null, "netprofit": 17059896.85, "proftotform": null, "dilutedeps": 0.07, "valuechgloss": -2444872.5, "reservefund": null, "asseimpaloss": -1856006.78, "finexpe": 3260050.32, "compnetexpe": null, "biztotincoform": null, "debtrestruloss": null, "earnprem": null, "nonoexpe": 435542.92, "assoinveprof": null, "minysharinco": null, "otherbizcost": null, "supplycurcap": null, "basiceps": 0.07, "biztotcostform": null, "inteexpe": null, "inveinco": 2391346.5, "freesurplu": null, "otherbizinco": null, "totprofit": 19199426.94, "accstacode": "2", "developfund": null, "exchggain": null, "mergeformnetprof": null, "compcode": "80140710", "pouninco": null, "netpro2itse": null, "incotaxexpe": 2139530.09, "othercompinco": null, "biztotcost": 397475871.93, "undisprofit": null, "biztax": 4597023.81, "accestimatechg": null, "bizprofitse": null, "netpro1form": null, "manaexpe": 38102431.16, "dealwithdivi": null, "selldepartgain": null, "deveexpe": null, "begindate": "20120101", "compincoamt": 17059896.85, "proftotitse": null, "undisprofredu": null, "otherinto": null, "publishdate": "20120424", "futuloss": null, "staffaward": null, "perprofit": 18793628.29, "salesexpe": 80635089.4, "bizinco": 416323026.22, "biztotcostitse": null, "minysharincoamt": 519981.02, "accstaname": "\u65b0\u4f1a\u8ba1\u51c6\u5219", "reporttype": "100111", "earlyundiprof": null, "bizcost": 272737284.02, "polidiviexpe": null, "reinexpe": null, "biztotinco": 416323026.22, "othersupply": null, "natudisasterloss": null}, {"nonoreve": 59298583.38, "unreinveloss": null, "capitalreserve": null, "inteinco": null, "profreturninvest": null, "avaidistshareprof": null, "preferredskdiv": null, "welfare": null, "minysharrigh": 11173565.88, "otherbizprof": null, "biztotincoitse": null, "capitalizeddivi": null, "realsale": null, "subsidyincome": null, "adjustdate": "20120424", "netpro1itse": null, "enddate": "20111231", "otherdistprof": null, "operprofform": null, "legalsurp": null, "netpro2form": null, "parecompincoamt": 60155042.54, "realsalecost": null, "contress": null, "pounexpe": null, "noncassetsdisl": 23646.47, "parenetp": 60155042.54, "parecompinco": null, "accpolicychg": null, "surrgold": null, "custinco": null, "netprofit": 71328608.42, "proftotform": null, "dilutedeps": 0.25, "valuechgloss": 3717793.5, "reservefund": null, "asseimpaloss": 4503247.75, "finexpe": 15487645.34, "compnetexpe": null, "biztotincoform": null, "debtrestruloss": null, "earnprem": null, "nonoexpe": 3188959.36, "assoinveprof": null, "minysharinco": null, "otherbizcost": null, "supplycurcap": null, "basiceps": 0.25, "biztotcostform": null, "inteexpe": null, "inveinco": 28484892.26, "freesurplu": null, "otherbizinco": null, "totprofit": 83003607.61, "accstacode": "2", "developfund": null, "exchggain": null, "mergeformnetprof": null, "compcode": "80140710", "pouninco": null, "netpro2itse": null, "incotaxexpe": 11674999.19, "othercompinco": null, "biztotcost": 2208007931.6, "undisprofit": null, "biztax": 15784725.6, "accestimatechg": null, "bizprofitse": null, "netpro1form": null, "manaexpe": 210755307.09, "dealwithdivi": null, "selldepartgain": null, "deveexpe": null, "begindate": "20110101", "compincoamt": 71328608.42, "proftotitse": null, "undisprofredu": null, "otherinto": null, "publishdate": "20120424", "futuloss": null, "staffaward": null, "perprofit": 26893983.59, "salesexpe": 395641511.32, "bizinco": 2202699229.43, "biztotcostitse": null, "minysharincoamt": 11173565.88, "accstaname": "\u65b0\u4f1a\u8ba1\u51c6\u5219", "reporttype": "100111", "earlyundiprof": null, "bizcost": 1565835494.5, "polidiviexpe": null, "reinexpe": null, "biztotinco": 2202699229.43, "othersupply": null, "natudisasterloss": null}, {"nonoreve": 1594815.26, "unreinveloss": null, "capitalreserve": null, "inteinco": null, "profreturninvest": null, "avaidistshareprof": null, "preferredskdiv": null, "welfare": null, "minysharrigh": 66649.89, "otherbizprof": null, "biztotincoitse": null, "capitalizeddivi": null, "realsale": null, "subsidyincome": null, "adjustdate": "20111022", "netpro1itse": null, "enddate": "20110930", "otherdistprof": null, "operprofform": null, "legalsurp": null, "netpro2form": null, "parecompincoamt": 32074352.78, "realsalecost": null, "contress": null, "pounexpe": null, "noncassetsdisl": null, "parenetp": 32074352.78, "parecompinco": null, "accpolicychg": null, "surrgold": null, "custinco": null, "netprofit": 32141002.67, "proftotform": null, "dilutedeps": 0.13, "valuechgloss": 7076470.5, "reservefund": null, "asseimpaloss": 1691113.41, "finexpe": -6387528.2, "compnetexpe": null, "biztotincoform": null, "debtrestruloss": null, "earnprem": null, "nonoexpe": 2525526.83, "assoinveprof": null, "minysharinco": null, "otherbizcost": null, "supplycurcap": null, "basiceps": 0.13, "biztotcostform": null, "inteexpe": null, "inveinco": 32986.3, "freesurplu": null, "otherbizinco": null, "totprofit": 39177959.02, "accstacode": "2", "developfund": null, "exchggain": null, "mergeformnetprof": null, "compcode": "80140710", "pouninco": null, "netpro2itse": null, "incotaxexpe": 7036956.35, "othercompinco": null, "biztotcost": 1541197800.66, "undisprofit": null, "biztax": 10596500.01, "accestimatechg": null, "bizprofitse": null, "netpro1form": null, "manaexpe": 141368905.53, "dealwithdivi": null, "selldepartgain": null, "deveexpe": null, "begindate": "20110101", "compincoamt": 32141002.67, "proftotitse": null, "undisprofredu": null, "otherinto": null, "publishdate": "20111022", "futuloss": null, "staffaward": null, "perprofit": 40108670.59, "salesexpe": 249607220.35, "bizinco": 1574197014.45, "biztotcostitse": null, "minysharincoamt": 66649.89, "accstaname": "\u65b0\u4f1a\u8ba1\u51c6\u5219", "reporttype": "100111", "earlyundiprof": null, "bizcost": 1144321589.56, "polidiviexpe": null, "reinexpe": null, "biztotinco": 1574197014.45, "othersupply": null, "natudisasterloss": null}, {"nonoreve": 708886.35, "unreinveloss": null, "capitalreserve": null, "inteinco": null, "profreturninvest": null, "avaidistshareprof": null, "preferredskdiv": null, "welfare": null, "minysharrigh": 1370736.13, "otherbizprof": null, "biztotincoitse": null, "capitalizeddivi": null, "realsale": null, "subsidyincome": null, "adjustdate": "20110826", "netpro1itse": null, "enddate": "20110630", "otherdistprof": null, "operprofform": null, "legalsurp": null, "netpro2form": null, "parecompincoamt": 32396304.42, "realsalecost": null, "contress": null, "pounexpe": null, "noncassetsdisl": null, "parenetp": 32396304.42, "parecompinco": null, "accpolicychg": null, "surrgold": null, "custinco": null, "netprofit": 33767040.55, "proftotform": null, "dilutedeps": 0.13, "valuechgloss": null, "reservefund": null, "asseimpaloss": 1183824.01, "finexpe": -4763709.59, "compnetexpe": null, "biztotincoform": null, "debtrestruloss": null, "earnprem": null, "nonoexpe": 1882879.88, "assoinveprof": null, "minysharinco": null, "otherbizcost": null, "supplycurcap": null, "basiceps": 0.13, "biztotcostform": null, "inteexpe": null, "inveinco": 32986.3, "freesurplu": null, "otherbizinco": null, "totprofit": 40841127.84, "accstacode": "2", "developfund": null, "exchggain": null, "mergeformnetprof": null, "compcode": "80140710", "pouninco": null, "netpro2itse": null, "incotaxexpe": 7074087.29, "othercompinco": null, "biztotcost": 983953303.36, "undisprofit": null, "biztax": 6858488.45, "accestimatechg": null, "bizprofitse": null, "netpro1form": null, "manaexpe": 86733370.38, "dealwithdivi": null, "selldepartgain": null, "deveexpe": null, "begindate": "20110101", "compincoamt": 33767040.55, "proftotitse": null, "undisprofredu": null, "otherinto": null, "publishdate": "20110826", "futuloss": null, "staffaward": null, "perprofit": 42015121.37, "salesexpe": 158437081.23, "bizinco": 1025935438.43, "biztotcostitse": null, "minysharincoamt": 1370736.13, "accstaname": "\u65b0\u4f1a\u8ba1\u51c6\u5219", "reporttype": "100111", "earlyundiprof": null, "bizcost": 735504248.88, "polidiviexpe": null, "reinexpe": null, "biztotinco": 1025935438.43, "othersupply": null, "natudisasterloss": null}, {"nonoreve": 359111.2, "unreinveloss": null, "capitalreserve": null, "inteinco": null, "profreturninvest": null, "avaidistshareprof": null, "preferredskdiv": null, "welfare": null, "minysharrigh": 396279.4, "otherbizprof": null, "biztotincoitse": null, "capitalizeddivi": null, "realsale": null, "subsidyincome": null, "adjustdate": "20110427", "netpro1itse": null, "enddate": "20110331", "otherdistprof": null, "operprofform": null, "legalsurp": null, "netpro2form": null, "parecompincoamt": 24589257.1, "realsalecost": null, "contress": null, "pounexpe": null, "noncassetsdisl": null, "parenetp": 24589257.1, "parecompinco": null, "accpolicychg": null, "surrgold": null, "custinco": null, "netprofit": 24985536.5, "proftotform": null, "dilutedeps": 0.1, "valuechgloss": null, "reservefund": null, "asseimpaloss": -908833.49, "finexpe": -1111794.59, "compnetexpe": null, "biztotincoform": null, "debtrestruloss": null, "earnprem": null, "nonoexpe": 529892.23, "assoinveprof": null, "minysharinco": null, "otherbizcost": null, "supplycurcap": null, "basiceps": 0.1, "biztotcostform": null, "inteexpe": null, "inveinco": 32986.3, "freesurplu": null, "otherbizinco": null, "totprofit": 30385465.37, "accstacode": "2", "developfund": null, "exchggain": null, "mergeformnetprof": null, "compcode": "80140710", "pouninco": null, "netpro2itse": null, "incotaxexpe": 5399928.87, "othercompinco": null, "biztotcost": 488325063.98, "undisprofit": null, "biztax": 4494669.57, "accestimatechg": null, "bizprofitse": null, "netpro1form": null, "manaexpe": 35500620.48, "dealwithdivi": null, "selldepartgain": null, "deveexpe": null, "begindate": "20110101", "compincoamt": 24985536.5, "proftotitse": null, "undisprofredu": null, "otherinto": null, "publishdate": "20110427", "futuloss": null, "staffaward": null, "perprofit": 30556246.4, "salesexpe": 79759485.08, "bizinco": 518848324.08, "biztotcostitse": null, "minysharincoamt": 396279.4, "accstaname": "\u65b0\u4f1a\u8ba1\u51c6\u5219", "reporttype": "100111", "earlyundiprof": null, "bizcost": 370590916.93, "polidiviexpe": null, "reinexpe": null, "biztotinco": 518848324.08, "othersupply": null, "natudisasterloss": null}, {"nonoreve": 5808116.75, "unreinveloss": null, "capitalreserve": null, "inteinco": null, "profreturninvest": null, "avaidistshareprof": null, "preferredskdiv": null, "welfare": null, "minysharrigh": 4761528.2, "otherbizprof": null, "biztotincoitse": null, "capitalizeddivi": null, "realsale": null, "subsidyincome": null, "adjustdate": "20110422", "netpro1itse": null, "enddate": "20101231", "otherdistprof": null, "operprofform": null, "legalsurp": null, "netpro2form": null, "parecompincoamt": 62236886.94, "realsalecost": null, "contress": null, "pounexpe": null, "noncassetsdisl": 466416.65, "parenetp": 62236886.94, "parecompinco": null, "accpolicychg": null, "surrgold": null, "custinco": null, "netprofit": 66998415.14, "proftotform": null, "dilutedeps": 0.29, "valuechgloss": -1877500.0, "reservefund": null, "asseimpaloss": 3380694.86, "finexpe": 17578055.9, "compnetexpe": null, "biztotincoform": null, "debtrestruloss": null, "earnprem": null, "nonoexpe": 3685638.5, "assoinveprof": null, "minysharinco": null, "otherbizcost": null, "supplycurcap": null, "basiceps": 0.29, "biztotcostform": null, "inteexpe": null, "inveinco": -1014175.0, "freesurplu": null, "otherbizinco": null, "totprofit": 74724758.79, "accstacode": "2", "developfund": null, "exchggain": null, "mergeformnetprof": null, "compcode": "80140710", "pouninco": null, "netpro2itse": null, "incotaxexpe": 7726343.65, "othercompinco": null, "biztotcost": 1974907568.1, "undisprofit": null, "biztax": 13047141.43, "accestimatechg": null, "bizprofitse": null, "netpro1form": null, "manaexpe": 111232768.95, "dealwithdivi": null, "selldepartgain": null, "deveexpe": null, "begindate": "20100101", "compincoamt": 66998415.14, "proftotitse": null, "undisprofredu": null, "otherinto": null, "publishdate": "20110422", "futuloss": null, "staffaward": null, "perprofit": 72602280.54, "salesexpe": 367817134.6, "bizinco": 2050401523.64, "biztotcostitse": null, "minysharincoamt": 4761528.2, "accstaname": "\u65b0\u4f1a\u8ba1\u51c6\u5219", "reporttype": "100111", "earlyundiprof": null, "bizcost": 1461851772.36, "polidiviexpe": null, "reinexpe": null, "biztotinco": 2050401523.64, "othersupply": null, "natudisasterloss": null}, {"nonoreve": 5215016.58, "unreinveloss": null, "capitalreserve": null, "inteinco": null, "profreturninvest": null, "avaidistshareprof": null, "preferredskdiv": null, "welfare": null, "minysharrigh": 3188640.53, "otherbizprof": null, "biztotincoitse": null, "capitalizeddivi": null, "realsale": null, "subsidyincome": null, "adjustdate": "20101023", "netpro1itse": null, "enddate": "20100930", "otherdistprof": null, "operprofform": null, "legalsurp": null, "netpro2form": null, "parecompincoamt": 51732364.32, "realsalecost": null, "contress": null, "pounexpe": null, "noncassetsdisl": null, "parenetp": 51732364.32, "parecompinco": null, "accpolicychg": null, "surrgold": null, "custinco": null, "netprofit": 54921004.85, "proftotform": null, "dilutedeps": 0.25, "valuechgloss": -1877500.0, "reservefund": null, "asseimpaloss": 2352327.48, "finexpe": 19718161.1, "compnetexpe": null, "biztotincoform": null, "debtrestruloss": null, "earnprem": null, "nonoexpe": 2285227.85, "assoinveprof": null, "minysharinco": null, "otherbizcost": null, "supplycurcap": null, "basiceps": 0.25, "biztotcostform": null, "inteexpe": null, "inveinco": -1014175.0, "freesurplu": null, "otherbizinco": null, "totprofit": 63251502.97, "accstacode": "2", "developfund": null, "exchggain": null, "mergeformnetprof": null, "compcode": "80140710", "pouninco": null, "netpro2itse": null, "incotaxexpe": 8330498.12, "othercompinco": null, "biztotcost": 1419458872.74, "undisprofit": null, "biztax": 10425747.88, "accestimatechg": null, "bizprofitse": null, "netpro1form": null, "manaexpe": 72021995.73, "dealwithdivi": null, "selldepartgain": null, "deveexpe": null, "begindate": "20100101", "compincoamt": 54921004.85, "proftotitse": null, "undisprofredu": null, "otherinto": null, "publishdate": "20101023", "futuloss": null, "staffaward": null, "perprofit": 60321714.24, "salesexpe": 245887729.58, "bizinco": 1482672261.98, "biztotcostitse": null, "minysharincoamt": 3188640.53, "accstaname": "\u65b0\u4f1a\u8ba1\u51c6\u5219", "reporttype": "100111", "earlyundiprof": null, "bizcost": 1069052910.97, "polidiviexpe": null, "reinexpe": null, "biztotinco": 1482672261.98, "othersupply": null, "natudisasterloss": null}, {"nonoreve": 1317703.99, "unreinveloss": null, "capitalreserve": null, "inteinco": null, "profreturninvest": null, "avaidistshareprof": null, "preferredskdiv": null, "welfare": null, "minysharrigh": 1901832.75, "otherbizprof": null, "biztotincoitse": null, "capitalizeddivi": null, "realsale": null, "subsidyincome": null, "adjustdate": "19000101", "netpro1itse": null, "enddate": "20100630", "otherdistprof": null, "operprofform": null, "legalsurp": null, "netpro2form": null, "parecompincoamt": 34085689.21, "realsalecost": null, "contress": null, "pounexpe": null, "noncassetsdisl": null, "parenetp": 34085689.21, "parecompinco": null, "accpolicychg": null, "surrgold": null, "custinco": null, "netprofit": 35987521.96, "proftotform": null, "dilutedeps": 0.18, "valuechgloss": -1877500.0, "reservefund": null, "asseimpaloss": 1352805.54, "finexpe": 15677257.56, "compnetexpe": null, "biztotincoform": null, "debtrestruloss": null, "earnprem": null, "nonoexpe": 1183690.62, "assoinveprof": null, "minysharinco": null, "otherbizcost": null, "supplycurcap": null, "basiceps": 0.18, "biztotcostform": null, "inteexpe": null, "inveinco": -1014175.0, "freesurplu": null, "otherbizinco": null, "totprofit": 44090591.34, "accstacode": "2", "developfund": null, "exchggain": null, "mergeformnetprof": null, "compcode": "80140710", "pouninco": null, "netpro2itse": null, "incotaxexpe": 8103069.38, "othercompinco": null, "biztotcost": 937733365.62, "undisprofit": null, "biztax": 7582865.56, "accestimatechg": null, "bizprofitse": null, "netpro1form": null, "manaexpe": 48128625.87, "dealwithdivi": null, "selldepartgain": null, "deveexpe": null, "begindate": "20100101", "compincoamt": 35987521.96, "proftotitse": null, "undisprofredu": null, "otherinto": null, "publishdate": "20100820", "futuloss": null, "staffaward": null, "perprofit": 43956577.97, "salesexpe": 160584293.57, "bizinco": 984581618.59, "biztotcostitse": null, "minysharincoamt": 1901832.75, "accstaname": "\u65b0\u4f1a\u8ba1\u51c6\u5219", "reporttype": "100111", "earlyundiprof": null, "bizcost": 704407517.52, "polidiviexpe": null, "reinexpe": null, "biztotinco": 984581618.59, "othersupply": null, "natudisasterloss": null}, {"nonoreve": 366135.48, "unreinveloss": 0.0, "capitalreserve": null, "inteinco": 0.0, "profreturninvest": null, "avaidistshareprof": null, "preferredskdiv": null, "welfare": null, "minysharrigh": 1434240.42, "otherbizprof": 0.0, "biztotincoitse": null, "capitalizeddivi": null, "realsale": 0.0, "subsidyincome": 0.0, "adjustdate": "19000101", "netpro1itse": null, "enddate": "20100331", "otherdistprof": null, "operprofform": null, "legalsurp": null, "netpro2form": null, "parecompincoamt": 21029033.39, "realsalecost": 0.0, "contress": 0.0, "pounexpe": 0.0, "noncassetsdisl": 0.0, "parenetp": 21029033.39, "parecompinco": 0.0, "accpolicychg": null, "surrgold": 0.0, "custinco": 0.0, "netprofit": 22463273.81, "proftotform": null, "dilutedeps": 0.12, "valuechgloss": -1167500.0, "reservefund": null, "asseimpaloss": -727259.41, "finexpe": 8183814.47, "compnetexpe": 0.0, "biztotincoform": null, "debtrestruloss": null, "earnprem": 0.0, "nonoexpe": 687783.02, "assoinveprof": 0.0, "minysharinco": 0.0, "otherbizcost": 0.0, "supplycurcap": null, "basiceps": 0.12, "biztotcostform": null, "inteexpe": 0.0, "inveinco": 445750.0, "freesurplu": null, "otherbizinco": 0.0, "totprofit": 28092587.91, "accstacode": "2", "developfund": null, "exchggain": 0.0, "mergeformnetprof": 0.0, "compcode": "80140710", "pouninco": 0.0, "netpro2itse": null, "incotaxexpe": 5629314.1, "othercompinco": 0.0, "biztotcost": 459869499.99, "undisprofit": null, "biztax": 4848648.94, "accestimatechg": null, "bizprofitse": null, "netpro1form": null, "manaexpe": 23561225.84, "dealwithdivi": null, "selldepartgain": null, "deveexpe": 0.0, "begindate": "20100101", "compincoamt": 22463273.81, "proftotitse": null, "undisprofredu": null, "otherinto": null, "publishdate": "20100510", "futuloss": 0.0, "staffaward": null, "perprofit": 28414235.45, "salesexpe": 78404500.24, "bizinco": 489005485.44, "biztotcostitse": null, "minysharincoamt": 1434240.42, "accstaname": "\u65b0\u4f1a\u8ba1\u51c6\u5219", "reporttype": "100111", "earlyundiprof": null, "bizcost": 345598569.91, "polidiviexpe": 0.0, "reinexpe": 0.0, "biztotinco": 489005485.44, "othersupply": null, "natudisasterloss": null}, {"nonoreve": 1381886.94, "unreinveloss": 0.0, "capitalreserve": null, "inteinco": 0.0, "profreturninvest": null, "avaidistshareprof": null, "preferredskdiv": null, "welfare": null, "minysharrigh": 4552934.31, "otherbizprof": 0.0, "biztotincoitse": null, "capitalizeddivi": null, "realsale": 0.0, "subsidyincome": 0.0, "adjustdate": "19000101", "netpro1itse": null, "enddate": "20091231", "otherdistprof": null, "operprofform": null, "legalsurp": null, "netpro2form": null, "parecompincoamt": 83830735.67, "realsalecost": 0.0, "contress": 0.0, "pounexpe": 0.0, "noncassetsdisl": 368392.15, "parenetp": 83830735.67, "parecompinco": 0.0, "accpolicychg": null, "surrgold": 0.0, "custinco": 0.0, "netprofit": 88383669.98, "proftotform": null, "dilutedeps": 0.47, "valuechgloss": 3246250.0, "reservefund": null, "asseimpaloss": 2178860.27, "finexpe": 27520245.26, "compnetexpe": 0.0, "biztotincoform": null, "debtrestruloss": null, "earnprem": 0.0, "nonoexpe": 2200753.88, "assoinveprof": 0.0, "minysharinco": 0.0, "otherbizcost": 0.0, "supplycurcap": null, "basiceps": 0.47, "biztotcostform": null, "inteexpe": 0.0, "inveinco": 658925.0, "freesurplu": null, "otherbizinco": 0.0, "totprofit": 101817647.98, "accstacode": "2", "developfund": null, "exchggain": 0.0, "mergeformnetprof": 0.0, "compcode": "80140710", "pouninco": 0.0, "netpro2itse": null, "incotaxexpe": 13433978.0, "othercompinco": 0.0, "biztotcost": 1491235353.65, "undisprofit": null, "biztax": 10897769.76, "accestimatechg": null, "bizprofitse": null, "netpro1form": null, "manaexpe": 87328160.88, "dealwithdivi": null, "selldepartgain": null, "deveexpe": 0.0, "begindate": "20090101", "compincoamt": 88383669.98, "proftotitse": null, "undisprofredu": null, "otherinto": null, "publishdate": "20100420", "futuloss": 0.0, "staffaward": null, "perprofit": 102636514.92, "salesexpe": 264018225.82, "bizinco": 1589966693.57, "biztotcostitse": null, "minysharincoamt": 4552934.31, "accstaname": "\u65b0\u4f1a\u8ba1\u51c6\u5219", "reporttype": "100111", "earlyundiprof": null, "bizcost": 1099292091.66, "polidiviexpe": 0.0, "reinexpe": 0.0, "biztotinco": 1589966693.57, "othersupply": null, "natudisasterloss": null}, {"nonoreve": 1172848.49, "unreinveloss": null, "capitalreserve": null, "inteinco": null, "profreturninvest": null, "avaidistshareprof": null, "preferredskdiv": null, "welfare": null, "minysharrigh": 4102819.81, "otherbizprof": null, "biztotincoitse": null, "capitalizeddivi": null, "realsale": null, "subsidyincome": null, "adjustdate": "20101023", "netpro1itse": null, "enddate": "20090930", "otherdistprof": null, "operprofform": null, "legalsurp": null, "netpro2form": null, "parecompincoamt": 55711288.09, "realsalecost": null, "contress": null, "pounexpe": null, "noncassetsdisl": null, "parenetp": 55711288.09, "parecompinco": null, "accpolicychg": null, "surrgold": null, "custinco": null, "netprofit": 59814107.9, "proftotform": null, "dilutedeps": 0.31, "valuechgloss": 2187500.0, "reservefund": null, "asseimpaloss": 442843.03, "finexpe": 20978130.61, "compnetexpe": null, "biztotincoform": null, "debtrestruloss": null, "earnprem": null, "nonoexpe": 1385121.09, "assoinveprof": null, "minysharinco": null, "otherbizcost": null, "supplycurcap": null, "basiceps": 0.31, "biztotcostform": null, "inteexpe": null, "inveinco": -691200.0, "freesurplu": null, "otherbizinco": null, "totprofit": 76459909.03, "accstacode": "2", "developfund": null, "exchggain": null, "mergeformnetprof": null, "compcode": "80140710", "pouninco": null, "netpro2itse": null, "incotaxexpe": 16645801.13, "othercompinco": null, "biztotcost": 962693279.75, "undisprofit": null, "biztax": 8670676.29, "accestimatechg": null, "bizprofitse": null, "netpro1form": null, "manaexpe": 59573045.61, "dealwithdivi": null, "selldepartgain": null, "deveexpe": null, "begindate": "20090101", "compincoamt": 59814107.9, "proftotitse": null, "undisprofredu": null, "otherinto": null, "publishdate": "20101023", "futuloss": null, "staffaward": null, "perprofit": 76672181.63, "salesexpe": 165423535.39, "bizinco": 1037869161.38, "biztotcostitse": null, "minysharincoamt": 4102819.81, "accstaname": "\u65b0\u4f1a\u8ba1\u51c6\u5219", "reporttype": "100111", "earlyundiprof": null, "bizcost": 707605048.82, "polidiviexpe": null, "reinexpe": null, "biztotinco": 1037869161.38, "othersupply": null, "natudisasterloss": null}, {"nonoreve": 1101932.0, "unreinveloss": 0.0, "capitalreserve": null, "inteinco": 0.0, "profreturninvest": null, "avaidistshareprof": null, "preferredskdiv": null, "welfare": null, "minysharrigh": 1455120.97, "otherbizprof": 0.0, "biztotincoitse": null, "capitalizeddivi": null, "realsale": 0.0, "subsidyincome": 0.0, "adjustdate": "19000101", "netpro1itse": null, "enddate": "20090331", "otherdistprof": null, "operprofform": null, "legalsurp": null, "netpro2form": null, "parecompincoamt": 18893022.22, "realsalecost": 0.0, "contress": 0.0, "pounexpe": 0.0, "noncassetsdisl": 0.0, "parenetp": 18893022.22, "parecompinco": 0.0, "accpolicychg": null, "surrgold": 0.0, "custinco": 0.0, "netprofit": 20348143.19, "proftotform": null, "dilutedeps": 0.1, "valuechgloss": 911250.0, "reservefund": null, "asseimpaloss": -4973059.63, "finexpe": 7581193.75, "compnetexpe": 0.0, "biztotincoform": null, "debtrestruloss": null, "earnprem": 0.0, "nonoexpe": 600177.46, "assoinveprof": 0.0, "minysharinco": 0.0, "otherbizcost": 0.0, "supplycurcap": null, "basiceps": 0.1, "biztotcostform": null, "inteexpe": 0.0, "inveinco": -240325.0, "freesurplu": null, "otherbizinco": 0.0, "totprofit": 26433220.77, "accstacode": "2", "developfund": null, "exchggain": 0.0, "mergeformnetprof": 0.0, "compcode": "80140710", "pouninco": 0.0, "netpro2itse": null, "incotaxexpe": 6085077.58, "othercompinco": 0.0, "biztotcost": 289580446.42, "undisprofit": null, "biztax": 4626479.0, "accestimatechg": null, "bizprofitse": null, "netpro1form": null, "manaexpe": 17552747.68, "dealwithdivi": null, "selldepartgain": null, "deveexpe": 0.0, "begindate": "20090101", "compincoamt": 20348143.19, "proftotitse": null, "undisprofredu": null, "otherinto": null, "publishdate": "20100510", "futuloss": 0.0, "staffaward": null, "perprofit": 25931466.23, "salesexpe": 56745007.06, "bizinco": 314840987.65, "biztotcostitse": null, "minysharincoamt": 1455120.97, "accstaname": "\u65b0\u4f1a\u8ba1\u51c6\u5219", "reporttype": "100111", "earlyundiprof": null, "bizcost": 208048078.56, "polidiviexpe": 0.0, "reinexpe": 0.0, "biztotinco": 314840987.65, "othersupply": null, "natudisasterloss": null}, {"nonoreve": 4791528.24, "unreinveloss": null, "capitalreserve": null, "inteinco": null, "profreturninvest": null, "avaidistshareprof": null, "preferredskdiv": null, "welfare": null, "minysharrigh": 5710486.98, "otherbizprof": null, "biztotincoitse": null, "capitalizeddivi": null, "realsale": null, "subsidyincome": null, "adjustdate": "19000101", "netpro1itse": null, "enddate": "20081231", "otherdistprof": null, "operprofform": null, "legalsurp": null, "netpro2form": null, "parecompincoamt": 75253851.45, "realsalecost": null, "contress": null, "pounexpe": null, "noncassetsdisl": 1687110.99, "parenetp": 75253851.45, "parecompinco": null, "accpolicychg": null, "surrgold": null, "custinco": null, "netprofit": 80964338.43, "proftotform": null, "dilutedeps": 0.42, "valuechgloss": -1368750.0, "reservefund": null, "asseimpaloss": -5778281.18, "finexpe": 47522228.02, "compnetexpe": null, "biztotincoform": null, "debtrestruloss": null, "earnprem": null, "nonoexpe": 3949866.25, "assoinveprof": 0.0, "minysharinco": null, "otherbizcost": null, "supplycurcap": null, "basiceps": 0.42, "biztotcostform": null, "inteexpe": null, "inveinco": -3252640.0, "freesurplu": null, "otherbizinco": null, "totprofit": 99968524.45, "accstacode": "2", "developfund": null, "exchggain": null, "mergeformnetprof": null, "compcode": "80140710", "pouninco": null, "netpro2itse": null, "incotaxexpe": 19004186.02, "othercompinco": null, "biztotcost": 1634054232.14, "undisprofit": null, "biztax": 11725423.32, "accestimatechg": null, "bizprofitse": null, "netpro1form": null, "manaexpe": 73847838.1, "dealwithdivi": null, "selldepartgain": null, "deveexpe": null, "begindate": "20080101", "compincoamt": 80964338.43, "proftotitse": null, "undisprofredu": null, "otherinto": null, "publishdate": "20100420", "futuloss": null, "staffaward": null, "perprofit": 99126862.46, "salesexpe": 227702854.53, "bizinco": 1737802484.6, "biztotcostitse": null, "minysharincoamt": 5710486.98, "accstaname": "\u65b0\u4f1a\u8ba1\u51c6\u5219", "reporttype": "100111", "earlyundiprof": null, "bizcost": 1279034169.35, "polidiviexpe": null, "reinexpe": null, "biztotinco": 1737802484.6, "othersupply": null, "natudisasterloss": null}, {"nonoreve": 2995345.75, "unreinveloss": null, "capitalreserve": null, "inteinco": null, "profreturninvest": null, "avaidistshareprof": null, "preferredskdiv": null, "welfare": null, "minysharrigh": 4983942.51, "otherbizprof": null, "biztotincoitse": null, "capitalizeddivi": null, "realsale": null, "subsidyincome": null, "adjustdate": "19000101", "netpro1itse": null, "enddate": "20071231", "otherdistprof": null, "operprofform": null, "legalsurp": null, "netpro2form": null, "parecompincoamt": 61377571.73, "realsalecost": null, "contress": null, "pounexpe": null, "noncassetsdisl": 1284253.17, "parenetp": 61377571.73, "parecompinco": null, "accpolicychg": null, "surrgold": null, "custinco": null, "netprofit": 66361514.24, "proftotform": null, "dilutedeps": 0.34, "valuechgloss": 0.0, "reservefund": null, "asseimpaloss": -21683811.38, "finexpe": 45714228.88, "compnetexpe": null, "biztotincoform": null, "debtrestruloss": null, "earnprem": null, "nonoexpe": 3969926.98, "assoinveprof": -2268914.79, "minysharinco": null, "otherbizcost": null, "supplycurcap": null, "basiceps": 0.34, "biztotcostform": null, "inteexpe": null, "inveinco": 2301976.74, "freesurplu": null, "otherbizinco": null, "totprofit": 95845170.12, "accstacode": "2", "developfund": null, "exchggain": null, "mergeformnetprof": null, "compcode": "80140710", "pouninco": null, "netpro2itse": null, "incotaxexpe": 29483655.88, "othercompinco": null, "biztotcost": 1380686205.51, "undisprofit": null, "biztax": 4381654.89, "accestimatechg": null, "bizprofitse": null, "netpro1form": null, "manaexpe": 66126739.05, "dealwithdivi": null, "selldepartgain": null, "deveexpe": null, "begindate": "20070101", "compincoamt": 66361514.24, "proftotitse": null, "undisprofredu": null, "otherinto": null, "publishdate": "20100420", "futuloss": null, "staffaward": null, "perprofit": 96819751.35, "salesexpe": 181289892.17, "bizinco": 1475203980.12, "biztotcostitse": null, "minysharincoamt": 4983942.51, "accstaname": "\u65b0\u4f1a\u8ba1\u51c6\u5219", "reporttype": "100111", "earlyundiprof": null, "bizcost": 1104857501.9, "polidiviexpe": null, "reinexpe": null, "biztotinco": 1475203980.12, "othersupply": null, "natudisasterloss": null}], "comptype": 4, "name": "\u7231\u4ed5\u8fbe"}