{"SZ002403": {"redeem_type": "F", "kzz_convert_time": "", "code": "002403", "kzz_stock_name": "", "remain_year": "", "marketCapital": "4.56818324504E9", "sale_rrg": "", "current": "13.04", "tick_size": "0.01", "fall_stop": "11.71", "outstandingamt": "", "after_hour_vol": "0", "kzz_covert_value": "0.0", "afterHoursTime": "Wed Oct 19 21:59:01 -0400 2011", "warrant": "", "due_date": "", "kzz_redempt_price": "0.0", "high52week": "16.41", "psr": "1.6345", "afterHoursPct": "0.0", "currency_unit": "CNY", "name": "\u7231\u4ed5\u8fbe", "yield": "1.54", "lot_size": "100", "low52week": "12.01", "convert_bond_ratio": "", "rate": "", "close": "13.04", "turnover_rate": "0.70%", "afterHoursChg": "0.0", "kzz_stock_percent": "", "percent5m": "0.31", "volume_ratio": "1.09", "exchange": "SZ", "last_close": "13.01", "dividend": "0.2", "lot_volume": "20293.86", "change": "0.03", "publisher": "", "kzz_convert_price": "0.0", "hasexist": "", "amount": "2.6377391E7", "issue_type": "", "has_warrant": "0", "pankou_ratio": "-4.31%", "pe_lyr": "33.2554", "benefit_before_tax": "0.0", "convert_rate": "0.0", "afterHours": "0.0", "par_value": "0.0", "maturitydate": "", "open": "13.0", "convertrate": "0.0", "kzz_stock_symbol": "", "pb": "2.15", "kzz_stock_current": "0.0", "low": "12.92", "time": "Mon Oct 23 15:04:03 +0800 2017", "percentage": "0.23", "type": "11", "rise_stop": "14.31", "kzz_cpr": "0.0", "benefit_after_tax": "0.0", "net_assets": "6.0571", "volume": "2029386.0", "flag": "1", "updateAt": "1508515229955", "totalissuescale": "", "circulation": "0.0", "amplitude": "1.31%", "release_date": "", "kzz_straight_price": "0.0", "interestrtmemo": "", "float_market_capital": "3.76982812696E9", "high": "13.09", "pe_ttm": "30.3845", "market_status": "\u5df2\u6536\u76d8", "max_order_quantity": "0", "due_time": "0.0", "min_order_quantity": "0", "volumeAverage": "10407837", "bond_type": "", "symbol": "SZ002403", "instOwn": "0.0", "rest_day": "", "beta": "0.0", "variable_tick_size": "", "eps": "0.25", "value_date": "", "float_shares": "289097249", "totalShares": "350320801", "disnext_pay_date": "", "kzz_putback_price": "0.0"}}