{"list":[{"bonusimpdate":"20170601","bonusyear":"2016","cur":"人民币","bonusskratio":null,"tranaddskraio":10.0,"recorddate":"20170606","exrightdate":"20170607","cdividend":1.88,"fdividendbh":0.0,"tranaddsklistdate":"20170608","bonussklistdate":null,"tranaddskaccday":"20170607","bonusskaccday":null,"symbol":null,"secode":"2010014348","divitype":"AC","taxfdividendbh":0.0,"taxcdividend":1.88,"divibegdate":"20170607","summarize":"10转10派1.88"},{"bonusimpdate":"20160609","bonusyear":"2015","cur":"人民币","bonusskratio":null,"tranaddskraio":null,"recorddate":"20160616","exrightdate":"20160617","cdividend":1.0,"fdividendbh":0.0,"tranaddsklistdate":null,"bonussklistdate":null,"tranaddskaccday":null,"bonusskaccday":null,"symbol":null,"secode":"2010014348","divitype":"A","taxfdividendbh":0.0,"taxcdividend":1.0,"divibegdate":"20160617","summarize":"10派1"}]}