{"list":[{"compcode":"80362507","publishdate":"20180320","begindate":"20170101","enddate":"20171231","reporttype":"100111","adjustdate":"20180320","accstacode":"2","accstaname":"新会计准则","biztotinco":9.4816711151E8,"bizinco":9.4816711151E8,"inteinco":null,"earnprem":null,"pouninco":null,"realsale":null,"otherbizinco":null,"biztotincoitse":null,"biztotincoform":null,"biztotcost":7.9220260028E8,"bizcost":5.3726163944E8,"inteexpe":null,"pounexpe":null,"realsalecost":null,"deveexpe":null,"surrgold":null,"compnetexpe":null,"contress":null,"polidiviexpe":null,"reinexpe":null,"otherbizcost":null,"biztax":1.094405381E7,"salesexpe":1.756364589E8,"manaexpe":6.63984659E7,"finexpe":1193171.8,"asseimpaloss":768810.43,"biztotcostitse":null,"biztotcostform":null,"valuechgloss":null,"inveinco":7390292.38,"assoinveprof":-1362500.0,"exchggain":null,"futuloss":null,"custinco":null,"subsidyincome":null,"otherbizprof":null,"bizprofitse":null,"operprofform":null,"perprofit":1.6919684516E8,"nonoreve":3895232.53,"nonoexpe":2275181.5,"noncassetsdisl":null,"proftotitse":null,"proftotform":null,"totprofit":1.7081689619E8,"incotaxexpe":2.675746194E7,"unreinveloss":null,"netpro1itse":null,"netpro1form":null,"netprofit":1.4405943425E8,"parenetp":1.4405943425E8,"mergeformnetprof":null,"minysharrigh":null,"netpro2itse":null,"netpro2form":null,"basiceps":0.45,"dilutedeps":0.45,"othercompinco":null,"parecompinco":null,"minysharinco":null,"compincoamt":1.4405943425E8,"parecompincoamt":1.4405943425E8,"minysharincoamt":null,"earlyundiprof":null,"undisprofredu":null,"otherinto":null,"otherdistprof":null,"legalsurp":null,"welfare":null,"capitalreserve":null,"staffaward":null,"reservefund":null,"developfund":null,"profreturninvest":null,"supplycurcap":null,"avaidistshareprof":null,"preferredskdiv":null,"freesurplu":null,"dealwithdivi":null,"capitalizeddivi":null,"undisprofit":null,"selldepartgain":null,"natudisasterloss":null,"accpolicychg":null,"accestimatechg":null,"debtrestruloss":null,"othersupply":null},{"compcode":"80362507","publishdate":"20171026","begindate":"20170101","enddate":"20170930","reporttype":"100111","adjustdate":"20171026","accstacode":"2","accstaname":"新会计准则","biztotinco":6.8975869452E8,"bizinco":6.8975869452E8,"inteinco":null,"earnprem":null,"pouninco":null,"realsale":null,"otherbizinco":null,"biztotincoitse":null,"biztotincoform":null,"biztotcost":5.7226429587E8,"bizcost":3.9280748898E8,"inteexpe":null,"pounexpe":null,"realsalecost":null,"deveexpe":null,"surrgold":null,"compnetexpe":null,"contress":null,"polidiviexpe":null,"reinexpe":null,"otherbizcost":null,"biztax":7728035.59,"salesexpe":1.2268313819E8,"manaexpe":4.832508366E7,"finexpe":443864.47,"asseimpaloss":276684.98,"biztotcostitse":null,"biztotcostform":null,"valuechgloss":null,"inveinco":3710655.65,"assoinveprof":-1362500.0,"exchggain":null,"futuloss":null,"custinco":null,"subsidyincome":null,"otherbizprof":null,"bizprofitse":null,"operprofform":null,"perprofit":1.226962064E8,"nonoreve":3188124.44,"nonoexpe":1945589.34,"noncassetsdisl":1346701.21,"proftotitse":null,"proftotform":null,"totprofit":1.239387415E8,"incotaxexpe":1.937178527E7,"unreinveloss":null,"netpro1itse":null,"netpro1form":null,"netprofit":1.0456695623E8,"parenetp":1.0456695623E8,"mergeformnetprof":null,"minysharrigh":null,"netpro2itse":null,"netpro2form":null,"basiceps":0.33,"dilutedeps":0.33,"othercompinco":null,"parecompinco":null,"minysharinco":null,"compincoamt":1.0456695623E8,"parecompincoamt":1.0456695623E8,"minysharincoamt":null,"earlyundiprof":null,"undisprofredu":null,"otherinto":null,"otherdistprof":null,"legalsurp":null,"welfare":null,"capitalreserve":null,"staffaward":null,"reservefund":null,"developfund":null,"profreturninvest":null,"supplycurcap":null,"avaidistshareprof":null,"preferredskdiv":null,"freesurplu":null,"dealwithdivi":null,"capitalizeddivi":null,"undisprofit":null,"selldepartgain":null,"natudisasterloss":null,"accpolicychg":null,"accestimatechg":null,"debtrestruloss":null,"othersupply":null},{"compcode":"80362507","publishdate":"20170825","begindate":"20170101","enddate":"20170630","reporttype":"100111","adjustdate":"20170825","accstacode":"2","accstaname":"新会计准则","biztotinco":4.8044660535E8,"bizinco":4.8044660535E8,"inteinco":null,"earnprem":null,"pouninco":null,"realsale":null,"otherbizinco":null,"biztotincoitse":null,"biztotincoform":null,"biztotcost":3.9486275066E8,"bizcost":2.7062124489E8,"inteexpe":null,"pounexpe":null,"realsalecost":null,"deveexpe":null,"surrgold":null,"compnetexpe":null,"contress":null,"polidiviexpe":null,"reinexpe":null,"otherbizcost":null,"biztax":5552301.59,"salesexpe":8.704282453E7,"manaexpe":3.151666477E7,"finexpe":-47662.46,"asseimpaloss":177377.34,"biztotcostitse":null,"biztotcostform":null,"valuechgloss":null,"inveinco":2449747.98,"assoinveprof":-327912.22,"exchggain":null,"futuloss":null,"custinco":null,"subsidyincome":null,"otherbizprof":null,"bizprofitse":null,"operprofform":null,"perprofit":8.926960267E7,"nonoreve":2251521.03,"nonoexpe":1059150.61,"noncassetsdisl":1009483.9,"proftotitse":null,"proftotform":null,"totprofit":9.046197309E7,"incotaxexpe":1.511211444E7,"unreinveloss":null,"netpro1itse":null,"netpro1form":null,"netprofit":7.534985865E7,"parenetp":7.534985865E7,"mergeformnetprof":null,"minysharrigh":null,"netpro2itse":null,"netpro2form":null,"basiceps":0.24,"dilutedeps":0.24,"othercompinco":null,"parecompinco":null,"minysharinco":null,"compincoamt":7.534985865E7,"parecompincoamt":7.534985865E7,"minysharincoamt":null,"earlyundiprof":null,"undisprofredu":null,"otherinto":null,"otherdistprof":null,"legalsurp":null,"welfare":null,"capitalreserve":null,"staffaward":null,"reservefund":null,"developfund":null,"profreturninvest":null,"supplycurcap":null,"avaidistshareprof":null,"preferredskdiv":null,"freesurplu":null,"dealwithdivi":null,"capitalizeddivi":null,"undisprofit":null,"selldepartgain":null,"natudisasterloss":null,"accpolicychg":null,"accestimatechg":null,"debtrestruloss":null,"othersupply":null},{"compcode":"80362507","publishdate":"20170426","begindate":"20170101","enddate":"20170331","reporttype":"100111","adjustdate":"20170426","accstacode":"2","accstaname":"新会计准则","biztotinco":2.529737911E8,"bizinco":2.529737911E8,"inteinco":null,"earnprem":null,"pouninco":null,"realsale":null,"otherbizinco":null,"biztotincoitse":null,"biztotincoform":null,"biztotcost":2.1155075166E8,"bizcost":1.4928044052E8,"inteexpe":null,"pounexpe":null,"realsalecost":null,"deveexpe":null,"surrgold":null,"compnetexpe":null,"contress":null,"polidiviexpe":null,"reinexpe":null,"otherbizcost":null,"biztax":2894781.99,"salesexpe":4.603543123E7,"manaexpe":1.300918897E7,"finexpe":-163445.53,"asseimpaloss":494354.48,"biztotcostitse":null,"biztotcostform":null,"valuechgloss":null,"inveinco":1123762.02,"assoinveprof":null,"exchggain":null,"futuloss":null,"custinco":null,"subsidyincome":null,"otherbizprof":null,"bizprofitse":null,"operprofform":null,"perprofit":4.254680146E7,"nonoreve":3593598.3,"nonoexpe":1058159.76,"noncassetsdisl":1049801.44,"proftotitse":null,"proftotform":null,"totprofit":4.508224E7,"incotaxexpe":7580104.49,"unreinveloss":null,"netpro1itse":null,"netpro1form":null,"netprofit":3.750213551E7,"parenetp":3.750213551E7,"mergeformnetprof":null,"minysharrigh":null,"netpro2itse":null,"netpro2form":null,"basiceps":0.23,"dilutedeps":0.23,"othercompinco":null,"parecompinco":null,"minysharinco":null,"compincoamt":3.750213551E7,"parecompincoamt":3.750213551E7,"minysharincoamt":null,"earlyundiprof":null,"undisprofredu":null,"otherinto":null,"otherdistprof":null,"legalsurp":null,"welfare":null,"capitalreserve":null,"staffaward":null,"reservefund":null,"developfund":null,"profreturninvest":null,"supplycurcap":null,"avaidistshareprof":null,"preferredskdiv":null,"freesurplu":null,"dealwithdivi":null,"capitalizeddivi":null,"undisprofit":null,"selldepartgain":null,"natudisasterloss":null,"accpolicychg":null,"accestimatechg":null,"debtrestruloss":null,"othersupply":null},{"compcode":"80362507","publishdate":"20170322","begindate":"20160101","enddate":"20161231","reporttype":"100111","adjustdate":"20170322","accstacode":"2","accstaname":"新会计准则","biztotinco":7.7086099083E8,"bizinco":7.7086099083E8,"inteinco":null,"earnprem":null,"pouninco":null,"realsale":null,"otherbizinco":null,"biztotincoitse":null,"biztotincoform":null,"biztotcost":6.6279685161E8,"bizcost":4.5504499365E8,"inteexpe":null,"pounexpe":null,"realsalecost":null,"deveexpe":null,"surrgold":null,"compnetexpe":null,"contress":null,"polidiviexpe":null,"reinexpe":null,"otherbizcost":null,"biztax":9939920.51,"salesexpe":1.5558438012E8,"manaexpe":4.162730642E7,"finexpe":-744236.12,"asseimpaloss":1344487.03,"biztotcostitse":null,"biztotcostform":null,"valuechgloss":null,"inveinco":1741004.85,"assoinveprof":null,"exchggain":null,"futuloss":null,"custinco":null,"subsidyincome":null,"otherbizprof":null,"bizprofitse":null,"operprofform":null,"perprofit":1.0980514407E8,"nonoreve":1.509081232E7,"nonoexpe":2923778.73,"noncassetsdisl":2666457.08,"proftotitse":null,"proftotform":null,"totprofit":1.2197217766E8,"incotaxexpe":2.188361208E7,"unreinveloss":null,"netpro1itse":null,"netpro1form":null,"netprofit":1.0008856558E8,"parenetp":1.0008856558E8,"mergeformnetprof":null,"minysharrigh":null,"netpro2itse":null,"netpro2form":null,"basiceps":0.67,"dilutedeps":0.67,"othercompinco":null,"parecompinco":null,"minysharinco":null,"compincoamt":1.0008856558E8,"parecompincoamt":1.0008856558E8,"minysharincoamt":null,"earlyundiprof":null,"undisprofredu":null,"otherinto":null,"otherdistprof":null,"legalsurp":null,"welfare":null,"capitalreserve":null,"staffaward":null,"reservefund":null,"developfund":null,"profreturninvest":null,"supplycurcap":null,"avaidistshareprof":null,"preferredskdiv":null,"freesurplu":null,"dealwithdivi":null,"capitalizeddivi":null,"undisprofit":null,"selldepartgain":null,"natudisasterloss":null,"accpolicychg":null,"accestimatechg":null,"debtrestruloss":null,"othersupply":null},{"compcode":"80362507","publishdate":"20161027","begindate":"20160101","enddate":"20160930","reporttype":"100111","adjustdate":"20161027","accstacode":"2","accstaname":"新会计准则","biztotinco":5.4931028289E8,"bizinco":5.4931028289E8,"inteinco":null,"earnprem":null,"pouninco":null,"realsale":null,"otherbizinco":null,"biztotincoitse":null,"biztotincoform":null,"biztotcost":4.6876828134E8,"bizcost":3.2644384688E8,"inteexpe":null,"pounexpe":null,"realsalecost":null,"deveexpe":null,"surrgold":null,"compnetexpe":null,"contress":null,"polidiviexpe":null,"reinexpe":null,"otherbizcost":null,"biztax":4342590.74,"salesexpe":1.046034638E8,"manaexpe":3.28010186E7,"finexpe":-525402.03,"asseimpaloss":1102763.35,"biztotcostitse":null,"biztotcostform":null,"valuechgloss":null,"inveinco":355194.52,"assoinveprof":null,"exchggain":null,"futuloss":null,"custinco":null,"subsidyincome":null,"otherbizprof":null,"bizprofitse":null,"operprofform":null,"perprofit":8.089719607E7,"nonoreve":8320608.66,"nonoexpe":1111309.37,"noncassetsdisl":879719.43,"proftotitse":null,"proftotform":null,"totprofit":8.810649536E7,"incotaxexpe":1.601743878E7,"unreinveloss":null,"netpro1itse":null,"netpro1form":null,"netprofit":7.208905658E7,"parenetp":7.208905658E7,"mergeformnetprof":null,"minysharrigh":null,"netpro2itse":null,"netpro2form":null,"basiceps":0.52,"dilutedeps":0.52,"othercompinco":null,"parecompinco":null,"minysharinco":null,"compincoamt":7.208905658E7,"parecompincoamt":7.208905658E7,"minysharincoamt":null,"earlyundiprof":null,"undisprofredu":null,"otherinto":null,"otherdistprof":null,"legalsurp":null,"welfare":null,"capitalreserve":null,"staffaward":null,"reservefund":null,"developfund":null,"profreturninvest":null,"supplycurcap":null,"avaidistshareprof":null,"preferredskdiv":null,"freesurplu":null,"dealwithdivi":null,"capitalizeddivi":null,"undisprofit":null,"selldepartgain":null,"natudisasterloss":null,"accpolicychg":null,"accestimatechg":null,"debtrestruloss":null,"othersupply":null},{"compcode":"80362507","publishdate":"20160826","begindate":"20160101","enddate":"20160630","reporttype":"100111","adjustdate":"20160826","accstacode":"2","accstaname":"新会计准则","biztotinco":3.5571169664E8,"bizinco":3.5571169664E8,"inteinco":null,"earnprem":null,"pouninco":null,"realsale":null,"otherbizinco":null,"biztotincoitse":null,"biztotincoform":null,"biztotcost":3.0331402688E8,"bizcost":2.1164960848E8,"inteexpe":null,"pounexpe":null,"realsalecost":null,"deveexpe":null,"surrgold":null,"compnetexpe":null,"contress":null,"polidiviexpe":null,"reinexpe":null,"otherbizcost":null,"biztax":2791371.69,"salesexpe":6.604590461E7,"manaexpe":2.169410167E7,"finexpe":907643.53,"asseimpaloss":225396.9,"biztotcostitse":null,"biztotcostform":null,"valuechgloss":null,"inveinco":null,"assoinveprof":null,"exchggain":null,"futuloss":null,"custinco":null,"subsidyincome":null,"otherbizprof":null,"bizprofitse":null,"operprofform":null,"perprofit":5.239766976E7,"nonoreve":7437886.58,"nonoexpe":861301.87,"noncassetsdisl":859638.6,"proftotitse":null,"proftotform":null,"totprofit":5.897425447E7,"incotaxexpe":1.075036239E7,"unreinveloss":null,"netpro1itse":null,"netpro1form":null,"netprofit":4.822389208E7,"parenetp":4.822389208E7,"mergeformnetprof":null,"minysharrigh":null,"netpro2itse":null,"netpro2form":null,"basiceps":0.38,"dilutedeps":0.38,"othercompinco":null,"parecompinco":null,"minysharinco":null,"compincoamt":4.822389208E7,"parecompincoamt":4.822389208E7,"minysharincoamt":null,"earlyundiprof":null,"undisprofredu":null,"otherinto":null,"otherdistprof":null,"legalsurp":null,"welfare":null,"capitalreserve":null,"staffaward":null,"reservefund":null,"developfund":null,"profreturninvest":null,"supplycurcap":null,"avaidistshareprof":null,"preferredskdiv":null,"freesurplu":null,"dealwithdivi":null,"capitalizeddivi":null,"undisprofit":null,"selldepartgain":null,"natudisasterloss":null,"accpolicychg":null,"accestimatechg":null,"debtrestruloss":null,"othersupply":null},{"compcode":"80362507","publishdate":"20160428","begindate":"20160101","enddate":"20160331","reporttype":"100111","adjustdate":"20160428","accstacode":"2","accstaname":"新会计准则","biztotinco":1.8333711519E8,"bizinco":1.8333711519E8,"inteinco":null,"earnprem":null,"pouninco":null,"realsale":null,"otherbizinco":null,"biztotincoitse":null,"biztotincoform":null,"biztotcost":1.5604739657E8,"bizcost":1.0830435237E8,"inteexpe":null,"pounexpe":null,"realsalecost":null,"deveexpe":null,"surrgold":null,"compnetexpe":null,"contress":null,"polidiviexpe":null,"reinexpe":null,"otherbizcost":null,"biztax":1415655.75,"salesexpe":3.327946625E7,"manaexpe":1.143456261E7,"finexpe":1174185.59,"asseimpaloss":439174.0,"biztotcostitse":null,"biztotcostform":null,"valuechgloss":null,"inveinco":null,"assoinveprof":null,"exchggain":null,"futuloss":null,"custinco":null,"subsidyincome":null,"otherbizprof":null,"bizprofitse":null,"operprofform":null,"perprofit":2.728971862E7,"nonoreve":1677544.39,"nonoexpe":503123.72,"noncassetsdisl":501663.72,"proftotitse":null,"proftotform":null,"totprofit":2.846413929E7,"incotaxexpe":5046119.75,"unreinveloss":null,"netpro1itse":null,"netpro1form":null,"netprofit":2.341801954E7,"parenetp":2.341801954E7,"mergeformnetprof":null,"minysharrigh":null,"netpro2itse":null,"netpro2form":null,"basiceps":0.2,"dilutedeps":0.2,"othercompinco":null,"parecompinco":null,"minysharinco":null,"compincoamt":2.341801954E7,"parecompincoamt":2.341801954E7,"minysharincoamt":null,"earlyundiprof":null,"undisprofredu":null,"otherinto":null,"otherdistprof":null,"legalsurp":null,"welfare":null,"capitalreserve":null,"staffaward":null,"reservefund":null,"developfund":null,"profreturninvest":null,"supplycurcap":null,"avaidistshareprof":null,"preferredskdiv":null,"freesurplu":null,"dealwithdivi":null,"capitalizeddivi":null,"undisprofit":null,"selldepartgain":null,"natudisasterloss":null,"accpolicychg":null,"accestimatechg":null,"debtrestruloss":null,"othersupply":null},{"compcode":"80362507","publishdate":"20160217","begindate":"20150101","enddate":"20151231","reporttype":"100111","adjustdate":"20160217","accstacode":"2","accstaname":"新会计准则","biztotinco":6.2358595563E8,"bizinco":6.2358595563E8,"inteinco":null,"earnprem":null,"pouninco":null,"realsale":null,"otherbizinco":null,"biztotincoitse":null,"biztotincoform":null,"biztotcost":5.451487822E8,"bizcost":3.9167364037E8,"inteexpe":null,"pounexpe":null,"realsalecost":null,"deveexpe":null,"surrgold":null,"compnetexpe":null,"contress":null,"polidiviexpe":null,"reinexpe":null,"otherbizcost":null,"biztax":3996952.62,"salesexpe":1.0383500844E8,"manaexpe":3.814681499E7,"finexpe":7181535.02,"asseimpaloss":314830.76,"biztotcostitse":null,"biztotcostform":null,"valuechgloss":null,"inveinco":null,"assoinveprof":null,"exchggain":null,"futuloss":null,"custinco":null,"subsidyincome":null,"otherbizprof":null,"bizprofitse":null,"operprofform":null,"perprofit":7.843717343E7,"nonoreve":3591481.01,"nonoexpe":1143964.44,"noncassetsdisl":186339.07,"proftotitse":null,"proftotform":null,"totprofit":8.088469E7,"incotaxexpe":1.43535714E7,"unreinveloss":null,"netpro1itse":null,"netpro1form":null,"netprofit":6.65311186E7,"parenetp":6.65311186E7,"mergeformnetprof":null,"minysharrigh":null,"netpro2itse":null,"netpro2form":null,"basiceps":0.55,"dilutedeps":0.55,"othercompinco":null,"parecompinco":null,"minysharinco":null,"compincoamt":6.65311186E7,"parecompincoamt":6.65311186E7,"minysharincoamt":null,"earlyundiprof":null,"undisprofredu":null,"otherinto":null,"otherdistprof":null,"legalsurp":null,"welfare":null,"capitalreserve":null,"staffaward":null,"reservefund":null,"developfund":null,"profreturninvest":null,"supplycurcap":null,"avaidistshareprof":null,"preferredskdiv":null,"freesurplu":null,"dealwithdivi":null,"capitalizeddivi":null,"undisprofit":null,"selldepartgain":null,"natudisasterloss":null,"accpolicychg":null,"accestimatechg":null,"debtrestruloss":null,"othersupply":null},{"compcode":"80362507","publishdate":"20161027","begindate":"20150101","enddate":"20150930","reporttype":"100111","adjustdate":"20161027","accstacode":"2","accstaname":"新会计准则","biztotinco":4.589083875E8,"bizinco":4.589083875E8,"inteinco":null,"earnprem":null,"pouninco":null,"realsale":null,"otherbizinco":null,"biztotincoitse":null,"biztotincoform":null,"biztotcost":3.987436138E8,"bizcost":2.8681630693E8,"inteexpe":null,"pounexpe":null,"realsalecost":null,"deveexpe":null,"surrgold":null,"compnetexpe":null,"contress":null,"polidiviexpe":null,"reinexpe":null,"otherbizcost":null,"biztax":2884056.12,"salesexpe":7.524235663E7,"manaexpe":2.799579568E7,"finexpe":5683159.49,"asseimpaloss":121938.95,"biztotcostitse":null,"biztotcostform":null,"valuechgloss":null,"inveinco":null,"assoinveprof":null,"exchggain":null,"futuloss":null,"custinco":null,"subsidyincome":null,"otherbizprof":null,"bizprofitse":null,"operprofform":null,"perprofit":6.01647737E7,"nonoreve":2327571.05,"nonoexpe":29665.23,"noncassetsdisl":1516.85,"proftotitse":null,"proftotform":null,"totprofit":6.246267952E7,"incotaxexpe":1.144516775E7,"unreinveloss":null,"netpro1itse":null,"netpro1form":null,"netprofit":5.101751177E7,"parenetp":5.101751177E7,"mergeformnetprof":null,"minysharrigh":null,"netpro2itse":null,"netpro2form":null,"basiceps":0.43,"dilutedeps":0.43,"othercompinco":null,"parecompinco":null,"minysharinco":null,"compincoamt":5.101751177E7,"parecompincoamt":5.101751177E7,"minysharincoamt":null,"earlyundiprof":null,"undisprofredu":null,"otherinto":null,"otherdistprof":null,"legalsurp":null,"welfare":null,"capitalreserve":null,"staffaward":null,"reservefund":null,"developfund":null,"profreturninvest":null,"supplycurcap":null,"avaidistshareprof":null,"preferredskdiv":null,"freesurplu":null,"dealwithdivi":null,"capitalizeddivi":null,"undisprofit":null,"selldepartgain":null,"natudisasterloss":null,"accpolicychg":null,"accestimatechg":null,"debtrestruloss":null,"othersupply":null},{"compcode":"80362507","publishdate":"20160826","begindate":"20150101","enddate":"20150630","reporttype":"100111","adjustdate":"20160826","accstacode":"2","accstaname":"新会计准则","biztotinco":2.9831749434E8,"bizinco":2.9831749434E8,"inteinco":null,"earnprem":null,"pouninco":null,"realsale":null,"otherbizinco":null,"biztotincoitse":null,"biztotincoform":null,"biztotcost":2.5994515436E8,"bizcost":1.8544615856E8,"inteexpe":null,"pounexpe":null,"realsalecost":null,"deveexpe":null,"surrgold":null,"compnetexpe":null,"contress":null,"polidiviexpe":null,"reinexpe":null,"otherbizcost":null,"biztax":1801663.53,"salesexpe":5.012930801E7,"manaexpe":1.901670918E7,"finexpe":3881382.49,"asseimpaloss":-330067.41,"biztotcostitse":null,"biztotcostform":null,"valuechgloss":null,"inveinco":null,"assoinveprof":null,"exchggain":null,"futuloss":null,"custinco":null,"subsidyincome":null,"otherbizprof":null,"bizprofitse":null,"operprofform":null,"perprofit":3.837233998E7,"nonoreve":1326949.04,"nonoexpe":29665.23,"noncassetsdisl":1516.85,"proftotitse":null,"proftotform":null,"totprofit":3.966962379E7,"incotaxexpe":7206948.27,"unreinveloss":null,"netpro1itse":null,"netpro1form":null,"netprofit":3.246267552E7,"parenetp":3.246267552E7,"mergeformnetprof":null,"minysharrigh":null,"netpro2itse":null,"netpro2form":null,"basiceps":0.27,"dilutedeps":0.27,"othercompinco":null,"parecompinco":null,"minysharinco":null,"compincoamt":3.246267552E7,"parecompincoamt":3.246267552E7,"minysharincoamt":null,"earlyundiprof":null,"undisprofredu":null,"otherinto":null,"otherdistprof":null,"legalsurp":null,"welfare":null,"capitalreserve":null,"staffaward":null,"reservefund":null,"developfund":null,"profreturninvest":null,"supplycurcap":null,"avaidistshareprof":null,"preferredskdiv":null,"freesurplu":null,"dealwithdivi":null,"capitalizeddivi":null,"undisprofit":null,"selldepartgain":null,"natudisasterloss":null,"accpolicychg":null,"accestimatechg":null,"debtrestruloss":null,"othersupply":null},{"compcode":"80362507","publishdate":"20160428","begindate":"20150101","enddate":"20150331","reporttype":"100111","adjustdate":"20160428","accstacode":"2","accstaname":"新会计准则","biztotinco":1.579506005E8,"bizinco":1.579506005E8,"inteinco":null,"earnprem":null,"pouninco":null,"realsale":null,"otherbizinco":null,"biztotincoitse":null,"biztotincoform":null,"biztotcost":1.3575724791E8,"bizcost":9.738711713E7,"inteexpe":null,"pounexpe":null,"realsalecost":null,"deveexpe":null,"surrgold":null,"compnetexpe":null,"contress":null,"polidiviexpe":null,"reinexpe":null,"otherbizcost":null,"biztax":1159397.65,"salesexpe":2.639809447E7,"manaexpe":8729043.23,"finexpe":2020194.59,"asseimpaloss":63400.84,"biztotcostitse":null,"biztotcostform":null,"valuechgloss":null,"inveinco":null,"assoinveprof":null,"exchggain":null,"futuloss":null,"custinco":null,"subsidyincome":null,"otherbizprof":null,"bizprofitse":null,"operprofform":null,"perprofit":2.219335259E7,"nonoreve":692792.22,"nonoexpe":13807.19,"noncassetsdisl":null,"proftotitse":null,"proftotform":null,"totprofit":2.287233762E7,"incotaxexpe":3861886.63,"unreinveloss":null,"netpro1itse":null,"netpro1form":null,"netprofit":1.901045099E7,"parenetp":1.901045099E7,"mergeformnetprof":null,"minysharrigh":null,"netpro2itse":null,"netpro2form":null,"basiceps":0.16,"dilutedeps":0.16,"othercompinco":null,"parecompinco":null,"minysharinco":null,"compincoamt":1.901045099E7,"parecompincoamt":1.901045099E7,"minysharincoamt":null,"earlyundiprof":null,"undisprofredu":null,"otherinto":null,"otherdistprof":null,"legalsurp":null,"welfare":null,"capitalreserve":null,"staffaward":null,"reservefund":null,"developfund":null,"profreturninvest":null,"supplycurcap":null,"avaidistshareprof":null,"preferredskdiv":null,"freesurplu":null,"dealwithdivi":null,"capitalizeddivi":null,"undisprofit":null,"selldepartgain":null,"natudisasterloss":null,"accpolicychg":null,"accestimatechg":null,"debtrestruloss":null,"othersupply":null},{"compcode":"80362507","publishdate":"20160217","begindate":"20140101","enddate":"20141231","reporttype":"100111","adjustdate":"20160217","accstacode":"2","accstaname":"新会计准则","biztotinco":6.5077584437E8,"bizinco":6.5077584437E8,"inteinco":null,"earnprem":null,"pouninco":null,"realsale":null,"otherbizinco":null,"biztotincoitse":null,"biztotincoform":null,"biztotcost":5.8654519988E8,"bizcost":4.3919043552E8,"inteexpe":null,"pounexpe":null,"realsalecost":null,"deveexpe":null,"surrgold":null,"compnetexpe":null,"contress":null,"polidiviexpe":null,"reinexpe":null,"otherbizcost":null,"biztax":3311033.71,"salesexpe":9.850197967E7,"manaexpe":3.88375864E7,"finexpe":6843457.54,"asseimpaloss":-139292.96,"biztotcostitse":null,"biztotcostform":null,"valuechgloss":null,"inveinco":null,"assoinveprof":null,"exchggain":null,"futuloss":null,"custinco":null,"subsidyincome":null,"otherbizprof":null,"bizprofitse":null,"operprofform":null,"perprofit":6.423064449E7,"nonoreve":2680154.97,"nonoexpe":2632741.34,"noncassetsdisl":2522804.71,"proftotitse":null,"proftotform":null,"totprofit":6.427805812E7,"incotaxexpe":1.130773343E7,"unreinveloss":null,"netpro1itse":null,"netpro1form":null,"netprofit":5.297032469E7,"parenetp":5.297032469E7,"mergeformnetprof":null,"minysharrigh":null,"netpro2itse":null,"netpro2form":null,"basiceps":0.44,"dilutedeps":0.44,"othercompinco":null,"parecompinco":null,"minysharinco":null,"compincoamt":5.297032469E7,"parecompincoamt":5.297032469E7,"minysharincoamt":null,"earlyundiprof":null,"undisprofredu":null,"otherinto":null,"otherdistprof":null,"legalsurp":null,"welfare":null,"capitalreserve":null,"staffaward":null,"reservefund":null,"developfund":null,"profreturninvest":null,"supplycurcap":null,"avaidistshareprof":null,"preferredskdiv":null,"freesurplu":null,"dealwithdivi":null,"capitalizeddivi":null,"undisprofit":null,"selldepartgain":null,"natudisasterloss":null,"accpolicychg":null,"accestimatechg":null,"debtrestruloss":null,"othersupply":null},{"compcode":"80362507","publishdate":"20160217","begindate":"20130101","enddate":"20131231","reporttype":"100111","adjustdate":"20160217","accstacode":"2","accstaname":"新会计准则","biztotinco":6.1264919893E8,"bizinco":6.1264919893E8,"inteinco":null,"earnprem":null,"pouninco":null,"realsale":null,"otherbizinco":null,"biztotincoitse":null,"biztotincoform":null,"biztotcost":5.3351554818E8,"bizcost":4.1565925294E8,"inteexpe":null,"pounexpe":null,"realsalecost":null,"deveexpe":null,"surrgold":null,"compnetexpe":null,"contress":null,"polidiviexpe":null,"reinexpe":null,"otherbizcost":null,"biztax":4394417.56,"salesexpe":7.639030552E7,"manaexpe":3.267205981E7,"finexpe":3947615.4,"asseimpaloss":451896.95,"biztotcostitse":null,"biztotcostform":null,"valuechgloss":null,"inveinco":null,"assoinveprof":null,"exchggain":null,"futuloss":null,"custinco":null,"subsidyincome":null,"otherbizprof":null,"bizprofitse":null,"operprofform":null,"perprofit":7.913365075E7,"nonoreve":9419828.64,"nonoexpe":4935265.97,"noncassetsdisl":4512731.45,"proftotitse":null,"proftotform":null,"totprofit":8.361821342E7,"incotaxexpe":1.314904082E7,"unreinveloss":null,"netpro1itse":null,"netpro1form":null,"netprofit":7.04691726E7,"parenetp":7.04691726E7,"mergeformnetprof":null,"minysharrigh":null,"netpro2itse":null,"netpro2form":null,"basiceps":0.59,"dilutedeps":0.59,"othercompinco":null,"parecompinco":null,"minysharinco":null,"compincoamt":7.04691726E7,"parecompincoamt":7.04691726E7,"minysharincoamt":null,"earlyundiprof":null,"undisprofredu":null,"otherinto":null,"otherdistprof":null,"legalsurp":null,"welfare":null,"capitalreserve":null,"staffaward":null,"reservefund":null,"developfund":null,"profreturninvest":null,"supplycurcap":null,"avaidistshareprof":null,"preferredskdiv":null,"freesurplu":null,"dealwithdivi":null,"capitalizeddivi":null,"undisprofit":null,"selldepartgain":null,"natudisasterloss":null,"accpolicychg":null,"accestimatechg":null,"debtrestruloss":null,"othersupply":null},{"compcode":"80362507","publishdate":"20150611","begindate":"20120101","enddate":"20121231","reporttype":"100111","adjustdate":"20150611","accstacode":"2","accstaname":"新会计准则","biztotinco":5.4961990689E8,"bizinco":5.4961990689E8,"inteinco":null,"earnprem":null,"pouninco":null,"realsale":null,"otherbizinco":null,"biztotincoitse":null,"biztotincoform":null,"biztotcost":4.8105175997E8,"bizcost":3.8754816969E8,"inteexpe":null,"pounexpe":null,"realsalecost":null,"deveexpe":null,"surrgold":null,"compnetexpe":null,"contress":null,"polidiviexpe":null,"reinexpe":null,"otherbizcost":null,"biztax":4459410.11,"salesexpe":5.604974899E7,"manaexpe":2.607710663E7,"finexpe":4674875.31,"asseimpaloss":2242449.24,"biztotcostitse":null,"biztotcostform":null,"valuechgloss":null,"inveinco":312457.47,"assoinveprof":null,"exchggain":null,"futuloss":null,"custinco":null,"subsidyincome":null,"otherbizprof":null,"bizprofitse":null,"operprofform":null,"perprofit":6.888060439E7,"nonoreve":6500407.42,"nonoexpe":794606.41,"noncassetsdisl":579422.82,"proftotitse":null,"proftotform":null,"totprofit":7.45864054E7,"incotaxexpe":1.269178861E7,"unreinveloss":null,"netpro1itse":null,"netpro1form":null,"netprofit":6.189461679E7,"parenetp":6.189461679E7,"mergeformnetprof":null,"minysharrigh":null,"netpro2itse":null,"netpro2form":null,"basiceps":0.52,"dilutedeps":0.52,"othercompinco":null,"parecompinco":null,"minysharinco":null,"compincoamt":6.189461679E7,"parecompincoamt":6.189461679E7,"minysharincoamt":null,"earlyundiprof":null,"undisprofredu":null,"otherinto":null,"otherdistprof":null,"legalsurp":null,"welfare":null,"capitalreserve":null,"staffaward":null,"reservefund":null,"developfund":null,"profreturninvest":null,"supplycurcap":null,"avaidistshareprof":null,"preferredskdiv":null,"freesurplu":null,"dealwithdivi":null,"capitalizeddivi":null,"undisprofit":null,"selldepartgain":null,"natudisasterloss":null,"accpolicychg":null,"accestimatechg":null,"debtrestruloss":null,"othersupply":null},{"compcode":"80362507","publishdate":"20140604","begindate":"20110101","enddate":"20111231","reporttype":"100111","adjustdate":"20140604","accstacode":"2","accstaname":"新会计准则","biztotinco":5.0265300089E8,"bizinco":5.0265300089E8,"inteinco":null,"earnprem":null,"pouninco":null,"realsale":null,"otherbizinco":null,"biztotincoitse":null,"biztotincoform":null,"biztotcost":4.5057604798E8,"bizcost":3.6803272645E8,"inteexpe":null,"pounexpe":null,"realsalecost":null,"deveexpe":null,"surrgold":null,"compnetexpe":null,"contress":null,"polidiviexpe":null,"reinexpe":null,"otherbizcost":null,"biztax":4935251.21,"salesexpe":3.309128022E7,"manaexpe":2.110658984E7,"finexpe":1.221782103E7,"asseimpaloss":1.119237923E7,"biztotcostitse":null,"biztotcostform":null,"valuechgloss":null,"inveinco":32794.52,"assoinveprof":null,"exchggain":null,"futuloss":null,"custinco":null,"subsidyincome":null,"otherbizprof":null,"bizprofitse":null,"operprofform":null,"perprofit":5.210974743E7,"nonoreve":6629797.31,"nonoexpe":195955.73,"noncassetsdisl":45097.08,"proftotitse":null,"proftotform":null,"totprofit":5.854358901E7,"incotaxexpe":1.148858955E7,"unreinveloss":null,"netpro1itse":null,"netpro1form":null,"netprofit":4.705499946E7,"parenetp":4.705499946E7,"mergeformnetprof":null,"minysharrigh":null,"netpro2itse":null,"netpro2form":null,"basiceps":null,"dilutedeps":null,"othercompinco":null,"parecompinco":null,"minysharinco":null,"compincoamt":4.705499946E7,"parecompincoamt":4.705499946E7,"minysharincoamt":null,"earlyundiprof":null,"undisprofredu":null,"otherinto":null,"otherdistprof":null,"legalsurp":null,"welfare":null,"capitalreserve":null,"staffaward":null,"reservefund":null,"developfund":null,"profreturninvest":null,"supplycurcap":null,"avaidistshareprof":null,"preferredskdiv":null,"freesurplu":null,"dealwithdivi":null,"capitalizeddivi":null,"undisprofit":null,"selldepartgain":null,"natudisasterloss":null,"accpolicychg":null,"accestimatechg":null,"debtrestruloss":null,"othersupply":null}],"comptype":4,"name":"千禾味业"}