{"SH603027":{"symbol":"SH603027","exchange":"SH","code":"603027","name":"千禾味业","current":"18.29","percentage":"2.64","change":"0.47","open":"17.9","high":"18.37","low":"17.7","close":"18.29","last_close":"17.82","high52week":"24.01","low52week":"15.0","volume":"2291454.0","lot_volume":"22914.54","volumeAverage":"","marketCapital":"5.962269308E9","eps":"0.45","pe_ttm":"41.388","pe_lyr":"41.388","beta":"0.0","totalShares":"325985200","time":"Tue Mar 20 14:59:55 +0800 2018","afterHours":"0.0","afterHoursPct":"0.0","afterHoursChg":"0.0","updateAt":"1513771204244","dividend":"0.19","yield":"1.04","turnover_rate":"1.72%","instOwn":"0.0","rise_stop":"19.6","fall_stop":"16.04","currency_unit":"CNY","amount":"4.1704507E7","net_assets":"3.26","hasexist":"","has_warrant":"0","type":"11","flag":"1","rest_day":"","amplitude":"3.76%","market_status":"已收盘","lot_size":"100","min_order_quantity":"0","max_order_quantity":"0","tick_size":"0.01","variable_tick_size":"","kzz_stock_symbol":"","kzz_stock_name":"","kzz_stock_current":"0.0","kzz_convert_price":"0.0","kzz_covert_value":"0.0","kzz_cpr":"0.0","kzz_putback_price":"0.0","kzz_convert_time":"","kzz_redempt_price":"0.0","kzz_straight_price":"0.0","kzz_stock_percent":"","pb":"5.61","benefit_before_tax":"0.0","benefit_after_tax":"0.0","convert_bond_ratio":"","totalissuescale":"","outstandingamt":"","maturitydate":"","remain_year":"","convertrate":"0.0","interestrtmemo":"","release_date":"","circulation":"0.0","par_value":"0.0","due_time":"0.0","value_date":"","due_date":"","publisher":"","redeem_type":"F","issue_type":"","bond_type":"","warrant":"","sale_rrg":"","rate":"","after_hour_vol":"0","float_shares":"133190272","float_market_capital":"2.43605007488E9","disnext_pay_date":"","convert_rate":"0.0","volume_ratio":"2.17","percent5m":"-0.05","pankou_ratio":"-68.82%","psr":"6.2882"}}