{"list":[{"bonusimpdate":"20170610","bonusyear":"2016","cur":"人民币","bonusskratio":null,"tranaddskraio":null,"recorddate":"20170615","exrightdate":"20170616","cdividend":21.0,"fdividendbh":0.0,"tranaddsklistdate":null,"bonussklistdate":null,"tranaddskaccday":null,"bonusskaccday":null,"symbol":null,"secode":"2010003350","divitype":"A","taxfdividendbh":0.0,"taxcdividend":21.0,"divibegdate":"20170616","summarize":"10派21"},{"bonusimpdate":"20160608","bonusyear":"2015","cur":"人民币","bonusskratio":null,"tranaddskraio":null,"recorddate":"20160616","exrightdate":"20160617","cdividend":18.0,"fdividendbh":0.0,"tranaddsklistdate":null,"bonussklistdate":null,"tranaddskaccday":null,"bonusskaccday":null,"symbol":null,"secode":"2010003350","divitype":"A","taxfdividendbh":0.0,"taxcdividend":18.0,"divibegdate":"20160617","summarize":"10派18"},{"bonusimpdate":"20150611","bonusyear":"2014","cur":"人民币","bonusskratio":null,"tranaddskraio":4.0,"recorddate":"20150617","exrightdate":"20150618","cdividend":20.0,"fdividendbh":0.0,"tranaddsklistdate":"20150618","bonussklistdate":null,"tranaddskaccday":"20150618","bonusskaccday":null,"symbol":null,"secode":"2010003350","divitype":"AC","taxfdividendbh":0.0,"taxcdividend":19.0,"divibegdate":"20150618","summarize":"10转4派20"},{"bonusimpdate":"20140612","bonusyear":"2013","cur":"人民币","bonusskratio":null,"tranaddskraio":null,"recorddate":"20140617","exrightdate":"20140618","cdividend":20.06651,"fdividendbh":0.0,"tranaddsklistdate":null,"bonussklistdate":null,"tranaddskaccday":null,"bonusskaccday":null,"symbol":null,"secode":"2010003350","divitype":"A","taxfdividendbh":0.0,"taxcdividend":19.06318,"divibegdate":"20140618","summarize":"10派20.06651"},{"bonusimpdate":"20130601","bonusyear":"2012","cur":"人民币","bonusskratio":null,"tranaddskraio":null,"recorddate":"20130606","exrightdate":"20130607","cdividend":20.0,"fdividendbh":0.0,"tranaddsklistdate":null,"bonussklistdate":null,"tranaddskaccday":null,"bonusskaccday":null,"symbol":null,"secode":"2010003350","divitype":"A","taxfdividendbh":0.0,"taxcdividend":19.0,"divibegdate":"20130607","summarize":"10派20"},{"bonusimpdate":"20120525","bonusyear":"2011","cur":"人民币","bonusskratio":null,"tranaddskraio":2.0,"recorddate":"20120531","exrightdate":"20120601","cdividend":15.0,"fdividendbh":0.0,"tranaddsklistdate":"20120601","bonussklistdate":null,"tranaddskaccday":"20120601","bonusskaccday":null,"symbol":null,"secode":"2010003350","divitype":"AC","taxfdividendbh":0.0,"taxcdividend":13.5,"divibegdate":"20120601","summarize":"10转2派15"},{"bonusimpdate":"20110506","bonusyear":"2010","cur":"人民币","bonusskratio":null,"tranaddskraio":10.0,"recorddate":"20110512","exrightdate":"20110513","cdividend":10.0,"fdividendbh":0.0,"tranaddsklistdate":"20110513","bonussklistdate":null,"tranaddskaccday":"20110513","bonusskaccday":null,"symbol":null,"secode":"2010003350","divitype":"AC","taxfdividendbh":0.0,"taxcdividend":9.0,"divibegdate":"20110513","summarize":"10转10派10"},{"bonusimpdate":"20100414","bonusyear":"2009","cur":"人民币","bonusskratio":null,"tranaddskraio":null,"recorddate":"20100419","exrightdate":"20100420","cdividend":8.0,"fdividendbh":0.0,"tranaddsklistdate":null,"bonussklistdate":null,"tranaddskaccday":null,"bonusskaccday":null,"symbol":null,"secode":"2010003350","divitype":"A","taxfdividendbh":0.0,"taxcdividend":7.2,"divibegdate":"20100420","summarize":"10派8"}]}