{"SZ002304":{"symbol":"SZ002304","exchange":"SZ","code":"002304","name":"洋河股份","current":"117.75","percentage":"0.8","change":"0.93","open":"116.76","high":"117.98","low":"115.96","close":"117.75","last_close":"116.82","high52week":"139.02","low52week":"75.9","volume":"3288197.0","lot_volume":"32881.97","volumeAverage":"2349595","marketCapital":"1.77447837E11","eps":"3.7","pe_ttm":"26.893","pe_lyr":"26.893","beta":"0.0","totalShares":"1506988000","time":"Fri Mar 09 15:04:03 +0800 2018","afterHours":"0.0","afterHoursPct":"0.0","afterHoursChg":"0.0","afterHoursTime":"Wed Oct 19 21:59:01 -0400 2011","updateAt":"1510208116278","dividend":"2.1","yield":"1.78","turnover_rate":"0.27%","instOwn":"0.0","rise_stop":"128.5","fall_stop":"105.14","currency_unit":"CNY","amount":"3.8568236615E8","net_assets":"18.8917","hasexist":"","has_warrant":"0","type":"11","flag":"1","rest_day":"","amplitude":"1.73%","market_status":"休市","lot_size":"100","min_order_quantity":"0","max_order_quantity":"0","tick_size":"0.01","variable_tick_size":"","kzz_stock_symbol":"","kzz_stock_name":"","kzz_stock_current":"0.0","kzz_convert_price":"0.0","kzz_covert_value":"0.0","kzz_cpr":"0.0","kzz_putback_price":"0.0","kzz_convert_time":"","kzz_redempt_price":"0.0","kzz_straight_price":"0.0","kzz_stock_percent":"","pb":"6.23","benefit_before_tax":"0.0","benefit_after_tax":"0.0","convert_bond_ratio":"","totalissuescale":"","outstandingamt":"","maturitydate":"","remain_year":"","convertrate":"0.0","interestrtmemo":"","release_date":"","circulation":"0.0","par_value":"0.0","due_time":"0.0","value_date":"","due_date":"","publisher":"","redeem_type":"T","issue_type":"3","bond_type":"","warrant":"","sale_rrg":"","rate":"","after_hour_vol":"0","float_shares":"1239816010","float_market_capital":"1.459883351775E11","disnext_pay_date":"","convert_rate":"0.0","volume_ratio":"0.8","percent5m":"0.07","pankou_ratio":"-68.82%","psr":"9.1495"}}