{"SZ002304":{"symbol":"SZ002304","exchange":"SZ","code":"002304","name":"洋河股份","current":"108.74","percentage":"0.01","change":"0.01","open":"108.4","high":"110.48","low":"106.83","close":"108.74","last_close":"108.73","high52week":"123.95","low52week":"64.91","volume":"4417579.0","lot_volume":"44175.79","volumeAverage":"2349595","marketCapital":"1.6386987512E11","eps":"3.7","pe_ttm":"24.9434","pe_lyr":"28.1217","beta":"0.0","totalShares":"1506988000","time":"Tue Nov 28 14:23:00 +0800 2017","afterHours":"0.0","afterHoursPct":"0.0","afterHoursChg":"0.0","afterHoursTime":"Wed Oct 19 21:59:01 -0400 2011","updateAt":"1510208116278","dividend":"2.1","yield":"1.93","turnover_rate":"0.36%","instOwn":"0.0","rise_stop":"119.6","fall_stop":"97.86","currency_unit":"CNY","amount":"4.81103563E8","net_assets":"18.8917","hasexist":"","has_warrant":"0","type":"11","flag":"1","rest_day":"","amplitude":"3.36%","market_status":"交易中","lot_size":"100","min_order_quantity":"0","max_order_quantity":"0","tick_size":"0.01","variable_tick_size":"","kzz_stock_symbol":"","kzz_stock_name":"","kzz_stock_current":"0.0","kzz_convert_price":"0.0","kzz_covert_value":"0.0","kzz_cpr":"0.0","kzz_putback_price":"0.0","kzz_convert_time":"","kzz_redempt_price":"0.0","kzz_straight_price":"0.0","kzz_stock_percent":"","pb":"5.74","benefit_before_tax":"0.0","benefit_after_tax":"0.0","convert_bond_ratio":"","totalissuescale":"","outstandingamt":"","maturitydate":"","remain_year":"","convertrate":"0.0","interestrtmemo":"","release_date":"","circulation":"0.0","par_value":"0.0","due_time":"0.0","value_date":"","due_date":"","publisher":"","redeem_type":"T","issue_type":"3","bond_type":"","warrant":"","sale_rrg":"","rate":"","after_hour_vol":"0","float_shares":"1239816010","float_market_capital":"1.348175929274E11","disnext_pay_date":"","convert_rate":"0.0","volume_ratio":"0.64","percent5m":"0.04","pankou_ratio":"27.78%","psr":"8.4486"}}