{"list":[{"bonusimpdate":"20170503","bonusyear":"2016","cur":"人民币","bonusskratio":null,"tranaddskraio":null,"recorddate":"20170509","exrightdate":"20170510","cdividend":10.0,"fdividendbh":0.0,"tranaddsklistdate":null,"bonussklistdate":null,"tranaddskaccday":null,"bonusskaccday":null,"symbol":null,"secode":"2010007511","divitype":"A","taxfdividendbh":0.0,"taxcdividend":10.0,"divibegdate":"20170510","summarize":"10派10"},{"bonusimpdate":"20160429","bonusyear":"2015","cur":"人民币","bonusskratio":null,"tranaddskraio":5.0,"recorddate":"20160505","exrightdate":"20160506","cdividend":12.0,"fdividendbh":0.0,"tranaddsklistdate":"20160506","bonussklistdate":null,"tranaddskaccday":"20160506","bonusskaccday":null,"symbol":null,"secode":"2010007511","divitype":"AC","taxfdividendbh":0.0,"taxcdividend":12.0,"divibegdate":"20160506","summarize":"10转5派12"},{"bonusimpdate":"20150424","bonusyear":"2014","cur":"人民币","bonusskratio":null,"tranaddskraio":null,"recorddate":"20150429","exrightdate":"20150430","cdividend":10.0,"fdividendbh":0.0,"tranaddsklistdate":null,"bonussklistdate":null,"tranaddskaccday":null,"bonusskaccday":null,"symbol":null,"secode":"2010007511","divitype":"A","taxfdividendbh":0.0,"taxcdividend":9.5,"divibegdate":"20150430","summarize":"10派10"},{"bonusimpdate":"20140423","bonusyear":"2013","cur":"人民币","bonusskratio":null,"tranaddskraio":15.0,"recorddate":"20140429","exrightdate":"20140430","cdividend":20.0,"fdividendbh":0.0,"tranaddsklistdate":"20140430","bonussklistdate":null,"tranaddskaccday":"20140430","bonusskaccday":null,"symbol":null,"secode":"2010007511","divitype":"AC","taxfdividendbh":0.0,"taxcdividend":19.0,"divibegdate":"20140430","summarize":"10转15派20"}]}