{"SZ000333":{"symbol":"SZ000333","exchange":"SZ","code":"000333","name":"美的集团","current":"52.00","percentage":"-1.22","change":"-0.64","open":"52.2","high":"53.07","low":"51.81","close":"52.0","last_close":"52.64","high52week":"57.93","low52week":"26.5","volume":"1.6992694E7","lot_volume":"169926.94","volumeAverage":"25556440","marketCapital":"3.40523375296E11","eps":"2.31","pe_ttm":"20.1797","pe_lyr":"23.1895","beta":"0.0","totalShares":"6548526448","time":"Tue Nov 28 12:38:00 +0800 2017","afterHours":"0.0","afterHoursPct":"0.0","afterHoursChg":"0.0","updateAt":"1510196121551","dividend":"1.0","yield":"1.9","turnover_rate":"0.27%","instOwn":"0.0","rise_stop":"57.9","fall_stop":"47.38","currency_unit":"CNY","amount":"8.89619498E8","net_assets":"10.876","hasexist":"","has_warrant":"0","type":"11","flag":"1","rest_day":"","amplitude":"2.39%","market_status":"休盘中","lot_size":"100","min_order_quantity":"0","max_order_quantity":"0","tick_size":"0.01","variable_tick_size":"","kzz_stock_symbol":"","kzz_stock_name":"","kzz_stock_current":"0.0","kzz_convert_price":"0.0","kzz_covert_value":"0.0","kzz_cpr":"0.0","kzz_putback_price":"0.0","kzz_convert_time":"","kzz_redempt_price":"0.0","kzz_straight_price":"0.0","kzz_stock_percent":"","pb":"4.78","benefit_before_tax":"0.0","benefit_after_tax":"0.0","convert_bond_ratio":"","totalissuescale":"","outstandingamt":"","maturitydate":"","remain_year":"","convertrate":"0.0","interestrtmemo":"","release_date":"","circulation":"0.0","par_value":"0.0","due_time":"0.0","value_date":"","due_date":"","publisher":"","redeem_type":"T","issue_type":"3","bond_type":"","warrant":"","sale_rrg":"","rate":"","after_hour_vol":"0","float_shares":"6336503538","float_market_capital":"3.29498183976E11","disnext_pay_date":"","convert_rate":"0.0","volume_ratio":"0.66","percent5m":"0.06","pankou_ratio":"11.84%","psr":"1.5013"}}