{"SZ000333":{"symbol":"SZ000333","exchange":"SZ","code":"000333","name":"美的集团","current":"59.91","percentage":"1.25","change":"0.74","open":"59.47","high":"60.39","low":"58.73","close":"59.91","last_close":"59.17","high52week":"62.69","low52week":"30.85","volume":"3.9472938E7","lot_volume":"394729.38","volumeAverage":"25556440","marketCapital":"3.9393504151236E11","eps":"2.31","pe_ttm":"23.345","pe_lyr":"26.827","beta":"0.0","totalShares":"6575447196","time":"Fri Mar 09 15:04:03 +0800 2018","afterHours":"0.0","afterHoursPct":"0.0","afterHoursChg":"0.0","updateAt":"1517832005572","dividend":"1.0","yield":"1.67","turnover_rate":"0.62%","instOwn":"0.0","rise_stop":"65.09","fall_stop":"53.25","currency_unit":"CNY","amount":"2.35657267175E9","net_assets":"10.876","hasexist":"","has_warrant":"0","type":"11","flag":"1","rest_day":"","amplitude":"2.81%","market_status":"休市","lot_size":"100","min_order_quantity":"0","max_order_quantity":"0","tick_size":"0.01","variable_tick_size":"","kzz_stock_symbol":"","kzz_stock_name":"","kzz_stock_current":"0.0","kzz_convert_price":"0.0","kzz_covert_value":"0.0","kzz_cpr":"0.0","kzz_putback_price":"0.0","kzz_convert_time":"","kzz_redempt_price":"0.0","kzz_straight_price":"0.0","kzz_stock_percent":"","pb":"5.51","benefit_before_tax":"0.0","benefit_after_tax":"0.0","convert_bond_ratio":"","totalissuescale":"","outstandingamt":"","maturitydate":"","remain_year":"","convertrate":"0.0","interestrtmemo":"","release_date":"","circulation":"0.0","par_value":"0.0","due_time":"0.0","value_date":"","due_date":"","publisher":"","redeem_type":"T","issue_type":"3","bond_type":"","warrant":"","sale_rrg":"","rate":"","after_hour_vol":"0","float_shares":"6358119285","float_market_capital":"3.8091492636435E11","disnext_pay_date":"","convert_rate":"0.0","volume_ratio":"1.46","percent5m":"-0.07","pankou_ratio":"-79.57%","psr":"1.7156"}}