{"list": [{"nonoreve": 684470.5, "unreinveloss": null, "capitalreserve": null, "inteinco": null, "profreturninvest": null, "avaidistshareprof": null, "preferredskdiv": null, "welfare": null, "minysharrigh": null, "otherbizprof": null, "biztotincoitse": null, "capitalizeddivi": null, "realsale": null, "subsidyincome": null, "adjustdate": "20170818", "netpro1itse": null, "enddate": "20170630", "otherdistprof": null, "operprofform": null, "legalsurp": null, "netpro2form": null, "parecompincoamt": 99163386.09, "realsalecost": null, "contress": null, "pounexpe": null, "noncassetsdisl": 13576.37, "parenetp": 99163386.09, "parecompinco": null, "accpolicychg": null, "surrgold": null, "custinco": null, "netprofit": 99163386.09, "proftotform": null, "dilutedeps": 0.15, "valuechgloss": null, "reservefund": null, "asseimpaloss": 229538.36, "finexpe": -1515648.76, "compnetexpe": null, "biztotincoform": null, "debtrestruloss": null, "earnprem": null, "nonoexpe": 35993.25, "assoinveprof": null, "minysharinco": null, "otherbizcost": null, "supplycurcap": null, "basiceps": 0.15, "biztotcostform": null, "inteexpe": null, "inveinco": 13410182.49, "freesurplu": null, "otherbizinco": null, "totprofit": 114483189.64, "accstacode": "2", "developfund": null, "exchggain": null, "mergeformnetprof": null, "compcode": "80195268", "pouninco": null, "netpro2itse": null, "incotaxexpe": 15319803.55, "othercompinco": null, "biztotcost": 272552352.98, "undisprofit": null, "biztax": 4996825.86, "accestimatechg": null, "bizprofitse": null, "netpro1form": null, "manaexpe": 51935930.74, "dealwithdivi": null, "selldepartgain": null, "deveexpe": null, "begindate": "20170101", "compincoamt": 99163386.09, "proftotitse": null, "undisprofredu": null, "otherinto": null, "publishdate": "20170818", "futuloss": null, "staffaward": null, "perprofit": 113834712.39, "salesexpe": 44842594.76, "bizinco": 372976882.88, "biztotcostitse": null, "minysharincoamt": null, "accstaname": "\u65b0\u4f1a\u8ba1\u51c6\u5219", "reporttype": "100111", "earlyundiprof": null, "bizcost": 172063112.02, "polidiviexpe": null, "reinexpe": null, "biztotinco": 372976882.88, "othersupply": null, "natudisasterloss": null}, {"nonoreve": 622844.57, "unreinveloss": null, "capitalreserve": null, "inteinco": null, "profreturninvest": null, "avaidistshareprof": null, "preferredskdiv": null, "welfare": null, "minysharrigh": null, "otherbizprof": null, "biztotincoitse": null, "capitalizeddivi": null, "realsale": null, "subsidyincome": null, "adjustdate": "20170418", "netpro1itse": null, "enddate": "20170331", "otherdistprof": null, "operprofform": null, "legalsurp": null, "netpro2form": null, "parecompincoamt": 41214705.02, "realsalecost": null, "contress": null, "pounexpe": null, "noncassetsdisl": 11906.06, "parenetp": 41214705.02, "parecompinco": null, "accpolicychg": null, "surrgold": null, "custinco": null, "netprofit": 41214705.02, "proftotform": null, "dilutedeps": 0.06, "valuechgloss": null, "reservefund": null, "asseimpaloss": 468626.58, "finexpe": -844715.56, "compnetexpe": null, "biztotincoform": null, "debtrestruloss": null, "earnprem": null, "nonoexpe": 12772.94, "assoinveprof": null, "minysharinco": null, "otherbizcost": null, "supplycurcap": null, "basiceps": 0.06, "biztotcostform": null, "inteexpe": null, "inveinco": 4062041.88, "freesurplu": null, "otherbizinco": null, "totprofit": 48449878.44, "accstacode": "2", "developfund": null, "exchggain": null, "mergeformnetprof": null, "compcode": "80195268", "pouninco": null, "netpro2itse": null, "incotaxexpe": 7235173.42, "othercompinco": null, "biztotcost": 99856394.12, "undisprofit": null, "biztax": 1619982.5, "accestimatechg": null, "bizprofitse": null, "netpro1form": null, "manaexpe": 24352303.91, "dealwithdivi": null, "selldepartgain": null, "deveexpe": null, "begindate": "20170101", "compincoamt": 41214705.02, "proftotitse": null, "undisprofredu": null, "otherinto": null, "publishdate": "20170418", "futuloss": null, "staffaward": null, "perprofit": 47839806.81, "salesexpe": 11044060.89, "bizinco": 143634159.05, "biztotcostitse": null, "minysharincoamt": null, "accstaname": "\u65b0\u4f1a\u8ba1\u51c6\u5219", "reporttype": "100111", "earlyundiprof": null, "bizcost": 63216135.8, "polidiviexpe": null, "reinexpe": null, "biztotinco": 143634159.05, "othersupply": null, "natudisasterloss": null}, {"nonoreve": 2210447.41, "unreinveloss": null, "capitalreserve": null, "inteinco": null, "profreturninvest": null, "avaidistshareprof": null, "preferredskdiv": null, "welfare": null, "minysharrigh": null, "otherbizprof": null, "biztotincoitse": null, "capitalizeddivi": null, "realsale": null, "subsidyincome": null, "adjustdate": "20170310", "netpro1itse": null, "enddate": "20161231", "otherdistprof": null, "operprofform": null, "legalsurp": null, "netpro2form": null, "parecompincoamt": 202656115.18, "realsalecost": null, "contress": null, "pounexpe": null, "noncassetsdisl": 4777641.7, "parenetp": 202656115.18, "parecompinco": null, "accpolicychg": null, "surrgold": null, "custinco": null, "netprofit": 202656115.18, "proftotform": null, "dilutedeps": 0.32, "valuechgloss": null, "reservefund": null, "asseimpaloss": 328681.98, "finexpe": -2317936.55, "compnetexpe": null, "biztotincoform": null, "debtrestruloss": null, "earnprem": null, "nonoexpe": 5650761.46, "assoinveprof": null, "minysharinco": null, "otherbizcost": null, "supplycurcap": null, "basiceps": 0.32, "biztotcostform": null, "inteexpe": null, "inveinco": 17296394.16, "freesurplu": null, "otherbizinco": null, "totprofit": 237110935.95, "accstacode": "2", "developfund": null, "exchggain": null, "mergeformnetprof": null, "compcode": "80195268", "pouninco": null, "netpro2itse": null, "incotaxexpe": 34454820.77, "othercompinco": null, "biztotcost": 442428765.68, "undisprofit": null, "biztax": 8659063.28, "accestimatechg": null, "bizprofitse": null, "netpro1form": null, "manaexpe": 79550934.45, "dealwithdivi": null, "selldepartgain": null, "deveexpe": null, "begindate": "20160101", "compincoamt": 202656115.18, "proftotitse": null, "undisprofredu": null, "otherinto": null, "publishdate": "20170310", "futuloss": null, "staffaward": null, "perprofit": 240551250.0, "salesexpe": 55483937.58, "bizinco": 665683621.52, "biztotcostitse": null, "minysharincoamt": null, "accstaname": "\u65b0\u4f1a\u8ba1\u51c6\u5219", "reporttype": "100111", "earlyundiprof": null, "bizcost": 300724084.94, "polidiviexpe": null, "reinexpe": null, "biztotinco": 665683621.52, "othersupply": null, "natudisasterloss": null}, {"nonoreve": 1466571.88, "unreinveloss": null, "capitalreserve": null, "inteinco": null, "profreturninvest": null, "avaidistshareprof": null, "preferredskdiv": null, "welfare": null, "minysharrigh": null, "otherbizprof": null, "biztotincoitse": null, "capitalizeddivi": null, "realsale": null, "subsidyincome": null, "adjustdate": "20161021", "netpro1itse": null, "enddate": "20160930", "otherdistprof": null, "operprofform": null, "legalsurp": null, "netpro2form": null, "parecompincoamt": 122901490.54, "realsalecost": null, "contress": null, "pounexpe": null, "noncassetsdisl": 4701226.44, "parenetp": 122901490.54, "parecompinco": null, "accpolicychg": null, "surrgold": null, "custinco": null, "netprofit": 122901490.54, "proftotform": null, "dilutedeps": 0.19, "valuechgloss": null, "reservefund": null, "asseimpaloss": 488157.39, "finexpe": -1150293.29, "compnetexpe": null, "biztotincoform": null, "debtrestruloss": null, "earnprem": null, "nonoexpe": 5470089.62, "assoinveprof": null, "minysharinco": null, "otherbizcost": null, "supplycurcap": null, "basiceps": 0.19, "biztotcostform": null, "inteexpe": null, "inveinco": 13064163.61, "freesurplu": null, "otherbizinco": null, "totprofit": 142943245.48, "accstacode": "2", "developfund": null, "exchggain": null, "mergeformnetprof": null, "compcode": "80195268", "pouninco": null, "netpro2itse": null, "incotaxexpe": 20041754.94, "othercompinco": null, "biztotcost": 291880039.44, "undisprofit": null, "biztax": 4244908.22, "accestimatechg": null, "bizprofitse": null, "netpro1form": null, "manaexpe": 53991368.62, "dealwithdivi": null, "selldepartgain": null, "deveexpe": null, "begindate": "20160101", "compincoamt": 122901490.54, "proftotitse": null, "undisprofredu": null, "otherinto": null, "publishdate": "20161021", "futuloss": null, "staffaward": null, "perprofit": 146946763.22, "salesexpe": 39358807.1, "bizinco": 425762639.05, "biztotcostitse": null, "minysharincoamt": null, "accstaname": "\u65b0\u4f1a\u8ba1\u51c6\u5219", "reporttype": "100111", "earlyundiprof": null, "bizcost": 194947091.4, "polidiviexpe": null, "reinexpe": null, "biztotinco": 425762639.05, "othersupply": null, "natudisasterloss": null}, {"nonoreve": 1016531.0, "unreinveloss": null, "capitalreserve": null, "inteinco": null, "profreturninvest": null, "avaidistshareprof": null, "preferredskdiv": null, "welfare": null, "minysharrigh": null, "otherbizprof": null, "biztotincoitse": null, "capitalizeddivi": null, "realsale": null, "subsidyincome": null, "adjustdate": "20160818", "netpro1itse": null, "enddate": "20160630", "otherdistprof": null, "operprofform": null, "legalsurp": null, "netpro2form": null, "parecompincoamt": 65654381.09, "realsalecost": null, "contress": null, "pounexpe": null, "noncassetsdisl": null, "parenetp": 65654381.09, "parecompinco": null, "accpolicychg": null, "surrgold": null, "custinco": null, "netprofit": 65654381.09, "proftotform": null, "dilutedeps": 0.1, "valuechgloss": null, "reservefund": null, "asseimpaloss": 432160.88, "finexpe": -916499.72, "compnetexpe": null, "biztotincoform": null, "debtrestruloss": null, "earnprem": null, "nonoexpe": 371917.62, "assoinveprof": null, "minysharinco": null, "otherbizcost": null, "supplycurcap": null, "basiceps": 0.1, "biztotcostform": null, "inteexpe": null, "inveinco": 10027616.71, "freesurplu": null, "otherbizinco": null, "totprofit": 75745897.57, "accstacode": "2", "developfund": null, "exchggain": null, "mergeformnetprof": null, "compcode": "80195268", "pouninco": null, "netpro2itse": null, "incotaxexpe": 10091516.48, "othercompinco": null, "biztotcost": 174063206.23, "undisprofit": null, "biztax": 2477858.3, "accestimatechg": null, "bizprofitse": null, "netpro1form": null, "manaexpe": 36980842.61, "dealwithdivi": null, "selldepartgain": null, "deveexpe": null, "begindate": "20160101", "compincoamt": 65654381.09, "proftotitse": null, "undisprofredu": null, "otherinto": null, "publishdate": "20160818", "futuloss": null, "staffaward": null, "perprofit": 75101284.19, "salesexpe": 25724835.95, "bizinco": 239136873.71, "biztotcostitse": null, "minysharincoamt": null, "accstaname": "\u65b0\u4f1a\u8ba1\u51c6\u5219", "reporttype": "100111", "earlyundiprof": null, "bizcost": 109364008.21, "polidiviexpe": null, "reinexpe": null, "biztotinco": 239136873.71, "othersupply": null, "natudisasterloss": null}, {"nonoreve": 352548.22, "unreinveloss": null, "capitalreserve": null, "inteinco": null, "profreturninvest": null, "avaidistshareprof": null, "preferredskdiv": null, "welfare": null, "minysharrigh": null, "otherbizprof": null, "biztotincoitse": null, "capitalizeddivi": null, "realsale": null, "subsidyincome": null, "adjustdate": "20160418", "netpro1itse": null, "enddate": "20160331", "otherdistprof": null, "operprofform": null, "legalsurp": null, "netpro2form": null, "parecompincoamt": 28619616.99, "realsalecost": null, "contress": null, "pounexpe": null, "noncassetsdisl": null, "parenetp": 28619616.99, "parecompinco": null, "accpolicychg": null, "surrgold": null, "custinco": null, "netprofit": 28619616.99, "proftotform": null, "dilutedeps": 0.07, "valuechgloss": null, "reservefund": null, "asseimpaloss": 485866.35, "finexpe": -357640.04, "compnetexpe": null, "biztotincoform": null, "debtrestruloss": null, "earnprem": null, "nonoexpe": 169274.75, "assoinveprof": null, "minysharinco": null, "otherbizcost": null, "supplycurcap": null, "basiceps": 0.07, "biztotcostform": null, "inteexpe": null, "inveinco": 5868535.84, "freesurplu": null, "otherbizinco": null, "totprofit": 33969198.97, "accstacode": "2", "developfund": null, "exchggain": null, "mergeformnetprof": null, "compcode": "80195268", "pouninco": null, "netpro2itse": null, "incotaxexpe": 5349581.98, "othercompinco": null, "biztotcost": 66659362.32, "undisprofit": null, "biztax": 949143.98, "accestimatechg": null, "bizprofitse": null, "netpro1form": null, "manaexpe": 11670860.47, "dealwithdivi": null, "selldepartgain": null, "deveexpe": null, "begindate": "20160101", "compincoamt": 28619616.99, "proftotitse": null, "undisprofredu": null, "otherinto": null, "publishdate": "20160418", "futuloss": null, "staffaward": null, "perprofit": 33785925.5, "salesexpe": 8791353.11, "bizinco": 94576751.98, "biztotcostitse": null, "minysharincoamt": null, "accstaname": "\u65b0\u4f1a\u8ba1\u51c6\u5219", "reporttype": "100111", "earlyundiprof": null, "bizcost": 45119778.45, "polidiviexpe": null, "reinexpe": null, "biztotinco": 94576751.98, "othersupply": null, "natudisasterloss": null}, {"nonoreve": 10943123.26, "unreinveloss": null, "capitalreserve": null, "inteinco": null, "profreturninvest": null, "avaidistshareprof": null, "preferredskdiv": null, "welfare": null, "minysharrigh": null, "otherbizprof": null, "biztotincoitse": null, "capitalizeddivi": null, "realsale": null, "subsidyincome": null, "adjustdate": "20160418", "netpro1itse": null, "enddate": "20151231", "otherdistprof": null, "operprofform": null, "legalsurp": null, "netpro2form": null, "parecompincoamt": 155641178.71, "realsalecost": null, "contress": null, "pounexpe": null, "noncassetsdisl": 602856.11, "parenetp": 155641178.71, "parecompinco": null, "accpolicychg": null, "surrgold": null, "custinco": null, "netprofit": 155641178.71, "proftotform": null, "dilutedeps": 0.39, "valuechgloss": null, "reservefund": null, "asseimpaloss": 101796.88, "finexpe": -2587152.69, "compnetexpe": null, "biztotincoform": null, "debtrestruloss": null, "earnprem": null, "nonoexpe": 2047506.42, "assoinveprof": null, "minysharinco": null, "otherbizcost": null, "supplycurcap": null, "basiceps": 0.39, "biztotcostform": null, "inteexpe": null, "inveinco": 26148986.93, "freesurplu": null, "otherbizinco": null, "totprofit": 181172154.76, "accstacode": "2", "developfund": null, "exchggain": null, "mergeformnetprof": null, "compcode": "80195268", "pouninco": null, "netpro2itse": null, "incotaxexpe": 25530976.05, "othercompinco": null, "biztotcost": 371749737.96, "undisprofit": null, "biztax": 4576226.0, "accestimatechg": null, "bizprofitse": null, "netpro1form": null, "manaexpe": 62775048.28, "dealwithdivi": null, "selldepartgain": null, "deveexpe": null, "begindate": "20150101", "compincoamt": 155641178.71, "proftotitse": null, "undisprofredu": null, "otherinto": null, "publishdate": "20160418", "futuloss": null, "staffaward": null, "perprofit": 172276537.92, "salesexpe": 62629911.22, "bizinco": 517877288.95, "biztotcostitse": null, "minysharincoamt": null, "accstaname": "\u65b0\u4f1a\u8ba1\u51c6\u5219", "reporttype": "100111", "earlyundiprof": null, "bizcost": 244253908.27, "polidiviexpe": null, "reinexpe": null, "biztotinco": 517877288.95, "othersupply": null, "natudisasterloss": null}, {"nonoreve": 8335652.07, "unreinveloss": null, "capitalreserve": null, "inteinco": null, "profreturninvest": null, "avaidistshareprof": null, "preferredskdiv": null, "welfare": null, "minysharrigh": null, "otherbizprof": null, "biztotincoitse": null, "capitalizeddivi": null, "realsale": null, "subsidyincome": null, "adjustdate": "20151020", "netpro1itse": null, "enddate": "20150930", "otherdistprof": null, "operprofform": null, "legalsurp": null, "netpro2form": null, "parecompincoamt": 91672749.7, "realsalecost": null, "contress": null, "pounexpe": null, "noncassetsdisl": 470417.48, "parenetp": 91672749.7, "parecompinco": null, "accpolicychg": null, "surrgold": null, "custinco": null, "netprofit": 91672749.7, "proftotform": null, "dilutedeps": 0.23, "valuechgloss": null, "reservefund": null, "asseimpaloss": 566480.65, "finexpe": -2347532.47, "compnetexpe": null, "biztotincoform": null, "debtrestruloss": null, "earnprem": null, "nonoexpe": 1506509.28, "assoinveprof": null, "minysharinco": null, "otherbizcost": null, "supplycurcap": null, "basiceps": 0.23, "biztotcostform": null, "inteexpe": null, "inveinco": 20530929.97, "freesurplu": null, "otherbizinco": null, "totprofit": 105991202.16, "accstacode": "2", "developfund": null, "exchggain": null, "mergeformnetprof": null, "compcode": "80195268", "pouninco": null, "netpro2itse": null, "incotaxexpe": 14318452.46, "othercompinco": null, "biztotcost": 244230947.55, "undisprofit": null, "biztax": 2680055.61, "accestimatechg": null, "bizprofitse": null, "netpro1form": null, "manaexpe": 45748908.85, "dealwithdivi": null, "selldepartgain": null, "deveexpe": null, "begindate": "20150101", "compincoamt": 91672749.7, "proftotitse": null, "undisprofredu": null, "otherinto": null, "publishdate": "20151020", "futuloss": null, "staffaward": null, "perprofit": 99162059.37, "salesexpe": 39025844.52, "bizinco": 322862076.95, "biztotcostitse": null, "minysharincoamt": null, "accstaname": "\u65b0\u4f1a\u8ba1\u51c6\u5219", "reporttype": "100111", "earlyundiprof": null, "bizcost": 158557190.39, "polidiviexpe": null, "reinexpe": null, "biztotinco": 322862076.95, "othersupply": null, "natudisasterloss": null}, {"nonoreve": 5777624.29, "unreinveloss": null, "capitalreserve": null, "inteinco": null, "profreturninvest": null, "avaidistshareprof": null, "preferredskdiv": null, "welfare": null, "minysharrigh": null, "otherbizprof": null, "biztotincoitse": null, "capitalizeddivi": null, "realsale": null, "subsidyincome": null, "adjustdate": "20150820", "netpro1itse": null, "enddate": "20150630", "otherdistprof": null, "operprofform": null, "legalsurp": null, "netpro2form": null, "parecompincoamt": 54121283.73, "realsalecost": null, "contress": null, "pounexpe": null, "noncassetsdisl": null, "parenetp": 54121283.73, "parecompinco": null, "accpolicychg": null, "surrgold": null, "custinco": null, "netprofit": 54121283.73, "proftotform": null, "dilutedeps": 0.14, "valuechgloss": null, "reservefund": null, "asseimpaloss": 697869.56, "finexpe": -2063763.15, "compnetexpe": null, "biztotincoform": null, "debtrestruloss": null, "earnprem": null, "nonoexpe": 796831.32, "assoinveprof": null, "minysharinco": null, "otherbizcost": null, "supplycurcap": null, "basiceps": 0.14, "biztotcostform": null, "inteexpe": null, "inveinco": 16017450.87, "freesurplu": null, "otherbizinco": null, "totprofit": 61856209.23, "accstacode": "2", "developfund": null, "exchggain": null, "mergeformnetprof": null, "compcode": "80195268", "pouninco": null, "netpro2itse": null, "incotaxexpe": 7734925.5, "othercompinco": null, "biztotcost": 147957501.12, "undisprofit": null, "biztax": 1531487.58, "accestimatechg": null, "bizprofitse": null, "netpro1form": null, "manaexpe": 30724166.24, "dealwithdivi": null, "selldepartgain": null, "deveexpe": null, "begindate": "20150101", "compincoamt": 54121283.73, "proftotitse": null, "undisprofredu": null, "otherinto": null, "publishdate": "20150820", "futuloss": null, "staffaward": null, "perprofit": 56875416.26, "salesexpe": 23094260.5, "bizinco": 188815466.51, "biztotcostitse": null, "minysharincoamt": null, "accstaname": "\u65b0\u4f1a\u8ba1\u51c6\u5219", "reporttype": "100111", "earlyundiprof": null, "bizcost": 93973480.39, "polidiviexpe": null, "reinexpe": null, "biztotinco": 188815466.51, "othersupply": null, "natudisasterloss": null}, {"nonoreve": 1473368.26, "unreinveloss": null, "capitalreserve": null, "inteinco": null, "profreturninvest": null, "avaidistshareprof": null, "preferredskdiv": null, "welfare": null, "minysharrigh": null, "otherbizprof": null, "biztotincoitse": null, "capitalizeddivi": null, "realsale": null, "subsidyincome": null, "adjustdate": "20150424", "netpro1itse": null, "enddate": "20150331", "otherdistprof": null, "operprofform": null, "legalsurp": null, "netpro2form": null, "parecompincoamt": 25409486.4, "realsalecost": null, "contress": null, "pounexpe": null, "noncassetsdisl": null, "parenetp": 25409486.4, "parecompinco": null, "accpolicychg": null, "surrgold": null, "custinco": null, "netprofit": 25409486.4, "proftotform": null, "dilutedeps": 0.13, "valuechgloss": null, "reservefund": null, "asseimpaloss": 1802146.54, "finexpe": -1250356.1, "compnetexpe": null, "biztotincoform": null, "debtrestruloss": null, "earnprem": null, "nonoexpe": 518342.14, "assoinveprof": null, "minysharinco": null, "otherbizcost": null, "supplycurcap": null, "basiceps": 0.13, "biztotcostform": null, "inteexpe": null, "inveinco": 10067534.11, "freesurplu": null, "otherbizinco": null, "totprofit": 28129187.74, "accstacode": "2", "developfund": null, "exchggain": null, "mergeformnetprof": null, "compcode": "80195268", "pouninco": null, "netpro2itse": null, "incotaxexpe": 2719701.34, "othercompinco": null, "biztotcost": 63342513.21, "undisprofit": null, "biztax": 698030.69, "accestimatechg": null, "bizprofitse": null, "netpro1form": null, "manaexpe": 14007744.89, "dealwithdivi": null, "selldepartgain": null, "deveexpe": null, "begindate": "20150101", "compincoamt": 25409486.4, "proftotitse": null, "undisprofredu": null, "otherinto": null, "publishdate": "20150424", "futuloss": null, "staffaward": null, "perprofit": 27174161.62, "salesexpe": 10045253.71, "bizinco": 80449140.72, "biztotcostitse": null, "minysharincoamt": null, "accstaname": "\u65b0\u4f1a\u8ba1\u51c6\u5219", "reporttype": "100111", "earlyundiprof": null, "bizcost": 38039693.48, "polidiviexpe": null, "reinexpe": null, "biztotinco": 80449140.72, "othersupply": null, "natudisasterloss": null}, {"nonoreve": 9058770.8, "unreinveloss": null, "capitalreserve": null, "inteinco": null, "profreturninvest": null, "avaidistshareprof": null, "preferredskdiv": null, "welfare": null, "minysharrigh": null, "otherbizprof": null, "biztotincoitse": null, "capitalizeddivi": null, "realsale": null, "subsidyincome": null, "adjustdate": "20150326", "netpro1itse": null, "enddate": "20141231", "otherdistprof": null, "operprofform": null, "legalsurp": null, "netpro2form": null, "parecompincoamt": 137733705.0, "realsalecost": null, "contress": null, "pounexpe": null, "noncassetsdisl": 2473537.83, "parenetp": 137733705.0, "parecompinco": null, "accpolicychg": null, "surrgold": null, "custinco": null, "netprofit": 137733705.0, "proftotform": null, "dilutedeps": 0.69, "valuechgloss": null, "reservefund": null, "asseimpaloss": 289843.3, "finexpe": -1392539.16, "compnetexpe": null, "biztotincoform": null, "debtrestruloss": null, "earnprem": null, "nonoexpe": 3643669.19, "assoinveprof": null, "minysharinco": null, "otherbizcost": null, "supplycurcap": null, "basiceps": 0.69, "biztotcostform": null, "inteexpe": null, "inveinco": 31753745.46, "freesurplu": null, "otherbizinco": null, "totprofit": 155820010.86, "accstacode": "2", "developfund": null, "exchggain": null, "mergeformnetprof": null, "compcode": "80195268", "pouninco": null, "netpro2itse": null, "incotaxexpe": 18086305.86, "othercompinco": null, "biztotcost": 350956661.56, "undisprofit": null, "biztax": 4135604.15, "accestimatechg": null, "bizprofitse": null, "netpro1form": null, "manaexpe": 69703120.08, "dealwithdivi": null, "selldepartgain": null, "deveexpe": null, "begindate": "20140101", "compincoamt": 137733705.0, "proftotitse": null, "undisprofredu": null, "otherinto": null, "publishdate": "20150326", "futuloss": null, "staffaward": null, "perprofit": 150404909.25, "salesexpe": 59124205.09, "bizinco": 469607825.35, "biztotcostitse": null, "minysharincoamt": null, "accstaname": "\u65b0\u4f1a\u8ba1\u51c6\u5219", "reporttype": "100111", "earlyundiprof": null, "bizcost": 219096428.1, "polidiviexpe": null, "reinexpe": null, "biztotinco": 469607825.35, "othersupply": null, "natudisasterloss": null}, {"nonoreve": 5655879.17, "unreinveloss": null, "capitalreserve": null, "inteinco": null, "profreturninvest": null, "avaidistshareprof": null, "preferredskdiv": null, "welfare": null, "minysharrigh": null, "otherbizprof": null, "biztotincoitse": null, "capitalizeddivi": null, "realsale": null, "subsidyincome": null, "adjustdate": "20141024", "netpro1itse": null, "enddate": "20140930", "otherdistprof": null, "operprofform": null, "legalsurp": null, "netpro2form": null, "parecompincoamt": 82392852.55, "realsalecost": null, "contress": null, "pounexpe": null, "noncassetsdisl": 372812.68, "parenetp": 82392852.55, "parecompinco": null, "accpolicychg": null, "surrgold": null, "custinco": null, "netprofit": 82392852.55, "proftotform": null, "dilutedeps": 0.41, "valuechgloss": null, "reservefund": null, "asseimpaloss": 815176.25, "finexpe": -714666.11, "compnetexpe": null, "biztotincoform": null, "debtrestruloss": null, "earnprem": null, "nonoexpe": 1071759.67, "assoinveprof": null, "minysharinco": null, "otherbizcost": null, "supplycurcap": null, "basiceps": 0.41, "biztotcostform": null, "inteexpe": null, "inveinco": 27305962.47, "freesurplu": null, "otherbizinco": null, "totprofit": 95283651.62, "accstacode": "2", "developfund": null, "exchggain": null, "mergeformnetprof": null, "compcode": "80195268", "pouninco": null, "netpro2itse": null, "incotaxexpe": 12890799.07, "othercompinco": null, "biztotcost": 227625089.84, "undisprofit": null, "biztax": 2372503.55, "accestimatechg": null, "bizprofitse": null, "netpro1form": null, "manaexpe": 45554499.73, "dealwithdivi": null, "selldepartgain": null, "deveexpe": null, "begindate": "20140101", "compincoamt": 82392852.55, "proftotitse": null, "undisprofredu": null, "otherinto": null, "publishdate": "20141024", "futuloss": null, "staffaward": null, "perprofit": 90699532.12, "salesexpe": 43609008.99, "bizinco": 291018659.49, "biztotcostitse": null, "minysharincoamt": null, "accstaname": "\u65b0\u4f1a\u8ba1\u51c6\u5219", "reporttype": "100111", "earlyundiprof": null, "bizcost": 135988567.43, "polidiviexpe": null, "reinexpe": null, "biztotinco": 291018659.49, "othersupply": null, "natudisasterloss": null}, {"nonoreve": 2757880.61, "unreinveloss": null, "capitalreserve": null, "inteinco": null, "profreturninvest": null, "avaidistshareprof": null, "preferredskdiv": null, "welfare": null, "minysharrigh": null, "otherbizprof": null, "biztotincoitse": null, "capitalizeddivi": null, "realsale": null, "subsidyincome": null, "adjustdate": "20140826", "netpro1itse": null, "enddate": "20140630", "otherdistprof": null, "operprofform": null, "legalsurp": null, "netpro2form": null, "parecompincoamt": 48153553.9, "realsalecost": null, "contress": null, "pounexpe": null, "noncassetsdisl": null, "parenetp": 48153553.9, "parecompinco": null, "accpolicychg": null, "surrgold": null, "custinco": null, "netprofit": 48153553.9, "proftotform": null, "dilutedeps": 0.24, "valuechgloss": null, "reservefund": null, "asseimpaloss": 980623.16, "finexpe": -477005.49, "compnetexpe": null, "biztotincoform": null, "debtrestruloss": null, "earnprem": null, "nonoexpe": 547536.7, "assoinveprof": null, "minysharinco": null, "otherbizcost": null, "supplycurcap": null, "basiceps": 0.24, "biztotcostform": null, "inteexpe": null, "inveinco": 17556552.09, "freesurplu": null, "otherbizinco": null, "totprofit": 55653659.31, "accstacode": "2", "developfund": null, "exchggain": null, "mergeformnetprof": null, "compcode": "80195268", "pouninco": null, "netpro2itse": null, "incotaxexpe": 7500105.41, "othercompinco": null, "biztotcost": 135213568.59, "undisprofit": null, "biztax": 1497447.37, "accestimatechg": null, "bizprofitse": null, "netpro1form": null, "manaexpe": 28840511.66, "dealwithdivi": null, "selldepartgain": null, "deveexpe": null, "begindate": "20140101", "compincoamt": 48153553.9, "proftotitse": null, "undisprofredu": null, "otherinto": null, "publishdate": "20140826", "futuloss": null, "staffaward": null, "perprofit": 53443315.4, "salesexpe": 21780574.55, "bizinco": 171100331.9, "biztotcostitse": null, "minysharincoamt": null, "accstaname": "\u65b0\u4f1a\u8ba1\u51c6\u5219", "reporttype": "100111", "earlyundiprof": null, "bizcost": 82591417.34, "polidiviexpe": null, "reinexpe": null, "biztotinco": 171100331.9, "othersupply": null, "natudisasterloss": null}, {"nonoreve": 684409.84, "unreinveloss": null, "capitalreserve": null, "inteinco": null, "profreturninvest": null, "avaidistshareprof": null, "preferredskdiv": null, "welfare": null, "minysharrigh": null, "otherbizprof": null, "biztotincoitse": null, "capitalizeddivi": null, "realsale": null, "subsidyincome": null, "adjustdate": "20140424", "netpro1itse": null, "enddate": "20140331", "otherdistprof": null, "operprofform": null, "legalsurp": null, "netpro2form": null, "parecompincoamt": 22719401.62, "realsalecost": null, "contress": null, "pounexpe": null, "noncassetsdisl": null, "parenetp": 22719401.62, "parecompinco": null, "accpolicychg": null, "surrgold": null, "custinco": null, "netprofit": 22719401.62, "proftotform": null, "dilutedeps": 0.11, "valuechgloss": null, "reservefund": null, "asseimpaloss": 1021019.78, "finexpe": -150659.21, "compnetexpe": null, "biztotincoform": null, "debtrestruloss": null, "earnprem": null, "nonoexpe": 133854.68, "assoinveprof": null, "minysharinco": null, "otherbizcost": null, "supplycurcap": null, "basiceps": 0.11, "biztotcostform": null, "inteexpe": null, "inveinco": 10554955.86, "freesurplu": null, "otherbizinco": null, "totprofit": 26166424.35, "accstacode": "2", "developfund": null, "exchggain": null, "mergeformnetprof": null, "compcode": "80195268", "pouninco": null, "netpro2itse": null, "incotaxexpe": 3447022.73, "othercompinco": null, "biztotcost": 61845685.8, "undisprofit": null, "biztax": 687405.13, "accestimatechg": null, "bizprofitse": null, "netpro1form": null, "manaexpe": 12086829.28, "dealwithdivi": null, "selldepartgain": null, "deveexpe": null, "begindate": "20140101", "compincoamt": 22719401.62, "proftotitse": null, "undisprofredu": null, "otherinto": null, "publishdate": "20140424", "futuloss": null, "staffaward": null, "perprofit": 25615869.19, "salesexpe": 12397806.55, "bizinco": 76906599.13, "biztotcostitse": null, "minysharincoamt": null, "accstaname": "\u65b0\u4f1a\u8ba1\u51c6\u5219", "reporttype": "100111", "earlyundiprof": null, "bizcost": 35803284.27, "polidiviexpe": null, "reinexpe": null, "biztotinco": 76906599.13, "othersupply": null, "natudisasterloss": null}, {"nonoreve": 9092811.46, "unreinveloss": null, "capitalreserve": null, "inteinco": null, "profreturninvest": null, "avaidistshareprof": null, "preferredskdiv": null, "welfare": null, "minysharrigh": null, "otherbizprof": null, "biztotincoitse": null, "capitalizeddivi": null, "realsale": null, "subsidyincome": null, "adjustdate": "20140328", "netpro1itse": null, "enddate": "20131231", "otherdistprof": null, "operprofform": null, "legalsurp": null, "netpro2form": null, "parecompincoamt": 107677271.87, "realsalecost": null, "contress": null, "pounexpe": null, "noncassetsdisl": 157730.27, "parenetp": 107677271.87, "parecompinco": null, "accpolicychg": null, "surrgold": null, "custinco": null, "netprofit": 107677271.87, "proftotform": null, "dilutedeps": 0.54, "valuechgloss": null, "reservefund": null, "asseimpaloss": -66900.46, "finexpe": -4539529.69, "compnetexpe": null, "biztotincoform": null, "debtrestruloss": null, "earnprem": null, "nonoexpe": 1616417.15, "assoinveprof": null, "minysharinco": null, "otherbizcost": null, "supplycurcap": null, "basiceps": 0.54, "biztotcostform": null, "inteexpe": null, "inveinco": 20608658.94, "freesurplu": null, "otherbizinco": null, "totprofit": 127951857.58, "accstacode": "2", "developfund": null, "exchggain": null, "mergeformnetprof": null, "compcode": "80195268", "pouninco": null, "netpro2itse": null, "incotaxexpe": 20274585.71, "othercompinco": null, "biztotcost": 290987166.59, "undisprofit": null, "biztax": 3203726.59, "accestimatechg": null, "bizprofitse": null, "netpro1form": null, "manaexpe": 62073700.9, "dealwithdivi": null, "selldepartgain": null, "deveexpe": null, "begindate": "20130101", "compincoamt": 107677271.87, "proftotitse": null, "undisprofredu": null, "otherinto": null, "publishdate": "20140328", "futuloss": null, "staffaward": null, "perprofit": 120475463.27, "salesexpe": 49346621.89, "bizinco": 390853970.92, "biztotcostitse": null, "minysharincoamt": null, "accstaname": "\u65b0\u4f1a\u8ba1\u51c6\u5219", "reporttype": "100111", "earlyundiprof": null, "bizcost": 180969547.36, "polidiviexpe": null, "reinexpe": null, "biztotinco": 390853970.92, "othersupply": null, "natudisasterloss": null}, {"nonoreve": 9997210.03, "unreinveloss": null, "capitalreserve": null, "inteinco": null, "profreturninvest": null, "avaidistshareprof": null, "preferredskdiv": null, "welfare": null, "minysharrigh": null, "otherbizprof": null, "biztotincoitse": null, "capitalizeddivi": null, "realsale": null, "subsidyincome": null, "adjustdate": "20131023", "netpro1itse": null, "enddate": "20130930", "otherdistprof": null, "operprofform": null, "legalsurp": null, "netpro2form": null, "parecompincoamt": 55008246.72, "realsalecost": null, "contress": null, "pounexpe": null, "noncassetsdisl": -157730.27, "parenetp": 55008246.72, "parecompinco": null, "accpolicychg": null, "surrgold": null, "custinco": null, "netprofit": 55008246.72, "proftotform": null, "dilutedeps": 0.28, "valuechgloss": null, "reservefund": null, "asseimpaloss": 620885.7, "finexpe": -4332633.06, "compnetexpe": null, "biztotincoform": null, "debtrestruloss": null, "earnprem": null, "nonoexpe": 1067784.09, "assoinveprof": null, "minysharinco": null, "otherbizcost": null, "supplycurcap": null, "basiceps": 0.28, "biztotcostform": null, "inteexpe": null, "inveinco": 10616969.25, "freesurplu": null, "otherbizinco": null, "totprofit": 62779950.31, "accstacode": "2", "developfund": null, "exchggain": null, "mergeformnetprof": null, "compcode": "80195268", "pouninco": null, "netpro2itse": null, "incotaxexpe": 7771703.59, "othercompinco": null, "biztotcost": 187951752.43, "undisprofit": null, "biztax": 1884431.17, "accestimatechg": null, "bizprofitse": null, "netpro1form": null, "manaexpe": 52000969.73, "dealwithdivi": null, "selldepartgain": null, "deveexpe": null, "begindate": "20130101", "compincoamt": 55008246.72, "proftotitse": null, "undisprofredu": null, "otherinto": null, "publishdate": "20131023", "futuloss": null, "staffaward": null, "perprofit": 53850524.37, "salesexpe": 30079853.27, "bizinco": 231185307.55, "biztotcostitse": null, "minysharincoamt": null, "accstaname": "\u65b0\u4f1a\u8ba1\u51c6\u5219", "reporttype": "100111", "earlyundiprof": null, "bizcost": 107698245.62, "polidiviexpe": null, "reinexpe": null, "biztotinco": 231185307.55, "othersupply": null, "natudisasterloss": null}, {"nonoreve": 5607945.3, "unreinveloss": null, "capitalreserve": null, "inteinco": null, "profreturninvest": null, "avaidistshareprof": null, "preferredskdiv": null, "welfare": null, "minysharrigh": null, "otherbizprof": null, "biztotincoitse": null, "capitalizeddivi": null, "realsale": null, "subsidyincome": null, "adjustdate": "20130815", "netpro1itse": null, "enddate": "20130630", "otherdistprof": null, "operprofform": null, "legalsurp": null, "netpro2form": null, "parecompincoamt": 40722753.65, "realsalecost": null, "contress": null, "pounexpe": null, "noncassetsdisl": null, "parenetp": 40722753.65, "parecompinco": null, "accpolicychg": null, "surrgold": null, "custinco": null, "netprofit": 40722753.65, "proftotform": null, "dilutedeps": 0.2, "valuechgloss": null, "reservefund": null, "asseimpaloss": 1211179.87, "finexpe": -4750207.84, "compnetexpe": null, "biztotincoform": null, "debtrestruloss": null, "earnprem": null, "nonoexpe": 747907.92, "assoinveprof": null, "minysharinco": null, "otherbizcost": null, "supplycurcap": null, "basiceps": 0.2, "biztotcostform": null, "inteexpe": null, "inveinco": 4224470.02, "freesurplu": null, "otherbizinco": null, "totprofit": 47146008.86, "accstacode": "2", "developfund": null, "exchggain": null, "mergeformnetprof": null, "compcode": "80195268", "pouninco": null, "netpro2itse": null, "incotaxexpe": 6423255.21, "othercompinco": null, "biztotcost": 117564058.59, "undisprofit": null, "biztax": 1664488.86, "accestimatechg": null, "bizprofitse": null, "netpro1form": null, "manaexpe": 26283008.13, "dealwithdivi": null, "selldepartgain": null, "deveexpe": null, "begindate": "20130101", "compincoamt": 40722753.65, "proftotitse": null, "undisprofredu": null, "otherinto": null, "publishdate": "20130815", "futuloss": null, "staffaward": null, "perprofit": 42285971.48, "salesexpe": 21155657.28, "bizinco": 155625560.05, "biztotcostitse": null, "minysharincoamt": null, "accstaname": "\u65b0\u4f1a\u8ba1\u51c6\u5219", "reporttype": "100111", "earlyundiprof": null, "bizcost": 71999932.29, "polidiviexpe": null, "reinexpe": null, "biztotinco": 155625560.05, "othersupply": null, "natudisasterloss": null}, {"nonoreve": 4711193.36, "unreinveloss": null, "capitalreserve": null, "inteinco": null, "profreturninvest": null, "avaidistshareprof": null, "preferredskdiv": null, "welfare": null, "minysharrigh": null, "otherbizprof": null, "biztotincoitse": null, "capitalizeddivi": null, "realsale": null, "subsidyincome": null, "adjustdate": "20130425", "netpro1itse": null, "enddate": "20130331", "otherdistprof": null, "operprofform": null, "legalsurp": null, "netpro2form": null, "parecompincoamt": 20381887.41, "realsalecost": null, "contress": null, "pounexpe": null, "noncassetsdisl": null, "parenetp": 20381887.41, "parecompinco": null, "accpolicychg": null, "surrgold": null, "custinco": null, "netprofit": 20381887.41, "proftotform": null, "dilutedeps": 0.1, "valuechgloss": null, "reservefund": null, "asseimpaloss": 451621.38, "finexpe": -1279055.92, "compnetexpe": null, "biztotincoform": null, "debtrestruloss": null, "earnprem": null, "nonoexpe": 600202.39, "assoinveprof": null, "minysharinco": null, "otherbizcost": null, "supplycurcap": null, "basiceps": 0.1, "biztotcostform": null, "inteexpe": null, "inveinco": null, "freesurplu": null, "otherbizinco": null, "totprofit": 24422748.42, "accstacode": "2", "developfund": null, "exchggain": null, "mergeformnetprof": null, "compcode": "80195268", "pouninco": null, "netpro2itse": null, "incotaxexpe": 4040861.01, "othercompinco": null, "biztotcost": 54414247.62, "undisprofit": null, "biztax": 704718.42, "accestimatechg": null, "bizprofitse": null, "netpro1form": null, "manaexpe": 10318887.65, "dealwithdivi": null, "selldepartgain": null, "deveexpe": null, "begindate": "20130101", "compincoamt": 20381887.41, "proftotitse": null, "undisprofredu": null, "otherinto": null, "publishdate": "20130425", "futuloss": null, "staffaward": null, "perprofit": 20311757.45, "salesexpe": 12127998.31, "bizinco": 74726005.07, "biztotcostitse": null, "minysharincoamt": null, "accstaname": "\u65b0\u4f1a\u8ba1\u51c6\u5219", "reporttype": "100111", "earlyundiprof": null, "bizcost": 32090077.78, "polidiviexpe": null, "reinexpe": null, "biztotinco": 74726005.07, "othersupply": null, "natudisasterloss": null}, {"nonoreve": 11896060.01, "unreinveloss": null, "capitalreserve": null, "inteinco": null, "profreturninvest": null, "avaidistshareprof": null, "preferredskdiv": null, "welfare": null, "minysharrigh": null, "otherbizprof": null, "biztotincoitse": null, "capitalizeddivi": null, "realsale": null, "subsidyincome": null, "adjustdate": "20130425", "netpro1itse": null, "enddate": "20121231", "otherdistprof": null, "operprofform": null, "legalsurp": null, "netpro2form": null, "parecompincoamt": 88048589.82, "realsalecost": null, "contress": null, "pounexpe": null, "noncassetsdisl": 8968.66, "parenetp": 88048589.82, "parecompinco": null, "accpolicychg": null, "surrgold": null, "custinco": null, "netprofit": 88048589.82, "proftotform": null, "dilutedeps": 0.49, "valuechgloss": null, "reservefund": null, "asseimpaloss": 152169.38, "finexpe": -7858782.06, "compnetexpe": null, "biztotincoform": null, "debtrestruloss": null, "earnprem": null, "nonoexpe": 1573937.44, "assoinveprof": null, "minysharinco": null, "otherbizcost": null, "supplycurcap": null, "basiceps": 0.49, "biztotcostform": null, "inteexpe": null, "inveinco": null, "freesurplu": null, "otherbizinco": null, "totprofit": 105368128.99, "accstacode": "2", "developfund": null, "exchggain": null, "mergeformnetprof": null, "compcode": "80195268", "pouninco": null, "netpro2itse": null, "incotaxexpe": 17319539.17, "othercompinco": null, "biztotcost": 266982220.86, "undisprofit": null, "biztax": 3346799.59, "accestimatechg": null, "bizprofitse": null, "netpro1form": null, "manaexpe": 52221449.63, "dealwithdivi": null, "selldepartgain": null, "deveexpe": null, "begindate": "20120101", "compincoamt": 88048589.82, "proftotitse": null, "undisprofredu": null, "otherinto": null, "publishdate": "20130425", "futuloss": null, "staffaward": null, "perprofit": 95046006.42, "salesexpe": 48324738.81, "bizinco": 362028227.28, "biztotcostitse": null, "minysharincoamt": null, "accstaname": "\u65b0\u4f1a\u8ba1\u51c6\u5219", "reporttype": "100111", "earlyundiprof": null, "bizcost": 170795845.51, "polidiviexpe": null, "reinexpe": null, "biztotinco": 362028227.28, "othersupply": null, "natudisasterloss": null}, {"nonoreve": 8982765.13, "unreinveloss": null, "capitalreserve": null, "inteinco": null, "profreturninvest": null, "avaidistshareprof": null, "preferredskdiv": null, "welfare": null, "minysharrigh": null, "otherbizprof": null, "biztotincoitse": null, "capitalizeddivi": null, "realsale": null, "subsidyincome": null, "adjustdate": "20121020", "netpro1itse": null, "enddate": "20120930", "otherdistprof": null, "operprofform": null, "legalsurp": null, "netpro2form": null, "parecompincoamt": 48697323.33, "realsalecost": null, "contress": null, "pounexpe": null, "noncassetsdisl": null, "parenetp": 48697323.33, "parecompinco": null, "accpolicychg": null, "surrgold": null, "custinco": null, "netprofit": 48697323.33, "proftotform": null, "dilutedeps": 0.28, "valuechgloss": null, "reservefund": null, "asseimpaloss": 627615.78, "finexpe": -2148161.74, "compnetexpe": null, "biztotincoform": null, "debtrestruloss": null, "earnprem": null, "nonoexpe": 1038930.28, "assoinveprof": null, "minysharinco": null, "otherbizcost": null, "supplycurcap": null, "basiceps": 0.28, "biztotcostform": null, "inteexpe": null, "inveinco": null, "freesurplu": null, "otherbizinco": null, "totprofit": 57747665.18, "accstacode": "2", "developfund": null, "exchggain": null, "mergeformnetprof": null, "compcode": "80195268", "pouninco": null, "netpro2itse": null, "incotaxexpe": 9050341.85, "othercompinco": null, "biztotcost": 108466882.4, "undisprofit": null, "biztax": 1988466.6, "accestimatechg": null, "bizprofitse": -64374352.18, "netpro1form": null, "manaexpe": 37502267.84, "dealwithdivi": null, "selldepartgain": null, "deveexpe": null, "begindate": "20120101", "compincoamt": 48697323.33, "proftotitse": null, "undisprofredu": null, "otherinto": null, "publishdate": "20121020", "futuloss": null, "staffaward": null, "perprofit": 49803830.33, "salesexpe": 26404163.7, "bizinco": 222645064.91, "biztotcostitse": -64374352.18, "minysharincoamt": null, "accstaname": "\u65b0\u4f1a\u8ba1\u51c6\u5219", "reporttype": "100111", "earlyundiprof": null, "bizcost": 108466882.4, "polidiviexpe": null, "reinexpe": null, "biztotinco": 222645064.91, "othersupply": null, "natudisasterloss": null}, {"nonoreve": 5553404.74, "unreinveloss": null, "capitalreserve": null, "inteinco": null, "profreturninvest": null, "avaidistshareprof": null, "preferredskdiv": null, "welfare": null, "minysharrigh": null, "otherbizprof": null, "biztotincoitse": null, "capitalizeddivi": null, "realsale": null, "subsidyincome": null, "adjustdate": "20120827", "netpro1itse": null, "enddate": "20120630", "otherdistprof": null, "operprofform": null, "legalsurp": null, "netpro2form": null, "parecompincoamt": 37646074.23, "realsalecost": null, "contress": null, "pounexpe": null, "noncassetsdisl": null, "parenetp": 37646074.23, "parecompinco": null, "accpolicychg": null, "surrgold": null, "custinco": null, "netprofit": 37646074.23, "proftotform": null, "dilutedeps": 0.24, "valuechgloss": null, "reservefund": null, "asseimpaloss": 1253969.8, "finexpe": -563509.37, "compnetexpe": null, "biztotincoform": null, "debtrestruloss": null, "earnprem": null, "nonoexpe": 417525.8, "assoinveprof": null, "minysharinco": null, "otherbizcost": null, "supplycurcap": null, "basiceps": 0.24, "biztotcostform": null, "inteexpe": null, "inveinco": null, "freesurplu": null, "otherbizinco": null, "totprofit": 44542005.91, "accstacode": "2", "developfund": null, "exchggain": null, "mergeformnetprof": null, "compcode": "80195268", "pouninco": null, "netpro2itse": null, "incotaxexpe": 6895931.68, "othercompinco": null, "biztotcost": 114291386.08, "undisprofit": null, "biztax": 1331257.42, "accestimatechg": null, "bizprofitse": null, "netpro1form": null, "manaexpe": 22539157.29, "dealwithdivi": null, "selldepartgain": null, "deveexpe": null, "begindate": "20120101", "compincoamt": 37646074.23, "proftotitse": null, "undisprofredu": null, "otherinto": null, "publishdate": "20120827", "futuloss": null, "staffaward": null, "perprofit": 39406126.97, "salesexpe": 15755366.45, "bizinco": 153697513.05, "biztotcostitse": null, "minysharincoamt": null, "accstaname": "\u65b0\u4f1a\u8ba1\u51c6\u5219", "reporttype": "100111", "earlyundiprof": null, "bizcost": 73975144.49, "polidiviexpe": null, "reinexpe": null, "biztotinco": 153697513.05, "othersupply": null, "natudisasterloss": null}, {"nonoreve": 2699481.46, "unreinveloss": null, "capitalreserve": null, "inteinco": null, "profreturninvest": null, "avaidistshareprof": null, "preferredskdiv": null, "welfare": null, "minysharrigh": null, "otherbizprof": null, "biztotincoitse": null, "capitalizeddivi": null, "realsale": null, "subsidyincome": null, "adjustdate": "20120524", "netpro1itse": null, "enddate": "20120331", "otherdistprof": null, "operprofform": null, "legalsurp": null, "netpro2form": null, "parecompincoamt": null, "realsalecost": null, "contress": null, "pounexpe": null, "noncassetsdisl": null, "parenetp": 21781293.96, "parecompinco": null, "accpolicychg": null, "surrgold": null, "custinco": null, "netprofit": 21781293.96, "proftotform": null, "dilutedeps": null, "valuechgloss": null, "reservefund": null, "asseimpaloss": null, "finexpe": -182065.51, "compnetexpe": null, "biztotincoform": null, "debtrestruloss": null, "earnprem": null, "nonoexpe": 304333.65, "assoinveprof": null, "minysharinco": null, "otherbizcost": null, "supplycurcap": null, "basiceps": 0.15, "biztotcostform": null, "inteexpe": null, "inveinco": null, "freesurplu": null, "otherbizinco": null, "totprofit": 26822205.04, "accstacode": "2", "developfund": null, "exchggain": null, "mergeformnetprof": null, "compcode": "80195268", "pouninco": null, "netpro2itse": null, "incotaxexpe": 5040911.08, "othercompinco": null, "biztotcost": 66685985.31, "undisprofit": null, "biztax": 952254.47, "accestimatechg": null, "bizprofitse": null, "netpro1form": null, "manaexpe": 10134343.87, "dealwithdivi": null, "selldepartgain": null, "deveexpe": null, "begindate": "20120101", "compincoamt": 21781293.96, "proftotitse": null, "undisprofredu": null, "otherinto": null, "publishdate": "20120524", "futuloss": null, "staffaward": null, "perprofit": 24427057.23, "salesexpe": 12970645.22, "bizinco": 91113042.54, "biztotcostitse": null, "minysharincoamt": null, "accstaname": "\u65b0\u4f1a\u8ba1\u51c6\u5219", "reporttype": "100111", "earlyundiprof": null, "bizcost": 42810807.26, "polidiviexpe": null, "reinexpe": null, "biztotinco": 91113042.54, "othersupply": null, "natudisasterloss": null}, {"nonoreve": 12998444.99, "unreinveloss": null, "capitalreserve": null, "inteinco": null, "profreturninvest": null, "avaidistshareprof": null, "preferredskdiv": null, "welfare": null, "minysharrigh": null, "otherbizprof": null, "biztotincoitse": null, "capitalizeddivi": null, "realsale": null, "subsidyincome": null, "adjustdate": "20120504", "netpro1itse": null, "enddate": "20111231", "otherdistprof": null, "operprofform": null, "legalsurp": null, "netpro2form": null, "parecompincoamt": 80827971.64, "realsalecost": null, "contress": null, "pounexpe": null, "noncassetsdisl": 38887.21, "parenetp": 80827971.64, "parecompinco": null, "accpolicychg": null, "surrgold": null, "custinco": null, "netprofit": 80827971.64, "proftotform": null, "dilutedeps": 0.54, "valuechgloss": null, "reservefund": null, "asseimpaloss": -103485.95, "finexpe": -625764.45, "compnetexpe": null, "biztotincoform": null, "debtrestruloss": null, "earnprem": null, "nonoexpe": 499298.33, "assoinveprof": null, "minysharinco": null, "otherbizcost": null, "supplycurcap": null, "basiceps": 0.54, "biztotcostform": null, "inteexpe": null, "inveinco": null, "freesurplu": null, "otherbizinco": null, "totprofit": 96546131.96, "accstacode": "2", "developfund": null, "exchggain": null, "mergeformnetprof": null, "compcode": "80195268", "pouninco": null, "netpro2itse": null, "incotaxexpe": 15718160.32, "othercompinco": null, "biztotcost": 266948429.45, "undisprofit": null, "biztax": 3354409.5, "accestimatechg": null, "bizprofitse": null, "netpro1form": null, "manaexpe": 47906112.12, "dealwithdivi": null, "selldepartgain": null, "deveexpe": null, "begindate": "20110101", "compincoamt": 80827971.64, "proftotitse": null, "undisprofredu": null, "otherinto": null, "publishdate": "20120504", "futuloss": null, "staffaward": null, "perprofit": 84046985.3, "salesexpe": 50479461.96, "bizinco": 350995414.75, "biztotcostitse": null, "minysharincoamt": null, "accstaname": "\u65b0\u4f1a\u8ba1\u51c6\u5219", "reporttype": "100111", "earlyundiprof": null, "bizcost": 165937696.27, "polidiviexpe": null, "reinexpe": null, "biztotinco": 350995414.75, "othersupply": null, "natudisasterloss": null}, {"nonoreve": 4738176.01, "unreinveloss": null, "capitalreserve": null, "inteinco": null, "profreturninvest": null, "avaidistshareprof": null, "preferredskdiv": null, "welfare": null, "minysharrigh": null, "otherbizprof": null, "biztotincoitse": null, "capitalizeddivi": null, "realsale": null, "subsidyincome": null, "adjustdate": "20120105", "netpro1itse": null, "enddate": "20110630", "otherdistprof": null, "operprofform": null, "legalsurp": null, "netpro2form": null, "parecompincoamt": 37524090.7, "realsalecost": null, "contress": null, "pounexpe": null, "noncassetsdisl": 37.21, "parenetp": 37524090.7, "parecompinco": null, "accpolicychg": null, "surrgold": null, "custinco": null, "netprofit": 37524090.7, "proftotform": null, "dilutedeps": 0.25, "valuechgloss": null, "reservefund": null, "asseimpaloss": -126479.26, "finexpe": -258977.83, "compnetexpe": null, "biztotincoform": null, "debtrestruloss": null, "earnprem": null, "nonoexpe": 298463.45, "assoinveprof": null, "minysharinco": null, "otherbizcost": null, "supplycurcap": null, "basiceps": 0.25, "biztotcostform": null, "inteexpe": null, "inveinco": null, "freesurplu": null, "otherbizinco": null, "totprofit": 44998708.15, "accstacode": "2", "developfund": null, "exchggain": null, "mergeformnetprof": null, "compcode": "80195268", "pouninco": null, "netpro2itse": null, "incotaxexpe": 7474617.45, "othercompinco": null, "biztotcost": 107649783.5, "undisprofit": null, "biztax": 1695775.18, "accestimatechg": null, "bizprofitse": null, "netpro1form": null, "manaexpe": 20413001.96, "dealwithdivi": null, "selldepartgain": null, "deveexpe": null, "begindate": "20110101", "compincoamt": 37524090.7, "proftotitse": null, "undisprofredu": null, "otherinto": null, "publishdate": "20120105", "futuloss": null, "staffaward": null, "perprofit": 40558995.59, "salesexpe": 15551468.68, "bizinco": 148208779.09, "biztotcostitse": null, "minysharincoamt": null, "accstaname": "\u65b0\u4f1a\u8ba1\u51c6\u5219", "reporttype": "100111", "earlyundiprof": null, "bizcost": 70374994.77, "polidiviexpe": null, "reinexpe": null, "biztotinco": 148208779.09, "othersupply": null, "natudisasterloss": null}, {"nonoreve": 9370838.02, "unreinveloss": null, "capitalreserve": null, "inteinco": null, "profreturninvest": null, "avaidistshareprof": null, "preferredskdiv": null, "welfare": null, "minysharrigh": null, "otherbizprof": null, "biztotincoitse": null, "capitalizeddivi": null, "realsale": null, "subsidyincome": null, "adjustdate": "20120504", "netpro1itse": null, "enddate": "20101231", "otherdistprof": null, "operprofform": null, "legalsurp": null, "netpro2form": null, "parecompincoamt": 62606817.68, "realsalecost": null, "contress": null, "pounexpe": null, "noncassetsdisl": null, "parenetp": 62606817.68, "parecompinco": null, "accpolicychg": null, "surrgold": null, "custinco": null, "netprofit": 62606817.68, "proftotform": null, "dilutedeps": 0.42, "valuechgloss": null, "reservefund": null, "asseimpaloss": -766202.43, "finexpe": -782591.17, "compnetexpe": null, "biztotincoform": null, "debtrestruloss": null, "earnprem": null, "nonoexpe": 595115.05, "assoinveprof": null, "minysharinco": null, "otherbizcost": null, "supplycurcap": null, "basiceps": 0.42, "biztotcostform": null, "inteexpe": null, "inveinco": null, "freesurplu": null, "otherbizinco": null, "totprofit": 81656259.56, "accstacode": "2", "developfund": null, "exchggain": null, "mergeformnetprof": 7599127.1, "compcode": "80195268", "pouninco": null, "netpro2itse": null, "incotaxexpe": 19049441.88, "othercompinco": null, "biztotcost": 259434337.45, "undisprofit": null, "biztax": 3124054.29, "accestimatechg": null, "bizprofitse": null, "netpro1form": null, "manaexpe": 56467384.94, "dealwithdivi": null, "selldepartgain": null, "deveexpe": null, "begindate": "20100101", "compincoamt": 62606817.68, "proftotitse": null, "undisprofredu": null, "otherinto": null, "publishdate": "20120504", "futuloss": null, "staffaward": null, "perprofit": 72880536.59, "salesexpe": 48992749.43, "bizinco": 332314874.04, "biztotcostitse": null, "minysharincoamt": null, "accstaname": "\u65b0\u4f1a\u8ba1\u51c6\u5219", "reporttype": "100111", "earlyundiprof": null, "bizcost": 152398942.39, "polidiviexpe": null, "reinexpe": null, "biztotinco": 332314874.04, "othersupply": null, "natudisasterloss": null}, {"nonoreve": 13987356.0, "unreinveloss": null, "capitalreserve": null, "inteinco": null, "profreturninvest": null, "avaidistshareprof": null, "preferredskdiv": null, "welfare": null, "minysharrigh": null, "otherbizprof": null, "biztotincoitse": null, "capitalizeddivi": null, "realsale": null, "subsidyincome": null, "adjustdate": "20120504", "netpro1itse": null, "enddate": "20091231", "otherdistprof": null, "operprofform": null, "legalsurp": null, "netpro2form": null, "parecompincoamt": 86112763.23, "realsalecost": null, "contress": null, "pounexpe": null, "noncassetsdisl": 251992.69, "parenetp": 86112763.23, "parecompinco": null, "accpolicychg": null, "surrgold": null, "custinco": null, "netprofit": 86112763.23, "proftotform": null, "dilutedeps": null, "valuechgloss": null, "reservefund": null, "asseimpaloss": 873277.32, "finexpe": -792801.63, "compnetexpe": null, "biztotincoform": null, "debtrestruloss": null, "earnprem": null, "nonoexpe": 787641.34, "assoinveprof": null, "minysharinco": null, "otherbizcost": null, "supplycurcap": null, "basiceps": null, "biztotcostform": null, "inteexpe": null, "inveinco": null, "freesurplu": null, "otherbizinco": null, "totprofit": 103398663.23, "accstacode": "2", "developfund": null, "exchggain": null, "mergeformnetprof": 15549062.85, "compcode": "80195268", "pouninco": null, "netpro2itse": null, "incotaxexpe": 17285900.0, "othercompinco": null, "biztotcost": 200959081.04, "undisprofit": null, "biztax": 2980757.89, "accestimatechg": null, "bizprofitse": null, "netpro1form": null, "manaexpe": 31903023.52, "dealwithdivi": null, "selldepartgain": null, "deveexpe": null, "begindate": "20090101", "compincoamt": 86112763.23, "proftotitse": null, "undisprofredu": null, "otherinto": null, "publishdate": "20120504", "futuloss": null, "staffaward": null, "perprofit": 90198948.57, "salesexpe": 38164267.03, "bizinco": 291158029.61, "biztotcostitse": null, "minysharincoamt": null, "accstaname": "\u65b0\u4f1a\u8ba1\u51c6\u5219", "reporttype": "100111", "earlyundiprof": null, "bizcost": 127830556.91, "polidiviexpe": null, "reinexpe": null, "biztotinco": 291158029.61, "othersupply": null, "natudisasterloss": null}, {"nonoreve": 5429594.17, "unreinveloss": null, "capitalreserve": null, "inteinco": null, "profreturninvest": null, "avaidistshareprof": null, "preferredskdiv": null, "welfare": null, "minysharrigh": null, "otherbizprof": null, "biztotincoitse": null, "capitalizeddivi": null, "realsale": null, "subsidyincome": null, "adjustdate": "20120105", "netpro1itse": null, "enddate": "20081231", "otherdistprof": null, "operprofform": null, "legalsurp": null, "netpro2form": null, "parecompincoamt": 62853780.89, "realsalecost": null, "contress": null, "pounexpe": null, "noncassetsdisl": null, "parenetp": 62853780.89, "parecompinco": null, "accpolicychg": null, "surrgold": null, "custinco": null, "netprofit": 62853780.89, "proftotform": null, "dilutedeps": 0.42, "valuechgloss": null, "reservefund": null, "asseimpaloss": -1337986.93, "finexpe": 1636792.14, "compnetexpe": null, "biztotincoform": null, "debtrestruloss": null, "earnprem": null, "nonoexpe": 1194425.24, "assoinveprof": null, "minysharinco": null, "otherbizcost": null, "supplycurcap": null, "basiceps": 0.42, "biztotcostform": null, "inteexpe": null, "inveinco": null, "freesurplu": null, "otherbizinco": null, "totprofit": 73354648.93, "accstacode": "2", "developfund": null, "exchggain": null, "mergeformnetprof": 9849002.95, "compcode": "80195268", "pouninco": null, "netpro2itse": null, "incotaxexpe": 10500868.04, "othercompinco": null, "biztotcost": 166928247.14, "undisprofit": null, "biztax": 1918538.16, "accestimatechg": null, "bizprofitse": null, "netpro1form": null, "manaexpe": 28901611.0, "dealwithdivi": null, "selldepartgain": null, "deveexpe": null, "begindate": "20080101", "compincoamt": 62853780.89, "proftotitse": null, "undisprofredu": null, "otherinto": null, "publishdate": "20120105", "futuloss": null, "staffaward": null, "perprofit": 69119480.0, "salesexpe": 18674916.27, "bizinco": 236047727.14, "biztotcostitse": null, "minysharincoamt": null, "accstaname": "\u65b0\u4f1a\u8ba1\u51c6\u5219", "reporttype": "100111", "earlyundiprof": null, "bizcost": 117134376.5, "polidiviexpe": null, "reinexpe": null, "biztotinco": 236047727.14, "othersupply": null, "natudisasterloss": null}], "comptype": 4, "name": "\u6d59\u6c5f\u7f8e\u5927"}