{"SZ002677": {"value_date": "", "kzz_convert_time": "", "code": "002677", "kzz_stock_name": "", "remain_year": "", "marketCapital": "1.107024782828E10", "sale_rrg": "", "current": "17.14", "tick_size": "0.01", "fall_stop": "15.21", "outstandingamt": "", "after_hour_vol": "0", "kzz_covert_value": "0.0", "warrant": "", "due_date": "", "kzz_redempt_price": "0.0", "high52week": "17.39", "psr": "13.6522", "afterHoursPct": "0.0", "currency_unit": "CNY", "name": "\u6d59\u6c5f\u7f8e\u5927", "yield": "1.83", "lot_size": "100", "low52week": "10.8", "convert_bond_ratio": "", "rate": "", "close": "17.14", "turnover_rate": "1.11%", "afterHoursChg": "0.0", "kzz_stock_percent": "", "percent5m": "0.06", "volume_ratio": "1.01", "exchange": "SZ", "last_close": "16.9", "redeem_type": "F", "dividend": "0.31", "lot_volume": "31148.97", "change": "0.24", "publisher": "", "kzz_convert_price": "0.0", "hasexist": "", "amount": "5.3340243E7", "issue_type": "", "has_warrant": "0", "pankou_ratio": "-70.54%", "pe_lyr": "54.6258", "benefit_before_tax": "0.0", "convert_rate": "0.0", "afterHours": "0.0", "par_value": "0.0", "maturitydate": "", "open": "16.96", "convertrate": "0.0", "kzz_stock_symbol": "", "pb": "10.41", "kzz_stock_current": "0.0", "low": "16.88", "time": "Mon Oct 23 15:04:03 +0800 2017", "percentage": "1.42", "type": "11", "rise_stop": "18.59", "kzz_cpr": "0.0", "benefit_after_tax": "0.0", "net_assets": "1.646", "volume": "3114897.0", "flag": "1", "updateAt": "1493007251584", "totalissuescale": "", "circulation": "0.0", "amplitude": "2.31%", "release_date": "", "kzz_straight_price": "0.0", "interestrtmemo": "", "float_market_capital": "4.7992E9", "high": "17.27", "pe_ttm": "46.875", "market_status": "\u5df2\u6536\u76d8", "max_order_quantity": "0", "due_time": "0.0", "min_order_quantity": "0", "volumeAverage": "6517853", "bond_type": "", "symbol": "SZ002677", "instOwn": "0.0", "rest_day": "", "beta": "0.0", "variable_tick_size": "", "eps": "0.15", "float_shares": "280000000", "totalShares": "645872102", "disnext_pay_date": "", "kzz_putback_price": "0.0"}}