{"list": [{"laborgetcash": 494894168.23, "inveredu": -46693770.71, "unreinveloss": null, "bizcashinfl": 499915731.63, "diviprofpaycash": 198400000.0, "invcashoutf": 663322752.15, "accrexpeincr": null, "subspaynetcash": null, "finrelacash": null, "payworkcash": 47446149.55, "subspaydivid": null, "chgexchgchgs": null, "finnetcflow": -198400000.0, "receotherbizcash": 5021563.4, "longdefeexpenamor": 524875.91, "acquassetcash": 13322752.15, "recefincash": null, "inspremcash": null, "netcashform": null, "bizcashoutf": 372206334.86, "fininstnetr": null, "invrececash": null, "defetaxassetdecr": -1979876.48, "inicashbala": 364333993.16, "invcashinfl": 563524656.26, "paydivicash": null, "netcashscheitse": null, "defeincoincr": null, "disptradnetincr": null, "mananetr": 127709396.77, "debtintocapi": null, "defetaxliabincr": null, "adjustdate": "20170818", "enddate": "20170630", "assedepr": 15752506.6, "biznetscheitse": null, "biznetform": null, "equfinalbala": null, "finoutfitse": null, "cashfinalbala": 193845294.04, "fixedassetnetc": 114473.77, "cashfinalitse": null, "payintecash": null, "unfiparachg": null, "loansnetr": null, "incrcashpled": null, "biznetcflow": 127709396.77, "asseimpa": 229538.36, "reducashpled": null, "invinffrom": null, "netprofit": 99163386.09, "minysharrigh": null, "equopenbala": null, "inveloss": -13410182.49, "valuechgloss": null, "receinvcash": null, "bizoutfform": null, "biznetscheform": null, "finexpe": null, "intaasseamor": 1173855.03, "taxrefd": null, "biznetitse": null, "finnetitse": null, "invinflitse": null, "subsnetc": null, "unseparachg": null, "finoutfform": null, "recefromloan": null, "netinvitse": null, "estidebts": null, "payaincr": 89485111.06, "fdsborrnetr": null, "realestadep": null, "reporttype": "100111", "dispfixedassetloss": -66439.32, "fininflitse": null, "finalcashbala": 193845294.04, "cashfinalform": null, "invoutfitse": null, "netcashitse": null, "payinvecash": null, "fixedassescraloss": null, "savinetr": null, "subsrececash": null, "accstacode": "2", "fincashoutf": 198400000.0, "charintecash": null, "finfixedasset": null, "labopayc": 211319031.23, "expiconvbd": null, "paycompgold": null, "inveretugetcash": 13410182.49, "compcode": "80195268", "prepexpedecr": null, "repnetincr": null, "issbdrececash": null, "loannetr": null, "withinvgetcash": 550000000.0, "invpayc": 650000000.0, "debtpaycash": null, "fincashinfl": 0.0, "cashopenbala": 364333993.16, "netcashscheform": null, "begindate": "20170101", "bizoutfitse": null, "bizinflitse": null, "insnetc": null, "bankloannetincr": null, "receredu": -29603542.12, "publishdate": "20170818", "other": 13133934.84, "deponetr": null, "paytax": 57817981.13, "bizinflform": null, "tradepaymnetr": null, "cashneti": -170488699.12, "accstaname": "\u65b0\u4f1a\u8ba1\u51c6\u5219", "cashnetr": -170488699.12, "invnetcashflow": -99798095.89, "netinvform": null, "finnetform": null, "payacticash": 55623172.95, "fininflform": null, "invoutfform": null}, {"laborgetcash": 223450940.27, "inveredu": null, "unreinveloss": null, "bizcashinfl": 231826040.25, "diviprofpaycash": null, "invcashoutf": 200900840.93, "accrexpeincr": null, "subspaynetcash": null, "finrelacash": null, "payworkcash": 32318551.78, "subspaydivid": null, "chgexchgchgs": null, "finnetcflow": 0.0, "receotherbizcash": 8375099.98, "longdefeexpenamor": null, "acquassetcash": 900840.93, "recefincash": null, "inspremcash": null, "netcashform": null, "bizcashoutf": 183610542.98, "fininstnetr": null, "invrececash": null, "defetaxassetdecr": null, "inicashbala": 364333993.16, "invcashinfl": 204169041.88, "paydivicash": null, "netcashscheitse": null, "defeincoincr": null, "disptradnetincr": null, "mananetr": 48215497.27, "debtintocapi": null, "defetaxliabincr": null, "adjustdate": "20170418", "enddate": "20170331", "assedepr": null, "biznetscheitse": null, "biznetform": null, "equfinalbala": null, "finoutfitse": null, "cashfinalbala": 415817691.38, "fixedassetnetc": 107000.0, "cashfinalitse": null, "payintecash": null, "unfiparachg": null, "loansnetr": null, "incrcashpled": null, "biznetcflow": null, "asseimpa": null, "reducashpled": null, "invinffrom": null, "netprofit": null, "minysharrigh": null, "equopenbala": null, "inveloss": null, "valuechgloss": null, "receinvcash": null, "bizoutfform": null, "biznetscheform": null, "finexpe": null, "intaasseamor": null, "taxrefd": null, "biznetitse": null, "finnetitse": null, "invinflitse": null, "subsnetc": null, "unseparachg": null, "finoutfform": null, "recefromloan": null, "netinvitse": null, "estidebts": null, "payaincr": null, "fdsborrnetr": null, "realestadep": null, "reporttype": "100111", "dispfixedassetloss": null, "fininflitse": null, "finalcashbala": 415817691.38, "cashfinalform": null, "invoutfitse": null, "netcashitse": null, "payinvecash": null, "fixedassescraloss": null, "savinetr": null, "subsrececash": null, "accstacode": "2", "fincashoutf": 0.0, "charintecash": null, "finfixedasset": null, "labopayc": 98948324.2, "expiconvbd": null, "paycompgold": null, "inveretugetcash": 4062041.88, "compcode": "80195268", "prepexpedecr": null, "repnetincr": null, "issbdrececash": null, "loannetr": null, "withinvgetcash": 200000000.0, "invpayc": 200000000.0, "debtpaycash": null, "fincashinfl": 0.0, "cashopenbala": 364333993.16, "netcashscheform": null, "begindate": "20170101", "bizoutfitse": null, "bizinflitse": null, "insnetc": null, "bankloannetincr": null, "receredu": null, "publishdate": "20170418", "other": null, "deponetr": null, "paytax": 35876069.42, "bizinflform": null, "tradepaymnetr": null, "cashneti": 51483698.22, "accstaname": "\u65b0\u4f1a\u8ba1\u51c6\u5219", "cashnetr": 51483698.22, "invnetcashflow": 3268200.95, "netinvform": null, "finnetform": null, "payacticash": 16467597.58, "fininflform": null, "invoutfform": null}, {"laborgetcash": 797095544.69, "inveredu": -7731539.96, "unreinveloss": null, "bizcashinfl": 811638827.19, "diviprofpaycash": 100000000.0, "invcashoutf": 2282062017.38, "accrexpeincr": null, "subspaynetcash": null, "finrelacash": null, "payworkcash": 65910826.44, "subspaydivid": null, "chgexchgchgs": null, "finnetcflow": -53649945.96, "receotherbizcash": 13847268.45, "longdefeexpenamor": 821601.1, "acquassetcash": 46062017.38, "recefincash": 11000000.0, "inspremcash": null, "netcashform": null, "bizcashoutf": 545130474.1, "fininstnetr": null, "invrececash": 35350054.04, "defetaxassetdecr": -641589.61, "inicashbala": 358809311.7, "invcashinfl": 2074728291.71, "paydivicash": null, "netcashscheitse": null, "defeincoincr": null, "disptradnetincr": null, "mananetr": 266508353.09, "debtintocapi": null, "defetaxliabincr": null, "adjustdate": "20170310", "enddate": "20161231", "assedepr": 30407943.45, "biznetscheitse": null, "biznetform": null, "equfinalbala": null, "finoutfitse": null, "cashfinalbala": 364333993.16, "fixedassetnetc": 1431897.55, "cashfinalitse": null, "payintecash": null, "unfiparachg": null, "loansnetr": null, "incrcashpled": null, "biznetcflow": 266508353.09, "asseimpa": 328681.98, "reducashpled": null, "invinffrom": null, "netprofit": 202656115.18, "minysharrigh": null, "equopenbala": null, "inveloss": -17296394.16, "valuechgloss": null, "receinvcash": null, "bizoutfform": null, "biznetscheform": null, "finexpe": null, "intaasseamor": 2394016.3, "taxrefd": 696014.05, "biznetitse": null, "finnetitse": null, "invinflitse": null, "subsnetc": null, "unseparachg": null, "finoutfform": null, "recefromloan": null, "netinvitse": null, "estidebts": null, "payaincr": 52986169.36, "fdsborrnetr": null, "realestadep": null, "reporttype": "100111", "dispfixedassetloss": 4410129.42, "fininflitse": null, "finalcashbala": 364333993.16, "cashfinalform": null, "invoutfitse": null, "netcashitse": null, "payinvecash": null, "fixedassescraloss": null, "savinetr": null, "subsrececash": null, "accstacode": "2", "fincashoutf": 100000000.0, "charintecash": null, "finfixedasset": null, "labopayc": 298117039.48, "expiconvbd": null, "paycompgold": null, "inveretugetcash": 17296394.16, "compcode": "80195268", "prepexpedecr": null, "repnetincr": null, "issbdrececash": null, "loannetr": null, "withinvgetcash": 2056000000.0, "invpayc": 2236000000.0, "debtpaycash": null, "fincashinfl": 46350054.04, "cashopenbala": 358809311.7, "netcashscheform": null, "begindate": "20160101", "bizoutfitse": null, "bizinflitse": null, "insnetc": null, "bankloannetincr": null, "receredu": -6752005.53, "publishdate": "20170310", "other": 4925225.56, "deponetr": null, "paytax": 108937807.94, "bizinflform": null, "tradepaymnetr": null, "cashneti": 5524681.46, "accstaname": "\u65b0\u4f1a\u8ba1\u51c6\u5219", "cashnetr": 5524681.46, "invnetcashflow": -207333725.67, "netinvform": null, "finnetform": null, "payacticash": 72164800.24, "fininflform": null, "invoutfform": null}, {"laborgetcash": 507496329.65, "inveredu": null, "unreinveloss": null, "bizcashinfl": 511461215.71, "diviprofpaycash": 100000000.0, "invcashoutf": 1752220748.34, "accrexpeincr": null, "subspaynetcash": null, "finrelacash": null, "payworkcash": 47919620.07, "subspaydivid": null, "chgexchgchgs": null, "finnetcflow": -100000000.0, "receotherbizcash": 3618633.78, "longdefeexpenamor": null, "acquassetcash": 26212828.02, "recefincash": null, "inspremcash": null, "netcashform": null, "bizcashoutf": 369278371.58, "fininstnetr": null, "invrececash": null, "defetaxassetdecr": null, "inicashbala": 358809311.7, "invcashinfl": 1710464163.61, "paydivicash": null, "netcashscheitse": null, "defeincoincr": null, "disptradnetincr": null, "mananetr": 142182844.13, "debtintocapi": null, "defetaxliabincr": null, "adjustdate": "20161021", "enddate": "20160930", "assedepr": null, "biznetscheitse": null, "biznetform": null, "equfinalbala": null, "finoutfitse": null, "cashfinalbala": 359235571.1, "fixedassetnetc": 1400000.0, "cashfinalitse": null, "payintecash": null, "unfiparachg": null, "loansnetr": null, "incrcashpled": null, "biznetcflow": null, "asseimpa": null, "reducashpled": null, "invinffrom": null, "netprofit": null, "minysharrigh": null, "equopenbala": null, "inveloss": null, "valuechgloss": null, "receinvcash": null, "bizoutfform": null, "biznetscheform": null, "finexpe": null, "intaasseamor": null, "taxrefd": 346252.28, "biznetitse": null, "finnetitse": null, "invinflitse": null, "subsnetc": null, "unseparachg": null, "finoutfform": null, "recefromloan": null, "netinvitse": null, "estidebts": null, "payaincr": null, "fdsborrnetr": null, "realestadep": null, "reporttype": "100111", "dispfixedassetloss": null, "fininflitse": null, "finalcashbala": 359235571.1, "cashfinalform": null, "invoutfitse": null, "netcashitse": null, "payinvecash": 7920.32, "fixedassescraloss": null, "savinetr": null, "subsrececash": null, "accstacode": "2", "fincashoutf": 100000000.0, "charintecash": null, "finfixedasset": null, "labopayc": 198752493.36, "expiconvbd": null, "paycompgold": null, "inveretugetcash": 13064163.61, "compcode": "80195268", "prepexpedecr": null, "repnetincr": null, "issbdrececash": null, "loannetr": null, "withinvgetcash": 1696000000.0, "invpayc": 1726000000.0, "debtpaycash": null, "fincashinfl": 0.0, "cashopenbala": 358809311.7, "netcashscheform": null, "begindate": "20160101", "bizoutfitse": null, "bizinflitse": null, "insnetc": null, "bankloannetincr": null, "receredu": null, "publishdate": "20161021", "other": null, "deponetr": null, "paytax": 82131394.04, "bizinflform": null, "tradepaymnetr": null, "cashneti": 426259.4, "accstaname": "\u65b0\u4f1a\u8ba1\u51c6\u5219", "cashnetr": 426259.4, "invnetcashflow": -41756584.73, "netinvform": null, "finnetform": null, "payacticash": 40474864.11, "fininflform": null, "invoutfform": null}, {"laborgetcash": 289126448.96, "inveredu": 6876890.87, "unreinveloss": null, "bizcashinfl": 292682554.91, "diviprofpaycash": 100000000.0, "invcashoutf": 1242017801.06, "accrexpeincr": null, "subspaynetcash": null, "finrelacash": null, "payworkcash": 32730571.98, "subspaydivid": null, "chgexchgchgs": null, "finnetcflow": -100000000.0, "receotherbizcash": 3555486.72, "longdefeexpenamor": 520029.65, "acquassetcash": 16017801.06, "recefincash": null, "inspremcash": null, "netcashform": null, "bizcashoutf": 228710774.26, "fininstnetr": null, "invrececash": null, "defetaxassetdecr": 371956.89, "inicashbala": 358809311.7, "invcashinfl": 1407346131.89, "paydivicash": null, "netcashscheitse": null, "defeincoincr": null, "disptradnetincr": null, "mananetr": 63971780.65, "debtintocapi": null, "defetaxliabincr": null, "adjustdate": "20160818", "enddate": "20160630", "assedepr": 15229443.49, "biznetscheitse": null, "biznetform": null, "equfinalbala": null, "finoutfitse": null, "cashfinalbala": 488109423.18, "fixedassetnetc": 1318515.18, "cashfinalitse": null, "payintecash": null, "unfiparachg": null, "loansnetr": null, "incrcashpled": null, "biznetcflow": 63971780.65, "asseimpa": 432160.88, "reducashpled": null, "invinffrom": null, "netprofit": 65654381.09, "minysharrigh": null, "equopenbala": null, "inveloss": -10027616.71, "valuechgloss": null, "receinvcash": null, "bizoutfform": null, "biznetscheform": null, "finexpe": null, "intaasseamor": 1195709.5, "taxrefd": 619.23, "biznetitse": null, "finnetitse": null, "invinflitse": null, "subsnetc": null, "unseparachg": null, "finoutfform": null, "recefromloan": null, "netinvitse": null, "estidebts": null, "payaincr": 41189875.01, "fdsborrnetr": null, "realestadep": null, "reporttype": "100111", "dispfixedassetloss": -262566.2, "fininflitse": null, "finalcashbala": 488109423.18, "cashfinalform": null, "invoutfitse": null, "netcashitse": null, "payinvecash": null, "fixedassescraloss": null, "savinetr": null, "subsrececash": null, "accstacode": "2", "fincashoutf": 100000000.0, "charintecash": null, "finfixedasset": null, "labopayc": 117879855.58, "expiconvbd": null, "paycompgold": null, "inveretugetcash": 10027616.71, "compcode": "80195268", "prepexpedecr": null, "repnetincr": null, "issbdrececash": null, "loannetr": null, "withinvgetcash": 1396000000.0, "invpayc": 1226000000.0, "debtpaycash": null, "fincashinfl": 0.0, "cashopenbala": 358809311.7, "netcashscheform": null, "begindate": "20160101", "bizoutfitse": null, "bizinflitse": null, "insnetc": null, "bankloannetincr": null, "receredu": -57208483.82, "publishdate": "20160818", "other": null, "deponetr": null, "paytax": 53858012.19, "bizinflform": null, "tradepaymnetr": null, "cashneti": 129300111.48, "accstaname": "\u65b0\u4f1a\u8ba1\u51c6\u5219", "cashnetr": 129300111.48, "invnetcashflow": 165328330.83, "netinvform": null, "finnetform": null, "payacticash": 24242334.51, "fininflform": null, "invoutfform": null}, {"laborgetcash": 89434085.38, "inveredu": null, "unreinveloss": null, "bizcashinfl": 99963057.48, "diviprofpaycash": null, "invcashoutf": 768707255.18, "accrexpeincr": null, "subspaynetcash": null, "finrelacash": null, "payworkcash": 19746165.03, "subspaydivid": null, "chgexchgchgs": null, "finnetcflow": 0.0, "receotherbizcash": 10528972.1, "longdefeexpenamor": null, "acquassetcash": 12707255.18, "recefincash": null, "inspremcash": null, "netcashform": null, "bizcashoutf": 128130358.42, "fininstnetr": null, "invrececash": null, "defetaxassetdecr": null, "inicashbala": 358809311.7, "invcashinfl": 625194940.48, "paydivicash": null, "netcashscheitse": null, "defeincoincr": null, "disptradnetincr": null, "mananetr": -28167300.94, "debtintocapi": null, "defetaxliabincr": null, "adjustdate": "20160418", "enddate": "20160331", "assedepr": null, "biznetscheitse": null, "biznetform": null, "equfinalbala": null, "finoutfitse": null, "cashfinalbala": 187129696.06, "fixedassetnetc": 1326404.64, "cashfinalitse": null, "payintecash": null, "unfiparachg": null, "loansnetr": null, "incrcashpled": null, "biznetcflow": null, "asseimpa": null, "reducashpled": null, "invinffrom": null, "netprofit": null, "minysharrigh": null, "equopenbala": null, "inveloss": null, "valuechgloss": null, "receinvcash": null, "bizoutfform": null, "biznetscheform": null, "finexpe": null, "intaasseamor": null, "taxrefd": null, "biznetitse": null, "finnetitse": null, "invinflitse": null, "subsnetc": null, "unseparachg": null, "finoutfform": null, "recefromloan": null, "netinvitse": null, "estidebts": null, "payaincr": null, "fdsborrnetr": null, "realestadep": null, "reporttype": "100111", "dispfixedassetloss": null, "fininflitse": null, "finalcashbala": 187129696.06, "cashfinalform": null, "invoutfitse": null, "netcashitse": null, "payinvecash": null, "fixedassescraloss": null, "savinetr": null, "subsrececash": null, "accstacode": "2", "fincashoutf": 0.0, "charintecash": null, "finfixedasset": null, "labopayc": 65858982.78, "expiconvbd": null, "paycompgold": null, "inveretugetcash": 5868535.84, "compcode": "80195268", "prepexpedecr": null, "repnetincr": null, "issbdrececash": null, "loannetr": null, "withinvgetcash": 618000000.0, "invpayc": 756000000.0, "debtpaycash": null, "fincashinfl": 0.0, "cashopenbala": 358809311.7, "netcashscheform": null, "begindate": "20160101", "bizoutfitse": null, "bizinflitse": null, "insnetc": null, "bankloannetincr": null, "receredu": null, "publishdate": "20160418", "other": null, "deponetr": null, "paytax": 31638343.14, "bizinflform": null, "tradepaymnetr": null, "cashneti": -171679615.64, "accstaname": "\u65b0\u4f1a\u8ba1\u51c6\u5219", "cashnetr": -171679615.64, "invnetcashflow": -143512314.7, "netinvform": null, "finnetform": null, "payacticash": 10886867.47, "fininflform": null, "invoutfform": null}, {"laborgetcash": 609941260.48, "inveredu": -9884662.14, "unreinveloss": null, "bizcashinfl": 635514706.52, "diviprofpaycash": 100000000.0, "invcashoutf": 2101159415.17, "accrexpeincr": null, "subspaynetcash": null, "finrelacash": 14510000.0, "payworkcash": 61963876.36, "subspaydivid": null, "chgexchgchgs": 2396.33, "finnetcflow": -111000000.0, "receotherbizcash": 20401853.47, "longdefeexpenamor": 1689939.12, "acquassetcash": 39159415.17, "recefincash": 3510000.0, "inspremcash": null, "netcashform": null, "bizcashoutf": 480038428.13, "fininstnetr": null, "invrececash": null, "defetaxassetdecr": -406113.46, "inicashbala": 360924648.98, "invcashinfl": 2054565403.17, "paydivicash": null, "netcashscheitse": null, "defeincoincr": null, "disptradnetincr": null, "mananetr": 155476278.39, "debtintocapi": null, "defetaxliabincr": null, "adjustdate": "20160418", "enddate": "20151231", "assedepr": 21518500.21, "biznetscheitse": null, "biznetform": null, "equfinalbala": null, "finoutfitse": null, "cashfinalbala": 358809311.7, "fixedassetnetc": 1416416.24, "cashfinalitse": null, "payintecash": null, "unfiparachg": null, "loansnetr": null, "incrcashpled": null, "biznetcflow": 155476278.39, "asseimpa": 101796.88, "reducashpled": null, "invinffrom": null, "netprofit": 155641178.71, "minysharrigh": null, "equopenbala": null, "inveloss": -26148986.93, "valuechgloss": null, "receinvcash": null, "bizoutfform": null, "biznetscheform": null, "finexpe": -2396.33, "intaasseamor": 2321858.26, "taxrefd": 5171592.57, "biznetitse": null, "finnetitse": null, "invinflitse": null, "subsnetc": null, "unseparachg": null, "finoutfform": null, "recefromloan": null, "netinvitse": null, "estidebts": null, "payaincr": 8535306.19, "fdsborrnetr": null, "realestadep": null, "reporttype": "100111", "dispfixedassetloss": 207287.13, "fininflitse": null, "finalcashbala": 358809311.7, "cashfinalform": null, "invoutfitse": null, "netcashitse": null, "payinvecash": null, "fixedassescraloss": null, "savinetr": null, "subsrececash": null, "accstacode": "2", "fincashoutf": 114510000.0, "charintecash": null, "finfixedasset": null, "labopayc": 268313753.11, "expiconvbd": null, "paycompgold": null, "inveretugetcash": 26148986.93, "compcode": "80195268", "prepexpedecr": null, "repnetincr": null, "issbdrececash": null, "loannetr": null, "withinvgetcash": 2027000000.0, "invpayc": 2062000000.0, "debtpaycash": null, "fincashinfl": 3510000.0, "cashopenbala": 360924648.98, "netcashscheform": null, "begindate": "20150101", "bizoutfitse": null, "bizinflitse": null, "insnetc": null, "bankloannetincr": null, "receredu": 1902570.75, "publishdate": "20160418", "other": null, "deponetr": null, "paytax": 72577032.11, "bizinflform": null, "tradepaymnetr": null, "cashneti": -2115337.28, "accstaname": "\u65b0\u4f1a\u8ba1\u51c6\u5219", "cashnetr": -2115337.28, "invnetcashflow": -46594012.0, "netinvform": null, "finnetform": null, "payacticash": 77183766.55, "fininflform": null, "invoutfform": null}, {"laborgetcash": 384509081.69, "inveredu": null, "unreinveloss": null, "bizcashinfl": 403860033.97, "diviprofpaycash": 100000000.0, "invcashoutf": 1646252350.5, "accrexpeincr": null, "subspaynetcash": null, "finrelacash": null, "payworkcash": 47731020.72, "subspaydivid": null, "chgexchgchgs": null, "finnetcflow": -100000000.0, "receotherbizcash": 15465434.68, "longdefeexpenamor": null, "acquassetcash": 24252350.5, "recefincash": null, "inspremcash": null, "netcashform": null, "bizcashoutf": 360418664.54, "fininstnetr": null, "invrececash": null, "defetaxassetdecr": null, "inicashbala": 360924648.98, "invcashinfl": 1502590744.97, "paydivicash": null, "netcashscheitse": null, "defeincoincr": null, "disptradnetincr": null, "mananetr": 43441369.43, "debtintocapi": null, "defetaxliabincr": null, "adjustdate": "20151020", "enddate": "20150930", "assedepr": null, "biznetscheitse": null, "biznetform": null, "equfinalbala": null, "finoutfitse": null, "cashfinalbala": 160704412.88, "fixedassetnetc": 1390415.0, "cashfinalitse": null, "payintecash": null, "unfiparachg": null, "loansnetr": null, "incrcashpled": null, "biznetcflow": null, "asseimpa": null, "reducashpled": null, "invinffrom": null, "netprofit": null, "minysharrigh": null, "equopenbala": null, "inveloss": null, "valuechgloss": null, "receinvcash": null, "bizoutfform": null, "biznetscheform": null, "finexpe": null, "intaasseamor": null, "taxrefd": 3885517.6, "biznetitse": null, "finnetitse": null, "invinflitse": null, "subsnetc": null, "unseparachg": null, "finoutfform": null, "recefromloan": null, "netinvitse": null, "estidebts": null, "payaincr": null, "fdsborrnetr": null, "realestadep": null, "reporttype": "100111", "dispfixedassetloss": null, "fininflitse": null, "finalcashbala": 160704412.88, "cashfinalform": null, "invoutfitse": null, "netcashitse": null, "payinvecash": null, "fixedassescraloss": null, "savinetr": null, "subsrececash": null, "accstacode": "2", "fincashoutf": 100000000.0, "charintecash": null, "finfixedasset": null, "labopayc": 205194399.18, "expiconvbd": null, "paycompgold": null, "inveretugetcash": 20530929.97, "compcode": "80195268", "prepexpedecr": null, "repnetincr": null, "issbdrececash": null, "loannetr": null, "withinvgetcash": 1480669400.0, "invpayc": 1622000000.0, "debtpaycash": null, "fincashinfl": 0.0, "cashopenbala": 360924648.98, "netcashscheform": null, "begindate": "20150101", "bizoutfitse": null, "bizinflitse": null, "insnetc": null, "bankloannetincr": null, "receredu": null, "publishdate": "20151020", "other": null, "deponetr": null, "paytax": 51598782.37, "bizinflform": null, "tradepaymnetr": null, "cashneti": -200220236.1, "accstaname": "\u65b0\u4f1a\u8ba1\u51c6\u5219", "cashnetr": -200220236.1, "invnetcashflow": -143661605.53, "netinvform": null, "finnetform": null, "payacticash": 55894462.27, "fininflform": null, "invoutfform": null}, {"laborgetcash": 213711835.99, "inveredu": -9138221.72, "unreinveloss": null, "bizcashinfl": 222159432.15, "diviprofpaycash": 100000000.0, "invcashoutf": 954640970.5, "accrexpeincr": null, "subspaynetcash": null, "finrelacash": null, "payworkcash": 33683385.86, "subspaydivid": null, "chgexchgchgs": 563.11, "finnetcflow": -100000000.0, "receotherbizcash": 5416182.92, "longdefeexpenamor": 875108.34, "acquassetcash": 12621239.03, "recefincash": null, "inspremcash": null, "netcashform": null, "bizcashoutf": 222491432.26, "fininstnetr": null, "invrececash": null, "defetaxassetdecr": -102380.25, "inicashbala": 360924648.98, "invcashinfl": 1137448765.87, "paydivicash": null, "netcashscheitse": null, "defeincoincr": null, "disptradnetincr": null, "mananetr": -332000.11, "debtintocapi": null, "defetaxliabincr": null, "adjustdate": "20150820", "enddate": "20150630", "assedepr": 10929681.26, "biznetscheitse": null, "biznetform": null, "equfinalbala": null, "finoutfitse": null, "cashfinalbala": 443401007.35, "fixedassetnetc": 761915.0, "cashfinalitse": null, "payintecash": null, "unfiparachg": null, "loansnetr": null, "incrcashpled": null, "biznetcflow": -332000.11, "asseimpa": 697869.56, "reducashpled": null, "invinffrom": null, "netprofit": 54121283.73, "minysharrigh": null, "equopenbala": null, "inveloss": -16017450.87, "valuechgloss": null, "receinvcash": null, "bizoutfform": null, "biznetscheform": null, "finexpe": -563.11, "intaasseamor": 1133271.4, "taxrefd": 3031413.24, "biznetitse": null, "finnetitse": null, "invinflitse": null, "subsnetc": null, "unseparachg": null, "finoutfform": null, "recefromloan": null, "netinvitse": null, "estidebts": null, "payaincr": -26478824.66, "fdsborrnetr": null, "realestadep": null, "reporttype": "100111", "dispfixedassetloss": 413257.34, "fininflitse": null, "finalcashbala": 443401007.35, "cashfinalform": null, "invoutfitse": null, "netcashitse": null, "payinvecash": 19731.47, "fixedassescraloss": null, "savinetr": null, "subsrececash": null, "accstacode": "2", "fincashoutf": 100000000.0, "charintecash": null, "finfixedasset": null, "labopayc": 124580413.99, "expiconvbd": null, "paycompgold": null, "inveretugetcash": 16017450.87, "compcode": "80195268", "prepexpedecr": null, "repnetincr": null, "issbdrececash": null, "loannetr": null, "withinvgetcash": 1120669400.0, "invpayc": 942000000.0, "debtpaycash": null, "fincashinfl": 0.0, "cashopenbala": 360924648.98, "netcashscheform": null, "begindate": "20150101", "bizoutfitse": null, "bizinflitse": null, "insnetc": null, "bankloannetincr": null, "receredu": -16765031.13, "publishdate": "20150820", "other": null, "deponetr": null, "paytax": 34034399.35, "bizinflform": null, "tradepaymnetr": null, "cashneti": 82476358.37, "accstaname": "\u65b0\u4f1a\u8ba1\u51c6\u5219", "cashnetr": 82476358.37, "invnetcashflow": 182807795.37, "netinvform": null, "finnetform": null, "payacticash": 30193233.06, "fininflform": null, "invoutfform": null}, {"laborgetcash": 59495736.88, "inveredu": null, "unreinveloss": null, "bizcashinfl": 63441929.22, "diviprofpaycash": null, "invcashoutf": 441028962.32, "accrexpeincr": null, "subspaynetcash": null, "finrelacash": null, "payworkcash": 20319594.47, "subspaydivid": null, "chgexchgchgs": -2782.62, "finnetcflow": 0.0, "receotherbizcash": 2552024.08, "longdefeexpenamor": null, "acquassetcash": 9028962.32, "recefincash": null, "inspremcash": null, "netcashform": null, "bizcashoutf": 120176826.24, "fininstnetr": null, "invrececash": null, "defetaxassetdecr": null, "inicashbala": 360924648.98, "invcashinfl": 495618316.84, "paydivicash": null, "netcashscheitse": null, "defeincoincr": null, "disptradnetincr": null, "mananetr": -56734897.02, "debtintocapi": null, "defetaxliabincr": null, "adjustdate": "20150424", "enddate": "20150331", "assedepr": null, "biznetscheitse": null, "biznetform": null, "equfinalbala": null, "finoutfitse": null, "cashfinalbala": 358776323.86, "fixedassetnetc": 550782.73, "cashfinalitse": null, "payintecash": null, "unfiparachg": null, "loansnetr": null, "incrcashpled": null, "biznetcflow": null, "asseimpa": null, "reducashpled": null, "invinffrom": null, "netprofit": null, "minysharrigh": null, "equopenbala": null, "inveloss": null, "valuechgloss": null, "receinvcash": null, "bizoutfform": null, "biznetscheform": null, "finexpe": null, "intaasseamor": null, "taxrefd": 1394168.26, "biznetitse": null, "finnetitse": null, "invinflitse": null, "subsnetc": null, "unseparachg": null, "finoutfform": null, "recefromloan": null, "netinvitse": null, "estidebts": null, "payaincr": null, "fdsborrnetr": null, "realestadep": null, "reporttype": "100111", "dispfixedassetloss": null, "fininflitse": null, "finalcashbala": 358776323.86, "cashfinalform": null, "invoutfitse": null, "netcashitse": null, "payinvecash": null, "fixedassescraloss": null, "savinetr": null, "subsrececash": null, "accstacode": "2", "fincashoutf": 0.0, "charintecash": null, "finfixedasset": null, "labopayc": 65767499.51, "expiconvbd": null, "paycompgold": null, "inveretugetcash": 10067534.11, "compcode": "80195268", "prepexpedecr": null, "repnetincr": null, "issbdrececash": null, "loannetr": null, "withinvgetcash": 485000000.0, "invpayc": 432000000.0, "debtpaycash": null, "fincashinfl": 0.0, "cashopenbala": 360924648.98, "netcashscheform": null, "begindate": "20150101", "bizoutfitse": null, "bizinflitse": null, "insnetc": null, "bankloannetincr": null, "receredu": null, "publishdate": "20150424", "other": null, "deponetr": null, "paytax": 20591080.49, "bizinflform": null, "tradepaymnetr": null, "cashneti": -2148325.12, "accstaname": "\u65b0\u4f1a\u8ba1\u51c6\u5219", "cashnetr": -2148325.12, "invnetcashflow": 54589354.52, "netinvform": null, "finnetform": null, "payacticash": 13498651.77, "fininflform": null, "invoutfform": null}, {"laborgetcash": 594810791.54, "inveredu": 460500.64, "unreinveloss": null, "bizcashinfl": 618375532.52, "diviprofpaycash": 70000000.0, "invcashoutf": 1606680328.94, "accrexpeincr": null, "subspaynetcash": null, "finrelacash": null, "payworkcash": 48954139.1, "subspaydivid": null, "chgexchgchgs": 818.11, "finnetcflow": -70000000.0, "receotherbizcash": 15036272.81, "longdefeexpenamor": 1672588.92, "acquassetcash": 86680328.94, "recefincash": null, "inspremcash": null, "netcashform": null, "bizcashoutf": 488741896.21, "fininstnetr": null, "invrececash": null, "defetaxassetdecr": 61641.22, "inicashbala": 57962197.91, "invcashinfl": 1850008325.59, "paydivicash": null, "netcashscheitse": null, "defeincoincr": null, "disptradnetincr": null, "mananetr": 129633636.31, "debtintocapi": null, "defetaxliabincr": null, "adjustdate": "20150326", "enddate": "20141231", "assedepr": 27153991.48, "biznetscheitse": null, "biznetform": null, "equfinalbala": null, "finoutfitse": null, "cashfinalbala": 360924648.98, "fixedassetnetc": 2498697.67, "cashfinalitse": null, "payintecash": null, "unfiparachg": null, "loansnetr": null, "incrcashpled": null, "biznetcflow": 129633636.31, "asseimpa": 289843.3, "reducashpled": null, "invinffrom": null, "netprofit": 137733705.0, "minysharrigh": null, "equopenbala": null, "inveloss": -31753745.46, "valuechgloss": null, "receinvcash": 305882.46, "bizoutfform": null, "biznetscheform": null, "finexpe": -818.11, "intaasseamor": 2059787.5, "taxrefd": 8528468.17, "biznetitse": null, "finnetitse": null, "invinflitse": null, "subsnetc": null, "unseparachg": null, "finoutfform": null, "recefromloan": null, "netinvitse": null, "estidebts": null, "payaincr": -6728488.28, "fdsborrnetr": null, "realestadep": null, "reporttype": "100111", "dispfixedassetloss": 2473228.45, "fininflitse": null, "finalcashbala": 360924648.98, "cashfinalform": null, "invoutfitse": null, "netcashitse": null, "payinvecash": null, "fixedassescraloss": null, "savinetr": null, "subsrececash": null, "accstacode": "2", "fincashoutf": 70000000.0, "charintecash": null, "finfixedasset": null, "labopayc": 298175130.11, "expiconvbd": null, "paycompgold": null, "inveretugetcash": 31753745.46, "compcode": "80195268", "prepexpedecr": null, "repnetincr": null, "issbdrececash": null, "loannetr": null, "withinvgetcash": 1815450000.0, "invpayc": 1520000000.0, "debtpaycash": null, "fincashinfl": 0.0, "cashopenbala": 57962197.91, "netcashscheform": null, "begindate": "20140101", "bizoutfitse": null, "bizinflitse": null, "insnetc": null, "bankloannetincr": null, "receredu": -3788598.35, "publishdate": "20150326", "other": null, "deponetr": null, "paytax": 71379129.96, "bizinflform": null, "tradepaymnetr": null, "cashneti": 302962451.07, "accstaname": "\u65b0\u4f1a\u8ba1\u51c6\u5219", "cashnetr": 302962451.07, "invnetcashflow": 243327996.65, "netinvform": null, "finnetform": null, "payacticash": 70233497.04, "fininflform": null, "invoutfform": null}, {"laborgetcash": 318941641.87, "inveredu": null, "unreinveloss": null, "bizcashinfl": 327839092.97, "diviprofpaycash": 70000000.0, "invcashoutf": 1219153286.04, "accrexpeincr": null, "subspaynetcash": null, "finrelacash": null, "payworkcash": 34697255.67, "subspaydivid": null, "chgexchgchgs": null, "finnetcflow": -70000000.0, "receotherbizcash": 5206226.51, "longdefeexpenamor": null, "acquassetcash": 59153286.04, "recefincash": null, "inspremcash": null, "netcashform": null, "bizcashoutf": 288997634.65, "fininstnetr": null, "invrececash": null, "defetaxassetdecr": null, "inicashbala": 57962197.91, "invcashinfl": 1438669462.47, "paydivicash": null, "netcashscheitse": null, "defeincoincr": null, "disptradnetincr": null, "mananetr": 38841458.32, "debtintocapi": null, "defetaxliabincr": null, "adjustdate": "20141024", "enddate": "20140930", "assedepr": null, "biznetscheitse": null, "biznetform": null, "equfinalbala": null, "finoutfitse": null, "cashfinalbala": 246319832.66, "fixedassetnetc": 363500.0, "cashfinalitse": null, "payintecash": null, "unfiparachg": null, "loansnetr": null, "incrcashpled": null, "biznetcflow": null, "asseimpa": null, "reducashpled": null, "invinffrom": null, "netprofit": null, "minysharrigh": null, "equopenbala": null, "inveloss": null, "valuechgloss": null, "receinvcash": null, "bizoutfform": null, "biznetscheform": null, "finexpe": null, "intaasseamor": null, "taxrefd": 3691224.59, "biznetitse": null, "finnetitse": null, "invinflitse": null, "subsnetc": null, "unseparachg": null, "finoutfform": null, "recefromloan": null, "netinvitse": null, "estidebts": null, "payaincr": null, "fdsborrnetr": null, "realestadep": null, "reporttype": "100111", "dispfixedassetloss": null, "fininflitse": null, "finalcashbala": 246319832.66, "cashfinalform": null, "invoutfitse": null, "netcashitse": null, "payinvecash": null, "fixedassescraloss": null, "savinetr": null, "subsrececash": null, "accstacode": "2", "fincashoutf": 70000000.0, "charintecash": null, "finfixedasset": null, "labopayc": 153692615.5, "expiconvbd": null, "paycompgold": null, "inveretugetcash": 27305962.47, "compcode": "80195268", "prepexpedecr": null, "repnetincr": null, "issbdrececash": null, "loannetr": null, "withinvgetcash": 1411000000.0, "invpayc": 1160000000.0, "debtpaycash": null, "fincashinfl": 0.0, "cashopenbala": 57962197.91, "netcashscheform": null, "begindate": "20140101", "bizoutfitse": null, "bizinflitse": null, "insnetc": null, "bankloannetincr": null, "receredu": null, "publishdate": "20141024", "other": null, "deponetr": null, "paytax": 45915278.27, "bizinflform": null, "tradepaymnetr": null, "cashneti": 188357634.75, "accstaname": "\u65b0\u4f1a\u8ba1\u51c6\u5219", "cashnetr": 188357634.75, "invnetcashflow": 219516176.43, "netinvform": null, "finnetform": null, "payacticash": 54692485.21, "fininflform": null, "invoutfform": null}, {"laborgetcash": 171773459.36, "inveredu": -5043124.11, "unreinveloss": null, "bizcashinfl": 175464861.17, "diviprofpaycash": 70000000.0, "invcashoutf": 779339384.52, "accrexpeincr": null, "subspaynetcash": null, "finrelacash": null, "payworkcash": 25807769.03, "subspaydivid": null, "chgexchgchgs": null, "finnetcflow": -70000000.0, "receotherbizcash": 1306845.38, "longdefeexpenamor": 808591.66, "acquassetcash": 19339384.52, "recefincash": null, "inspremcash": null, "netcashform": null, "bizcashoutf": 192382745.82, "fininstnetr": null, "invrececash": null, "defetaxassetdecr": 29931.42, "inicashbala": 57962197.91, "invcashinfl": 954258052.09, "paydivicash": null, "netcashscheitse": null, "defeincoincr": null, "disptradnetincr": null, "mananetr": -16917884.65, "debtintocapi": null, "defetaxliabincr": null, "adjustdate": "20140826", "enddate": "20140630", "assedepr": 13512737.73, "biznetscheitse": null, "biznetform": null, "equfinalbala": null, "finoutfitse": null, "cashfinalbala": 145962980.83, "fixedassetnetc": 151500.0, "cashfinalitse": null, "payintecash": null, "unfiparachg": null, "loansnetr": null, "incrcashpled": null, "biznetcflow": -16917884.65, "asseimpa": 980623.16, "reducashpled": null, "invinffrom": null, "netprofit": 48153553.9, "minysharrigh": null, "equopenbala": null, "inveloss": -17556552.09, "valuechgloss": 0.0, "receinvcash": null, "bizoutfform": null, "biznetscheform": null, "finexpe": null, "intaasseamor": 1091776.34, "taxrefd": 2384556.43, "biznetitse": null, "finnetitse": null, "invinflitse": null, "subsnetc": null, "unseparachg": null, "finoutfform": null, "recefromloan": null, "netinvitse": null, "estidebts": null, "payaincr": -92691176.08, "fdsborrnetr": null, "realestadep": null, "reporttype": "100111", "dispfixedassetloss": 222208.75, "fininflitse": null, "finalcashbala": 145962980.83, "cashfinalform": null, "invoutfitse": null, "netcashitse": null, "payinvecash": null, "fixedassescraloss": 0.0, "savinetr": null, "subsrececash": null, "accstacode": "2", "fincashoutf": 70000000.0, "charintecash": null, "finfixedasset": null, "labopayc": 103631064.53, "expiconvbd": null, "paycompgold": null, "inveretugetcash": 17556552.09, "compcode": "80195268", "prepexpedecr": null, "repnetincr": null, "issbdrececash": null, "loannetr": null, "withinvgetcash": 936550000.0, "invpayc": 760000000.0, "debtpaycash": null, "fincashinfl": 0.0, "cashopenbala": 57962197.91, "netcashscheform": null, "begindate": "20140101", "bizoutfitse": null, "bizinflitse": null, "insnetc": null, "bankloannetincr": null, "receredu": 33573544.67, "publishdate": "20140826", "other": null, "deponetr": null, "paytax": 35050256.9, "bizinflform": null, "tradepaymnetr": null, "cashneti": 88000782.92, "accstaname": "\u65b0\u4f1a\u8ba1\u51c6\u5219", "cashnetr": 88000782.92, "invnetcashflow": 174918667.57, "netinvform": null, "finnetform": null, "payacticash": 27893655.36, "fininflform": null, "invoutfform": null}, {"laborgetcash": 49207382.97, "inveredu": null, "unreinveloss": null, "bizcashinfl": 67572087.12, "diviprofpaycash": null, "invcashoutf": 429061446.26, "accrexpeincr": null, "subspaynetcash": null, "finrelacash": null, "payworkcash": 15138316.92, "subspaydivid": null, "chgexchgchgs": null, "finnetcflow": 0.0, "receotherbizcash": 17962203.69, "longdefeexpenamor": null, "acquassetcash": 4061446.26, "recefincash": null, "inspremcash": null, "netcashform": null, "bizcashoutf": 103288426.86, "fininstnetr": null, "invrececash": null, "defetaxassetdecr": null, "inicashbala": 57962197.91, "invcashinfl": 561560955.86, "paydivicash": null, "netcashscheitse": null, "defeincoincr": null, "disptradnetincr": null, "mananetr": -35716339.74, "debtintocapi": null, "defetaxliabincr": null, "adjustdate": "20140424", "enddate": "20140331", "assedepr": null, "biznetscheitse": null, "biznetform": null, "equfinalbala": null, "finoutfitse": null, "cashfinalbala": 154745367.77, "fixedassetnetc": 6000.0, "cashfinalitse": null, "payintecash": null, "unfiparachg": null, "loansnetr": null, "incrcashpled": null, "biznetcflow": null, "asseimpa": null, "reducashpled": null, "invinffrom": null, "netprofit": null, "minysharrigh": null, "equopenbala": null, "inveloss": null, "valuechgloss": null, "receinvcash": null, "bizoutfform": null, "biznetscheform": null, "finexpe": null, "intaasseamor": null, "taxrefd": 402500.46, "biznetitse": null, "finnetitse": null, "invinflitse": null, "subsnetc": null, "unseparachg": null, "finoutfform": null, "recefromloan": null, "netinvitse": null, "estidebts": null, "payaincr": null, "fdsborrnetr": null, "realestadep": null, "reporttype": "100111", "dispfixedassetloss": null, "fininflitse": null, "finalcashbala": 154745367.77, "cashfinalform": null, "invoutfitse": null, "netcashitse": null, "payinvecash": null, "fixedassescraloss": null, "savinetr": null, "subsrececash": null, "accstacode": "2", "fincashoutf": 0.0, "charintecash": null, "finfixedasset": null, "labopayc": 59652933.24, "expiconvbd": null, "paycompgold": null, "inveretugetcash": 10554955.86, "compcode": "80195268", "prepexpedecr": null, "repnetincr": null, "issbdrececash": null, "loannetr": null, "withinvgetcash": 551000000.0, "invpayc": 425000000.0, "debtpaycash": null, "fincashinfl": 0.0, "cashopenbala": 57962197.91, "netcashscheform": null, "begindate": "20140101", "bizoutfitse": null, "bizinflitse": null, "insnetc": null, "bankloannetincr": null, "receredu": null, "publishdate": "20140424", "other": null, "deponetr": null, "paytax": 13995024.62, "bizinflform": null, "tradepaymnetr": null, "cashneti": 96783169.86, "accstaname": "\u65b0\u4f1a\u8ba1\u51c6\u5219", "cashnetr": 96783169.86, "invnetcashflow": 132499509.6, "netinvform": null, "finnetform": null, "payacticash": 14502152.08, "fininflform": null, "invoutfform": null}, {"laborgetcash": 512608243.78, "inveredu": -1629851.56, "unreinveloss": null, "bizcashinfl": 538659624.72, "diviprofpaycash": 50000000.0, "invcashoutf": 1521798022.94, "accrexpeincr": null, "subspaynetcash": null, "finrelacash": null, "payworkcash": 42516426.45, "subspaydivid": null, "chgexchgchgs": -1168.6, "finnetcflow": -50000000.0, "receotherbizcash": 19914594.12, "longdefeexpenamor": 928614.94, "acquassetcash": 91798022.94, "recefincash": null, "inspremcash": null, "netcashform": null, "bizcashoutf": 410487837.41, "fininstnetr": null, "invrececash": null, "defetaxassetdecr": -97754.49, "inicashbala": 680845262.85, "invcashinfl": 820744339.29, "paydivicash": null, "netcashscheitse": null, "defeincoincr": null, "disptradnetincr": null, "mananetr": 128171787.31, "debtintocapi": null, "defetaxliabincr": null, "adjustdate": "20140328", "enddate": "20131231", "assedepr": 23892312.17, "biznetscheitse": null, "biznetform": null, "equfinalbala": null, "finoutfitse": null, "cashfinalbala": 57962197.91, "fixedassetnetc": 263966.57, "cashfinalitse": null, "payintecash": null, "unfiparachg": null, "loansnetr": null, "incrcashpled": null, "biznetcflow": 128171787.31, "asseimpa": -66900.46, "reducashpled": null, "invinffrom": null, "netprofit": 107677271.87, "minysharrigh": null, "equopenbala": null, "inveloss": -20608658.94, "valuechgloss": null, "receinvcash": 321713.78, "bizoutfform": null, "biznetscheform": null, "finexpe": 1168.6, "intaasseamor": 2004788.74, "taxrefd": 6136786.82, "biznetitse": null, "finnetitse": null, "invinflitse": null, "subsnetc": null, "unseparachg": null, "finoutfform": null, "recefromloan": null, "netinvitse": null, "estidebts": null, "payaincr": 11679429.42, "fdsborrnetr": null, "realestadep": null, "reporttype": "100111", "dispfixedassetloss": 157730.27, "fininflitse": null, "finalcashbala": 57962197.91, "cashfinalform": null, "invoutfitse": null, "netcashitse": null, "payinvecash": 550000.0, "fixedassescraloss": null, "savinetr": null, "subsrececash": null, "accstacode": "2", "fincashoutf": 50000000.0, "charintecash": null, "finfixedasset": null, "labopayc": 244704279.1, "expiconvbd": null, "paycompgold": null, "inveretugetcash": 21158658.94, "compcode": "80195268", "prepexpedecr": null, "repnetincr": null, "issbdrececash": null, "loannetr": null, "withinvgetcash": 799000000.0, "invpayc": 1429450000.0, "debtpaycash": null, "fincashinfl": 0.0, "cashopenbala": 680845262.85, "netcashscheform": null, "begindate": "20130101", "bizoutfitse": null, "bizinflitse": null, "insnetc": null, "bankloannetincr": null, "receredu": 4233636.75, "publishdate": "20140328", "other": null, "deponetr": null, "paytax": 54110766.87, "bizinflform": null, "tradepaymnetr": null, "cashneti": -622883064.94, "accstaname": "\u65b0\u4f1a\u8ba1\u51c6\u5219", "cashnetr": -622883064.94, "invnetcashflow": -701053683.65, "netinvform": null, "finnetform": null, "payacticash": 69156364.99, "fininflform": null, "invoutfform": null}, {"laborgetcash": 286594684.94, "inveredu": null, "unreinveloss": null, "bizcashinfl": 302131702.56, "diviprofpaycash": 50000000.0, "invcashoutf": 926519669.67, "accrexpeincr": null, "subspaynetcash": null, "finrelacash": null, "payworkcash": 31796180.74, "subspaydivid": null, "chgexchgchgs": null, "finnetcflow": -50000000.0, "receotherbizcash": 12074578.73, "longdefeexpenamor": null, "acquassetcash": 57519669.67, "recefincash": null, "inspremcash": null, "netcashform": null, "bizcashoutf": 262042680.83, "fininstnetr": null, "invrececash": null, "defetaxassetdecr": null, "inicashbala": 680845262.85, "invcashinfl": 351916969.25, "paydivicash": null, "netcashscheitse": null, "defeincoincr": null, "disptradnetincr": null, "mananetr": 40089021.73, "debtintocapi": null, "defetaxliabincr": null, "adjustdate": "20131023", "enddate": "20130930", "assedepr": null, "biznetscheitse": null, "biznetform": null, "equfinalbala": null, "finoutfitse": null, "cashfinalbala": 96331584.16, "fixedassetnetc": 300000.0, "cashfinalitse": null, "payintecash": null, "unfiparachg": null, "loansnetr": null, "incrcashpled": null, "biznetcflow": null, "asseimpa": null, "reducashpled": null, "invinffrom": null, "netprofit": null, "minysharrigh": null, "equopenbala": null, "inveloss": null, "valuechgloss": null, "receinvcash": null, "bizoutfform": null, "biznetscheform": null, "finexpe": null, "intaasseamor": null, "taxrefd": 3462438.89, "biznetitse": null, "finnetitse": null, "invinflitse": null, "subsnetc": null, "unseparachg": null, "finoutfform": null, "recefromloan": null, "netinvitse": null, "estidebts": null, "payaincr": null, "fdsborrnetr": null, "realestadep": null, "reporttype": "100111", "dispfixedassetloss": null, "fininflitse": null, "finalcashbala": 96331584.16, "cashfinalform": null, "invoutfitse": null, "netcashitse": null, "payinvecash": null, "fixedassescraloss": null, "savinetr": null, "subsrececash": null, "accstacode": "2", "fincashoutf": 50000000.0, "charintecash": null, "finfixedasset": null, "labopayc": 140666583.91, "expiconvbd": null, "paycompgold": null, "inveretugetcash": 10616969.25, "compcode": "80195268", "prepexpedecr": null, "repnetincr": null, "issbdrececash": null, "loannetr": null, "withinvgetcash": 341000000.0, "invpayc": 869000000.0, "debtpaycash": null, "fincashinfl": 0.0, "cashopenbala": 680845262.85, "netcashscheform": null, "begindate": "20130101", "bizoutfitse": null, "bizinflitse": null, "insnetc": null, "bankloannetincr": null, "receredu": null, "publishdate": "20131023", "other": null, "deponetr": null, "paytax": 43170300.89, "bizinflform": null, "tradepaymnetr": null, "cashneti": -584513678.69, "accstaname": "\u65b0\u4f1a\u8ba1\u51c6\u5219", "cashnetr": -584513678.69, "invnetcashflow": -574602700.42, "netinvform": null, "finnetform": null, "payacticash": 46409615.29, "fininflform": null, "invoutfform": null}, {"laborgetcash": 147589057.05, "inveredu": 9055397.31, "unreinveloss": null, "bizcashinfl": 160718863.09, "diviprofpaycash": 50000000.0, "invcashoutf": 658011246.88, "accrexpeincr": null, "subspaynetcash": null, "finrelacash": null, "payworkcash": 24195580.8, "subspaydivid": null, "chgexchgchgs": null, "finnetcflow": -50000000.0, "receotherbizcash": 11353202.41, "longdefeexpenamor": 355078.73, "acquassetcash": 39011246.88, "recefincash": null, "inspremcash": null, "netcashform": null, "bizcashoutf": 180622376.57, "fininstnetr": null, "invrececash": null, "defetaxassetdecr": -226948.76, "inicashbala": 680845262.85, "invcashinfl": 132224470.02, "paydivicash": null, "netcashscheitse": null, "defeincoincr": null, "disptradnetincr": null, "mananetr": -19903513.48, "debtintocapi": null, "defetaxliabincr": 0.0, "adjustdate": "20130815", "enddate": "20130630", "assedepr": 11651243.11, "biznetscheitse": null, "biznetform": null, "equfinalbala": null, "finoutfitse": null, "cashfinalbala": 85154972.51, "fixedassetnetc": null, "cashfinalitse": null, "payintecash": null, "unfiparachg": null, "loansnetr": null, "incrcashpled": null, "biznetcflow": -19903513.48, "asseimpa": 1211179.87, "reducashpled": null, "invinffrom": null, "netprofit": 40722753.65, "minysharrigh": null, "equopenbala": null, "inveloss": -4224470.02, "valuechgloss": 0.0, "receinvcash": null, "bizoutfform": null, "biznetscheform": null, "finexpe": 0.0, "intaasseamor": 963296.15, "taxrefd": 1776603.63, "biznetitse": null, "finnetitse": null, "invinflitse": null, "subsnetc": null, "unseparachg": null, "finoutfform": null, "recefromloan": null, "netinvitse": null, "estidebts": null, "payaincr": -48916072.53, "fdsborrnetr": null, "realestadep": null, "reporttype": "100111", "dispfixedassetloss": 0.0, "fininflitse": null, "finalcashbala": 85154972.51, "cashfinalform": null, "invoutfitse": null, "netcashitse": null, "payinvecash": null, "fixedassescraloss": null, "savinetr": null, "subsrececash": null, "accstacode": "2", "fincashoutf": 50000000.0, "charintecash": null, "finfixedasset": null, "labopayc": 96298966.76, "expiconvbd": null, "paycompgold": null, "inveretugetcash": 4224470.02, "compcode": "80195268", "prepexpedecr": null, "repnetincr": null, "issbdrececash": null, "loannetr": null, "withinvgetcash": 128000000.0, "invpayc": 619000000.0, "debtpaycash": null, "fincashinfl": 0.0, "cashopenbala": 680845262.85, "netcashscheform": null, "begindate": "20130101", "bizoutfitse": null, "bizinflitse": null, "insnetc": null, "bankloannetincr": null, "receredu": -30494970.99, "publishdate": "20130815", "other": null, "deponetr": null, "paytax": 32466028.88, "bizinflform": null, "tradepaymnetr": null, "cashneti": -595690290.34, "accstaname": "\u65b0\u4f1a\u8ba1\u51c6\u5219", "cashnetr": -595690290.34, "invnetcashflow": -525786776.86, "netinvform": null, "finnetform": null, "payacticash": 27661800.13, "fininflform": null, "invoutfform": null}, {"laborgetcash": 41534995.41, "inveredu": null, "unreinveloss": null, "bizcashinfl": 83618760.01, "diviprofpaycash": null, "invcashoutf": 98427801.4, "accrexpeincr": null, "subspaynetcash": null, "finrelacash": null, "payworkcash": 15941773.9, "subspaydivid": null, "chgexchgchgs": null, "finnetcflow": 0.0, "receotherbizcash": 40692161.41, "longdefeexpenamor": null, "acquassetcash": 20427801.4, "recefincash": null, "inspremcash": null, "netcashform": null, "bizcashoutf": 335771405.06, "fininstnetr": null, "invrececash": null, "defetaxassetdecr": null, "inicashbala": 680845262.85, "invcashinfl": 0.0, "paydivicash": null, "netcashscheitse": null, "defeincoincr": null, "disptradnetincr": null, "mananetr": -252152645.05, "debtintocapi": null, "defetaxliabincr": null, "adjustdate": "20130425", "enddate": "20130331", "assedepr": null, "biznetscheitse": null, "biznetform": null, "equfinalbala": null, "finoutfitse": null, "cashfinalbala": 330264816.4, "fixedassetnetc": null, "cashfinalitse": null, "payintecash": null, "unfiparachg": null, "loansnetr": null, "incrcashpled": null, "biznetcflow": null, "asseimpa": null, "reducashpled": null, "invinffrom": null, "netprofit": null, "minysharrigh": null, "equopenbala": null, "inveloss": null, "valuechgloss": null, "receinvcash": null, "bizoutfform": null, "biznetscheform": null, "finexpe": null, "intaasseamor": null, "taxrefd": 1391603.19, "biznetitse": null, "finnetitse": null, "invinflitse": null, "subsnetc": null, "unseparachg": null, "finoutfform": null, "recefromloan": null, "netinvitse": null, "estidebts": null, "payaincr": null, "fdsborrnetr": null, "realestadep": null, "reporttype": "100111", "dispfixedassetloss": null, "fininflitse": null, "finalcashbala": 330264816.4, "cashfinalform": null, "invoutfitse": null, "netcashitse": null, "payinvecash": null, "fixedassescraloss": null, "savinetr": null, "subsrececash": null, "accstacode": "2", "fincashoutf": 0.0, "charintecash": null, "finfixedasset": null, "labopayc": 59099243.2, "expiconvbd": null, "paycompgold": null, "inveretugetcash": null, "compcode": "80195268", "prepexpedecr": null, "repnetincr": null, "issbdrececash": null, "loannetr": null, "withinvgetcash": null, "invpayc": 78000000.0, "debtpaycash": null, "fincashinfl": 0.0, "cashopenbala": 680845262.85, "netcashscheform": null, "begindate": "20130101", "bizoutfitse": null, "bizinflitse": null, "insnetc": null, "bankloannetincr": null, "receredu": null, "publishdate": "20130425", "other": null, "deponetr": null, "paytax": 19579857.12, "bizinflform": null, "tradepaymnetr": null, "cashneti": -350580446.45, "accstaname": "\u65b0\u4f1a\u8ba1\u51c6\u5219", "cashnetr": -350580446.45, "invnetcashflow": -98427801.4, "netinvform": null, "finnetform": null, "payacticash": 241150530.84, "fininflform": null, "invoutfform": null}, {"laborgetcash": 467400471.86, "inveredu": -3903769.81, "unreinveloss": null, "bizcashinfl": 497931546.47, "diviprofpaycash": null, "invcashoutf": 91490923.53, "accrexpeincr": null, "subspaynetcash": null, "finrelacash": 8250000.0, "payworkcash": 36083258.53, "subspaydivid": null, "chgexchgchgs": null, "finnetcflow": 448310000.0, "receotherbizcash": 24952202.32, "longdefeexpenamor": 60277.76, "acquassetcash": 91490923.53, "recefincash": null, "inspremcash": null, "netcashform": null, "bizcashoutf": 389469502.85, "fininstnetr": null, "invrececash": 456560000.0, "defetaxassetdecr": 6937.5, "inicashbala": 215475205.83, "invcashinfl": 88936.93, "paydivicash": null, "netcashscheitse": null, "defeincoincr": null, "disptradnetincr": null, "mananetr": 108462043.62, "debtintocapi": null, "defetaxliabincr": null, "adjustdate": "20130425", "enddate": "20121231", "assedepr": 21474661.94, "biznetscheitse": null, "biznetform": null, "equfinalbala": null, "finoutfitse": null, "cashfinalbala": 680845262.85, "fixedassetnetc": 88936.93, "cashfinalitse": null, "payintecash": null, "unfiparachg": null, "loansnetr": null, "incrcashpled": null, "biznetcflow": 108462043.62, "asseimpa": 152169.38, "reducashpled": null, "invinffrom": null, "netprofit": 88048589.82, "minysharrigh": null, "equopenbala": null, "inveloss": null, "valuechgloss": null, "receinvcash": null, "bizoutfform": null, "biznetscheform": null, "finexpe": null, "intaasseamor": 1545004.97, "taxrefd": 5578872.29, "biznetitse": null, "finnetitse": null, "invinflitse": null, "subsnetc": null, "unseparachg": null, "finoutfform": null, "recefromloan": null, "netinvitse": null, "estidebts": null, "payaincr": 7329163.08, "fdsborrnetr": null, "realestadep": null, "reporttype": "100111", "dispfixedassetloss": -28193.67, "fininflitse": null, "finalcashbala": 680845262.85, "cashfinalform": null, "invoutfitse": null, "netcashitse": null, "payinvecash": null, "fixedassescraloss": null, "savinetr": null, "subsrececash": null, "accstacode": "2", "fincashoutf": 8250000.0, "charintecash": null, "finfixedasset": null, "labopayc": 240367472.12, "expiconvbd": null, "paycompgold": null, "inveretugetcash": null, "compcode": "80195268", "prepexpedecr": null, "repnetincr": null, "issbdrececash": null, "loannetr": null, "withinvgetcash": null, "invpayc": null, "debtpaycash": null, "fincashinfl": 456560000.0, "cashopenbala": 215475205.83, "netcashscheform": null, "begindate": "20120101", "bizoutfitse": null, "bizinflitse": null, "insnetc": null, "bankloannetincr": null, "receredu": -6222797.35, "publishdate": "20130425", "other": null, "deponetr": null, "paytax": 52301713.63, "bizinflform": null, "tradepaymnetr": null, "cashneti": 465370057.02, "accstaname": "\u65b0\u4f1a\u8ba1\u51c6\u5219", "cashnetr": 465370057.02, "invnetcashflow": -91401986.6, "netinvform": null, "finnetform": null, "payacticash": 60717058.57, "fininflform": null, "invoutfform": null}, {"laborgetcash": 243158183.08, "inveredu": null, "unreinveloss": null, "bizcashinfl": 255416805.39, "diviprofpaycash": null, "invcashoutf": 45537633.34, "accrexpeincr": null, "subspaynetcash": null, "finrelacash": null, "payworkcash": 27670532.54, "subspaydivid": null, "chgexchgchgs": null, "finnetcflow": 446310000.0, "receotherbizcash": 8933618.51, "longdefeexpenamor": null, "acquassetcash": 45537633.34, "recefincash": null, "inspremcash": null, "netcashform": null, "bizcashoutf": 261604695.13, "fininstnetr": null, "invrececash": 446310000.0, "defetaxassetdecr": null, "inicashbala": 215475205.83, "invcashinfl": 2259969.73, "paydivicash": null, "netcashscheitse": null, "defeincoincr": null, "disptradnetincr": null, "mananetr": -6187889.74, "debtintocapi": null, "defetaxliabincr": null, "adjustdate": "20121020", "enddate": "20120930", "assedepr": null, "biznetscheitse": null, "biznetform": null, "equfinalbala": null, "finoutfitse": null, "cashfinalbala": 612319652.48, "fixedassetnetc": 60400.0, "cashfinalitse": null, "payintecash": null, "unfiparachg": null, "loansnetr": null, "incrcashpled": null, "biznetcflow": null, "asseimpa": null, "reducashpled": null, "invinffrom": null, "netprofit": null, "minysharrigh": null, "equopenbala": null, "inveloss": null, "valuechgloss": null, "receinvcash": 2199569.73, "bizoutfform": null, "biznetscheform": null, "finexpe": null, "intaasseamor": null, "taxrefd": 3325003.8, "biznetitse": null, "finnetitse": null, "invinflitse": null, "subsnetc": null, "unseparachg": null, "finoutfform": null, "recefromloan": null, "netinvitse": null, "estidebts": null, "payaincr": null, "fdsborrnetr": null, "realestadep": null, "reporttype": "100111", "dispfixedassetloss": null, "fininflitse": null, "finalcashbala": 612319652.48, "cashfinalform": null, "invoutfitse": null, "netcashitse": null, "payinvecash": null, "fixedassescraloss": null, "savinetr": null, "subsrececash": null, "accstacode": "2", "fincashoutf": 0.0, "charintecash": null, "finfixedasset": null, "labopayc": 154744916.56, "expiconvbd": null, "paycompgold": null, "inveretugetcash": null, "compcode": "80195268", "prepexpedecr": null, "repnetincr": null, "issbdrececash": null, "loannetr": null, "withinvgetcash": null, "invpayc": null, "debtpaycash": null, "fincashinfl": 446310000.0, "cashopenbala": 215475205.83, "netcashscheform": null, "begindate": "20120101", "bizoutfitse": null, "bizinflitse": null, "insnetc": null, "bankloannetincr": null, "receredu": null, "publishdate": "20121020", "other": null, "deponetr": null, "paytax": 38274056.51, "bizinflform": null, "tradepaymnetr": null, "cashneti": 396844446.65, "accstaname": "\u65b0\u4f1a\u8ba1\u51c6\u5219", "cashnetr": 396844446.65, "invnetcashflow": -43277663.61, "netinvform": null, "finnetform": null, "payacticash": 40915189.52, "fininflform": null, "invoutfform": null}, {"laborgetcash": 110894301.76, "inveredu": -5554699.68, "unreinveloss": null, "bizcashinfl": 120884380.63, "diviprofpaycash": null, "invcashoutf": 35963272.64, "accrexpeincr": null, "subspaynetcash": null, "finrelacash": null, "payworkcash": 20560624.87, "subspaydivid": null, "chgexchgchgs": null, "finnetcflow": 446310000.0, "receotherbizcash": 7884243.13, "longdefeexpenamor": null, "acquassetcash": 35963272.64, "recefincash": null, "inspremcash": null, "netcashform": null, "bizcashoutf": 170793659.7, "fininstnetr": null, "invrececash": 446310000.0, "defetaxassetdecr": -59137.82, "inicashbala": 215475205.83, "invcashinfl": 593132.15, "paydivicash": null, "netcashscheitse": null, "defeincoincr": null, "disptradnetincr": null, "mananetr": -49909279.07, "debtintocapi": null, "defetaxliabincr": null, "adjustdate": "20120827", "enddate": "20120630", "assedepr": 10402752.2, "biznetscheitse": null, "biznetform": null, "equfinalbala": null, "finoutfitse": null, "cashfinalbala": 576505786.27, "fixedassetnetc": null, "cashfinalitse": null, "payintecash": null, "unfiparachg": null, "loansnetr": null, "incrcashpled": null, "biznetcflow": -49909279.07, "asseimpa": 1253969.8, "reducashpled": null, "invinffrom": null, "netprofit": 37646074.23, "minysharrigh": null, "equopenbala": null, "inveloss": null, "valuechgloss": null, "receinvcash": 593132.15, "bizoutfform": null, "biznetscheform": null, "finexpe": -593132.15, "intaasseamor": 689146.35, "taxrefd": 2105835.74, "biznetitse": null, "finnetitse": null, "invinflitse": null, "subsnetc": null, "unseparachg": null, "finoutfform": null, "recefromloan": null, "netinvitse": null, "estidebts": null, "payaincr": -68025665.17, "fdsborrnetr": null, "realestadep": null, "reporttype": "100111", "dispfixedassetloss": null, "fininflitse": null, "finalcashbala": 576505786.27, "cashfinalform": null, "invoutfitse": null, "netcashitse": null, "payinvecash": null, "fixedassescraloss": null, "savinetr": null, "subsrececash": null, "accstacode": "2", "fincashoutf": 0.0, "charintecash": null, "finfixedasset": null, "labopayc": 87166781.89, "expiconvbd": null, "paycompgold": null, "inveretugetcash": null, "compcode": "80195268", "prepexpedecr": null, "repnetincr": null, "issbdrececash": null, "loannetr": null, "withinvgetcash": null, "invpayc": null, "debtpaycash": null, "fincashinfl": 446310000.0, "cashopenbala": 215475205.83, "netcashscheform": null, "begindate": "20120101", "bizoutfitse": null, "bizinflitse": null, "insnetc": null, "bankloannetincr": null, "receredu": -25668586.83, "publishdate": "20120827", "other": null, "deponetr": null, "paytax": 29822164.01, "bizinflform": null, "tradepaymnetr": null, "cashneti": 361030580.44, "accstaname": "\u65b0\u4f1a\u8ba1\u51c6\u5219", "cashnetr": 361030580.44, "invnetcashflow": -35370140.49, "netinvform": null, "finnetform": null, "payacticash": 33244088.93, "fininflform": null, "invoutfform": null}, {"laborgetcash": 61976889.28, "inveredu": null, "unreinveloss": null, "bizcashinfl": 65468558.66, "diviprofpaycash": null, "invcashoutf": 19778873.35, "accrexpeincr": null, "subspaynetcash": null, "finrelacash": null, "payworkcash": 12457721.48, "subspaydivid": null, "chgexchgchgs": null, "finnetcflow": 0.0, "receotherbizcash": 2064167.92, "longdefeexpenamor": null, "acquassetcash": 19778873.35, "recefincash": null, "inspremcash": null, "netcashform": null, "bizcashoutf": 103351971.5, "fininstnetr": null, "invrececash": null, "defetaxassetdecr": null, "inicashbala": 218677578.19, "invcashinfl": 0.0, "paydivicash": null, "netcashscheitse": null, "defeincoincr": null, "disptradnetincr": null, "mananetr": -37883412.84, "debtintocapi": null, "defetaxliabincr": null, "adjustdate": "20120524", "enddate": "20120331", "assedepr": null, "biznetscheitse": null, "biznetform": null, "equfinalbala": null, "finoutfitse": null, "cashfinalbala": 161015292.0, "fixedassetnetc": null, "cashfinalitse": null, "payintecash": null, "unfiparachg": null, "loansnetr": null, "incrcashpled": null, "biznetcflow": null, "asseimpa": null, "reducashpled": null, "invinffrom": null, "netprofit": null, "minysharrigh": null, "equopenbala": null, "inveloss": null, "valuechgloss": null, "receinvcash": null, "bizoutfform": null, "biznetscheform": null, "finexpe": null, "intaasseamor": null, "taxrefd": 1427501.46, "biznetitse": null, "finnetitse": null, "invinflitse": null, "subsnetc": null, "unseparachg": null, "finoutfform": null, "recefromloan": null, "netinvitse": null, "estidebts": null, "payaincr": null, "fdsborrnetr": null, "realestadep": null, "reporttype": "100111", "dispfixedassetloss": null, "fininflitse": null, "finalcashbala": 161015292.0, "cashfinalform": null, "invoutfitse": null, "netcashitse": null, "payinvecash": null, "fixedassescraloss": null, "savinetr": null, "subsrececash": null, "accstacode": "2", "fincashoutf": 0.0, "charintecash": null, "finfixedasset": null, "labopayc": 57667196.03, "expiconvbd": null, "paycompgold": null, "inveretugetcash": null, "compcode": "80195268", "prepexpedecr": null, "repnetincr": null, "issbdrececash": null, "loannetr": null, "withinvgetcash": null, "invpayc": null, "debtpaycash": null, "fincashinfl": 0.0, "cashopenbala": 218677578.19, "netcashscheform": null, "begindate": "20120101", "bizoutfitse": null, "bizinflitse": null, "insnetc": null, "bankloannetincr": null, "receredu": null, "publishdate": "20120524", "other": null, "deponetr": null, "paytax": 16281175.52, "bizinflform": null, "tradepaymnetr": null, "cashneti": -57662286.19, "accstaname": "\u65b0\u4f1a\u8ba1\u51c6\u5219", "cashnetr": -57662286.19, "invnetcashflow": -19778873.35, "netinvform": null, "finnetform": null, "payacticash": 16945878.47, "fininflform": null, "invoutfform": null}, {"laborgetcash": 435412314.32, "inveredu": 3670325.55, "unreinveloss": null, "bizcashinfl": 452646006.03, "diviprofpaycash": 18000000.0, "invcashoutf": 57634707.76, "accrexpeincr": null, "subspaynetcash": null, "finrelacash": null, "payworkcash": 32431927.56, "subspaydivid": null, "chgexchgchgs": null, "finnetcflow": -18000000.0, "receotherbizcash": 11718444.94, "longdefeexpenamor": null, "acquassetcash": 57634707.76, "recefincash": null, "inspremcash": null, "netcashform": null, "bizcashoutf": 373179446.81, "fininstnetr": null, "invrececash": null, "defetaxassetdecr": -78272.59, "inicashbala": 210821015.41, "invcashinfl": 822338.96, "paydivicash": null, "netcashscheitse": null, "defeincoincr": null, "disptradnetincr": null, "mananetr": 79466559.22, "debtintocapi": null, "defetaxliabincr": null, "adjustdate": "20120504", "enddate": "20111231", "assedepr": 16948260.13, "biznetscheitse": null, "biznetform": null, "equfinalbala": null, "finoutfitse": null, "cashfinalbala": 215475205.83, "fixedassetnetc": 140847.49, "cashfinalitse": null, "payintecash": null, "unfiparachg": null, "loansnetr": null, "incrcashpled": null, "biznetcflow": 79466559.22, "asseimpa": -103485.95, "reducashpled": null, "invinffrom": null, "netprofit": 80827971.64, "minysharrigh": null, "equopenbala": null, "inveloss": null, "valuechgloss": null, "receinvcash": 681491.47, "bizoutfform": null, "biznetscheform": null, "finexpe": -681491.47, "intaasseamor": 1087818.77, "taxrefd": 5515246.77, "biznetitse": null, "finnetitse": null, "invinflitse": null, "subsnetc": null, "unseparachg": null, "finoutfform": null, "recefromloan": null, "netinvitse": null, "estidebts": null, "payaincr": -24054391.53, "fdsborrnetr": null, "realestadep": null, "reporttype": "100111", "dispfixedassetloss": 15232.1, "fininflitse": null, "finalcashbala": 215475205.83, "cashfinalform": null, "invoutfitse": null, "netcashitse": null, "payinvecash": null, "fixedassescraloss": null, "savinetr": null, "subsrececash": null, "accstacode": "2", "fincashoutf": 18000000.0, "charintecash": null, "finfixedasset": null, "labopayc": 215871777.44, "expiconvbd": null, "paycompgold": null, "inveretugetcash": null, "compcode": "80195268", "prepexpedecr": null, "repnetincr": null, "issbdrececash": null, "loannetr": null, "withinvgetcash": null, "invpayc": null, "debtpaycash": null, "fincashinfl": 0.0, "cashopenbala": 210821015.41, "netcashscheform": null, "begindate": "20110101", "bizoutfitse": null, "bizinflitse": null, "insnetc": null, "bankloannetincr": null, "receredu": 1834592.57, "publishdate": "20120504", "other": null, "deponetr": null, "paytax": 55029846.45, "bizinflform": null, "tradepaymnetr": null, "cashneti": 4654190.42, "accstaname": "\u65b0\u4f1a\u8ba1\u51c6\u5219", "cashnetr": 4654190.42, "invnetcashflow": -56812368.8, "netinvform": null, "finnetform": null, "payacticash": 69845895.36, "fininflform": null, "invoutfform": null}, {"laborgetcash": 125506906.47, "inveredu": 9021800.0, "unreinveloss": null, "bizcashinfl": 134677326.52, "diviprofpaycash": 18000000.0, "invcashoutf": 52165537.6, "accrexpeincr": null, "subspaynetcash": null, "finrelacash": null, "payworkcash": 17158461.97, "subspaydivid": null, "chgexchgchgs": null, "finnetcflow": -18000000.0, "receotherbizcash": 7455418.09, "longdefeexpenamor": null, "acquassetcash": 52165537.6, "recefincash": null, "inspremcash": null, "netcashform": null, "bizcashoutf": 171583402.45, "fininstnetr": null, "invrececash": null, "defetaxassetdecr": 6600.0, "inicashbala": 210821015.41, "invcashinfl": 287697.85, "paydivicash": null, "netcashscheitse": null, "defeincoincr": null, "disptradnetincr": null, "mananetr": -36906075.93, "debtintocapi": null, "defetaxliabincr": null, "adjustdate": "20120105", "enddate": "20110630", "assedepr": 8175800.0, "biznetscheitse": null, "biznetform": null, "equfinalbala": null, "finoutfitse": null, "cashfinalbala": 104037100.0, "fixedassetnetc": 1897.49, "cashfinalitse": null, "payintecash": null, "unfiparachg": null, "loansnetr": null, "incrcashpled": null, "biznetcflow": -36906100.0, "asseimpa": -126500.0, "reducashpled": null, "invinffrom": null, "netprofit": 37524100.0, "minysharrigh": null, "equopenbala": null, "inveloss": null, "valuechgloss": null, "receinvcash": 285800.36, "bizoutfform": null, "biznetscheform": null, "finexpe": -285800.0, "intaasseamor": 418500.0, "taxrefd": 1715001.96, "biznetitse": null, "finnetitse": null, "invinflitse": null, "subsnetc": null, "unseparachg": null, "finoutfform": null, "recefromloan": null, "netinvitse": null, "estidebts": null, "payaincr": -90285500.0, "fdsborrnetr": null, "realestadep": null, "reporttype": "100111", "dispfixedassetloss": null, "fininflitse": null, "finalcashbala": 104037099.73, "cashfinalform": null, "invoutfitse": null, "netcashitse": null, "payinvecash": null, "fixedassescraloss": null, "savinetr": null, "subsrececash": null, "accstacode": "2", "fincashoutf": 18000000.0, "charintecash": null, "finfixedasset": null, "labopayc": 96665855.42, "expiconvbd": null, "paycompgold": null, "inveretugetcash": null, "compcode": "80195268", "prepexpedecr": null, "repnetincr": null, "issbdrececash": null, "loannetr": null, "withinvgetcash": null, "invpayc": null, "debtpaycash": null, "fincashinfl": 0.0, "cashopenbala": 210821000.0, "netcashscheform": null, "begindate": "20110101", "bizoutfitse": null, "bizinflitse": null, "insnetc": null, "bankloannetincr": null, "receredu": -1355100.0, "publishdate": "20120105", "other": null, "deponetr": null, "paytax": 33973707.86, "bizinflform": null, "tradepaymnetr": null, "cashneti": -106783900.0, "accstaname": "\u65b0\u4f1a\u8ba1\u51c6\u5219", "cashnetr": -106783915.68, "invnetcashflow": -51877839.75, "netinvform": null, "finnetform": null, "payacticash": 23785377.2, "fininflform": null, "invoutfform": null}, {"laborgetcash": 474401296.49, "inveredu": 5629730.88, "unreinveloss": null, "bizcashinfl": 592691754.49, "diviprofpaycash": 68525471.0, "invcashoutf": 79561396.73, "accrexpeincr": null, "subspaynetcash": 45000000.0, "finrelacash": null, "payworkcash": 20464415.64, "subspaydivid": 20000000.0, "chgexchgchgs": null, "finnetcflow": -88525471.0, "receotherbizcash": 113314618.8, "longdefeexpenamor": null, "acquassetcash": 34561396.73, "recefincash": null, "inspremcash": null, "netcashform": null, "bizcashoutf": 378103219.13, "fininstnetr": null, "invrececash": null, "defetaxassetdecr": 106751.44, "inicashbala": 161847114.4, "invcashinfl": 2472233.38, "paydivicash": null, "netcashscheitse": null, "defeincoincr": null, "disptradnetincr": null, "mananetr": 214588535.36, "debtintocapi": null, "defetaxliabincr": null, "adjustdate": "20120504", "enddate": "20101231", "assedepr": 12113965.11, "biznetscheitse": null, "biznetform": null, "equfinalbala": null, "finoutfitse": null, "cashfinalbala": 210821015.41, "fixedassetnetc": null, "cashfinalitse": null, "payintecash": null, "unfiparachg": null, "loansnetr": null, "incrcashpled": null, "biznetcflow": 214588535.36, "asseimpa": -766202.43, "reducashpled": null, "invinffrom": null, "netprofit": 62606817.68, "minysharrigh": null, "equopenbala": null, "inveloss": null, "valuechgloss": null, "receinvcash": 2472233.38, "bizoutfform": null, "biznetscheform": null, "finexpe": -1461428.38, "intaasseamor": 350025.3, "taxrefd": 4975839.2, "biznetitse": null, "finnetitse": null, "invinflitse": null, "subsnetc": null, "unseparachg": null, "finoutfform": null, "recefromloan": 60000000.0, "netinvitse": null, "estidebts": null, "payaincr": 23730819.04, "fdsborrnetr": null, "realestadep": null, "reporttype": "100111", "dispfixedassetloss": null, "fininflitse": null, "finalcashbala": 210821015.41, "cashfinalform": null, "invoutfitse": null, "netcashitse": null, "payinvecash": null, "fixedassescraloss": null, "savinetr": null, "subsrececash": null, "accstacode": "2", "fincashoutf": 148525471.0, "charintecash": null, "finfixedasset": null, "labopayc": 222307523.15, "expiconvbd": null, "paycompgold": null, "inveretugetcash": null, "compcode": "80195268", "prepexpedecr": null, "repnetincr": null, "issbdrececash": null, "loannetr": null, "withinvgetcash": null, "invpayc": null, "debtpaycash": 80000000.0, "fincashinfl": 60000000.0, "cashopenbala": 161847114.4, "netcashscheform": null, "begindate": "20100101", "bizoutfitse": null, "bizinflitse": null, "insnetc": null, "bankloannetincr": null, "receredu": 91895050.13, "publishdate": "20120504", "other": 20383006.59, "deponetr": null, "paytax": 49470388.44, "bizinflform": null, "tradepaymnetr": null, "cashneti": 48973901.01, "accstaname": "\u65b0\u4f1a\u8ba1\u51c6\u5219", "cashnetr": 48973901.01, "invnetcashflow": -77089163.35, "netinvform": null, "finnetform": null, "payacticash": 85860891.9, "fininflform": null, "invoutfform": null}, {"laborgetcash": 423003460.41, "inveredu": 1764797.51, "unreinveloss": null, "bizcashinfl": 448532754.68, "diviprofpaycash": 2865150.0, "invcashoutf": 25441760.34, "accrexpeincr": null, "subspaynetcash": null, "finrelacash": null, "payworkcash": 17304359.16, "subspaydivid": null, "chgexchgchgs": null, "finnetcflow": -12865150.0, "receotherbizcash": 20091928.86, "longdefeexpenamor": null, "acquassetcash": 25441760.34, "recefincash": null, "inspremcash": null, "netcashform": null, "bizcashoutf": 309984622.04, "fininstnetr": null, "invrececash": null, "defetaxassetdecr": 15475.14, "inicashbala": 59998452.75, "invcashinfl": 1607439.35, "paydivicash": null, "netcashscheitse": null, "defeincoincr": null, "disptradnetincr": null, "mananetr": 138548132.64, "debtintocapi": null, "defetaxliabincr": null, "adjustdate": "20120504", "enddate": "20091231", "assedepr": 9354720.41, "biznetscheitse": null, "biznetform": null, "equfinalbala": null, "finoutfitse": null, "cashfinalbala": 161847114.4, "fixedassetnetc": 117692.31, "cashfinalitse": null, "payintecash": null, "unfiparachg": null, "loansnetr": null, "incrcashpled": null, "biznetcflow": 138548132.64, "asseimpa": 873277.32, "reducashpled": null, "invinffrom": null, "netprofit": 86112763.23, "minysharrigh": null, "equopenbala": null, "inveloss": null, "valuechgloss": null, "receinvcash": 1489747.04, "bizoutfform": null, "biznetscheform": null, "finexpe": -625697.04, "intaasseamor": 320468.89, "taxrefd": 5437365.41, "biznetitse": null, "finnetitse": null, "invinflitse": null, "subsnetc": null, "unseparachg": null, "finoutfform": null, "recefromloan": 50000000.0, "netinvitse": null, "estidebts": null, "payaincr": 60039432.75, "fdsborrnetr": null, "realestadep": null, "reporttype": "100111", "dispfixedassetloss": 251992.69, "fininflitse": null, "finalcashbala": 161847114.4, "cashfinalform": null, "invoutfitse": null, "netcashitse": null, "payinvecash": null, "fixedassescraloss": null, "savinetr": null, "subsrececash": null, "accstacode": "2", "fincashoutf": 62865150.0, "charintecash": null, "finfixedasset": null, "labopayc": 162266700.33, "expiconvbd": null, "paycompgold": null, "inveretugetcash": null, "compcode": "80195268", "prepexpedecr": null, "repnetincr": null, "issbdrececash": null, "loannetr": null, "withinvgetcash": null, "invpayc": null, "debtpaycash": 60000000.0, "fincashinfl": 50000000.0, "cashopenbala": 59998452.75, "netcashscheform": null, "begindate": "20090101", "bizoutfitse": null, "bizinflitse": null, "insnetc": null, "bankloannetincr": null, "receredu": -19559098.26, "publishdate": "20120504", "other": null, "deponetr": null, "paytax": 51416259.14, "bizinflform": null, "tradepaymnetr": null, "cashneti": 101848661.65, "accstaname": "\u65b0\u4f1a\u8ba1\u51c6\u5219", "cashnetr": 101848661.65, "invnetcashflow": -23834320.99, "netinvform": null, "finnetform": null, "payacticash": 78997303.41, "fininflform": null, "invoutfform": null}, {"laborgetcash": 300566111.74, "inveredu": -18603400.0, "unreinveloss": null, "bizcashinfl": 328204188.45, "diviprofpaycash": 2465533.0, "invcashoutf": 54586960.17, "accrexpeincr": null, "subspaynetcash": null, "finrelacash": null, "payworkcash": 12183809.62, "subspaydivid": null, "chgexchgchgs": null, "finnetcflow": -1465533.0, "receotherbizcash": 22510487.54, "longdefeexpenamor": null, "acquassetcash": 54586960.17, "recefincash": null, "inspremcash": null, "netcashform": null, "bizcashoutf": 256966868.85, "fininstnetr": null, "invrececash": 5000000.0, "defetaxassetdecr": -278300.0, "inicashbala": 44119126.04, "invcashinfl": 694500.28, "paydivicash": null, "netcashscheitse": -100.0, "defeincoincr": null, "disptradnetincr": null, "mananetr": 71237319.6, "debtintocapi": null, "defetaxliabincr": null, "adjustdate": "20120105", "enddate": "20081231", "assedepr": 6117000.0, "biznetscheitse": -100.0, "biznetform": null, "equfinalbala": null, "finoutfitse": null, "cashfinalbala": 59998500.0, "fixedassetnetc": null, "cashfinalitse": null, "payintecash": null, "unfiparachg": null, "loansnetr": null, "incrcashpled": null, "biznetcflow": 71237300.0, "asseimpa": -1338000.0, "reducashpled": null, "invinffrom": null, "netprofit": 62853800.0, "minysharrigh": null, "equopenbala": null, "inveloss": null, "valuechgloss": null, "receinvcash": 694500.28, "bizoutfform": null, "biznetscheform": null, "finexpe": 1765400.0, "intaasseamor": 319000.0, "taxrefd": 5127589.17, "biznetitse": null, "finnetitse": null, "invinflitse": null, "subsnetc": null, "unseparachg": null, "finoutfform": null, "recefromloan": 160000000.0, "netinvitse": null, "estidebts": null, "payaincr": -5854000.0, "fdsborrnetr": null, "realestadep": null, "reporttype": "100111", "dispfixedassetloss": null, "fininflitse": null, "finalcashbala": 59998452.75, "cashfinalform": null, "invoutfitse": null, "netcashitse": null, "payinvecash": null, "fixedassescraloss": null, "savinetr": null, "subsrececash": null, "accstacode": "2", "fincashoutf": 166465533.0, "charintecash": null, "finfixedasset": null, "labopayc": 157129410.93, "expiconvbd": null, "paycompgold": null, "inveretugetcash": null, "compcode": "80195268", "prepexpedecr": null, "repnetincr": null, "issbdrececash": null, "loannetr": null, "withinvgetcash": null, "invpayc": null, "debtpaycash": 164000000.0, "fincashinfl": 165000000.0, "cashopenbala": 44119100.0, "netcashscheform": null, "begindate": "20080101", "bizoutfitse": null, "bizinflitse": null, "insnetc": null, "bankloannetincr": null, "receredu": 26255900.0, "publishdate": "20120105", "other": null, "deponetr": null, "paytax": 28374603.55, "bizinflform": null, "tradepaymnetr": null, "cashneti": 15879300.0, "accstaname": "\u65b0\u4f1a\u8ba1\u51c6\u5219", "cashnetr": 15879326.71, "invnetcashflow": -53892459.89, "netinvform": null, "finnetform": null, "payacticash": 59279044.75, "fininflform": null, "invoutfform": null}], "comptype": 4, "name": "\u6d59\u6c5f\u7f8e\u5927"}