{"list":[{"bonusimpdate":"20170517","bonusyear":"2016","cur":"人民币","bonusskratio":null,"tranaddskraio":null,"recorddate":"20170522","exrightdate":"20170523","cdividend":1.1,"fdividendbh":0.0,"tranaddsklistdate":null,"bonussklistdate":null,"tranaddskaccday":null,"bonusskaccday":null,"symbol":null,"secode":"2010001292","divitype":"A","taxfdividendbh":0.0,"taxcdividend":1.1,"divibegdate":"20170523","summarize":"10派1.1"},{"bonusimpdate":"20130418","bonusyear":"2012","cur":"人民币","bonusskratio":null,"tranaddskraio":null,"recorddate":"20130425","exrightdate":"20130426","cdividend":2.0,"fdividendbh":0.0,"tranaddsklistdate":null,"bonussklistdate":null,"tranaddskaccday":null,"bonusskaccday":null,"symbol":null,"secode":"2010001292","divitype":"A","taxfdividendbh":0.0,"taxcdividend":1.9,"divibegdate":"20130426","summarize":"10派2"},{"bonusimpdate":"20020619","bonusyear":"2001","cur":"人民币","bonusskratio":null,"tranaddskraio":null,"recorddate":"20020626","exrightdate":"20020627","cdividend":3.0,"fdividendbh":0.0,"tranaddsklistdate":null,"bonussklistdate":null,"tranaddskaccday":null,"bonusskaccday":null,"symbol":null,"secode":"2010001292","divitype":"A","taxfdividendbh":0.0,"taxcdividend":2.4,"divibegdate":"20020627","summarize":"10派3"},{"bonusimpdate":"20010612","bonusyear":"2000","cur":"人民币","bonusskratio":null,"tranaddskraio":null,"recorddate":"20010619","exrightdate":"20010620","cdividend":2.0,"fdividendbh":0.0,"tranaddsklistdate":null,"bonussklistdate":null,"tranaddskaccday":null,"bonusskaccday":null,"symbol":null,"secode":"2010001292","divitype":"A","taxfdividendbh":0.0,"taxcdividend":1.6,"divibegdate":"20010621","summarize":"10派2"},{"bonusimpdate":"20000610","bonusyear":"1999","cur":"人民币","bonusskratio":null,"tranaddskraio":null,"recorddate":"20000616","exrightdate":"20000619","cdividend":4.0,"fdividendbh":0.0,"tranaddsklistdate":null,"bonussklistdate":null,"tranaddskaccday":null,"bonusskaccday":null,"symbol":null,"secode":"2010001292","divitype":"A","taxfdividendbh":0.0,"taxcdividend":3.2,"divibegdate":"20000620","summarize":"10派4"},{"bonusimpdate":"19980507","bonusyear":"1997","cur":"人民币","bonusskratio":5.0,"tranaddskraio":null,"recorddate":"19980518","exrightdate":"19980519","cdividend":1.25,"fdividendbh":0.0,"tranaddsklistdate":null,"bonussklistdate":"19980521","tranaddskaccday":null,"bonusskaccday":"19980521","symbol":null,"secode":"2010001292","divitype":"AB","taxfdividendbh":0.0,"taxcdividend":0.0,"divibegdate":"19980521","summarize":"10送5派1.25"}]}