{"SZ000799":{"symbol":"SZ000799","exchange":"SZ","code":"000799","name":"酒鬼酒","current":"23.81","percentage":"-2.46","change":"-0.60","open":"24.3","high":"24.3","low":"23.56","close":"23.81","last_close":"24.41","high52week":"32.25","low52week":"16.24","volume":"6190044.0","lot_volume":"61900.44","volumeAverage":"12324789","marketCapital":"7.7365590138E9","eps":"0.54","pe_ttm":"43.933","pe_lyr":"43.933","beta":"0.0","totalShares":"324928980","time":"Tue Mar 20 15:04:03 +0800 2018","afterHours":"0.0","afterHoursPct":"0.0","afterHoursChg":"0.0","updateAt":"1510121125776","dividend":"0.11","yield":"0.46","turnover_rate":"1.91%","instOwn":"0.0","rise_stop":"26.85","fall_stop":"21.97","currency_unit":"CNY","amount":"1.4739067908E8","net_assets":"6.1727","hasexist":"","has_warrant":"0","type":"11","flag":"1","rest_day":"","amplitude":"3.03%","market_status":"已收盘","lot_size":"100","min_order_quantity":"0","max_order_quantity":"0","tick_size":"0.01","variable_tick_size":"","kzz_stock_symbol":"","kzz_stock_name":"","kzz_stock_current":"0.0","kzz_convert_price":"0.0","kzz_covert_value":"0.0","kzz_cpr":"0.0","kzz_putback_price":"0.0","kzz_convert_time":"","kzz_redempt_price":"0.0","kzz_straight_price":"0.0","kzz_stock_percent":"","pb":"3.86","benefit_before_tax":"0.0","benefit_after_tax":"0.0","convert_bond_ratio":"","totalissuescale":"","outstandingamt":"","maturitydate":"","remain_year":"","convertrate":"0.0","interestrtmemo":"","release_date":"","circulation":"0.0","par_value":"0.0","due_time":"0.0","value_date":"","due_date":"","publisher":"","redeem_type":"F","issue_type":"3","bond_type":"","warrant":"","sale_rrg":"","rate":"","after_hour_vol":"0","float_shares":"324918679","float_market_capital":"7.73631374699E9","disnext_pay_date":"","convert_rate":"0.0","volume_ratio":"0.73","percent5m":"0.0","pankou_ratio":"53.57%","psr":"8.8082"}}