{"SZ002543":{"symbol":"SZ002543","exchange":"SZ","code":"002543","name":"万和电气","current":"20.69","percentage":"1.42","change":"0.29","open":"20.26","high":"20.75","low":"20.21","close":"20.69","last_close":"20.4","high52week":"26.59","low52week":"15.15","volume":"854016.0","lot_volume":"8540.16","volumeAverage":"11243993","marketCapital":"9.1036E9","eps":"0.63","pe_ttm":"22.0681","pe_lyr":"21.1138","beta":"0.0","totalShares":"440000000","time":"Tue Nov 28 14:18:18 +0800 2017","afterHours":"0.0","afterHoursPct":"0.0","afterHoursChg":"0.0","afterHoursTime":"Wed Oct 19 21:59:01 -0400 2011","updateAt":"1510207575001","dividend":"1.23","yield":"6.03","turnover_rate":"0.23%","instOwn":"0.0","rise_stop":"22.44","fall_stop":"18.36","currency_unit":"CNY","amount":"1.7532659E7","net_assets":"6.5398","hasexist":"","has_warrant":"0","type":"11","flag":"1","rest_day":"","amplitude":"2.65%","market_status":"交易中","lot_size":"100","min_order_quantity":"0","max_order_quantity":"0","tick_size":"0.01","variable_tick_size":"","kzz_stock_symbol":"","kzz_stock_name":"","kzz_stock_current":"0.0","kzz_convert_price":"0.0","kzz_covert_value":"0.0","kzz_cpr":"0.0","kzz_putback_price":"0.0","kzz_convert_time":"","kzz_redempt_price":"0.0","kzz_straight_price":"0.0","kzz_stock_percent":"","pb":"3.16","benefit_before_tax":"0.0","benefit_after_tax":"0.0","convert_bond_ratio":"","totalissuescale":"","outstandingamt":"","maturitydate":"","remain_year":"","convertrate":"0.0","interestrtmemo":"","release_date":"","circulation":"0.0","par_value":"0.0","due_time":"0.0","value_date":"","due_date":"","publisher":"","redeem_type":"F","issue_type":"","bond_type":"","warrant":"","sale_rrg":"","rate":"","after_hour_vol":"0","float_shares":"373277750","float_market_capital":"7.7231166475E9","disnext_pay_date":"","convert_rate":"0.0","volume_ratio":"0.64","percent5m":"-0.05","pankou_ratio":"23.54%","psr":"1.4557"}}