{"SZ002543":{"symbol":"SZ002543","exchange":"SZ","code":"002543","name":"万和电气","current":"23.89","percentage":"1.1","change":"0.26","open":"23.74","high":"23.95","low":"23.31","close":"23.89","last_close":"23.63","high52week":"26.59","low52week":"18.3","volume":"2137910.0","lot_volume":"21379.1","volumeAverage":"11243993","marketCapital":"1.05116E10","eps":"0.63","pe_ttm":"25.91","pe_lyr":"25.91","beta":"0.0","totalShares":"440000000","time":"Fri Mar 09 15:04:03 +0800 2018","afterHours":"0.0","afterHoursPct":"0.0","afterHoursChg":"0.0","afterHoursTime":"Wed Oct 19 21:59:01 -0400 2011","updateAt":"1510207575001","dividend":"0.73","yield":"3.06","turnover_rate":"0.57%","instOwn":"0.0","rise_stop":"25.99","fall_stop":"21.27","currency_unit":"CNY","amount":"5.065437888E7","net_assets":"6.5398","hasexist":"","has_warrant":"0","type":"11","flag":"1","rest_day":"","amplitude":"2.71%","market_status":"休市","lot_size":"100","min_order_quantity":"0","max_order_quantity":"0","tick_size":"0.01","variable_tick_size":"","kzz_stock_symbol":"","kzz_stock_name":"","kzz_stock_current":"0.0","kzz_convert_price":"0.0","kzz_covert_value":"0.0","kzz_cpr":"0.0","kzz_putback_price":"0.0","kzz_convert_time":"","kzz_redempt_price":"0.0","kzz_straight_price":"0.0","kzz_stock_percent":"","pb":"3.65","benefit_before_tax":"0.0","benefit_after_tax":"0.0","convert_bond_ratio":"","totalissuescale":"","outstandingamt":"","maturitydate":"","remain_year":"","convertrate":"0.0","interestrtmemo":"","release_date":"","circulation":"0.0","par_value":"0.0","due_time":"0.0","value_date":"","due_date":"","publisher":"","redeem_type":"F","issue_type":"","bond_type":"","warrant":"","sale_rrg":"","rate":"","after_hour_vol":"0","float_shares":"373277750","float_market_capital":"8.9176054475E9","disnext_pay_date":"","convert_rate":"0.0","volume_ratio":"0.96","percent5m":"0.0","pankou_ratio":"13.73%","psr":"1.7047"}}