{"list": [{"nonoreve": 555975.0, "unreinveloss": null, "capitalreserve": null, "inteinco": null, "profreturninvest": null, "avaidistshareprof": null, "preferredskdiv": null, "welfare": null, "minysharrigh": null, "otherbizprof": null, "biztotincoitse": null, "capitalizeddivi": null, "realsale": null, "subsidyincome": null, "adjustdate": "20171027", "netpro1itse": null, "enddate": "20170930", "otherdistprof": null, "operprofform": null, "legalsurp": null, "netpro2form": null, "parecompincoamt": 23313689.95, "realsalecost": null, "contress": null, "pounexpe": null, "noncassetsdisl": null, "parenetp": 26297587.07, "parecompinco": -2983897.12, "accpolicychg": null, "surrgold": null, "custinco": null, "netprofit": 26297587.07, "proftotform": null, "dilutedeps": 0.22, "valuechgloss": null, "reservefund": null, "asseimpaloss": 277837.21, "finexpe": -3559227.75, "compnetexpe": null, "biztotincoform": null, "debtrestruloss": null, "earnprem": null, "nonoexpe": 134598.23, "assoinveprof": null, "minysharinco": null, "otherbizcost": null, "supplycurcap": null, "basiceps": 0.22, "biztotcostform": null, "inteexpe": null, "inveinco": 2580279.29, "freesurplu": null, "otherbizinco": null, "totprofit": 31379741.69, "accstacode": "2", "developfund": null, "exchggain": null, "mergeformnetprof": null, "compcode": "80284578", "pouninco": null, "netpro2itse": null, "incotaxexpe": 5082154.62, "othercompinco": -2983897.12, "biztotcost": 153631237.09, "undisprofit": null, "biztax": 2621519.56, "accestimatechg": null, "bizprofitse": null, "netpro1form": null, "manaexpe": 16887678.93, "dealwithdivi": null, "selldepartgain": null, "deveexpe": null, "begindate": "20170101", "compincoamt": 23313689.95, "proftotitse": null, "undisprofredu": null, "otherinto": null, "publishdate": "20171027", "futuloss": null, "staffaward": null, "perprofit": 30958364.92, "salesexpe": 18787759.87, "bizinco": 182009322.72, "biztotcostitse": null, "minysharincoamt": null, "accstaname": "\u65b0\u4f1a\u8ba1\u51c6\u5219", "reporttype": "100111", "earlyundiprof": null, "bizcost": 118615669.27, "polidiviexpe": null, "reinexpe": null, "biztotinco": 182009322.72, "othersupply": null, "natudisasterloss": null}, {"nonoreve": 555975.0, "unreinveloss": null, "capitalreserve": null, "inteinco": null, "profreturninvest": null, "avaidistshareprof": null, "preferredskdiv": null, "welfare": null, "minysharrigh": null, "otherbizprof": null, "biztotincoitse": null, "capitalizeddivi": null, "realsale": null, "subsidyincome": null, "adjustdate": "20170823", "netpro1itse": null, "enddate": "20170630", "otherdistprof": null, "operprofform": null, "legalsurp": null, "netpro2form": null, "parecompincoamt": 15214346.75, "realsalecost": null, "contress": null, "pounexpe": null, "noncassetsdisl": null, "parenetp": 16994589.48, "parecompinco": null, "accpolicychg": null, "surrgold": null, "custinco": null, "netprofit": 16994589.48, "proftotform": null, "dilutedeps": 0.14, "valuechgloss": null, "reservefund": null, "asseimpaloss": 140187.72, "finexpe": -2109752.07, "compnetexpe": null, "biztotincoform": null, "debtrestruloss": null, "earnprem": null, "nonoexpe": 93771.65, "assoinveprof": null, "minysharinco": null, "otherbizcost": null, "supplycurcap": null, "basiceps": 0.14, "biztotcostform": null, "inteexpe": null, "inveinco": 1256072.64, "freesurplu": null, "otherbizinco": null, "totprofit": 20476408.06, "accstacode": "2", "developfund": null, "exchggain": null, "mergeformnetprof": null, "compcode": "80284578", "pouninco": null, "netpro2itse": null, "incotaxexpe": 3481818.58, "othercompinco": -1780242.73, "biztotcost": 95506466.12, "undisprofit": null, "biztax": 1717007.23, "accestimatechg": null, "bizprofitse": null, "netpro1form": null, "manaexpe": 11488475.81, "dealwithdivi": null, "selldepartgain": null, "deveexpe": null, "begindate": "20170101", "compincoamt": 15214346.75, "proftotitse": null, "undisprofredu": null, "otherinto": null, "publishdate": "20170823", "futuloss": null, "staffaward": null, "perprofit": 20014204.71, "salesexpe": 9546203.28, "bizinco": 114264598.19, "biztotcostitse": null, "minysharincoamt": null, "accstaname": "\u65b0\u4f1a\u8ba1\u51c6\u5219", "reporttype": "100111", "earlyundiprof": null, "bizcost": 74724344.15, "polidiviexpe": null, "reinexpe": null, "biztotinco": 114264598.19, "othersupply": null, "natudisasterloss": null}, {"nonoreve": 550000.0, "unreinveloss": null, "capitalreserve": null, "inteinco": null, "profreturninvest": null, "avaidistshareprof": null, "preferredskdiv": null, "welfare": null, "minysharrigh": null, "otherbizprof": null, "biztotincoitse": null, "capitalizeddivi": null, "realsale": null, "subsidyincome": null, "adjustdate": "20170428", "netpro1itse": null, "enddate": "20170331", "otherdistprof": null, "operprofform": null, "legalsurp": null, "netpro2form": null, "parecompincoamt": null, "realsalecost": null, "contress": null, "pounexpe": null, "noncassetsdisl": null, "parenetp": 9935353.02, "parecompinco": -453168.67, "accpolicychg": null, "surrgold": null, "custinco": null, "netprofit": 9935353.02, "proftotform": null, "dilutedeps": 0.08, "valuechgloss": null, "reservefund": null, "asseimpaloss": 264461.45, "finexpe": -1117858.19, "compnetexpe": null, "biztotincoform": null, "debtrestruloss": null, "earnprem": null, "nonoexpe": 8410.93, "assoinveprof": null, "minysharinco": null, "otherbizcost": null, "supplycurcap": null, "basiceps": 0.08, "biztotcostform": null, "inteexpe": null, "inveinco": 520935.65, "freesurplu": null, "otherbizinco": null, "totprofit": 12000942.83, "accstacode": "2", "developfund": null, "exchggain": null, "mergeformnetprof": null, "compcode": "80284578", "pouninco": null, "netpro2itse": null, "incotaxexpe": 2065589.81, "othercompinco": -453168.67, "biztotcost": 46567858.49, "undisprofit": null, "biztax": 788637.91, "accestimatechg": null, "bizprofitse": null, "netpro1form": null, "manaexpe": 6052950.36, "dealwithdivi": null, "selldepartgain": null, "deveexpe": null, "begindate": "20170101", "compincoamt": 9482184.35, "proftotitse": null, "undisprofredu": null, "otherinto": null, "publishdate": "20170428", "futuloss": null, "staffaward": null, "perprofit": 11459353.76, "salesexpe": 3247081.89, "bizinco": 57506276.6, "biztotcostitse": null, "minysharincoamt": null, "accstaname": "\u65b0\u4f1a\u8ba1\u51c6\u5219", "reporttype": "100111", "earlyundiprof": null, "bizcost": 37332585.07, "polidiviexpe": null, "reinexpe": null, "biztotinco": 57506276.6, "othersupply": null, "natudisasterloss": null}, {"nonoreve": 1418562.19, "unreinveloss": null, "capitalreserve": null, "inteinco": null, "profreturninvest": null, "avaidistshareprof": null, "preferredskdiv": null, "welfare": null, "minysharrigh": null, "otherbizprof": null, "biztotincoitse": null, "capitalizeddivi": null, "realsale": null, "subsidyincome": null, "adjustdate": "20170417", "netpro1itse": null, "enddate": "20161231", "otherdistprof": null, "operprofform": null, "legalsurp": null, "netpro2form": null, "parecompincoamt": 44370028.97, "realsalecost": null, "contress": null, "pounexpe": null, "noncassetsdisl": null, "parenetp": 40795696.54, "parecompinco": 3574332.43, "accpolicychg": null, "surrgold": null, "custinco": null, "netprofit": 40795696.54, "proftotform": null, "dilutedeps": 0.34, "valuechgloss": null, "reservefund": null, "asseimpaloss": -61505.39, "finexpe": -5032580.89, "compnetexpe": null, "biztotincoform": null, "debtrestruloss": null, "earnprem": null, "nonoexpe": 94967.03, "assoinveprof": null, "minysharinco": null, "otherbizcost": null, "supplycurcap": null, "basiceps": 0.34, "biztotcostform": null, "inteexpe": null, "inveinco": 1157534.25, "freesurplu": null, "otherbizinco": null, "totprofit": 46929178.49, "accstacode": "2", "developfund": null, "exchggain": null, "mergeformnetprof": null, "compcode": "80284578", "pouninco": null, "netpro2itse": null, "incotaxexpe": 6133481.95, "othercompinco": 3574332.43, "biztotcost": 214295793.73, "undisprofit": null, "biztax": 2587865.89, "accestimatechg": null, "bizprofitse": null, "netpro1form": null, "manaexpe": 25943999.67, "dealwithdivi": null, "selldepartgain": null, "deveexpe": null, "begindate": "20160101", "compincoamt": 44370028.97, "proftotitse": null, "undisprofredu": null, "otherinto": null, "publishdate": "20170417", "futuloss": null, "staffaward": null, "perprofit": 45605583.33, "salesexpe": 24499411.66, "bizinco": 258743842.81, "biztotcostitse": null, "minysharincoamt": null, "accstaname": "\u65b0\u4f1a\u8ba1\u51c6\u5219", "reporttype": "100111", "earlyundiprof": null, "bizcost": 166358602.79, "polidiviexpe": null, "reinexpe": null, "biztotinco": 258743842.81, "othersupply": null, "natudisasterloss": null}, {"nonoreve": 1416562.19, "unreinveloss": null, "capitalreserve": null, "inteinco": null, "profreturninvest": null, "avaidistshareprof": null, "preferredskdiv": null, "welfare": null, "minysharrigh": null, "otherbizprof": null, "biztotincoitse": null, "capitalizeddivi": null, "realsale": null, "subsidyincome": null, "adjustdate": "20161027", "netpro1itse": null, "enddate": "20160930", "otherdistprof": null, "operprofform": null, "legalsurp": null, "netpro2form": null, "parecompincoamt": 31018188.47, "realsalecost": null, "contress": null, "pounexpe": null, "noncassetsdisl": null, "parenetp": 29709899.16, "parecompinco": 1308289.31, "accpolicychg": null, "surrgold": null, "custinco": null, "netprofit": 29709899.16, "proftotform": null, "dilutedeps": 0.25, "valuechgloss": null, "reservefund": null, "asseimpaloss": 60973.5, "finexpe": -2519190.95, "compnetexpe": null, "biztotincoform": null, "debtrestruloss": null, "earnprem": null, "nonoexpe": 71612.0, "assoinveprof": null, "minysharinco": null, "otherbizcost": null, "supplycurcap": null, "basiceps": 0.25, "biztotcostform": null, "inteexpe": null, "inveinco": 929041.1, "freesurplu": null, "otherbizinco": null, "totprofit": 34759265.04, "accstacode": "2", "developfund": null, "exchggain": null, "mergeformnetprof": null, "compcode": "80284578", "pouninco": null, "netpro2itse": null, "incotaxexpe": 5049365.88, "othercompinco": 1308289.31, "biztotcost": 154551842.5, "undisprofit": null, "biztax": 1412738.81, "accestimatechg": null, "bizprofitse": null, "netpro1form": null, "manaexpe": 18960592.89, "dealwithdivi": null, "selldepartgain": null, "deveexpe": null, "begindate": "20160101", "compincoamt": 31018188.47, "proftotitse": null, "undisprofredu": null, "otherinto": null, "publishdate": "20161027", "futuloss": null, "staffaward": null, "perprofit": 33414314.85, "salesexpe": 16187023.25, "bizinco": 187037116.25, "biztotcostitse": null, "minysharincoamt": null, "accstaname": "\u65b0\u4f1a\u8ba1\u51c6\u5219", "reporttype": "100111", "earlyundiprof": null, "bizcost": 120449705.0, "polidiviexpe": null, "reinexpe": null, "biztotinco": 187037116.25, "othersupply": null, "natudisasterloss": null}, {"nonoreve": 209976.73, "unreinveloss": null, "capitalreserve": null, "inteinco": null, "profreturninvest": null, "avaidistshareprof": null, "preferredskdiv": null, "welfare": null, "minysharrigh": null, "otherbizprof": null, "biztotincoitse": null, "capitalizeddivi": null, "realsale": null, "subsidyincome": null, "adjustdate": "20160823", "netpro1itse": null, "enddate": "20160630", "otherdistprof": null, "operprofform": null, "legalsurp": null, "netpro2form": null, "parecompincoamt": 20047564.66, "realsalecost": null, "contress": null, "pounexpe": null, "noncassetsdisl": null, "parenetp": 19166100.38, "parecompinco": null, "accpolicychg": null, "surrgold": null, "custinco": null, "netprofit": 19166100.38, "proftotform": null, "dilutedeps": 0.16, "valuechgloss": null, "reservefund": null, "asseimpaloss": 167241.56, "finexpe": -1632009.94, "compnetexpe": null, "biztotincoform": null, "debtrestruloss": null, "earnprem": null, "nonoexpe": 1420.0, "assoinveprof": null, "minysharinco": null, "otherbizcost": null, "supplycurcap": null, "basiceps": 0.16, "biztotcostform": null, "inteexpe": null, "inveinco": 667972.61, "freesurplu": null, "otherbizinco": null, "totprofit": 22530525.94, "accstacode": "2", "developfund": null, "exchggain": null, "mergeformnetprof": null, "compcode": "80284578", "pouninco": null, "netpro2itse": null, "incotaxexpe": 3364425.56, "othercompinco": 881464.28, "biztotcost": 106151879.23, "undisprofit": null, "biztax": 1005881.42, "accestimatechg": null, "bizprofitse": null, "netpro1form": null, "manaexpe": 13060334.64, "dealwithdivi": null, "selldepartgain": null, "deveexpe": null, "begindate": "20160101", "compincoamt": 20047564.66, "proftotitse": null, "undisprofredu": null, "otherinto": null, "publishdate": "20160823", "futuloss": null, "staffaward": null, "perprofit": 22321969.21, "salesexpe": 10161918.51, "bizinco": 127805875.83, "biztotcostitse": null, "minysharincoamt": null, "accstaname": "\u65b0\u4f1a\u8ba1\u51c6\u5219", "reporttype": "100111", "earlyundiprof": null, "bizcost": 83388513.04, "polidiviexpe": null, "reinexpe": null, "biztotinco": 127805875.83, "othersupply": null, "natudisasterloss": null}, {"nonoreve": 209976.73, "unreinveloss": null, "capitalreserve": null, "inteinco": null, "profreturninvest": null, "avaidistshareprof": null, "preferredskdiv": null, "welfare": null, "minysharrigh": 0.0, "otherbizprof": null, "biztotincoitse": null, "capitalizeddivi": null, "realsale": null, "subsidyincome": null, "adjustdate": "20160420", "netpro1itse": null, "enddate": "20160331", "otherdistprof": null, "operprofform": null, "legalsurp": null, "netpro2form": null, "parecompincoamt": 8516637.9, "realsalecost": null, "contress": null, "pounexpe": null, "noncassetsdisl": null, "parenetp": 9104778.81, "parecompinco": -588140.91, "accpolicychg": null, "surrgold": null, "custinco": null, "netprofit": 9104778.81, "proftotform": null, "dilutedeps": 0.08, "valuechgloss": 0.0, "reservefund": null, "asseimpaloss": 174935.32, "finexpe": -936574.78, "compnetexpe": null, "biztotincoform": null, "debtrestruloss": null, "earnprem": null, "nonoexpe": 850.0, "assoinveprof": 0.0, "minysharinco": null, "otherbizcost": null, "supplycurcap": null, "basiceps": 0.08, "biztotcostform": null, "inteexpe": null, "inveinco": 242136.99, "freesurplu": null, "otherbizinco": null, "totprofit": 10638539.68, "accstacode": "2", "developfund": null, "exchggain": null, "mergeformnetprof": null, "compcode": "80284578", "pouninco": null, "netpro2itse": null, "incotaxexpe": 1533760.87, "othercompinco": -588140.91, "biztotcost": 46933229.65, "undisprofit": null, "biztax": 279193.97, "accestimatechg": null, "bizprofitse": null, "netpro1form": null, "manaexpe": 5563056.45, "dealwithdivi": null, "selldepartgain": null, "deveexpe": null, "begindate": "20160101", "compincoamt": 8516637.9, "proftotitse": null, "undisprofredu": null, "otherinto": null, "publishdate": "20160420", "futuloss": null, "staffaward": null, "perprofit": 10429412.95, "salesexpe": 3128314.04, "bizinco": 57120505.61, "biztotcostitse": null, "minysharincoamt": 0.0, "accstaname": "\u65b0\u4f1a\u8ba1\u51c6\u5219", "reporttype": "100111", "earlyundiprof": null, "bizcost": 38724304.65, "polidiviexpe": null, "reinexpe": null, "biztotinco": 57120505.61, "othersupply": null, "natudisasterloss": null}, {"nonoreve": 3675000.0, "unreinveloss": null, "capitalreserve": null, "inteinco": null, "profreturninvest": null, "avaidistshareprof": null, "preferredskdiv": null, "welfare": null, "minysharrigh": null, "otherbizprof": null, "biztotincoitse": null, "capitalizeddivi": null, "realsale": null, "subsidyincome": null, "adjustdate": "20160419", "netpro1itse": null, "enddate": "20151231", "otherdistprof": null, "operprofform": null, "legalsurp": null, "netpro2form": null, "parecompincoamt": 53990844.38, "realsalecost": null, "contress": null, "pounexpe": null, "noncassetsdisl": 805.0, "parenetp": 53163545.67, "parecompinco": 827298.71, "accpolicychg": null, "surrgold": null, "custinco": null, "netprofit": 53163545.67, "proftotform": null, "dilutedeps": 0.59, "valuechgloss": null, "reservefund": null, "asseimpaloss": 56689.61, "finexpe": -3269794.15, "compnetexpe": null, "biztotincoform": null, "debtrestruloss": null, "earnprem": null, "nonoexpe": 844490.46, "assoinveprof": null, "minysharinco": null, "otherbizcost": null, "supplycurcap": null, "basiceps": 0.59, "biztotcostform": null, "inteexpe": null, "inveinco": null, "freesurplu": null, "otherbizinco": null, "totprofit": 61881139.21, "accstacode": "2", "developfund": null, "exchggain": null, "mergeformnetprof": null, "compcode": "80284578", "pouninco": null, "netpro2itse": null, "incotaxexpe": 8717593.54, "othercompinco": 827298.71, "biztotcost": 207085479.44, "undisprofit": null, "biztax": 2332980.38, "accestimatechg": null, "bizprofitse": null, "netpro1form": null, "manaexpe": 26439863.55, "dealwithdivi": null, "selldepartgain": null, "deveexpe": null, "begindate": "20150101", "compincoamt": 53990844.38, "proftotitse": null, "undisprofredu": null, "otherinto": null, "publishdate": "20160419", "futuloss": null, "staffaward": null, "perprofit": 59050629.67, "salesexpe": 19058955.53, "bizinco": 266136109.11, "biztotcostitse": null, "minysharincoamt": null, "accstaname": "\u65b0\u4f1a\u8ba1\u51c6\u5219", "reporttype": "100111", "earlyundiprof": null, "bizcost": 162466784.52, "polidiviexpe": null, "reinexpe": null, "biztotinco": 266136109.11, "othersupply": null, "natudisasterloss": null}, {"nonoreve": 1375000.0, "unreinveloss": null, "capitalreserve": null, "inteinco": null, "profreturninvest": null, "avaidistshareprof": null, "preferredskdiv": null, "welfare": null, "minysharrigh": null, "otherbizprof": null, "biztotincoitse": null, "capitalizeddivi": null, "realsale": null, "subsidyincome": null, "adjustdate": "20151123", "netpro1itse": null, "enddate": "20150930", "otherdistprof": null, "operprofform": null, "legalsurp": null, "netpro2form": null, "parecompincoamt": 37636596.7, "realsalecost": null, "contress": null, "pounexpe": null, "noncassetsdisl": null, "parenetp": 37134955.52, "parecompinco": null, "accpolicychg": null, "surrgold": null, "custinco": null, "netprofit": 37134955.52, "proftotform": null, "dilutedeps": 0.41, "valuechgloss": null, "reservefund": null, "asseimpaloss": 122596.25, "finexpe": -2171987.13, "compnetexpe": null, "biztotincoform": null, "debtrestruloss": null, "earnprem": null, "nonoexpe": 21572.41, "assoinveprof": null, "minysharinco": null, "otherbizcost": null, "supplycurcap": null, "basiceps": 0.41, "biztotcostform": null, "inteexpe": null, "inveinco": null, "freesurplu": null, "otherbizinco": null, "totprofit": 43623955.02, "accstacode": "2", "developfund": null, "exchggain": null, "mergeformnetprof": null, "compcode": "80284578", "pouninco": null, "netpro2itse": null, "incotaxexpe": 6488999.5, "othercompinco": 501641.18, "biztotcost": 148708208.78, "undisprofit": null, "biztax": 1533695.39, "accestimatechg": null, "bizprofitse": null, "netpro1form": null, "manaexpe": 16552655.49, "dealwithdivi": null, "selldepartgain": null, "deveexpe": null, "begindate": "20150101", "compincoamt": 37636596.7, "proftotitse": null, "undisprofredu": null, "otherinto": null, "publishdate": "20151123", "futuloss": null, "staffaward": null, "perprofit": 42270527.43, "salesexpe": 12949585.76, "bizinco": 190978736.21, "biztotcostitse": null, "minysharincoamt": null, "accstaname": "\u65b0\u4f1a\u8ba1\u51c6\u5219", "reporttype": "100111", "earlyundiprof": null, "bizcost": 119721663.02, "polidiviexpe": null, "reinexpe": null, "biztotinco": 190978736.21, "othersupply": null, "natudisasterloss": null}, {"nonoreve": 1273000.0, "unreinveloss": null, "capitalreserve": null, "inteinco": null, "profreturninvest": null, "avaidistshareprof": null, "preferredskdiv": null, "welfare": null, "minysharrigh": null, "otherbizprof": null, "biztotincoitse": null, "capitalizeddivi": null, "realsale": null, "subsidyincome": null, "adjustdate": "20151123", "netpro1itse": null, "enddate": "20150630", "otherdistprof": null, "operprofform": null, "legalsurp": null, "netpro2form": null, "parecompincoamt": 24201752.66, "realsalecost": null, "contress": null, "pounexpe": null, "noncassetsdisl": null, "parenetp": 24329459.61, "parecompinco": null, "accpolicychg": null, "surrgold": null, "custinco": null, "netprofit": 24329459.61, "proftotform": null, "dilutedeps": 0.27, "valuechgloss": null, "reservefund": null, "asseimpaloss": 7390.81, "finexpe": -1587269.99, "compnetexpe": null, "biztotincoform": null, "debtrestruloss": null, "earnprem": null, "nonoexpe": 5276.0, "assoinveprof": null, "minysharinco": null, "otherbizcost": null, "supplycurcap": null, "basiceps": 0.27, "biztotcostform": null, "inteexpe": null, "inveinco": null, "freesurplu": null, "otherbizinco": null, "totprofit": 28626149.4, "accstacode": "2", "developfund": null, "exchggain": null, "mergeformnetprof": null, "compcode": "80284578", "pouninco": null, "netpro2itse": null, "incotaxexpe": 4296689.79, "othercompinco": -127706.95, "biztotcost": 97307631.33, "undisprofit": null, "biztax": 1033384.75, "accestimatechg": null, "bizprofitse": null, "netpro1form": null, "manaexpe": 10955561.14, "dealwithdivi": null, "selldepartgain": null, "deveexpe": null, "begindate": "20150101", "compincoamt": 24201752.66, "proftotitse": null, "undisprofredu": null, "otherinto": null, "publishdate": "20151123", "futuloss": null, "staffaward": null, "perprofit": 27358425.4, "salesexpe": 6801186.61, "bizinco": 124666056.73, "biztotcostitse": null, "minysharincoamt": null, "accstaname": "\u65b0\u4f1a\u8ba1\u51c6\u5219", "reporttype": "100111", "earlyundiprof": null, "bizcost": 80097378.01, "polidiviexpe": null, "reinexpe": null, "biztotinco": 124666056.73, "othersupply": null, "natudisasterloss": null}, {"nonoreve": 1268000.0, "unreinveloss": null, "capitalreserve": null, "inteinco": null, "profreturninvest": null, "avaidistshareprof": null, "preferredskdiv": null, "welfare": null, "minysharrigh": null, "otherbizprof": null, "biztotincoitse": null, "capitalizeddivi": null, "realsale": null, "subsidyincome": null, "adjustdate": "20150625", "netpro1itse": null, "enddate": "20150331", "otherdistprof": null, "operprofform": null, "legalsurp": null, "netpro2form": null, "parecompincoamt": 11140253.02, "realsalecost": null, "contress": null, "pounexpe": null, "noncassetsdisl": null, "parenetp": 11108176.81, "parecompinco": 32076.21, "accpolicychg": null, "surrgold": null, "custinco": null, "netprofit": 11108176.81, "proftotform": null, "dilutedeps": 0.12, "valuechgloss": null, "reservefund": null, "asseimpaloss": 142457.12, "finexpe": -544803.56, "compnetexpe": null, "biztotincoform": null, "debtrestruloss": null, "earnprem": null, "nonoexpe": 4412.0, "assoinveprof": null, "minysharinco": null, "otherbizcost": null, "supplycurcap": null, "basiceps": 0.12, "biztotcostform": null, "inteexpe": null, "inveinco": null, "freesurplu": null, "otherbizinco": null, "totprofit": 13055253.06, "accstacode": "2", "developfund": null, "exchggain": null, "mergeformnetprof": null, "compcode": "80284578", "pouninco": null, "netpro2itse": null, "incotaxexpe": 1947076.25, "othercompinco": 32076.21, "biztotcost": 44676191.8, "undisprofit": null, "biztax": 482835.59, "accestimatechg": null, "bizprofitse": null, "netpro1form": null, "manaexpe": 5100224.9, "dealwithdivi": null, "selldepartgain": null, "deveexpe": null, "begindate": "20150101", "compincoamt": 11140253.02, "proftotitse": null, "undisprofredu": null, "otherinto": null, "publishdate": "20150625", "futuloss": null, "staffaward": null, "perprofit": 11791665.06, "salesexpe": 1340991.61, "bizinco": 56467856.86, "biztotcostitse": null, "minysharincoamt": null, "accstaname": "\u65b0\u4f1a\u8ba1\u51c6\u5219", "reporttype": "100111", "earlyundiprof": null, "bizcost": 38154486.14, "polidiviexpe": null, "reinexpe": null, "biztotinco": 56467856.86, "othersupply": null, "natudisasterloss": null}, {"nonoreve": 5253051.0, "unreinveloss": null, "capitalreserve": null, "inteinco": null, "profreturninvest": null, "avaidistshareprof": null, "preferredskdiv": null, "welfare": null, "minysharrigh": null, "otherbizprof": null, "biztotincoitse": null, "capitalizeddivi": null, "realsale": null, "subsidyincome": null, "adjustdate": "20150625", "netpro1itse": null, "enddate": "20141231", "otherdistprof": null, "operprofform": null, "legalsurp": null, "netpro2form": null, "parecompincoamt": 56420758.91, "realsalecost": null, "contress": null, "pounexpe": null, "noncassetsdisl": 6344.43, "parenetp": 56568886.86, "parecompinco": -148127.95, "accpolicychg": null, "surrgold": null, "custinco": null, "netprofit": 56568886.86, "proftotform": null, "dilutedeps": 0.63, "valuechgloss": null, "reservefund": null, "asseimpaloss": -1055.34, "finexpe": -1850975.03, "compnetexpe": null, "biztotincoform": null, "debtrestruloss": null, "earnprem": null, "nonoexpe": 449141.29, "assoinveprof": null, "minysharinco": null, "otherbizcost": null, "supplycurcap": null, "basiceps": 0.63, "biztotcostform": null, "inteexpe": null, "inveinco": null, "freesurplu": null, "otherbizinco": null, "totprofit": 67162457.28, "accstacode": "2", "developfund": null, "exchggain": null, "mergeformnetprof": null, "compcode": "80284578", "pouninco": null, "netpro2itse": null, "incotaxexpe": 10593570.42, "othercompinco": -148127.95, "biztotcost": 216530456.25, "undisprofit": null, "biztax": 2363721.76, "accestimatechg": null, "bizprofitse": null, "netpro1form": null, "manaexpe": 23768075.31, "dealwithdivi": null, "selldepartgain": null, "deveexpe": null, "begindate": "20140101", "compincoamt": 56420758.91, "proftotitse": null, "undisprofredu": null, "otherinto": null, "publishdate": "20150625", "futuloss": null, "staffaward": null, "perprofit": 62358547.57, "salesexpe": 15967179.56, "bizinco": 278889003.82, "biztotcostitse": null, "minysharincoamt": null, "accstaname": "\u65b0\u4f1a\u8ba1\u51c6\u5219", "reporttype": "100111", "earlyundiprof": null, "bizcost": 176283509.99, "polidiviexpe": null, "reinexpe": null, "biztotinco": 278889003.82, "othersupply": null, "natudisasterloss": null}, {"nonoreve": 4333051.0, "unreinveloss": null, "capitalreserve": null, "inteinco": null, "profreturninvest": null, "avaidistshareprof": null, "preferredskdiv": null, "welfare": null, "minysharrigh": null, "otherbizprof": null, "biztotincoitse": null, "capitalizeddivi": null, "realsale": null, "subsidyincome": null, "adjustdate": "20151123", "netpro1itse": null, "enddate": "20140930", "otherdistprof": null, "operprofform": null, "legalsurp": null, "netpro2form": null, "parecompincoamt": 40867823.58, "realsalecost": null, "contress": null, "pounexpe": null, "noncassetsdisl": 6344.43, "parenetp": 40979759.79, "parecompinco": null, "accpolicychg": null, "surrgold": null, "custinco": null, "netprofit": 40979759.79, "proftotform": null, "dilutedeps": 0.46, "valuechgloss": null, "reservefund": null, "asseimpaloss": 78617.57, "finexpe": -1138807.01, "compnetexpe": null, "biztotincoform": null, "debtrestruloss": null, "earnprem": null, "nonoexpe": 6494.43, "assoinveprof": null, "minysharinco": null, "otherbizcost": null, "supplycurcap": null, "basiceps": 0.46, "biztotcostform": null, "inteexpe": null, "inveinco": null, "freesurplu": null, "otherbizinco": null, "totprofit": 48308739.87, "accstacode": "2", "developfund": null, "exchggain": null, "mergeformnetprof": null, "compcode": "80284578", "pouninco": null, "netpro2itse": null, "incotaxexpe": 7328980.08, "othercompinco": -111936.21, "biztotcost": 153995293.27, "undisprofit": null, "biztax": 1553615.07, "accestimatechg": null, "bizprofitse": null, "netpro1form": null, "manaexpe": 16427607.71, "dealwithdivi": null, "selldepartgain": null, "deveexpe": null, "begindate": "20140101", "compincoamt": 40867823.58, "proftotitse": null, "undisprofredu": null, "otherinto": null, "publishdate": "20151123", "futuloss": null, "staffaward": null, "perprofit": 43982183.3, "salesexpe": 10524407.06, "bizinco": 197977476.57, "biztotcostitse": null, "minysharincoamt": null, "accstaname": "\u65b0\u4f1a\u8ba1\u51c6\u5219", "reporttype": "100111", "earlyundiprof": null, "bizcost": 126549852.87, "polidiviexpe": null, "reinexpe": null, "biztotinco": 197977476.57, "othersupply": null, "natudisasterloss": null}, {"nonoreve": 3005100.0, "unreinveloss": null, "capitalreserve": null, "inteinco": null, "profreturninvest": null, "avaidistshareprof": null, "preferredskdiv": null, "welfare": null, "minysharrigh": null, "otherbizprof": null, "biztotincoitse": null, "capitalizeddivi": null, "realsale": null, "subsidyincome": null, "adjustdate": "20150625", "netpro1itse": null, "enddate": "20131231", "otherdistprof": null, "operprofform": null, "legalsurp": null, "netpro2form": null, "parecompincoamt": 52629269.36, "realsalecost": null, "contress": null, "pounexpe": null, "noncassetsdisl": 7902.95, "parenetp": 52691870.11, "parecompinco": -62600.75, "accpolicychg": null, "surrgold": null, "custinco": null, "netprofit": 52691870.11, "proftotform": null, "dilutedeps": 0.59, "valuechgloss": null, "reservefund": null, "asseimpaloss": 229909.25, "finexpe": -45192.66, "compnetexpe": null, "biztotincoform": null, "debtrestruloss": null, "earnprem": null, "nonoexpe": 92683.05, "assoinveprof": null, "minysharinco": null, "otherbizcost": null, "supplycurcap": null, "basiceps": 0.59, "biztotcostform": null, "inteexpe": null, "inveinco": null, "freesurplu": null, "otherbizinco": null, "totprofit": 60926224.48, "accstacode": "2", "developfund": null, "exchggain": null, "mergeformnetprof": null, "compcode": "80284578", "pouninco": null, "netpro2itse": null, "incotaxexpe": 8234354.37, "othercompinco": -62600.75, "biztotcost": 210015730.44, "undisprofit": null, "biztax": 2097788.2, "accestimatechg": null, "bizprofitse": null, "netpro1form": null, "manaexpe": 25669800.39, "dealwithdivi": null, "selldepartgain": null, "deveexpe": null, "begindate": "20130101", "compincoamt": 52629269.36, "proftotitse": null, "undisprofredu": null, "otherinto": null, "publishdate": "20150625", "futuloss": null, "staffaward": null, "perprofit": 58013807.53, "salesexpe": 15108684.37, "bizinco": 268029537.97, "biztotcostitse": null, "minysharincoamt": null, "accstaname": "\u65b0\u4f1a\u8ba1\u51c6\u5219", "reporttype": "100111", "earlyundiprof": null, "bizcost": 166954740.89, "polidiviexpe": null, "reinexpe": null, "biztotinco": 268029537.97, "othersupply": null, "natudisasterloss": null}, {"nonoreve": 3310400.0, "unreinveloss": null, "capitalreserve": null, "inteinco": null, "profreturninvest": null, "avaidistshareprof": null, "preferredskdiv": null, "welfare": null, "minysharrigh": null, "otherbizprof": null, "biztotincoitse": null, "capitalizeddivi": null, "realsale": null, "subsidyincome": null, "adjustdate": "20150625", "netpro1itse": null, "enddate": "20121231", "otherdistprof": null, "operprofform": null, "legalsurp": null, "netpro2form": null, "parecompincoamt": 62920700.55, "realsalecost": null, "contress": null, "pounexpe": null, "noncassetsdisl": null, "parenetp": 62891228.26, "parecompinco": 29472.29, "accpolicychg": null, "surrgold": null, "custinco": null, "netprofit": 62891228.26, "proftotform": null, "dilutedeps": 0.7, "valuechgloss": null, "reservefund": null, "asseimpaloss": -272548.09, "finexpe": 1263509.22, "compnetexpe": null, "biztotincoform": null, "debtrestruloss": null, "earnprem": null, "nonoexpe": 9456.44, "assoinveprof": null, "minysharinco": null, "otherbizcost": null, "supplycurcap": null, "basiceps": 0.7, "biztotcostform": null, "inteexpe": null, "inveinco": null, "freesurplu": null, "otherbizinco": null, "totprofit": 72941636.89, "accstacode": "2", "developfund": null, "exchggain": null, "mergeformnetprof": null, "compcode": "80284578", "pouninco": null, "netpro2itse": null, "incotaxexpe": 10050408.63, "othercompinco": 29472.29, "biztotcost": 235547601.11, "undisprofit": null, "biztax": 2511073.99, "accestimatechg": null, "bizprofitse": null, "netpro1form": null, "manaexpe": 25860936.07, "dealwithdivi": null, "selldepartgain": null, "deveexpe": null, "begindate": "20120101", "compincoamt": 62920700.55, "proftotitse": null, "undisprofredu": null, "otherinto": null, "publishdate": "20150625", "futuloss": null, "staffaward": null, "perprofit": 69640693.33, "salesexpe": 16262425.33, "bizinco": 305188294.44, "biztotcostitse": null, "minysharincoamt": null, "accstaname": "\u65b0\u4f1a\u8ba1\u51c6\u5219", "reporttype": "100111", "earlyundiprof": null, "bizcost": 189922204.59, "polidiviexpe": null, "reinexpe": null, "biztotinco": 305188294.44, "othersupply": null, "natudisasterloss": null}, {"nonoreve": 209000.0, "unreinveloss": null, "capitalreserve": null, "inteinco": null, "profreturninvest": null, "avaidistshareprof": null, "preferredskdiv": null, "welfare": null, "minysharrigh": -18867.14, "otherbizprof": null, "biztotincoitse": null, "capitalizeddivi": null, "realsale": null, "subsidyincome": null, "adjustdate": "20140425", "netpro1itse": null, "enddate": "20111231", "otherdistprof": null, "operprofform": null, "legalsurp": null, "netpro2form": null, "parecompincoamt": 55187659.03, "realsalecost": null, "contress": null, "pounexpe": null, "noncassetsdisl": null, "parenetp": 55566175.36, "parecompinco": null, "accpolicychg": null, "surrgold": null, "custinco": null, "netprofit": 55547308.22, "proftotform": null, "dilutedeps": 1.14, "valuechgloss": null, "reservefund": null, "asseimpaloss": 220420.38, "finexpe": 1419771.1, "compnetexpe": null, "biztotincoform": null, "debtrestruloss": null, "earnprem": null, "nonoexpe": 24331.09, "assoinveprof": null, "minysharinco": null, "otherbizcost": null, "supplycurcap": null, "basiceps": 1.14, "biztotcostform": null, "inteexpe": null, "inveinco": null, "freesurplu": null, "otherbizinco": null, "totprofit": 63446812.69, "accstacode": "2", "developfund": null, "exchggain": null, "mergeformnetprof": -585097.94, "compcode": "80284578", "pouninco": null, "netpro2itse": null, "incotaxexpe": 7899504.47, "othercompinco": -378516.32, "biztotcost": 207389079.29, "undisprofit": null, "biztax": 1764096.92, "accestimatechg": null, "bizprofitse": null, "netpro1form": null, "manaexpe": 16703275.02, "dealwithdivi": null, "selldepartgain": null, "deveexpe": null, "begindate": "20110101", "compincoamt": 55168791.9, "proftotitse": null, "undisprofredu": null, "otherinto": null, "publishdate": "20140425", "futuloss": null, "staffaward": null, "perprofit": 63262143.78, "salesexpe": 17559151.6, "bizinco": 270651223.07, "biztotcostitse": null, "minysharincoamt": -18867.14, "accstaname": "\u65b0\u4f1a\u8ba1\u51c6\u5219", "reporttype": "100111", "earlyundiprof": null, "bizcost": 169722364.27, "polidiviexpe": null, "reinexpe": null, "biztotinco": 270651223.07, "othersupply": null, "natudisasterloss": null}], "comptype": 4, "name": "\u5b89\u8bb0\u98df\u54c1"}