{"SZ000651":{"symbol":"SZ000651","exchange":"SZ","code":"000651","name":"格力电器","current":"53.04","percentage":"-0.23","change":"-0.12","open":"53.17","high":"53.56","low":"52.62","close":"53.04","last_close":"53.16","high52week":"58.7","low52week":"26.68","volume":"4.7388746E7","lot_volume":"473887.46","volumeAverage":"75551446","marketCapital":"3.1907436576912E11","eps":"2.57","pe_ttm":"16.236","pe_lyr":"20.691","beta":"0.0","totalShares":"6015730878","time":"Fri Mar 09 15:04:03 +0800 2018","afterHours":"0.0","afterHoursPct":"0.0","afterHoursChg":"0.0","updateAt":"1516104006404","dividend":"1.8","yield":"3.39","turnover_rate":"0.79%","instOwn":"0.0","rise_stop":"58.48","fall_stop":"47.84","currency_unit":"CNY","amount":"2.51360047532E9","net_assets":"9.7451","hasexist":"","has_warrant":"0","type":"11","flag":"1","rest_day":"","amplitude":"1.77%","market_status":"休市","lot_size":"100","min_order_quantity":"0","max_order_quantity":"0","tick_size":"0.01","variable_tick_size":"","kzz_stock_symbol":"","kzz_stock_name":"","kzz_stock_current":"0.0","kzz_convert_price":"0.0","kzz_covert_value":"0.0","kzz_cpr":"0.0","kzz_putback_price":"0.0","kzz_convert_time":"","kzz_redempt_price":"0.0","kzz_straight_price":"0.0","kzz_stock_percent":"","pb":"5.44","benefit_before_tax":"0.0","benefit_after_tax":"0.0","convert_bond_ratio":"","totalissuescale":"","outstandingamt":"","maturitydate":"","remain_year":"","convertrate":"0.0","interestrtmemo":"","release_date":"","circulation":"0.0","par_value":"0.0","due_time":"0.0","value_date":"","due_date":"","publisher":"","redeem_type":"T","issue_type":"3","bond_type":"","warrant":"","sale_rrg":"","rate":"","after_hour_vol":"0","float_shares":"5970491879","float_market_capital":"3.1667488926216E11","disnext_pay_date":"","convert_rate":"0.0","volume_ratio":"1.02","percent5m":"-0.02","pankou_ratio":"25.96%","psr":"2.3333"}}