{"SZ000333":{"symbol":"SZ000333","exchange":"SZ","code":"000333","name":"美的集团","current":"59.34","percentage":"-0.39","change":"-0.23","open":"59.11","high":"59.63","low":"58.3","close":"59.34","last_close":"59.57","high52week":"62.69","low52week":"30.85","volume":"1.7763764E7","lot_volume":"177637.64","volumeAverage":"25556440","marketCapital":"3.9018703661064E11","eps":"2.31","pe_ttm":"23.123","pe_lyr":"26.572","beta":"0.0","totalShares":"6575447196","time":"Tue Mar 20 15:04:03 +0800 2018","afterHours":"0.0","afterHoursPct":"0.0","afterHoursChg":"0.0","updateAt":"1517832005572","dividend":"1.0","yield":"1.69","turnover_rate":"0.28%","instOwn":"0.0","rise_stop":"65.53","fall_stop":"53.61","currency_unit":"CNY","amount":"1.04610132131E9","net_assets":"10.876","hasexist":"","has_warrant":"0","type":"11","flag":"1","rest_day":"","amplitude":"2.23%","market_status":"已收盘","lot_size":"100","min_order_quantity":"0","max_order_quantity":"0","tick_size":"0.01","variable_tick_size":"","kzz_stock_symbol":"","kzz_stock_name":"","kzz_stock_current":"0.0","kzz_convert_price":"0.0","kzz_covert_value":"0.0","kzz_cpr":"0.0","kzz_putback_price":"0.0","kzz_convert_time":"","kzz_redempt_price":"0.0","kzz_straight_price":"0.0","kzz_stock_percent":"","pb":"5.46","benefit_before_tax":"0.0","benefit_after_tax":"0.0","convert_bond_ratio":"","totalissuescale":"","outstandingamt":"","maturitydate":"","remain_year":"","convertrate":"0.0","interestrtmemo":"","release_date":"","circulation":"0.0","par_value":"0.0","due_time":"0.0","value_date":"","due_date":"","publisher":"","redeem_type":"T","issue_type":"3","bond_type":"","warrant":"","sale_rrg":"","rate":"","after_hour_vol":"0","float_shares":"6358119285","float_market_capital":"3.772907983719E11","disnext_pay_date":"","convert_rate":"0.0","volume_ratio":"0.64","percent5m":"-0.15","pankou_ratio":"11.23%","psr":"1.6993"}}