{"SZ000423":{"symbol":"SZ000423","exchange":"SZ","code":"000423","name":"东阿阿胶","current":"63.54","percentage":"1.47","change":"0.92","open":"62.62","high":"63.8","low":"62.37","close":"63.54","last_close":"62.62","high52week":"72.81","low52week":"58.0","volume":"1.0670067E7","lot_volume":"106700.67","volumeAverage":"12719187","marketCapital":"4.155652846098E10","eps":"3.13","pe_ttm":"20.327","pe_lyr":"20.327","beta":"0.0","totalShares":"654021537","time":"Tue Mar 20 15:04:03 +0800 2018","afterHours":"0.0","afterHoursPct":"0.0","afterHoursChg":"0.0","afterHoursTime":"Wed Oct 19 21:59:01 -0400 2011","updateAt":"1516104005973","dividend":"0.9","yield":"1.42","turnover_rate":"1.63%","instOwn":"0.0","rise_stop":"68.88","fall_stop":"56.36","currency_unit":"CNY","amount":"6.757317567E8","net_assets":"15.052","hasexist":"","has_warrant":"0","type":"11","flag":"1","rest_day":"","amplitude":"2.28%","market_status":"已收盘","lot_size":"100","min_order_quantity":"0","max_order_quantity":"0","tick_size":"0.01","variable_tick_size":"","kzz_stock_symbol":"","kzz_stock_name":"","kzz_stock_current":"0.0","kzz_convert_price":"0.0","kzz_covert_value":"0.0","kzz_cpr":"0.0","kzz_putback_price":"0.0","kzz_convert_time":"","kzz_redempt_price":"0.0","kzz_straight_price":"0.0","kzz_stock_percent":"","pb":"4.22","benefit_before_tax":"0.0","benefit_after_tax":"0.0","convert_bond_ratio":"","totalissuescale":"","outstandingamt":"","maturitydate":"","remain_year":"","convertrate":"0.0","interestrtmemo":"","release_date":"","circulation":"0.0","par_value":"0.0","due_time":"0.0","value_date":"","due_date":"","publisher":"","redeem_type":"T","issue_type":"3","bond_type":"","warrant":"","sale_rrg":"","rate":"","after_hour_vol":"0","float_shares":"653867312","float_market_capital":"4.154672900448E10","disnext_pay_date":"","convert_rate":"0.0","volume_ratio":"1.66","percent5m":"-0.03","pankou_ratio":"17.87%","psr":"5.6368"}}