{"list":[{"bonusimpdate":"20170711","bonusyear":"2016","cur":"人民币","bonusskratio":null,"tranaddskraio":null,"recorddate":"20170717","exrightdate":"20170718","cdividend":9.0,"fdividendbh":0.0,"tranaddsklistdate":null,"bonussklistdate":null,"tranaddskaccday":null,"bonusskaccday":null,"symbol":null,"secode":"2010001037","divitype":"A","taxfdividendbh":0.0,"taxcdividend":9.0,"divibegdate":"20170718","summarize":"10派9"},{"bonusimpdate":"20160718","bonusyear":"2015","cur":"人民币","bonusskratio":null,"tranaddskraio":null,"recorddate":"20160721","exrightdate":"20160722","cdividend":8.0,"fdividendbh":0.0,"tranaddsklistdate":null,"bonussklistdate":null,"tranaddskaccday":null,"bonusskaccday":null,"symbol":null,"secode":"2010001037","divitype":"A","taxfdividendbh":0.0,"taxcdividend":8.0,"divibegdate":"20160722","summarize":"10派8"},{"bonusimpdate":"20150801","bonusyear":"2014","cur":"人民币","bonusskratio":null,"tranaddskraio":null,"recorddate":"20150806","exrightdate":"20150807","cdividend":8.0,"fdividendbh":0.0,"tranaddsklistdate":null,"bonussklistdate":null,"tranaddskaccday":null,"bonusskaccday":null,"symbol":null,"secode":"2010001037","divitype":"A","taxfdividendbh":0.0,"taxcdividend":7.6,"divibegdate":"20150807","summarize":"10派8"},{"bonusimpdate":"20140729","bonusyear":"2013","cur":"人民币","bonusskratio":null,"tranaddskraio":null,"recorddate":"20140804","exrightdate":"20140805","cdividend":7.0,"fdividendbh":0.0,"tranaddsklistdate":null,"bonussklistdate":null,"tranaddskaccday":null,"bonusskaccday":null,"symbol":null,"secode":"2010001037","divitype":"A","taxfdividendbh":0.0,"taxcdividend":6.65,"divibegdate":"20140805","summarize":"10派7"},{"bonusimpdate":"20130731","bonusyear":"2012","cur":"人民币","bonusskratio":null,"tranaddskraio":null,"recorddate":"20130805","exrightdate":"20130806","cdividend":7.0,"fdividendbh":0.0,"tranaddsklistdate":null,"bonussklistdate":null,"tranaddskaccday":null,"bonusskaccday":null,"symbol":null,"secode":"2010001037","divitype":"A","taxfdividendbh":0.0,"taxcdividend":6.65,"divibegdate":"20130806","summarize":"10派7"},{"bonusimpdate":"20120804","bonusyear":"2011","cur":"人民币","bonusskratio":null,"tranaddskraio":null,"recorddate":"20120809","exrightdate":"20120810","cdividend":3.0,"fdividendbh":0.0,"tranaddsklistdate":null,"bonussklistdate":null,"tranaddskaccday":null,"bonusskaccday":null,"symbol":null,"secode":"2010001037","divitype":"A","taxfdividendbh":0.0,"taxcdividend":2.7,"divibegdate":"20120810","summarize":"10派3"},{"bonusimpdate":"20110806","bonusyear":"2010","cur":"人民币","bonusskratio":null,"tranaddskraio":null,"recorddate":"20110811","exrightdate":"20110812","cdividend":3.0,"fdividendbh":0.0,"tranaddsklistdate":null,"bonussklistdate":null,"tranaddskaccday":null,"bonusskaccday":null,"symbol":null,"secode":"2010001037","divitype":"A","taxfdividendbh":0.0,"taxcdividend":2.7,"divibegdate":"20110812","summarize":"10派3"},{"bonusimpdate":"20100716","bonusyear":"2009","cur":"人民币","bonusskratio":null,"tranaddskraio":null,"recorddate":"20100722","exrightdate":"20100723","cdividend":3.5,"fdividendbh":0.0,"tranaddsklistdate":null,"bonussklistdate":null,"tranaddskaccday":null,"bonusskaccday":null,"symbol":null,"secode":"2010001037","divitype":"A","taxfdividendbh":0.0,"taxcdividend":3.15,"divibegdate":"20100723","summarize":"10派3.5"},{"bonusimpdate":"20090828","bonusyear":"2008","cur":"人民币","bonusskratio":null,"tranaddskraio":null,"recorddate":"20090903","exrightdate":"20090904","cdividend":1.6,"fdividendbh":0.0,"tranaddsklistdate":null,"bonussklistdate":null,"tranaddskaccday":null,"bonusskaccday":null,"symbol":null,"secode":"2010001037","divitype":"A","taxfdividendbh":0.0,"taxcdividend":1.44,"divibegdate":"20090904","summarize":"10派1.6"},{"bonusimpdate":"20080822","bonusyear":"2007","cur":"人民币","bonusskratio":null,"tranaddskraio":null,"recorddate":"20080827","exrightdate":"20080828","cdividend":2.0,"fdividendbh":0.0,"tranaddsklistdate":null,"bonussklistdate":null,"tranaddskaccday":null,"bonusskaccday":null,"symbol":null,"secode":"2010001037","divitype":"A","taxfdividendbh":0.0,"taxcdividend":1.8,"divibegdate":"20080828","summarize":"10派2"},{"bonusimpdate":"20070525","bonusyear":"2006","cur":"人民币","bonusskratio":null,"tranaddskraio":null,"recorddate":"20070530","exrightdate":"20070531","cdividend":2.0,"fdividendbh":0.0,"tranaddsklistdate":null,"bonussklistdate":null,"tranaddskaccday":null,"bonusskaccday":null,"symbol":null,"secode":"2010001037","divitype":"A","taxfdividendbh":0.0,"taxcdividend":1.8,"divibegdate":"20070531","summarize":"10派2"},{"bonusimpdate":"20060719","bonusyear":"2005","cur":"人民币","bonusskratio":null,"tranaddskraio":null,"recorddate":"20060725","exrightdate":"20060726","cdividend":2.0,"fdividendbh":0.0,"tranaddsklistdate":null,"bonussklistdate":null,"tranaddskaccday":null,"bonusskaccday":null,"symbol":null,"secode":"2010001037","divitype":"A","taxfdividendbh":0.0,"taxcdividend":1.8,"divibegdate":"20060726","summarize":"10派2"},{"bonusimpdate":"20050805","bonusyear":"2004","cur":"人民币","bonusskratio":null,"tranaddskraio":null,"recorddate":"20050811","exrightdate":"20050812","cdividend":2.0,"fdividendbh":0.0,"tranaddsklistdate":null,"bonussklistdate":null,"tranaddskaccday":null,"bonusskaccday":null,"symbol":null,"secode":"2010001037","divitype":"A","taxfdividendbh":0.0,"taxcdividend":1.8,"divibegdate":"20050812","summarize":"10派2"},{"bonusimpdate":"20040610","bonusyear":"2003","cur":"人民币","bonusskratio":2.0,"tranaddskraio":3.0,"recorddate":"20040616","exrightdate":"20040617","cdividend":0.5,"fdividendbh":0.0,"tranaddsklistdate":"20040617","bonussklistdate":"20040617","tranaddskaccday":"20040617","bonusskaccday":"20040617","symbol":null,"secode":"2010001037","divitype":"ABC","taxfdividendbh":0.0,"taxcdividend":0.0,"divibegdate":"20040617","summarize":"10送2转3派0.5"},{"bonusimpdate":"20030702","bonusyear":"2002","cur":"人民币","bonusskratio":null,"tranaddskraio":null,"recorddate":"20030709","exrightdate":"20030710","cdividend":2.5,"fdividendbh":0.0,"tranaddsklistdate":null,"bonussklistdate":null,"tranaddskaccday":null,"bonusskaccday":null,"symbol":null,"secode":"2010001037","divitype":"A","taxfdividendbh":0.0,"taxcdividend":2.0,"divibegdate":"20030710","summarize":"10派2.5"},{"bonusimpdate":"20020527","bonusyear":"2001","cur":"人民币","bonusskratio":null,"tranaddskraio":null,"recorddate":"20020530","exrightdate":"20020531","cdividend":2.0,"fdividendbh":0.0,"tranaddsklistdate":null,"bonussklistdate":null,"tranaddskaccday":null,"bonusskaccday":null,"symbol":null,"secode":"2010001037","divitype":"A","taxfdividendbh":0.0,"taxcdividend":1.6,"divibegdate":"20020531","summarize":"10派2"},{"bonusimpdate":"20010426","bonusyear":"2000","cur":"人民币","bonusskratio":null,"tranaddskraio":3.0,"recorddate":"20010510","exrightdate":"20010511","cdividend":2.0,"fdividendbh":0.0,"tranaddsklistdate":"20010514","bonussklistdate":null,"tranaddskaccday":"20010514","bonusskaccday":null,"symbol":null,"secode":"2010001037","divitype":"AC","taxfdividendbh":0.0,"taxcdividend":1.6,"divibegdate":"20010514","summarize":"10转3派2"},{"bonusimpdate":"20000407","bonusyear":"1999","cur":"人民币","bonusskratio":null,"tranaddskraio":2.0,"recorddate":"20000412","exrightdate":"20000413","cdividend":2.0,"fdividendbh":0.0,"tranaddsklistdate":"20000414","bonussklistdate":null,"tranaddskaccday":"20000414","bonusskaccday":null,"symbol":null,"secode":"2010001037","divitype":"AC","taxfdividendbh":0.0,"taxcdividend":1.6,"divibegdate":"20000414","summarize":"10转2派2"},{"bonusimpdate":"19971101","bonusyear":"1996","cur":"人民币","bonusskratio":2.46,"tranaddskraio":2.46,"recorddate":"19971106","exrightdate":"19971107","cdividend":null,"fdividendbh":0.0,"tranaddsklistdate":"19971111","bonussklistdate":"19971111","tranaddskaccday":null,"bonusskaccday":null,"symbol":null,"secode":"2010001037","divitype":"BC","taxfdividendbh":0.0,"taxcdividend":null,"divibegdate":null,"summarize":"10送2.46转2.46"},{"bonusimpdate":"19961017","bonusyear":"1995","cur":"人民币","bonusskratio":null,"tranaddskraio":3.0,"recorddate":"19961021","exrightdate":"19961022","cdividend":null,"fdividendbh":0.0,"tranaddsklistdate":"19961024","bonussklistdate":null,"tranaddskaccday":null,"bonusskaccday":null,"symbol":null,"secode":"2010001037","divitype":"C","taxfdividendbh":0.0,"taxcdividend":null,"divibegdate":null,"summarize":"10转3"}]}