{"SH600690":{"symbol":"SH600690","exchange":"SH","code":"600690","name":"青岛海尔","current":"18.65","percentage":"-2.0","change":"-0.38","open":"18.1","high":"18.69","low":"17.8","close":"18.65","last_close":"19.03","high52week":"23.2","low52week":"11.22","volume":"9.2444342E7","lot_volume":"924443.42","volumeAverage":"0","marketCapital":"1.1371656085855E11","eps":"0.93","pe_ttm":"16.5","pe_lyr":"22.578","beta":"0.0","totalShares":"6097402727","time":"Fri Mar 23 15:00:00 +0800 2018","afterHours":"0.0","afterHoursPct":"0.0","afterHoursChg":"0.0","afterHoursTime":"Wed Oct 19 21:59:01 -0400 2011","updateAt":"1510214412255","dividend":"0.25","yield":"1.34","turnover_rate":"1.52%","instOwn":"0.0","rise_stop":"20.93","fall_stop":"17.13","currency_unit":"CNY","amount":"1.678649713E9","net_assets":"4.9538","hasexist":"","has_warrant":"0","type":"11","flag":"1","rest_day":"","amplitude":"4.68%","market_status":"休市","lot_size":"100","min_order_quantity":"0","max_order_quantity":"0","tick_size":"0.01","variable_tick_size":"","kzz_stock_symbol":"","kzz_stock_name":"","kzz_stock_current":"0.0","kzz_convert_price":"0.0","kzz_covert_value":"0.0","kzz_cpr":"0.0","kzz_putback_price":"0.0","kzz_convert_time":"","kzz_redempt_price":"0.0","kzz_straight_price":"0.0","kzz_stock_percent":"","pb":"3.76","benefit_before_tax":"0.0","benefit_after_tax":"0.0","convert_bond_ratio":"","totalissuescale":"","outstandingamt":"","maturitydate":"","remain_year":"","convertrate":"0.0","interestrtmemo":"","release_date":"","circulation":"0.0","par_value":"0.0","due_time":"0.0","value_date":"","due_date":"","publisher":"","redeem_type":"T","issue_type":"1","bond_type":"","warrant":"","sale_rrg":"","rate":"","after_hour_vol":"0","float_shares":"6097402726","float_market_capital":"1.137165608399E11","disnext_pay_date":"","convert_rate":"0.0","volume_ratio":"2.13","percent5m":"0.65","pankou_ratio":"76.63%","psr":"0.739"}}