{"list":[{"compcode":"10000497","publishdate":"20171031","begindate":"20170101","enddate":"20170930","reporttype":"100111","adjustdate":"20171031","accstacode":"2","accstaname":"新会计准则","biztotinco":1.191896136342E11,"bizinco":1.191896136342E11,"inteinco":null,"earnprem":null,"pouninco":null,"realsale":null,"otherbizinco":null,"biztotincoitse":null,"biztotincoform":null,"biztotcost":1.1336428442592E11,"bizcost":8.355217938459E10,"inteexpe":null,"pounexpe":null,"realsalecost":null,"deveexpe":null,"surrgold":null,"compnetexpe":null,"contress":null,"polidiviexpe":null,"reinexpe":null,"otherbizcost":null,"biztax":6.1459923719E8,"salesexpe":2.102444769861E10,"manaexpe":6.94869590826E9,"finexpe":9.9047145974E8,"asseimpaloss":2.3389073753E8,"biztotcostitse":null,"biztotcostform":null,"valuechgloss":5.262522644E8,"inveinco":9.7242355852E8,"assoinveprof":null,"exchggain":null,"futuloss":null,"custinco":null,"subsidyincome":null,"otherbizprof":null,"bizprofitse":null,"operprofform":null,"perprofit":7.58832476394E9,"nonoreve":6.2320953254E8,"nonoexpe":1.2394803866E8,"noncassetsdisl":null,"proftotitse":null,"proftotform":null,"totprofit":8.08758625782E9,"incotaxexpe":9.7611640783E8,"unreinveloss":null,"netpro1itse":null,"netpro1form":null,"netprofit":7.11146984999E9,"parenetp":5.68236171764E9,"mergeformnetprof":null,"minysharrigh":1.42910813235E9,"netpro2itse":null,"netpro2form":null,"basiceps":0.93,"dilutedeps":0.93,"othercompinco":-3.4525460046E8,"parecompinco":-2.9876073908E8,"minysharinco":-4.649386138E7,"compincoamt":6.76621524953E9,"parecompincoamt":5.38360097856E9,"minysharincoamt":1.38261427097E9,"earlyundiprof":null,"undisprofredu":null,"otherinto":null,"otherdistprof":null,"legalsurp":null,"welfare":null,"capitalreserve":null,"staffaward":null,"reservefund":null,"developfund":null,"profreturninvest":null,"supplycurcap":null,"avaidistshareprof":null,"preferredskdiv":null,"freesurplu":null,"dealwithdivi":null,"capitalizeddivi":null,"undisprofit":null,"selldepartgain":null,"natudisasterloss":null,"accpolicychg":null,"accestimatechg":null,"debtrestruloss":null,"othersupply":null},{"compcode":"10000497","publishdate":"20170828","begindate":"20170101","enddate":"20170630","reporttype":"100111","adjustdate":"20170828","accstacode":"2","accstaname":"新会计准则","biztotinco":7.75757499801E10,"bizinco":7.75757499801E10,"inteinco":null,"earnprem":null,"pouninco":null,"realsale":null,"otherbizinco":null,"biztotincoitse":null,"biztotincoform":null,"biztotcost":7.289577076033E10,"bizcost":5.415490583339E10,"inteexpe":null,"pounexpe":null,"realsalecost":null,"deveexpe":null,"surrgold":null,"compnetexpe":null,"contress":null,"polidiviexpe":null,"reinexpe":null,"otherbizcost":null,"biztax":3.453863333E8,"salesexpe":1.293751595438E10,"manaexpe":4.62370839651E9,"finexpe":6.1167728193E8,"asseimpaloss":2.2257696082E8,"biztotcostitse":null,"biztotcostform":null,"valuechgloss":4.1206384515E8,"inveinco":6.5384271435E8,"assoinveprof":null,"exchggain":null,"futuloss":null,"custinco":null,"subsidyincome":null,"otherbizprof":null,"bizprofitse":null,"operprofform":null,"perprofit":5.81862762531E9,"nonoreve":3.0900406862E8,"nonoexpe":8.457902315E7,"noncassetsdisl":null,"proftotitse":null,"proftotform":null,"totprofit":6.04305267078E9,"incotaxexpe":7.5802215823E8,"unreinveloss":null,"netpro1itse":null,"netpro1form":null,"netprofit":5.28503051255E9,"parenetp":4.42706840451E9,"mergeformnetprof":null,"minysharrigh":8.5796210804E8,"netpro2itse":null,"netpro2form":null,"basiceps":0.73,"dilutedeps":0.73,"othercompinco":-2.0113341324E8,"parecompinco":-1.686153727E8,"minysharinco":-3.251804054E7,"compincoamt":5.08389709931E9,"parecompincoamt":4.25845303181E9,"minysharincoamt":8.254440675E8,"earlyundiprof":null,"undisprofredu":null,"otherinto":null,"otherdistprof":null,"legalsurp":null,"welfare":null,"capitalreserve":null,"staffaward":null,"reservefund":null,"developfund":null,"profreturninvest":null,"supplycurcap":null,"avaidistshareprof":null,"preferredskdiv":null,"freesurplu":null,"dealwithdivi":null,"capitalizeddivi":null,"undisprofit":null,"selldepartgain":null,"natudisasterloss":null,"accpolicychg":null,"accestimatechg":null,"debtrestruloss":null,"othersupply":null},{"compcode":"10000497","publishdate":"20170429","begindate":"20170101","enddate":"20170331","reporttype":"100111","adjustdate":"20170429","accstacode":"2","accstaname":"新会计准则","biztotinco":3.774114344827E10,"bizinco":3.774114344827E10,"inteinco":null,"earnprem":null,"pouninco":null,"realsale":null,"otherbizinco":null,"biztotincoitse":null,"biztotincoform":null,"biztotcost":3.582702859395E10,"bizcost":2.638061982943E10,"inteexpe":null,"pounexpe":null,"realsalecost":null,"deveexpe":null,"surrgold":null,"compnetexpe":null,"contress":null,"polidiviexpe":null,"reinexpe":null,"otherbizcost":null,"biztax":1.7839313998E8,"salesexpe":6.68310449092E9,"manaexpe":2.13620385154E9,"finexpe":2.2529355111E8,"asseimpaloss":2.2341373097E8,"biztotcostitse":null,"biztotcostform":null,"valuechgloss":1.5846728704E8,"inveinco":3.1993355606E8,"assoinveprof":null,"exchggain":null,"futuloss":null,"custinco":null,"subsidyincome":null,"otherbizprof":null,"bizprofitse":null,"operprofform":null,"perprofit":2.39251569742E9,"nonoreve":2.2283068423E8,"nonoexpe":5.736614407E7,"noncassetsdisl":null,"proftotitse":null,"proftotform":null,"totprofit":2.55798023758E9,"incotaxexpe":4.079589556E8,"unreinveloss":null,"netpro1itse":null,"netpro1form":null,"netprofit":2.15002128198E9,"parenetp":1.73876357281E9,"mergeformnetprof":null,"minysharrigh":4.1125770917E8,"netpro2itse":null,"netpro2form":null,"basiceps":0.28,"dilutedeps":0.28,"othercompinco":545303.84,"parecompinco":1.758132676E7,"minysharinco":-1.703602292E7,"compincoamt":2.15056658582E9,"parecompincoamt":1.75634489957E9,"minysharincoamt":3.9422168625E8,"earlyundiprof":null,"undisprofredu":null,"otherinto":null,"otherdistprof":null,"legalsurp":null,"welfare":null,"capitalreserve":null,"staffaward":null,"reservefund":null,"developfund":null,"profreturninvest":null,"supplycurcap":null,"avaidistshareprof":null,"preferredskdiv":null,"freesurplu":null,"dealwithdivi":null,"capitalizeddivi":null,"undisprofit":null,"selldepartgain":null,"natudisasterloss":null,"accpolicychg":null,"accestimatechg":null,"debtrestruloss":null,"othersupply":null},{"compcode":"10000497","publishdate":"20170429","begindate":"20160101","enddate":"20161231","reporttype":"100111","adjustdate":"20170429","accstacode":"2","accstaname":"新会计准则","biztotinco":1.1906582520151E11,"bizinco":1.1906582520151E11,"inteinco":null,"earnprem":null,"pouninco":null,"realsale":null,"otherbizinco":null,"biztotincoitse":null,"biztotincoform":null,"biztotcost":1.1366263598228E11,"bizcost":8.212688221195E10,"inteexpe":null,"pounexpe":null,"realsalecost":null,"deveexpe":null,"surrgold":null,"compnetexpe":null,"contress":null,"polidiviexpe":null,"reinexpe":null,"otherbizcost":null,"biztax":6.8776527477E8,"salesexpe":2.125410319532E10,"manaexpe":8.38244211227E9,"finexpe":7.2089481645E8,"asseimpaloss":4.9054837152E8,"biztotcostitse":null,"biztotcostform":null,"valuechgloss":9.464807607E7,"inveinco":1.61971743378E9,"assoinveprof":null,"exchggain":null,"futuloss":null,"custinco":null,"subsidyincome":null,"otherbizprof":null,"bizprofitse":null,"operprofform":null,"perprofit":7.11755472908E9,"nonoreve":1.42304025836E9,"nonoexpe":3.5739465435E8,"noncassetsdisl":null,"proftotitse":null,"proftotform":null,"totprofit":8.18320033309E9,"incotaxexpe":1.49186599746E9,"unreinveloss":null,"netpro1itse":null,"netpro1form":null,"netprofit":6.69133433563E9,"parenetp":5.03665224084E9,"mergeformnetprof":null,"minysharrigh":1.65468209479E9,"netpro2itse":null,"netpro2form":null,"basiceps":0.83,"dilutedeps":0.82,"othercompinco":-4.250962471E7,"parecompinco":-6.694454807E7,"minysharinco":2.443492336E7,"compincoamt":6.64882471092E9,"parecompincoamt":4.96970769277E9,"minysharincoamt":1.67911701815E9,"earlyundiprof":null,"undisprofredu":null,"otherinto":null,"otherdistprof":null,"legalsurp":null,"welfare":null,"capitalreserve":null,"staffaward":null,"reservefund":null,"developfund":null,"profreturninvest":null,"supplycurcap":null,"avaidistshareprof":null,"preferredskdiv":null,"freesurplu":null,"dealwithdivi":null,"capitalizeddivi":null,"undisprofit":null,"selldepartgain":null,"natudisasterloss":null,"accpolicychg":null,"accestimatechg":null,"debtrestruloss":null,"othersupply":null},{"compcode":"10000497","publishdate":"20161029","begindate":"20160101","enddate":"20160930","reporttype":"100111","adjustdate":"20161029","accstacode":"2","accstaname":"新会计准则","biztotinco":8.427059338538E10,"bizinco":8.427059338538E10,"inteinco":null,"earnprem":null,"pouninco":null,"realsale":null,"otherbizinco":null,"biztotincoitse":null,"biztotincoform":null,"biztotcost":8.002622865108E10,"bizcost":5.977027891957E10,"inteexpe":null,"pounexpe":null,"realsalecost":null,"deveexpe":null,"surrgold":null,"compnetexpe":null,"contress":null,"polidiviexpe":null,"reinexpe":null,"otherbizcost":null,"biztax":2.887202667E8,"salesexpe":1.33650342551E10,"manaexpe":6.16113088552E9,"finexpe":2.7035549698E8,"asseimpaloss":1.7070882721E8,"biztotcostitse":null,"biztotcostform":null,"valuechgloss":-1.0356723894E8,"inveinco":1.33755315105E9,"assoinveprof":null,"exchggain":null,"futuloss":null,"custinco":null,"subsidyincome":null,"otherbizprof":null,"bizprofitse":null,"operprofform":null,"perprofit":5.47835064641E9,"nonoreve":5.8992843618E8,"nonoexpe":2.9146631014E8,"noncassetsdisl":null,"proftotitse":null,"proftotform":null,"totprofit":5.77681277245E9,"incotaxexpe":8.6249075863E8,"unreinveloss":null,"netpro1itse":null,"netpro1form":null,"netprofit":4.91432201382E9,"parenetp":3.82310678295E9,"mergeformnetprof":null,"minysharrigh":1.09121523087E9,"netpro2itse":null,"netpro2form":null,"basiceps":0.63,"dilutedeps":0.63,"othercompinco":-5.793298078E7,"parecompinco":-7.075464982E7,"minysharinco":1.282166904E7,"compincoamt":4.85638903304E9,"parecompincoamt":3.75235213313E9,"minysharincoamt":1.10403689991E9,"earlyundiprof":null,"undisprofredu":null,"otherinto":null,"otherdistprof":null,"legalsurp":null,"welfare":null,"capitalreserve":null,"staffaward":null,"reservefund":null,"developfund":null,"profreturninvest":null,"supplycurcap":null,"avaidistshareprof":null,"preferredskdiv":null,"freesurplu":null,"dealwithdivi":null,"capitalizeddivi":null,"undisprofit":null,"selldepartgain":null,"natudisasterloss":null,"accpolicychg":null,"accestimatechg":null,"debtrestruloss":null,"othersupply":null},{"compcode":"10000497","publishdate":"20160831","begindate":"20160101","enddate":"20160630","reporttype":"100111","adjustdate":"20160831","accstacode":"2","accstaname":"新会计准则","biztotinco":4.878660692487E10,"bizinco":4.878660692487E10,"inteinco":null,"earnprem":null,"pouninco":null,"realsale":null,"otherbizinco":null,"biztotincoitse":null,"biztotincoform":null,"biztotcost":4.54048435347E10,"bizcost":3.467573207442E10,"inteexpe":null,"pounexpe":null,"realsalecost":null,"deveexpe":null,"surrgold":null,"compnetexpe":null,"contress":null,"polidiviexpe":null,"reinexpe":null,"otherbizcost":null,"biztax":1.7169691827E8,"salesexpe":6.6930763358E9,"manaexpe":3.54308253168E9,"finexpe":1.2506900847E8,"asseimpaloss":1.9618666606E8,"biztotcostitse":null,"biztotcostform":null,"valuechgloss":-1.8225815884E8,"inveinco":1.02919379984E9,"assoinveprof":null,"exchggain":null,"futuloss":null,"custinco":null,"subsidyincome":null,"otherbizprof":null,"bizprofitse":null,"operprofform":null,"perprofit":4.22869903117E9,"nonoreve":4.6032487314E8,"nonoexpe":5.648332012E7,"noncassetsdisl":null,"proftotitse":null,"proftotform":null,"totprofit":4.63254058419E9,"incotaxexpe":6.6069838198E8,"unreinveloss":null,"netpro1itse":null,"netpro1form":null,"netprofit":3.97184220221E9,"parenetp":3.3151731717E9,"mergeformnetprof":null,"minysharrigh":6.5666903051E8,"netpro2itse":null,"netpro2form":null,"basiceps":0.54,"dilutedeps":0.54,"othercompinco":-3.7665009576E8,"parecompinco":-3.8667141467E8,"minysharinco":1.002131891E7,"compincoamt":3.59519210645E9,"parecompincoamt":2.92850175703E9,"minysharincoamt":6.6669034942E8,"earlyundiprof":null,"undisprofredu":null,"otherinto":null,"otherdistprof":null,"legalsurp":null,"welfare":null,"capitalreserve":null,"staffaward":null,"reservefund":null,"developfund":null,"profreturninvest":null,"supplycurcap":null,"avaidistshareprof":null,"preferredskdiv":null,"freesurplu":null,"dealwithdivi":null,"capitalizeddivi":null,"undisprofit":null,"selldepartgain":null,"natudisasterloss":null,"accpolicychg":null,"accestimatechg":null,"debtrestruloss":null,"othersupply":null},{"compcode":"10000497","publishdate":"20160429","begindate":"20160101","enddate":"20160331","reporttype":"100111","adjustdate":"20160429","accstacode":"2","accstaname":"新会计准则","biztotinco":2.223660801525E10,"bizinco":2.223660801525E10,"inteinco":null,"earnprem":null,"pouninco":null,"realsale":null,"otherbizinco":null,"biztotincoitse":null,"biztotincoform":null,"biztotcost":2.096209650003E10,"bizcost":1.587979740633E10,"inteexpe":null,"pounexpe":null,"realsalecost":null,"deveexpe":null,"surrgold":null,"compnetexpe":null,"contress":null,"polidiviexpe":null,"reinexpe":null,"otherbizcost":null,"biztax":7.963337777E7,"salesexpe":3.21864782621E9,"manaexpe":1.67247797348E9,"finexpe":4926386.49,"asseimpaloss":1.0661352975E8,"biztotcostitse":null,"biztotcostform":null,"valuechgloss":-5.654315942E7,"inveinco":7.8065013095E8,"assoinveprof":null,"exchggain":null,"futuloss":null,"custinco":null,"subsidyincome":null,"otherbizprof":null,"bizprofitse":null,"operprofform":null,"perprofit":1.99861848675E9,"nonoreve":3.1565618047E8,"nonoexpe":2.273591259E7,"noncassetsdisl":null,"proftotitse":null,"proftotform":null,"totprofit":2.29153875463E9,"incotaxexpe":3.4301263991E8,"unreinveloss":null,"netpro1itse":null,"netpro1form":null,"netprofit":1.94852611472E9,"parenetp":1.59681513924E9,"mergeformnetprof":null,"minysharrigh":3.5171097548E8,"netpro2itse":null,"netpro2form":null,"basiceps":0.26,"dilutedeps":0.26,"othercompinco":-3.9477082972E8,"parecompinco":-3.9037918561E8,"minysharinco":-4391644.11,"compincoamt":1.553755285E9,"parecompincoamt":1.20643595363E9,"minysharincoamt":3.4731933137E8,"earlyundiprof":null,"undisprofredu":null,"otherinto":null,"otherdistprof":null,"legalsurp":null,"welfare":null,"capitalreserve":null,"staffaward":null,"reservefund":null,"developfund":null,"profreturninvest":null,"supplycurcap":null,"avaidistshareprof":null,"preferredskdiv":null,"freesurplu":null,"dealwithdivi":null,"capitalizeddivi":null,"undisprofit":null,"selldepartgain":null,"natudisasterloss":null,"accpolicychg":null,"accestimatechg":null,"debtrestruloss":null,"othersupply":null},{"compcode":"10000497","publishdate":"20160429","begindate":"20150101","enddate":"20151231","reporttype":"100111","adjustdate":"20160429","accstacode":"2","accstaname":"新会计准则","biztotinco":8.974832041091E10,"bizinco":8.974832041091E10,"inteinco":null,"earnprem":null,"pouninco":null,"realsale":null,"otherbizinco":null,"biztotincoitse":null,"biztotincoform":null,"biztotcost":8.452608176299E10,"bizcost":6.465846320753E10,"inteexpe":null,"pounexpe":null,"realsalecost":null,"deveexpe":null,"surrgold":null,"compnetexpe":null,"contress":null,"polidiviexpe":null,"reinexpe":null,"otherbizcost":null,"biztax":3.9725103985E8,"salesexpe":1.310128243695E10,"manaexpe":6.54919383944E9,"finexpe":-4.9812040583E8,"asseimpaloss":3.1801164505E8,"biztotcostitse":null,"biztotcostform":null,"valuechgloss":-9.02230595E7,"inveinco":1.32030221661E9,"assoinveprof":null,"exchggain":null,"futuloss":null,"custinco":null,"subsidyincome":null,"otherbizprof":null,"bizprofitse":null,"operprofform":null,"perprofit":6.45231780503E9,"nonoreve":6.1845726382E8,"nonoexpe":9.591616205E7,"noncassetsdisl":null,"proftotitse":null,"proftotform":null,"totprofit":6.9748589068E9,"incotaxexpe":1.05276941797E9,"unreinveloss":null,"netpro1itse":null,"netpro1form":null,"netprofit":5.92208948883E9,"parenetp":4.30076054282E9,"mergeformnetprof":null,"minysharrigh":1.62132894601E9,"netpro2itse":null,"netpro2form":null,"basiceps":0.71,"dilutedeps":0.71,"othercompinco":7.329709411E7,"parecompinco":5.571567067E7,"minysharinco":1.758142344E7,"compincoamt":5.99538658294E9,"parecompincoamt":4.35647621349E9,"minysharincoamt":1.63891036945E9,"earlyundiprof":null,"undisprofredu":null,"otherinto":null,"otherdistprof":null,"legalsurp":null,"welfare":null,"capitalreserve":null,"staffaward":null,"reservefund":null,"developfund":null,"profreturninvest":null,"supplycurcap":null,"avaidistshareprof":null,"preferredskdiv":null,"freesurplu":null,"dealwithdivi":null,"capitalizeddivi":null,"undisprofit":null,"selldepartgain":null,"natudisasterloss":null,"accpolicychg":null,"accestimatechg":null,"debtrestruloss":null,"othersupply":null},{"compcode":"10000497","publishdate":"20151031","begindate":"20150101","enddate":"20150930","reporttype":"100111","adjustdate":"20151031","accstacode":"2","accstaname":"新会计准则","biztotinco":6.263705098616E10,"bizinco":6.263705098616E10,"inteinco":null,"earnprem":null,"pouninco":null,"realsale":null,"otherbizinco":null,"biztotincoitse":null,"biztotincoform":null,"biztotcost":5.837216934295E10,"bizcost":4.524811520151E10,"inteexpe":null,"pounexpe":null,"realsalecost":null,"deveexpe":null,"surrgold":null,"compnetexpe":null,"contress":null,"polidiviexpe":null,"reinexpe":null,"otherbizcost":null,"biztax":2.9455763597E8,"salesexpe":8.79641917492E9,"manaexpe":4.1501953717E9,"finexpe":-2.9580615367E8,"asseimpaloss":1.7868811252E8,"biztotcostitse":null,"biztotcostform":null,"valuechgloss":null,"inveinco":8.4599759076E8,"assoinveprof":null,"exchggain":null,"futuloss":null,"custinco":null,"subsidyincome":null,"otherbizprof":null,"bizprofitse":null,"operprofform":null,"perprofit":5.11087923397E9,"nonoreve":3.0204046217E8,"nonoexpe":5.31707231E7,"noncassetsdisl":null,"proftotitse":null,"proftotform":null,"totprofit":5.35974897304E9,"incotaxexpe":8.4406097833E8,"unreinveloss":null,"netpro1itse":null,"netpro1form":null,"netprofit":4.51568799471E9,"parenetp":3.43132406829E9,"mergeformnetprof":null,"minysharrigh":1.08436392642E9,"netpro2itse":null,"netpro2form":null,"basiceps":0.56,"dilutedeps":0.56,"othercompinco":2.2484662481E8,"parecompinco":2.1372849902E8,"minysharinco":1.111812579E7,"compincoamt":4.74053461952E9,"parecompincoamt":3.64505256731E9,"minysharincoamt":1.09548205221E9,"earlyundiprof":null,"undisprofredu":null,"otherinto":null,"otherdistprof":null,"legalsurp":null,"welfare":null,"capitalreserve":null,"staffaward":null,"reservefund":null,"developfund":null,"profreturninvest":null,"supplycurcap":null,"avaidistshareprof":null,"preferredskdiv":null,"freesurplu":null,"dealwithdivi":null,"capitalizeddivi":null,"undisprofit":null,"selldepartgain":null,"natudisasterloss":null,"accpolicychg":null,"accestimatechg":null,"debtrestruloss":null,"othersupply":null},{"compcode":"10000497","publishdate":"20150829","begindate":"20150101","enddate":"20150630","reporttype":"100111","adjustdate":"20150829","accstacode":"2","accstaname":"新会计准则","biztotinco":4.192008557093E10,"bizinco":4.192008557093E10,"inteinco":null,"earnprem":null,"pouninco":null,"realsale":null,"otherbizinco":null,"biztotincoitse":null,"biztotincoform":null,"biztotcost":3.862725701978E10,"bizcost":3.027389466792E10,"inteexpe":null,"pounexpe":null,"realsalecost":null,"deveexpe":null,"surrgold":null,"compnetexpe":null,"contress":null,"polidiviexpe":null,"reinexpe":null,"otherbizcost":null,"biztax":1.9379289676E8,"salesexpe":5.53448953339E9,"manaexpe":2.69660972652E9,"finexpe":-2.1985513021E8,"asseimpaloss":1.483253254E8,"biztotcostitse":null,"biztotcostform":null,"valuechgloss":null,"inveinco":4.6815979109E8,"assoinveprof":null,"exchggain":null,"futuloss":null,"custinco":null,"subsidyincome":null,"otherbizprof":null,"bizprofitse":null,"operprofform":null,"perprofit":3.76098834224E9,"nonoreve":1.5751083697E8,"nonoexpe":3.209339588E7,"noncassetsdisl":null,"proftotitse":null,"proftotform":null,"totprofit":3.88640578333E9,"incotaxexpe":5.8624006665E8,"unreinveloss":null,"netpro1itse":null,"netpro1form":null,"netprofit":3.30016571668E9,"parenetp":2.62885717077E9,"mergeformnetprof":null,"minysharrigh":6.7130854591E8,"netpro2itse":null,"netpro2form":null,"basiceps":0.43,"dilutedeps":0.43,"othercompinco":2.1868332999E8,"parecompinco":2.2906864569E8,"minysharinco":-1.03853157E7,"compincoamt":3.51884904667E9,"parecompincoamt":2.85792581646E9,"minysharincoamt":6.6092323021E8,"earlyundiprof":null,"undisprofredu":null,"otherinto":null,"otherdistprof":null,"legalsurp":null,"welfare":null,"capitalreserve":null,"staffaward":null,"reservefund":null,"developfund":null,"profreturninvest":null,"supplycurcap":null,"avaidistshareprof":null,"preferredskdiv":null,"freesurplu":null,"dealwithdivi":null,"capitalizeddivi":null,"undisprofit":null,"selldepartgain":null,"natudisasterloss":null,"accpolicychg":null,"accestimatechg":null,"debtrestruloss":null,"othersupply":null},{"compcode":"10000497","publishdate":"20150430","begindate":"20150101","enddate":"20150331","reporttype":"100111","adjustdate":"20150430","accstacode":"2","accstaname":"新会计准则","biztotinco":2.187084731655E10,"bizinco":2.187084731655E10,"inteinco":null,"earnprem":null,"pouninco":null,"realsale":null,"otherbizinco":null,"biztotincoitse":null,"biztotincoform":null,"biztotcost":2.056776039313E10,"bizcost":1.582057402965E10,"inteexpe":null,"pounexpe":null,"realsalecost":null,"deveexpe":null,"surrgold":null,"compnetexpe":null,"contress":null,"polidiviexpe":null,"reinexpe":null,"otherbizcost":null,"biztax":8.715213962E7,"salesexpe":3.22833617713E9,"manaexpe":1.43627696466E9,"finexpe":-9.867532463E7,"asseimpaloss":9.40964067E7,"biztotcostitse":null,"biztotcostform":null,"valuechgloss":null,"inveinco":1.9117052794E8,"assoinveprof":null,"exchggain":null,"futuloss":null,"custinco":null,"subsidyincome":null,"otherbizprof":null,"bizprofitse":null,"operprofform":null,"perprofit":1.49425745136E9,"nonoreve":7.645589906E7,"nonoexpe":2.307015059E7,"noncassetsdisl":null,"proftotitse":null,"proftotform":null,"totprofit":1.54764319983E9,"incotaxexpe":2.7670829543E8,"unreinveloss":null,"netpro1itse":null,"netpro1form":null,"netprofit":1.2709349044E9,"parenetp":9.793321725E8,"mergeformnetprof":null,"minysharrigh":2.916027319E8,"netpro2itse":null,"netpro2form":null,"basiceps":0.32,"dilutedeps":0.32,"othercompinco":-9992688.62,"parecompinco":-9100805.31,"minysharinco":-891883.31,"compincoamt":1.26094221578E9,"parecompincoamt":9.7023136719E8,"minysharincoamt":2.9071084859E8,"earlyundiprof":null,"undisprofredu":null,"otherinto":null,"otherdistprof":null,"legalsurp":null,"welfare":null,"capitalreserve":null,"staffaward":null,"reservefund":null,"developfund":null,"profreturninvest":null,"supplycurcap":null,"avaidistshareprof":null,"preferredskdiv":null,"freesurplu":null,"dealwithdivi":null,"capitalizeddivi":null,"undisprofit":null,"selldepartgain":null,"natudisasterloss":null,"accpolicychg":null,"accestimatechg":null,"debtrestruloss":null,"othersupply":null},{"compcode":"10000497","publishdate":"20150331","begindate":"20140101","enddate":"20141231","reporttype":"100111","adjustdate":"20150331","accstacode":"2","accstaname":"新会计准则","biztotinco":8.877544447911E10,"bizinco":8.877544447911E10,"inteinco":null,"earnprem":null,"pouninco":null,"realsale":null,"otherbizinco":null,"biztotincoitse":null,"biztotincoform":null,"biztotcost":8.227633936117E10,"bizcost":6.434517840456E10,"inteexpe":null,"pounexpe":null,"realsalecost":null,"deveexpe":null,"surrgold":null,"compnetexpe":null,"contress":null,"polidiviexpe":null,"reinexpe":null,"otherbizcost":null,"biztax":3.9970646621E8,"salesexpe":1.157801516515E10,"manaexpe":5.99465520718E9,"finexpe":-2.3112954605E8,"asseimpaloss":1.8991366412E8,"biztotcostitse":null,"biztotcostform":null,"valuechgloss":null,"inveinco":1.23747584432E9,"assoinveprof":null,"exchggain":null,"futuloss":null,"custinco":null,"subsidyincome":null,"otherbizprof":null,"bizprofitse":null,"operprofform":null,"perprofit":7.73658096226E9,"nonoreve":3.7001285015E8,"nonoexpe":5.995758804E7,"noncassetsdisl":null,"proftotitse":null,"proftotform":null,"totprofit":8.04663622437E9,"incotaxexpe":1.35437405585E9,"unreinveloss":null,"netpro1itse":null,"netpro1form":null,"netprofit":6.69226216852E9,"parenetp":4.99155736087E9,"mergeformnetprof":null,"minysharrigh":1.70070480765E9,"netpro2itse":null,"netpro2form":null,"basiceps":1.74,"dilutedeps":1.74,"othercompinco":4.6026829435E8,"parecompinco":3.5994800591E8,"minysharinco":1.0032028844E8,"compincoamt":7.15253046287E9,"parecompincoamt":5.35150536678E9,"minysharincoamt":1.80102509609E9,"earlyundiprof":null,"undisprofredu":null,"otherinto":null,"otherdistprof":null,"legalsurp":null,"welfare":null,"capitalreserve":null,"staffaward":null,"reservefund":null,"developfund":null,"profreturninvest":null,"supplycurcap":null,"avaidistshareprof":null,"preferredskdiv":null,"freesurplu":null,"dealwithdivi":null,"capitalizeddivi":null,"undisprofit":null,"selldepartgain":null,"natudisasterloss":null,"accpolicychg":null,"accestimatechg":null,"debtrestruloss":null,"othersupply":null},{"compcode":"10000497","publishdate":"20141031","begindate":"20140101","enddate":"20140930","reporttype":"100111","adjustdate":"20141031","accstacode":"2","accstaname":"新会计准则","biztotinco":7.048749021848E10,"bizinco":7.048749021848E10,"inteinco":null,"earnprem":null,"pouninco":null,"realsale":null,"otherbizinco":null,"biztotincoitse":null,"biztotincoform":null,"biztotcost":6.519230144537E10,"bizcost":5.245824870997E10,"inteexpe":null,"pounexpe":null,"realsalecost":null,"deveexpe":null,"surrgold":null,"compnetexpe":null,"contress":null,"polidiviexpe":null,"reinexpe":null,"otherbizcost":null,"biztax":2.9487467099E8,"salesexpe":8.20742022534E9,"manaexpe":4.31210516625E9,"finexpe":-1.4038041229E8,"asseimpaloss":6.003308511E7,"biztotcostitse":null,"biztotcostform":null,"valuechgloss":null,"inveinco":1.04415974892E9,"assoinveprof":null,"exchggain":null,"futuloss":null,"custinco":null,"subsidyincome":null,"otherbizprof":null,"bizprofitse":null,"operprofform":null,"perprofit":6.33934852203E9,"nonoreve":2.6321135374E8,"nonoexpe":7.300712185E7,"noncassetsdisl":null,"proftotitse":null,"proftotform":null,"totprofit":6.52955275392E9,"incotaxexpe":1.08629422531E9,"unreinveloss":null,"netpro1itse":null,"netpro1form":null,"netprofit":5.44325852861E9,"parenetp":4.21620062682E9,"mergeformnetprof":null,"minysharrigh":1.22705790179E9,"netpro2itse":null,"netpro2form":null,"basiceps":1.5,"dilutedeps":1.5,"othercompinco":3.0743167352E8,"parecompinco":null,"minysharinco":null,"compincoamt":5.75069020213E9,"parecompincoamt":4.45898891171E9,"minysharincoamt":1.29170129042E9,"earlyundiprof":null,"undisprofredu":null,"otherinto":null,"otherdistprof":null,"legalsurp":null,"welfare":null,"capitalreserve":null,"staffaward":null,"reservefund":null,"developfund":null,"profreturninvest":null,"supplycurcap":null,"avaidistshareprof":null,"preferredskdiv":null,"freesurplu":null,"dealwithdivi":null,"capitalizeddivi":null,"undisprofit":null,"selldepartgain":null,"natudisasterloss":null,"accpolicychg":null,"accestimatechg":null,"debtrestruloss":null,"othersupply":null},{"compcode":"10000497","publishdate":"20140829","begindate":"20140101","enddate":"20140630","reporttype":"100111","adjustdate":"20140829","accstacode":"2","accstaname":"新会计准则","biztotinco":4.700071784011E10,"bizinco":4.700071784011E10,"inteinco":null,"earnprem":null,"pouninco":null,"realsale":null,"otherbizinco":null,"biztotincoitse":null,"biztotincoform":null,"biztotcost":4.351484319017E10,"bizcost":3.525218240162E10,"inteexpe":null,"pounexpe":null,"realsalecost":null,"deveexpe":null,"surrgold":null,"compnetexpe":null,"contress":null,"polidiviexpe":null,"reinexpe":null,"otherbizcost":null,"biztax":1.9100304166E8,"salesexpe":5.151015307E9,"manaexpe":2.92222523826E9,"finexpe":-7.489260207E7,"asseimpaloss":7.33098037E7,"biztotcostitse":null,"biztotcostform":null,"valuechgloss":null,"inveinco":3.1426957487E8,"assoinveprof":null,"exchggain":null,"futuloss":null,"custinco":null,"subsidyincome":null,"otherbizprof":null,"bizprofitse":null,"operprofform":null,"perprofit":3.80014422481E9,"nonoreve":1.830650174E8,"nonoexpe":1.7625836E7,"noncassetsdisl":null,"proftotitse":null,"proftotform":null,"totprofit":3.96558340621E9,"incotaxexpe":6.6908123764E8,"unreinveloss":null,"netpro1itse":null,"netpro1form":null,"netprofit":3.29650216857E9,"parenetp":2.57724305581E9,"mergeformnetprof":null,"minysharrigh":7.1925911276E8,"netpro2itse":null,"netpro2form":null,"basiceps":0.95,"dilutedeps":0.95,"othercompinco":2.11275951E7,"parecompinco":null,"minysharinco":null,"compincoamt":3.31762976367E9,"parecompincoamt":2.59728918353E9,"minysharincoamt":7.2034058014E8,"earlyundiprof":null,"undisprofredu":null,"otherinto":null,"otherdistprof":null,"legalsurp":null,"welfare":null,"capitalreserve":null,"staffaward":null,"reservefund":null,"developfund":null,"profreturninvest":null,"supplycurcap":null,"avaidistshareprof":null,"preferredskdiv":null,"freesurplu":null,"dealwithdivi":null,"capitalizeddivi":null,"undisprofit":null,"selldepartgain":null,"natudisasterloss":null,"accpolicychg":null,"accestimatechg":null,"debtrestruloss":null,"othersupply":null},{"compcode":"10000497","publishdate":"20140429","begindate":"20140101","enddate":"20140331","reporttype":"100111","adjustdate":"20140429","accstacode":"2","accstaname":"新会计准则","biztotinco":2.239268463439E10,"bizinco":2.239268463439E10,"inteinco":null,"earnprem":null,"pouninco":null,"realsale":null,"otherbizinco":null,"biztotincoitse":null,"biztotincoform":null,"biztotcost":2.119020775115E10,"bizcost":1.684455060333E10,"inteexpe":null,"pounexpe":null,"realsalecost":null,"deveexpe":null,"surrgold":null,"compnetexpe":null,"contress":null,"polidiviexpe":null,"reinexpe":null,"otherbizcost":null,"biztax":9.239456708E7,"salesexpe":2.93844445495E9,"manaexpe":1.35801366793E9,"finexpe":-9.781360458E7,"asseimpaloss":5.461806244E7,"biztotcostitse":null,"biztotcostform":null,"valuechgloss":null,"inveinco":1.5163374235E8,"assoinveprof":null,"exchggain":null,"futuloss":null,"custinco":null,"subsidyincome":null,"otherbizprof":null,"bizprofitse":null,"operprofform":null,"perprofit":1.35411062559E9,"nonoreve":7.479551255E7,"nonoexpe":4149370.56,"noncassetsdisl":null,"proftotitse":null,"proftotform":null,"totprofit":1.42475676758E9,"incotaxexpe":2.451520419E8,"unreinveloss":null,"netpro1itse":null,"netpro1form":null,"netprofit":1.17960472568E9,"parenetp":8.6746581318E8,"mergeformnetprof":null,"minysharrigh":3.121389125E8,"netpro2itse":null,"netpro2form":null,"basiceps":0.32,"dilutedeps":0.32,"othercompinco":-1.848939534E7,"parecompinco":null,"minysharinco":null,"compincoamt":1.16111533034E9,"parecompincoamt":8.5405901783E8,"minysharincoamt":3.0705631251E8,"earlyundiprof":null,"undisprofredu":null,"otherinto":null,"otherdistprof":null,"legalsurp":null,"welfare":null,"capitalreserve":null,"staffaward":null,"reservefund":null,"developfund":null,"profreturninvest":null,"supplycurcap":null,"avaidistshareprof":null,"preferredskdiv":null,"freesurplu":null,"dealwithdivi":null,"capitalizeddivi":null,"undisprofit":null,"selldepartgain":null,"natudisasterloss":null,"accpolicychg":null,"accestimatechg":null,"debtrestruloss":null,"othersupply":null},{"compcode":"10000497","publishdate":"20140429","begindate":"20130101","enddate":"20131231","reporttype":"100111","adjustdate":"20140429","accstacode":"2","accstaname":"新会计准则","biztotinco":8.648772356083E10,"bizinco":8.648772356083E10,"inteinco":null,"earnprem":null,"pouninco":null,"realsale":null,"otherbizinco":null,"biztotincoitse":null,"biztotincoform":null,"biztotcost":8.094105378144E10,"bizcost":6.458610908261E10,"inteexpe":null,"pounexpe":null,"realsalecost":null,"deveexpe":null,"surrgold":null,"compnetexpe":null,"contress":null,"polidiviexpe":null,"reinexpe":null,"otherbizcost":null,"biztax":4.3340873613E8,"salesexpe":1.030681742392E10,"manaexpe":5.44304944718E9,"finexpe":-4.574548218E7,"asseimpaloss":2.1741457378E8,"biztotcostitse":null,"biztotcostform":null,"valuechgloss":null,"inveinco":6.2187363453E8,"assoinveprof":null,"exchggain":null,"futuloss":null,"custinco":null,"subsidyincome":null,"otherbizprof":null,"bizprofitse":null,"operprofform":null,"perprofit":6.16854341392E9,"nonoreve":5.9994918282E8,"nonoexpe":5.451846328E7,"noncassetsdisl":null,"proftotitse":null,"proftotform":null,"totprofit":6.71397413346E9,"incotaxexpe":1.16269307116E9,"unreinveloss":null,"netpro1itse":null,"netpro1form":null,"netprofit":5.5512810623E9,"parenetp":4.16815289292E9,"mergeformnetprof":null,"minysharrigh":1.38312816938E9,"netpro2itse":null,"netpro2form":null,"basiceps":1.53,"dilutedeps":1.53,"othercompinco":-1.340554178E7,"parecompinco":null,"minysharinco":null,"compincoamt":5.53787552052E9,"parecompincoamt":4.16595159984E9,"minysharincoamt":1.37192392068E9,"earlyundiprof":null,"undisprofredu":null,"otherinto":null,"otherdistprof":null,"legalsurp":null,"welfare":null,"capitalreserve":null,"staffaward":null,"reservefund":null,"developfund":null,"profreturninvest":null,"supplycurcap":null,"avaidistshareprof":null,"preferredskdiv":null,"freesurplu":null,"dealwithdivi":null,"capitalizeddivi":null,"undisprofit":null,"selldepartgain":null,"natudisasterloss":null,"accpolicychg":null,"accestimatechg":null,"debtrestruloss":null,"othersupply":null},{"compcode":"10000497","publishdate":"20131031","begindate":"20130101","enddate":"20130930","reporttype":"100111","adjustdate":"20131031","accstacode":"2","accstaname":"新会计准则","biztotinco":6.65556761855E10,"bizinco":6.65556761855E10,"inteinco":null,"earnprem":null,"pouninco":null,"realsale":null,"otherbizinco":null,"biztotincoitse":null,"biztotincoform":null,"biztotcost":6.214233607E10,"bizcost":4.978690791211E10,"inteexpe":null,"pounexpe":null,"realsalecost":null,"deveexpe":null,"surrgold":null,"compnetexpe":null,"contress":null,"polidiviexpe":null,"reinexpe":null,"otherbizcost":null,"biztax":3.4578378433E8,"salesexpe":7.41290334602E9,"manaexpe":4.34227383765E9,"finexpe":-9643580.65,"asseimpaloss":2.6411077054E8,"biztotcostitse":null,"biztotcostform":null,"valuechgloss":null,"inveinco":4.6362972903E8,"assoinveprof":null,"exchggain":null,"futuloss":null,"custinco":null,"subsidyincome":null,"otherbizprof":null,"bizprofitse":null,"operprofform":null,"perprofit":4.87696984453E9,"nonoreve":5.8153235908E8,"nonoexpe":8.101382991E7,"noncassetsdisl":null,"proftotitse":null,"proftotform":null,"totprofit":5.3774883737E9,"incotaxexpe":9.4927318503E8,"unreinveloss":null,"netpro1itse":null,"netpro1form":null,"netprofit":4.42821518867E9,"parenetp":3.45780756933E9,"mergeformnetprof":null,"minysharrigh":9.7040761934E8,"netpro2itse":null,"netpro2form":null,"basiceps":1.28,"dilutedeps":1.28,"othercompinco":1.255512605E7,"parecompinco":null,"minysharinco":null,"compincoamt":4.44077031472E9,"parecompincoamt":3.47433486993E9,"minysharincoamt":9.6643544479E8,"earlyundiprof":null,"undisprofredu":null,"otherinto":null,"otherdistprof":null,"legalsurp":null,"welfare":null,"capitalreserve":null,"staffaward":null,"reservefund":null,"developfund":null,"profreturninvest":null,"supplycurcap":null,"avaidistshareprof":null,"preferredskdiv":null,"freesurplu":null,"dealwithdivi":null,"capitalizeddivi":null,"undisprofit":null,"selldepartgain":null,"natudisasterloss":null,"accpolicychg":null,"accestimatechg":null,"debtrestruloss":null,"othersupply":null},{"compcode":"10000497","publishdate":"20130828","begindate":"20130101","enddate":"20130630","reporttype":"100111","adjustdate":"20130828","accstacode":"2","accstaname":"新会计准则","biztotinco":4.297052517475E10,"bizinco":4.297052517475E10,"inteinco":null,"earnprem":null,"pouninco":null,"realsale":null,"otherbizinco":null,"biztotincoitse":null,"biztotincoform":null,"biztotcost":4.012438405478E10,"bizcost":3.233275172122E10,"inteexpe":null,"pounexpe":null,"realsalecost":null,"deveexpe":null,"surrgold":null,"compnetexpe":null,"contress":null,"polidiviexpe":null,"reinexpe":null,"otherbizcost":null,"biztax":2.0905805659E8,"salesexpe":4.7397996309E9,"manaexpe":2.72525134498E9,"finexpe":-5639121.93,"asseimpaloss":1.2316242302E8,"biztotcostitse":null,"biztotcostform":null,"valuechgloss":null,"inveinco":2.9651733155E8,"assoinveprof":null,"exchggain":null,"futuloss":null,"custinco":null,"subsidyincome":null,"otherbizprof":null,"bizprofitse":null,"operprofform":null,"perprofit":3.14265845152E9,"nonoreve":1.274499252E8,"nonoexpe":2.584618963E7,"noncassetsdisl":null,"proftotitse":null,"proftotform":null,"totprofit":3.24426218709E9,"incotaxexpe":5.4272413833E8,"unreinveloss":null,"netpro1itse":null,"netpro1form":null,"netprofit":2.70153804876E9,"parenetp":2.13076803571E9,"mergeformnetprof":null,"minysharrigh":5.7077001305E8,"netpro2itse":null,"netpro2form":null,"basiceps":0.79,"dilutedeps":0.79,"othercompinco":1.943233808E7,"parecompinco":null,"minysharinco":null,"compincoamt":2.72097038684E9,"parecompincoamt":2.15347088881E9,"minysharincoamt":5.6749949803E8,"earlyundiprof":null,"undisprofredu":null,"otherinto":null,"otherdistprof":null,"legalsurp":null,"welfare":null,"capitalreserve":null,"staffaward":null,"reservefund":null,"developfund":null,"profreturninvest":null,"supplycurcap":null,"avaidistshareprof":null,"preferredskdiv":null,"freesurplu":null,"dealwithdivi":null,"capitalizeddivi":null,"undisprofit":null,"selldepartgain":null,"natudisasterloss":null,"accpolicychg":null,"accestimatechg":null,"debtrestruloss":null,"othersupply":null},{"compcode":"10000497","publishdate":"20130419","begindate":"20130101","enddate":"20130331","reporttype":"100111","adjustdate":"20130419","accstacode":"2","accstaname":"新会计准则","biztotinco":2.054849204423E10,"bizinco":2.054849204423E10,"inteinco":null,"earnprem":null,"pouninco":null,"realsale":null,"otherbizinco":null,"biztotincoitse":null,"biztotincoform":null,"biztotcost":1.958640794796E10,"bizcost":1.554740029355E10,"inteexpe":null,"pounexpe":null,"realsalecost":null,"deveexpe":null,"surrgold":null,"compnetexpe":null,"contress":null,"polidiviexpe":null,"reinexpe":null,"otherbizcost":null,"biztax":7.87596089E7,"salesexpe":2.78837486338E9,"manaexpe":1.102204636E9,"finexpe":4813147.28,"asseimpaloss":6.485539885E7,"biztotcostitse":null,"biztotcostform":null,"valuechgloss":null,"inveinco":1.4206095481E8,"assoinveprof":null,"exchggain":null,"futuloss":null,"custinco":null,"subsidyincome":null,"otherbizprof":null,"bizprofitse":null,"operprofform":null,"perprofit":1.10414505108E9,"nonoreve":5.449885879E7,"nonoexpe":2394004.58,"noncassetsdisl":null,"proftotitse":null,"proftotform":null,"totprofit":1.15624990529E9,"incotaxexpe":1.7935068304E8,"unreinveloss":null,"netpro1itse":null,"netpro1form":null,"netprofit":9.7689922225E8,"parenetp":7.2121750424E8,"mergeformnetprof":null,"minysharrigh":2.5568171801E8,"netpro2itse":null,"netpro2form":null,"basiceps":0.27,"dilutedeps":0.27,"othercompinco":1.967443754E7,"parecompinco":null,"minysharinco":null,"compincoamt":9.9657365979E8,"parecompincoamt":7.4114655302E8,"minysharincoamt":2.5542710677E8,"earlyundiprof":null,"undisprofredu":null,"otherinto":null,"otherdistprof":null,"legalsurp":null,"welfare":null,"capitalreserve":null,"staffaward":null,"reservefund":null,"developfund":null,"profreturninvest":null,"supplycurcap":null,"avaidistshareprof":null,"preferredskdiv":null,"freesurplu":null,"dealwithdivi":null,"capitalizeddivi":null,"undisprofit":null,"selldepartgain":null,"natudisasterloss":null,"accpolicychg":null,"accestimatechg":null,"debtrestruloss":null,"othersupply":null},{"compcode":"10000497","publishdate":"20130321","begindate":"20120101","enddate":"20121231","reporttype":"100111","adjustdate":"20130321","accstacode":"2","accstaname":"新会计准则","biztotinco":7.985659781097E10,"bizinco":7.985659781097E10,"inteinco":null,"earnprem":null,"pouninco":null,"realsale":null,"otherbizinco":null,"biztotincoitse":null,"biztotincoform":null,"biztotcost":7.512927089721E10,"bizcost":5.970387081798E10,"inteexpe":null,"pounexpe":null,"realsalecost":null,"deveexpe":null,"surrgold":null,"compnetexpe":null,"contress":null,"polidiviexpe":null,"reinexpe":null,"otherbizcost":null,"biztax":4.2987223417E8,"salesexpe":9.62879816766E9,"manaexpe":5.18899599997E9,"finexpe":-2.214710829E7,"asseimpaloss":1.9988078572E8,"biztotcostitse":null,"biztotcostform":null,"valuechgloss":null,"inveinco":5.4258653835E8,"assoinveprof":null,"exchggain":null,"futuloss":null,"custinco":null,"subsidyincome":null,"otherbizprof":null,"bizprofitse":null,"operprofform":null,"perprofit":5.26991345211E9,"nonoreve":1.9736519482E8,"nonoexpe":3.901012354E7,"noncassetsdisl":null,"proftotitse":null,"proftotform":null,"totprofit":5.42826852339E9,"incotaxexpe":1.06765794246E9,"unreinveloss":null,"netpro1itse":null,"netpro1form":null,"netprofit":4.36061058093E9,"parenetp":3.26945940122E9,"mergeformnetprof":null,"minysharrigh":1.09115117971E9,"netpro2itse":null,"netpro2form":null,"basiceps":1.22,"dilutedeps":1.22,"othercompinco":-1196033.28,"parecompinco":null,"minysharinco":null,"compincoamt":4.35941454765E9,"parecompincoamt":3.26747962172E9,"minysharincoamt":1.09193492593E9,"earlyundiprof":null,"undisprofredu":null,"otherinto":null,"otherdistprof":null,"legalsurp":null,"welfare":null,"capitalreserve":null,"staffaward":null,"reservefund":null,"developfund":null,"profreturninvest":null,"supplycurcap":null,"avaidistshareprof":null,"preferredskdiv":null,"freesurplu":null,"dealwithdivi":null,"capitalizeddivi":null,"undisprofit":null,"selldepartgain":null,"natudisasterloss":null,"accpolicychg":null,"accestimatechg":null,"debtrestruloss":null,"othersupply":null},{"compcode":"10000497","publishdate":"20121031","begindate":"20120101","enddate":"20120930","reporttype":"100111","adjustdate":"20121031","accstacode":"2","accstaname":"新会计准则","biztotinco":6.062718516381E10,"bizinco":6.062718516381E10,"inteinco":null,"earnprem":null,"pouninco":null,"realsale":null,"otherbizinco":null,"biztotincoitse":null,"biztotincoform":null,"biztotcost":5.689027691546E10,"bizcost":4.523665135842E10,"inteexpe":null,"pounexpe":null,"realsalecost":null,"deveexpe":null,"surrgold":null,"compnetexpe":null,"contress":null,"polidiviexpe":null,"reinexpe":null,"otherbizcost":null,"biztax":2.9485773137E8,"salesexpe":7.65854931179E9,"manaexpe":3.68435175913E9,"finexpe":-1.885391685E7,"asseimpaloss":3.47206716E7,"biztotcostitse":null,"biztotcostform":null,"valuechgloss":null,"inveinco":4.4387969098E8,"assoinveprof":null,"exchggain":null,"futuloss":null,"custinco":null,"subsidyincome":null,"otherbizprof":null,"bizprofitse":null,"operprofform":null,"perprofit":4.18078793933E9,"nonoreve":1.4147564151E8,"nonoexpe":2.059872859E7,"noncassetsdisl":null,"proftotitse":null,"proftotform":null,"totprofit":4.30166485225E9,"incotaxexpe":6.9717385755E8,"unreinveloss":null,"netpro1itse":null,"netpro1form":null,"netprofit":3.6044909947E9,"parenetp":2.76156218973E9,"mergeformnetprof":null,"minysharrigh":8.4292880497E8,"netpro2itse":null,"netpro2form":null,"basiceps":1.03,"dilutedeps":1.03,"othercompinco":9353317.15,"parecompinco":null,"minysharinco":null,"compincoamt":3.61384431185E9,"parecompincoamt":2.76230827137E9,"minysharincoamt":8.5153604048E8,"earlyundiprof":null,"undisprofredu":null,"otherinto":null,"otherdistprof":null,"legalsurp":null,"welfare":null,"capitalreserve":null,"staffaward":null,"reservefund":null,"developfund":null,"profreturninvest":null,"supplycurcap":null,"avaidistshareprof":null,"preferredskdiv":null,"freesurplu":null,"dealwithdivi":null,"capitalizeddivi":null,"undisprofit":null,"selldepartgain":null,"natudisasterloss":null,"accpolicychg":null,"accestimatechg":null,"debtrestruloss":null,"othersupply":null},{"compcode":"10000497","publishdate":"20120831","begindate":"20120101","enddate":"20120630","reporttype":"100111","adjustdate":"20120831","accstacode":"2","accstaname":"新会计准则","biztotinco":4.046969352964E10,"bizinco":4.046969352964E10,"inteinco":null,"earnprem":null,"pouninco":null,"realsale":null,"otherbizinco":null,"biztotincoitse":null,"biztotincoform":null,"biztotcost":3.799600944398E10,"bizcost":3.05188660746E10,"inteexpe":null,"pounexpe":null,"realsalecost":null,"deveexpe":null,"surrgold":null,"compnetexpe":null,"contress":null,"polidiviexpe":null,"reinexpe":null,"otherbizcost":null,"biztax":1.6644838059E8,"salesexpe":5.05700193388E9,"manaexpe":2.2366122759E9,"finexpe":-4592440.67,"asseimpaloss":2.167321968E7,"biztotcostitse":null,"biztotcostform":null,"valuechgloss":null,"inveinco":2.9279201815E8,"assoinveprof":2.6545476132E8,"exchggain":null,"futuloss":null,"custinco":null,"subsidyincome":null,"otherbizprof":null,"bizprofitse":null,"operprofform":null,"perprofit":2.76647610381E9,"nonoreve":5.335779653E7,"nonoexpe":9223896.29,"noncassetsdisl":2870551.63,"proftotitse":null,"proftotform":null,"totprofit":2.81061000405E9,"incotaxexpe":4.157963331E8,"unreinveloss":null,"netpro1itse":null,"netpro1form":null,"netprofit":2.39481367095E9,"parenetp":1.85228979582E9,"mergeformnetprof":null,"minysharrigh":5.4252387513E8,"netpro2itse":null,"netpro2form":null,"basiceps":0.69,"dilutedeps":0.69,"othercompinco":1483382.13,"parecompinco":null,"minysharinco":null,"compincoamt":2.39629705308E9,"parecompincoamt":1.85104373451E9,"minysharincoamt":5.4525331857E8,"earlyundiprof":null,"undisprofredu":null,"otherinto":null,"otherdistprof":null,"legalsurp":null,"welfare":null,"capitalreserve":null,"staffaward":null,"reservefund":null,"developfund":null,"profreturninvest":null,"supplycurcap":null,"avaidistshareprof":null,"preferredskdiv":null,"freesurplu":null,"dealwithdivi":null,"capitalizeddivi":null,"undisprofit":null,"selldepartgain":null,"natudisasterloss":null,"accpolicychg":null,"accestimatechg":null,"debtrestruloss":null,"othersupply":null},{"compcode":"10000497","publishdate":"20120427","begindate":"20120101","enddate":"20120331","reporttype":"100111","adjustdate":"20120427","accstacode":"2","accstaname":"新会计准则","biztotinco":1.868857712409E10,"bizinco":1.868857712409E10,"inteinco":null,"earnprem":null,"pouninco":null,"realsale":null,"otherbizinco":null,"biztotincoitse":null,"biztotincoform":null,"biztotcost":1.784717294567E10,"bizcost":1.421141396962E10,"inteexpe":null,"pounexpe":null,"realsalecost":null,"deveexpe":null,"surrgold":null,"compnetexpe":null,"contress":null,"polidiviexpe":null,"reinexpe":null,"otherbizcost":null,"biztax":6.545819134E7,"salesexpe":2.6001911199E9,"manaexpe":9.595531195E8,"finexpe":6029662.13,"asseimpaloss":4526883.18,"biztotcostitse":null,"biztotcostform":null,"valuechgloss":null,"inveinco":1.328072885E8,"assoinveprof":null,"exchggain":null,"futuloss":null,"custinco":null,"subsidyincome":null,"otherbizprof":null,"bizprofitse":null,"operprofform":null,"perprofit":9.7421146692E8,"nonoreve":2.247883042E7,"nonoexpe":1351023.66,"noncassetsdisl":null,"proftotitse":null,"proftotform":null,"totprofit":9.9533927368E8,"incotaxexpe":1.3196037116E8,"unreinveloss":null,"netpro1itse":null,"netpro1form":null,"netprofit":8.6337890252E8,"parenetp":6.2080462589E8,"mergeformnetprof":null,"minysharrigh":2.4257427663E8,"netpro2itse":null,"netpro2form":null,"basiceps":0.23,"dilutedeps":0.23,"othercompinco":-1.145436362E7,"parecompinco":null,"minysharinco":null,"compincoamt":8.519245389E8,"parecompincoamt":6.140172555E8,"minysharincoamt":2.379072834E8,"earlyundiprof":null,"undisprofredu":null,"otherinto":null,"otherdistprof":null,"legalsurp":null,"welfare":null,"capitalreserve":null,"staffaward":null,"reservefund":null,"developfund":null,"profreturninvest":null,"supplycurcap":null,"avaidistshareprof":null,"preferredskdiv":null,"freesurplu":null,"dealwithdivi":null,"capitalizeddivi":null,"undisprofit":null,"selldepartgain":null,"natudisasterloss":null,"accpolicychg":null,"accestimatechg":null,"debtrestruloss":null,"othersupply":null},{"compcode":"10000497","publishdate":"20120331","begindate":"20110101","enddate":"20111231","reporttype":"100111","adjustdate":"20120331","accstacode":"2","accstaname":"新会计准则","biztotinco":7.366250162724E10,"bizinco":7.366250162724E10,"inteinco":null,"earnprem":null,"pouninco":null,"realsale":null,"otherbizinco":null,"biztotincoitse":null,"biztotincoform":null,"biztotcost":7.002045841385E10,"bizcost":5.626308134394E10,"inteexpe":null,"pounexpe":null,"realsalecost":null,"deveexpe":null,"surrgold":null,"compnetexpe":null,"contress":null,"polidiviexpe":null,"reinexpe":null,"otherbizcost":null,"biztax":3.318810101E8,"salesexpe":9.09934257893E9,"manaexpe":4.0532026129E9,"finexpe":1.1538043491E8,"asseimpaloss":1.5757043307E8,"biztotcostitse":null,"biztotcostform":null,"valuechgloss":null,"inveinco":4.2076485088E8,"assoinveprof":null,"exchggain":null,"futuloss":null,"custinco":null,"subsidyincome":null,"otherbizprof":null,"bizprofitse":null,"operprofform":null,"perprofit":4.06280806427E9,"nonoreve":3.6972250394E8,"nonoexpe":1.898872584E7,"noncassetsdisl":4633281.56,"proftotitse":null,"proftotform":null,"totprofit":4.41354184237E9,"incotaxexpe":7.6587916487E8,"unreinveloss":null,"netpro1itse":null,"netpro1form":null,"netprofit":3.6476626775E9,"parenetp":2.69002220741E9,"mergeformnetprof":null,"minysharrigh":9.5764047009E8,"netpro2itse":null,"netpro2form":null,"basiceps":1.0,"dilutedeps":1.0,"othercompinco":-3893627.44,"parecompinco":null,"minysharinco":null,"compincoamt":3.64376905006E9,"parecompincoamt":2.69735914284E9,"minysharincoamt":9.4640990722E8,"earlyundiprof":null,"undisprofredu":null,"otherinto":null,"otherdistprof":null,"legalsurp":null,"welfare":null,"capitalreserve":null,"staffaward":null,"reservefund":null,"developfund":null,"profreturninvest":null,"supplycurcap":null,"avaidistshareprof":null,"preferredskdiv":null,"freesurplu":null,"dealwithdivi":null,"capitalizeddivi":null,"undisprofit":null,"selldepartgain":null,"natudisasterloss":null,"accpolicychg":null,"accestimatechg":null,"debtrestruloss":null,"othersupply":null},{"compcode":"10000497","publishdate":"20111028","begindate":"20110101","enddate":"20110930","reporttype":"100111","adjustdate":"20111028","accstacode":"2","accstaname":"新会计准则","biztotinco":5.68319761959E10,"bizinco":5.68319761959E10,"inteinco":null,"earnprem":null,"pouninco":null,"realsale":null,"otherbizinco":null,"biztotincoitse":null,"biztotincoform":null,"biztotcost":5.378944248944E10,"bizcost":4.29438287143E10,"inteexpe":null,"pounexpe":null,"realsalecost":null,"deveexpe":null,"surrgold":null,"compnetexpe":null,"contress":null,"polidiviexpe":null,"reinexpe":null,"otherbizcost":null,"biztax":2.4285322667E8,"salesexpe":7.49337894427E9,"manaexpe":2.91675041895E9,"finexpe":1.3377577065E8,"asseimpaloss":5.88554146E7,"biztotcostitse":null,"biztotcostform":null,"valuechgloss":null,"inveinco":3.1921298857E8,"assoinveprof":null,"exchggain":null,"futuloss":null,"custinco":null,"subsidyincome":null,"otherbizprof":null,"bizprofitse":null,"operprofform":null,"perprofit":3.36174669503E9,"nonoreve":2.1607424878E8,"nonoexpe":1.467441383E7,"noncassetsdisl":null,"proftotitse":null,"proftotform":null,"totprofit":3.56314652998E9,"incotaxexpe":6.1096113904E8,"unreinveloss":null,"netpro1itse":null,"netpro1form":null,"netprofit":2.95218539094E9,"parenetp":2.25580445021E9,"mergeformnetprof":null,"minysharrigh":6.9638094073E8,"netpro2itse":null,"netpro2form":null,"basiceps":0.84,"dilutedeps":0.84,"othercompinco":-2.873957473E7,"parecompinco":null,"minysharinco":null,"compincoamt":2.92344581621E9,"parecompincoamt":2.23861971402E9,"minysharincoamt":6.8482610219E8,"earlyundiprof":null,"undisprofredu":null,"otherinto":null,"otherdistprof":null,"legalsurp":null,"welfare":null,"capitalreserve":null,"staffaward":null,"reservefund":null,"developfund":null,"profreturninvest":null,"supplycurcap":null,"avaidistshareprof":null,"preferredskdiv":null,"freesurplu":null,"dealwithdivi":null,"capitalizeddivi":null,"undisprofit":null,"selldepartgain":null,"natudisasterloss":null,"accpolicychg":null,"accestimatechg":null,"debtrestruloss":null,"othersupply":null},{"compcode":"10000497","publishdate":"20110831","begindate":"20110101","enddate":"20110630","reporttype":"100111","adjustdate":"20110831","accstacode":"2","accstaname":"新会计准则","biztotinco":3.799469267028E10,"bizinco":3.799469267028E10,"inteinco":null,"earnprem":null,"pouninco":null,"realsale":null,"otherbizinco":null,"biztotincoitse":null,"biztotincoform":null,"biztotcost":3.595186969152E10,"bizcost":2.88353688574E10,"inteexpe":null,"pounexpe":null,"realsalecost":null,"deveexpe":null,"surrgold":null,"compnetexpe":null,"contress":null,"polidiviexpe":null,"reinexpe":null,"otherbizcost":null,"biztax":1.5666071224E8,"salesexpe":4.88554343321E9,"manaexpe":1.90592385164E9,"finexpe":1.1392449564E8,"asseimpaloss":5.444834139E7,"biztotcostitse":null,"biztotcostform":null,"valuechgloss":null,"inveinco":2.10865291E8,"assoinveprof":null,"exchggain":null,"futuloss":null,"custinco":null,"subsidyincome":null,"otherbizprof":null,"bizprofitse":null,"operprofform":null,"perprofit":2.25368826976E9,"nonoreve":1.4076220979E8,"nonoexpe":5005261.19,"noncassetsdisl":null,"proftotitse":null,"proftotform":null,"totprofit":2.38944521836E9,"incotaxexpe":3.9941363179E8,"unreinveloss":null,"netpro1itse":null,"netpro1form":null,"netprofit":1.99003158657E9,"parenetp":1.52703775664E9,"mergeformnetprof":null,"minysharrigh":4.6299382993E8,"netpro2itse":null,"netpro2form":null,"basiceps":0.57,"dilutedeps":0.57,"othercompinco":-1.35303904E7,"parecompinco":null,"minysharinco":null,"compincoamt":1.97650119617E9,"parecompincoamt":1.51704891854E9,"minysharincoamt":4.5945227763E8,"earlyundiprof":null,"undisprofredu":null,"otherinto":null,"otherdistprof":null,"legalsurp":null,"welfare":null,"capitalreserve":null,"staffaward":null,"reservefund":null,"developfund":null,"profreturninvest":null,"supplycurcap":null,"avaidistshareprof":null,"preferredskdiv":null,"freesurplu":null,"dealwithdivi":null,"capitalizeddivi":null,"undisprofit":null,"selldepartgain":null,"natudisasterloss":null,"accpolicychg":null,"accestimatechg":null,"debtrestruloss":null,"othersupply":null},{"compcode":"10000497","publishdate":"20110427","begindate":"20110101","enddate":"20110331","reporttype":"100111","adjustdate":"20110427","accstacode":"2","accstaname":"新会计准则","biztotinco":1.647837906188E10,"bizinco":1.647837906188E10,"inteinco":null,"earnprem":null,"pouninco":null,"realsale":null,"otherbizinco":null,"biztotincoitse":null,"biztotincoform":null,"biztotcost":1.579150473481E10,"bizcost":1.245478327867E10,"inteexpe":null,"pounexpe":null,"realsalecost":null,"deveexpe":null,"surrgold":null,"compnetexpe":null,"contress":null,"polidiviexpe":null,"reinexpe":null,"otherbizcost":null,"biztax":6.517678412E7,"salesexpe":2.38701968845E9,"manaexpe":8.0980989183E8,"finexpe":5.489170891E7,"asseimpaloss":1.982338283E7,"biztotcostitse":null,"biztotcostform":null,"valuechgloss":null,"inveinco":9.365772286E7,"assoinveprof":9.365772286E7,"exchggain":null,"futuloss":null,"custinco":null,"subsidyincome":null,"otherbizprof":null,"bizprofitse":null,"operprofform":null,"perprofit":7.8053204993E8,"nonoreve":9.321545716E7,"nonoexpe":2777298.09,"noncassetsdisl":140772.78,"proftotitse":null,"proftotform":null,"totprofit":8.70970209E8,"incotaxexpe":1.5765245918E8,"unreinveloss":null,"netpro1itse":null,"netpro1form":null,"netprofit":7.1331774982E8,"parenetp":5.3087222106E8,"mergeformnetprof":null,"minysharrigh":1.8244552876E8,"netpro2itse":null,"netpro2form":null,"basiceps":0.4,"dilutedeps":0.39,"othercompinco":2.445676419E7,"parecompinco":null,"minysharinco":null,"compincoamt":7.3777451401E8,"parecompincoamt":5.4365677329E8,"minysharincoamt":1.9411774072E8,"earlyundiprof":null,"undisprofredu":null,"otherinto":null,"otherdistprof":null,"legalsurp":null,"welfare":null,"capitalreserve":null,"staffaward":null,"reservefund":null,"developfund":null,"profreturninvest":null,"supplycurcap":null,"avaidistshareprof":null,"preferredskdiv":null,"freesurplu":null,"dealwithdivi":null,"capitalizeddivi":null,"undisprofit":null,"selldepartgain":null,"natudisasterloss":null,"accpolicychg":null,"accestimatechg":null,"debtrestruloss":null,"othersupply":null},{"compcode":"10000497","publishdate":"20110331","begindate":"20100101","enddate":"20101231","reporttype":"100111","adjustdate":"20110331","accstacode":"2","accstaname":"新会计准则","biztotinco":6.058824812975E10,"bizinco":6.058824812975E10,"inteinco":null,"earnprem":null,"pouninco":null,"realsale":null,"otherbizinco":null,"biztotincoitse":null,"biztotincoform":null,"biztotcost":5.786536958378E10,"bizcost":4.64200091459E10,"inteexpe":null,"pounexpe":null,"realsalecost":null,"deveexpe":null,"surrgold":null,"compnetexpe":null,"contress":null,"polidiviexpe":null,"reinexpe":null,"otherbizcost":null,"biztax":1.6022611651E8,"salesexpe":7.81546120967E9,"manaexpe":3.41666443509E9,"finexpe":6658266.14,"asseimpaloss":4.635041047E7,"biztotcostitse":null,"biztotcostform":null,"valuechgloss":null,"inveinco":2.6366604169E8,"assoinveprof":null,"exchggain":null,"futuloss":null,"custinco":null,"subsidyincome":null,"otherbizprof":null,"bizprofitse":null,"operprofform":null,"perprofit":2.98654458766E9,"nonoreve":7.3747070478E8,"nonoexpe":1.17087898E7,"noncassetsdisl":3892986.26,"proftotitse":null,"proftotform":null,"totprofit":3.71230650264E9,"incotaxexpe":8.8802231138E8,"unreinveloss":null,"netpro1itse":null,"netpro1form":null,"netprofit":2.82428419126E9,"parenetp":2.03459466584E9,"mergeformnetprof":null,"minysharrigh":7.8968952542E8,"netpro2itse":null,"netpro2form":null,"basiceps":1.52,"dilutedeps":1.51,"othercompinco":3.792953176E7,"parecompinco":null,"minysharinco":null,"compincoamt":2.86221372302E9,"parecompincoamt":2.05494953864E9,"minysharincoamt":8.0726418438E8,"earlyundiprof":null,"undisprofredu":null,"otherinto":null,"otherdistprof":null,"legalsurp":null,"welfare":null,"capitalreserve":null,"staffaward":null,"reservefund":null,"developfund":null,"profreturninvest":null,"supplycurcap":null,"avaidistshareprof":null,"preferredskdiv":null,"freesurplu":null,"dealwithdivi":null,"capitalizeddivi":null,"undisprofit":null,"selldepartgain":null,"natudisasterloss":null,"accpolicychg":null,"accestimatechg":null,"debtrestruloss":null,"othersupply":null},{"compcode":"10000497","publishdate":"20101029","begindate":"20100101","enddate":"20100930","reporttype":"100111","adjustdate":"20101029","accstacode":"2","accstaname":"新会计准则","biztotinco":4.543056567619E10,"bizinco":4.543056567619E10,"inteinco":null,"earnprem":null,"pouninco":null,"realsale":null,"otherbizinco":null,"biztotincoitse":null,"biztotincoform":null,"biztotcost":4.365993846526E10,"bizcost":3.411737466063E10,"inteexpe":null,"pounexpe":null,"realsalecost":null,"deveexpe":null,"surrgold":null,"compnetexpe":null,"contress":null,"polidiviexpe":null,"reinexpe":null,"otherbizcost":null,"biztax":9.650875359E7,"salesexpe":6.68754735618E9,"manaexpe":2.58506766064E9,"finexpe":1.0353143444E8,"asseimpaloss":6.990859978E7,"biztotcostitse":null,"biztotcostform":null,"valuechgloss":null,"inveinco":1.8740505053E8,"assoinveprof":null,"exchggain":null,"futuloss":null,"custinco":null,"subsidyincome":null,"otherbizprof":null,"bizprofitse":null,"operprofform":null,"perprofit":1.95803226146E9,"nonoreve":5.8277348766E8,"nonoexpe":1.070182509E7,"noncassetsdisl":null,"proftotitse":null,"proftotform":null,"totprofit":2.53010392403E9,"incotaxexpe":4.3769357098E8,"unreinveloss":null,"netpro1itse":null,"netpro1form":null,"netprofit":2.09241035305E9,"parenetp":1.60261016065E9,"mergeformnetprof":null,"minysharrigh":4.898001924E8,"netpro2itse":null,"netpro2form":null,"basiceps":1.2,"dilutedeps":1.19,"othercompinco":2.161334024E7,"parecompinco":null,"minysharinco":null,"compincoamt":2.11402369329E9,"parecompincoamt":1.62167247202E9,"minysharincoamt":4.9235122127E8,"earlyundiprof":null,"undisprofredu":null,"otherinto":null,"otherdistprof":null,"legalsurp":null,"welfare":null,"capitalreserve":null,"staffaward":null,"reservefund":null,"developfund":null,"profreturninvest":null,"supplycurcap":null,"avaidistshareprof":null,"preferredskdiv":null,"freesurplu":null,"dealwithdivi":null,"capitalizeddivi":null,"undisprofit":null,"selldepartgain":null,"natudisasterloss":null,"accpolicychg":null,"accestimatechg":null,"debtrestruloss":null,"othersupply":null},{"compcode":"10000497","publishdate":"20100827","begindate":"20100101","enddate":"20100630","reporttype":"100111","adjustdate":"19000101","accstacode":"2","accstaname":"新会计准则","biztotinco":2.96837280575E10,"bizinco":2.96837280575E10,"inteinco":null,"earnprem":null,"pouninco":null,"realsale":null,"otherbizinco":null,"biztotincoitse":null,"biztotincoform":null,"biztotcost":2.854165443522E10,"bizcost":2.192573841067E10,"inteexpe":null,"pounexpe":null,"realsalecost":null,"deveexpe":null,"surrgold":null,"compnetexpe":null,"contress":null,"polidiviexpe":null,"reinexpe":null,"otherbizcost":null,"biztax":6.848293466E7,"salesexpe":4.59214650714E9,"manaexpe":1.86456658908E9,"finexpe":5.91078591E7,"asseimpaloss":3.161213457E7,"biztotcostitse":null,"biztotcostform":null,"valuechgloss":null,"inveinco":9.378137758E7,"assoinveprof":null,"exchggain":null,"futuloss":null,"custinco":null,"subsidyincome":null,"otherbizprof":null,"bizprofitse":null,"operprofform":null,"perprofit":1.23585499986E9,"nonoreve":3.7616873046E8,"nonoexpe":7219313.75,"noncassetsdisl":null,"proftotitse":null,"proftotform":null,"totprofit":1.60480441657E9,"incotaxexpe":2.4832999822E8,"unreinveloss":null,"netpro1itse":null,"netpro1form":null,"netprofit":1.35647441835E9,"parenetp":1.08039817925E9,"mergeformnetprof":null,"minysharrigh":2.760762391E8,"netpro2itse":null,"netpro2form":null,"basiceps":0.81,"dilutedeps":0.8,"othercompinco":2.236474238E7,"parecompinco":null,"minysharinco":null,"compincoamt":1.37883916073E9,"parecompincoamt":1.10083051369E9,"minysharincoamt":2.7800864704E8,"earlyundiprof":null,"undisprofredu":null,"otherinto":null,"otherdistprof":null,"legalsurp":null,"welfare":null,"capitalreserve":null,"staffaward":null,"reservefund":null,"developfund":null,"profreturninvest":null,"supplycurcap":null,"avaidistshareprof":null,"preferredskdiv":null,"freesurplu":null,"dealwithdivi":null,"capitalizeddivi":null,"undisprofit":null,"selldepartgain":null,"natudisasterloss":null,"accpolicychg":null,"accestimatechg":null,"debtrestruloss":null,"othersupply":null},{"compcode":"10000497","publishdate":"20100429","begindate":"20100101","enddate":"20100331","reporttype":"100111","adjustdate":"19000101","accstacode":"2","accstaname":"新会计准则","biztotinco":1.331342086819E10,"bizinco":1.331342086819E10,"inteinco":null,"earnprem":null,"pouninco":null,"realsale":null,"otherbizinco":null,"biztotincoitse":null,"biztotincoform":null,"biztotcost":1.283421190662E10,"bizcost":9.61870270882E9,"inteexpe":null,"pounexpe":null,"realsalecost":null,"deveexpe":null,"surrgold":null,"compnetexpe":null,"contress":null,"polidiviexpe":null,"reinexpe":null,"otherbizcost":null,"biztax":2.885357917E7,"salesexpe":2.29820982782E9,"manaexpe":8.4544331786E8,"finexpe":1.779507066E7,"asseimpaloss":2.520740229E7,"biztotcostitse":null,"biztotcostform":null,"valuechgloss":null,"inveinco":3.422023003E7,"assoinveprof":null,"exchggain":null,"futuloss":null,"custinco":null,"subsidyincome":null,"otherbizprof":null,"bizprofitse":null,"operprofform":null,"perprofit":5.134291916E8,"nonoreve":8.352188322E7,"nonoexpe":1769453.88,"noncassetsdisl":78635.92,"proftotitse":null,"proftotform":null,"totprofit":5.9518162094E8,"incotaxexpe":1.0348884873E8,"unreinveloss":null,"netpro1itse":null,"netpro1form":null,"netprofit":4.9169277221E8,"parenetp":3.5839504982E8,"mergeformnetprof":null,"minysharrigh":1.3329772239E8,"netpro2itse":null,"netpro2form":null,"basiceps":0.27,"dilutedeps":0.27,"othercompinco":-989554.21,"parecompinco":null,"minysharinco":null,"compincoamt":4.90703218E8,"parecompincoamt":3.5755810185E8,"minysharincoamt":1.3314511615E8,"earlyundiprof":null,"undisprofredu":null,"otherinto":null,"otherdistprof":null,"legalsurp":null,"welfare":null,"capitalreserve":null,"staffaward":null,"reservefund":null,"developfund":null,"profreturninvest":null,"supplycurcap":null,"avaidistshareprof":null,"preferredskdiv":null,"freesurplu":null,"dealwithdivi":null,"capitalizeddivi":null,"undisprofit":null,"selldepartgain":null,"natudisasterloss":null,"accpolicychg":null,"accestimatechg":null,"debtrestruloss":null,"othersupply":null},{"compcode":"10000497","publishdate":"20100419","begindate":"20090101","enddate":"20091231","reporttype":"100111","adjustdate":"19000101","accstacode":"2","accstaname":"新会计准则","biztotinco":3.297941936701E10,"bizinco":3.297941936701E10,"inteinco":null,"earnprem":null,"pouninco":null,"realsale":null,"otherbizinco":null,"biztotincoitse":null,"biztotincoform":null,"biztotcost":3.15159897829E10,"bizcost":2.426314727218E10,"inteexpe":null,"pounexpe":null,"realsalecost":null,"deveexpe":null,"surrgold":null,"compnetexpe":null,"contress":null,"polidiviexpe":null,"reinexpe":null,"otherbizcost":null,"biztax":1.3473820038E8,"salesexpe":4.98418750844E9,"manaexpe":2.11622114276E9,"finexpe":-7965819.41,"asseimpaloss":2.566147855E7,"biztotcostitse":null,"biztotcostform":null,"valuechgloss":null,"inveinco":1.6707175433E8,"assoinveprof":null,"exchggain":null,"futuloss":null,"custinco":null,"subsidyincome":null,"otherbizprof":null,"bizprofitse":null,"operprofform":null,"perprofit":1.63050133844E9,"nonoreve":1.1613429788E8,"nonoexpe":6485256.04,"noncassetsdisl":null,"proftotitse":null,"proftotform":null,"totprofit":1.74015038028E9,"incotaxexpe":3.6554225125E8,"unreinveloss":null,"netpro1itse":null,"netpro1form":null,"netprofit":1.37460812903E9,"parenetp":1.14947461969E9,"mergeformnetprof":null,"minysharrigh":2.2513350934E8,"netpro2itse":null,"netpro2form":null,"basiceps":0.86,"dilutedeps":0.86,"othercompinco":7690134.09,"parecompinco":null,"minysharinco":null,"compincoamt":1.38229826312E9,"parecompincoamt":1.15628473273E9,"minysharincoamt":2.2601353039E8,"earlyundiprof":null,"undisprofredu":null,"otherinto":null,"otherdistprof":null,"legalsurp":null,"welfare":null,"capitalreserve":null,"staffaward":null,"reservefund":null,"developfund":null,"profreturninvest":null,"supplycurcap":null,"avaidistshareprof":null,"preferredskdiv":null,"freesurplu":null,"dealwithdivi":null,"capitalizeddivi":null,"undisprofit":null,"selldepartgain":null,"natudisasterloss":null,"accpolicychg":null,"accestimatechg":null,"debtrestruloss":null,"othersupply":null},{"compcode":"10000497","publishdate":"20091023","begindate":"20090101","enddate":"20090930","reporttype":"100111","adjustdate":"19000101","accstacode":"2","accstaname":"新会计准则","biztotinco":2.657716390934E10,"bizinco":2.657716390934E10,"inteinco":null,"earnprem":null,"pouninco":null,"realsale":null,"otherbizinco":null,"biztotincoitse":null,"biztotincoform":null,"biztotcost":2.531490755335E10,"bizcost":1.937016666052E10,"inteexpe":null,"pounexpe":null,"realsalecost":null,"deveexpe":null,"surrgold":null,"compnetexpe":null,"contress":null,"polidiviexpe":null,"reinexpe":null,"otherbizcost":null,"biztax":1.1081776479E8,"salesexpe":3.9065410895E9,"manaexpe":1.89977318532E9,"finexpe":2.512769175E7,"asseimpaloss":2481161.47,"biztotcostitse":null,"biztotcostform":null,"valuechgloss":null,"inveinco":1.6283853986E8,"assoinveprof":null,"exchggain":null,"futuloss":null,"custinco":null,"subsidyincome":null,"otherbizprof":null,"bizprofitse":null,"operprofform":null,"perprofit":1.42509489585E9,"nonoreve":5.365060382E7,"nonoexpe":5896455.77,"noncassetsdisl":null,"proftotitse":null,"proftotform":null,"totprofit":1.4728490439E9,"incotaxexpe":3.0945831375E8,"unreinveloss":null,"netpro1itse":null,"netpro1form":null,"netprofit":1.16339073015E9,"parenetp":9.6644003523E8,"mergeformnetprof":null,"minysharrigh":1.9695069492E8,"netpro2itse":null,"netpro2form":null,"basiceps":0.72,"dilutedeps":0.72,"othercompinco":null,"parecompinco":null,"minysharinco":null,"compincoamt":null,"parecompincoamt":null,"minysharincoamt":null,"earlyundiprof":null,"undisprofredu":null,"otherinto":null,"otherdistprof":null,"legalsurp":null,"welfare":null,"capitalreserve":null,"staffaward":null,"reservefund":null,"developfund":null,"profreturninvest":null,"supplycurcap":null,"avaidistshareprof":null,"preferredskdiv":null,"freesurplu":null,"dealwithdivi":null,"capitalizeddivi":null,"undisprofit":null,"selldepartgain":null,"natudisasterloss":null,"accpolicychg":null,"accestimatechg":null,"debtrestruloss":null,"othersupply":null},{"compcode":"10000497","publishdate":"20090811","begindate":"20090101","enddate":"20090630","reporttype":"100111","adjustdate":"19000101","accstacode":"2","accstaname":"新会计准则","biztotinco":1.660564426819E10,"bizinco":1.660564426819E10,"inteinco":null,"earnprem":null,"pouninco":null,"realsale":null,"otherbizinco":null,"biztotincoitse":null,"biztotincoform":null,"biztotcost":1.572073464446E10,"bizcost":1.219020960595E10,"inteexpe":null,"pounexpe":null,"realsalecost":null,"deveexpe":null,"surrgold":null,"compnetexpe":null,"contress":null,"polidiviexpe":null,"reinexpe":null,"otherbizcost":null,"biztax":6.91824718E7,"salesexpe":2.30818030303E9,"manaexpe":1.12568719424E9,"finexpe":2.621686218E7,"asseimpaloss":1258207.26,"biztotcostitse":null,"biztotcostform":null,"valuechgloss":null,"inveinco":1.1134254348E8,"assoinveprof":null,"exchggain":null,"futuloss":null,"custinco":null,"subsidyincome":null,"otherbizprof":null,"bizprofitse":null,"operprofform":null,"perprofit":9.9625216721E8,"nonoreve":3.160668276E7,"nonoexpe":4187539.38,"noncassetsdisl":null,"proftotitse":null,"proftotform":null,"totprofit":1.02367131059E9,"incotaxexpe":2.1189025504E8,"unreinveloss":null,"netpro1itse":null,"netpro1form":null,"netprofit":8.1178105555E8,"parenetp":6.6574993648E8,"mergeformnetprof":null,"minysharrigh":1.4603111907E8,"netpro2itse":null,"netpro2form":null,"basiceps":0.5,"dilutedeps":0.5,"othercompinco":null,"parecompinco":null,"minysharinco":null,"compincoamt":null,"parecompincoamt":null,"minysharincoamt":null,"earlyundiprof":null,"undisprofredu":null,"otherinto":null,"otherdistprof":null,"legalsurp":null,"welfare":null,"capitalreserve":null,"staffaward":null,"reservefund":null,"developfund":null,"profreturninvest":null,"supplycurcap":null,"avaidistshareprof":null,"preferredskdiv":null,"freesurplu":null,"dealwithdivi":null,"capitalizeddivi":null,"undisprofit":null,"selldepartgain":null,"natudisasterloss":null,"accpolicychg":null,"accestimatechg":null,"debtrestruloss":null,"othersupply":null},{"compcode":"10000497","publishdate":"20090429","begindate":"20090101","enddate":"20090331","reporttype":"100111","adjustdate":"19000101","accstacode":"2","accstaname":"新会计准则","biztotinco":6.80092985024E9,"bizinco":6.80092985024E9,"inteinco":0.0,"earnprem":0.0,"pouninco":0.0,"realsale":0.0,"otherbizinco":0.0,"biztotincoitse":null,"biztotincoform":null,"biztotcost":6.67336304985E9,"bizcost":5.11013251352E9,"inteexpe":0.0,"pounexpe":0.0,"realsalecost":0.0,"deveexpe":0.0,"surrgold":0.0,"compnetexpe":0.0,"contress":0.0,"polidiviexpe":0.0,"reinexpe":0.0,"otherbizcost":0.0,"biztax":2.998422557E7,"salesexpe":9.1020039405E8,"manaexpe":5.651285947E8,"finexpe":1.528321583E7,"asseimpaloss":4.263410618E7,"biztotcostitse":null,"biztotcostform":null,"valuechgloss":0.0,"inveinco":3.981866334E7,"assoinveprof":0.0,"exchggain":0.0,"futuloss":0.0,"custinco":0.0,"subsidyincome":0.0,"otherbizprof":0.0,"bizprofitse":null,"operprofform":null,"perprofit":1.6738546373E8,"nonoreve":1.191837349E7,"nonoexpe":863843.59,"noncassetsdisl":0.0,"proftotitse":null,"proftotform":null,"totprofit":1.7843999363E8,"incotaxexpe":4.140307656E7,"unreinveloss":0.0,"netpro1itse":null,"netpro1form":null,"netprofit":1.3703691707E8,"parenetp":1.0400684258E8,"mergeformnetprof":null,"minysharrigh":3.303007449E7,"netpro2itse":null,"netpro2form":null,"basiceps":0.08,"dilutedeps":0.08,"othercompinco":null,"parecompinco":null,"minysharinco":null,"compincoamt":null,"parecompincoamt":null,"minysharincoamt":null,"earlyundiprof":null,"undisprofredu":null,"otherinto":null,"otherdistprof":null,"legalsurp":null,"welfare":null,"capitalreserve":null,"staffaward":null,"reservefund":null,"developfund":null,"profreturninvest":null,"supplycurcap":null,"avaidistshareprof":null,"preferredskdiv":null,"freesurplu":null,"dealwithdivi":null,"capitalizeddivi":null,"undisprofit":null,"selldepartgain":null,"natudisasterloss":null,"accpolicychg":null,"accestimatechg":null,"debtrestruloss":null,"othersupply":null},{"compcode":"10000497","publishdate":"20090429","begindate":"20080101","enddate":"20081231","reporttype":"100111","adjustdate":"19000101","accstacode":"2","accstaname":"新会计准则","biztotinco":3.040803934238E10,"bizinco":3.040803934238E10,"inteinco":null,"earnprem":null,"pouninco":null,"realsale":null,"otherbizinco":null,"biztotincoitse":null,"biztotincoform":null,"biztotcost":2.939236712956E10,"bizcost":2.337598606853E10,"inteexpe":null,"pounexpe":null,"realsalecost":null,"deveexpe":null,"surrgold":null,"compnetexpe":null,"contress":null,"polidiviexpe":null,"reinexpe":null,"otherbizcost":null,"biztax":9.545405903E7,"salesexpe":4.07459421659E9,"manaexpe":1.69118646923E9,"finexpe":1.0365526515E8,"asseimpaloss":5.149105103E7,"biztotcostitse":null,"biztotcostform":null,"valuechgloss":0.0,"inveinco":1.5105839306E8,"assoinveprof":0.0,"exchggain":null,"futuloss":null,"custinco":null,"subsidyincome":null,"otherbizprof":null,"bizprofitse":null,"operprofform":null,"perprofit":1.16673060588E9,"nonoreve":3.43450404E7,"nonoexpe":6.394889653E7,"noncassetsdisl":0.0,"proftotitse":null,"proftotform":null,"totprofit":1.13712674975E9,"incotaxexpe":1.5842816659E8,"unreinveloss":null,"netpro1itse":null,"netpro1form":null,"netprofit":9.7869858316E8,"parenetp":7.681780671E8,"mergeformnetprof":null,"minysharrigh":2.1052051606E8,"netpro2itse":null,"netpro2form":null,"basiceps":0.57,"dilutedeps":0.57,"othercompinco":null,"parecompinco":null,"minysharinco":null,"compincoamt":null,"parecompincoamt":null,"minysharincoamt":null,"earlyundiprof":null,"undisprofredu":null,"otherinto":null,"otherdistprof":null,"legalsurp":null,"welfare":null,"capitalreserve":null,"staffaward":null,"reservefund":null,"developfund":null,"profreturninvest":null,"supplycurcap":null,"avaidistshareprof":null,"preferredskdiv":null,"freesurplu":null,"dealwithdivi":null,"capitalizeddivi":null,"undisprofit":null,"selldepartgain":null,"natudisasterloss":null,"accpolicychg":null,"accestimatechg":null,"debtrestruloss":null,"othersupply":null},{"compcode":"10000497","publishdate":"20081030","begindate":"20080101","enddate":"20080930","reporttype":"100111","adjustdate":"19000101","accstacode":"2","accstaname":"新会计准则","biztotinco":2.596484305497E10,"bizinco":2.596484305497E10,"inteinco":null,"earnprem":null,"pouninco":null,"realsale":null,"otherbizinco":null,"biztotincoitse":null,"biztotincoform":null,"biztotcost":2.483615128268E10,"bizcost":2.013090866293E10,"inteexpe":null,"pounexpe":null,"realsalecost":null,"deveexpe":null,"surrgold":null,"compnetexpe":null,"contress":null,"polidiviexpe":null,"reinexpe":null,"otherbizcost":null,"biztax":6.509232575E7,"salesexpe":3.21493639179E9,"manaexpe":1.29192136454E9,"finexpe":1.035715379E8,"asseimpaloss":2.972099977E7,"biztotcostitse":null,"biztotcostform":null,"valuechgloss":null,"inveinco":1.1974935351E8,"assoinveprof":null,"exchggain":null,"futuloss":null,"custinco":null,"subsidyincome":null,"otherbizprof":null,"bizprofitse":null,"operprofform":null,"perprofit":1.2484411258E9,"nonoreve":3.363732709E7,"nonoexpe":6.051449178E7,"noncassetsdisl":null,"proftotitse":null,"proftotform":null,"totprofit":1.22156396111E9,"incotaxexpe":2.6372991736E8,"unreinveloss":null,"netpro1itse":null,"netpro1form":null,"netprofit":9.5783404375E8,"parenetp":7.5083035633E8,"mergeformnetprof":null,"minysharrigh":2.0700368742E8,"netpro2itse":null,"netpro2form":null,"basiceps":0.56,"dilutedeps":0.56,"othercompinco":null,"parecompinco":null,"minysharinco":null,"compincoamt":null,"parecompincoamt":null,"minysharincoamt":null,"earlyundiprof":null,"undisprofredu":null,"otherinto":null,"otherdistprof":null,"legalsurp":null,"welfare":null,"capitalreserve":null,"staffaward":null,"reservefund":null,"developfund":null,"profreturninvest":null,"supplycurcap":null,"avaidistshareprof":null,"preferredskdiv":null,"freesurplu":null,"dealwithdivi":null,"capitalizeddivi":null,"undisprofit":null,"selldepartgain":null,"natudisasterloss":null,"accpolicychg":null,"accestimatechg":null,"debtrestruloss":null,"othersupply":null},{"compcode":"10000497","publishdate":"20080825","begindate":"20080101","enddate":"20080630","reporttype":"100111","adjustdate":"19000101","accstacode":"2","accstaname":"新会计准则","biztotinco":1.890248955496E10,"bizinco":1.890248955496E10,"inteinco":null,"earnprem":null,"pouninco":null,"realsale":null,"otherbizinco":null,"biztotincoitse":null,"biztotincoform":null,"biztotcost":1.805602027024E10,"bizcost":1.424330202507E10,"inteexpe":null,"pounexpe":null,"realsalecost":null,"deveexpe":null,"surrgold":null,"compnetexpe":null,"contress":null,"polidiviexpe":null,"reinexpe":null,"otherbizcost":null,"biztax":3.972444236E7,"salesexpe":2.64943689255E9,"manaexpe":9.9742274015E8,"finexpe":8.198620451E7,"asseimpaloss":4.41479656E7,"biztotcostitse":null,"biztotcostform":null,"valuechgloss":null,"inveinco":6.712849385E7,"assoinveprof":null,"exchggain":null,"futuloss":null,"custinco":null,"subsidyincome":null,"otherbizprof":null,"bizprofitse":null,"operprofform":null,"perprofit":9.1359777857E8,"nonoreve":2.239658014E7,"nonoexpe":3.026099979E7,"noncassetsdisl":null,"proftotitse":null,"proftotform":null,"totprofit":9.0573335892E8,"incotaxexpe":1.9429842912E8,"unreinveloss":null,"netpro1itse":null,"netpro1form":null,"netprofit":7.114349298E8,"parenetp":5.4886268013E8,"mergeformnetprof":null,"minysharrigh":1.6257224967E8,"netpro2itse":null,"netpro2form":null,"basiceps":0.41,"dilutedeps":0.41,"othercompinco":null,"parecompinco":null,"minysharinco":null,"compincoamt":null,"parecompincoamt":null,"minysharincoamt":null,"earlyundiprof":null,"undisprofredu":null,"otherinto":null,"otherdistprof":null,"legalsurp":null,"welfare":null,"capitalreserve":null,"staffaward":null,"reservefund":null,"developfund":null,"profreturninvest":null,"supplycurcap":null,"avaidistshareprof":null,"preferredskdiv":null,"freesurplu":null,"dealwithdivi":null,"capitalizeddivi":null,"undisprofit":null,"selldepartgain":null,"natudisasterloss":null,"accpolicychg":null,"accestimatechg":null,"debtrestruloss":null,"othersupply":null},{"compcode":"10000497","publishdate":"20080425","begindate":"20080101","enddate":"20080331","reporttype":"100111","adjustdate":"19000101","accstacode":"2","accstaname":"新会计准则","biztotinco":8.23608453438E9,"bizinco":8.23608453438E9,"inteinco":null,"earnprem":null,"pouninco":null,"realsale":null,"otherbizinco":null,"biztotincoitse":null,"biztotincoform":null,"biztotcost":8.0164082114E9,"bizcost":6.25949254887E9,"inteexpe":null,"pounexpe":null,"realsalecost":null,"deveexpe":null,"surrgold":null,"compnetexpe":null,"contress":null,"polidiviexpe":null,"reinexpe":null,"otherbizcost":null,"biztax":1.718520285E7,"salesexpe":1.02403054402E9,"manaexpe":6.0592474851E8,"finexpe":5.424282824E7,"asseimpaloss":5.553233891E7,"biztotcostitse":null,"biztotcostform":null,"valuechgloss":null,"inveinco":6538529.71,"assoinveprof":null,"exchggain":null,"futuloss":null,"custinco":null,"subsidyincome":null,"otherbizprof":null,"bizprofitse":null,"operprofform":null,"perprofit":2.2621485269E8,"nonoreve":1.614714547E7,"nonoexpe":525795.83,"noncassetsdisl":null,"proftotitse":null,"proftotform":null,"totprofit":2.4183620233E8,"incotaxexpe":4.298209991E7,"unreinveloss":null,"netpro1itse":null,"netpro1form":null,"netprofit":1.9885410242E8,"parenetp":1.7302778997E8,"mergeformnetprof":null,"minysharrigh":2.582631244E7,"netpro2itse":null,"netpro2form":null,"basiceps":0.13,"dilutedeps":0.13,"othercompinco":null,"parecompinco":null,"minysharinco":null,"compincoamt":null,"parecompincoamt":null,"minysharincoamt":null,"earlyundiprof":null,"undisprofredu":null,"otherinto":null,"otherdistprof":null,"legalsurp":null,"welfare":null,"capitalreserve":null,"staffaward":null,"reservefund":null,"developfund":null,"profreturninvest":null,"supplycurcap":null,"avaidistshareprof":null,"preferredskdiv":null,"freesurplu":null,"dealwithdivi":null,"capitalizeddivi":null,"undisprofit":null,"selldepartgain":null,"natudisasterloss":null,"accpolicychg":null,"accestimatechg":null,"debtrestruloss":null,"othersupply":null},{"compcode":"10000497","publishdate":"20080425","begindate":"20070101","enddate":"20071231","reporttype":"100111","adjustdate":"19000101","accstacode":"2","accstaname":"新会计准则","biztotinco":2.946864550798E10,"bizinco":2.946864550798E10,"inteinco":null,"earnprem":null,"pouninco":null,"realsale":null,"otherbizinco":null,"biztotincoitse":null,"biztotincoform":null,"biztotcost":2.863422013365E10,"bizcost":2.38678362512E10,"inteexpe":null,"pounexpe":null,"realsalecost":null,"deveexpe":null,"surrgold":null,"compnetexpe":null,"contress":null,"polidiviexpe":null,"reinexpe":null,"otherbizcost":null,"biztax":6.585587072E7,"salesexpe":3.50245883878E9,"manaexpe":1.18748307884E9,"finexpe":4.797051241E7,"asseimpaloss":-3.73844183E7,"biztotcostitse":null,"biztotcostform":null,"valuechgloss":null,"inveinco":6.486837681E7,"assoinveprof":null,"exchggain":null,"futuloss":null,"custinco":null,"subsidyincome":null,"otherbizprof":null,"bizprofitse":null,"operprofform":null,"perprofit":8.9929375114E8,"nonoreve":4.722898289E7,"nonoexpe":6.640782244E7,"noncassetsdisl":null,"proftotitse":null,"proftotform":null,"totprofit":8.8011491159E8,"incotaxexpe":1.2582888114E8,"unreinveloss":null,"netpro1itse":null,"netpro1form":null,"netprofit":7.5428603045E8,"parenetp":6.4363201777E8,"mergeformnetprof":null,"minysharrigh":1.1065401268E8,"netpro2itse":null,"netpro2form":null,"basiceps":0.48,"dilutedeps":0.48,"othercompinco":null,"parecompinco":null,"minysharinco":null,"compincoamt":null,"parecompincoamt":null,"minysharincoamt":null,"earlyundiprof":null,"undisprofredu":null,"otherinto":null,"otherdistprof":null,"legalsurp":null,"welfare":null,"capitalreserve":null,"staffaward":null,"reservefund":null,"developfund":null,"profreturninvest":null,"supplycurcap":null,"avaidistshareprof":null,"preferredskdiv":null,"freesurplu":null,"dealwithdivi":null,"capitalizeddivi":null,"undisprofit":null,"selldepartgain":null,"natudisasterloss":null,"accpolicychg":null,"accestimatechg":null,"debtrestruloss":null,"othersupply":null},{"compcode":"10000497","publishdate":"20071027","begindate":"20070101","enddate":"20070930","reporttype":"100111","adjustdate":"19000101","accstacode":"2","accstaname":"新会计准则","biztotinco":2.369692448845E10,"bizinco":2.369692448845E10,"inteinco":0.0,"earnprem":0.0,"pouninco":0.0,"realsale":0.0,"otherbizinco":0.0,"biztotincoitse":null,"biztotincoform":null,"biztotcost":2.299939964694E10,"bizcost":1.900100415809E10,"inteexpe":0.0,"pounexpe":0.0,"realsalecost":0.0,"deveexpe":0.0,"surrgold":0.0,"compnetexpe":0.0,"contress":0.0,"polidiviexpe":0.0,"reinexpe":0.0,"otherbizcost":0.0,"biztax":4.970445938E7,"salesexpe":3.05157839338E9,"manaexpe":8.9724522971E8,"finexpe":1.300835492E7,"asseimpaloss":-1.314094854E7,"biztotcostitse":null,"biztotcostform":null,"valuechgloss":0.0,"inveinco":2.79923078E7,"assoinveprof":0.0,"exchggain":0.0,"futuloss":0.0,"custinco":0.0,"subsidyincome":0.0,"otherbizprof":0.0,"bizprofitse":null,"operprofform":null,"perprofit":7.2551714931E8,"nonoreve":1.899778028E7,"nonoexpe":3.147235942E7,"noncassetsdisl":0.0,"proftotitse":null,"proftotform":null,"totprofit":7.1304257017E8,"incotaxexpe":1.0795246453E8,"unreinveloss":0.0,"netpro1itse":null,"netpro1form":null,"netprofit":6.0509010564E8,"parenetp":5.1048656783E8,"mergeformnetprof":1.860406717E7,"minysharrigh":7.599947064E7,"netpro2itse":null,"netpro2form":null,"basiceps":0.41,"dilutedeps":0.41,"othercompinco":0.0,"parecompinco":0.0,"minysharinco":0.0,"compincoamt":0.0,"parecompincoamt":0.0,"minysharincoamt":0.0,"earlyundiprof":null,"undisprofredu":null,"otherinto":null,"otherdistprof":null,"legalsurp":null,"welfare":null,"capitalreserve":null,"staffaward":null,"reservefund":null,"developfund":null,"profreturninvest":null,"supplycurcap":null,"avaidistshareprof":null,"preferredskdiv":null,"freesurplu":null,"dealwithdivi":null,"capitalizeddivi":null,"undisprofit":null,"selldepartgain":null,"natudisasterloss":null,"accpolicychg":null,"accestimatechg":null,"debtrestruloss":null,"othersupply":null},{"compcode":"10000497","publishdate":"20070823","begindate":"20070101","enddate":"20070630","reporttype":"100111","adjustdate":"19000101","accstacode":"2","accstaname":"新会计准则","biztotinco":1.711565463796E10,"bizinco":1.711565463796E10,"inteinco":0.0,"earnprem":0.0,"pouninco":0.0,"realsale":0.0,"otherbizinco":0.0,"biztotincoitse":null,"biztotincoform":null,"biztotcost":1.661244188498E10,"bizcost":1.348510036568E10,"inteexpe":0.0,"pounexpe":0.0,"realsalecost":0.0,"deveexpe":0.0,"surrgold":0.0,"compnetexpe":0.0,"contress":0.0,"polidiviexpe":0.0,"reinexpe":0.0,"otherbizcost":0.0,"biztax":3.366744497E7,"salesexpe":2.42016100481E9,"manaexpe":6.5477287924E8,"finexpe":1.905511005E7,"asseimpaloss":-314919.77,"biztotcostitse":null,"biztotcostform":null,"valuechgloss":0.0,"inveinco":1.483458415E7,"assoinveprof":0.0,"exchggain":0.0,"futuloss":0.0,"custinco":0.0,"subsidyincome":0.0,"otherbizprof":0.0,"bizprofitse":null,"operprofform":null,"perprofit":5.1804733713E8,"nonoreve":1.148916549E7,"nonoexpe":3793714.47,"noncassetsdisl":0.0,"proftotitse":null,"proftotform":null,"totprofit":5.2574278815E8,"incotaxexpe":9.458779445E7,"unreinveloss":0.0,"netpro1itse":null,"netpro1form":null,"netprofit":4.311549937E8,"parenetp":3.6375545946E8,"mergeformnetprof":1.860406717E7,"minysharrigh":4.879546707E7,"netpro2itse":null,"netpro2form":null,"basiceps":0.3,"dilutedeps":0.3,"othercompinco":0.0,"parecompinco":0.0,"minysharinco":0.0,"compincoamt":0.0,"parecompincoamt":0.0,"minysharincoamt":0.0,"earlyundiprof":null,"undisprofredu":null,"otherinto":null,"otherdistprof":null,"legalsurp":null,"welfare":null,"capitalreserve":null,"staffaward":null,"reservefund":null,"developfund":null,"profreturninvest":null,"supplycurcap":null,"avaidistshareprof":null,"preferredskdiv":null,"freesurplu":null,"dealwithdivi":null,"capitalizeddivi":null,"undisprofit":null,"selldepartgain":null,"natudisasterloss":null,"accpolicychg":null,"accestimatechg":null,"debtrestruloss":null,"othersupply":null},{"compcode":"10000497","publishdate":"20070427","begindate":"20070101","enddate":"20070331","reporttype":"100111","adjustdate":"19000101","accstacode":"2","accstaname":"新会计准则","biztotinco":6.19781661781E9,"bizinco":6.19781661781E9,"inteinco":0.0,"earnprem":0.0,"pouninco":0.0,"realsale":null,"otherbizinco":null,"biztotincoitse":null,"biztotincoform":null,"biztotcost":6.04889957828E9,"bizcost":4.94417133861E9,"inteexpe":0.0,"pounexpe":0.0,"realsalecost":null,"deveexpe":null,"surrgold":0.0,"compnetexpe":0.0,"contress":0.0,"polidiviexpe":0.0,"reinexpe":0.0,"otherbizcost":null,"biztax":1.456886715E7,"salesexpe":8.4429368257E8,"manaexpe":2.3493107682E8,"finexpe":4023623.81,"asseimpaloss":6910989.32,"biztotcostitse":null,"biztotcostform":null,"valuechgloss":0.0,"inveinco":7400421.04,"assoinveprof":0.0,"exchggain":0.0,"futuloss":null,"custinco":null,"subsidyincome":null,"otherbizprof":null,"bizprofitse":null,"operprofform":null,"perprofit":1.5631746057E8,"nonoreve":4915243.13,"nonoexpe":3168504.28,"noncassetsdisl":0.0,"proftotitse":null,"proftotform":null,"totprofit":1.5806419942E8,"incotaxexpe":2.435968457E7,"unreinveloss":null,"netpro1itse":null,"netpro1form":null,"netprofit":1.3370451485E8,"parenetp":1.22119657E8,"mergeformnetprof":null,"minysharrigh":1.158485785E7,"netpro2itse":null,"netpro2form":null,"basiceps":0.1,"dilutedeps":0.1,"othercompinco":null,"parecompinco":null,"minysharinco":null,"compincoamt":null,"parecompincoamt":null,"minysharincoamt":null,"earlyundiprof":null,"undisprofredu":null,"otherinto":null,"otherdistprof":null,"legalsurp":null,"welfare":null,"capitalreserve":null,"staffaward":null,"reservefund":null,"developfund":null,"profreturninvest":null,"supplycurcap":null,"avaidistshareprof":null,"preferredskdiv":null,"freesurplu":null,"dealwithdivi":null,"capitalizeddivi":null,"undisprofit":null,"selldepartgain":null,"natudisasterloss":null,"accpolicychg":null,"accestimatechg":null,"debtrestruloss":null,"othersupply":null},{"compcode":"10000497","publishdate":"20070427","begindate":"20060101","enddate":"20061231","reporttype":"100111","adjustdate":"20080425","accstacode":"2","accstaname":"新会计准则","biztotinco":2.321430440667E10,"bizinco":2.321430440667E10,"inteinco":null,"earnprem":null,"pouninco":null,"realsale":null,"otherbizinco":null,"biztotincoitse":null,"biztotincoform":null,"biztotcost":2.243412911748E10,"bizcost":1.948159016455E10,"inteexpe":null,"pounexpe":null,"realsalecost":null,"deveexpe":null,"surrgold":null,"compnetexpe":null,"contress":null,"polidiviexpe":null,"reinexpe":null,"otherbizcost":null,"biztax":4.303056244E7,"salesexpe":1.99731572794E9,"manaexpe":9.1013509455E8,"finexpe":3110116.29,"asseimpaloss":-1052548.29,"biztotcostitse":null,"biztotcostform":null,"valuechgloss":null,"inveinco":5.061849782E7,"assoinveprof":null,"exchggain":null,"futuloss":null,"custinco":null,"subsidyincome":null,"otherbizprof":null,"bizprofitse":null,"operprofform":null,"perprofit":8.3079378701E8,"nonoreve":2.711457473E7,"nonoexpe":5.15081741E7,"noncassetsdisl":null,"proftotitse":null,"proftotform":null,"totprofit":8.0640018764E8,"incotaxexpe":1.6863521436E8,"unreinveloss":null,"netpro1itse":null,"netpro1form":null,"netprofit":6.3776497328E8,"parenetp":5.5607908186E8,"mergeformnetprof":null,"minysharrigh":8.168589142E7,"netpro2itse":null,"netpro2form":null,"basiceps":0.42,"dilutedeps":0.42,"othercompinco":null,"parecompinco":null,"minysharinco":null,"compincoamt":null,"parecompincoamt":null,"minysharincoamt":null,"earlyundiprof":null,"undisprofredu":null,"otherinto":null,"otherdistprof":null,"legalsurp":null,"welfare":null,"capitalreserve":null,"staffaward":null,"reservefund":null,"developfund":null,"profreturninvest":null,"supplycurcap":null,"avaidistshareprof":null,"preferredskdiv":null,"freesurplu":null,"dealwithdivi":null,"capitalizeddivi":null,"undisprofit":null,"selldepartgain":null,"natudisasterloss":null,"accpolicychg":null,"accestimatechg":null,"debtrestruloss":null,"othersupply":null}],"comptype":4,"name":"青岛海尔"}