{"SH600690":{"symbol":"SH600690","exchange":"SH","code":"600690","name":"青岛海尔","current":"19.99","percentage":"-1.91","change":"-0.39","open":"20.15","high":"20.19","low":"19.8","close":"19.99","last_close":"20.38","high52week":"23.2","low52week":"10.91","volume":"2.9208557E7","lot_volume":"292085.57","volumeAverage":"0","marketCapital":"1.2188708051273E11","eps":"0.93","pe_ttm":"17.685","pe_lyr":"24.2","beta":"0.0","totalShares":"6097402727","time":"Tue Mar 20 14:59:59 +0800 2018","afterHours":"0.0","afterHoursPct":"0.0","afterHoursChg":"0.0","afterHoursTime":"Wed Oct 19 21:59:01 -0400 2011","updateAt":"1510214412255","dividend":"0.25","yield":"1.25","turnover_rate":"0.48%","instOwn":"0.0","rise_stop":"22.42","fall_stop":"18.34","currency_unit":"CNY","amount":"5.83754084E8","net_assets":"4.9538","hasexist":"","has_warrant":"0","type":"11","flag":"1","rest_day":"","amplitude":"1.91%","market_status":"已收盘","lot_size":"100","min_order_quantity":"0","max_order_quantity":"0","tick_size":"0.01","variable_tick_size":"","kzz_stock_symbol":"","kzz_stock_name":"","kzz_stock_current":"0.0","kzz_convert_price":"0.0","kzz_covert_value":"0.0","kzz_cpr":"0.0","kzz_putback_price":"0.0","kzz_convert_time":"","kzz_redempt_price":"0.0","kzz_straight_price":"0.0","kzz_stock_percent":"","pb":"4.04","benefit_before_tax":"0.0","benefit_after_tax":"0.0","convert_bond_ratio":"","totalissuescale":"","outstandingamt":"","maturitydate":"","remain_year":"","convertrate":"0.0","interestrtmemo":"","release_date":"","circulation":"0.0","par_value":"0.0","due_time":"0.0","value_date":"","due_date":"","publisher":"","redeem_type":"T","issue_type":"1","bond_type":"","warrant":"","sale_rrg":"","rate":"","after_hour_vol":"0","float_shares":"6097402726","float_market_capital":"1.2188708049274E11","disnext_pay_date":"","convert_rate":"0.0","volume_ratio":"0.68","percent5m":"-0.05","pankou_ratio":"47.03%","psr":"0.7921"}}