{"list":[{"bonusimpdate":"20170705","bonusyear":"2016","cur":"人民币","bonusskratio":null,"tranaddskraio":null,"recorddate":"20170712","exrightdate":"20170713","cdividend":1.4,"fdividendbh":0.0,"tranaddsklistdate":null,"bonussklistdate":null,"tranaddskaccday":null,"bonusskaccday":null,"symbol":null,"secode":"2010000783","divitype":"A","taxfdividendbh":0.0,"taxcdividend":1.4,"divibegdate":"20170713","summarize":"10派1.4"},{"bonusimpdate":"20160701","bonusyear":"2015","cur":"人民币","bonusskratio":null,"tranaddskraio":null,"recorddate":"20160707","exrightdate":"20160708","cdividend":1.0,"fdividendbh":0.0,"tranaddsklistdate":null,"bonussklistdate":null,"tranaddskaccday":null,"bonusskaccday":null,"symbol":null,"secode":"2010000783","divitype":"A","taxfdividendbh":0.0,"taxcdividend":1.0,"divibegdate":"20160708","summarize":"10派1"},{"bonusimpdate":"20150616","bonusyear":"2014","cur":"人民币","bonusskratio":null,"tranaddskraio":null,"recorddate":"20150623","exrightdate":"20150624","cdividend":1.1,"fdividendbh":0.0,"tranaddsklistdate":null,"bonussklistdate":null,"tranaddskaccday":null,"bonusskaccday":null,"symbol":null,"secode":"2010000783","divitype":"A","taxfdividendbh":0.0,"taxcdividend":1.045,"divibegdate":"20150624","summarize":"10派1.1"},{"bonusimpdate":"20140611","bonusyear":"2013","cur":"人民币","bonusskratio":null,"tranaddskraio":null,"recorddate":"20140617","exrightdate":"20140618","cdividend":0.81,"fdividendbh":0.0,"tranaddsklistdate":null,"bonussklistdate":null,"tranaddskaccday":null,"bonusskaccday":null,"symbol":null,"secode":"2010000783","divitype":"A","taxfdividendbh":0.0,"taxcdividend":0.7695,"divibegdate":"20140618","summarize":"10派0.81"},{"bonusimpdate":"20130701","bonusyear":"2012","cur":"人民币","bonusskratio":null,"tranaddskraio":null,"recorddate":"20130704","exrightdate":"20130705","cdividend":0.5,"fdividendbh":0.0,"tranaddsklistdate":null,"bonussklistdate":null,"tranaddskaccday":null,"bonusskaccday":null,"symbol":null,"secode":"2010000783","divitype":"A","taxfdividendbh":0.0,"taxcdividend":0.475,"divibegdate":"20130711","summarize":"10派0.5"},{"bonusimpdate":"20100625","bonusyear":"2009","cur":"人民币","bonusskratio":1.0,"tranaddskraio":null,"recorddate":"20100701","exrightdate":"20100702","cdividend":0.15,"fdividendbh":0.0,"tranaddsklistdate":null,"bonussklistdate":"20100705","tranaddskaccday":null,"bonusskaccday":"20100702","symbol":null,"secode":"2010000783","divitype":"AB","taxfdividendbh":0.0,"taxcdividend":0.035,"divibegdate":"20100712","summarize":"10送1派0.15"},{"bonusimpdate":"20010531","bonusyear":"2000","cur":"人民币","bonusskratio":null,"tranaddskraio":null,"recorddate":"20010606","exrightdate":"20010607","cdividend":0.3,"fdividendbh":0.0,"tranaddsklistdate":null,"bonussklistdate":null,"tranaddskaccday":null,"bonusskaccday":null,"symbol":null,"secode":"2010000783","divitype":"A","taxfdividendbh":0.0,"taxcdividend":0.24,"divibegdate":"20010614","summarize":"10派0.3"},{"bonusimpdate":"19990528","bonusyear":"1998","cur":"人民币","bonusskratio":1.71,"tranaddskraio":2.57,"recorddate":"19990602","exrightdate":"19990603","cdividend":null,"fdividendbh":0.0,"tranaddsklistdate":"19990603","bonussklistdate":"19990603","tranaddskaccday":"19990603","bonusskaccday":"19990603","symbol":null,"secode":"2010000783","divitype":"BC","taxfdividendbh":0.0,"taxcdividend":null,"divibegdate":null,"summarize":"10送1.71转2.57"},{"bonusimpdate":"19970526","bonusyear":"1996","cur":"人民币","bonusskratio":1.0,"tranaddskraio":2.0,"recorddate":"19970529","exrightdate":"19970530","cdividend":0.5,"fdividendbh":0.0,"tranaddsklistdate":"19970530","bonussklistdate":"19970530","tranaddskaccday":"19970530","bonusskaccday":"19970530","symbol":null,"secode":"2010000783","divitype":"ABC","taxfdividendbh":0.0,"taxcdividend":0.0,"divibegdate":null,"summarize":"10送1转2派0.5"},{"bonusimpdate":"19960528","bonusyear":"1995","cur":"人民币","bonusskratio":5.0,"tranaddskraio":null,"recorddate":"19960603","exrightdate":"19960604","cdividend":null,"fdividendbh":0.0,"tranaddsklistdate":null,"bonussklistdate":"19960604","tranaddskaccday":null,"bonusskaccday":null,"symbol":null,"secode":"2010000783","divitype":"B","taxfdividendbh":0.0,"taxcdividend":null,"divibegdate":null,"summarize":"10送5"}]}