{"SH600872":{"symbol":"SH600872","exchange":"SH","code":"600872","name":"中炬高新","current":"25.23","percentage":"-0.28","change":"-0.07","open":"25.14","high":"25.45","low":"24.85","close":"25.23","last_close":"25.3","high52week":"28.68","low52week":"15.27","volume":"3524351.0","lot_volume":"35243.51","volumeAverage":"30348669","marketCapital":"2.009915640462E10","eps":"0.45","pe_ttm":"43.593","pe_lyr":"55.466","beta":"0.0","totalShares":"796637194","time":"Tue Mar 20 14:59:59 +0800 2018","afterHours":"0.0","afterHoursPct":"0.0","afterHoursChg":"0.0","afterHoursTime":"Wed Oct 19 21:59:01 -0400 2011","updateAt":"1493006400723","dividend":"0.14","yield":"0.55","turnover_rate":"0.44%","instOwn":"0.0","rise_stop":"27.83","fall_stop":"22.77","currency_unit":"CNY","amount":"8.8609485E7","net_assets":"3.819","hasexist":"","has_warrant":"0","type":"11","flag":"1","rest_day":"","amplitude":"2.37%","market_status":"已收盘","lot_size":"100","min_order_quantity":"0","max_order_quantity":"0","tick_size":"0.01","variable_tick_size":"","kzz_stock_symbol":"","kzz_stock_name":"","kzz_stock_current":"0.0","kzz_convert_price":"0.0","kzz_covert_value":"0.0","kzz_cpr":"0.0","kzz_putback_price":"0.0","kzz_convert_time":"","kzz_redempt_price":"0.0","kzz_straight_price":"0.0","kzz_stock_percent":"","pb":"6.61","benefit_before_tax":"0.0","benefit_after_tax":"0.0","convert_bond_ratio":"","totalissuescale":"","outstandingamt":"","maturitydate":"","remain_year":"","convertrate":"0.0","interestrtmemo":"","release_date":"","circulation":"0.0","par_value":"0.0","due_time":"0.0","value_date":"","due_date":"","publisher":"","redeem_type":"T","issue_type":"1","bond_type":"","warrant":"","sale_rrg":"","rate":"","after_hour_vol":"0","float_shares":"796637194","float_market_capital":"2.009915640462E10","disnext_pay_date":"","convert_rate":"0.0","volume_ratio":"0.43","percent5m":"0.24","pankou_ratio":"-37.8%","psr":"5.5978"}}