{"SZ000089":{"symbol":"SZ000089","exchange":"SZ","code":"000089","name":"深圳机场","current":"8.46","percentage":"-0.12","change":"-0.01","open":"8.45","high":"8.49","low":"8.41","close":"8.46","last_close":"8.47","high52week":"9.76","low52week":"7.68","volume":"5850286.0","lot_volume":"58502.86","volumeAverage":"32563784","marketCapital":"1.734951004614E10","eps":"0.25","pe_ttm":"26.45","pe_lyr":"30.847","beta":"0.0","totalShares":"2050769509","time":"Tue Mar 20 15:04:03 +0800 2018","afterHours":"0.0","afterHoursPct":"0.0","afterHoursChg":"0.0","updateAt":"1510121251911","dividend":"0.1","yield":"1.18","turnover_rate":"0.29%","instOwn":"0.0","rise_stop":"9.32","fall_stop":"7.62","currency_unit":"CNY","amount":"4.948235677E7","net_assets":"5.3697","hasexist":"","has_warrant":"0","type":"11","flag":"1","rest_day":"","amplitude":"0.94%","market_status":"已收盘","lot_size":"100","min_order_quantity":"0","max_order_quantity":"0","tick_size":"0.01","variable_tick_size":"","kzz_stock_symbol":"","kzz_stock_name":"","kzz_stock_current":"0.0","kzz_convert_price":"0.0","kzz_covert_value":"0.0","kzz_cpr":"0.0","kzz_putback_price":"0.0","kzz_convert_time":"","kzz_redempt_price":"0.0","kzz_straight_price":"0.0","kzz_stock_percent":"","pb":"1.58","benefit_before_tax":"0.0","benefit_after_tax":"0.0","convert_bond_ratio":"","totalissuescale":"","outstandingamt":"","maturitydate":"","remain_year":"","convertrate":"0.0","interestrtmemo":"","release_date":"","circulation":"0.0","par_value":"0.0","due_time":"0.0","value_date":"","due_date":"","publisher":"","redeem_type":"T","issue_type":"3","bond_type":"","warrant":"","sale_rrg":"","rate":"","after_hour_vol":"0","float_shares":"2050769508","float_market_capital":"1.734951003768E10","disnext_pay_date":"","convert_rate":"0.0","volume_ratio":"1.76","percent5m":"0.12","pankou_ratio":"1.91%","psr":"5.3455"}}