{"list":[{"bonusimpdate":"20170803","bonusyear":"2016","cur":"人民币","bonusskratio":null,"tranaddskraio":null,"recorddate":"20170809","exrightdate":"20170810","cdividend":0.95,"fdividendbh":0.0,"tranaddsklistdate":null,"bonussklistdate":null,"tranaddskaccday":null,"bonusskaccday":null,"symbol":null,"secode":"2010001000","divitype":"A","taxfdividendbh":0.0,"taxcdividend":0.95,"divibegdate":"20170810","summarize":"10派0.95"},{"bonusimpdate":"20160624","bonusyear":"2015","cur":"人民币","bonusskratio":null,"tranaddskraio":null,"recorddate":"20160630","exrightdate":"20160701","cdividend":0.58,"fdividendbh":0.0,"tranaddsklistdate":null,"bonussklistdate":null,"tranaddskaccday":null,"bonusskaccday":null,"symbol":null,"secode":"2010001000","divitype":"A","taxfdividendbh":0.0,"taxcdividend":0.58,"divibegdate":"20160701","summarize":"10派0.58"},{"bonusimpdate":"20150704","bonusyear":"2014","cur":"人民币","bonusskratio":null,"tranaddskraio":null,"recorddate":"20150709","exrightdate":"20150710","cdividend":0.28,"fdividendbh":0.0,"tranaddsklistdate":null,"bonussklistdate":null,"tranaddskaccday":null,"bonusskaccday":null,"symbol":null,"secode":"2010001000","divitype":"A","taxfdividendbh":0.0,"taxcdividend":0.266,"divibegdate":"20150710","summarize":"10派0.28"},{"bonusimpdate":"20140524","bonusyear":"2013","cur":"人民币","bonusskratio":null,"tranaddskraio":null,"recorddate":"20140529","exrightdate":"20140530","cdividend":0.35,"fdividendbh":0.0,"tranaddsklistdate":null,"bonussklistdate":null,"tranaddskaccday":null,"bonusskaccday":null,"symbol":null,"secode":"2010001000","divitype":"A","taxfdividendbh":0.0,"taxcdividend":0.3325,"divibegdate":"20140530","summarize":"10派0.35"},{"bonusimpdate":"20130809","bonusyear":"2012","cur":"人民币","bonusskratio":null,"tranaddskraio":null,"recorddate":"20130815","exrightdate":"20130816","cdividend":0.35,"fdividendbh":0.0,"tranaddsklistdate":null,"bonussklistdate":null,"tranaddskaccday":null,"bonusskaccday":null,"symbol":null,"secode":"2010001000","divitype":"A","taxfdividendbh":0.0,"taxcdividend":0.3325,"divibegdate":"20130816","summarize":"10派0.35"},{"bonusimpdate":"20120611","bonusyear":"2011","cur":"人民币","bonusskratio":null,"tranaddskraio":null,"recorddate":"20120614","exrightdate":"20120615","cdividend":0.56,"fdividendbh":0.0,"tranaddsklistdate":null,"bonussklistdate":null,"tranaddskaccday":null,"bonusskaccday":null,"symbol":null,"secode":"2010001000","divitype":"A","taxfdividendbh":0.0,"taxcdividend":0.504,"divibegdate":"20120615","summarize":"10派0.56"},{"bonusimpdate":"20110525","bonusyear":"2010","cur":"人民币","bonusskratio":null,"tranaddskraio":null,"recorddate":"20110530","exrightdate":"20110531","cdividend":0.45,"fdividendbh":0.0,"tranaddsklistdate":null,"bonussklistdate":null,"tranaddskaccday":null,"bonusskaccday":null,"symbol":null,"secode":"2010001000","divitype":"A","taxfdividendbh":0.0,"taxcdividend":0.405,"divibegdate":"20110531","summarize":"10派0.45"},{"bonusimpdate":"20100811","bonusyear":"2009","cur":"人民币","bonusskratio":null,"tranaddskraio":null,"recorddate":"20100817","exrightdate":"20100818","cdividend":0.35,"fdividendbh":0.0,"tranaddsklistdate":null,"bonussklistdate":null,"tranaddskaccday":null,"bonusskaccday":null,"symbol":null,"secode":"2010001000","divitype":"A","taxfdividendbh":0.0,"taxcdividend":0.315,"divibegdate":"20100818","summarize":"10派0.35"},{"bonusimpdate":"20090605","bonusyear":"2008","cur":"人民币","bonusskratio":null,"tranaddskraio":null,"recorddate":"20090611","exrightdate":"20090612","cdividend":0.3,"fdividendbh":0.0,"tranaddsklistdate":null,"bonussklistdate":null,"tranaddskaccday":null,"bonusskaccday":null,"symbol":null,"secode":"2010001000","divitype":"A","taxfdividendbh":0.0,"taxcdividend":0.27,"divibegdate":"20090612","summarize":"10派0.3"},{"bonusimpdate":"20080523","bonusyear":"2007","cur":"人民币","bonusskratio":null,"tranaddskraio":null,"recorddate":"20080528","exrightdate":"20080529","cdividend":1.6,"fdividendbh":0.0,"tranaddsklistdate":null,"bonussklistdate":null,"tranaddskaccday":null,"bonusskaccday":null,"symbol":null,"secode":"2010001000","divitype":"A","taxfdividendbh":0.0,"taxcdividend":1.44,"divibegdate":"20080529","summarize":"10派1.6"},{"bonusimpdate":"20070420","bonusyear":"2006","cur":"人民币","bonusskratio":null,"tranaddskraio":null,"recorddate":"20070425","exrightdate":"20070426","cdividend":1.6,"fdividendbh":0.0,"tranaddsklistdate":null,"bonussklistdate":null,"tranaddskaccday":null,"bonusskaccday":null,"symbol":null,"secode":"2010001000","divitype":"A","taxfdividendbh":0.0,"taxcdividend":1.44,"divibegdate":"20070426","summarize":"10派1.6"},{"bonusimpdate":"20060531","bonusyear":"2005","cur":"人民币","bonusskratio":null,"tranaddskraio":8.0,"recorddate":"20060605","exrightdate":"20060606","cdividend":2.7,"fdividendbh":0.0,"tranaddsklistdate":"20060606","bonussklistdate":null,"tranaddskaccday":"20060606","bonusskaccday":null,"symbol":null,"secode":"2010001000","divitype":"AC","taxfdividendbh":0.0,"taxcdividend":2.43,"divibegdate":"20060606","summarize":"10转8派2.7"},{"bonusimpdate":"20050716","bonusyear":"2004","cur":"人民币","bonusskratio":null,"tranaddskraio":null,"recorddate":"20050721","exrightdate":"20050722","cdividend":1.5,"fdividendbh":0.0,"tranaddsklistdate":null,"bonussklistdate":null,"tranaddskaccday":null,"bonusskaccday":null,"symbol":null,"secode":"2010001000","divitype":"A","taxfdividendbh":0.0,"taxcdividend":1.35,"divibegdate":"20050722","summarize":"10派1.5"},{"bonusimpdate":"20021107","bonusyear":"2002","cur":"人民币","bonusskratio":null,"tranaddskraio":6.0,"recorddate":"20021111","exrightdate":"20021112","cdividend":null,"fdividendbh":0.0,"tranaddsklistdate":"20021113","bonussklistdate":null,"tranaddskaccday":"20021113","bonusskaccday":null,"symbol":null,"secode":"2010001000","divitype":"C","taxfdividendbh":0.0,"taxcdividend":null,"divibegdate":null,"summarize":"10转6"},{"bonusimpdate":"20020523","bonusyear":"2001","cur":"人民币","bonusskratio":null,"tranaddskraio":null,"recorddate":"20020528","exrightdate":"20020529","cdividend":3.2,"fdividendbh":0.0,"tranaddsklistdate":null,"bonussklistdate":null,"tranaddskaccday":null,"bonusskaccday":null,"symbol":null,"secode":"2010001000","divitype":"A","taxfdividendbh":0.0,"taxcdividend":2.56,"divibegdate":"20020529","summarize":"10派3.2"},{"bonusimpdate":"20010523","bonusyear":"2000","cur":"人民币","bonusskratio":null,"tranaddskraio":null,"recorddate":"20010529","exrightdate":"20010530","cdividend":4.0,"fdividendbh":0.0,"tranaddsklistdate":null,"bonussklistdate":null,"tranaddskaccday":null,"bonusskaccday":null,"symbol":null,"secode":"2010001000","divitype":"A","taxfdividendbh":0.0,"taxcdividend":3.2,"divibegdate":"20010531","summarize":"10派4"},{"bonusimpdate":"19990826","bonusyear":"1999","cur":"人民币","bonusskratio":null,"tranaddskraio":5.0,"recorddate":"19990831","exrightdate":"19990901","cdividend":null,"fdividendbh":0.0,"tranaddsklistdate":"19990903","bonussklistdate":null,"tranaddskaccday":"19990903","bonusskaccday":null,"symbol":null,"secode":"2010001000","divitype":"C","taxfdividendbh":0.0,"taxcdividend":null,"divibegdate":null,"summarize":"10转5"}]}