{"SH600004":{"symbol":"SH600004","exchange":"SH","code":"600004","name":"白云机场","current":"15.87","percentage":"0.32","change":"0.05","open":"15.72","high":"15.95","low":"15.7","close":"15.87","last_close":"15.82","high52week":"17.41","low52week":"10.47","volume":"4136883.0","lot_volume":"41368.83","volumeAverage":"10537244","marketCapital":"3.284011655718E10","eps":"0.57","pe_ttm":"21.696","pe_lyr":"23.561","beta":"0.0","totalShares":"2069320514","time":"Tue Mar 20 14:59:57 +0800 2018","afterHours":"0.0","afterHoursPct":"0.0","afterHoursChg":"0.0","updateAt":"1513771200297","dividend":"0.37","yield":"2.33","turnover_rate":"0.20%","instOwn":"0.0","rise_stop":"17.4","fall_stop":"14.24","currency_unit":"CNY","amount":"6.5497943E7","net_assets":"6.8561","hasexist":"","has_warrant":"0","type":"11","flag":"1","rest_day":"","amplitude":"1.58%","market_status":"已收盘","lot_size":"100","min_order_quantity":"0","max_order_quantity":"0","tick_size":"0.01","variable_tick_size":"","kzz_stock_symbol":"","kzz_stock_name":"","kzz_stock_current":"0.0","kzz_convert_price":"0.0","kzz_covert_value":"0.0","kzz_cpr":"0.0","kzz_putback_price":"0.0","kzz_convert_time":"","kzz_redempt_price":"0.0","kzz_straight_price":"0.0","kzz_stock_percent":"","pb":"2.31","benefit_before_tax":"0.0","benefit_after_tax":"0.0","convert_bond_ratio":"","totalissuescale":"","outstandingamt":"","maturitydate":"","remain_year":"","convertrate":"0.0","interestrtmemo":"","release_date":"","circulation":"0.0","par_value":"0.0","due_time":"0.0","value_date":"","due_date":"","publisher":"","redeem_type":"T","issue_type":"1","bond_type":"","warrant":"","sale_rrg":"","rate":"","after_hour_vol":"0","float_shares":"2069320513","float_market_capital":"3.284011654131E10","disnext_pay_date":"","convert_rate":"0.0","volume_ratio":"0.71","percent5m":"0.0","pankou_ratio":"-53.97%","psr":"5.0133"}}