{"list":[{"bonusimpdate":"20170708","bonusyear":"2016","cur":"人民币","bonusskratio":4.5,"tranaddskraio":null,"recorddate":"20170713","exrightdate":"20170714","cdividend":3.7,"fdividendbh":0.0,"tranaddsklistdate":null,"bonussklistdate":"20170717","tranaddskaccday":null,"bonusskaccday":"20170714","symbol":null,"secode":"2010000005","divitype":"AB","taxfdividendbh":0.0,"taxcdividend":3.7,"divibegdate":"20170714","summarize":"10送4.5派3.7"},{"bonusimpdate":"20160730","bonusyear":"2015","cur":"人民币","bonusskratio":null,"tranaddskraio":null,"recorddate":"20160804","exrightdate":"20160805","cdividend":3.2,"fdividendbh":0.0,"tranaddsklistdate":null,"bonussklistdate":null,"tranaddskaccday":null,"bonusskaccday":null,"symbol":null,"secode":"2010000005","divitype":"A","taxfdividendbh":0.0,"taxcdividend":3.2,"divibegdate":"20160805","summarize":"10派3.2"},{"bonusimpdate":"20150605","bonusyear":"2014","cur":"人民币","bonusskratio":null,"tranaddskraio":null,"recorddate":"20150611","exrightdate":"20150612","cdividend":2.9,"fdividendbh":0.0,"tranaddsklistdate":null,"bonussklistdate":null,"tranaddskaccday":null,"bonusskaccday":null,"symbol":null,"secode":"2010000005","divitype":"A","taxfdividendbh":0.0,"taxcdividend":2.755,"divibegdate":"20150612","summarize":"10派2.9"},{"bonusimpdate":"20140804","bonusyear":"2013","cur":"人民币","bonusskratio":null,"tranaddskraio":null,"recorddate":"20140807","exrightdate":"20140808","cdividend":3.7,"fdividendbh":0.0,"tranaddsklistdate":null,"bonussklistdate":null,"tranaddskaccday":null,"bonusskaccday":null,"symbol":null,"secode":"2010000005","divitype":"A","taxfdividendbh":0.0,"taxcdividend":3.515,"divibegdate":"20140808","summarize":"10派3.7"},{"bonusimpdate":"20130722","bonusyear":"2012","cur":"人民币","bonusskratio":null,"tranaddskraio":null,"recorddate":"20130725","exrightdate":"20130726","cdividend":3.3,"fdividendbh":0.0,"tranaddsklistdate":null,"bonussklistdate":null,"tranaddskaccday":null,"bonusskaccday":null,"symbol":null,"secode":"2010000005","divitype":"A","taxfdividendbh":0.0,"taxcdividend":3.135,"divibegdate":"20130731","summarize":"10派3.3"},{"bonusimpdate":"20120719","bonusyear":"2011","cur":"人民币","bonusskratio":null,"tranaddskraio":null,"recorddate":"20120724","exrightdate":"20120725","cdividend":3.5,"fdividendbh":0.0,"tranaddsklistdate":null,"bonussklistdate":null,"tranaddskaccday":null,"bonusskaccday":null,"symbol":null,"secode":"2010000005","divitype":"A","taxfdividendbh":0.0,"taxcdividend":3.15,"divibegdate":"20120731","summarize":"10派3.5"},{"bonusimpdate":"20110811","bonusyear":"2010","cur":"人民币","bonusskratio":null,"tranaddskraio":null,"recorddate":"20110816","exrightdate":"20110817","cdividend":3.0,"fdividendbh":0.0,"tranaddsklistdate":null,"bonussklistdate":null,"tranaddskaccday":null,"bonusskaccday":null,"symbol":null,"secode":"2010000005","divitype":"A","taxfdividendbh":0.0,"taxcdividend":2.7,"divibegdate":"20110823","summarize":"10派3"},{"bonusimpdate":"20100811","bonusyear":"2009","cur":"人民币","bonusskratio":null,"tranaddskraio":null,"recorddate":"20100818","exrightdate":"20100819","cdividend":2.6,"fdividendbh":0.0,"tranaddsklistdate":null,"bonussklistdate":null,"tranaddskaccday":null,"bonusskaccday":null,"symbol":null,"secode":"2010000005","divitype":"A","taxfdividendbh":0.0,"taxcdividend":2.34,"divibegdate":"20100824","summarize":"10派2.6"},{"bonusimpdate":"20090730","bonusyear":"2008","cur":"人民币","bonusskratio":null,"tranaddskraio":null,"recorddate":"20090805","exrightdate":"20090806","cdividend":1.7,"fdividendbh":0.0,"tranaddsklistdate":null,"bonussklistdate":null,"tranaddskaccday":null,"bonusskaccday":null,"symbol":null,"secode":"2010000005","divitype":"A","taxfdividendbh":0.0,"taxcdividend":1.53,"divibegdate":"20090814","summarize":"10派1.7"},{"bonusimpdate":"20080729","bonusyear":"2007","cur":"人民币","bonusskratio":null,"tranaddskraio":null,"recorddate":"20080804","exrightdate":"20080805","cdividend":1.8,"fdividendbh":0.0,"tranaddsklistdate":null,"bonussklistdate":null,"tranaddskaccday":null,"bonusskaccday":null,"symbol":null,"secode":"2010000005","divitype":"A","taxfdividendbh":0.0,"taxcdividend":1.62,"divibegdate":"20080815","summarize":"10派1.8"},{"bonusimpdate":"20070817","bonusyear":"2006","cur":"人民币","bonusskratio":null,"tranaddskraio":null,"recorddate":"20070822","exrightdate":"20070823","cdividend":1.5,"fdividendbh":0.0,"tranaddsklistdate":null,"bonussklistdate":null,"tranaddskaccday":null,"bonusskaccday":null,"symbol":null,"secode":"2010000005","divitype":"A","taxfdividendbh":0.0,"taxcdividend":1.35,"divibegdate":"20070829","summarize":"10派1.5"},{"bonusimpdate":"20060717","bonusyear":"2005","cur":"人民币","bonusskratio":null,"tranaddskraio":null,"recorddate":"20060720","exrightdate":"20060721","cdividend":1.0,"fdividendbh":0.0,"tranaddsklistdate":null,"bonussklistdate":null,"tranaddskaccday":null,"bonusskaccday":null,"symbol":null,"secode":"2010000005","divitype":"A","taxfdividendbh":0.0,"taxcdividend":0.9,"divibegdate":"20060728","summarize":"10派1"},{"bonusimpdate":"20050712","bonusyear":"2004","cur":"人民币","bonusskratio":null,"tranaddskraio":null,"recorddate":"20050714","exrightdate":"20050715","cdividend":2.5,"fdividendbh":0.0,"tranaddsklistdate":null,"bonussklistdate":null,"tranaddskaccday":null,"bonusskaccday":null,"symbol":null,"secode":"2010000005","divitype":"A","taxfdividendbh":0.0,"taxcdividend":2.25,"divibegdate":"20050721","summarize":"10派2.5"},{"bonusimpdate":"20040706","bonusyear":"2003","cur":"人民币","bonusskratio":null,"tranaddskraio":null,"recorddate":"20040712","exrightdate":"20040713","cdividend":1.0,"fdividendbh":0.0,"tranaddsklistdate":null,"bonussklistdate":null,"tranaddskaccday":null,"bonusskaccday":null,"symbol":null,"secode":"2010000005","divitype":"A","taxfdividendbh":0.0,"taxcdividend":0.8,"divibegdate":"20040720","summarize":"10派1"}]}