{
    "name" : "贵州茅台",
    "list" : [
        {
            "reportdate" : "",
            "finstmtcomments" : "",
            "acntfirm" : "",
            "finstmtspecials" : "",
            "sharecount" : 0.0,

            "shorttermborrdetail" : "",
            "longborrdetail" : "",
            
            "curfds_cash" : 0.0,
            "curfds_bank" : 0.0,
            "curfds_other" : 0.0,
            "curfds_limit" : 0.0,
            
            "notesrece_bank" : 0.0,
            "notesrece_business" : 0.0,
            "notesrece_other" : 0.0,
            
            "accorece_credit_tot" : 0.0,
            "accorece_credit_bad" : 0.0,
            "accorece_single_tot" : 0.0,
            "accorece_single_bad" : 0.0,
            "accorece_single_imp_tot" : 0.0,
            "accorece_single_imp_bad" : 0.0,
            "accorece_0_1_tot" : 0.0,
            "accorece_0_1_bad" : 0.0,
            "accorece_1_2_tot" : 0.0,
            "accorece_1_2_bad" : 0.0,
            "accorece_2_3_tot" : 0.0,
            "accorece_2_3_bad" : 0.0,
            "accorece_3_4_tot" : 0.0,
            "accorece_3_4_bad" : 0.0,
            "accorece_4_5_tot" : 0.0,
            "accorece_4_5_bad" : 0.0,
            "accorece_5_n_tot" : 0.0,
            "accorece_5_n_bad" : 0.0,
            "accorece_bad_standard" : "",

            "prep_0_1" : 0.0,
            "prep_1_n" : 0.0,

            "otherrecedetail" : "",
            "otherrecebad" : 0.0,

            "inverevvallossstandard" : "",
            "inverevvallosstot" : 0.0,
            "inveincal" : "",
            "inveoutcal" : "",
            "inve_prod" : 0.0,
            "inve_sale" : 0.0,
            "inve_save" : 0.0,
            "inve_unit" : "",

            "holdinvedue_inrate" : 0.0,
            "holdinvedue_losscur" : 0.0,
            "holdinvedue_lossback" : 0.0,

            "avaisellassecur" : 0.0,
            "avaisellassecost" : 0.0,

            "invepropcal" : "",

            "fixedassedepolicy" : "",
            "intaassetdmopolicy" : "",
            "findevexp" : 0.0,

            "emplyescnt" : 0.0,
            "equfinpubpri" : 0.0,
            "debtfininrate" : 0.0,

            "saletax" : 0.0,
            "resourcetax" : 0.0
        },
        {
            "reportdate" : "20081231",
            "finstmtcomments" : "标准无保留意见",
            "acntfirm" : "中和正信会计师事务所",
            "finstmtspecials" : "",
            "sharecount" : 943800000,

            "shorttermborrdetail" : "",
            "longborrdetail" : "",
            
            "curfds_cash" : 118056.47,
            "curfds_bank" : 8090790764.24,
            "curfds_other" : 2813070.45,
            "curfds_limit" : 2813070.45,
            
            "notesrece_bank" : 170612609.00,
            "notesrece_business" : 0.0,
            "notesrece_other" : 0.0,
            
            "accorece_credit_tot" : 0.0,
            "accorece_credit_bad" : 0.0,
            "accorece_single_tot" : 36636602.81,
            "accorece_single_bad" : 1811507.97,
            "accorece_single_imp_tot" : 8773829.54,
            "accorece_single_imp_bad" : 8773829.54,
            "accorece_0_1_tot" : 0.0,
            "accorece_0_1_bad" : 0.0,
            "accorece_1_2_tot" : 0.0,
            "accorece_1_2_bad" : 0.0,
            "accorece_2_3_tot" : 0.0,
            "accorece_2_3_bad" : 0.0,
            "accorece_3_4_tot" : 0.0,
            "accorece_3_4_bad" : 0.0,
            "accorece_4_5_tot" : 0.0,
            "accorece_4_5_bad" : 0.0,
            "accorece_5_n_tot" : 8773829.54,
            "accorece_5_n_bad" : 8773829.54,
            "accorece_bad_standard" : "按单项分析与类似信用风险组合分类相结合的方法计提坏账准备。",

            "prep_0_1" : 445734695.40,
            "prep_1_n" : 295903840.94,

            "otherrecedetail" : "",
            "otherrecebad" : 3708232.10,

            "inverevvallossstandard" : "存货按成本与可变现净值孰低计价:按单个存货项目的成本高于可变现净值的差额计提存货跌价准备。",
            "inverevvallosstot" : 1283984.83,
            "inveincal" : "",
            "inveoutcal" : "加权平均法：材料核算按计划成本计价，按月结转材料成本差异，并将发出成本调整为实际成本;按实际成本计价， 其中自制半成品、产成品以实际成本计价，按移动加权平均法结转销售成本。",
            "inve_prod" : 25077.96,
            "inve_sale" : 0.0,
            "inve_save" : 0.0,
            "inve_unit" : "吨",

            "holdinvedue_inrate" : 0.0,
            "holdinvedue_losscur" : 0.0,
            "holdinvedue_lossback" : 0.0,

            "avaisellassecur" : 0.0,
            "avaisellassecost" : 0.0,

            "invepropcal" : "",

            "fixedassedepolicy" : "固定资产以取得时的实际成本入账，并从其达到预定可使用状态的次月起，采用直线法(年限平均法) 提取折旧。",
            "intaassetdmopolicy" : "无形资产自取得当月起按受益年限采用直线法摊销，使用寿命不确定的无形资产 不摊销。资产负债表日，应当对各项无形资产进行检查，如有减值迹象的，应按可收回金额低于账面价值 的差额计提减值准备。",
            "findevexp" : 0.0,

            "emplyescnt" : 8363,
            "equfinpubpri" : 0.0,
            "debtfininrate" : 0.0,

            "saletax" : 488407946.35,
            "resourcetax" : 0.0
        }
    ]
}