{"SH600519":{"symbol":"SH600519","exchange":"SH","code":"600519","name":"贵州茅台","current":"644.60","percentage":"3.75","change":"23.31","open":"625.06","high":"645.88","low":"624.0","close":"644.6","last_close":"621.29","high52week":"719.96","low52week":"309.03","volume":"6115315.0","lot_volume":"61153.15","volumeAverage":"2470920","marketCapital":"8.0974510188E11","eps":"15.91","pe_ttm":"33.41","pe_lyr":"48.4345","beta":"0.0","totalShares":"1256197800","time":"Tue Nov 28 14:22:45 +0800 2017","afterHours":"0.0","afterHoursPct":"0.0","afterHoursChg":"0.0","afterHoursTime":"Wed Oct 19 21:59:01 -0400 2011","updateAt":"1510121255463","dividend":"6.79","yield":"1.09","turnover_rate":"0.49%","instOwn":"0.0","rise_stop":"683.42","fall_stop":"559.16","currency_unit":"CNY","amount":"3.900126953E9","net_assets":"67.152","hasexist":"","has_warrant":"0","type":"11","flag":"1","rest_day":"","amplitude":"3.52%","market_status":"交易中","lot_size":"100","min_order_quantity":"0","max_order_quantity":"0","tick_size":"0.01","variable_tick_size":"","kzz_stock_symbol":"","kzz_stock_name":"","kzz_stock_current":"0.0","kzz_convert_price":"0.0","kzz_covert_value":"0.0","kzz_cpr":"0.0","kzz_putback_price":"0.0","kzz_convert_time":"","kzz_redempt_price":"0.0","kzz_straight_price":"0.0","kzz_stock_percent":"","pb":"9.6","benefit_before_tax":"0.0","benefit_after_tax":"0.0","convert_bond_ratio":"","totalissuescale":"","outstandingamt":"","maturitydate":"","remain_year":"","convertrate":"0.0","interestrtmemo":"","release_date":"","circulation":"0.0","par_value":"0.0","due_time":"0.0","value_date":"","due_date":"","publisher":"","redeem_type":"T","issue_type":"1","bond_type":"","warrant":"","sale_rrg":"","rate":"","after_hour_vol":"0","float_shares":"1256197799","float_market_capital":"8.097451012354E11","disnext_pay_date":"","convert_rate":"0.0","volume_ratio":"0.77","percent5m":"0.14","pankou_ratio":"-8.7%","psr":"14.2731"}}