{"list": [{"unreinveloss": null, "specrese": null, "righaggritse": null, "righaggr": 10737317525.23, "otherlonginve": null, "topaycashdivi": null, "minysharrigh": 10399972.33, "rese": 1041726620.6, "intelrece": null, "taxespaya": 311416073.38, "othernoncasse": 1542639.0, "tradshartrad": null, "totcurrasset": 8891709998.26, "otherrece": 12987546.62, "accrexpe": null, "expenoncliab": null, "fixedasseclea": null, "currliabitse": null, "consprog": 634541536.17, "engimate": null, "copepoun": null, "longliabform": null, "bdspaya": null, "specpaya": null, "hydrasset": null, "adjustdate": "20171027", "totliabsharequi": 13550016484.52, "inveprop": 4857462.45, "cenbankborr": null, "capisurp": 1323249434.3, "currliabform": null, "intelpay": null, "shorttermborr": 5000000.0, "shorttermbdspaya": null, "reinrece": null, "totalasseform": null, "sharrighitse": null, "accorece": 3665368.23, "totalnoncassets": 4658306486.26, "accopaya": 478332607.56, "othercurreliabi": 11924982.27, "purcresaasset": null, "intaasset": 151666864.97, "inve": 796267597.61, "totalcurrliab": 2762878659.29, "sharrightform": null, "expinoncurrasset": null, "tradfinliab": null, "fixedasseimpa": null, "fixedassenetw": null, "fixedasseimmo": null, "equiinve": null, "paresharrigh": 10726917552.9, "currassetitse": null, "fdsborr": null, "expotaxrebarece": null, "totassetitse": null, "subsrece": null, "comasse": null, "tradfinasset": null, "actiundesecu": null, "noncasseitse": null, "intepaya": 32246.81, "prepexpe": null, "reportdate": "20170930", "otherfeepaya": null, "rightotitse": null, "derifinaasset": null, "dometicksett": null, "generiskrese": null, "dividrece": null, "interece": 7451363.65, "rightotform": null, "treastk": 73646860.59, "undiprof": 5701920333.26, "avaisellasse": 100000.0, "totliabform": null, "rightaggrform": null, "paidincapi": 2704950700.0, "longliabitse": null, "accstacode": "2", "totliabitse": null, "longborr": null, "premrece": null, "noncasseform": null, "curtrandiff": null, "prep": 21080444.84, "defetaxasset": 122291366.48, "compcode": "80064560", "expecurrliab": null, "copewithreinrece": null, "divipaya": null, "notespaya": 27173242.08, "currasseform": null, "margrequ": null, "totasset": 13550016484.52, "reincontrese": null, "totalnoncliab": 49820300.0, "notesrece": null, "totliab": 2812698959.29, "duenoncliab": null, "holdinvedue": null, "accudepr": null, "insucontrese": null, "deveexpe": null, "settresedepo": null, "defereve": null, "othernoncliabi": null, "lendandloan": null, "longdefeinco": 49820300.0, "publishdate": "20171027", "advapaym": 928788450.07, "margrece": null, "defeincotaxliab": null, "logprepexpe": null, "prodasse": null, "othercurrasse": 5074700186.9, "longrece": null, "accstaname": "\u65b0\u4f1a\u8ba1\u51c6\u5219", "reporttype": "100111", "deriliab": null, "plac": null, "sellrepasse": null, "inteticksett": null, "longpaya": null, "copeworkersal": 316748107.54, "goodwill": 31767006.9, "unseg": null, "actitradsecu": null, "otherpay": 683462949.58, "deposit": null, "fixedassenet": 3711539610.29, "curfds": 2975557490.41}, {"unreinveloss": null, "specrese": null, "righaggritse": null, "righaggr": 10016423414.04, "otherlonginve": null, "topaycashdivi": null, "minysharrigh": 9772887.61, "rese": 1041726620.6, "intelrece": null, "taxespaya": 372134461.73, "othernoncasse": 1542639.0, "tradshartrad": null, "totcurrasset": 7763434876.84, "otherrece": 9884127.15, "accrexpe": null, "expenoncliab": null, "fixedasseclea": null, "currliabitse": null, "consprog": 531881515.41, "engimate": null, "copepoun": null, "longliabform": null, "bdspaya": null, "specpaya": null, "hydrasset": null, "adjustdate": "20170815", "totliabsharequi": 12407479227.29, "inveprop": 5009790.15, "cenbankborr": null, "capisurp": 1322041460.01, "currliabform": null, "intelpay": null, "shorttermborr": 13400000.0, "shorttermbdspaya": null, "reinrece": null, "totalasseform": null, "sharrighitse": null, "accorece": 2535358.65, "totalnoncassets": 4644044350.45, "accopaya": 426102348.31, "othercurreliabi": 6089782.27, "purcresaasset": null, "intaasset": 153276202.81, "inve": 706070335.0, "totalcurrliab": 2345958313.25, "sharrightform": null, "expinoncurrasset": null, "tradfinliab": null, "fixedasseimpa": null, "fixedassenetw": 3809557245.32, "fixedasseimmo": 5862733723.35, "equiinve": null, "paresharrigh": 10006650526.43, "currassetitse": null, "fdsborr": null, "expotaxrebarece": null, "totassetitse": null, "subsrece": null, "comasse": null, "tradfinasset": null, "actiundesecu": null, "noncasseitse": null, "intepaya": 32246.81, "prepexpe": null, "reportdate": "20170630", "otherfeepaya": null, "rightotitse": null, "derifinaasset": null, "dometicksett": null, "generiskrese": null, "dividrece": null, "interece": 5022439.43, "rightotform": null, "treastk": 73646860.59, "undiprof": 4986173003.63, "avaisellasse": 100000.0, "totliabform": null, "rightaggrform": null, "paidincapi": 2704950700.0, "longliabitse": null, "accstacode": "2", "totliabitse": null, "longborr": null, "premrece": null, "noncasseform": null, "curtrandiff": null, "prep": 18948286.71, "defetaxasset": 110909950.86, "compcode": "80064560", "expecurrliab": null, "copewithreinrece": null, "divipaya": null, "notespaya": 27326494.08, "currasseform": null, "margrequ": null, "totasset": 12407479227.29, "reincontrese": null, "totalnoncliab": 45097500.0, "notesrece": null, "totliab": 2391055813.25, "duenoncliab": null, "holdinvedue": null, "accudepr": 2053176478.03, "insucontrese": null, "deveexpe": null, "settresedepo": null, "defereve": null, "othernoncliabi": null, "lendandloan": null, "longdefeinco": 45097500.0, "publishdate": "20170815", "advapaym": 661762775.23, "margrece": null, "defeincotaxliab": null, "logprepexpe": null, "prodasse": null, "othercurrasse": 4097279162.23, "longrece": null, "accstaname": "\u65b0\u4f1a\u8ba1\u51c6\u5219", "reporttype": "100111", "deriliab": null, "plac": null, "sellrepasse": null, "inteticksett": null, "longpaya": null, "copeworkersal": 293500864.49, "goodwill": 31767006.9, "unseg": null, "actitradsecu": null, "otherpay": 545609340.33, "deposit": null, "fixedassenet": 3809557245.32, "curfds": 2923695167.67}, {"unreinveloss": null, "specrese": null, "righaggritse": null, "righaggr": 11001383684.79, "otherlonginve": null, "topaycashdivi": null, "minysharrigh": 9762746.93, "rese": 1041726620.6, "intelrece": null, "taxespaya": 366401261.6, "othernoncasse": 1542639.0, "tradshartrad": null, "totcurrasset": 8566049779.33, "otherrece": 16451622.17, "accrexpe": null, "expenoncliab": null, "fixedasseclea": null, "currliabitse": null, "consprog": 635912975.46, "engimate": null, "copepoun": null, "longliabform": null, "bdspaya": null, "specpaya": null, "hydrasset": null, "adjustdate": "20170426", "totliabsharequi": 13234485944.26, "inveprop": 5162117.8, "cenbankborr": null, "capisurp": 1321403334.75, "currliabform": null, "intelpay": null, "shorttermborr": 17385323.93, "shorttermbdspaya": null, "reinrece": null, "totalasseform": null, "sharrighitse": null, "accorece": 3151968.42, "totalnoncassets": 4668436164.93, "accopaya": 490441704.42, "othercurreliabi": 5329782.27, "purcresaasset": null, "intaasset": 154908169.91, "inve": 812861373.9, "totalcurrliab": 2187445259.47, "sharrightform": null, "expinoncurrasset": null, "tradfinliab": null, "fixedasseimpa": null, "fixedassenetw": null, "fixedasseimmo": null, "equiinve": null, "paresharrigh": 10991620937.86, "currassetitse": null, "fdsborr": null, "expotaxrebarece": null, "totassetitse": null, "subsrece": null, "comasse": null, "tradfinasset": null, "actiundesecu": null, "noncasseitse": null, "intepaya": 32246.81, "prepexpe": null, "reportdate": "20170331", "otherfeepaya": null, "rightotitse": null, "derifinaasset": null, "dometicksett": null, "generiskrese": null, "dividrece": null, "interece": 7813142.36, "rightotform": null, "treastk": 75623665.92, "undiprof": 5975799393.64, "avaisellasse": 100000.0, "totliabform": null, "rightaggrform": null, "paidincapi": 2704950700.0, "longliabitse": null, "accstacode": "2", "totliabitse": null, "longborr": null, "premrece": null, "noncasseform": null, "curtrandiff": null, "prep": 16959766.99, "defetaxasset": 80286438.67, "compcode": "80064560", "expecurrliab": null, "copewithreinrece": null, "divipaya": null, "notespaya": 23297292.7, "currasseform": null, "margrequ": null, "totasset": 13234485944.26, "reincontrese": null, "totalnoncliab": 45657000.0, "notesrece": null, "totliab": 2233102259.47, "duenoncliab": null, "holdinvedue": null, "accudepr": null, "insucontrese": null, "deveexpe": null, "settresedepo": null, "defereve": null, "othernoncliabi": null, "lendandloan": null, "longdefeinco": 45657000.0, "publishdate": "20170426", "advapaym": 542423582.21, "margrece": null, "defeincotaxliab": null, "logprepexpe": null, "prodasse": null, "othercurrasse": 2665104833.55, "longrece": null, "accstaname": "\u65b0\u4f1a\u8ba1\u51c6\u5219", "reporttype": "100111", "deriliab": null, "plac": null, "sellrepasse": null, "inteticksett": null, "longpaya": null, "copeworkersal": 231384795.32, "goodwill": 31767006.91, "unseg": null, "actitradsecu": null, "otherpay": 510749270.21, "deposit": null, "fixedassenet": 3758756817.18, "curfds": 5043707071.94}, {"unreinveloss": null, "specrese": null, "righaggritse": null, "righaggr": 10013769433.03, "otherlonginve": null, "topaycashdivi": null, "minysharrigh": null, "rese": 1041726620.6, "intelrece": null, "taxespaya": 262194019.14, "othernoncasse": 2746946.0, "tradshartrad": null, "totcurrasset": 8828203729.53, "otherrece": 6251866.18, "accrexpe": null, "expenoncliab": null, "fixedasseclea": null, "currliabitse": null, "consprog": 582415461.85, "engimate": null, "copepoun": null, "longliabform": null, "bdspaya": null, "specpaya": null, "hydrasset": null, "adjustdate": "20170323", "totliabsharequi": 13463592998.27, "inveprop": 5314445.51, "cenbankborr": null, "capisurp": 1320136410.56, "currliabform": null, "intelpay": null, "shorttermborr": null, "shorttermbdspaya": null, "reinrece": null, "totalasseform": null, "sharrighitse": null, "accorece": null, "totalnoncassets": 4635389268.74, "accopaya": 546931168.31, "othercurreliabi": 5329782.27, "purcresaasset": null, "intaasset": 140015729.76, "inve": 939884332.9, "totalcurrliab": 3403607065.24, "sharrightform": null, "expinoncurrasset": null, "tradfinliab": null, "fixedasseimpa": null, "fixedassenetw": 3830285320.94, "fixedasseimmo": 5668674344.26, "equiinve": null, "paresharrigh": 10013769433.03, "currassetitse": null, "fdsborr": null, "expotaxrebarece": null, "totassetitse": null, "subsrece": null, "comasse": null, "tradfinasset": null, "actiundesecu": null, "noncasseitse": null, "intepaya": null, "prepexpe": null, "reportdate": "20161231", "otherfeepaya": null, "rightotitse": null, "derifinaasset": null, "dometicksett": null, "generiskrese": null, "dividrece": null, "interece": 2071262.81, "rightotform": null, "treastk": 75623665.92, "undiprof": 4998844908.89, "avaisellasse": 100000.0, "totliabform": null, "rightaggrform": null, "paidincapi": 2704950700.0, "longliabitse": null, "accstacode": "2", "totliabitse": null, "longborr": null, "premrece": null, "noncasseform": null, "curtrandiff": null, "prep": 16997928.74, "defetaxasset": 57333527.3, "compcode": "80064560", "expecurrliab": null, "copewithreinrece": null, "divipaya": null, "notespaya": 28268738.44, "currasseform": null, "margrequ": null, "totasset": 13463592998.27, "reincontrese": null, "totalnoncliab": 46216500.0, "notesrece": null, "totliab": 3449823565.24, "duenoncliab": null, "holdinvedue": null, "accudepr": 1838389023.32, "insucontrese": null, "deveexpe": null, "settresedepo": null, "defereve": null, "othernoncliabi": null, "lendandloan": null, "longdefeinco": 46216500.0, "publishdate": "20170323", "advapaym": 1809254480.79, "margrece": null, "defeincotaxliab": null, "logprepexpe": null, "prodasse": null, "othercurrasse": 2666423818.65, "longrece": null, "accstaname": "\u65b0\u4f1a\u8ba1\u51c6\u5219", "reporttype": "100111", "deriliab": null, "plac": null, "sellrepasse": null, "inteticksett": null, "longpaya": null, "copeworkersal": 303390784.7, "goodwill": 17177837.38, "unseg": null, "actitradsecu": null, "otherpay": 448238091.59, "deposit": null, "fixedassenet": 3830285320.94, "curfds": 5196574520.25}, {"unreinveloss": null, "specrese": null, "righaggritse": null, "righaggr": 9189712656.73, "otherlonginve": null, "topaycashdivi": null, "minysharrigh": null, "rese": 827373822.15, "intelrece": null, "taxespaya": 233041903.04, "othernoncasse": 6155877.36, "tradshartrad": null, "totcurrasset": 6573367828.18, "otherrece": 6419764.11, "accrexpe": null, "expenoncliab": null, "fixedasseclea": null, "currliabitse": null, "consprog": 904755809.05, "engimate": null, "copepoun": null, "longliabform": null, "bdspaya": null, "specpaya": null, "hydrasset": null, "adjustdate": "20161028", "totliabsharequi": 11174435560.39, "inveprop": 5466773.15, "cenbankborr": null, "capisurp": 1325688577.58, "currliabform": null, "intelpay": null, "shorttermborr": null, "shorttermbdspaya": null, "reinrece": null, "totalasseform": null, "sharrighitse": null, "accorece": null, "totalnoncassets": 4601067732.21, "accopaya": 483435233.7, "othercurreliabi": 11744380.58, "purcresaasset": null, "intaasset": 141605218.31, "inve": 786283820.5, "totalcurrliab": 1943133403.66, "sharrightform": null, "expinoncurrasset": null, "tradfinliab": null, "fixedasseimpa": null, "fixedassenetw": null, "fixedasseimmo": null, "equiinve": null, "paresharrigh": 9189712656.73, "currassetitse": null, "fdsborr": null, "expotaxrebarece": null, "totassetitse": null, "subsrece": null, "comasse": null, "tradfinasset": null, "actiundesecu": null, "noncasseitse": null, "intepaya": null, "prepexpe": null, "reportdate": "20160930", "otherfeepaya": null, "rightotitse": null, "derifinaasset": null, "dometicksett": null, "generiskrese": null, "dividrece": null, "interece": 1781815.18, "rightotform": null, "treastk": 93091513.14, "undiprof": 4407073830.41, "avaisellasse": 100000.0, "totliabform": null, "rightaggrform": null, "paidincapi": 2704950700.0, "longliabitse": null, "accstacode": "2", "totliabitse": null, "longborr": null, "premrece": null, "noncasseform": null, "curtrandiff": null, "prep": 11448367.29, "defetaxasset": 69752161.97, "compcode": "80064560", "expecurrliab": null, "copewithreinrece": null, "divipaya": null, "notespaya": 27907069.2, "currasseform": null, "margrequ": null, "totasset": 11174435560.39, "reincontrese": null, "totalnoncliab": 41589500.0, "notesrece": null, "totliab": 1984722903.66, "duenoncliab": null, "holdinvedue": null, "accudepr": null, "insucontrese": null, "deveexpe": null, "settresedepo": null, "defereve": null, "othernoncliabi": null, "lendandloan": null, "longdefeinco": 41589500.0, "publishdate": "20161028", "advapaym": 416377305.72, "margrece": null, "defeincotaxliab": null, "logprepexpe": null, "prodasse": null, "othercurrasse": 2681241370.82, "longrece": null, "accstaname": "\u65b0\u4f1a\u8ba1\u51c6\u5219", "reporttype": "100111", "deriliab": null, "plac": null, "sellrepasse": null, "inteticksett": null, "longpaya": null, "copeworkersal": 231977950.53, "goodwill": 17177837.38, "unseg": null, "actitradsecu": null, "otherpay": 538649560.89, "deposit": null, "fixedassenet": 3456054054.99, "curfds": 3086192690.28}, {"unreinveloss": null, "specrese": null, "righaggritse": null, "righaggr": 8636285836.49, "otherlonginve": null, "topaycashdivi": null, "minysharrigh": null, "rese": 827373822.15, "intelrece": null, "taxespaya": 303844935.76, "othernoncasse": 6155877.36, "tradshartrad": null, "totcurrasset": 5989501295.18, "otherrece": 5804184.6, "accrexpe": null, "expenoncliab": null, "fixedasseclea": null, "currliabitse": null, "consprog": 841397866.33, "engimate": null, "copepoun": null, "longliabform": null, "bdspaya": null, "specpaya": null, "hydrasset": null, "adjustdate": "20160816", "totliabsharequi": 10469375793.67, "inveprop": 5619100.85, "cenbankborr": null, "capisurp": 1347438626.69, "currliabform": null, "intelpay": null, "shorttermborr": null, "shorttermbdspaya": null, "reinrece": null, "totalasseform": null, "sharrighitse": null, "accorece": null, "totalnoncassets": 4479874498.49, "accopaya": 460160648.28, "othercurreliabi": 7738580.58, "purcresaasset": null, "intaasset": 141150518.02, "inve": 729109759.96, "totalcurrliab": 1790940957.18, "sharrightform": null, "expinoncurrasset": null, "tradfinliab": null, "fixedasseimpa": null, "fixedassenetw": 3389066018.9, "fixedasseimmo": 5034946355.21, "equiinve": null, "paresharrigh": 8636285836.49, "currassetitse": null, "fdsborr": null, "expotaxrebarece": null, "totassetitse": null, "subsrece": null, "comasse": null, "tradfinasset": null, "actiundesecu": null, "noncasseitse": null, "intepaya": null, "prepexpe": null, "reportdate": "20160630", "otherfeepaya": null, "rightotitse": null, "derifinaasset": null, "dometicksett": null, "generiskrese": null, "dividrece": null, "interece": 245769.52, "rightotform": null, "treastk": 103124770.0, "undiprof": 3850898369.98, "avaisellasse": 100000.0, "totliabform": null, "rightaggrform": null, "paidincapi": 2706246000.0, "longliabitse": null, "accstacode": "2", "totliabitse": null, "longborr": null, "premrece": null, "noncasseform": null, "curtrandiff": null, "prep": 10215819.0, "defetaxasset": 79207279.65, "compcode": "80064560", "expecurrliab": null, "copewithreinrece": null, "divipaya": null, "notespaya": 24437222.57, "currasseform": null, "margrequ": null, "totasset": 10469375793.67, "reincontrese": null, "totalnoncliab": 42149000.0, "notesrece": null, "totliab": 1833089957.18, "duenoncliab": null, "holdinvedue": null, "accudepr": 1645880336.31, "insucontrese": null, "deveexpe": null, "settresedepo": null, "defereve": null, "othernoncliabi": null, "lendandloan": null, "longdefeinco": 42149000.0, "publishdate": "20160816", "advapaym": 290017190.78, "margrece": null, "defeincotaxliab": null, "logprepexpe": null, "prodasse": null, "othercurrasse": 2402894753.46, "longrece": null, "accstaname": "\u65b0\u4f1a\u8ba1\u51c6\u5219", "reporttype": "100111", "deriliab": null, "plac": null, "sellrepasse": null, "inteticksett": null, "longpaya": null, "copeworkersal": 234252670.03, "goodwill": 17177837.38, "unseg": null, "actitradsecu": null, "otherpay": 470489709.18, "deposit": null, "fixedassenet": 3389066018.9, "curfds": 2841231008.64}, {"unreinveloss": null, "specrese": null, "righaggritse": null, "righaggr": 7951286511.93, "otherlonginve": null, "topaycashdivi": null, "minysharrigh": null, "rese": 827373822.15, "intelrece": null, "taxespaya": 277587704.64, "othernoncasse": 8003137.45, "tradshartrad": null, "totcurrasset": 6932761235.87, "otherrece": 6400529.56, "accrexpe": null, "expenoncliab": null, "fixedasseclea": null, "currliabitse": null, "consprog": 941115906.04, "engimate": null, "copepoun": null, "longliabform": null, "bdspaya": null, "specpaya": null, "hydrasset": null, "adjustdate": "20160429", "totliabsharequi": 11317629687.6, "inveprop": 5771428.55, "cenbankborr": null, "capisurp": 1339266406.92, "currliabform": null, "intelpay": null, "shorttermborr": null, "shorttermbdspaya": null, "reinrece": null, "totalasseform": null, "sharrighitse": null, "accorece": null, "totalnoncassets": 4384868451.73, "accopaya": 479531398.45, "othercurreliabi": 7352080.58, "purcresaasset": null, "intaasset": 142647725.22, "inve": 745437874.85, "totalcurrliab": 3323634675.67, "sharrightform": null, "expinoncurrasset": null, "tradfinliab": null, "fixedasseimpa": null, "fixedassenetw": null, "fixedasseimmo": null, "equiinve": null, "paresharrigh": 7951286511.93, "currassetitse": null, "fdsborr": null, "expotaxrebarece": null, "totassetitse": null, "subsrece": null, "comasse": null, "tradfinasset": null, "actiundesecu": null, "noncasseitse": null, "intepaya": null, "prepexpe": null, "reportdate": "20160331", "otherfeepaya": null, "rightotitse": null, "derifinaasset": null, "dometicksett": null, "generiskrese": null, "dividrece": null, "interece": 1015285.48, "rightotform": null, "treastk": 103124770.0, "undiprof": 3174736011.76, "avaisellasse": 100000.0, "totliabform": null, "rightaggrform": null, "paidincapi": 2706246000.0, "longliabitse": null, "accstacode": "2", "totliabitse": null, "longborr": null, "premrece": null, "noncasseform": null, "curtrandiff": null, "prep": 12262117.0, "defetaxasset": 69921569.98, "compcode": "80064560", "expecurrliab": null, "copewithreinrece": null, "divipaya": 1623747600.0, "notespaya": 9012216.84, "currasseform": null, "margrequ": null, "totasset": 11317629687.6, "reincontrese": null, "totalnoncliab": 42708500.0, "notesrece": null, "totliab": 3366343175.67, "duenoncliab": null, "holdinvedue": null, "accudepr": null, "insucontrese": null, "deveexpe": null, "settresedepo": null, "defereve": null, "othernoncliabi": null, "lendandloan": null, "longdefeinco": 42708500.0, "publishdate": "20160429", "advapaym": 211611475.61, "margrece": null, "defeincotaxliab": null, "logprepexpe": null, "prodasse": null, "othercurrasse": 1829044831.3, "longrece": null, "accstaname": "\u65b0\u4f1a\u8ba1\u51c6\u5219", "reporttype": "100111", "deriliab": null, "plac": null, "sellrepasse": null, "inteticksett": null, "longpaya": null, "copeworkersal": 195533091.92, "goodwill": 17177837.38, "unseg": null, "actitradsecu": null, "otherpay": 519259107.63, "deposit": null, "fixedassenet": 3200130847.11, "curfds": 4338600597.68}, {"unreinveloss": null, "specrese": null, "righaggritse": null, "righaggr": 8751125601.73, "otherlonginve": null, "topaycashdivi": null, "minysharrigh": null, "rese": 827373822.15, "intelrece": null, "taxespaya": 271101353.14, "othernoncasse": 6710643.66, "tradshartrad": null, "totcurrasset": 7174758210.69, "otherrece": 7085944.99, "accrexpe": null, "expenoncliab": null, "fixedasseclea": null, "currliabitse": null, "consprog": 786640648.16, "engimate": null, "copepoun": null, "longliabform": null, "bdspaya": null, "specpaya": null, "hydrasset": null, "adjustdate": "20160310", "totliabsharequi": 11498002242.84, "inveprop": 5923756.26, "cenbankborr": null, "capisurp": 1333875444.15, "currliabform": null, "intelpay": null, "shorttermborr": null, "shorttermbdspaya": null, "reinrece": null, "totalasseform": null, "sharrighitse": null, "accorece": null, "totalnoncassets": 4323244032.15, "accopaya": 584833180.73, "othercurreliabi": 6792580.58, "purcresaasset": null, "intaasset": 144144932.39, "inve": 999924009.12, "totalcurrliab": 2703608641.11, "sharrightform": null, "expinoncurrasset": null, "tradfinliab": null, "fixedasseimpa": null, "fixedassenetw": 3263644592.88, "fixedasseimmo": 4729457144.46, "equiinve": null, "paresharrigh": 8751125601.73, "currassetitse": null, "fdsborr": null, "expotaxrebarece": null, "totassetitse": null, "subsrece": null, "comasse": null, "tradfinasset": null, "actiundesecu": null, "noncasseitse": null, "intepaya": null, "prepexpe": null, "reportdate": "20151231", "otherfeepaya": null, "rightotitse": null, "derifinaasset": null, "dometicksett": null, "generiskrese": null, "dividrece": null, "interece": 753269.4, "rightotform": null, "treastk": 109179250.0, "undiprof": 3987787273.78, "avaisellasse": 100000.0, "totliabform": null, "rightaggrform": null, "paidincapi": 2706246000.0, "longliabitse": null, "accstacode": "2", "totliabitse": null, "longborr": null, "premrece": null, "noncasseform": null, "curtrandiff": null, "prep": 7279517.87, "defetaxasset": 98901621.42, "compcode": "80064560", "expecurrliab": null, "copewithreinrece": null, "divipaya": null, "notespaya": null, "currasseform": null, "margrequ": null, "totasset": 11498002242.84, "reincontrese": null, "totalnoncliab": 43268000.0, "notesrece": null, "totliab": 2746876641.11, "duenoncliab": null, "holdinvedue": null, "accudepr": 1465812551.58, "insucontrese": null, "deveexpe": null, "settresedepo": null, "defereve": null, "othernoncliabi": null, "lendandloan": null, "longdefeinco": 43268000.0, "publishdate": "20160310", "advapaym": 1118865208.36, "margrece": null, "defeincotaxliab": null, "logprepexpe": null, "prodasse": null, "othercurrasse": 1640624402.16, "longrece": null, "accstaname": "\u65b0\u4f1a\u8ba1\u51c6\u5219", "reporttype": "100111", "deriliab": null, "plac": null, "sellrepasse": null, "inteticksett": null, "longpaya": null, "copeworkersal": 275931741.72, "goodwill": 17177837.38, "unseg": null, "actitradsecu": null, "otherpay": 446084576.58, "deposit": null, "fixedassenet": 3263644592.88, "curfds": 4519091067.15}, {"unreinveloss": null, "specrese": null, "righaggritse": null, "righaggr": 8072098717.64, "otherlonginve": null, "topaycashdivi": null, "minysharrigh": null, "rese": 495518007.47, "intelrece": null, "taxespaya": 221835242.86, "othernoncasse": 6155877.36, "tradshartrad": null, "totcurrasset": 5622618783.08, "otherrece": 5995143.95, "accrexpe": null, "expenoncliab": null, "fixedasseclea": null, "currliabitse": null, "consprog": 632702098.15, "engimate": null, "copepoun": null, "longliabform": null, "bdspaya": null, "specpaya": null, "hydrasset": null, "adjustdate": "20151022", "totliabsharequi": 9822166941.68, "inveprop": 6076083.97, "cenbankborr": null, "capisurp": 1327646999.62, "currliabform": null, "intelpay": null, "shorttermborr": null, "shorttermbdspaya": null, "reinrece": null, "totalasseform": null, "sharrighitse": null, "accorece": null, "totalnoncassets": 4199548158.6, "accopaya": 480876588.93, "othercurreliabi": 5560669.25, "purcresaasset": null, "intaasset": 144973861.21, "inve": 846600953.53, "totalcurrliab": 1591371524.04, "sharrightform": null, "expinoncurrasset": null, "tradfinliab": null, "fixedasseimpa": null, "fixedassenetw": null, "fixedasseimmo": null, "equiinve": null, "paresharrigh": 8072098717.64, "currassetitse": null, "fdsborr": null, "expotaxrebarece": null, "totassetitse": null, "subsrece": null, "comasse": null, "tradfinasset": null, "actiundesecu": null, "noncasseitse": null, "intepaya": null, "prepexpe": null, "reportdate": "20150930", "otherfeepaya": null, "rightotitse": null, "derifinaasset": null, "dometicksett": null, "generiskrese": null, "dividrece": null, "interece": 776884.12, "rightotform": null, "treastk": 113936700.0, "undiprof": 3650439967.05, "avaisellasse": 100000.0, "totliabform": null, "rightaggrform": null, "paidincapi": 2706246000.0, "longliabitse": null, "accstacode": "2", "totliabitse": null, "longborr": null, "premrece": null, "noncasseform": null, "curtrandiff": null, "prep": 25732741.7, "defetaxasset": 81373751.3, "compcode": "80064560", "expecurrliab": null, "copewithreinrece": null, "divipaya": null, "notespaya": null, "currasseform": null, "margrequ": null, "totasset": 9822166941.68, "reincontrese": null, "totalnoncliab": 158696700.0, "notesrece": null, "totliab": 1750068224.04, "duenoncliab": null, "holdinvedue": null, "accudepr": null, "insucontrese": null, "deveexpe": null, "settresedepo": null, "defereve": null, "othernoncliabi": null, "lendandloan": null, "longdefeinco": 44760000.0, "publishdate": "20151022", "advapaym": 273759623.88, "margrece": null, "defeincotaxliab": null, "logprepexpe": null, "prodasse": null, "othercurrasse": 1602941393.48, "longrece": null, "accstaname": "\u65b0\u4f1a\u8ba1\u51c6\u5219", "reporttype": "100111", "deriliab": null, "plac": null, "sellrepasse": null, "inteticksett": null, "longpaya": 113936700.0, "copeworkersal": 235881482.08, "goodwill": 17177837.38, "unseg": null, "actitradsecu": null, "otherpay": 373457917.04, "deposit": null, "fixedassenet": 3310988649.23, "curfds": 3140571666.3}, {"unreinveloss": null, "specrese": null, "righaggritse": null, "righaggr": 7553639627.81, "otherlonginve": null, "topaycashdivi": null, "minysharrigh": null, "rese": 495518007.47, "intelrece": null, "taxespaya": 258594608.67, "othernoncasse": 6155877.36, "tradshartrad": null, "totcurrasset": 5172753189.41, "otherrece": 6445353.11, "accrexpe": null, "expenoncliab": null, "fixedasseclea": null, "currliabitse": null, "consprog": 549825632.52, "engimate": null, "copepoun": null, "longliabform": null, "bdspaya": null, "specpaya": null, "hydrasset": null, "adjustdate": "20150814", "totliabsharequi": 9306059202.63, "inveprop": 6228411.73, "cenbankborr": null, "capisurp": 1320114778.45, "currliabform": null, "intelpay": null, "shorttermborr": null, "shorttermbdspaya": null, "reinrece": null, "totalasseform": null, "sharrighitse": null, "accorece": null, "totalnoncassets": 4133306013.22, "accopaya": 470628578.78, "othercurreliabi": 6064352.16, "purcresaasset": null, "intaasset": 146438732.31, "inve": 751430497.96, "totalcurrliab": 1588869104.25, "sharrightform": null, "expinoncurrasset": null, "tradfinliab": null, "fixedasseimpa": null, "fixedassenetw": 3319969438.63, "fixedasseimmo": 4608675608.71, "equiinve": null, "paresharrigh": 7553639627.81, "currassetitse": null, "fdsborr": null, "expotaxrebarece": null, "totassetitse": null, "subsrece": null, "comasse": null, "tradfinasset": null, "actiundesecu": null, "noncasseitse": null, "intepaya": null, "prepexpe": null, "reportdate": "20150630", "otherfeepaya": null, "rightotitse": null, "derifinaasset": null, "dometicksett": null, "generiskrese": null, "dividrece": null, "interece": 1244264.52, "rightotform": null, "treastk": 115873800.0, "undiprof": 3144383011.75, "avaisellasse": 100000.0, "totliabform": null, "rightaggrform": null, "paidincapi": 2706444000.0, "longliabitse": null, "accstacode": "2", "totliabitse": null, "longborr": null, "premrece": null, "noncasseform": null, "curtrandiff": null, "prep": 8851885.7, "defetaxasset": 87410083.29, "compcode": "80064560", "expecurrliab": null, "copewithreinrece": null, "divipaya": null, "notespaya": null, "currasseform": null, "margrequ": null, "totasset": 9306059202.63, "reincontrese": null, "totalnoncliab": 163550470.57, "notesrece": null, "totliab": 1752419574.82, "duenoncliab": null, "holdinvedue": null, "accudepr": 1288706170.08, "insucontrese": null, "deveexpe": null, "settresedepo": null, "defereve": null, "othernoncliabi": null, "lendandloan": null, "longdefeinco": 47676670.57, "publishdate": "20150814", "advapaym": 255102831.07, "margrece": null, "defeincotaxliab": null, "logprepexpe": null, "prodasse": null, "othercurrasse": 1297061168.42, "longrece": null, "accstaname": "\u65b0\u4f1a\u8ba1\u51c6\u5219", "reporttype": "100111", "deriliab": null, "plac": null, "sellrepasse": null, "inteticksett": null, "longpaya": 115873800.0, "copeworkersal": 229772230.88, "goodwill": 17177837.38, "unseg": null, "actitradsecu": null, "otherpay": 368706502.69, "deposit": null, "fixedassenet": 3319969438.63, "curfds": 3107720019.7}, {"unreinveloss": null, "specrese": null, "righaggritse": null, "righaggr": 6959561211.38, "otherlonginve": null, "topaycashdivi": null, "minysharrigh": null, "rese": 495518007.47, "intelrece": null, "taxespaya": 211958811.89, "othernoncasse": 4647255.36, "tradshartrad": null, "totcurrasset": 5917314858.16, "otherrece": 7167476.08, "accrexpe": null, "expenoncliab": null, "fixedasseclea": null, "currliabitse": null, "consprog": 629618735.2, "engimate": null, "copepoun": null, "longliabform": null, "bdspaya": null, "specpaya": null, "hydrasset": null, "adjustdate": "20150430", "totliabsharequi": 9937595504.5, "inveprop": 6380739.43, "cenbankborr": null, "capisurp": 2513547057.28, "currliabform": null, "intelpay": null, "shorttermborr": null, "shorttermbdspaya": null, "reinrece": null, "totalasseform": null, "sharrighitse": null, "accorece": null, "totalnoncassets": 4020280646.34, "accopaya": 448254232.52, "othercurreliabi": 1386942.16, "purcresaasset": null, "intaasset": 147260207.23, "inve": 817893599.96, "totalcurrliab": 2809612484.88, "sharrightform": null, "expinoncurrasset": null, "tradfinliab": null, "fixedasseimpa": null, "fixedassenetw": null, "fixedasseimmo": null, "equiinve": null, "paresharrigh": 6959561211.38, "currassetitse": null, "fdsborr": null, "expotaxrebarece": null, "totassetitse": null, "subsrece": null, "comasse": null, "tradfinasset": null, "actiundesecu": null, "noncasseitse": null, "intepaya": null, "prepexpe": null, "reportdate": "20150331", "otherfeepaya": null, "rightotitse": null, "derifinaasset": null, "dometicksett": null, "generiskrese": null, "dividrece": null, "interece": 8803164.73, "rightotform": null, "treastk": 115873800.0, "undiprof": 2542768028.82, "avaisellasse": 100000.0, "totliabform": null, "rightaggrform": null, "paidincapi": 1503580000.0, "longliabitse": null, "accstacode": "2", "totliabitse": null, "longborr": null, "premrece": null, "noncasseform": null, "curtrandiff": null, "prep": 8968073.69, "defetaxasset": 75105644.82, "compcode": "80064560", "expecurrliab": null, "copewithreinrece": null, "divipaya": 1278043000.0, "notespaya": null, "currasseform": null, "margrequ": null, "totasset": 9937595504.5, "reincontrese": null, "totalnoncliab": 168421808.24, "notesrece": null, "totliab": 2978034293.12, "duenoncliab": null, "holdinvedue": null, "accudepr": null, "insucontrese": null, "deveexpe": null, "settresedepo": null, "defereve": null, "othernoncliabi": null, "lendandloan": null, "longdefeinco": 52548008.24, "publishdate": "20150430", "advapaym": 314966416.57, "margrece": null, "defeincotaxliab": null, "logprepexpe": null, "prodasse": null, "othercurrasse": 704044560.17, "longrece": null, "accstaname": "\u65b0\u4f1a\u8ba1\u51c6\u5219", "reporttype": "100111", "deriliab": null, "plac": null, "sellrepasse": null, "inteticksett": null, "longpaya": 115873800.0, "copeworkersal": 206373874.42, "goodwill": 17177837.38, "unseg": null, "actitradsecu": null, "otherpay": 348629207.32, "deposit": null, "fixedassenet": 3139990226.92, "curfds": 4370437983.53}, {"unreinveloss": null, "specrese": null, "righaggritse": null, "righaggr": 7487912155.39, "otherlonginve": null, "topaycashdivi": null, "minysharrigh": null, "rese": 495518007.47, "intelrece": null, "taxespaya": 141129716.15, "othernoncasse": 7532435.88, "tradshartrad": null, "totcurrasset": 7032610678.52, "otherrece": 6946040.13, "accrexpe": null, "expenoncliab": null, "fixedasseclea": null, "currliabitse": null, "consprog": 504653050.44, "engimate": null, "copepoun": null, "longliabform": null, "bdspaya": null, "specpaya": null, "hydrasset": null, "adjustdate": "20150310", "totliabsharequi": 11000594566.17, "inveprop": 6533067.14, "cenbankborr": null, "capisurp": 2503954982.27, "currliabform": null, "intelpay": null, "shorttermborr": null, "shorttermbdspaya": null, "reinrece": null, "totalasseform": null, "sharrighitse": null, "accorece": null, "totalnoncassets": 3967983887.65, "accopaya": 599248049.8, "othercurreliabi": 933898.1, "purcresaasset": null, "intaasset": 148693946.28, "inve": 1154208319.45, "totalcurrliab": 3348733839.85, "sharrightform": null, "expinoncurrasset": null, "tradfinliab": null, "fixedasseimpa": null, "fixedassenetw": 3198675437.04, "fixedasseimmo": 4320646286.75, "equiinve": null, "paresharrigh": 7487912155.39, "currassetitse": null, "fdsborr": null, "expotaxrebarece": null, "totassetitse": null, "subsrece": null, "comasse": null, "tradfinasset": null, "actiundesecu": null, "noncasseitse": null, "intepaya": null, "prepexpe": null, "reportdate": "20141231", "otherfeepaya": null, "rightotitse": null, "derifinaasset": null, "dometicksett": null, "generiskrese": null, "dividrece": null, "interece": 9681644.14, "rightotform": null, "treastk": 115873800.0, "undiprof": 3091655525.93, "avaisellasse": 100000.0, "totliabform": null, "rightaggrform": null, "paidincapi": 1503580000.0, "longliabitse": null, "accstacode": "2", "totliabitse": null, "longborr": null, "premrece": null, "noncasseform": null, "curtrandiff": null, "prep": 21882548.01, "defetaxasset": 84618113.49, "compcode": "80064560", "expecurrliab": null, "copewithreinrece": null, "divipaya": null, "notespaya": null, "currasseform": null, "margrequ": null, "totasset": 11000594566.17, "reincontrese": null, "totalnoncliab": 163948570.93, "notesrece": null, "totliab": 3512682410.78, "duenoncliab": null, "holdinvedue": null, "accudepr": 1121970849.71, "insucontrese": null, "deveexpe": null, "settresedepo": null, "defereve": null, "othernoncliabi": null, "lendandloan": null, "longdefeinco": 48074770.93, "publishdate": "20150310", "advapaym": 2022083979.88, "margrece": null, "defeincotaxliab": null, "logprepexpe": null, "prodasse": null, "othercurrasse": 722327034.84, "longrece": null, "accstaname": "\u65b0\u4f1a\u8ba1\u51c6\u5219", "reporttype": "100111", "deriliab": null, "plac": null, "sellrepasse": null, "inteticksett": null, "longpaya": 115873800.0, "copeworkersal": 265737721.01, "goodwill": 17177837.38, "unseg": null, "actitradsecu": null, "otherpay": 319600474.91, "deposit": null, "fixedassenet": 3198675437.04, "curfds": 5117565091.95}, {"unreinveloss": null, "specrese": null, "righaggritse": null, "righaggr": 6920426905.0, "otherlonginve": null, "topaycashdivi": null, "minysharrigh": 735586.73, "rese": 327830534.63, "intelrece": null, "taxespaya": 159999242.71, "othernoncasse": 39909717.0, "tradshartrad": null, "totcurrasset": 4626519981.01, "otherrece": 4690099.34, "accrexpe": null, "expenoncliab": null, "fixedasseclea": null, "currliabitse": null, "consprog": 725812654.61, "engimate": null, "copepoun": null, "longliabform": null, "bdspaya": null, "specpaya": null, "hydrasset": null, "adjustdate": "20141021", "totliabsharequi": 8408548331.55, "inveprop": 6685394.78, "cenbankborr": null, "capisurp": 2397407609.22, "currliabform": null, "intelpay": null, "shorttermborr": null, "shorttermbdspaya": null, "reinrece": null, "totalasseform": null, "sharrighitse": null, "accorece": null, "totalnoncassets": 3782028350.54, "accopaya": 449032122.42, "othercurreliabi": 2330628.56, "purcresaasset": null, "intaasset": 113738286.3, "inve": 783674381.73, "totalcurrliab": 1434693181.82, "sharrightform": null, "expinoncurrasset": null, "tradfinliab": null, "fixedasseimpa": null, "fixedassenetw": null, "fixedasseimmo": null, "equiinve": null, "paresharrigh": 6919691318.27, "currassetitse": null, "fdsborr": null, "expotaxrebarece": null, "totassetitse": null, "subsrece": null, "comasse": null, "tradfinasset": null, "actiundesecu": null, "noncasseitse": null, "intepaya": null, "prepexpe": null, "reportdate": "20140930", "otherfeepaya": null, "rightotitse": null, "derifinaasset": null, "dometicksett": null, "generiskrese": null, "dividrece": null, "interece": 11622288.12, "rightotform": null, "treastk": null, "undiprof": 2701867560.4, "avaisellasse": 100000.0, "totliabform": null, "rightaggrform": null, "paidincapi": 1497000000.0, "longliabitse": null, "accstacode": "2", "totliabitse": null, "longborr": null, "premrece": null, "noncasseform": null, "curtrandiff": -4414385.98, "prep": 25620035.8, "defetaxasset": 59310712.14, "compcode": "80064560", "expecurrliab": null, "copewithreinrece": null, "divipaya": null, "notespaya": null, "currasseform": null, "margrequ": null, "totasset": 8408548331.55, "reincontrese": null, "totalnoncliab": 53428244.73, "notesrece": null, "totliab": 1488121426.55, "duenoncliab": null, "holdinvedue": null, "accudepr": null, "insucontrese": null, "deveexpe": null, "settresedepo": null, "defereve": null, "othernoncliabi": 3350215.38, "lendandloan": null, "longdefeinco": null, "publishdate": "20141021", "advapaym": 302724288.7, "margrece": null, "defeincotaxliab": 50078029.35, "logprepexpe": null, "prodasse": null, "othercurrasse": 697351525.48, "longrece": null, "accstaname": "\u65b0\u4f1a\u8ba1\u51c6\u5219", "reporttype": "100111", "deriliab": null, "plac": null, "sellrepasse": null, "inteticksett": null, "longpaya": null, "copeworkersal": 219537826.87, "goodwill": 17177837.38, "unseg": null, "actitradsecu": null, "otherpay": 301069072.56, "deposit": null, "fixedassenet": 2819293748.33, "curfds": 3103561650.54}, {"unreinveloss": null, "specrese": null, "righaggritse": null, "righaggr": 6474533153.88, "otherlonginve": null, "topaycashdivi": null, "minysharrigh": 958547.4, "rese": 327830534.63, "intelrece": null, "taxespaya": 161160719.01, "othernoncasse": 20583845.0, "tradshartrad": null, "totcurrasset": 4272753269.12, "otherrece": 4600582.89, "accrexpe": null, "expenoncliab": null, "fixedasseclea": null, "currliabitse": null, "consprog": 526222081.36, "engimate": null, "copepoun": null, "longliabform": null, "bdspaya": null, "specpaya": null, "hydrasset": null, "adjustdate": "20140820", "totliabsharequi": 7896327335.28, "inveprop": 6837722.56, "cenbankborr": null, "capisurp": 2388636102.37, "currliabform": null, "intelpay": null, "shorttermborr": 53500000.0, "shorttermbdspaya": null, "reinrece": null, "totalasseform": null, "sharrighitse": null, "accorece": null, "totalnoncassets": 3623574066.16, "accopaya": 395161650.67, "othercurreliabi": 352943.11, "purcresaasset": null, "intaasset": 114703147.04, "inve": 666458663.03, "totalcurrliab": 1378486314.52, "sharrightform": null, "expinoncurrasset": null, "tradfinliab": null, "fixedasseimpa": null, "fixedassenetw": 2882685525.67, "fixedasseimmo": 3864855145.48, "equiinve": 100000.0, "paresharrigh": 6473574606.48, "currassetitse": null, "fdsborr": null, "expotaxrebarece": null, "totassetitse": null, "subsrece": null, "comasse": null, "tradfinasset": null, "actiundesecu": null, "noncasseitse": null, "intepaya": null, "prepexpe": null, "reportdate": "20140630", "otherfeepaya": null, "rightotitse": null, "derifinaasset": null, "dometicksett": null, "generiskrese": null, "dividrece": null, "interece": 2287013.7, "rightotform": null, "treastk": null, "undiprof": 2264520795.47, "avaisellasse": null, "totliabform": null, "rightaggrform": null, "paidincapi": 1497000000.0, "longliabitse": null, "accstacode": "2", "totliabitse": null, "longborr": null, "premrece": null, "noncasseform": null, "curtrandiff": -4412825.99, "prep": 7656432.98, "defetaxasset": 55263907.15, "compcode": "80064560", "expecurrliab": null, "copewithreinrece": null, "divipaya": null, "notespaya": null, "currasseform": null, "margrequ": null, "totasset": 7896327335.28, "reincontrese": null, "totalnoncliab": 43307866.88, "notesrece": null, "totliab": 1421794181.4, "duenoncliab": null, "holdinvedue": null, "accudepr": 982169619.81, "insucontrese": null, "deveexpe": null, "settresedepo": null, "defereve": null, "othernoncliabi": 5860557.97, "lendandloan": null, "longdefeinco": null, "publishdate": "20140820", "advapaym": 243658802.85, "margrece": null, "defeincotaxliab": 37447308.91, "logprepexpe": null, "prodasse": null, "othercurrasse": 673293245.85, "longrece": null, "accstaname": "\u65b0\u4f1a\u8ba1\u51c6\u5219", "reporttype": "100111", "deriliab": null, "plac": null, "sellrepasse": null, "inteticksett": null, "longpaya": null, "copeworkersal": 195515329.7, "goodwill": 17177837.38, "unseg": null, "actitradsecu": null, "otherpay": 329136869.18, "deposit": null, "fixedassenet": 2882685525.67, "curfds": 2918457330.67}, {"unreinveloss": null, "specrese": null, "righaggritse": null, "righaggr": 6386607901.06, "otherlonginve": null, "topaycashdivi": null, "minysharrigh": null, "rese": 327830534.63, "intelrece": null, "taxespaya": 212952086.44, "othernoncasse": 40567003.11, "tradshartrad": null, "totcurrasset": 4455008165.12, "otherrece": 6106698.53, "accrexpe": null, "expenoncliab": null, "fixedasseclea": null, "currliabitse": null, "consprog": 757615227.27, "engimate": null, "copepoun": null, "longliabform": null, "bdspaya": null, "specpaya": null, "hydrasset": null, "adjustdate": "20140430", "totliabsharequi": 7831965565.29, "inveprop": 6990050.26, "cenbankborr": null, "capisurp": 3137136102.36, "currliabform": null, "intelpay": null, "shorttermborr": null, "shorttermbdspaya": null, "reinrece": null, "totalasseform": null, "sharrighitse": null, "accorece": null, "totalnoncassets": 3376957400.17, "accopaya": 404277281.71, "othercurreliabi": 1304746.96, "purcresaasset": null, "intaasset": 72698106.54, "inve": 737243642.91, "totalcurrliab": 1412160874.46, "sharrightform": null, "expinoncurrasset": null, "tradfinliab": null, "fixedasseimpa": null, "fixedassenetw": null, "fixedasseimmo": null, "equiinve": 100000.0, "paresharrigh": 6386607901.06, "currassetitse": null, "fdsborr": null, "expotaxrebarece": null, "totassetitse": null, "subsrece": null, "comasse": null, "tradfinasset": null, "actiundesecu": null, "noncasseitse": null, "intepaya": null, "prepexpe": null, "reportdate": "20140331", "otherfeepaya": null, "rightotitse": null, "derifinaasset": null, "dometicksett": null, "generiskrese": null, "dividrece": null, "interece": 299801.63, "rightotform": null, "treastk": null, "undiprof": 2177568144.99, "avaisellasse": null, "totliabform": null, "rightaggrform": null, "paidincapi": 748500000.0, "longliabitse": null, "accstacode": "2", "totliabitse": null, "longborr": null, "premrece": null, "noncasseform": null, "curtrandiff": -4426880.92, "prep": 17775491.69, "defetaxasset": 57349264.54, "compcode": "80064560", "expecurrliab": null, "copewithreinrece": null, "divipaya": null, "notespaya": null, "currasseform": null, "margrequ": null, "totasset": 7831965565.29, "reincontrese": null, "totalnoncliab": 33196789.77, "notesrece": null, "totliab": 1445357664.23, "duenoncliab": null, "holdinvedue": null, "accudepr": null, "insucontrese": null, "deveexpe": null, "settresedepo": null, "defereve": null, "othernoncliabi": 7011230.4, "lendandloan": null, "longdefeinco": null, "publishdate": "20140430", "advapaym": 372104409.1, "margrece": null, "defeincotaxliab": 26185559.37, "logprepexpe": null, "prodasse": null, "othercurrasse": 75167729.09, "longrece": null, "accstaname": "\u65b0\u4f1a\u8ba1\u51c6\u5219", "reporttype": "100111", "deriliab": null, "plac": null, "sellrepasse": null, "inteticksett": null, "longpaya": null, "copeworkersal": 176965515.03, "goodwill": null, "unseg": null, "actitradsecu": null, "otherpay": 244556835.22, "deposit": null, "fixedassenet": 2441637748.45, "curfds": 3618414801.27}, {"unreinveloss": null, "specrese": null, "righaggritse": null, "righaggr": 3914438998.01, "otherlonginve": null, "topaycashdivi": null, "minysharrigh": null, "rese": 327830534.63, "intelrece": null, "taxespaya": 144496154.33, "othernoncasse": 52641502.36, "tradshartrad": null, "totcurrasset": 3411005300.55, "otherrece": 5407594.97, "accrexpe": null, "expenoncliab": null, "fixedasseclea": null, "currliabitse": null, "consprog": 743177863.42, "engimate": null, "copepoun": null, "longliabform": null, "bdspaya": null, "specpaya": null, "hydrasset": null, "adjustdate": "20140325", "totliabsharequi": 6722123294.35, "inveprop": 7142377.97, "cenbankborr": null, "capisurp": 1336719988.55, "currliabform": null, "intelpay": null, "shorttermborr": null, "shorttermbdspaya": null, "reinrece": null, "totalasseform": null, "sharrighitse": null, "accorece": null, "totalnoncassets": 3311117993.8, "accopaya": 463851487.03, "othercurreliabi": 2563596.93, "purcresaasset": null, "intaasset": 81874709.37, "inve": 1013244774.03, "totalcurrliab": 2791542746.21, "sharrightform": null, "expinoncurrasset": null, "tradfinliab": null, "fixedasseimpa": null, "fixedassenetw": 2360669866.84, "fixedasseimmo": 3221926298.84, "equiinve": 100000.0, "paresharrigh": 3914438998.01, "currassetitse": null, "fdsborr": null, "expotaxrebarece": null, "totassetitse": null, "subsrece": null, "comasse": null, "tradfinasset": null, "actiundesecu": null, "noncasseitse": null, "intepaya": null, "prepexpe": null, "reportdate": "20131231", "otherfeepaya": null, "rightotitse": null, "derifinaasset": null, "dometicksett": null, "generiskrese": null, "dividrece": null, "interece": 490817.08, "rightotform": null, "treastk": null, "undiprof": 1543317308.48, "avaisellasse": null, "totliabform": null, "rightaggrform": null, "paidincapi": 711000000.0, "longliabitse": null, "accstacode": "2", "totliabitse": null, "longborr": null, "premrece": null, "noncasseform": null, "curtrandiff": -4428833.65, "prep": 20661031.71, "defetaxasset": 65511673.84, "compcode": "80064560", "expecurrliab": null, "copewithreinrece": null, "divipaya": null, "notespaya": null, "currasseform": null, "margrequ": null, "totasset": 6722123294.35, "reincontrese": null, "totalnoncliab": 16141550.13, "notesrece": null, "totliab": 2807684296.34, "duenoncliab": null, "holdinvedue": null, "accudepr": 861256432.0, "insucontrese": null, "deveexpe": null, "settresedepo": null, "defereve": null, "othernoncliabi": 6044455.17, "lendandloan": null, "longdefeinco": null, "publishdate": "20140325", "advapaym": 1736223333.21, "margrece": null, "defeincotaxliab": 10097094.96, "logprepexpe": null, "prodasse": null, "othercurrasse": 106362417.66, "longrece": null, "accstaname": "\u65b0\u4f1a\u8ba1\u51c6\u5219", "reporttype": "100111", "deriliab": null, "plac": null, "sellrepasse": null, "inteticksett": null, "longpaya": null, "copeworkersal": 225709684.27, "goodwill": null, "unseg": null, "actitradsecu": null, "otherpay": 218698490.44, "deposit": null, "fixedassenet": 2360669866.84, "curfds": 2264838665.1}, {"unreinveloss": null, "specrese": null, "righaggritse": null, "righaggr": 3513173314.26, "otherlonginve": null, "topaycashdivi": null, "minysharrigh": null, "rese": 221020719.29, "intelrece": null, "taxespaya": 119194360.6, "othernoncasse": null, "tradshartrad": null, "totcurrasset": 1697344582.24, "otherrece": 6678513.25, "accrexpe": null, "expenoncliab": null, "fixedasseclea": null, "currliabitse": null, "consprog": 570524168.92, "engimate": null, "copepoun": null, "longliabform": null, "bdspaya": null, "specpaya": null, "hydrasset": null, "adjustdate": "20140115", "totliabsharequi": 4753473624.43, "inveprop": 7294705.76, "cenbankborr": null, "capisurp": 1336719988.55, "currliabform": null, "intelpay": null, "shorttermborr": null, "shorttermbdspaya": null, "reinrece": null, "totalasseform": null, "sharrighitse": null, "accorece": null, "totalnoncassets": 3056129042.19, "accopaya": 323968224.56, "othercurreliabi": 1660803.02, "purcresaasset": null, "intaasset": 81094282.6, "inve": 766447184.34, "totalcurrliab": 1221016311.35, "sharrightform": null, "expinoncurrasset": null, "tradfinliab": null, "fixedasseimpa": null, "fixedassenetw": null, "fixedasseimmo": null, "equiinve": 100000.0, "paresharrigh": 3513173314.26, "currassetitse": null, "fdsborr": null, "expotaxrebarece": null, "totassetitse": null, "subsrece": null, "comasse": null, "tradfinasset": null, "actiundesecu": null, "noncasseitse": null, "intepaya": null, "prepexpe": null, "reportdate": "20130930", "otherfeepaya": null, "rightotitse": null, "derifinaasset": null, "dometicksett": null, "generiskrese": null, "dividrece": null, "interece": null, "rightotform": null, "treastk": null, "undiprof": 1248987251.54, "avaisellasse": null, "totliabform": null, "rightaggrform": null, "paidincapi": 711000000.0, "longliabitse": null, "accstacode": "2", "totliabitse": null, "longborr": null, "premrece": null, "noncasseform": null, "curtrandiff": -4554645.12, "prep": 72789516.19, "defetaxasset": 50539215.33, "compcode": "80064560", "expecurrliab": null, "copewithreinrece": null, "divipaya": null, "notespaya": null, "currasseform": null, "margrequ": null, "totasset": 4753473624.43, "reincontrese": null, "totalnoncliab": 19283998.82, "notesrece": null, "totliab": 1240300310.17, "duenoncliab": null, "holdinvedue": null, "accudepr": null, "insucontrese": null, "deveexpe": null, "settresedepo": null, "defereve": null, "othernoncliabi": 6435386.34, "lendandloan": null, "longdefeinco": null, "publishdate": "20140115", "advapaym": 376997432.29, "margrece": null, "defeincotaxliab": 12848612.48, "logprepexpe": null, "prodasse": null, "othercurrasse": 72451138.05, "longrece": null, "accstaname": "\u65b0\u4f1a\u8ba1\u51c6\u5219", "reporttype": "100111", "deriliab": null, "plac": null, "sellrepasse": null, "inteticksett": null, "longpaya": null, "copeworkersal": 191305212.58, "goodwill": null, "unseg": null, "actitradsecu": null, "otherpay": 207890278.3, "deposit": null, "fixedassenet": 2346576669.58, "curfds": 778978230.41}, {"unreinveloss": null, "specrese": null, "righaggritse": null, "righaggr": 3775594090.81, "otherlonginve": null, "topaycashdivi": null, "minysharrigh": null, "rese": 221020719.29, "intelrece": null, "taxespaya": 150037469.51, "othernoncasse": null, "tradshartrad": null, "totcurrasset": 2047691713.78, "otherrece": 7498757.95, "accrexpe": null, "expenoncliab": null, "fixedasseclea": null, "currliabitse": null, "consprog": 390291725.14, "engimate": null, "copepoun": null, "longliabform": null, "bdspaya": null, "specpaya": null, "hydrasset": null, "adjustdate": "20140115", "totliabsharequi": 4897598757.35, "inveprop": 7447033.49, "cenbankborr": null, "capisurp": 1336719988.55, "currliabform": null, "intelpay": null, "shorttermborr": null, "shorttermbdspaya": null, "reinrece": null, "totalasseform": null, "sharrighitse": null, "accorece": null, "totalnoncassets": 2849907043.57, "accopaya": 314613169.24, "othercurreliabi": 1051956.05, "purcresaasset": null, "intaasset": 82060974.81, "inve": 737943136.41, "totalcurrliab": 1111914163.75, "sharrightform": null, "expinoncurrasset": null, "tradfinliab": null, "fixedasseimpa": null, "fixedassenetw": 2324894597.91, "fixedasseimmo": 3075066246.31, "equiinve": 100000.0, "paresharrigh": 3775594090.81, "currassetitse": null, "fdsborr": null, "expotaxrebarece": null, "totassetitse": null, "subsrece": null, "comasse": null, "tradfinasset": null, "actiundesecu": null, "noncasseitse": null, "intepaya": null, "prepexpe": null, "reportdate": "20130630", "otherfeepaya": null, "rightotitse": null, "derifinaasset": null, "dometicksett": null, "generiskrese": null, "dividrece": null, "interece": null, "rightotform": null, "treastk": null, "undiprof": 1511945821.17, "avaisellasse": null, "totliabform": null, "rightaggrform": null, "paidincapi": 711000000.0, "longliabitse": null, "accstacode": "2", "totliabitse": null, "longborr": null, "premrece": null, "noncasseform": null, "curtrandiff": -5092438.2, "prep": 26200307.25, "defetaxasset": 45112712.22, "compcode": "80064560", "expecurrliab": null, "copewithreinrece": null, "divipaya": null, "notespaya": null, "currasseform": null, "margrequ": null, "totasset": 4897598757.35, "reincontrese": null, "totalnoncliab": 10090502.79, "notesrece": null, "totliab": 1122004666.54, "duenoncliab": null, "holdinvedue": null, "accudepr": 750171648.4, "insucontrese": null, "deveexpe": null, "settresedepo": null, "defereve": null, "othernoncliabi": 7419756.42, "lendandloan": null, "longdefeinco": null, "publishdate": "20140115", "advapaym": 256285389.16, "margrece": null, "defeincotaxliab": 2670746.37, "logprepexpe": null, "prodasse": null, "othercurrasse": 96343989.93, "longrece": null, "accstaname": "\u65b0\u4f1a\u8ba1\u51c6\u5219", "reporttype": "100111", "deriliab": null, "plac": null, "sellrepasse": null, "inteticksett": null, "longpaya": null, "copeworkersal": 194970198.6, "goodwill": null, "unseg": null, "actitradsecu": null, "otherpay": 194955981.19, "deposit": null, "fixedassenet": 2324894597.91, "curfds": 1179705522.24}, {"unreinveloss": null, "specrese": null, "righaggritse": null, "righaggr": 3658927527.25, "otherlonginve": null, "topaycashdivi": null, "minysharrigh": null, "rese": 221020719.29, "intelrece": null, "taxespaya": 123820377.34, "othernoncasse": null, "tradshartrad": null, "totcurrasset": 3464749407.59, "otherrece": 6182989.99, "accrexpe": null, "expenoncliab": null, "fixedasseclea": null, "currliabitse": null, "consprog": 373939518.64, "engimate": null, "copepoun": null, "longliabform": null, "bdspaya": null, "specpaya": null, "hydrasset": null, "adjustdate": "20140115", "totliabsharequi": 6110204366.74, "inveprop": 6044527.1, "cenbankborr": null, "capisurp": 1336719988.55, "currliabform": null, "intelpay": null, "shorttermborr": null, "shorttermbdspaya": null, "reinrece": null, "totalasseform": null, "sharrighitse": null, "accorece": null, "totalnoncassets": 2645454959.15, "accopaya": 315053588.93, "othercurreliabi": 1586869.42, "purcresaasset": null, "intaasset": 136055410.59, "inve": 852696731.69, "totalcurrliab": 2440639373.22, "sharrightform": null, "expinoncurrasset": null, "tradfinliab": null, "fixedasseimpa": null, "fixedassenetw": 2087720527.68, "fixedasseimmo": 2836611964.81, "equiinve": 100000.0, "paresharrigh": 3658927527.25, "currassetitse": null, "fdsborr": null, "expotaxrebarece": null, "totassetitse": null, "subsrece": null, "comasse": null, "tradfinasset": null, "actiundesecu": null, "noncasseitse": null, "intepaya": null, "prepexpe": null, "reportdate": "20121231", "otherfeepaya": null, "rightotitse": null, "derifinaasset": null, "dometicksett": null, "generiskrese": null, "dividrece": null, "interece": 560269.82, "rightotform": null, "treastk": null, "undiprof": 1394608332.15, "avaisellasse": null, "totliabform": null, "rightaggrform": null, "paidincapi": 711000000.0, "longliabitse": null, "accstacode": "2", "totliabitse": null, "longborr": null, "premrece": null, "noncasseform": null, "curtrandiff": -4421512.74, "prep": 36946227.9, "defetaxasset": 41594975.14, "compcode": "80064560", "expecurrliab": null, "copewithreinrece": null, "divipaya": null, "notespaya": null, "currasseform": null, "margrequ": null, "totasset": 6110204366.74, "reincontrese": null, "totalnoncliab": 10637466.27, "notesrece": null, "totliab": 2451276839.49, "duenoncliab": null, "holdinvedue": null, "accudepr": 748891437.13, "insucontrese": null, "deveexpe": null, "settresedepo": null, "defereve": null, "othernoncliabi": 7067087.11, "lendandloan": null, "longdefeinco": null, "publishdate": "20140115", "advapaym": 1648566573.6, "margrece": null, "defeincotaxliab": 3570379.16, "logprepexpe": null, "prodasse": null, "othercurrasse": 65530185.33, "longrece": null, "accstaname": "\u65b0\u4f1a\u8ba1\u51c6\u5219", "reporttype": "100111", "deriliab": null, "plac": null, "sellrepasse": null, "inteticksett": null, "longpaya": null, "copeworkersal": 171451423.98, "goodwill": null, "unseg": null, "actitradsecu": null, "otherpay": 180160539.95, "deposit": null, "fixedassenet": 2087720527.68, "curfds": 2502833002.86}, {"unreinveloss": null, "specrese": null, "righaggritse": null, "righaggr": 3085571413.33, "otherlonginve": null, "topaycashdivi": null, "minysharrigh": null, "rese": 133844689.86, "intelrece": null, "taxespaya": 122565988.26, "othernoncasse": null, "tradshartrad": null, "totcurrasset": 2275310667.68, "otherrece": 1414627.65, "accrexpe": null, "expenoncliab": null, "fixedasseclea": null, "currliabitse": null, "consprog": 381219634.03, "engimate": null, "copepoun": null, "longliabform": null, "bdspaya": null, "specpaya": null, "hydrasset": null, "adjustdate": "20140115", "totliabsharequi": 4651631541.62, "inveprop": 6159594.1, "cenbankborr": null, "capisurp": 1336719988.55, "currliabform": null, "intelpay": null, "shorttermborr": null, "shorttermbdspaya": null, "reinrece": null, "totalasseform": null, "sharrighitse": null, "accorece": null, "totalnoncassets": 2376320873.94, "accopaya": 304181440.74, "othercurreliabi": 2788840.8, "purcresaasset": null, "intaasset": 136046443.78, "inve": 708051474.77, "totalcurrliab": 1563872328.02, "sharrightform": null, "expinoncurrasset": null, "tradfinliab": null, "fixedasseimpa": null, "fixedassenetw": 1822715911.07, "fixedasseimmo": 2391497032.72, "equiinve": 100000.0, "paresharrigh": 3085571413.33, "currassetitse": null, "fdsborr": null, "expotaxrebarece": null, "totassetitse": null, "subsrece": null, "comasse": null, "tradfinasset": null, "actiundesecu": null, "noncasseitse": null, "intepaya": null, "prepexpe": null, "reportdate": "20111231", "otherfeepaya": null, "rightotitse": null, "derifinaasset": null, "dometicksett": null, "generiskrese": null, "dividrece": null, "interece": null, "rightotform": null, "treastk": null, "undiprof": 908429508.62, "avaisellasse": null, "totliabform": null, "rightaggrform": null, "paidincapi": 711000000.0, "longliabitse": null, "accstacode": "2", "totliabitse": null, "longborr": null, "premrece": null, "noncasseform": null, "curtrandiff": -4422773.7, "prep": 55783556.62, "defetaxasset": 30079290.96, "compcode": "80064560", "expecurrliab": null, "copewithreinrece": null, "divipaya": null, "notespaya": null, "currasseform": null, "margrequ": null, "totasset": 4651631541.62, "reincontrese": null, "totalnoncliab": 2187800.27, "notesrece": null, "totliab": 1566060128.29, "duenoncliab": null, "holdinvedue": null, "accudepr": 568781121.65, "insucontrese": null, "deveexpe": null, "settresedepo": null, "defereve": null, "othernoncliabi": 1175000.0, "lendandloan": null, "longdefeinco": null, "publishdate": "20140115", "advapaym": 784927516.44, "margrece": null, "defeincotaxliab": 1012800.27, "logprepexpe": null, "prodasse": null, "othercurrasse": 65872019.63, "longrece": null, "accstaname": "\u65b0\u4f1a\u8ba1\u51c6\u5219", "reporttype": "100111", "deriliab": null, "plac": null, "sellrepasse": null, "inteticksett": null, "longpaya": null, "copeworkersal": 134017089.0, "goodwill": null, "unseg": null, "actitradsecu": null, "otherpay": 215391452.78, "deposit": null, "fixedassenet": 1822715911.07, "curfds": 1444188989.01}, {"unreinveloss": null, "specrese": null, "righaggritse": null, "righaggr": 2529255933.24, "otherlonginve": null, "topaycashdivi": null, "minysharrigh": null, "rese": 63055360.63, "intelrece": null, "taxespaya": 94218643.29, "othernoncasse": null, "tradshartrad": null, "totcurrasset": 1943514594.24, "otherrece": 16419174.58, "accrexpe": null, "expenoncliab": null, "fixedasseclea": null, "currliabitse": null, "consprog": 908055535.88, "engimate": null, "copepoun": null, "longliabform": null, "bdspaya": null, "specpaya": null, "hydrasset": null, "adjustdate": "20140115", "totliabsharequi": 3946423674.29, "inveprop": 1535695.58, "cenbankborr": null, "capisurp": 1336719988.55, "currliabform": null, "intelpay": null, "shorttermborr": null, "shorttermbdspaya": null, "reinrece": null, "totalasseform": null, "sharrighitse": null, "accorece": null, "totalnoncassets": 2002909080.05, "accopaya": 272349435.27, "othercurreliabi": 1574840.8, "purcresaasset": null, "intaasset": 136169803.38, "inve": 600056292.06, "totalcurrliab": 1415522249.54, "sharrightform": null, "expinoncurrasset": null, "tradfinliab": null, "fixedasseimpa": null, "fixedassenetw": 937732771.31, "fixedasseimmo": 1406849245.22, "equiinve": 100000.0, "paresharrigh": 2529255933.24, "currassetitse": null, "fdsborr": null, "expotaxrebarece": null, "totassetitse": null, "subsrece": null, "comasse": null, "tradfinasset": null, "actiundesecu": null, "noncasseitse": null, "intepaya": null, "prepexpe": null, "reportdate": "20101231", "otherfeepaya": null, "rightotitse": null, "derifinaasset": null, "dometicksett": null, "generiskrese": null, "dividrece": null, "interece": null, "rightotform": null, "treastk": null, "undiprof": 422405124.77, "avaisellasse": null, "totliabform": null, "rightaggrform": null, "paidincapi": 711000000.0, "longliabitse": null, "accstacode": "2", "totliabitse": null, "longborr": null, "premrece": null, "noncasseform": null, "curtrandiff": -3924540.71, "prep": 34342112.49, "defetaxasset": 17398697.8, "compcode": "80064560", "expecurrliab": null, "copewithreinrece": null, "divipaya": null, "notespaya": null, "currasseform": null, "margrequ": null, "totasset": 3946423674.29, "reincontrese": null, "totalnoncliab": 1645491.51, "notesrece": null, "totliab": 1417167741.05, "duenoncliab": null, "holdinvedue": null, "accudepr": 469116473.91, "insucontrese": null, "deveexpe": null, "settresedepo": null, "defereve": null, "othernoncliabi": 1439000.0, "lendandloan": null, "longdefeinco": null, "publishdate": "20140115", "advapaym": 723047323.6, "margrece": null, "defeincotaxliab": 206491.51, "logprepexpe": 1916576.1, "prodasse": null, "othercurrasse": 78741542.65, "longrece": null, "accstaname": "\u65b0\u4f1a\u8ba1\u51c6\u5219", "reporttype": "100111", "deriliab": null, "plac": null, "sellrepasse": null, "inteticksett": null, "longpaya": null, "copeworkersal": 126027121.45, "goodwill": null, "unseg": null, "actitradsecu": null, "otherpay": 198304885.13, "deposit": null, "fixedassenet": 937732771.31, "curfds": 1213955472.46}, {"unreinveloss": null, "specrese": null, "righaggritse": null, "righaggr": 2577941782.17, "otherlonginve": null, "topaycashdivi": null, "minysharrigh": 193192858.37, "rese": 694786615.58, "intelrece": null, "taxespaya": 86007433.95, "othernoncasse": null, "tradshartrad": null, "totcurrasset": 2815261973.54, "otherrece": 20411106.99, "accrexpe": null, "expenoncliab": null, "fixedasseclea": null, "currliabitse": null, "consprog": 192718975.36, "engimate": null, "copepoun": null, "longliabform": null, "bdspaya": null, "specpaya": null, "hydrasset": null, "adjustdate": "20120319", "totliabsharequi": 4005911956.56, "inveprop": 1604274.21, "cenbankborr": null, "capisurp": 469892289.16, "currliabform": null, "intelpay": null, "shorttermborr": 63104884.58, "shorttermbdspaya": null, "reinrece": null, "totalasseform": null, "sharrighitse": null, "accorece": 91.4, "totalnoncassets": 1190649983.02, "accopaya": 303984495.75, "othercurreliabi": null, "purcresaasset": null, "intaasset": 131959066.44, "inve": 597071922.02, "totalcurrliab": 1427970174.39, "sharrightform": null, "expinoncurrasset": null, "tradfinliab": 532006.1, "fixedasseimpa": null, "fixedassenetw": null, "fixedasseimmo": null, "equiinve": 100000.0, "paresharrigh": 2384748923.8, "currassetitse": null, "fdsborr": null, "expotaxrebarece": null, "totassetitse": null, "subsrece": null, "comasse": null, "tradfinasset": 390000000.0, "actiundesecu": null, "noncasseitse": null, "intepaya": 283410.22, "prepexpe": null, "reportdate": "20091231", "otherfeepaya": null, "rightotitse": null, "derifinaasset": null, "dometicksett": null, "generiskrese": null, "dividrece": null, "interece": 2525236.91, "rightotform": null, "treastk": null, "undiprof": 1034996154.06, "avaisellasse": null, "totliabform": null, "rightaggrform": null, "paidincapi": 185073865.0, "longliabitse": null, "accstacode": "2", "totliabitse": null, "longborr": null, "premrece": null, "noncasseform": null, "curtrandiff": null, "prep": 53739601.78, "defetaxasset": 13531626.3, "compcode": "80064560", "expecurrliab": null, "copewithreinrece": null, "divipaya": null, "notespaya": null, "currasseform": null, "margrequ": null, "totasset": 4005911956.56, "reincontrese": null, "totalnoncliab": 0.0, "notesrece": null, "totliab": 1427970174.39, "duenoncliab": null, "holdinvedue": null, "accudepr": null, "insucontrese": null, "deveexpe": null, "settresedepo": null, "defereve": null, "othernoncliabi": null, "lendandloan": null, "longdefeinco": null, "publishdate": "20120319", "advapaym": 711610813.24, "margrece": null, "defeincotaxliab": null, "logprepexpe": null, "prodasse": null, "othercurrasse": 424607729.7, "longrece": null, "accstaname": "\u65b0\u4f1a\u8ba1\u51c6\u5219", "reporttype": "100111", "deriliab": null, "plac": null, "sellrepasse": null, "inteticksett": null, "longpaya": null, "copeworkersal": 109718561.46, "goodwill": null, "unseg": null, "actitradsecu": null, "otherpay": 152728569.09, "deposit": null, "fixedassenet": 850736040.71, "curfds": 1326906284.74}], "comptype": 4, "name": "\u6d77\u5929\u5473\u4e1a"}