{"list": [{"laborgetcash": 185334924.04, "inveredu": null, "unreinveloss": null, "bizcashinfl": 196859458.09, "diviprofpaycash": 15000000.0, "invcashoutf": 403517837.21, "accrexpeincr": null, "subspaynetcash": null, "finrelacash": null, "payworkcash": 20041320.23, "subspaydivid": null, "chgexchgchgs": -2993698.27, "finnetcflow": -15000000.0, "receotherbizcash": 11524534.05, "longdefeexpenamor": null, "acquassetcash": 29349083.79, "recefincash": null, "inspremcash": null, "netcashform": null, "bizcashoutf": 182360928.43, "fininstnetr": null, "invrececash": null, "defetaxassetdecr": null, "inicashbala": 374899254.86, "invcashinfl": 277611535.43, "paydivicash": null, "netcashscheitse": null, "defeincoincr": null, "disptradnetincr": null, "mananetr": 14498529.66, "debtintocapi": null, "defetaxliabincr": null, "adjustdate": "20171027", "enddate": "20170930", "assedepr": null, "biznetscheitse": null, "biznetform": null, "equfinalbala": null, "finoutfitse": null, "cashfinalbala": 245497784.47, "fixedassetnetc": null, "cashfinalitse": null, "payintecash": null, "unfiparachg": null, "loansnetr": null, "incrcashpled": null, "biznetcflow": null, "asseimpa": null, "reducashpled": null, "invinffrom": null, "netprofit": null, "minysharrigh": null, "equopenbala": null, "inveloss": null, "valuechgloss": null, "receinvcash": 275000000.0, "bizoutfform": null, "biznetscheform": null, "finexpe": null, "intaasseamor": null, "taxrefd": null, "biznetitse": null, "finnetitse": null, "invinflitse": null, "subsnetc": null, "unseparachg": null, "finoutfform": null, "recefromloan": null, "netinvitse": null, "estidebts": null, "payaincr": null, "fdsborrnetr": null, "realestadep": null, "reporttype": "100111", "dispfixedassetloss": null, "fininflitse": null, "finalcashbala": 245497784.47, "cashfinalform": null, "invoutfitse": null, "netcashitse": null, "payinvecash": 374168753.42, "fixedassescraloss": null, "savinetr": null, "subsrececash": null, "accstacode": "2", "fincashoutf": 15000000.0, "charintecash": null, "finfixedasset": null, "labopayc": 120279673.79, "expiconvbd": null, "paycompgold": null, "inveretugetcash": 2611535.43, "compcode": "80284578", "prepexpedecr": null, "repnetincr": null, "issbdrececash": null, "loannetr": null, "withinvgetcash": null, "invpayc": null, "debtpaycash": null, "fincashinfl": 0.0, "cashopenbala": 374899254.86, "netcashscheform": null, "begindate": "20170101", "bizoutfitse": null, "bizinflitse": null, "insnetc": null, "bankloannetincr": null, "receredu": null, "publishdate": "20171027", "other": null, "deponetr": null, "paytax": 19122471.22, "bizinflform": null, "tradepaymnetr": null, "cashneti": -129401470.39, "accstaname": "\u65b0\u4f1a\u8ba1\u51c6\u5219", "cashnetr": -129401470.39, "invnetcashflow": -125906301.78, "netinvform": null, "finnetform": null, "payacticash": 22917463.19, "fininflform": null, "invoutfform": null}, {"laborgetcash": 114754275.35, "inveredu": 3455820.4, "unreinveloss": null, "bizcashinfl": 119632409.17, "diviprofpaycash": 15000000.0, "invcashoutf": 311798980.65, "accrexpeincr": null, "subspaynetcash": null, "finrelacash": null, "payworkcash": 13857080.64, "subspaydivid": null, "chgexchgchgs": -1792486.18, "finnetcflow": -15000000.0, "receotherbizcash": 4878133.82, "longdefeexpenamor": null, "acquassetcash": 26798980.65, "recefincash": null, "inspremcash": null, "netcashform": null, "bizcashoutf": 117514416.83, "fininstnetr": null, "invrececash": null, "defetaxassetdecr": -122062.85, "inicashbala": 374899254.86, "invcashinfl": 196287328.78, "paydivicash": null, "netcashscheitse": null, "defeincoincr": null, "disptradnetincr": null, "mananetr": 2117992.34, "debtintocapi": null, "defetaxliabincr": null, "adjustdate": "20170823", "enddate": "20170630", "assedepr": 3483185.37, "biznetscheitse": null, "biznetform": null, "equfinalbala": null, "finoutfitse": null, "cashfinalbala": 244713109.15, "fixedassetnetc": null, "cashfinalitse": null, "payintecash": null, "unfiparachg": null, "loansnetr": null, "incrcashpled": null, "biznetcflow": 2117992.34, "asseimpa": 140187.72, "reducashpled": null, "invinffrom": null, "netprofit": 16994589.48, "minysharrigh": null, "equopenbala": null, "inveloss": -1256072.64, "valuechgloss": null, "receinvcash": 195000000.0, "bizoutfform": null, "biznetscheform": null, "finexpe": -88887.03, "intaasseamor": 545012.56, "taxrefd": null, "biznetitse": null, "finnetitse": null, "invinflitse": null, "subsnetc": null, "unseparachg": null, "finoutfform": null, "recefromloan": null, "netinvitse": null, "estidebts": null, "payaincr": -21521446.41, "fdsborrnetr": null, "realestadep": null, "reporttype": "100111", "dispfixedassetloss": null, "fininflitse": null, "finalcashbala": 244713109.15, "cashfinalform": null, "invoutfitse": null, "netcashitse": null, "payinvecash": 285000000.0, "fixedassescraloss": null, "savinetr": null, "subsrececash": null, "accstacode": "2", "fincashoutf": 15000000.0, "charintecash": null, "finfixedasset": null, "labopayc": 77998110.16, "expiconvbd": null, "paycompgold": null, "inveretugetcash": 1287328.78, "compcode": "80284578", "prepexpedecr": null, "repnetincr": null, "issbdrececash": null, "loannetr": null, "withinvgetcash": null, "invpayc": null, "debtpaycash": null, "fincashinfl": 0.0, "cashopenbala": 374899254.86, "netcashscheform": null, "begindate": "20170101", "bizoutfitse": null, "bizinflitse": null, "insnetc": null, "bankloannetincr": null, "receredu": 487665.74, "publishdate": "20170823", "other": null, "deponetr": null, "paytax": 12967944.89, "bizinflform": null, "tradepaymnetr": null, "cashneti": -130186145.71, "accstaname": "\u65b0\u4f1a\u8ba1\u51c6\u5219", "cashnetr": -130186145.71, "invnetcashflow": -115511651.87, "netinvform": null, "finnetform": null, "payacticash": 12691281.14, "fininflform": null, "invoutfform": null}, {"laborgetcash": 45148815.52, "inveredu": null, "unreinveloss": null, "bizcashinfl": 49919502.84, "diviprofpaycash": null, "invcashoutf": 200204844.61, "accrexpeincr": null, "subspaynetcash": null, "finrelacash": null, "payworkcash": 7709228.57, "subspaydivid": null, "chgexchgchgs": -487853.59, "finnetcflow": 0.0, "receotherbizcash": 4770687.32, "longdefeexpenamor": null, "acquassetcash": 204844.61, "recefincash": null, "inspremcash": null, "netcashform": null, "bizcashoutf": 63134325.75, "fininstnetr": null, "invrececash": null, "defetaxassetdecr": null, "inicashbala": 374899254.86, "invcashinfl": 115552191.79, "paydivicash": null, "netcashscheitse": null, "defeincoincr": null, "disptradnetincr": null, "mananetr": -13214822.91, "debtintocapi": null, "defetaxliabincr": null, "adjustdate": "20170428", "enddate": "20170331", "assedepr": null, "biznetscheitse": null, "biznetform": null, "equfinalbala": null, "finoutfitse": null, "cashfinalbala": 276543925.54, "fixedassetnetc": null, "cashfinalitse": null, "payintecash": null, "unfiparachg": null, "loansnetr": null, "incrcashpled": null, "biznetcflow": null, "asseimpa": null, "reducashpled": null, "invinffrom": null, "netprofit": null, "minysharrigh": null, "equopenbala": null, "inveloss": null, "valuechgloss": null, "receinvcash": 115000000.0, "bizoutfform": null, "biznetscheform": null, "finexpe": null, "intaasseamor": null, "taxrefd": null, "biznetitse": null, "finnetitse": null, "invinflitse": null, "subsnetc": null, "unseparachg": null, "finoutfform": null, "recefromloan": null, "netinvitse": null, "estidebts": null, "payaincr": null, "fdsborrnetr": null, "realestadep": null, "reporttype": "100111", "dispfixedassetloss": null, "fininflitse": null, "finalcashbala": 276543925.54, "cashfinalform": null, "invoutfitse": null, "netcashitse": null, "payinvecash": 200000000.0, "fixedassescraloss": null, "savinetr": null, "subsrececash": null, "accstacode": "2", "fincashoutf": 0.0, "charintecash": null, "finfixedasset": null, "labopayc": 41114642.48, "expiconvbd": null, "paycompgold": null, "inveretugetcash": 552191.79, "compcode": "80284578", "prepexpedecr": null, "repnetincr": null, "issbdrececash": null, "loannetr": null, "withinvgetcash": null, "invpayc": null, "debtpaycash": null, "fincashinfl": 0.0, "cashopenbala": 374899254.86, "netcashscheform": null, "begindate": "20170101", "bizoutfitse": null, "bizinflitse": null, "insnetc": null, "bankloannetincr": null, "receredu": null, "publishdate": "20170428", "other": null, "deponetr": null, "paytax": 6730919.15, "bizinflform": null, "tradepaymnetr": null, "cashneti": -98355329.32, "accstaname": "\u65b0\u4f1a\u8ba1\u51c6\u5219", "cashnetr": -98355329.32, "invnetcashflow": -84652652.82, "netinvform": null, "finnetform": null, "payacticash": 7579535.55, "fininflform": null, "invoutfform": null}, {"laborgetcash": 314172374.79, "inveredu": 4010795.29, "unreinveloss": null, "bizcashinfl": 321700360.18, "diviprofpaycash": 18000000.0, "invcashoutf": 48845579.82, "accrexpeincr": null, "subspaynetcash": null, "finrelacash": null, "payworkcash": 23880577.22, "subspaydivid": null, "chgexchgchgs": 3781001.6, "finnetcflow": -18000000.0, "receotherbizcash": 7527985.39, "longdefeexpenamor": null, "acquassetcash": 18845579.82, "recefincash": null, "inspremcash": null, "netcashform": null, "bizcashoutf": 264658875.02, "fininstnetr": null, "invrececash": null, "defetaxassetdecr": -1555795.83, "inicashbala": 379764126.72, "invcashinfl": 1158221.2, "paydivicash": null, "netcashscheitse": null, "defeincoincr": null, "disptradnetincr": null, "mananetr": 57041485.16, "debtintocapi": null, "defetaxliabincr": null, "adjustdate": "20170417", "enddate": "20161231", "assedepr": 6964071.64, "biznetscheitse": null, "biznetform": null, "equfinalbala": null, "finoutfitse": null, "cashfinalbala": 374899254.86, "fixedassetnetc": 12276.0, "cashfinalitse": null, "payintecash": null, "unfiparachg": null, "loansnetr": null, "incrcashpled": null, "biznetcflow": 57041485.16, "asseimpa": -61505.39, "reducashpled": null, "invinffrom": null, "netprofit": 40795696.54, "minysharrigh": null, "equopenbala": null, "inveloss": -1157534.25, "valuechgloss": null, "receinvcash": null, "bizoutfform": null, "biznetscheform": null, "finexpe": -13264.04, "intaasseamor": 1043680.04, "taxrefd": null, "biznetitse": null, "finnetitse": null, "invinflitse": null, "subsnetc": null, "unseparachg": null, "finoutfform": null, "recefromloan": null, "netinvitse": null, "estidebts": null, "payaincr": 16146093.16, "fdsborrnetr": null, "realestadep": null, "reporttype": "100111", "dispfixedassetloss": -6730.73, "fininflitse": null, "finalcashbala": 374899254.86, "cashfinalform": null, "invoutfitse": null, "netcashitse": null, "payinvecash": 30000000.0, "fixedassescraloss": null, "savinetr": null, "subsrececash": null, "accstacode": "2", "fincashoutf": 18000000.0, "charintecash": null, "finfixedasset": null, "labopayc": 192985026.39, "expiconvbd": null, "paycompgold": null, "inveretugetcash": 1145945.2, "compcode": "80284578", "prepexpedecr": null, "repnetincr": null, "issbdrececash": null, "loannetr": null, "withinvgetcash": null, "invpayc": null, "debtpaycash": null, "fincashinfl": 0.0, "cashopenbala": 379764126.72, "netcashscheform": null, "begindate": "20160101", "bizoutfitse": null, "bizinflitse": null, "insnetc": null, "bankloannetincr": null, "receredu": -9124021.27, "publishdate": "20170417", "other": null, "deponetr": null, "paytax": 27530337.45, "bizinflform": null, "tradepaymnetr": null, "cashneti": -4864871.86, "accstaname": "\u65b0\u4f1a\u8ba1\u51c6\u5219", "cashnetr": -4864871.86, "invnetcashflow": -47687358.62, "netinvform": null, "finnetform": null, "payacticash": 20262933.96, "fininflform": null, "invoutfform": null}, {"laborgetcash": 213063383.4, "inveredu": null, "unreinveloss": null, "bizcashinfl": 218247558.67, "diviprofpaycash": 18000000.0, "invcashoutf": 278103687.8, "accrexpeincr": null, "subspaynetcash": null, "finrelacash": 109.2, "payworkcash": 15636266.58, "subspaydivid": null, "chgexchgchgs": 1380465.19, "finnetcflow": -18000109.2, "receotherbizcash": 5177680.18, "longdefeexpenamor": null, "acquassetcash": 18103687.8, "recefincash": null, "inspremcash": null, "netcashform": null, "bizcashoutf": 202021667.84, "fininstnetr": null, "invrececash": null, "defetaxassetdecr": null, "inicashbala": 379764126.72, "invcashinfl": 260941317.1, "paydivicash": null, "netcashscheitse": null, "defeincoincr": null, "disptradnetincr": null, "mananetr": 16225890.83, "debtintocapi": null, "defetaxliabincr": null, "adjustdate": "20161027", "enddate": "20160930", "assedepr": null, "biznetscheitse": null, "biznetform": null, "equfinalbala": null, "finoutfitse": null, "cashfinalbala": 362208002.84, "fixedassetnetc": 12276.0, "cashfinalitse": null, "payintecash": null, "unfiparachg": null, "loansnetr": null, "incrcashpled": null, "biznetcflow": null, "asseimpa": null, "reducashpled": null, "invinffrom": null, "netprofit": null, "minysharrigh": null, "equopenbala": null, "inveloss": null, "valuechgloss": null, "receinvcash": 260000000.0, "bizoutfform": null, "biznetscheform": null, "finexpe": null, "intaasseamor": null, "taxrefd": 6495.09, "biznetitse": null, "finnetitse": null, "invinflitse": null, "subsnetc": null, "unseparachg": null, "finoutfform": null, "recefromloan": null, "netinvitse": null, "estidebts": null, "payaincr": null, "fdsborrnetr": null, "realestadep": null, "reporttype": "100111", "dispfixedassetloss": null, "fininflitse": null, "finalcashbala": 362208002.84, "cashfinalform": null, "invoutfitse": null, "netcashitse": null, "payinvecash": 260000000.0, "fixedassescraloss": null, "savinetr": null, "subsrececash": null, "accstacode": "2", "fincashoutf": 18000109.2, "charintecash": null, "finfixedasset": null, "labopayc": 146378744.42, "expiconvbd": null, "paycompgold": null, "inveretugetcash": 929041.1, "compcode": "80284578", "prepexpedecr": null, "repnetincr": null, "issbdrececash": null, "loannetr": null, "withinvgetcash": null, "invpayc": null, "debtpaycash": null, "fincashinfl": 0.0, "cashopenbala": 379764126.72, "netcashscheform": null, "begindate": "20160101", "bizoutfitse": null, "bizinflitse": null, "insnetc": null, "bankloannetincr": null, "receredu": null, "publishdate": "20161027", "other": null, "deponetr": null, "paytax": 22176918.68, "bizinflform": null, "tradepaymnetr": null, "cashneti": -17556123.88, "accstaname": "\u65b0\u4f1a\u8ba1\u51c6\u5219", "cashnetr": -17556123.88, "invnetcashflow": -17162370.7, "netinvform": null, "finnetform": null, "payacticash": 17829738.16, "fininflform": null, "invoutfform": null}, {"laborgetcash": 143119809.51, "inveredu": -6959068.02, "unreinveloss": null, "bizcashinfl": 145310056.15, "diviprofpaycash": 18000000.0, "invcashoutf": 147296621.08, "accrexpeincr": null, "subspaynetcash": null, "finrelacash": null, "payworkcash": 13033031.27, "subspaydivid": null, "chgexchgchgs": 958597.01, "finnetcflow": -18000000.0, "receotherbizcash": 2183751.55, "longdefeexpenamor": null, "acquassetcash": 7296621.08, "recefincash": null, "inspremcash": null, "netcashform": null, "bizcashoutf": 151616135.83, "fininstnetr": null, "invrececash": null, "defetaxassetdecr": -545293.34, "inicashbala": 379764126.72, "invcashinfl": 160680248.61, "paydivicash": null, "netcashscheitse": null, "defeincoincr": null, "disptradnetincr": null, "mananetr": -6306079.68, "debtintocapi": null, "defetaxliabincr": null, "adjustdate": "20160823", "enddate": "20160630", "assedepr": 3327127.37, "biznetscheitse": null, "biznetform": null, "equfinalbala": null, "finoutfitse": null, "cashfinalbala": 369800271.58, "fixedassetnetc": 12276.0, "cashfinalitse": null, "payintecash": null, "unfiparachg": null, "loansnetr": null, "incrcashpled": null, "biznetcflow": -6306079.68, "asseimpa": 167241.56, "reducashpled": null, "invinffrom": null, "netprofit": 19166100.38, "minysharrigh": null, "equopenbala": null, "inveloss": null, "valuechgloss": null, "receinvcash": 160000000.0, "bizoutfform": null, "biznetscheform": null, "finexpe": -44885.72, "intaasseamor": 517534.95, "taxrefd": 6495.09, "biznetitse": null, "finnetitse": null, "invinflitse": null, "subsnetc": null, "unseparachg": null, "finoutfform": null, "recefromloan": null, "netinvitse": null, "estidebts": null, "payaincr": -8916899.22, "fdsborrnetr": null, "realestadep": null, "reporttype": "100111", "dispfixedassetloss": null, "fininflitse": null, "finalcashbala": 369800271.58, "cashfinalform": null, "invoutfitse": null, "netcashitse": null, "payinvecash": 140000000.0, "fixedassescraloss": null, "savinetr": null, "subsrececash": null, "accstacode": "2", "fincashoutf": 18000000.0, "charintecash": null, "finfixedasset": null, "labopayc": 112320784.07, "expiconvbd": null, "paycompgold": null, "inveretugetcash": 667972.61, "compcode": "80284578", "prepexpedecr": null, "repnetincr": null, "issbdrececash": null, "loannetr": null, "withinvgetcash": null, "invpayc": null, "debtpaycash": null, "fincashinfl": 0.0, "cashopenbala": 379764126.72, "netcashscheform": null, "begindate": "20160101", "bizoutfitse": null, "bizinflitse": null, "insnetc": null, "bankloannetincr": null, "receredu": -13017937.64, "publishdate": "20160823", "other": null, "deponetr": null, "paytax": 16469530.58, "bizinflform": null, "tradepaymnetr": null, "cashneti": -9963855.14, "accstaname": "\u65b0\u4f1a\u8ba1\u51c6\u5219", "cashnetr": -9963855.14, "invnetcashflow": 13383627.53, "netinvform": null, "finnetform": null, "payacticash": 9792789.91, "fininflform": null, "invoutfform": null}, {"laborgetcash": 57460017.86, "inveredu": null, "unreinveloss": null, "bizcashinfl": 58752452.38, "diviprofpaycash": 0.0, "invcashoutf": 57733844.36, "accrexpeincr": null, "subspaynetcash": 0.0, "finrelacash": 0.0, "payworkcash": 5207753.48, "subspaydivid": null, "chgexchgchgs": -600889.22, "finnetcflow": 0.0, "receotherbizcash": 1285939.43, "longdefeexpenamor": null, "acquassetcash": 7733844.36, "recefincash": 0.0, "inspremcash": null, "netcashform": null, "bizcashoutf": 74361101.67, "fininstnetr": null, "invrececash": 0.0, "defetaxassetdecr": null, "inicashbala": 379764126.72, "invcashinfl": 50254412.99, "paydivicash": null, "netcashscheitse": null, "defeincoincr": null, "disptradnetincr": null, "mananetr": -15608649.29, "debtintocapi": null, "defetaxliabincr": null, "adjustdate": "20160420", "enddate": "20160331", "assedepr": null, "biznetscheitse": null, "biznetform": null, "equfinalbala": null, "finoutfitse": null, "cashfinalbala": 356075156.84, "fixedassetnetc": 12276.0, "cashfinalitse": null, "payintecash": null, "unfiparachg": null, "loansnetr": null, "incrcashpled": null, "biznetcflow": null, "asseimpa": null, "reducashpled": null, "invinffrom": null, "netprofit": null, "minysharrigh": null, "equopenbala": null, "inveloss": null, "valuechgloss": null, "receinvcash": 50000000.0, "bizoutfform": null, "biznetscheform": null, "finexpe": null, "intaasseamor": null, "taxrefd": 6495.09, "biznetitse": null, "finnetitse": null, "invinflitse": null, "subsnetc": 0.0, "unseparachg": null, "finoutfform": null, "recefromloan": 0.0, "netinvitse": null, "estidebts": null, "payaincr": null, "fdsborrnetr": null, "realestadep": null, "reporttype": "100111", "dispfixedassetloss": null, "fininflitse": null, "finalcashbala": 356075156.84, "cashfinalform": null, "invoutfitse": null, "netcashitse": null, "payinvecash": 50000000.0, "fixedassescraloss": null, "savinetr": null, "subsrececash": null, "accstacode": "2", "fincashoutf": 0.0, "charintecash": null, "finfixedasset": null, "labopayc": 57648246.74, "expiconvbd": null, "paycompgold": null, "inveretugetcash": 242136.99, "compcode": "80284578", "prepexpedecr": null, "repnetincr": null, "issbdrececash": 0.0, "loannetr": null, "withinvgetcash": 0.0, "invpayc": 0.0, "debtpaycash": 0.0, "fincashinfl": 0.0, "cashopenbala": 379764126.72, "netcashscheform": null, "begindate": "20160101", "bizoutfitse": null, "bizinflitse": null, "insnetc": null, "bankloannetincr": null, "receredu": null, "publishdate": "20160420", "other": null, "deponetr": null, "paytax": 5662071.8, "bizinflform": null, "tradepaymnetr": null, "cashneti": -23688969.88, "accstaname": "\u65b0\u4f1a\u8ba1\u51c6\u5219", "cashnetr": -23688969.88, "invnetcashflow": -7479431.37, "netinvform": null, "finnetform": null, "payacticash": 5843029.65, "fininflform": null, "invoutfform": null}, {"laborgetcash": 316268692.95, "inveredu": -12457037.96, "unreinveloss": null, "bizcashinfl": 323791069.31, "diviprofpaycash": null, "invcashoutf": 77291279.57, "accrexpeincr": null, "subspaynetcash": null, "finrelacash": 9001164.0, "payworkcash": 21554042.61, "subspaydivid": null, "chgexchgchgs": 987833.13, "finnetcflow": 270998836.0, "receotherbizcash": 6472376.36, "longdefeexpenamor": null, "acquassetcash": 27291279.57, "recefincash": null, "inspremcash": null, "netcashform": null, "bizcashoutf": 277901316.12, "fininstnetr": null, "invrececash": 280000000.0, "defetaxassetdecr": -848221.74, "inicashbala": 139178983.97, "invcashinfl": 0.0, "paydivicash": null, "netcashscheitse": null, "defeincoincr": null, "disptradnetincr": null, "mananetr": 45889753.19, "debtintocapi": null, "defetaxliabincr": null, "adjustdate": "20160419", "enddate": "20151231", "assedepr": 7116784.3, "biznetscheitse": null, "biznetform": null, "equfinalbala": null, "finoutfitse": null, "cashfinalbala": 379764126.72, "fixedassetnetc": null, "cashfinalitse": null, "payintecash": null, "unfiparachg": null, "loansnetr": null, "incrcashpled": null, "biznetcflow": 45889753.19, "asseimpa": 56689.61, "reducashpled": null, "invinffrom": null, "netprofit": 53163545.67, "minysharrigh": null, "equopenbala": null, "inveloss": null, "valuechgloss": null, "receinvcash": null, "bizoutfform": null, "biznetscheform": null, "finexpe": -163744.87, "intaasseamor": 1018256.52, "taxrefd": 1050000.0, "biznetitse": null, "finnetitse": null, "invinflitse": null, "subsnetc": null, "unseparachg": null, "finoutfform": null, "recefromloan": null, "netinvitse": null, "estidebts": null, "payaincr": 4297243.31, "fdsborrnetr": null, "realestadep": null, "reporttype": "100111", "dispfixedassetloss": null, "fininflitse": null, "finalcashbala": 379764126.72, "cashfinalform": null, "invoutfitse": null, "netcashitse": null, "payinvecash": 50000000.0, "fixedassescraloss": 805.0, "savinetr": null, "subsrececash": null, "accstacode": "2", "fincashoutf": 9001164.0, "charintecash": null, "finfixedasset": null, "labopayc": 205228967.51, "expiconvbd": null, "paycompgold": null, "inveretugetcash": null, "compcode": "80284578", "prepexpedecr": null, "repnetincr": null, "issbdrececash": null, "loannetr": null, "withinvgetcash": null, "invpayc": null, "debtpaycash": null, "fincashinfl": 280000000.0, "cashopenbala": 139178983.97, "netcashscheform": null, "begindate": "20150101", "bizoutfitse": null, "bizinflitse": null, "insnetc": null, "bankloannetincr": null, "receredu": -6294566.65, "publishdate": "20160419", "other": null, "deponetr": null, "paytax": 32820100.34, "bizinflform": null, "tradepaymnetr": null, "cashneti": 240585142.75, "accstaname": "\u65b0\u4f1a\u8ba1\u51c6\u5219", "cashnetr": 240585142.75, "invnetcashflow": -77291279.57, "netinvform": null, "finnetform": null, "payacticash": 18298205.66, "fininflform": null, "invoutfform": null}, {"laborgetcash": 221649470.6, "inveredu": -7691354.39, "unreinveloss": null, "bizcashinfl": 225512957.24, "diviprofpaycash": null, "invcashoutf": 26063012.45, "accrexpeincr": null, "subspaynetcash": null, "finrelacash": null, "payworkcash": 16328373.02, "subspaydivid": null, "chgexchgchgs": 616714.71, "finnetcflow": 0.0, "receotherbizcash": 3863486.64, "longdefeexpenamor": null, "acquassetcash": 26063012.45, "recefincash": null, "inspremcash": null, "netcashform": null, "bizcashoutf": 202269561.9, "fininstnetr": null, "invrececash": null, "defetaxassetdecr": -269873.37, "inicashbala": 139178983.97, "invcashinfl": 0.0, "paydivicash": null, "netcashscheitse": null, "defeincoincr": null, "disptradnetincr": null, "mananetr": 23243395.34, "debtintocapi": null, "defetaxliabincr": null, "adjustdate": "20151123", "enddate": "20150930", "assedepr": 5369997.2, "biznetscheitse": null, "biznetform": null, "equfinalbala": null, "finoutfitse": null, "cashfinalbala": 136976081.57, "fixedassetnetc": null, "cashfinalitse": null, "payintecash": null, "unfiparachg": null, "loansnetr": null, "incrcashpled": null, "biznetcflow": 23243395.34, "asseimpa": 122596.25, "reducashpled": null, "invinffrom": null, "netprofit": 37134955.52, "minysharrigh": null, "equopenbala": null, "inveloss": null, "valuechgloss": null, "receinvcash": null, "bizoutfform": null, "biznetscheform": null, "finexpe": -117000.97, "intaasseamor": 760615.47, "taxrefd": null, "biznetitse": null, "finnetitse": null, "invinflitse": null, "subsnetc": null, "unseparachg": null, "finoutfform": null, "recefromloan": null, "netinvitse": null, "estidebts": null, "payaincr": -6243301.1, "fdsborrnetr": null, "realestadep": null, "reporttype": "100111", "dispfixedassetloss": null, "fininflitse": null, "finalcashbala": 136976081.57, "cashfinalform": null, "invoutfitse": null, "netcashitse": null, "payinvecash": null, "fixedassescraloss": null, "savinetr": null, "subsrececash": null, "accstacode": "2", "fincashoutf": 0.0, "charintecash": null, "finfixedasset": null, "labopayc": 149195272.14, "expiconvbd": null, "paycompgold": null, "inveretugetcash": null, "compcode": "80284578", "prepexpedecr": null, "repnetincr": null, "issbdrececash": null, "loannetr": null, "withinvgetcash": null, "invpayc": null, "debtpaycash": null, "fincashinfl": 0.0, "cashopenbala": 139178983.97, "netcashscheform": null, "begindate": "20150101", "bizoutfitse": null, "bizinflitse": null, "insnetc": null, "bankloannetincr": null, "receredu": -5823239.27, "publishdate": "20151123", "other": null, "deponetr": null, "paytax": 23449212.66, "bizinflform": null, "tradepaymnetr": null, "cashneti": -2202902.4, "accstaname": "\u65b0\u4f1a\u8ba1\u51c6\u5219", "cashnetr": -2202902.4, "invnetcashflow": -26063012.45, "netinvform": null, "finnetform": null, "payacticash": 13296704.08, "fininflform": null, "invoutfform": null}, {"laborgetcash": 148105418.83, "inveredu": 590419.56, "unreinveloss": null, "bizcashinfl": 151234639.25, "diviprofpaycash": null, "invcashoutf": 18711695.45, "accrexpeincr": null, "subspaynetcash": null, "finrelacash": null, "payworkcash": 11136765.81, "subspaydivid": null, "chgexchgchgs": -92539.35, "finnetcflow": 0.0, "receotherbizcash": 3129220.42, "longdefeexpenamor": null, "acquassetcash": 18711695.45, "recefincash": null, "inspremcash": null, "netcashform": null, "bizcashoutf": 132557488.4, "fininstnetr": null, "invrececash": null, "defetaxassetdecr": 16457.44, "inicashbala": 139178983.97, "invcashinfl": 0.0, "paydivicash": null, "netcashscheitse": null, "defeincoincr": null, "disptradnetincr": null, "mananetr": 18677150.85, "debtintocapi": null, "defetaxliabincr": null, "adjustdate": "20151123", "enddate": "20150630", "assedepr": 3625327.81, "biznetscheitse": null, "biznetform": null, "equfinalbala": null, "finoutfitse": null, "cashfinalbala": 139051900.02, "fixedassetnetc": null, "cashfinalitse": null, "payintecash": null, "unfiparachg": null, "loansnetr": null, "incrcashpled": null, "biznetcflow": 18677150.85, "asseimpa": 7390.81, "reducashpled": null, "invinffrom": null, "netprofit": 24329459.61, "minysharrigh": null, "equopenbala": null, "inveloss": null, "valuechgloss": null, "receinvcash": null, "bizoutfform": null, "biznetscheform": null, "finexpe": -35189.7, "intaasseamor": 507076.98, "taxrefd": null, "biznetitse": null, "finnetitse": null, "invinflitse": null, "subsnetc": null, "unseparachg": null, "finoutfform": null, "recefromloan": null, "netinvitse": null, "estidebts": null, "payaincr": -4483883.68, "fdsborrnetr": null, "realestadep": null, "reporttype": "100111", "dispfixedassetloss": null, "fininflitse": null, "finalcashbala": 139051900.02, "cashfinalform": null, "invoutfitse": null, "netcashitse": null, "payinvecash": null, "fixedassescraloss": null, "savinetr": null, "subsrececash": null, "accstacode": "2", "fincashoutf": 0.0, "charintecash": null, "finfixedasset": null, "labopayc": 96564716.53, "expiconvbd": null, "paycompgold": null, "inveretugetcash": null, "compcode": "80284578", "prepexpedecr": null, "repnetincr": null, "issbdrececash": null, "loannetr": null, "withinvgetcash": null, "invpayc": null, "debtpaycash": null, "fincashinfl": 0.0, "cashopenbala": 139178983.97, "netcashscheform": null, "begindate": "20150101", "bizoutfitse": null, "bizinflitse": null, "insnetc": null, "bankloannetincr": null, "receredu": -5879907.98, "publishdate": "20151123", "other": null, "deponetr": null, "paytax": 16172721.67, "bizinflform": null, "tradepaymnetr": null, "cashneti": -127083.95, "accstaname": "\u65b0\u4f1a\u8ba1\u51c6\u5219", "cashnetr": -127083.95, "invnetcashflow": -18711695.45, "netinvform": null, "finnetform": null, "payacticash": 8683284.39, "fininflform": null, "invoutfform": null}, {"laborgetcash": 60824333.69, "inveredu": 3633170.67, "unreinveloss": null, "bizcashinfl": 62801800.64, "diviprofpaycash": null, "invcashoutf": 7291678.49, "accrexpeincr": null, "subspaynetcash": null, "finrelacash": null, "payworkcash": 6383231.99, "subspaydivid": null, "chgexchgchgs": 49344.51, "finnetcflow": 0.0, "receotherbizcash": 1977466.95, "longdefeexpenamor": null, "acquassetcash": 7291678.49, "recefincash": null, "inspremcash": null, "netcashform": null, "bizcashoutf": 56648322.12, "fininstnetr": null, "invrececash": null, "defetaxassetdecr": 167826.07, "inicashbala": 139178983.97, "invcashinfl": 0.0, "paydivicash": null, "netcashscheitse": null, "defeincoincr": null, "disptradnetincr": null, "mananetr": 6153478.52, "debtintocapi": null, "defetaxliabincr": null, "adjustdate": "20150625", "enddate": "20150331", "assedepr": 1844613.87, "biznetscheitse": null, "biznetform": null, "equfinalbala": null, "finoutfitse": null, "cashfinalbala": 138090128.51, "fixedassetnetc": null, "cashfinalitse": null, "payintecash": null, "unfiparachg": null, "loansnetr": null, "incrcashpled": null, "biznetcflow": 6153478.52, "asseimpa": 142457.12, "reducashpled": null, "invinffrom": null, "netprofit": 11108176.81, "minysharrigh": null, "equopenbala": null, "inveloss": null, "valuechgloss": null, "receinvcash": null, "bizoutfform": null, "biznetscheform": null, "finexpe": 19959.49, "intaasseamor": 253538.49, "taxrefd": null, "biznetitse": null, "finnetitse": null, "invinflitse": null, "subsnetc": null, "unseparachg": null, "finoutfform": null, "recefromloan": null, "netinvitse": null, "estidebts": null, "payaincr": -8130376.53, "fdsborrnetr": null, "realestadep": null, "reporttype": "100111", "dispfixedassetloss": null, "fininflitse": null, "finalcashbala": 138090128.51, "cashfinalform": null, "invoutfitse": null, "netcashitse": null, "payinvecash": null, "fixedassescraloss": null, "savinetr": null, "subsrececash": null, "accstacode": "2", "fincashoutf": 0.0, "charintecash": null, "finfixedasset": null, "labopayc": 38237930.48, "expiconvbd": null, "paycompgold": null, "inveretugetcash": null, "compcode": "80284578", "prepexpedecr": null, "repnetincr": null, "issbdrececash": null, "loannetr": null, "withinvgetcash": null, "invpayc": null, "debtpaycash": null, "fincashinfl": 0.0, "cashopenbala": 139178983.97, "netcashscheform": null, "begindate": "20150101", "bizoutfitse": null, "bizinflitse": null, "insnetc": null, "bankloannetincr": null, "receredu": -2885887.47, "publishdate": "20150625", "other": null, "deponetr": null, "paytax": 8145363.24, "bizinflform": null, "tradepaymnetr": null, "cashneti": -1088855.46, "accstaname": "\u65b0\u4f1a\u8ba1\u51c6\u5219", "cashnetr": -1088855.46, "invnetcashflow": -7291678.49, "netinvform": null, "finnetform": null, "payacticash": 3881796.41, "fininflform": null, "invoutfform": null}, {"laborgetcash": 315605070.8, "inveredu": 5700309.49, "unreinveloss": null, "bizcashinfl": 323892522.68, "diviprofpaycash": 396672.18, "invcashoutf": 33840655.39, "accrexpeincr": null, "subspaynetcash": null, "finrelacash": null, "payworkcash": 17798411.21, "subspaydivid": null, "chgexchgchgs": -152155.51, "finnetcflow": -10396672.18, "receotherbizcash": 8287451.88, "longdefeexpenamor": null, "acquassetcash": 33840655.39, "recefincash": null, "inspremcash": null, "netcashform": null, "bizcashoutf": 249985268.71, "fininstnetr": null, "invrececash": null, "defetaxassetdecr": -114798.24, "inicashbala": 109656713.08, "invcashinfl": 4500.0, "paydivicash": null, "netcashscheitse": null, "defeincoincr": null, "disptradnetincr": null, "mananetr": 73907253.97, "debtintocapi": null, "defetaxliabincr": null, "adjustdate": "20150625", "enddate": "20141231", "assedepr": 7615053.27, "biznetscheitse": null, "biznetform": null, "equfinalbala": null, "finoutfitse": null, "cashfinalbala": 139178983.97, "fixedassetnetc": 4500.0, "cashfinalitse": null, "payintecash": null, "unfiparachg": null, "loansnetr": null, "incrcashpled": null, "biznetcflow": 73907253.97, "asseimpa": -1055.34, "reducashpled": null, "invinffrom": null, "netprofit": 56568886.86, "minysharrigh": null, "equopenbala": null, "inveloss": null, "valuechgloss": null, "receinvcash": null, "bizoutfform": null, "biznetscheform": null, "finexpe": 381922.5, "intaasseamor": 1026027.2, "taxrefd": null, "biznetitse": null, "finnetitse": null, "invinflitse": null, "subsnetc": null, "unseparachg": null, "finoutfform": null, "recefromloan": null, "netinvitse": null, "estidebts": null, "payaincr": 25258780.89, "fdsborrnetr": null, "realestadep": null, "reporttype": "100111", "dispfixedassetloss": 6344.43, "fininflitse": null, "finalcashbala": 139178983.97, "cashfinalform": null, "invoutfitse": null, "netcashitse": null, "payinvecash": null, "fixedassescraloss": null, "savinetr": null, "subsrececash": null, "accstacode": "2", "fincashoutf": 10396672.18, "charintecash": null, "finfixedasset": null, "labopayc": 184088855.29, "expiconvbd": null, "paycompgold": null, "inveretugetcash": null, "compcode": "80284578", "prepexpedecr": null, "repnetincr": null, "issbdrececash": null, "loannetr": null, "withinvgetcash": null, "invpayc": null, "debtpaycash": 10000000.0, "fincashinfl": 0.0, "cashopenbala": 109656713.08, "netcashscheform": null, "begindate": "20140101", "bizoutfitse": null, "bizinflitse": null, "insnetc": null, "bankloannetincr": null, "receredu": -22534217.09, "publishdate": "20150625", "other": null, "deponetr": null, "paytax": 32210654.65, "bizinflform": null, "tradepaymnetr": null, "cashneti": 29522270.89, "accstaname": "\u65b0\u4f1a\u8ba1\u51c6\u5219", "cashnetr": 29522270.89, "invnetcashflow": -33836155.39, "netinvform": null, "finnetform": null, "payacticash": 15887347.56, "fininflform": null, "invoutfform": null}, {"laborgetcash": 220815902.85, "inveredu": -6629222.01, "unreinveloss": null, "bizcashinfl": 227260208.14, "diviprofpaycash": 396672.18, "invcashoutf": 23405584.45, "accrexpeincr": null, "subspaynetcash": null, "finrelacash": null, "payworkcash": 13516682.74, "subspaydivid": null, "chgexchgchgs": -89040.42, "finnetcflow": -10396672.18, "receotherbizcash": 6444305.29, "longdefeexpenamor": null, "acquassetcash": 23405584.45, "recefincash": null, "inspremcash": null, "netcashform": null, "bizcashoutf": 183177887.56, "fininstnetr": null, "invrececash": null, "defetaxassetdecr": 306619.9, "inicashbala": 109656713.08, "invcashinfl": 4500.0, "paydivicash": null, "netcashscheitse": null, "defeincoincr": null, "disptradnetincr": null, "mananetr": 44082320.58, "debtintocapi": null, "defetaxliabincr": null, "adjustdate": "20151123", "enddate": "20140930", "assedepr": 5749331.66, "biznetscheitse": null, "biznetform": null, "equfinalbala": null, "finoutfitse": null, "cashfinalbala": 119852236.61, "fixedassetnetc": 4500.0, "cashfinalitse": null, "payintecash": null, "unfiparachg": null, "loansnetr": null, "incrcashpled": null, "biznetcflow": 44082320.58, "asseimpa": 78617.57, "reducashpled": null, "invinffrom": null, "netprofit": 40979759.79, "minysharrigh": null, "equopenbala": null, "inveloss": null, "valuechgloss": null, "receinvcash": null, "bizoutfform": null, "biznetscheform": null, "finexpe": 375987.15, "intaasseamor": 770245.91, "taxrefd": null, "biznetitse": null, "finnetitse": null, "invinflitse": null, "subsnetc": null, "unseparachg": null, "finoutfform": null, "recefromloan": null, "netinvitse": null, "estidebts": null, "payaincr": 14663177.84, "fdsborrnetr": null, "realestadep": null, "reporttype": "100111", "dispfixedassetloss": 6344.43, "fininflitse": null, "finalcashbala": 119852236.61, "cashfinalform": null, "invoutfitse": null, "netcashitse": null, "payinvecash": null, "fixedassescraloss": null, "savinetr": null, "subsrececash": null, "accstacode": "2", "fincashoutf": 10396672.18, "charintecash": null, "finfixedasset": null, "labopayc": 135222943.26, "expiconvbd": null, "paycompgold": null, "inveretugetcash": null, "compcode": "80284578", "prepexpedecr": null, "repnetincr": null, "issbdrececash": null, "loannetr": null, "withinvgetcash": null, "invpayc": null, "debtpaycash": 10000000.0, "fincashinfl": 0.0, "cashopenbala": 109656713.08, "netcashscheform": null, "begindate": "20140101", "bizoutfitse": null, "bizinflitse": null, "insnetc": null, "bankloannetincr": null, "receredu": -12218541.66, "publishdate": "20151123", "other": null, "deponetr": null, "paytax": 22170647.5, "bizinflform": null, "tradepaymnetr": null, "cashneti": 10195523.53, "accstaname": "\u65b0\u4f1a\u8ba1\u51c6\u5219", "cashnetr": 10195523.53, "invnetcashflow": -23401084.45, "netinvform": null, "finnetform": null, "payacticash": 12267614.06, "fininflform": null, "invoutfform": null}, {"laborgetcash": 304400024.42, "inveredu": -6024209.63, "unreinveloss": null, "bizcashinfl": 308830757.27, "diviprofpaycash": 855555.55, "invcashoutf": 8455674.52, "accrexpeincr": null, "subspaynetcash": null, "finrelacash": null, "payworkcash": 17408683.6, "subspaydivid": null, "chgexchgchgs": -107166.03, "finnetcflow": -14855555.55, "receotherbizcash": 4430732.85, "longdefeexpenamor": null, "acquassetcash": 8455674.52, "recefincash": null, "inspremcash": null, "netcashform": null, "bizcashoutf": 259764122.78, "fininstnetr": null, "invrececash": null, "defetaxassetdecr": -493399.92, "inicashbala": 84007474.69, "invcashinfl": 1000.0, "paydivicash": null, "netcashscheitse": null, "defeincoincr": null, "disptradnetincr": null, "mananetr": 49066634.49, "debtintocapi": null, "defetaxliabincr": null, "adjustdate": "20150625", "enddate": "20131231", "assedepr": 7750734.94, "biznetscheitse": null, "biznetform": null, "equfinalbala": null, "finoutfitse": null, "cashfinalbala": 109656713.08, "fixedassetnetc": 1000.0, "cashfinalitse": null, "payintecash": null, "unfiparachg": null, "loansnetr": null, "incrcashpled": null, "biznetcflow": 49066634.49, "asseimpa": 229909.25, "reducashpled": null, "invinffrom": null, "netprofit": 52691870.11, "minysharrigh": null, "equopenbala": null, "inveloss": null, "valuechgloss": null, "receinvcash": null, "bizoutfform": null, "biznetscheform": null, "finexpe": 909141.86, "intaasseamor": 1025693.14, "taxrefd": null, "biznetitse": null, "finnetitse": null, "invinflitse": null, "subsnetc": null, "unseparachg": null, "finoutfform": null, "recefromloan": 20000000.0, "netinvitse": null, "estidebts": null, "payaincr": 35214.82, "fdsborrnetr": null, "realestadep": null, "reporttype": "100111", "dispfixedassetloss": 7902.95, "fininflitse": null, "finalcashbala": 109656713.08, "cashfinalform": null, "invoutfitse": null, "netcashitse": null, "payinvecash": null, "fixedassescraloss": null, "savinetr": null, "subsrececash": null, "accstacode": "2", "fincashoutf": 34855555.55, "charintecash": null, "finfixedasset": null, "labopayc": 200975241.38, "expiconvbd": null, "paycompgold": null, "inveretugetcash": null, "compcode": "80284578", "prepexpedecr": null, "repnetincr": null, "issbdrececash": null, "loannetr": null, "withinvgetcash": null, "invpayc": null, "debtpaycash": 34000000.0, "fincashinfl": 20000000.0, "cashopenbala": 84007474.69, "netcashscheform": null, "begindate": "20130101", "bizoutfitse": null, "bizinflitse": null, "insnetc": null, "bankloannetincr": null, "receredu": -7066223.03, "publishdate": "20150625", "other": null, "deponetr": null, "paytax": 29609170.76, "bizinflform": null, "tradepaymnetr": null, "cashneti": 25649238.39, "accstaname": "\u65b0\u4f1a\u8ba1\u51c6\u5219", "cashnetr": 25649238.39, "invnetcashflow": -8454674.52, "netinvform": null, "finnetform": null, "payacticash": 11771027.04, "fininflform": null, "invoutfform": null}, {"laborgetcash": 345069330.41, "inveredu": 6617999.29, "unreinveloss": null, "bizcashinfl": 354009175.37, "diviprofpaycash": 1660548.35, "invcashoutf": 37199415.09, "accrexpeincr": null, "subspaynetcash": null, "finrelacash": 4468481.66, "payworkcash": 16211063.69, "subspaydivid": null, "chgexchgchgs": 39094.92, "finnetcflow": -9962236.9, "receotherbizcash": 8939844.96, "longdefeexpenamor": null, "acquassetcash": 36699415.09, "recefincash": 1166793.11, "inspremcash": null, "netcashform": null, "bizcashoutf": 278797496.41, "fininstnetr": null, "invrececash": null, "defetaxassetdecr": -637585.31, "inicashbala": 55918352.8, "invcashinfl": 0.0, "paydivicash": null, "netcashscheitse": null, "defeincoincr": null, "disptradnetincr": null, "mananetr": 75211678.96, "debtintocapi": null, "defetaxliabincr": null, "adjustdate": "20150625", "enddate": "20121231", "assedepr": 7135917.67, "biznetscheitse": null, "biznetform": null, "equfinalbala": null, "finoutfitse": null, "cashfinalbala": 84007474.69, "fixedassetnetc": null, "cashfinalitse": null, "payintecash": null, "unfiparachg": null, "loansnetr": null, "incrcashpled": null, "biznetcflow": 75211678.96, "asseimpa": -272548.09, "reducashpled": null, "invinffrom": null, "netprofit": 62891228.26, "minysharrigh": null, "equopenbala": null, "inveloss": null, "valuechgloss": null, "receinvcash": null, "bizoutfform": null, "biznetscheform": null, "finexpe": 1664137.4, "intaasseamor": 980249.88, "taxrefd": null, "biznetitse": null, "finnetitse": null, "invinflitse": null, "subsnetc": null, "unseparachg": null, "finoutfform": null, "recefromloan": 38000000.0, "netinvitse": null, "estidebts": null, "payaincr": 7204840.39, "fdsborrnetr": null, "realestadep": null, "reporttype": "100111", "dispfixedassetloss": null, "fininflitse": null, "finalcashbala": 84007474.69, "cashfinalform": null, "invoutfitse": null, "netcashitse": null, "payinvecash": null, "fixedassescraloss": null, "savinetr": null, "subsrececash": null, "accstacode": "2", "fincashoutf": 49129030.01, "charintecash": null, "finfixedasset": null, "labopayc": 205850805.43, "expiconvbd": null, "paycompgold": null, "inveretugetcash": null, "compcode": "80284578", "prepexpedecr": null, "repnetincr": null, "issbdrececash": null, "loannetr": null, "withinvgetcash": null, "invpayc": 500000.0, "debtpaycash": 43000000.0, "fincashinfl": 39166793.11, "cashopenbala": 55918352.8, "netcashscheform": null, "begindate": "20120101", "bizoutfitse": null, "bizinflitse": null, "insnetc": null, "bankloannetincr": null, "receredu": -10372560.53, "publishdate": "20150625", "other": null, "deponetr": null, "paytax": 40073484.18, "bizinflform": null, "tradepaymnetr": null, "cashneti": 28089121.89, "accstaname": "\u65b0\u4f1a\u8ba1\u51c6\u5219", "cashnetr": 28089121.89, "invnetcashflow": -37199415.09, "netinvform": null, "finnetform": null, "payacticash": 16662143.11, "fininflform": null, "invoutfform": null}, {"laborgetcash": 307682338.52, "inveredu": null, "unreinveloss": null, "bizcashinfl": 309491164.15, "diviprofpaycash": 1095923.8, "invcashoutf": 43766719.22, "accrexpeincr": null, "subspaynetcash": 2462100.0, "finrelacash": 62311621.27, "payworkcash": 15466195.28, "subspaydivid": null, "chgexchgchgs": -249310.21, "finnetcflow": 37174988.85, "receotherbizcash": 1808825.63, "longdefeexpenamor": null, "acquassetcash": 31304619.22, "recefincash": 26508073.92, "inspremcash": null, "netcashform": null, "bizcashoutf": 270420670.87, "fininstnetr": null, "invrececash": 45074460.0, "defetaxassetdecr": null, "inicashbala": 23686900.1, "invcashinfl": 2000.0, "paydivicash": null, "netcashscheitse": null, "defeincoincr": null, "disptradnetincr": null, "mananetr": 39070493.28, "debtintocapi": null, "defetaxliabincr": null, "adjustdate": "20140425", "enddate": "20111231", "assedepr": null, "biznetscheitse": null, "biznetform": null, "equfinalbala": null, "finoutfitse": null, "cashfinalbala": 55918352.8, "fixedassetnetc": 2000.0, "cashfinalitse": null, "payintecash": null, "unfiparachg": null, "loansnetr": null, "incrcashpled": null, "biznetcflow": null, "asseimpa": null, "reducashpled": null, "invinffrom": null, "netprofit": null, "minysharrigh": null, "equopenbala": null, "inveloss": null, "valuechgloss": null, "receinvcash": null, "bizoutfform": null, "biznetscheform": null, "finexpe": null, "intaasseamor": null, "taxrefd": null, "biznetitse": null, "finnetitse": null, "invinflitse": null, "subsnetc": null, "unseparachg": null, "finoutfform": null, "recefromloan": 29000000.0, "netinvitse": null, "estidebts": null, "payaincr": null, "fdsborrnetr": null, "realestadep": null, "reporttype": "100111", "dispfixedassetloss": null, "fininflitse": null, "finalcashbala": 55918352.8, "cashfinalform": null, "invoutfitse": null, "netcashitse": null, "payinvecash": null, "fixedassescraloss": null, "savinetr": null, "subsrececash": null, "accstacode": "2", "fincashoutf": 63407545.07, "charintecash": null, "finfixedasset": null, "labopayc": 207699871.23, "expiconvbd": null, "paycompgold": null, "inveretugetcash": null, "compcode": "80284578", "prepexpedecr": null, "repnetincr": null, "issbdrececash": null, "loannetr": null, "withinvgetcash": null, "invpayc": 10000000.0, "debtpaycash": null, "fincashinfl": 100582533.92, "cashopenbala": 23686900.1, "netcashscheform": null, "begindate": "20110101", "bizoutfitse": null, "bizinflitse": null, "insnetc": null, "bankloannetincr": null, "receredu": null, "publishdate": "20140425", "other": null, "deponetr": null, "paytax": 26264244.35, "bizinflform": null, "tradepaymnetr": null, "cashneti": 32231452.7, "accstaname": "\u65b0\u4f1a\u8ba1\u51c6\u5219", "cashnetr": 32231452.7, "invnetcashflow": -43764719.22, "netinvform": null, "finnetform": null, "payacticash": 20990360.01, "fininflform": null, "invoutfform": null}], "comptype": 4, "name": "\u5b89\u8bb0\u98df\u54c1"}