{"list": [{"nonoreve": 500093.14, "unreinveloss": null, "capitalreserve": null, "inteinco": null, "profreturninvest": null, "avaidistshareprof": null, "preferredskdiv": null, "welfare": null, "minysharrigh": -263635.96, "otherbizprof": null, "biztotincoitse": null, "capitalizeddivi": null, "realsale": null, "subsidyincome": null, "adjustdate": "20171031", "netpro1itse": null, "enddate": "20170930", "otherdistprof": null, "operprofform": null, "legalsurp": null, "netpro2form": null, "parecompincoamt": 437408523.54, "realsalecost": null, "contress": null, "pounexpe": null, "noncassetsdisl": 1939455.54, "parenetp": 427766224.02, "parecompinco": 9642299.52, "accpolicychg": null, "surrgold": null, "custinco": null, "netprofit": 427502588.06, "proftotform": null, "dilutedeps": 0.53, "valuechgloss": 267336.01, "reservefund": null, "asseimpaloss": 380832.9, "finexpe": -11908797.42, "compnetexpe": null, "biztotincoform": null, "debtrestruloss": null, "earnprem": null, "nonoexpe": 24602598.94, "assoinveprof": null, "minysharinco": null, "otherbizcost": null, "supplycurcap": null, "basiceps": 0.53, "biztotcostform": null, "inteexpe": null, "inveinco": 14847163.08, "freesurplu": null, "otherbizinco": null, "totprofit": 568348068.62, "accstacode": "2", "developfund": null, "exchggain": null, "mergeformnetprof": null, "compcode": "80277843", "pouninco": null, "netpro2itse": null, "incotaxexpe": 140845480.56, "othercompinco": 9642299.52, "biztotcost": 1616744075.82, "undisprofit": null, "biztax": 348493040.55, "accestimatechg": null, "bizprofitse": null, "netpro1form": null, "manaexpe": 116310689.97, "dealwithdivi": null, "selldepartgain": null, "deveexpe": null, "begindate": "20170101", "compincoamt": 437144887.58, "proftotitse": null, "undisprofredu": null, "otherinto": null, "publishdate": "20171031", "futuloss": null, "staffaward": null, "perprofit": 592450574.42, "salesexpe": 290422315.07, "bizinco": 2184376340.33, "biztotcostitse": null, "minysharincoamt": -263635.96, "accstaname": "\u65b0\u4f1a\u8ba1\u51c6\u5219", "reporttype": "100111", "earlyundiprof": null, "bizcost": 873045994.75, "polidiviexpe": null, "reinexpe": null, "biztotinco": 2184376340.33, "othersupply": null, "natudisasterloss": null}, {"nonoreve": 201394.41, "unreinveloss": null, "capitalreserve": null, "inteinco": null, "profreturninvest": null, "avaidistshareprof": null, "preferredskdiv": null, "welfare": null, "minysharrigh": 18342.16, "otherbizprof": null, "biztotincoitse": null, "capitalizeddivi": null, "realsale": null, "subsidyincome": null, "adjustdate": "20170819", "netpro1itse": null, "enddate": "20170630", "otherdistprof": null, "operprofform": null, "legalsurp": null, "netpro2form": null, "parecompincoamt": 326161295.4, "realsalecost": null, "contress": null, "pounexpe": null, "noncassetsdisl": 1876882.45, "parenetp": 329473262.31, "parecompinco": -3311966.91, "accpolicychg": null, "surrgold": null, "custinco": null, "netprofit": 329491604.47, "proftotform": null, "dilutedeps": 0.41, "valuechgloss": null, "reservefund": null, "asseimpaloss": -726610.09, "finexpe": -10158873.81, "compnetexpe": null, "biztotincoform": null, "debtrestruloss": null, "earnprem": null, "nonoexpe": 24424265.11, "assoinveprof": null, "minysharinco": null, "otherbizcost": null, "supplycurcap": null, "basiceps": 0.41, "biztotcostform": null, "inteexpe": null, "inveinco": 6242427.75, "freesurplu": null, "otherbizinco": null, "totprofit": 438375382.04, "accstacode": "2", "developfund": null, "exchggain": null, "mergeformnetprof": null, "compcode": "80277843", "pouninco": null, "netpro2itse": null, "incotaxexpe": 108883777.57, "othercompinco": -3311966.91, "biztotcost": 1113056695.98, "undisprofit": null, "biztax": 245101996.1, "accestimatechg": null, "bizprofitse": null, "netpro1form": null, "manaexpe": 78241361.49, "dealwithdivi": null, "selldepartgain": null, "deveexpe": null, "begindate": "20170101", "compincoamt": 326179637.56, "proftotitse": null, "undisprofredu": null, "otherinto": null, "publishdate": "20170819", "futuloss": null, "staffaward": null, "perprofit": 462598252.74, "salesexpe": 191044177.87, "bizinco": 1563973886.05, "biztotcostitse": null, "minysharincoamt": 18342.16, "accstaname": "\u65b0\u4f1a\u8ba1\u51c6\u5219", "reporttype": "100111", "earlyundiprof": null, "bizcost": 609554644.42, "polidiviexpe": null, "reinexpe": null, "biztotinco": 1563973886.05, "othersupply": null, "natudisasterloss": null}, {"nonoreve": 3518980.27, "unreinveloss": null, "capitalreserve": null, "inteinco": null, "profreturninvest": null, "avaidistshareprof": null, "preferredskdiv": null, "welfare": null, "minysharrigh": 585050.5, "otherbizprof": null, "biztotincoitse": null, "capitalizeddivi": null, "realsale": null, "subsidyincome": null, "adjustdate": "20170429", "netpro1itse": null, "enddate": "20170331", "otherdistprof": null, "operprofform": null, "legalsurp": null, "netpro2form": null, "parecompincoamt": 287305868.11, "realsalecost": null, "contress": null, "pounexpe": null, "noncassetsdisl": 1589574.08, "parenetp": 288246519.83, "parecompinco": -940651.72, "accpolicychg": null, "surrgold": null, "custinco": null, "netprofit": 288831570.33, "proftotform": null, "dilutedeps": 0.36, "valuechgloss": null, "reservefund": null, "asseimpaloss": 356442.54, "finexpe": -4574560.73, "compnetexpe": null, "biztotincoform": null, "debtrestruloss": null, "earnprem": null, "nonoexpe": 1924854.08, "assoinveprof": null, "minysharinco": null, "otherbizcost": null, "supplycurcap": null, "basiceps": 0.36, "biztotcostform": null, "inteexpe": null, "inveinco": 2683707.49, "freesurplu": null, "otherbizinco": null, "totprofit": 384083921.27, "accstacode": "2", "developfund": null, "exchggain": null, "mergeformnetprof": null, "compcode": "80277843", "pouninco": null, "netpro2itse": null, "incotaxexpe": 95252350.94, "othercompinco": -940651.72, "biztotcost": 630240176.19, "undisprofit": null, "biztax": 150062343.78, "accestimatechg": null, "bizprofitse": null, "netpro1form": null, "manaexpe": 37240543.99, "dealwithdivi": null, "selldepartgain": null, "deveexpe": null, "begindate": "20170101", "compincoamt": 287890918.61, "proftotitse": null, "undisprofredu": null, "otherinto": null, "publishdate": "20170429", "futuloss": null, "staffaward": null, "perprofit": 382489795.08, "salesexpe": 96439897.7, "bizinco": 1010046263.78, "biztotcostitse": null, "minysharincoamt": 585050.5, "accstaname": "\u65b0\u4f1a\u8ba1\u51c6\u5219", "reporttype": "100111", "earlyundiprof": null, "bizcost": 350715508.91, "polidiviexpe": null, "reinexpe": null, "biztotinco": 1010046263.78, "othersupply": null, "natudisasterloss": null}, {"nonoreve": 31678732.74, "unreinveloss": null, "capitalreserve": null, "inteinco": null, "profreturninvest": null, "avaidistshareprof": null, "preferredskdiv": null, "welfare": null, "minysharrigh": 307329.44, "otherbizprof": null, "biztotincoitse": null, "capitalizeddivi": null, "realsale": null, "subsidyincome": null, "adjustdate": "20170321", "netpro1itse": null, "enddate": "20161231", "otherdistprof": null, "operprofform": null, "legalsurp": null, "netpro2form": null, "parecompincoamt": 683006555.0, "realsalecost": null, "contress": null, "pounexpe": null, "noncassetsdisl": 4823269.21, "parenetp": 683006555.0, "parecompinco": null, "accpolicychg": null, "surrgold": null, "custinco": null, "netprofit": 683313884.44, "proftotform": null, "dilutedeps": 0.85, "valuechgloss": 3244582.05, "reservefund": null, "asseimpaloss": 3953715.05, "finexpe": -14217636.96, "compnetexpe": null, "biztotincoform": null, "debtrestruloss": null, "earnprem": null, "nonoexpe": 21353431.26, "assoinveprof": null, "minysharinco": null, "otherbizcost": null, "supplycurcap": null, "basiceps": 0.85, "biztotcostform": null, "inteexpe": null, "inveinco": 23275312.44, "freesurplu": null, "otherbizinco": null, "totprofit": 906510571.02, "accstacode": "2", "developfund": null, "exchggain": null, "mergeformnetprof": null, "compcode": "80277843", "pouninco": null, "netpro2itse": null, "incotaxexpe": 223196686.58, "othercompinco": null, "biztotcost": 2168664665.89, "undisprofit": null, "biztax": 474927915.16, "accestimatechg": null, "bizprofitse": null, "netpro1form": null, "manaexpe": 160223645.32, "dealwithdivi": null, "selldepartgain": null, "deveexpe": null, "begindate": "20160101", "compincoamt": 683313884.44, "proftotitse": null, "undisprofredu": null, "otherinto": null, "publishdate": "20170321", "futuloss": null, "staffaward": null, "perprofit": 896185269.54, "salesexpe": 382156514.42, "bizinco": 3038330040.94, "biztotcostitse": null, "minysharincoamt": 307329.44, "accstaname": "\u65b0\u4f1a\u8ba1\u51c6\u5219", "reporttype": "100111", "earlyundiprof": null, "bizcost": 1161620512.9, "polidiviexpe": null, "reinexpe": null, "biztotinco": 3038330040.94, "othersupply": null, "natudisasterloss": null}, {"nonoreve": 13663059.18, "unreinveloss": null, "capitalreserve": null, "inteinco": null, "profreturninvest": null, "avaidistshareprof": null, "preferredskdiv": null, "welfare": null, "minysharrigh": 92990.39, "otherbizprof": null, "biztotincoitse": null, "capitalizeddivi": null, "realsale": null, "subsidyincome": null, "adjustdate": "20161028", "netpro1itse": null, "enddate": "20160930", "otherdistprof": null, "operprofform": null, "legalsurp": null, "netpro2form": null, "parecompincoamt": 469833452.0, "realsalecost": null, "contress": null, "pounexpe": null, "noncassetsdisl": 4556049.04, "parenetp": 473583452.0, "parecompinco": -3750000.0, "accpolicychg": null, "surrgold": null, "custinco": null, "netprofit": 473676442.39, "proftotform": null, "dilutedeps": 0.59, "valuechgloss": 7958959.93, "reservefund": null, "asseimpaloss": -590205.81, "finexpe": -11881351.14, "compnetexpe": null, "biztotincoform": null, "debtrestruloss": null, "earnprem": null, "nonoexpe": 20994712.82, "assoinveprof": null, "minysharinco": null, "otherbizcost": null, "supplycurcap": null, "basiceps": 0.59, "biztotcostform": null, "inteexpe": null, "inveinco": 9255000.35, "freesurplu": null, "otherbizinco": null, "totprofit": 631708651.33, "accstacode": "2", "developfund": null, "exchggain": null, "mergeformnetprof": null, "compcode": "80277843", "pouninco": null, "netpro2itse": null, "incotaxexpe": 158032208.94, "othercompinco": -3750000.0, "biztotcost": 1517314473.05, "undisprofit": null, "biztax": 319186598.41, "accestimatechg": null, "bizprofitse": null, "netpro1form": null, "manaexpe": 119627329.12, "dealwithdivi": null, "selldepartgain": null, "deveexpe": null, "begindate": "20160101", "compincoamt": 469926442.39, "proftotitse": null, "undisprofredu": null, "otherinto": null, "publishdate": "20161028", "futuloss": null, "staffaward": null, "perprofit": 639040304.97, "salesexpe": 271677404.86, "bizinco": 2139140817.74, "biztotcostitse": null, "minysharincoamt": 92990.39, "accstaname": "\u65b0\u4f1a\u8ba1\u51c6\u5219", "reporttype": "100111", "earlyundiprof": null, "bizcost": 819294697.61, "polidiviexpe": null, "reinexpe": null, "biztotinco": 2139140817.74, "othersupply": null, "natudisasterloss": null}, {"nonoreve": 7089842.5, "unreinveloss": null, "capitalreserve": null, "inteinco": null, "profreturninvest": null, "avaidistshareprof": null, "preferredskdiv": null, "welfare": null, "minysharrigh": 11662.28, "otherbizprof": null, "biztotincoitse": null, "capitalizeddivi": null, "realsale": null, "subsidyincome": null, "adjustdate": "20160816", "netpro1itse": null, "enddate": "20160630", "otherdistprof": null, "operprofform": null, "legalsurp": null, "netpro2form": null, "parecompincoamt": 339532413.45, "realsalecost": null, "contress": null, "pounexpe": null, "noncassetsdisl": 2748290.99, "parenetp": 330532413.45, "parecompinco": 9000000.0, "accpolicychg": null, "surrgold": null, "custinco": null, "netprofit": 330544075.73, "proftotform": null, "dilutedeps": 0.41, "valuechgloss": 7505014.57, "reservefund": null, "asseimpaloss": 141097.43, "finexpe": -8711699.48, "compnetexpe": null, "biztotincoform": null, "debtrestruloss": null, "earnprem": null, "nonoexpe": 3809760.77, "assoinveprof": null, "minysharinco": null, "otherbizcost": null, "supplycurcap": null, "basiceps": 0.41, "biztotcostform": null, "inteexpe": null, "inveinco": -19801553.78, "freesurplu": null, "otherbizinco": null, "totprofit": 441507238.99, "accstacode": "2", "developfund": null, "exchggain": null, "mergeformnetprof": null, "compcode": "80277843", "pouninco": null, "netpro2itse": null, "incotaxexpe": 110963163.26, "othercompinco": 9000000.0, "biztotcost": 1062048503.01, "undisprofit": null, "biztax": 231533298.33, "accestimatechg": null, "bizprofitse": null, "netpro1form": null, "manaexpe": 82198444.54, "dealwithdivi": null, "selldepartgain": null, "deveexpe": null, "begindate": "20160101", "compincoamt": 339544075.73, "proftotitse": null, "undisprofredu": null, "otherinto": null, "publishdate": "20160816", "futuloss": null, "staffaward": null, "perprofit": 438227157.26, "salesexpe": 187138536.05, "bizinco": 1512572199.48, "biztotcostitse": null, "minysharincoamt": 11662.28, "accstaname": "\u65b0\u4f1a\u8ba1\u51c6\u5219", "reporttype": "100111", "earlyundiprof": null, "bizcost": 569748826.14, "polidiviexpe": null, "reinexpe": null, "biztotinco": 1512572199.48, "othersupply": null, "natudisasterloss": null}, {"nonoreve": 4466148.56, "unreinveloss": null, "capitalreserve": null, "inteinco": null, "profreturninvest": null, "avaidistshareprof": null, "preferredskdiv": null, "welfare": null, "minysharrigh": null, "otherbizprof": null, "biztotincoitse": null, "capitalizeddivi": null, "realsale": null, "subsidyincome": null, "adjustdate": "20160429", "netpro1itse": null, "enddate": "20160331", "otherdistprof": null, "operprofform": null, "legalsurp": null, "netpro2form": null, "parecompincoamt": 259715097.45, "realsalecost": null, "contress": null, "pounexpe": null, "noncassetsdisl": 65036.15, "parenetp": 255215097.45, "parecompinco": 4500000.0, "accpolicychg": null, "surrgold": null, "custinco": null, "netprofit": 255215097.45, "proftotform": null, "dilutedeps": 0.32, "valuechgloss": -16875041.89, "reservefund": null, "asseimpaloss": -274296.73, "finexpe": -3189473.5, "compnetexpe": null, "biztotincoform": null, "debtrestruloss": null, "earnprem": null, "nonoexpe": 960332.15, "assoinveprof": null, "minysharinco": null, "otherbizcost": null, "supplycurcap": null, "basiceps": 0.32, "biztotcostform": null, "inteexpe": null, "inveinco": 1894219.18, "freesurplu": null, "otherbizinco": null, "totprofit": 344195371.23, "accstacode": "2", "developfund": null, "exchggain": null, "mergeformnetprof": null, "compcode": "80277843", "pouninco": null, "netpro2itse": null, "incotaxexpe": 88980273.78, "othercompinco": 4500000.0, "biztotcost": 611569369.44, "undisprofit": null, "biztax": 144348971.27, "accestimatechg": null, "bizprofitse": null, "netpro1form": null, "manaexpe": 40814772.46, "dealwithdivi": null, "selldepartgain": null, "deveexpe": null, "begindate": "20160101", "compincoamt": 259715097.45, "proftotitse": null, "undisprofredu": null, "otherinto": null, "publishdate": "20160429", "futuloss": null, "staffaward": null, "perprofit": 340689554.82, "salesexpe": 98781078.67, "bizinco": 967239746.97, "biztotcostitse": null, "minysharincoamt": null, "accstaname": "\u65b0\u4f1a\u8ba1\u51c6\u5219", "reporttype": "100111", "earlyundiprof": null, "bizcost": 331088317.27, "polidiviexpe": null, "reinexpe": null, "biztotinco": 967239746.97, "othersupply": null, "natudisasterloss": null}, {"nonoreve": 22915023.65, "unreinveloss": null, "capitalreserve": null, "inteinco": null, "profreturninvest": null, "avaidistshareprof": null, "preferredskdiv": null, "welfare": null, "minysharrigh": null, "otherbizprof": null, "biztotincoitse": null, "capitalizeddivi": null, "realsale": null, "subsidyincome": null, "adjustdate": "20160429", "netpro1itse": null, "enddate": "20151231", "otherdistprof": null, "operprofform": null, "legalsurp": null, "netpro2form": null, "parecompincoamt": 534149115.17, "realsalecost": null, "contress": null, "pounexpe": null, "noncassetsdisl": 13012707.67, "parenetp": 530399115.17, "parecompinco": 3750000.0, "accpolicychg": null, "surrgold": null, "custinco": null, "netprofit": 530399115.17, "proftotform": null, "dilutedeps": 0.69, "valuechgloss": -3244582.05, "reservefund": null, "asseimpaloss": -1021269.35, "finexpe": -24146923.09, "compnetexpe": null, "biztotincoform": null, "debtrestruloss": null, "earnprem": null, "nonoexpe": 31409291.7, "assoinveprof": null, "minysharinco": null, "otherbizcost": null, "supplycurcap": null, "basiceps": 0.69, "biztotcostform": null, "inteexpe": null, "inveinco": 4637672.87, "freesurplu": null, "otherbizinco": null, "totprofit": 710128861.28, "accstacode": "2", "developfund": null, "exchggain": null, "mergeformnetprof": null, "compcode": "80277843", "pouninco": null, "netpro2itse": null, "incotaxexpe": 179729746.11, "othercompinco": 3750000.0, "biztotcost": 2209574331.01, "undisprofit": null, "biztax": 457458347.87, "accestimatechg": null, "bizprofitse": null, "netpro1form": null, "manaexpe": 175420646.17, "dealwithdivi": null, "selldepartgain": null, "deveexpe": null, "begindate": "20150101", "compincoamt": 534149115.17, "proftotitse": null, "undisprofredu": null, "otherinto": null, "publishdate": "20160429", "futuloss": null, "staffaward": null, "perprofit": 718623129.33, "salesexpe": 382265407.38, "bizinco": 2926804369.52, "biztotcostitse": null, "minysharincoamt": null, "accstaname": "\u65b0\u4f1a\u8ba1\u51c6\u5219", "reporttype": "100111", "earlyundiprof": null, "bizcost": 1219598122.03, "polidiviexpe": null, "reinexpe": null, "biztotinco": 2926804369.52, "othersupply": null, "natudisasterloss": null}, {"nonoreve": 15860353.88, "unreinveloss": null, "capitalreserve": null, "inteinco": null, "profreturninvest": null, "avaidistshareprof": null, "preferredskdiv": null, "welfare": null, "minysharrigh": null, "otherbizprof": null, "biztotincoitse": null, "capitalizeddivi": null, "realsale": null, "subsidyincome": null, "adjustdate": "20151030", "netpro1itse": null, "enddate": "20150930", "otherdistprof": null, "operprofform": null, "legalsurp": null, "netpro2form": null, "parecompincoamt": 390270159.08, "realsalecost": null, "contress": null, "pounexpe": null, "noncassetsdisl": 10341584.45, "parenetp": 390270159.08, "parecompinco": null, "accpolicychg": null, "surrgold": null, "custinco": null, "netprofit": 390270159.08, "proftotform": null, "dilutedeps": 0.52, "valuechgloss": -40710.77, "reservefund": null, "asseimpaloss": 14144.74, "finexpe": -20036238.52, "compnetexpe": null, "biztotincoform": null, "debtrestruloss": null, "earnprem": null, "nonoexpe": 26232406.41, "assoinveprof": null, "minysharinco": null, "otherbizcost": null, "supplycurcap": null, "basiceps": 0.52, "biztotcostform": null, "inteexpe": null, "inveinco": 335616.44, "freesurplu": null, "otherbizinco": null, "totprofit": 526581676.59, "accstacode": "2", "developfund": null, "exchggain": null, "mergeformnetprof": null, "compcode": "80277843", "pouninco": null, "netpro2itse": null, "incotaxexpe": 136311517.51, "othercompinco": null, "biztotcost": 1608050987.05, "undisprofit": null, "biztax": 336546029.22, "accestimatechg": null, "bizprofitse": null, "netpro1form": null, "manaexpe": 123862094.58, "dealwithdivi": null, "selldepartgain": null, "deveexpe": null, "begindate": "20150101", "compincoamt": 390270159.08, "proftotitse": null, "undisprofredu": null, "otherinto": null, "publishdate": "20151030", "futuloss": null, "staffaward": null, "perprofit": 536953729.12, "salesexpe": 275108400.89, "bizinco": 2144709810.5, "biztotcostitse": null, "minysharincoamt": null, "accstaname": "\u65b0\u4f1a\u8ba1\u51c6\u5219", "reporttype": "100111", "earlyundiprof": null, "bizcost": 892556556.14, "polidiviexpe": null, "reinexpe": null, "biztotinco": 2144709810.5, "othersupply": null, "natudisasterloss": null}, {"nonoreve": 8126993.15, "unreinveloss": null, "capitalreserve": null, "inteinco": null, "profreturninvest": null, "avaidistshareprof": null, "preferredskdiv": null, "welfare": null, "minysharrigh": null, "otherbizprof": null, "biztotincoitse": null, "capitalizeddivi": null, "realsale": null, "subsidyincome": null, "adjustdate": "20150819", "netpro1itse": null, "enddate": "20150630", "otherdistprof": null, "operprofform": null, "legalsurp": null, "netpro2form": null, "parecompincoamt": 280623996.69, "realsalecost": null, "contress": null, "pounexpe": null, "noncassetsdisl": 10122664.6, "parenetp": 280623996.69, "parecompinco": null, "accpolicychg": null, "surrgold": null, "custinco": null, "netprofit": 280623996.69, "proftotform": null, "dilutedeps": 0.38, "valuechgloss": null, "reservefund": null, "asseimpaloss": -1021429.71, "finexpe": -13068293.94, "compnetexpe": null, "biztotincoform": null, "debtrestruloss": null, "earnprem": null, "nonoexpe": 25072129.18, "assoinveprof": null, "minysharinco": null, "otherbizcost": null, "supplycurcap": null, "basiceps": 0.38, "biztotcostform": null, "inteexpe": null, "inveinco": null, "freesurplu": null, "otherbizinco": null, "totprofit": 379007803.87, "accstacode": "2", "developfund": null, "exchggain": null, "mergeformnetprof": null, "compcode": "80277843", "pouninco": null, "netpro2itse": null, "incotaxexpe": 98383807.18, "othercompinco": null, "biztotcost": 1134499321.3, "undisprofit": null, "biztax": 244225625.9, "accestimatechg": null, "bizprofitse": null, "netpro1form": null, "manaexpe": 85645472.99, "dealwithdivi": null, "selldepartgain": null, "deveexpe": null, "begindate": "20150101", "compincoamt": 280623996.69, "proftotitse": null, "undisprofredu": null, "otherinto": null, "publishdate": "20150819", "futuloss": null, "staffaward": null, "perprofit": 395952939.9, "salesexpe": 193283845.3, "bizinco": 1530452261.2, "biztotcostitse": null, "minysharincoamt": null, "accstaname": "\u65b0\u4f1a\u8ba1\u51c6\u5219", "reporttype": "100111", "earlyundiprof": null, "bizcost": 625434100.76, "polidiviexpe": null, "reinexpe": null, "biztotinco": 1530452261.2, "othersupply": null, "natudisasterloss": null}, {"nonoreve": 4144881.55, "unreinveloss": null, "capitalreserve": null, "inteinco": null, "profreturninvest": null, "avaidistshareprof": null, "preferredskdiv": null, "welfare": null, "minysharrigh": null, "otherbizprof": null, "biztotincoitse": null, "capitalizeddivi": null, "realsale": null, "subsidyincome": null, "adjustdate": "20160429", "netpro1itse": null, "enddate": "20150331", "otherdistprof": null, "operprofform": null, "legalsurp": null, "netpro2form": null, "parecompincoamt": 206532514.89, "realsalecost": null, "contress": null, "pounexpe": null, "noncassetsdisl": 5301104.29, "parenetp": 206532514.89, "parecompinco": null, "accpolicychg": null, "surrgold": null, "custinco": null, "netprofit": 206532514.89, "proftotform": null, "dilutedeps": 0.29, "valuechgloss": null, "reservefund": null, "asseimpaloss": -385869.24, "finexpe": -4661735.82, "compnetexpe": null, "biztotincoform": null, "debtrestruloss": null, "earnprem": null, "nonoexpe": 5622594.01, "assoinveprof": null, "minysharinco": null, "otherbizcost": null, "supplycurcap": null, "basiceps": 0.29, "biztotcostform": null, "inteexpe": null, "inveinco": null, "freesurplu": null, "otherbizinco": null, "totprofit": 279658278.09, "accstacode": "2", "developfund": null, "exchggain": null, "mergeformnetprof": null, "compcode": "80277843", "pouninco": null, "netpro2itse": null, "incotaxexpe": 73125763.2, "othercompinco": null, "biztotcost": 655837802.5, "undisprofit": null, "biztax": 157259481.58, "accestimatechg": null, "bizprofitse": null, "netpro1form": null, "manaexpe": 44656233.28, "dealwithdivi": null, "selldepartgain": null, "deveexpe": null, "begindate": "20150101", "compincoamt": 206532514.89, "proftotitse": null, "undisprofredu": null, "otherinto": null, "publishdate": "20160429", "futuloss": null, "staffaward": null, "perprofit": 281135990.55, "salesexpe": 96345224.03, "bizinco": 936973793.05, "biztotcostitse": null, "minysharincoamt": null, "accstaname": "\u65b0\u4f1a\u8ba1\u51c6\u5219", "reporttype": "100111", "earlyundiprof": null, "bizcost": 362624468.67, "polidiviexpe": null, "reinexpe": null, "biztotinco": 936973793.05, "othersupply": null, "natudisasterloss": null}, {"nonoreve": 16401278.78, "unreinveloss": null, "capitalreserve": null, "inteinco": null, "profreturninvest": null, "avaidistshareprof": null, "preferredskdiv": null, "welfare": null, "minysharrigh": null, "otherbizprof": null, "biztotincoitse": null, "capitalizeddivi": null, "realsale": null, "subsidyincome": null, "adjustdate": "20150511", "netpro1itse": null, "enddate": "20141231", "otherdistprof": null, "operprofform": null, "legalsurp": null, "netpro2form": null, "parecompincoamt": 486556453.6, "realsalecost": null, "contress": null, "pounexpe": null, "noncassetsdisl": 4437396.24, "parenetp": 486556453.6, "parecompinco": null, "accpolicychg": null, "surrgold": null, "custinco": null, "netprofit": 486556453.6, "proftotform": null, "dilutedeps": 0.68, "valuechgloss": null, "reservefund": null, "asseimpaloss": 1081412.92, "finexpe": -18999722.06, "compnetexpe": null, "biztotincoform": null, "debtrestruloss": null, "earnprem": null, "nonoexpe": 21007895.82, "assoinveprof": null, "minysharinco": null, "otherbizcost": null, "supplycurcap": null, "basiceps": 0.68, "biztotcostform": null, "inteexpe": null, "inveinco": null, "freesurplu": null, "otherbizinco": null, "totprofit": 650409746.45, "accstacode": "2", "developfund": null, "exchggain": null, "mergeformnetprof": null, "compcode": "80277843", "pouninco": null, "netpro2itse": null, "incotaxexpe": 163853292.85, "othercompinco": null, "biztotcost": 2303938175.38, "undisprofit": null, "biztax": 463966520.04, "accestimatechg": null, "bizprofitse": null, "netpro1form": null, "manaexpe": 154054887.34, "dealwithdivi": null, "selldepartgain": null, "deveexpe": null, "begindate": "20140101", "compincoamt": 486556453.6, "proftotitse": null, "undisprofredu": null, "otherinto": null, "publishdate": "20150511", "futuloss": null, "staffaward": null, "perprofit": 655016363.49, "salesexpe": 359592680.02, "bizinco": 2958954538.87, "biztotcostitse": null, "minysharincoamt": null, "accstaname": "\u65b0\u4f1a\u8ba1\u51c6\u5219", "reporttype": "100111", "earlyundiprof": null, "bizcost": 1344242397.12, "polidiviexpe": null, "reinexpe": null, "biztotinco": 2958954538.87, "othersupply": null, "natudisasterloss": null}, {"nonoreve": 13042593.48, "unreinveloss": null, "capitalreserve": null, "inteinco": null, "profreturninvest": null, "avaidistshareprof": null, "preferredskdiv": null, "welfare": null, "minysharrigh": null, "otherbizprof": null, "biztotincoitse": null, "capitalizeddivi": null, "realsale": null, "subsidyincome": null, "adjustdate": "20151030", "netpro1itse": null, "enddate": "20140930", "otherdistprof": null, "operprofform": null, "legalsurp": null, "netpro2form": null, "parecompincoamt": 345210211.68, "realsalecost": null, "contress": null, "pounexpe": null, "noncassetsdisl": 3520412.52, "parenetp": 345210211.68, "parecompinco": null, "accpolicychg": null, "surrgold": null, "custinco": null, "netprofit": 345210211.68, "proftotform": null, "dilutedeps": 0.48, "valuechgloss": null, "reservefund": null, "asseimpaloss": 1252891.28, "finexpe": -11419828.31, "compnetexpe": null, "biztotincoform": null, "debtrestruloss": null, "earnprem": null, "nonoexpe": 7000528.72, "assoinveprof": null, "minysharinco": null, "otherbizcost": null, "supplycurcap": null, "basiceps": 0.48, "biztotcostform": null, "inteexpe": null, "inveinco": null, "freesurplu": null, "otherbizinco": null, "totprofit": 466306929.28, "accstacode": "2", "developfund": null, "exchggain": null, "mergeformnetprof": null, "compcode": "80277843", "pouninco": null, "netpro2itse": null, "incotaxexpe": 121096717.6, "othercompinco": null, "biztotcost": 1705154634.42, "undisprofit": null, "biztax": 355025245.07, "accestimatechg": null, "bizprofitse": null, "netpro1form": null, "manaexpe": 111819862.85, "dealwithdivi": null, "selldepartgain": null, "deveexpe": null, "begindate": "20140101", "compincoamt": 345210211.68, "proftotitse": null, "undisprofredu": null, "otherinto": null, "publishdate": "20151030", "futuloss": null, "staffaward": null, "perprofit": 460264864.52, "salesexpe": 252569315.51, "bizinco": 2165419498.94, "biztotcostitse": null, "minysharincoamt": null, "accstaname": "\u65b0\u4f1a\u8ba1\u51c6\u5219", "reporttype": "100111", "earlyundiprof": null, "bizcost": 995907148.02, "polidiviexpe": null, "reinexpe": null, "biztotinco": 2165419498.94, "othersupply": null, "natudisasterloss": null}, {"nonoreve": 10167255.39, "unreinveloss": null, "capitalreserve": null, "inteinco": null, "profreturninvest": null, "avaidistshareprof": null, "preferredskdiv": null, "welfare": null, "minysharrigh": null, "otherbizprof": null, "biztotincoitse": null, "capitalizeddivi": null, "realsale": null, "subsidyincome": null, "adjustdate": "20150819", "netpro1itse": null, "enddate": "20140630", "otherdistprof": null, "operprofform": null, "legalsurp": null, "netpro2form": null, "parecompincoamt": 258114801.14, "realsalecost": null, "contress": null, "pounexpe": null, "noncassetsdisl": 1123190.59, "parenetp": 258114801.14, "parecompinco": null, "accpolicychg": null, "surrgold": null, "custinco": null, "netprofit": 258114801.14, "proftotform": null, "dilutedeps": 0.36, "valuechgloss": null, "reservefund": null, "asseimpaloss": 1155236.57, "finexpe": -7645232.26, "compnetexpe": null, "biztotincoform": null, "debtrestruloss": null, "earnprem": null, "nonoexpe": 1422404.31, "assoinveprof": null, "minysharinco": null, "otherbizcost": null, "supplycurcap": null, "basiceps": 0.36, "biztotcostform": null, "inteexpe": null, "inveinco": null, "freesurplu": null, "otherbizinco": null, "totprofit": 349147465.47, "accstacode": "2", "developfund": null, "exchggain": null, "mergeformnetprof": null, "compcode": "80277843", "pouninco": null, "netpro2itse": null, "incotaxexpe": 91032664.33, "othercompinco": null, "biztotcost": 1174390239.65, "undisprofit": null, "biztax": 253039993.81, "accestimatechg": null, "bizprofitse": null, "netpro1form": null, "manaexpe": 74199489.04, "dealwithdivi": null, "selldepartgain": null, "deveexpe": null, "begindate": "20140101", "compincoamt": 258114801.14, "proftotitse": null, "undisprofredu": null, "otherinto": null, "publishdate": "20150819", "futuloss": null, "staffaward": null, "perprofit": 340402614.39, "salesexpe": 172901944.35, "bizinco": 1514792854.04, "biztotcostitse": null, "minysharincoamt": null, "accstaname": "\u65b0\u4f1a\u8ba1\u51c6\u5219", "reporttype": "100111", "earlyundiprof": null, "bizcost": 680738808.14, "polidiviexpe": null, "reinexpe": null, "biztotinco": 1514792854.04, "othersupply": null, "natudisasterloss": null}, {"nonoreve": 11773194.18, "unreinveloss": null, "capitalreserve": null, "inteinco": null, "profreturninvest": null, "avaidistshareprof": null, "preferredskdiv": null, "welfare": null, "minysharrigh": null, "otherbizprof": null, "biztotincoitse": null, "capitalizeddivi": null, "realsale": null, "subsidyincome": null, "adjustdate": "20150511", "netpro1itse": null, "enddate": "20131231", "otherdistprof": null, "operprofform": null, "legalsurp": null, "netpro2form": null, "parecompincoamt": 422247954.26, "realsalecost": null, "contress": null, "pounexpe": null, "noncassetsdisl": 14621594.65, "parenetp": 422247954.26, "parecompinco": null, "accpolicychg": null, "surrgold": null, "custinco": null, "netprofit": 422247954.26, "proftotform": null, "dilutedeps": 0.59, "valuechgloss": null, "reservefund": null, "asseimpaloss": 1391462.45, "finexpe": -18091598.99, "compnetexpe": null, "biztotincoform": null, "debtrestruloss": null, "earnprem": null, "nonoexpe": 19378387.34, "assoinveprof": null, "minysharinco": null, "otherbizcost": null, "supplycurcap": null, "basiceps": 0.59, "biztotcostform": null, "inteexpe": null, "inveinco": null, "freesurplu": null, "otherbizinco": null, "totprofit": 562347361.75, "accstacode": "2", "developfund": null, "exchggain": null, "mergeformnetprof": null, "compcode": "80277843", "pouninco": null, "netpro2itse": null, "incotaxexpe": 140099407.49, "othercompinco": null, "biztotcost": 2825007956.97, "undisprofit": null, "biztax": 504592025.39, "accestimatechg": null, "bizprofitse": null, "netpro1form": null, "manaexpe": 149248531.91, "dealwithdivi": null, "selldepartgain": null, "deveexpe": null, "begindate": "20130101", "compincoamt": 422247954.26, "proftotitse": null, "undisprofredu": null, "otherinto": null, "publishdate": "20150511", "futuloss": null, "staffaward": null, "perprofit": 569952554.91, "salesexpe": 611930004.74, "bizinco": 3394960511.88, "biztotcostitse": null, "minysharincoamt": null, "accstaname": "\u65b0\u4f1a\u8ba1\u51c6\u5219", "reporttype": "100111", "earlyundiprof": null, "bizcost": 1575937531.47, "polidiviexpe": null, "reinexpe": null, "biztotinco": 3394960511.88, "othersupply": null, "natudisasterloss": null}, {"nonoreve": 8872680.82, "unreinveloss": null, "capitalreserve": null, "inteinco": null, "profreturninvest": null, "avaidistshareprof": null, "preferredskdiv": null, "welfare": null, "minysharrigh": null, "otherbizprof": null, "biztotincoitse": null, "capitalizeddivi": null, "realsale": null, "subsidyincome": null, "adjustdate": "20150511", "netpro1itse": null, "enddate": "20121231", "otherdistprof": null, "operprofform": null, "legalsurp": null, "netpro2form": null, "parecompincoamt": 465945766.64, "realsalecost": null, "contress": null, "pounexpe": null, "noncassetsdisl": 13498548.94, "parenetp": 465945766.64, "parecompinco": null, "accpolicychg": null, "surrgold": null, "custinco": null, "netprofit": 465945766.64, "proftotform": null, "dilutedeps": 0.65, "valuechgloss": null, "reservefund": null, "asseimpaloss": 1956653.66, "finexpe": -18320883.93, "compnetexpe": null, "biztotincoform": null, "debtrestruloss": null, "earnprem": null, "nonoexpe": 18514854.21, "assoinveprof": null, "minysharinco": null, "otherbizcost": null, "supplycurcap": null, "basiceps": 0.65, "biztotcostform": null, "inteexpe": null, "inveinco": null, "freesurplu": null, "otherbizinco": null, "totprofit": 626211107.56, "accstacode": "2", "developfund": null, "exchggain": null, "mergeformnetprof": null, "compcode": "80277843", "pouninco": null, "netpro2itse": null, "incotaxexpe": 160265340.92, "othercompinco": null, "biztotcost": 2717708289.78, "undisprofit": null, "biztax": 491473011.19, "accestimatechg": null, "bizprofitse": null, "netpro1form": null, "manaexpe": 125054071.56, "dealwithdivi": null, "selldepartgain": null, "deveexpe": null, "begindate": "20120101", "compincoamt": 465945766.64, "proftotitse": null, "undisprofredu": null, "otherinto": null, "publishdate": "20150511", "futuloss": null, "staffaward": null, "perprofit": 635853280.95, "salesexpe": 562002167.37, "bizinco": 3353561570.73, "biztotcostitse": null, "minysharincoamt": null, "accstaname": "\u65b0\u4f1a\u8ba1\u51c6\u5219", "reporttype": "100111", "earlyundiprof": null, "bizcost": 1555543269.93, "polidiviexpe": null, "reinexpe": null, "biztotinco": 3353561570.73, "othersupply": null, "natudisasterloss": null}, {"nonoreve": 18394871.1, "unreinveloss": null, "capitalreserve": null, "inteinco": null, "profreturninvest": null, "avaidistshareprof": null, "preferredskdiv": null, "welfare": null, "minysharrigh": 2267239.77, "otherbizprof": null, "biztotincoitse": null, "capitalizeddivi": null, "realsale": null, "subsidyincome": null, "adjustdate": "20140528", "netpro1itse": null, "enddate": "20111231", "otherdistprof": null, "operprofform": null, "legalsurp": null, "netpro2form": null, "parecompincoamt": 447945516.67, "realsalecost": null, "contress": null, "pounexpe": null, "noncassetsdisl": 3468207.02, "parenetp": 447945516.67, "parecompinco": null, "accpolicychg": null, "surrgold": null, "custinco": null, "netprofit": 450212756.44, "proftotform": null, "dilutedeps": 0.62, "valuechgloss": null, "reservefund": null, "asseimpaloss": -1684872.39, "finexpe": -11447619.22, "compnetexpe": null, "biztotincoform": null, "debtrestruloss": null, "earnprem": null, "nonoexpe": 6869036.38, "assoinveprof": null, "minysharinco": null, "otherbizcost": null, "supplycurcap": null, "basiceps": 0.62, "biztotcostform": null, "inteexpe": null, "inveinco": 15159990.64, "freesurplu": null, "otherbizinco": null, "totprofit": 601049620.37, "accstacode": "2", "developfund": null, "exchggain": null, "mergeformnetprof": null, "compcode": "80277843", "pouninco": null, "netpro2itse": null, "incotaxexpe": 150836863.93, "othercompinco": null, "biztotcost": 2315301007.89, "undisprofit": null, "biztax": 386579341.69, "accestimatechg": null, "bizprofitse": null, "netpro1form": null, "manaexpe": 97102214.63, "dealwithdivi": null, "selldepartgain": null, "deveexpe": null, "begindate": "20110101", "compincoamt": 450212756.44, "proftotitse": null, "undisprofredu": null, "otherinto": null, "publishdate": "20140528", "futuloss": null, "staffaward": null, "perprofit": 589523785.65, "salesexpe": 501019830.08, "bizinco": 2889664802.9, "biztotcostitse": null, "minysharincoamt": 2267239.77, "accstaname": "\u65b0\u4f1a\u8ba1\u51c6\u5219", "reporttype": "100111", "earlyundiprof": null, "bizcost": 1343732113.1, "polidiviexpe": null, "reinexpe": null, "biztotinco": 2889664802.9, "othersupply": null, "natudisasterloss": null}], "comptype": 4, "name": "\u8fce\u9a7e\u8d21\u9152"}