{"SH603198": {"value_date": "", "kzz_convert_time": "", "code": "603198", "kzz_stock_name": "", "remain_year": "", "marketCapital": "1.4696E10", "sale_rrg": "", "current": "18.37", "tick_size": "0.01", "fall_stop": "16.54", "outstandingamt": "", "after_hour_vol": "0", "kzz_covert_value": "0.0", "warrant": "", "due_date": "", "kzz_redempt_price": "0.0", "high52week": "23.53", "psr": "4.7659", "afterHoursPct": "0.0", "currency_unit": "CNY", "name": "\u8fce\u9a7e\u8d21\u9152", "yield": "3.27", "lot_size": "100", "low52week": "17.51", "convert_bond_ratio": "", "rate": "", "close": "18.37", "turnover_rate": "1.67%", "afterHoursChg": "0.0", "kzz_stock_percent": "", "percent5m": "0.11", "volume_ratio": "0.57", "exchange": "SH", "last_close": "18.38", "redeem_type": "F", "dividend": "0.6", "lot_volume": "27803.44", "change": "-0.01", "publisher": "", "kzz_convert_price": "0.0", "hasexist": "", "amount": "5.121475E7", "issue_type": "1", "has_warrant": "0", "pankou_ratio": "7.47%", "pe_lyr": "21.5166", "benefit_before_tax": "0.0", "convert_rate": "0.0", "afterHours": "0.0", "par_value": "0.0", "maturitydate": "", "open": "18.3", "convertrate": "0.0", "kzz_stock_symbol": "", "pb": "3.78", "kzz_stock_current": "0.0", "low": "18.23", "time": "Fri Nov 03 14:59:59 +0800 2017", "percentage": "-0.05", "type": "11", "rise_stop": "20.22", "kzz_cpr": "0.0", "benefit_after_tax": "0.0", "net_assets": "4.8623", "volume": "2780344.0", "flag": "1", "updateAt": "1493006403814", "totalissuescale": "", "circulation": "0.0", "amplitude": "1.96%", "release_date": "", "kzz_straight_price": "0.0", "interestrtmemo": "", "float_market_capital": "3.056768E9", "high": "18.59", "pe_ttm": "23.0638", "market_status": "\u4f11\u5e02", "max_order_quantity": "0", "due_time": "0.0", "min_order_quantity": "0", "volumeAverage": "10269486", "bond_type": "", "symbol": "SH603198", "instOwn": "0.0", "rest_day": "", "beta": "0.0", "variable_tick_size": "", "eps": "0.53", "float_shares": "166400000", "totalShares": "800000000", "disnext_pay_date": "", "kzz_putback_price": "0.0"}}