{"list":[{"bonusimpdate":"20170818","bonusyear":"2016","cur":"人民币","bonusskratio":null,"tranaddskraio":null,"recorddate":"20170823","exrightdate":"20170824","cdividend":4.4,"fdividendbh":0.0,"tranaddsklistdate":null,"bonussklistdate":null,"tranaddskaccday":null,"bonusskaccday":null,"symbol":null,"secode":"2010000010","divitype":"A","taxfdividendbh":0.0,"taxcdividend":4.4,"divibegdate":"20170824","summarize":"10派4.4"},{"bonusimpdate":"20160812","bonusyear":"2015","cur":"人民币","bonusskratio":null,"tranaddskraio":null,"recorddate":"20160817","exrightdate":"20160818","cdividend":4.3,"fdividendbh":0.0,"tranaddsklistdate":null,"bonussklistdate":null,"tranaddskaccday":null,"bonusskaccday":null,"symbol":null,"secode":"2010000010","divitype":"A","taxfdividendbh":0.0,"taxcdividend":4.3,"divibegdate":"20160818","summarize":"10派4.3"},{"bonusimpdate":"20150814","bonusyear":"2014","cur":"人民币","bonusskratio":null,"tranaddskraio":null,"recorddate":"20150819","exrightdate":"20150820","cdividend":3.5,"fdividendbh":0.0,"tranaddsklistdate":null,"bonussklistdate":null,"tranaddskaccday":null,"bonusskaccday":null,"symbol":null,"secode":"2010000010","divitype":"A","taxfdividendbh":0.0,"taxcdividend":3.325,"divibegdate":"20150820","summarize":"10派3.5"},{"bonusimpdate":"20140811","bonusyear":"2013","cur":"人民币","bonusskratio":null,"tranaddskraio":null,"recorddate":"20140814","exrightdate":"20140815","cdividend":3.0,"fdividendbh":0.0,"tranaddsklistdate":null,"bonussklistdate":null,"tranaddskaccday":null,"bonusskaccday":null,"symbol":null,"secode":"2010000010","divitype":"A","taxfdividendbh":0.0,"taxcdividend":2.85,"divibegdate":"20140815","summarize":"10派3"},{"bonusimpdate":"20130812","bonusyear":"2012","cur":"人民币","bonusskratio":null,"tranaddskraio":null,"recorddate":"20130815","exrightdate":"20130816","cdividend":3.7,"fdividendbh":0.0,"tranaddsklistdate":null,"bonussklistdate":null,"tranaddskaccday":null,"bonusskaccday":null,"symbol":null,"secode":"2010000010","divitype":"A","taxfdividendbh":0.0,"taxcdividend":3.515,"divibegdate":"20130822","summarize":"10派3.7"},{"bonusimpdate":"20120807","bonusyear":"2011","cur":"人民币","bonusskratio":null,"tranaddskraio":null,"recorddate":"20120810","exrightdate":"20120813","cdividend":6.0,"fdividendbh":0.0,"tranaddsklistdate":null,"bonussklistdate":null,"tranaddskaccday":null,"bonusskaccday":null,"symbol":null,"secode":"2010000010","divitype":"A","taxfdividendbh":0.0,"taxcdividend":5.4,"divibegdate":"20120817","summarize":"10派6"},{"bonusimpdate":"20110808","bonusyear":"2010","cur":"人民币","bonusskratio":null,"tranaddskraio":null,"recorddate":"20110811","exrightdate":"20110812","cdividend":1.0,"fdividendbh":0.0,"tranaddsklistdate":null,"bonussklistdate":null,"tranaddskaccday":null,"bonusskaccday":null,"symbol":null,"secode":"2010000010","divitype":"A","taxfdividendbh":0.0,"taxcdividend":0.9,"divibegdate":"20110818","summarize":"10派1"},{"bonusimpdate":"20100729","bonusyear":"2009","cur":"人民币","bonusskratio":null,"tranaddskraio":null,"recorddate":"20100803","exrightdate":"20100804","cdividend":0.5,"fdividendbh":0.0,"tranaddsklistdate":null,"bonussklistdate":null,"tranaddskaccday":null,"bonusskaccday":null,"symbol":null,"secode":"2010000010","divitype":"A","taxfdividendbh":0.0,"taxcdividend":0.45,"divibegdate":"20100810","summarize":"10派0.5"},{"bonusimpdate":"20090730","bonusyear":"2008","cur":"人民币","bonusskratio":null,"tranaddskraio":null,"recorddate":"20090804","exrightdate":"20090805","cdividend":0.5,"fdividendbh":0.0,"tranaddsklistdate":null,"bonussklistdate":null,"tranaddskaccday":null,"bonusskaccday":null,"symbol":null,"secode":"2010000010","divitype":"A","taxfdividendbh":0.0,"taxcdividend":0.45,"divibegdate":"20090811","summarize":"10派0.5"},{"bonusimpdate":"20080724","bonusyear":"2007","cur":"人民币","bonusskratio":null,"tranaddskraio":null,"recorddate":"20080729","exrightdate":"20080730","cdividend":1.0,"fdividendbh":0.0,"tranaddsklistdate":null,"bonussklistdate":null,"tranaddskaccday":null,"bonusskaccday":null,"symbol":null,"secode":"2010000010","divitype":"A","taxfdividendbh":0.0,"taxcdividend":0.9,"divibegdate":"20080805","summarize":"10派1"},{"bonusimpdate":"20070816","bonusyear":"2006","cur":"人民币","bonusskratio":null,"tranaddskraio":null,"recorddate":"20070821","exrightdate":"20070822","cdividend":1.5,"fdividendbh":0.0,"tranaddsklistdate":null,"bonussklistdate":null,"tranaddskaccday":null,"bonusskaccday":null,"symbol":null,"secode":"2010000010","divitype":"A","taxfdividendbh":0.0,"taxcdividend":1.35,"divibegdate":"20070828","summarize":"10派1.5"},{"bonusimpdate":"20061201","bonusyear":"2006","cur":"人民币","bonusskratio":null,"tranaddskraio":null,"recorddate":"20061206","exrightdate":"20061207","cdividend":1.0,"fdividendbh":0.0,"tranaddsklistdate":null,"bonussklistdate":null,"tranaddskaccday":null,"bonusskaccday":null,"symbol":null,"secode":"2010000010","divitype":"A","taxfdividendbh":0.0,"taxcdividend":0.9,"divibegdate":"20061213","summarize":"10派1"},{"bonusimpdate":"20060815","bonusyear":"2005","cur":"人民币","bonusskratio":null,"tranaddskraio":null,"recorddate":"20060818","exrightdate":"20060821","cdividend":1.5,"fdividendbh":0.0,"tranaddsklistdate":null,"bonussklistdate":null,"tranaddskaccday":null,"bonusskaccday":null,"symbol":null,"secode":"2010000010","divitype":"A","taxfdividendbh":0.0,"taxcdividend":1.35,"divibegdate":"20060825","summarize":"10派1.5"},{"bonusimpdate":"20050517","bonusyear":"2004","cur":"人民币","bonusskratio":null,"tranaddskraio":null,"recorddate":"20050520","exrightdate":"20050523","cdividend":1.0,"fdividendbh":0.0,"tranaddsklistdate":null,"bonussklistdate":null,"tranaddskaccday":null,"bonusskaccday":null,"symbol":null,"secode":"2010000010","divitype":"A","taxfdividendbh":0.0,"taxcdividend":0.8,"divibegdate":"20050527","summarize":"10派1"},{"bonusimpdate":"20040716","bonusyear":"2003","cur":"人民币","bonusskratio":null,"tranaddskraio":null,"recorddate":"20040721","exrightdate":"20040722","cdividend":0.96,"fdividendbh":0.0,"tranaddsklistdate":null,"bonussklistdate":null,"tranaddskaccday":null,"bonusskaccday":null,"symbol":null,"secode":"2010000010","divitype":"A","taxfdividendbh":0.0,"taxcdividend":0.77,"divibegdate":"20040728","summarize":"10派0.96"},{"bonusimpdate":"20031222","bonusyear":"2003","cur":"人民币","bonusskratio":3.0,"tranaddskraio":null,"recorddate":"20031225","exrightdate":"20031226","cdividend":null,"fdividendbh":0.0,"tranaddsklistdate":null,"bonussklistdate":"20031229","tranaddskaccday":null,"bonusskaccday":"20031226","symbol":null,"secode":"2010000010","divitype":"B","taxfdividendbh":0.0,"taxcdividend":null,"divibegdate":null,"summarize":"10送3"},{"bonusimpdate":"20030805","bonusyear":"2002","cur":"人民币","bonusskratio":null,"tranaddskraio":null,"recorddate":"20030808","exrightdate":"20030811","cdividend":1.99,"fdividendbh":0.0,"tranaddsklistdate":null,"bonussklistdate":null,"tranaddskaccday":null,"bonusskaccday":null,"symbol":null,"secode":"2010000010","divitype":"A","taxfdividendbh":0.0,"taxcdividend":1.59,"divibegdate":"20030814","summarize":"10派1.99"},{"bonusimpdate":"20020724","bonusyear":"2001","cur":"人民币","bonusskratio":null,"tranaddskraio":null,"recorddate":"20020725","exrightdate":"20020726","cdividend":1.5,"fdividendbh":0.0,"tranaddsklistdate":null,"bonussklistdate":null,"tranaddskaccday":null,"bonusskaccday":null,"symbol":null,"secode":"2010000010","divitype":"A","taxfdividendbh":0.0,"taxcdividend":1.2,"divibegdate":"20020801","summarize":"10派1.5"},{"bonusimpdate":"20010623","bonusyear":"2000","cur":"人民币","bonusskratio":null,"tranaddskraio":null,"recorddate":"20010628","exrightdate":"20010629","cdividend":2.93,"fdividendbh":0.0,"tranaddsklistdate":null,"bonussklistdate":null,"tranaddskaccday":null,"bonusskaccday":null,"symbol":null,"secode":"2010000010","divitype":"A","taxfdividendbh":0.0,"taxcdividend":2.39,"divibegdate":"20010706","summarize":"10派2.93"},{"bonusimpdate":"19981128","bonusyear":"1998","cur":"人民币","bonusskratio":null,"tranaddskraio":5.0,"recorddate":"19981202","exrightdate":"19981203","cdividend":null,"fdividendbh":0.0,"tranaddsklistdate":"19981203","bonussklistdate":null,"tranaddskaccday":"19981203","bonusskaccday":null,"symbol":null,"secode":"2010000010","divitype":"C","taxfdividendbh":0.0,"taxcdividend":null,"divibegdate":null,"summarize":"10转5"}]}