{"SH600009":{"symbol":"SH600009","exchange":"SH","code":"600009","name":"上海机场","current":"49.99","percentage":"-0.3","change":"-0.15","open":"49.85","high":"50.3","low":"49.6","close":"49.99","last_close":"50.14","high52week":"51.98","low52week":"27.65","volume":"3152665.0","lot_volume":"31526.65","volumeAverage":"12275574","marketCapital":"9.632865281552E10","eps":"1.4","pe_ttm":"26.152","pe_lyr":"26.152","beta":"0.0","totalShares":"1926958448","time":"Tue Mar 20 14:59:55 +0800 2018","afterHours":"0.0","afterHoursPct":"0.0","afterHoursChg":"0.0","afterHoursTime":"Wed Oct 19 21:59:01 -0400 2011","updateAt":"1513771200315","dividend":"0.44","yield":"0.88","turnover_rate":"0.29%","instOwn":"0.0","rise_stop":"55.15","fall_stop":"45.13","currency_unit":"CNY","amount":"1.5775008E8","net_assets":"12.528","hasexist":"","has_warrant":"0","type":"11","flag":"1","rest_day":"","amplitude":"1.40%","market_status":"已收盘","lot_size":"100","min_order_quantity":"0","max_order_quantity":"0","tick_size":"0.01","variable_tick_size":"","kzz_stock_symbol":"","kzz_stock_name":"","kzz_stock_current":"0.0","kzz_convert_price":"0.0","kzz_covert_value":"0.0","kzz_cpr":"0.0","kzz_putback_price":"0.0","kzz_convert_time":"","kzz_redempt_price":"0.0","kzz_straight_price":"0.0","kzz_stock_percent":"","pb":"3.99","benefit_before_tax":"0.0","benefit_after_tax":"0.0","convert_bond_ratio":"","totalissuescale":"","outstandingamt":"","maturitydate":"","remain_year":"","convertrate":"0.0","interestrtmemo":"","release_date":"","circulation":"0.0","par_value":"0.0","due_time":"0.0","value_date":"","due_date":"","publisher":"","redeem_type":"T","issue_type":"1","bond_type":"","warrant":"","sale_rrg":"","rate":"","after_hour_vol":"0","float_shares":"1093476396","float_market_capital":"5.466288503604E10","disnext_pay_date":"","convert_rate":"0.0","volume_ratio":"0.84","percent5m":"-0.02","pankou_ratio":"-29.66%","psr":"12.4609"}}