{"list":[{"compcode":"80284578","publishdate":"20171027","begindate":"20170101","enddate":"20170930","reporttype":"100111","adjustdate":"20171027","accstacode":"2","accstaname":"新会计准则","laborgetcash":1.8533492404E8,"deponetr":null,"bankloannetincr":null,"fininstnetr":null,"inspremcash":null,"insnetc":null,"savinetr":null,"disptradnetincr":null,"charintecash":null,"fdsborrnetr":null,"repnetincr":null,"taxrefd":null,"receotherbizcash":1.152453405E7,"bizinflitse":null,"bizinflform":null,"bizcashinfl":1.9685945809E8,"labopayc":1.2027967379E8,"loansnetr":null,"tradepaymnetr":null,"paycompgold":null,"payintecash":null,"paydivicash":null,"payworkcash":2.004132023E7,"paytax":1.912247122E7,"payacticash":2.291746319E7,"bizoutfitse":null,"bizoutfform":null,"bizcashoutf":1.8236092843E8,"biznetitse":null,"biznetform":null,"mananetr":1.449852966E7,"withinvgetcash":null,"inveretugetcash":2611535.43,"fixedassetnetc":null,"subsnetc":null,"receinvcash":2.75E8,"reducashpled":null,"invinflitse":null,"invinffrom":null,"invcashinfl":2.7761153543E8,"acquassetcash":2.934908379E7,"invpayc":null,"loannetr":null,"subspaynetcash":null,"payinvecash":3.7416875342E8,"incrcashpled":null,"invoutfitse":null,"invoutfform":null,"invcashoutf":4.0351783721E8,"netinvitse":null,"netinvform":null,"invnetcashflow":-1.2590630178E8,"invrececash":null,"subsrececash":null,"recefromloan":null,"issbdrececash":null,"recefincash":null,"fininflitse":null,"fininflform":null,"fincashinfl":0.0,"debtpaycash":null,"diviprofpaycash":1.5E7,"subspaydivid":null,"finrelacash":null,"finoutfitse":null,"finoutfform":null,"fincashoutf":1.5E7,"finnetitse":null,"finnetform":null,"finnetcflow":-1.5E7,"chgexchgchgs":-2993698.27,"netcashitse":null,"netcashform":null,"cashnetr":-1.2940147039E8,"inicashbala":3.7489925486E8,"cashfinalitse":null,"cashfinalform":null,"finalcashbala":2.4549778447E8,"netprofit":null,"minysharrigh":null,"unreinveloss":null,"asseimpa":null,"assedepr":null,"realestadep":null,"intaasseamor":null,"longdefeexpenamor":null,"prepexpedecr":null,"accrexpeincr":null,"dispfixedassetloss":null,"fixedassescraloss":null,"valuechgloss":null,"defeincoincr":null,"estidebts":null,"finexpe":null,"inveloss":null,"defetaxassetdecr":null,"defetaxliabincr":null,"inveredu":null,"receredu":null,"payaincr":null,"unseparachg":null,"unfiparachg":null,"other":null,"biznetscheitse":null,"biznetscheform":null,"biznetcflow":null,"debtintocapi":null,"expiconvbd":null,"finfixedasset":null,"cashfinalbala":2.4549778447E8,"cashopenbala":3.7489925486E8,"equfinalbala":null,"equopenbala":null,"netcashscheitse":null,"netcashscheform":null,"cashneti":-1.2940147039E8},{"compcode":"80284578","publishdate":"20170823","begindate":"20170101","enddate":"20170630","reporttype":"100111","adjustdate":"20170823","accstacode":"2","accstaname":"新会计准则","laborgetcash":1.1475427535E8,"deponetr":null,"bankloannetincr":null,"fininstnetr":null,"inspremcash":null,"insnetc":null,"savinetr":null,"disptradnetincr":null,"charintecash":null,"fdsborrnetr":null,"repnetincr":null,"taxrefd":null,"receotherbizcash":4878133.82,"bizinflitse":null,"bizinflform":null,"bizcashinfl":1.1963240917E8,"labopayc":7.799811016E7,"loansnetr":null,"tradepaymnetr":null,"paycompgold":null,"payintecash":null,"paydivicash":null,"payworkcash":1.385708064E7,"paytax":1.296794489E7,"payacticash":1.269128114E7,"bizoutfitse":null,"bizoutfform":null,"bizcashoutf":1.1751441683E8,"biznetitse":null,"biznetform":null,"mananetr":2117992.34,"withinvgetcash":null,"inveretugetcash":1287328.78,"fixedassetnetc":null,"subsnetc":null,"receinvcash":1.95E8,"reducashpled":null,"invinflitse":null,"invinffrom":null,"invcashinfl":1.9628732878E8,"acquassetcash":2.679898065E7,"invpayc":null,"loannetr":null,"subspaynetcash":null,"payinvecash":2.85E8,"incrcashpled":null,"invoutfitse":null,"invoutfform":null,"invcashoutf":3.1179898065E8,"netinvitse":null,"netinvform":null,"invnetcashflow":-1.1551165187E8,"invrececash":null,"subsrececash":null,"recefromloan":null,"issbdrececash":null,"recefincash":null,"fininflitse":null,"fininflform":null,"fincashinfl":0.0,"debtpaycash":null,"diviprofpaycash":1.5E7,"subspaydivid":null,"finrelacash":null,"finoutfitse":null,"finoutfform":null,"fincashoutf":1.5E7,"finnetitse":null,"finnetform":null,"finnetcflow":-1.5E7,"chgexchgchgs":-1792486.18,"netcashitse":null,"netcashform":null,"cashnetr":-1.3018614571E8,"inicashbala":3.7489925486E8,"cashfinalitse":null,"cashfinalform":null,"finalcashbala":2.4471310915E8,"netprofit":1.699458948E7,"minysharrigh":null,"unreinveloss":null,"asseimpa":140187.72,"assedepr":3483185.37,"realestadep":null,"intaasseamor":545012.56,"longdefeexpenamor":null,"prepexpedecr":null,"accrexpeincr":null,"dispfixedassetloss":null,"fixedassescraloss":null,"valuechgloss":null,"defeincoincr":null,"estidebts":null,"finexpe":-88887.03,"inveloss":-1256072.64,"defetaxassetdecr":-122062.85,"defetaxliabincr":null,"inveredu":3455820.4,"receredu":487665.74,"payaincr":-2.152144641E7,"unseparachg":null,"unfiparachg":null,"other":null,"biznetscheitse":null,"biznetscheform":null,"biznetcflow":2117992.34,"debtintocapi":null,"expiconvbd":null,"finfixedasset":null,"cashfinalbala":2.4471310915E8,"cashopenbala":3.7489925486E8,"equfinalbala":null,"equopenbala":null,"netcashscheitse":null,"netcashscheform":null,"cashneti":-1.3018614571E8},{"compcode":"80284578","publishdate":"20170428","begindate":"20170101","enddate":"20170331","reporttype":"100111","adjustdate":"20170428","accstacode":"2","accstaname":"新会计准则","laborgetcash":4.514881552E7,"deponetr":null,"bankloannetincr":null,"fininstnetr":null,"inspremcash":null,"insnetc":null,"savinetr":null,"disptradnetincr":null,"charintecash":null,"fdsborrnetr":null,"repnetincr":null,"taxrefd":null,"receotherbizcash":4770687.32,"bizinflitse":null,"bizinflform":null,"bizcashinfl":4.991950284E7,"labopayc":4.111464248E7,"loansnetr":null,"tradepaymnetr":null,"paycompgold":null,"payintecash":null,"paydivicash":null,"payworkcash":7709228.57,"paytax":6730919.15,"payacticash":7579535.55,"bizoutfitse":null,"bizoutfform":null,"bizcashoutf":6.313432575E7,"biznetitse":null,"biznetform":null,"mananetr":-1.321482291E7,"withinvgetcash":null,"inveretugetcash":552191.79,"fixedassetnetc":null,"subsnetc":null,"receinvcash":1.15E8,"reducashpled":null,"invinflitse":null,"invinffrom":null,"invcashinfl":1.1555219179E8,"acquassetcash":204844.61,"invpayc":null,"loannetr":null,"subspaynetcash":null,"payinvecash":2.0E8,"incrcashpled":null,"invoutfitse":null,"invoutfform":null,"invcashoutf":2.0020484461E8,"netinvitse":null,"netinvform":null,"invnetcashflow":-8.465265282E7,"invrececash":null,"subsrececash":null,"recefromloan":null,"issbdrececash":null,"recefincash":null,"fininflitse":null,"fininflform":null,"fincashinfl":0.0,"debtpaycash":null,"diviprofpaycash":null,"subspaydivid":null,"finrelacash":null,"finoutfitse":null,"finoutfform":null,"fincashoutf":0.0,"finnetitse":null,"finnetform":null,"finnetcflow":0.0,"chgexchgchgs":-487853.59,"netcashitse":null,"netcashform":null,"cashnetr":-9.835532932E7,"inicashbala":3.7489925486E8,"cashfinalitse":null,"cashfinalform":null,"finalcashbala":2.7654392554E8,"netprofit":null,"minysharrigh":null,"unreinveloss":null,"asseimpa":null,"assedepr":null,"realestadep":null,"intaasseamor":null,"longdefeexpenamor":null,"prepexpedecr":null,"accrexpeincr":null,"dispfixedassetloss":null,"fixedassescraloss":null,"valuechgloss":null,"defeincoincr":null,"estidebts":null,"finexpe":null,"inveloss":null,"defetaxassetdecr":null,"defetaxliabincr":null,"inveredu":null,"receredu":null,"payaincr":null,"unseparachg":null,"unfiparachg":null,"other":null,"biznetscheitse":null,"biznetscheform":null,"biznetcflow":null,"debtintocapi":null,"expiconvbd":null,"finfixedasset":null,"cashfinalbala":2.7654392554E8,"cashopenbala":3.7489925486E8,"equfinalbala":null,"equopenbala":null,"netcashscheitse":null,"netcashscheform":null,"cashneti":-9.835532932E7},{"compcode":"80284578","publishdate":"20170417","begindate":"20160101","enddate":"20161231","reporttype":"100111","adjustdate":"20170417","accstacode":"2","accstaname":"新会计准则","laborgetcash":3.1417237479E8,"deponetr":null,"bankloannetincr":null,"fininstnetr":null,"inspremcash":null,"insnetc":null,"savinetr":null,"disptradnetincr":null,"charintecash":null,"fdsborrnetr":null,"repnetincr":null,"taxrefd":null,"receotherbizcash":7527985.39,"bizinflitse":null,"bizinflform":null,"bizcashinfl":3.2170036018E8,"labopayc":1.9298502639E8,"loansnetr":null,"tradepaymnetr":null,"paycompgold":null,"payintecash":null,"paydivicash":null,"payworkcash":2.388057722E7,"paytax":2.753033745E7,"payacticash":2.026293396E7,"bizoutfitse":null,"bizoutfform":null,"bizcashoutf":2.6465887502E8,"biznetitse":null,"biznetform":null,"mananetr":5.704148516E7,"withinvgetcash":null,"inveretugetcash":1145945.2,"fixedassetnetc":12276.0,"subsnetc":null,"receinvcash":null,"reducashpled":null,"invinflitse":null,"invinffrom":null,"invcashinfl":1158221.2,"acquassetcash":1.884557982E7,"invpayc":null,"loannetr":null,"subspaynetcash":null,"payinvecash":3.0E7,"incrcashpled":null,"invoutfitse":null,"invoutfform":null,"invcashoutf":4.884557982E7,"netinvitse":null,"netinvform":null,"invnetcashflow":-4.768735862E7,"invrececash":null,"subsrececash":null,"recefromloan":null,"issbdrececash":null,"recefincash":null,"fininflitse":null,"fininflform":null,"fincashinfl":0.0,"debtpaycash":null,"diviprofpaycash":1.8E7,"subspaydivid":null,"finrelacash":null,"finoutfitse":null,"finoutfform":null,"fincashoutf":1.8E7,"finnetitse":null,"finnetform":null,"finnetcflow":-1.8E7,"chgexchgchgs":3781001.6,"netcashitse":null,"netcashform":null,"cashnetr":-4864871.86,"inicashbala":3.7976412672E8,"cashfinalitse":null,"cashfinalform":null,"finalcashbala":3.7489925486E8,"netprofit":4.079569654E7,"minysharrigh":null,"unreinveloss":null,"asseimpa":-61505.39,"assedepr":6964071.64,"realestadep":null,"intaasseamor":1043680.04,"longdefeexpenamor":null,"prepexpedecr":null,"accrexpeincr":null,"dispfixedassetloss":-6730.73,"fixedassescraloss":null,"valuechgloss":null,"defeincoincr":null,"estidebts":null,"finexpe":-13264.04,"inveloss":-1157534.25,"defetaxassetdecr":-1555795.83,"defetaxliabincr":null,"inveredu":4010795.29,"receredu":-9124021.27,"payaincr":1.614609316E7,"unseparachg":null,"unfiparachg":null,"other":null,"biznetscheitse":null,"biznetscheform":null,"biznetcflow":5.704148516E7,"debtintocapi":null,"expiconvbd":null,"finfixedasset":null,"cashfinalbala":3.7489925486E8,"cashopenbala":3.7976412672E8,"equfinalbala":null,"equopenbala":null,"netcashscheitse":null,"netcashscheform":null,"cashneti":-4864871.86},{"compcode":"80284578","publishdate":"20161027","begindate":"20160101","enddate":"20160930","reporttype":"100111","adjustdate":"20161027","accstacode":"2","accstaname":"新会计准则","laborgetcash":2.130633834E8,"deponetr":null,"bankloannetincr":null,"fininstnetr":null,"inspremcash":null,"insnetc":null,"savinetr":null,"disptradnetincr":null,"charintecash":null,"fdsborrnetr":null,"repnetincr":null,"taxrefd":6495.09,"receotherbizcash":5177680.18,"bizinflitse":null,"bizinflform":null,"bizcashinfl":2.1824755867E8,"labopayc":1.4637874442E8,"loansnetr":null,"tradepaymnetr":null,"paycompgold":null,"payintecash":null,"paydivicash":null,"payworkcash":1.563626658E7,"paytax":2.217691868E7,"payacticash":1.782973816E7,"bizoutfitse":null,"bizoutfform":null,"bizcashoutf":2.0202166784E8,"biznetitse":null,"biznetform":null,"mananetr":1.622589083E7,"withinvgetcash":null,"inveretugetcash":929041.1,"fixedassetnetc":12276.0,"subsnetc":null,"receinvcash":2.6E8,"reducashpled":null,"invinflitse":null,"invinffrom":null,"invcashinfl":2.609413171E8,"acquassetcash":1.81036878E7,"invpayc":null,"loannetr":null,"subspaynetcash":null,"payinvecash":2.6E8,"incrcashpled":null,"invoutfitse":null,"invoutfform":null,"invcashoutf":2.781036878E8,"netinvitse":null,"netinvform":null,"invnetcashflow":-1.71623707E7,"invrececash":null,"subsrececash":null,"recefromloan":null,"issbdrececash":null,"recefincash":null,"fininflitse":null,"fininflform":null,"fincashinfl":0.0,"debtpaycash":null,"diviprofpaycash":1.8E7,"subspaydivid":null,"finrelacash":109.2,"finoutfitse":null,"finoutfform":null,"fincashoutf":1.80001092E7,"finnetitse":null,"finnetform":null,"finnetcflow":-1.80001092E7,"chgexchgchgs":1380465.19,"netcashitse":null,"netcashform":null,"cashnetr":-1.755612388E7,"inicashbala":3.7976412672E8,"cashfinalitse":null,"cashfinalform":null,"finalcashbala":3.6220800284E8,"netprofit":null,"minysharrigh":null,"unreinveloss":null,"asseimpa":null,"assedepr":null,"realestadep":null,"intaasseamor":null,"longdefeexpenamor":null,"prepexpedecr":null,"accrexpeincr":null,"dispfixedassetloss":null,"fixedassescraloss":null,"valuechgloss":null,"defeincoincr":null,"estidebts":null,"finexpe":null,"inveloss":null,"defetaxassetdecr":null,"defetaxliabincr":null,"inveredu":null,"receredu":null,"payaincr":null,"unseparachg":null,"unfiparachg":null,"other":null,"biznetscheitse":null,"biznetscheform":null,"biznetcflow":null,"debtintocapi":null,"expiconvbd":null,"finfixedasset":null,"cashfinalbala":3.6220800284E8,"cashopenbala":3.7976412672E8,"equfinalbala":null,"equopenbala":null,"netcashscheitse":null,"netcashscheform":null,"cashneti":-1.755612388E7},{"compcode":"80284578","publishdate":"20160823","begindate":"20160101","enddate":"20160630","reporttype":"100111","adjustdate":"20160823","accstacode":"2","accstaname":"新会计准则","laborgetcash":1.4311980951E8,"deponetr":null,"bankloannetincr":null,"fininstnetr":null,"inspremcash":null,"insnetc":null,"savinetr":null,"disptradnetincr":null,"charintecash":null,"fdsborrnetr":null,"repnetincr":null,"taxrefd":6495.09,"receotherbizcash":2183751.55,"bizinflitse":null,"bizinflform":null,"bizcashinfl":1.4531005615E8,"labopayc":1.1232078407E8,"loansnetr":null,"tradepaymnetr":null,"paycompgold":null,"payintecash":null,"paydivicash":null,"payworkcash":1.303303127E7,"paytax":1.646953058E7,"payacticash":9792789.91,"bizoutfitse":null,"bizoutfform":null,"bizcashoutf":1.5161613583E8,"biznetitse":null,"biznetform":null,"mananetr":-6306079.68,"withinvgetcash":null,"inveretugetcash":667972.61,"fixedassetnetc":12276.0,"subsnetc":null,"receinvcash":1.6E8,"reducashpled":null,"invinflitse":null,"invinffrom":null,"invcashinfl":1.6068024861E8,"acquassetcash":7296621.08,"invpayc":null,"loannetr":null,"subspaynetcash":null,"payinvecash":1.4E8,"incrcashpled":null,"invoutfitse":null,"invoutfform":null,"invcashoutf":1.4729662108E8,"netinvitse":null,"netinvform":null,"invnetcashflow":1.338362753E7,"invrececash":null,"subsrececash":null,"recefromloan":null,"issbdrececash":null,"recefincash":null,"fininflitse":null,"fininflform":null,"fincashinfl":0.0,"debtpaycash":null,"diviprofpaycash":1.8E7,"subspaydivid":null,"finrelacash":null,"finoutfitse":null,"finoutfform":null,"fincashoutf":1.8E7,"finnetitse":null,"finnetform":null,"finnetcflow":-1.8E7,"chgexchgchgs":958597.01,"netcashitse":null,"netcashform":null,"cashnetr":-9963855.14,"inicashbala":3.7976412672E8,"cashfinalitse":null,"cashfinalform":null,"finalcashbala":3.6980027158E8,"netprofit":1.916610038E7,"minysharrigh":null,"unreinveloss":null,"asseimpa":167241.56,"assedepr":3327127.37,"realestadep":null,"intaasseamor":517534.95,"longdefeexpenamor":null,"prepexpedecr":null,"accrexpeincr":null,"dispfixedassetloss":null,"fixedassescraloss":null,"valuechgloss":null,"defeincoincr":null,"estidebts":null,"finexpe":-44885.72,"inveloss":null,"defetaxassetdecr":-545293.34,"defetaxliabincr":null,"inveredu":-6959068.02,"receredu":-1.301793764E7,"payaincr":-8916899.22,"unseparachg":null,"unfiparachg":null,"other":null,"biznetscheitse":null,"biznetscheform":null,"biznetcflow":-6306079.68,"debtintocapi":null,"expiconvbd":null,"finfixedasset":null,"cashfinalbala":3.6980027158E8,"cashopenbala":3.7976412672E8,"equfinalbala":null,"equopenbala":null,"netcashscheitse":null,"netcashscheform":null,"cashneti":-9963855.14},{"compcode":"80284578","publishdate":"20160420","begindate":"20160101","enddate":"20160331","reporttype":"100111","adjustdate":"20160420","accstacode":"2","accstaname":"新会计准则","laborgetcash":5.746001786E7,"deponetr":null,"bankloannetincr":null,"fininstnetr":null,"inspremcash":null,"insnetc":null,"savinetr":null,"disptradnetincr":null,"charintecash":null,"fdsborrnetr":null,"repnetincr":null,"taxrefd":6495.09,"receotherbizcash":1285939.43,"bizinflitse":null,"bizinflform":null,"bizcashinfl":5.875245238E7,"labopayc":5.764824674E7,"loansnetr":null,"tradepaymnetr":null,"paycompgold":null,"payintecash":null,"paydivicash":null,"payworkcash":5207753.48,"paytax":5662071.8,"payacticash":5843029.65,"bizoutfitse":null,"bizoutfform":null,"bizcashoutf":7.436110167E7,"biznetitse":null,"biznetform":null,"mananetr":-1.560864929E7,"withinvgetcash":0.0,"inveretugetcash":242136.99,"fixedassetnetc":12276.0,"subsnetc":0.0,"receinvcash":5.0E7,"reducashpled":null,"invinflitse":null,"invinffrom":null,"invcashinfl":5.025441299E7,"acquassetcash":7733844.36,"invpayc":0.0,"loannetr":null,"subspaynetcash":0.0,"payinvecash":5.0E7,"incrcashpled":null,"invoutfitse":null,"invoutfform":null,"invcashoutf":5.773384436E7,"netinvitse":null,"netinvform":null,"invnetcashflow":-7479431.37,"invrececash":0.0,"subsrececash":null,"recefromloan":0.0,"issbdrececash":0.0,"recefincash":0.0,"fininflitse":null,"fininflform":null,"fincashinfl":0.0,"debtpaycash":0.0,"diviprofpaycash":0.0,"subspaydivid":null,"finrelacash":0.0,"finoutfitse":null,"finoutfform":null,"fincashoutf":0.0,"finnetitse":null,"finnetform":null,"finnetcflow":0.0,"chgexchgchgs":-600889.22,"netcashitse":null,"netcashform":null,"cashnetr":-2.368896988E7,"inicashbala":3.7976412672E8,"cashfinalitse":null,"cashfinalform":null,"finalcashbala":3.5607515684E8,"netprofit":null,"minysharrigh":null,"unreinveloss":null,"asseimpa":null,"assedepr":null,"realestadep":null,"intaasseamor":null,"longdefeexpenamor":null,"prepexpedecr":null,"accrexpeincr":null,"dispfixedassetloss":null,"fixedassescraloss":null,"valuechgloss":null,"defeincoincr":null,"estidebts":null,"finexpe":null,"inveloss":null,"defetaxassetdecr":null,"defetaxliabincr":null,"inveredu":null,"receredu":null,"payaincr":null,"unseparachg":null,"unfiparachg":null,"other":null,"biznetscheitse":null,"biznetscheform":null,"biznetcflow":null,"debtintocapi":null,"expiconvbd":null,"finfixedasset":null,"cashfinalbala":3.5607515684E8,"cashopenbala":3.7976412672E8,"equfinalbala":null,"equopenbala":null,"netcashscheitse":null,"netcashscheform":null,"cashneti":-2.368896988E7},{"compcode":"80284578","publishdate":"20160419","begindate":"20150101","enddate":"20151231","reporttype":"100111","adjustdate":"20160419","accstacode":"2","accstaname":"新会计准则","laborgetcash":3.1626869295E8,"deponetr":null,"bankloannetincr":null,"fininstnetr":null,"inspremcash":null,"insnetc":null,"savinetr":null,"disptradnetincr":null,"charintecash":null,"fdsborrnetr":null,"repnetincr":null,"taxrefd":1050000.0,"receotherbizcash":6472376.36,"bizinflitse":null,"bizinflform":null,"bizcashinfl":3.2379106931E8,"labopayc":2.0522896751E8,"loansnetr":null,"tradepaymnetr":null,"paycompgold":null,"payintecash":null,"paydivicash":null,"payworkcash":2.155404261E7,"paytax":3.282010034E7,"payacticash":1.829820566E7,"bizoutfitse":null,"bizoutfform":null,"bizcashoutf":2.7790131612E8,"biznetitse":null,"biznetform":null,"mananetr":4.588975319E7,"withinvgetcash":null,"inveretugetcash":null,"fixedassetnetc":null,"subsnetc":null,"receinvcash":null,"reducashpled":null,"invinflitse":null,"invinffrom":null,"invcashinfl":0.0,"acquassetcash":2.729127957E7,"invpayc":null,"loannetr":null,"subspaynetcash":null,"payinvecash":5.0E7,"incrcashpled":null,"invoutfitse":null,"invoutfform":null,"invcashoutf":7.729127957E7,"netinvitse":null,"netinvform":null,"invnetcashflow":-7.729127957E7,"invrececash":2.8E8,"subsrececash":null,"recefromloan":null,"issbdrececash":null,"recefincash":null,"fininflitse":null,"fininflform":null,"fincashinfl":2.8E8,"debtpaycash":null,"diviprofpaycash":null,"subspaydivid":null,"finrelacash":9001164.0,"finoutfitse":null,"finoutfform":null,"fincashoutf":9001164.0,"finnetitse":null,"finnetform":null,"finnetcflow":2.70998836E8,"chgexchgchgs":987833.13,"netcashitse":null,"netcashform":null,"cashnetr":2.4058514275E8,"inicashbala":1.3917898397E8,"cashfinalitse":null,"cashfinalform":null,"finalcashbala":3.7976412672E8,"netprofit":5.316354567E7,"minysharrigh":null,"unreinveloss":null,"asseimpa":56689.61,"assedepr":7116784.3,"realestadep":null,"intaasseamor":1018256.52,"longdefeexpenamor":null,"prepexpedecr":null,"accrexpeincr":null,"dispfixedassetloss":null,"fixedassescraloss":805.0,"valuechgloss":null,"defeincoincr":null,"estidebts":null,"finexpe":-163744.87,"inveloss":null,"defetaxassetdecr":-848221.74,"defetaxliabincr":null,"inveredu":-1.245703796E7,"receredu":-6294566.65,"payaincr":4297243.31,"unseparachg":null,"unfiparachg":null,"other":null,"biznetscheitse":null,"biznetscheform":null,"biznetcflow":4.588975319E7,"debtintocapi":null,"expiconvbd":null,"finfixedasset":null,"cashfinalbala":3.7976412672E8,"cashopenbala":1.3917898397E8,"equfinalbala":null,"equopenbala":null,"netcashscheitse":null,"netcashscheform":null,"cashneti":2.4058514275E8},{"compcode":"80284578","publishdate":"20151123","begindate":"20150101","enddate":"20150930","reporttype":"100111","adjustdate":"20151123","accstacode":"2","accstaname":"新会计准则","laborgetcash":2.216494706E8,"deponetr":null,"bankloannetincr":null,"fininstnetr":null,"inspremcash":null,"insnetc":null,"savinetr":null,"disptradnetincr":null,"charintecash":null,"fdsborrnetr":null,"repnetincr":null,"taxrefd":null,"receotherbizcash":3863486.64,"bizinflitse":null,"bizinflform":null,"bizcashinfl":2.2551295724E8,"labopayc":1.4919527214E8,"loansnetr":null,"tradepaymnetr":null,"paycompgold":null,"payintecash":null,"paydivicash":null,"payworkcash":1.632837302E7,"paytax":2.344921266E7,"payacticash":1.329670408E7,"bizoutfitse":null,"bizoutfform":null,"bizcashoutf":2.022695619E8,"biznetitse":null,"biznetform":null,"mananetr":2.324339534E7,"withinvgetcash":null,"inveretugetcash":null,"fixedassetnetc":null,"subsnetc":null,"receinvcash":null,"reducashpled":null,"invinflitse":null,"invinffrom":null,"invcashinfl":0.0,"acquassetcash":2.606301245E7,"invpayc":null,"loannetr":null,"subspaynetcash":null,"payinvecash":null,"incrcashpled":null,"invoutfitse":null,"invoutfform":null,"invcashoutf":2.606301245E7,"netinvitse":null,"netinvform":null,"invnetcashflow":-2.606301245E7,"invrececash":null,"subsrececash":null,"recefromloan":null,"issbdrececash":null,"recefincash":null,"fininflitse":null,"fininflform":null,"fincashinfl":0.0,"debtpaycash":null,"diviprofpaycash":null,"subspaydivid":null,"finrelacash":null,"finoutfitse":null,"finoutfform":null,"fincashoutf":0.0,"finnetitse":null,"finnetform":null,"finnetcflow":0.0,"chgexchgchgs":616714.71,"netcashitse":null,"netcashform":null,"cashnetr":-2202902.4,"inicashbala":1.3917898397E8,"cashfinalitse":null,"cashfinalform":null,"finalcashbala":1.3697608157E8,"netprofit":3.713495552E7,"minysharrigh":null,"unreinveloss":null,"asseimpa":122596.25,"assedepr":5369997.2,"realestadep":null,"intaasseamor":760615.47,"longdefeexpenamor":null,"prepexpedecr":null,"accrexpeincr":null,"dispfixedassetloss":null,"fixedassescraloss":null,"valuechgloss":null,"defeincoincr":null,"estidebts":null,"finexpe":-117000.97,"inveloss":null,"defetaxassetdecr":-269873.37,"defetaxliabincr":null,"inveredu":-7691354.39,"receredu":-5823239.27,"payaincr":-6243301.1,"unseparachg":null,"unfiparachg":null,"other":null,"biznetscheitse":null,"biznetscheform":null,"biznetcflow":2.324339534E7,"debtintocapi":null,"expiconvbd":null,"finfixedasset":null,"cashfinalbala":1.3697608157E8,"cashopenbala":1.3917898397E8,"equfinalbala":null,"equopenbala":null,"netcashscheitse":null,"netcashscheform":null,"cashneti":-2202902.4},{"compcode":"80284578","publishdate":"20151123","begindate":"20150101","enddate":"20150630","reporttype":"100111","adjustdate":"20151123","accstacode":"2","accstaname":"新会计准则","laborgetcash":1.4810541883E8,"deponetr":null,"bankloannetincr":null,"fininstnetr":null,"inspremcash":null,"insnetc":null,"savinetr":null,"disptradnetincr":null,"charintecash":null,"fdsborrnetr":null,"repnetincr":null,"taxrefd":null,"receotherbizcash":3129220.42,"bizinflitse":null,"bizinflform":null,"bizcashinfl":1.5123463925E8,"labopayc":9.656471653E7,"loansnetr":null,"tradepaymnetr":null,"paycompgold":null,"payintecash":null,"paydivicash":null,"payworkcash":1.113676581E7,"paytax":1.617272167E7,"payacticash":8683284.39,"bizoutfitse":null,"bizoutfform":null,"bizcashoutf":1.325574884E8,"biznetitse":null,"biznetform":null,"mananetr":1.867715085E7,"withinvgetcash":null,"inveretugetcash":null,"fixedassetnetc":null,"subsnetc":null,"receinvcash":null,"reducashpled":null,"invinflitse":null,"invinffrom":null,"invcashinfl":0.0,"acquassetcash":1.871169545E7,"invpayc":null,"loannetr":null,"subspaynetcash":null,"payinvecash":null,"incrcashpled":null,"invoutfitse":null,"invoutfform":null,"invcashoutf":1.871169545E7,"netinvitse":null,"netinvform":null,"invnetcashflow":-1.871169545E7,"invrececash":null,"subsrececash":null,"recefromloan":null,"issbdrececash":null,"recefincash":null,"fininflitse":null,"fininflform":null,"fincashinfl":0.0,"debtpaycash":null,"diviprofpaycash":null,"subspaydivid":null,"finrelacash":null,"finoutfitse":null,"finoutfform":null,"fincashoutf":0.0,"finnetitse":null,"finnetform":null,"finnetcflow":0.0,"chgexchgchgs":-92539.35,"netcashitse":null,"netcashform":null,"cashnetr":-127083.95,"inicashbala":1.3917898397E8,"cashfinalitse":null,"cashfinalform":null,"finalcashbala":1.3905190002E8,"netprofit":2.432945961E7,"minysharrigh":null,"unreinveloss":null,"asseimpa":7390.81,"assedepr":3625327.81,"realestadep":null,"intaasseamor":507076.98,"longdefeexpenamor":null,"prepexpedecr":null,"accrexpeincr":null,"dispfixedassetloss":null,"fixedassescraloss":null,"valuechgloss":null,"defeincoincr":null,"estidebts":null,"finexpe":-35189.7,"inveloss":null,"defetaxassetdecr":16457.44,"defetaxliabincr":null,"inveredu":590419.56,"receredu":-5879907.98,"payaincr":-4483883.68,"unseparachg":null,"unfiparachg":null,"other":null,"biznetscheitse":null,"biznetscheform":null,"biznetcflow":1.867715085E7,"debtintocapi":null,"expiconvbd":null,"finfixedasset":null,"cashfinalbala":1.3905190002E8,"cashopenbala":1.3917898397E8,"equfinalbala":null,"equopenbala":null,"netcashscheitse":null,"netcashscheform":null,"cashneti":-127083.95},{"compcode":"80284578","publishdate":"20150625","begindate":"20150101","enddate":"20150331","reporttype":"100111","adjustdate":"20150625","accstacode":"2","accstaname":"新会计准则","laborgetcash":6.082433369E7,"deponetr":null,"bankloannetincr":null,"fininstnetr":null,"inspremcash":null,"insnetc":null,"savinetr":null,"disptradnetincr":null,"charintecash":null,"fdsborrnetr":null,"repnetincr":null,"taxrefd":null,"receotherbizcash":1977466.95,"bizinflitse":null,"bizinflform":null,"bizcashinfl":6.280180064E7,"labopayc":3.823793048E7,"loansnetr":null,"tradepaymnetr":null,"paycompgold":null,"payintecash":null,"paydivicash":null,"payworkcash":6383231.99,"paytax":8145363.24,"payacticash":3881796.41,"bizoutfitse":null,"bizoutfform":null,"bizcashoutf":5.664832212E7,"biznetitse":null,"biznetform":null,"mananetr":6153478.52,"withinvgetcash":null,"inveretugetcash":null,"fixedassetnetc":null,"subsnetc":null,"receinvcash":null,"reducashpled":null,"invinflitse":null,"invinffrom":null,"invcashinfl":0.0,"acquassetcash":7291678.49,"invpayc":null,"loannetr":null,"subspaynetcash":null,"payinvecash":null,"incrcashpled":null,"invoutfitse":null,"invoutfform":null,"invcashoutf":7291678.49,"netinvitse":null,"netinvform":null,"invnetcashflow":-7291678.49,"invrececash":null,"subsrececash":null,"recefromloan":null,"issbdrececash":null,"recefincash":null,"fininflitse":null,"fininflform":null,"fincashinfl":0.0,"debtpaycash":null,"diviprofpaycash":null,"subspaydivid":null,"finrelacash":null,"finoutfitse":null,"finoutfform":null,"fincashoutf":0.0,"finnetitse":null,"finnetform":null,"finnetcflow":0.0,"chgexchgchgs":49344.51,"netcashitse":null,"netcashform":null,"cashnetr":-1088855.46,"inicashbala":1.3917898397E8,"cashfinalitse":null,"cashfinalform":null,"finalcashbala":1.3809012851E8,"netprofit":1.110817681E7,"minysharrigh":null,"unreinveloss":null,"asseimpa":142457.12,"assedepr":1844613.87,"realestadep":null,"intaasseamor":253538.49,"longdefeexpenamor":null,"prepexpedecr":null,"accrexpeincr":null,"dispfixedassetloss":null,"fixedassescraloss":null,"valuechgloss":null,"defeincoincr":null,"estidebts":null,"finexpe":19959.49,"inveloss":null,"defetaxassetdecr":167826.07,"defetaxliabincr":null,"inveredu":3633170.67,"receredu":-2885887.47,"payaincr":-8130376.53,"unseparachg":null,"unfiparachg":null,"other":null,"biznetscheitse":null,"biznetscheform":null,"biznetcflow":6153478.52,"debtintocapi":null,"expiconvbd":null,"finfixedasset":null,"cashfinalbala":1.3809012851E8,"cashopenbala":1.3917898397E8,"equfinalbala":null,"equopenbala":null,"netcashscheitse":null,"netcashscheform":null,"cashneti":-1088855.46},{"compcode":"80284578","publishdate":"20150625","begindate":"20140101","enddate":"20141231","reporttype":"100111","adjustdate":"20150625","accstacode":"2","accstaname":"新会计准则","laborgetcash":3.156050708E8,"deponetr":null,"bankloannetincr":null,"fininstnetr":null,"inspremcash":null,"insnetc":null,"savinetr":null,"disptradnetincr":null,"charintecash":null,"fdsborrnetr":null,"repnetincr":null,"taxrefd":null,"receotherbizcash":8287451.88,"bizinflitse":null,"bizinflform":null,"bizcashinfl":3.2389252268E8,"labopayc":1.8408885529E8,"loansnetr":null,"tradepaymnetr":null,"paycompgold":null,"payintecash":null,"paydivicash":null,"payworkcash":1.779841121E7,"paytax":3.221065465E7,"payacticash":1.588734756E7,"bizoutfitse":null,"bizoutfform":null,"bizcashoutf":2.4998526871E8,"biznetitse":null,"biznetform":null,"mananetr":7.390725397E7,"withinvgetcash":null,"inveretugetcash":null,"fixedassetnetc":4500.0,"subsnetc":null,"receinvcash":null,"reducashpled":null,"invinflitse":null,"invinffrom":null,"invcashinfl":4500.0,"acquassetcash":3.384065539E7,"invpayc":null,"loannetr":null,"subspaynetcash":null,"payinvecash":null,"incrcashpled":null,"invoutfitse":null,"invoutfform":null,"invcashoutf":3.384065539E7,"netinvitse":null,"netinvform":null,"invnetcashflow":-3.383615539E7,"invrececash":null,"subsrececash":null,"recefromloan":null,"issbdrececash":null,"recefincash":null,"fininflitse":null,"fininflform":null,"fincashinfl":0.0,"debtpaycash":1.0E7,"diviprofpaycash":396672.18,"subspaydivid":null,"finrelacash":null,"finoutfitse":null,"finoutfform":null,"fincashoutf":1.039667218E7,"finnetitse":null,"finnetform":null,"finnetcflow":-1.039667218E7,"chgexchgchgs":-152155.51,"netcashitse":null,"netcashform":null,"cashnetr":2.952227089E7,"inicashbala":1.0965671308E8,"cashfinalitse":null,"cashfinalform":null,"finalcashbala":1.3917898397E8,"netprofit":5.656888686E7,"minysharrigh":null,"unreinveloss":null,"asseimpa":-1055.34,"assedepr":7615053.27,"realestadep":null,"intaasseamor":1026027.2,"longdefeexpenamor":null,"prepexpedecr":null,"accrexpeincr":null,"dispfixedassetloss":6344.43,"fixedassescraloss":null,"valuechgloss":null,"defeincoincr":null,"estidebts":null,"finexpe":381922.5,"inveloss":null,"defetaxassetdecr":-114798.24,"defetaxliabincr":null,"inveredu":5700309.49,"receredu":-2.253421709E7,"payaincr":2.525878089E7,"unseparachg":null,"unfiparachg":null,"other":null,"biznetscheitse":null,"biznetscheform":null,"biznetcflow":7.390725397E7,"debtintocapi":null,"expiconvbd":null,"finfixedasset":null,"cashfinalbala":1.3917898397E8,"cashopenbala":1.0965671308E8,"equfinalbala":null,"equopenbala":null,"netcashscheitse":null,"netcashscheform":null,"cashneti":2.952227089E7},{"compcode":"80284578","publishdate":"20151123","begindate":"20140101","enddate":"20140930","reporttype":"100111","adjustdate":"20151123","accstacode":"2","accstaname":"新会计准则","laborgetcash":2.2081590285E8,"deponetr":null,"bankloannetincr":null,"fininstnetr":null,"inspremcash":null,"insnetc":null,"savinetr":null,"disptradnetincr":null,"charintecash":null,"fdsborrnetr":null,"repnetincr":null,"taxrefd":null,"receotherbizcash":6444305.29,"bizinflitse":null,"bizinflform":null,"bizcashinfl":2.2726020814E8,"labopayc":1.3522294326E8,"loansnetr":null,"tradepaymnetr":null,"paycompgold":null,"payintecash":null,"paydivicash":null,"payworkcash":1.351668274E7,"paytax":2.21706475E7,"payacticash":1.226761406E7,"bizoutfitse":null,"bizoutfform":null,"bizcashoutf":1.8317788756E8,"biznetitse":null,"biznetform":null,"mananetr":4.408232058E7,"withinvgetcash":null,"inveretugetcash":null,"fixedassetnetc":4500.0,"subsnetc":null,"receinvcash":null,"reducashpled":null,"invinflitse":null,"invinffrom":null,"invcashinfl":4500.0,"acquassetcash":2.340558445E7,"invpayc":null,"loannetr":null,"subspaynetcash":null,"payinvecash":null,"incrcashpled":null,"invoutfitse":null,"invoutfform":null,"invcashoutf":2.340558445E7,"netinvitse":null,"netinvform":null,"invnetcashflow":-2.340108445E7,"invrececash":null,"subsrececash":null,"recefromloan":null,"issbdrececash":null,"recefincash":null,"fininflitse":null,"fininflform":null,"fincashinfl":0.0,"debtpaycash":1.0E7,"diviprofpaycash":396672.18,"subspaydivid":null,"finrelacash":null,"finoutfitse":null,"finoutfform":null,"fincashoutf":1.039667218E7,"finnetitse":null,"finnetform":null,"finnetcflow":-1.039667218E7,"chgexchgchgs":-89040.42,"netcashitse":null,"netcashform":null,"cashnetr":1.019552353E7,"inicashbala":1.0965671308E8,"cashfinalitse":null,"cashfinalform":null,"finalcashbala":1.1985223661E8,"netprofit":4.097975979E7,"minysharrigh":null,"unreinveloss":null,"asseimpa":78617.57,"assedepr":5749331.66,"realestadep":null,"intaasseamor":770245.91,"longdefeexpenamor":null,"prepexpedecr":null,"accrexpeincr":null,"dispfixedassetloss":6344.43,"fixedassescraloss":null,"valuechgloss":null,"defeincoincr":null,"estidebts":null,"finexpe":375987.15,"inveloss":null,"defetaxassetdecr":306619.9,"defetaxliabincr":null,"inveredu":-6629222.01,"receredu":-1.221854166E7,"payaincr":1.466317784E7,"unseparachg":null,"unfiparachg":null,"other":null,"biznetscheitse":null,"biznetscheform":null,"biznetcflow":4.408232058E7,"debtintocapi":null,"expiconvbd":null,"finfixedasset":null,"cashfinalbala":1.1985223661E8,"cashopenbala":1.0965671308E8,"equfinalbala":null,"equopenbala":null,"netcashscheitse":null,"netcashscheform":null,"cashneti":1.019552353E7},{"compcode":"80284578","publishdate":"20150625","begindate":"20130101","enddate":"20131231","reporttype":"100111","adjustdate":"20150625","accstacode":"2","accstaname":"新会计准则","laborgetcash":3.0440002442E8,"deponetr":null,"bankloannetincr":null,"fininstnetr":null,"inspremcash":null,"insnetc":null,"savinetr":null,"disptradnetincr":null,"charintecash":null,"fdsborrnetr":null,"repnetincr":null,"taxrefd":null,"receotherbizcash":4430732.85,"bizinflitse":null,"bizinflform":null,"bizcashinfl":3.0883075727E8,"labopayc":2.0097524138E8,"loansnetr":null,"tradepaymnetr":null,"paycompgold":null,"payintecash":null,"paydivicash":null,"payworkcash":1.74086836E7,"paytax":2.960917076E7,"payacticash":1.177102704E7,"bizoutfitse":null,"bizoutfform":null,"bizcashoutf":2.5976412278E8,"biznetitse":null,"biznetform":null,"mananetr":4.906663449E7,"withinvgetcash":null,"inveretugetcash":null,"fixedassetnetc":1000.0,"subsnetc":null,"receinvcash":null,"reducashpled":null,"invinflitse":null,"invinffrom":null,"invcashinfl":1000.0,"acquassetcash":8455674.52,"invpayc":null,"loannetr":null,"subspaynetcash":null,"payinvecash":null,"incrcashpled":null,"invoutfitse":null,"invoutfform":null,"invcashoutf":8455674.52,"netinvitse":null,"netinvform":null,"invnetcashflow":-8454674.52,"invrececash":null,"subsrececash":null,"recefromloan":2.0E7,"issbdrececash":null,"recefincash":null,"fininflitse":null,"fininflform":null,"fincashinfl":2.0E7,"debtpaycash":3.4E7,"diviprofpaycash":855555.55,"subspaydivid":null,"finrelacash":null,"finoutfitse":null,"finoutfform":null,"fincashoutf":3.485555555E7,"finnetitse":null,"finnetform":null,"finnetcflow":-1.485555555E7,"chgexchgchgs":-107166.03,"netcashitse":null,"netcashform":null,"cashnetr":2.564923839E7,"inicashbala":8.400747469E7,"cashfinalitse":null,"cashfinalform":null,"finalcashbala":1.0965671308E8,"netprofit":5.269187011E7,"minysharrigh":null,"unreinveloss":null,"asseimpa":229909.25,"assedepr":7750734.94,"realestadep":null,"intaasseamor":1025693.14,"longdefeexpenamor":null,"prepexpedecr":null,"accrexpeincr":null,"dispfixedassetloss":7902.95,"fixedassescraloss":null,"valuechgloss":null,"defeincoincr":null,"estidebts":null,"finexpe":909141.86,"inveloss":null,"defetaxassetdecr":-493399.92,"defetaxliabincr":null,"inveredu":-6024209.63,"receredu":-7066223.03,"payaincr":35214.82,"unseparachg":null,"unfiparachg":null,"other":null,"biznetscheitse":null,"biznetscheform":null,"biznetcflow":4.906663449E7,"debtintocapi":null,"expiconvbd":null,"finfixedasset":null,"cashfinalbala":1.0965671308E8,"cashopenbala":8.400747469E7,"equfinalbala":null,"equopenbala":null,"netcashscheitse":null,"netcashscheform":null,"cashneti":2.564923839E7},{"compcode":"80284578","publishdate":"20150625","begindate":"20120101","enddate":"20121231","reporttype":"100111","adjustdate":"20150625","accstacode":"2","accstaname":"新会计准则","laborgetcash":3.4506933041E8,"deponetr":null,"bankloannetincr":null,"fininstnetr":null,"inspremcash":null,"insnetc":null,"savinetr":null,"disptradnetincr":null,"charintecash":null,"fdsborrnetr":null,"repnetincr":null,"taxrefd":null,"receotherbizcash":8939844.96,"bizinflitse":null,"bizinflform":null,"bizcashinfl":3.5400917537E8,"labopayc":2.0585080543E8,"loansnetr":null,"tradepaymnetr":null,"paycompgold":null,"payintecash":null,"paydivicash":null,"payworkcash":1.621106369E7,"paytax":4.007348418E7,"payacticash":1.666214311E7,"bizoutfitse":null,"bizoutfform":null,"bizcashoutf":2.7879749641E8,"biznetitse":null,"biznetform":null,"mananetr":7.521167896E7,"withinvgetcash":null,"inveretugetcash":null,"fixedassetnetc":null,"subsnetc":null,"receinvcash":null,"reducashpled":null,"invinflitse":null,"invinffrom":null,"invcashinfl":0.0,"acquassetcash":3.669941509E7,"invpayc":500000.0,"loannetr":null,"subspaynetcash":null,"payinvecash":null,"incrcashpled":null,"invoutfitse":null,"invoutfform":null,"invcashoutf":3.719941509E7,"netinvitse":null,"netinvform":null,"invnetcashflow":-3.719941509E7,"invrececash":null,"subsrececash":null,"recefromloan":3.8E7,"issbdrececash":null,"recefincash":1166793.11,"fininflitse":null,"fininflform":null,"fincashinfl":3.916679311E7,"debtpaycash":4.3E7,"diviprofpaycash":1660548.35,"subspaydivid":null,"finrelacash":4468481.66,"finoutfitse":null,"finoutfform":null,"fincashoutf":4.912903001E7,"finnetitse":null,"finnetform":null,"finnetcflow":-9962236.9,"chgexchgchgs":39094.92,"netcashitse":null,"netcashform":null,"cashnetr":2.808912189E7,"inicashbala":5.59183528E7,"cashfinalitse":null,"cashfinalform":null,"finalcashbala":8.400747469E7,"netprofit":6.289122826E7,"minysharrigh":null,"unreinveloss":null,"asseimpa":-272548.09,"assedepr":7135917.67,"realestadep":null,"intaasseamor":980249.88,"longdefeexpenamor":null,"prepexpedecr":null,"accrexpeincr":null,"dispfixedassetloss":null,"fixedassescraloss":null,"valuechgloss":null,"defeincoincr":null,"estidebts":null,"finexpe":1664137.4,"inveloss":null,"defetaxassetdecr":-637585.31,"defetaxliabincr":null,"inveredu":6617999.29,"receredu":-1.037256053E7,"payaincr":7204840.39,"unseparachg":null,"unfiparachg":null,"other":null,"biznetscheitse":null,"biznetscheform":null,"biznetcflow":7.521167896E7,"debtintocapi":null,"expiconvbd":null,"finfixedasset":null,"cashfinalbala":8.400747469E7,"cashopenbala":5.59183528E7,"equfinalbala":null,"equopenbala":null,"netcashscheitse":null,"netcashscheform":null,"cashneti":2.808912189E7},{"compcode":"80284578","publishdate":"20140425","begindate":"20110101","enddate":"20111231","reporttype":"100111","adjustdate":"20140425","accstacode":"2","accstaname":"新会计准则","laborgetcash":3.0768233852E8,"deponetr":null,"bankloannetincr":null,"fininstnetr":null,"inspremcash":null,"insnetc":null,"savinetr":null,"disptradnetincr":null,"charintecash":null,"fdsborrnetr":null,"repnetincr":null,"taxrefd":null,"receotherbizcash":1808825.63,"bizinflitse":null,"bizinflform":null,"bizcashinfl":3.0949116415E8,"labopayc":2.0769987123E8,"loansnetr":null,"tradepaymnetr":null,"paycompgold":null,"payintecash":null,"paydivicash":null,"payworkcash":1.546619528E7,"paytax":2.626424435E7,"payacticash":2.099036001E7,"bizoutfitse":null,"bizoutfform":null,"bizcashoutf":2.7042067087E8,"biznetitse":null,"biznetform":null,"mananetr":3.907049328E7,"withinvgetcash":null,"inveretugetcash":null,"fixedassetnetc":2000.0,"subsnetc":null,"receinvcash":null,"reducashpled":null,"invinflitse":null,"invinffrom":null,"invcashinfl":2000.0,"acquassetcash":3.130461922E7,"invpayc":1.0E7,"loannetr":null,"subspaynetcash":2462100.0,"payinvecash":null,"incrcashpled":null,"invoutfitse":null,"invoutfform":null,"invcashoutf":4.376671922E7,"netinvitse":null,"netinvform":null,"invnetcashflow":-4.376471922E7,"invrececash":4.507446E7,"subsrececash":null,"recefromloan":2.9E7,"issbdrececash":null,"recefincash":2.650807392E7,"fininflitse":null,"fininflform":null,"fincashinfl":1.0058253392E8,"debtpaycash":null,"diviprofpaycash":1095923.8,"subspaydivid":null,"finrelacash":6.231162127E7,"finoutfitse":null,"finoutfform":null,"fincashoutf":6.340754507E7,"finnetitse":null,"finnetform":null,"finnetcflow":3.717498885E7,"chgexchgchgs":-249310.21,"netcashitse":null,"netcashform":null,"cashnetr":3.22314527E7,"inicashbala":2.36869001E7,"cashfinalitse":null,"cashfinalform":null,"finalcashbala":5.59183528E7,"netprofit":null,"minysharrigh":null,"unreinveloss":null,"asseimpa":null,"assedepr":null,"realestadep":null,"intaasseamor":null,"longdefeexpenamor":null,"prepexpedecr":null,"accrexpeincr":null,"dispfixedassetloss":null,"fixedassescraloss":null,"valuechgloss":null,"defeincoincr":null,"estidebts":null,"finexpe":null,"inveloss":null,"defetaxassetdecr":null,"defetaxliabincr":null,"inveredu":null,"receredu":null,"payaincr":null,"unseparachg":null,"unfiparachg":null,"other":null,"biznetscheitse":null,"biznetscheform":null,"biznetcflow":null,"debtintocapi":null,"expiconvbd":null,"finfixedasset":null,"cashfinalbala":5.59183528E7,"cashopenbala":2.36869001E7,"equfinalbala":null,"equopenbala":null,"netcashscheitse":null,"netcashscheform":null,"cashneti":3.22314527E7}],"comptype":4,"name":"安记食品"}