{"list":[{"compcode":"80284578","publishdate":"20171027","begindate":"20170101","enddate":"20170930","reporttype":"100111","adjustdate":"20171027","accstacode":"2","accstaname":"新会计准则","biztotinco":1.8200932272E8,"bizinco":1.8200932272E8,"inteinco":null,"earnprem":null,"pouninco":null,"realsale":null,"otherbizinco":null,"biztotincoitse":null,"biztotincoform":null,"biztotcost":1.5363123709E8,"bizcost":1.1861566927E8,"inteexpe":null,"pounexpe":null,"realsalecost":null,"deveexpe":null,"surrgold":null,"compnetexpe":null,"contress":null,"polidiviexpe":null,"reinexpe":null,"otherbizcost":null,"biztax":2621519.56,"salesexpe":1.878775987E7,"manaexpe":1.688767893E7,"finexpe":-3559227.75,"asseimpaloss":277837.21,"biztotcostitse":null,"biztotcostform":null,"valuechgloss":null,"inveinco":2580279.29,"assoinveprof":null,"exchggain":null,"futuloss":null,"custinco":null,"subsidyincome":null,"otherbizprof":null,"bizprofitse":null,"operprofform":null,"perprofit":3.095836492E7,"nonoreve":555975.0,"nonoexpe":134598.23,"noncassetsdisl":null,"proftotitse":null,"proftotform":null,"totprofit":3.137974169E7,"incotaxexpe":5082154.62,"unreinveloss":null,"netpro1itse":null,"netpro1form":null,"netprofit":2.629758707E7,"parenetp":2.629758707E7,"mergeformnetprof":null,"minysharrigh":null,"netpro2itse":null,"netpro2form":null,"basiceps":0.22,"dilutedeps":0.22,"othercompinco":-2983897.12,"parecompinco":-2983897.12,"minysharinco":null,"compincoamt":2.331368995E7,"parecompincoamt":2.331368995E7,"minysharincoamt":null,"earlyundiprof":null,"undisprofredu":null,"otherinto":null,"otherdistprof":null,"legalsurp":null,"welfare":null,"capitalreserve":null,"staffaward":null,"reservefund":null,"developfund":null,"profreturninvest":null,"supplycurcap":null,"avaidistshareprof":null,"preferredskdiv":null,"freesurplu":null,"dealwithdivi":null,"capitalizeddivi":null,"undisprofit":null,"selldepartgain":null,"natudisasterloss":null,"accpolicychg":null,"accestimatechg":null,"debtrestruloss":null,"othersupply":null},{"compcode":"80284578","publishdate":"20170823","begindate":"20170101","enddate":"20170630","reporttype":"100111","adjustdate":"20170823","accstacode":"2","accstaname":"新会计准则","biztotinco":1.1426459819E8,"bizinco":1.1426459819E8,"inteinco":null,"earnprem":null,"pouninco":null,"realsale":null,"otherbizinco":null,"biztotincoitse":null,"biztotincoform":null,"biztotcost":9.550646612E7,"bizcost":7.472434415E7,"inteexpe":null,"pounexpe":null,"realsalecost":null,"deveexpe":null,"surrgold":null,"compnetexpe":null,"contress":null,"polidiviexpe":null,"reinexpe":null,"otherbizcost":null,"biztax":1717007.23,"salesexpe":9546203.28,"manaexpe":1.148847581E7,"finexpe":-2109752.07,"asseimpaloss":140187.72,"biztotcostitse":null,"biztotcostform":null,"valuechgloss":null,"inveinco":1256072.64,"assoinveprof":null,"exchggain":null,"futuloss":null,"custinco":null,"subsidyincome":null,"otherbizprof":null,"bizprofitse":null,"operprofform":null,"perprofit":2.001420471E7,"nonoreve":555975.0,"nonoexpe":93771.65,"noncassetsdisl":null,"proftotitse":null,"proftotform":null,"totprofit":2.047640806E7,"incotaxexpe":3481818.58,"unreinveloss":null,"netpro1itse":null,"netpro1form":null,"netprofit":1.699458948E7,"parenetp":1.699458948E7,"mergeformnetprof":null,"minysharrigh":null,"netpro2itse":null,"netpro2form":null,"basiceps":0.14,"dilutedeps":0.14,"othercompinco":-1780242.73,"parecompinco":null,"minysharinco":null,"compincoamt":1.521434675E7,"parecompincoamt":1.521434675E7,"minysharincoamt":null,"earlyundiprof":null,"undisprofredu":null,"otherinto":null,"otherdistprof":null,"legalsurp":null,"welfare":null,"capitalreserve":null,"staffaward":null,"reservefund":null,"developfund":null,"profreturninvest":null,"supplycurcap":null,"avaidistshareprof":null,"preferredskdiv":null,"freesurplu":null,"dealwithdivi":null,"capitalizeddivi":null,"undisprofit":null,"selldepartgain":null,"natudisasterloss":null,"accpolicychg":null,"accestimatechg":null,"debtrestruloss":null,"othersupply":null},{"compcode":"80284578","publishdate":"20170428","begindate":"20170101","enddate":"20170331","reporttype":"100111","adjustdate":"20170428","accstacode":"2","accstaname":"新会计准则","biztotinco":5.75062766E7,"bizinco":5.75062766E7,"inteinco":null,"earnprem":null,"pouninco":null,"realsale":null,"otherbizinco":null,"biztotincoitse":null,"biztotincoform":null,"biztotcost":4.656785849E7,"bizcost":3.733258507E7,"inteexpe":null,"pounexpe":null,"realsalecost":null,"deveexpe":null,"surrgold":null,"compnetexpe":null,"contress":null,"polidiviexpe":null,"reinexpe":null,"otherbizcost":null,"biztax":788637.91,"salesexpe":3247081.89,"manaexpe":6052950.36,"finexpe":-1117858.19,"asseimpaloss":264461.45,"biztotcostitse":null,"biztotcostform":null,"valuechgloss":null,"inveinco":520935.65,"assoinveprof":null,"exchggain":null,"futuloss":null,"custinco":null,"subsidyincome":null,"otherbizprof":null,"bizprofitse":null,"operprofform":null,"perprofit":1.145935376E7,"nonoreve":550000.0,"nonoexpe":8410.93,"noncassetsdisl":null,"proftotitse":null,"proftotform":null,"totprofit":1.200094283E7,"incotaxexpe":2065589.81,"unreinveloss":null,"netpro1itse":null,"netpro1form":null,"netprofit":9935353.02,"parenetp":9935353.02,"mergeformnetprof":null,"minysharrigh":null,"netpro2itse":null,"netpro2form":null,"basiceps":0.08,"dilutedeps":0.08,"othercompinco":-453168.67,"parecompinco":-453168.67,"minysharinco":null,"compincoamt":9482184.35,"parecompincoamt":null,"minysharincoamt":null,"earlyundiprof":null,"undisprofredu":null,"otherinto":null,"otherdistprof":null,"legalsurp":null,"welfare":null,"capitalreserve":null,"staffaward":null,"reservefund":null,"developfund":null,"profreturninvest":null,"supplycurcap":null,"avaidistshareprof":null,"preferredskdiv":null,"freesurplu":null,"dealwithdivi":null,"capitalizeddivi":null,"undisprofit":null,"selldepartgain":null,"natudisasterloss":null,"accpolicychg":null,"accestimatechg":null,"debtrestruloss":null,"othersupply":null},{"compcode":"80284578","publishdate":"20170417","begindate":"20160101","enddate":"20161231","reporttype":"100111","adjustdate":"20170417","accstacode":"2","accstaname":"新会计准则","biztotinco":2.5874384281E8,"bizinco":2.5874384281E8,"inteinco":null,"earnprem":null,"pouninco":null,"realsale":null,"otherbizinco":null,"biztotincoitse":null,"biztotincoform":null,"biztotcost":2.1429579373E8,"bizcost":1.6635860279E8,"inteexpe":null,"pounexpe":null,"realsalecost":null,"deveexpe":null,"surrgold":null,"compnetexpe":null,"contress":null,"polidiviexpe":null,"reinexpe":null,"otherbizcost":null,"biztax":2587865.89,"salesexpe":2.449941166E7,"manaexpe":2.594399967E7,"finexpe":-5032580.89,"asseimpaloss":-61505.39,"biztotcostitse":null,"biztotcostform":null,"valuechgloss":null,"inveinco":1157534.25,"assoinveprof":null,"exchggain":null,"futuloss":null,"custinco":null,"subsidyincome":null,"otherbizprof":null,"bizprofitse":null,"operprofform":null,"perprofit":4.560558333E7,"nonoreve":1418562.19,"nonoexpe":94967.03,"noncassetsdisl":null,"proftotitse":null,"proftotform":null,"totprofit":4.692917849E7,"incotaxexpe":6133481.95,"unreinveloss":null,"netpro1itse":null,"netpro1form":null,"netprofit":4.079569654E7,"parenetp":4.079569654E7,"mergeformnetprof":null,"minysharrigh":null,"netpro2itse":null,"netpro2form":null,"basiceps":0.34,"dilutedeps":0.34,"othercompinco":3574332.43,"parecompinco":3574332.43,"minysharinco":null,"compincoamt":4.437002897E7,"parecompincoamt":4.437002897E7,"minysharincoamt":null,"earlyundiprof":null,"undisprofredu":null,"otherinto":null,"otherdistprof":null,"legalsurp":null,"welfare":null,"capitalreserve":null,"staffaward":null,"reservefund":null,"developfund":null,"profreturninvest":null,"supplycurcap":null,"avaidistshareprof":null,"preferredskdiv":null,"freesurplu":null,"dealwithdivi":null,"capitalizeddivi":null,"undisprofit":null,"selldepartgain":null,"natudisasterloss":null,"accpolicychg":null,"accestimatechg":null,"debtrestruloss":null,"othersupply":null},{"compcode":"80284578","publishdate":"20161027","begindate":"20160101","enddate":"20160930","reporttype":"100111","adjustdate":"20161027","accstacode":"2","accstaname":"新会计准则","biztotinco":1.8703711625E8,"bizinco":1.8703711625E8,"inteinco":null,"earnprem":null,"pouninco":null,"realsale":null,"otherbizinco":null,"biztotincoitse":null,"biztotincoform":null,"biztotcost":1.545518425E8,"bizcost":1.20449705E8,"inteexpe":null,"pounexpe":null,"realsalecost":null,"deveexpe":null,"surrgold":null,"compnetexpe":null,"contress":null,"polidiviexpe":null,"reinexpe":null,"otherbizcost":null,"biztax":1412738.81,"salesexpe":1.618702325E7,"manaexpe":1.896059289E7,"finexpe":-2519190.95,"asseimpaloss":60973.5,"biztotcostitse":null,"biztotcostform":null,"valuechgloss":null,"inveinco":929041.1,"assoinveprof":null,"exchggain":null,"futuloss":null,"custinco":null,"subsidyincome":null,"otherbizprof":null,"bizprofitse":null,"operprofform":null,"perprofit":3.341431485E7,"nonoreve":1416562.19,"nonoexpe":71612.0,"noncassetsdisl":null,"proftotitse":null,"proftotform":null,"totprofit":3.475926504E7,"incotaxexpe":5049365.88,"unreinveloss":null,"netpro1itse":null,"netpro1form":null,"netprofit":2.970989916E7,"parenetp":2.970989916E7,"mergeformnetprof":null,"minysharrigh":null,"netpro2itse":null,"netpro2form":null,"basiceps":0.25,"dilutedeps":0.25,"othercompinco":1308289.31,"parecompinco":1308289.31,"minysharinco":null,"compincoamt":3.101818847E7,"parecompincoamt":3.101818847E7,"minysharincoamt":null,"earlyundiprof":null,"undisprofredu":null,"otherinto":null,"otherdistprof":null,"legalsurp":null,"welfare":null,"capitalreserve":null,"staffaward":null,"reservefund":null,"developfund":null,"profreturninvest":null,"supplycurcap":null,"avaidistshareprof":null,"preferredskdiv":null,"freesurplu":null,"dealwithdivi":null,"capitalizeddivi":null,"undisprofit":null,"selldepartgain":null,"natudisasterloss":null,"accpolicychg":null,"accestimatechg":null,"debtrestruloss":null,"othersupply":null},{"compcode":"80284578","publishdate":"20160823","begindate":"20160101","enddate":"20160630","reporttype":"100111","adjustdate":"20160823","accstacode":"2","accstaname":"新会计准则","biztotinco":1.2780587583E8,"bizinco":1.2780587583E8,"inteinco":null,"earnprem":null,"pouninco":null,"realsale":null,"otherbizinco":null,"biztotincoitse":null,"biztotincoform":null,"biztotcost":1.0615187923E8,"bizcost":8.338851304E7,"inteexpe":null,"pounexpe":null,"realsalecost":null,"deveexpe":null,"surrgold":null,"compnetexpe":null,"contress":null,"polidiviexpe":null,"reinexpe":null,"otherbizcost":null,"biztax":1005881.42,"salesexpe":1.016191851E7,"manaexpe":1.306033464E7,"finexpe":-1632009.94,"asseimpaloss":167241.56,"biztotcostitse":null,"biztotcostform":null,"valuechgloss":null,"inveinco":667972.61,"assoinveprof":null,"exchggain":null,"futuloss":null,"custinco":null,"subsidyincome":null,"otherbizprof":null,"bizprofitse":null,"operprofform":null,"perprofit":2.232196921E7,"nonoreve":209976.73,"nonoexpe":1420.0,"noncassetsdisl":null,"proftotitse":null,"proftotform":null,"totprofit":2.253052594E7,"incotaxexpe":3364425.56,"unreinveloss":null,"netpro1itse":null,"netpro1form":null,"netprofit":1.916610038E7,"parenetp":1.916610038E7,"mergeformnetprof":null,"minysharrigh":null,"netpro2itse":null,"netpro2form":null,"basiceps":0.16,"dilutedeps":0.16,"othercompinco":881464.28,"parecompinco":null,"minysharinco":null,"compincoamt":2.004756466E7,"parecompincoamt":2.004756466E7,"minysharincoamt":null,"earlyundiprof":null,"undisprofredu":null,"otherinto":null,"otherdistprof":null,"legalsurp":null,"welfare":null,"capitalreserve":null,"staffaward":null,"reservefund":null,"developfund":null,"profreturninvest":null,"supplycurcap":null,"avaidistshareprof":null,"preferredskdiv":null,"freesurplu":null,"dealwithdivi":null,"capitalizeddivi":null,"undisprofit":null,"selldepartgain":null,"natudisasterloss":null,"accpolicychg":null,"accestimatechg":null,"debtrestruloss":null,"othersupply":null},{"compcode":"80284578","publishdate":"20160420","begindate":"20160101","enddate":"20160331","reporttype":"100111","adjustdate":"20160420","accstacode":"2","accstaname":"新会计准则","biztotinco":5.712050561E7,"bizinco":5.712050561E7,"inteinco":null,"earnprem":null,"pouninco":null,"realsale":null,"otherbizinco":null,"biztotincoitse":null,"biztotincoform":null,"biztotcost":4.693322965E7,"bizcost":3.872430465E7,"inteexpe":null,"pounexpe":null,"realsalecost":null,"deveexpe":null,"surrgold":null,"compnetexpe":null,"contress":null,"polidiviexpe":null,"reinexpe":null,"otherbizcost":null,"biztax":279193.97,"salesexpe":3128314.04,"manaexpe":5563056.45,"finexpe":-936574.78,"asseimpaloss":174935.32,"biztotcostitse":null,"biztotcostform":null,"valuechgloss":0.0,"inveinco":242136.99,"assoinveprof":0.0,"exchggain":null,"futuloss":null,"custinco":null,"subsidyincome":null,"otherbizprof":null,"bizprofitse":null,"operprofform":null,"perprofit":1.042941295E7,"nonoreve":209976.73,"nonoexpe":850.0,"noncassetsdisl":null,"proftotitse":null,"proftotform":null,"totprofit":1.063853968E7,"incotaxexpe":1533760.87,"unreinveloss":null,"netpro1itse":null,"netpro1form":null,"netprofit":9104778.81,"parenetp":9104778.81,"mergeformnetprof":null,"minysharrigh":0.0,"netpro2itse":null,"netpro2form":null,"basiceps":0.08,"dilutedeps":0.08,"othercompinco":-588140.91,"parecompinco":-588140.91,"minysharinco":null,"compincoamt":8516637.9,"parecompincoamt":8516637.9,"minysharincoamt":0.0,"earlyundiprof":null,"undisprofredu":null,"otherinto":null,"otherdistprof":null,"legalsurp":null,"welfare":null,"capitalreserve":null,"staffaward":null,"reservefund":null,"developfund":null,"profreturninvest":null,"supplycurcap":null,"avaidistshareprof":null,"preferredskdiv":null,"freesurplu":null,"dealwithdivi":null,"capitalizeddivi":null,"undisprofit":null,"selldepartgain":null,"natudisasterloss":null,"accpolicychg":null,"accestimatechg":null,"debtrestruloss":null,"othersupply":null},{"compcode":"80284578","publishdate":"20160419","begindate":"20150101","enddate":"20151231","reporttype":"100111","adjustdate":"20160419","accstacode":"2","accstaname":"新会计准则","biztotinco":2.6613610911E8,"bizinco":2.6613610911E8,"inteinco":null,"earnprem":null,"pouninco":null,"realsale":null,"otherbizinco":null,"biztotincoitse":null,"biztotincoform":null,"biztotcost":2.0708547944E8,"bizcost":1.6246678452E8,"inteexpe":null,"pounexpe":null,"realsalecost":null,"deveexpe":null,"surrgold":null,"compnetexpe":null,"contress":null,"polidiviexpe":null,"reinexpe":null,"otherbizcost":null,"biztax":2332980.38,"salesexpe":1.905895553E7,"manaexpe":2.643986355E7,"finexpe":-3269794.15,"asseimpaloss":56689.61,"biztotcostitse":null,"biztotcostform":null,"valuechgloss":null,"inveinco":null,"assoinveprof":null,"exchggain":null,"futuloss":null,"custinco":null,"subsidyincome":null,"otherbizprof":null,"bizprofitse":null,"operprofform":null,"perprofit":5.905062967E7,"nonoreve":3675000.0,"nonoexpe":844490.46,"noncassetsdisl":805.0,"proftotitse":null,"proftotform":null,"totprofit":6.188113921E7,"incotaxexpe":8717593.54,"unreinveloss":null,"netpro1itse":null,"netpro1form":null,"netprofit":5.316354567E7,"parenetp":5.316354567E7,"mergeformnetprof":null,"minysharrigh":null,"netpro2itse":null,"netpro2form":null,"basiceps":0.59,"dilutedeps":0.59,"othercompinco":827298.71,"parecompinco":827298.71,"minysharinco":null,"compincoamt":5.399084438E7,"parecompincoamt":5.399084438E7,"minysharincoamt":null,"earlyundiprof":null,"undisprofredu":null,"otherinto":null,"otherdistprof":null,"legalsurp":null,"welfare":null,"capitalreserve":null,"staffaward":null,"reservefund":null,"developfund":null,"profreturninvest":null,"supplycurcap":null,"avaidistshareprof":null,"preferredskdiv":null,"freesurplu":null,"dealwithdivi":null,"capitalizeddivi":null,"undisprofit":null,"selldepartgain":null,"natudisasterloss":null,"accpolicychg":null,"accestimatechg":null,"debtrestruloss":null,"othersupply":null},{"compcode":"80284578","publishdate":"20151123","begindate":"20150101","enddate":"20150930","reporttype":"100111","adjustdate":"20151123","accstacode":"2","accstaname":"新会计准则","biztotinco":1.9097873621E8,"bizinco":1.9097873621E8,"inteinco":null,"earnprem":null,"pouninco":null,"realsale":null,"otherbizinco":null,"biztotincoitse":null,"biztotincoform":null,"biztotcost":1.4870820878E8,"bizcost":1.1972166302E8,"inteexpe":null,"pounexpe":null,"realsalecost":null,"deveexpe":null,"surrgold":null,"compnetexpe":null,"contress":null,"polidiviexpe":null,"reinexpe":null,"otherbizcost":null,"biztax":1533695.39,"salesexpe":1.294958576E7,"manaexpe":1.655265549E7,"finexpe":-2171987.13,"asseimpaloss":122596.25,"biztotcostitse":null,"biztotcostform":null,"valuechgloss":null,"inveinco":null,"assoinveprof":null,"exchggain":null,"futuloss":null,"custinco":null,"subsidyincome":null,"otherbizprof":null,"bizprofitse":null,"operprofform":null,"perprofit":4.227052743E7,"nonoreve":1375000.0,"nonoexpe":21572.41,"noncassetsdisl":null,"proftotitse":null,"proftotform":null,"totprofit":4.362395502E7,"incotaxexpe":6488999.5,"unreinveloss":null,"netpro1itse":null,"netpro1form":null,"netprofit":3.713495552E7,"parenetp":3.713495552E7,"mergeformnetprof":null,"minysharrigh":null,"netpro2itse":null,"netpro2form":null,"basiceps":0.41,"dilutedeps":0.41,"othercompinco":501641.18,"parecompinco":null,"minysharinco":null,"compincoamt":3.76365967E7,"parecompincoamt":3.76365967E7,"minysharincoamt":null,"earlyundiprof":null,"undisprofredu":null,"otherinto":null,"otherdistprof":null,"legalsurp":null,"welfare":null,"capitalreserve":null,"staffaward":null,"reservefund":null,"developfund":null,"profreturninvest":null,"supplycurcap":null,"avaidistshareprof":null,"preferredskdiv":null,"freesurplu":null,"dealwithdivi":null,"capitalizeddivi":null,"undisprofit":null,"selldepartgain":null,"natudisasterloss":null,"accpolicychg":null,"accestimatechg":null,"debtrestruloss":null,"othersupply":null},{"compcode":"80284578","publishdate":"20151123","begindate":"20150101","enddate":"20150630","reporttype":"100111","adjustdate":"20151123","accstacode":"2","accstaname":"新会计准则","biztotinco":1.2466605673E8,"bizinco":1.2466605673E8,"inteinco":null,"earnprem":null,"pouninco":null,"realsale":null,"otherbizinco":null,"biztotincoitse":null,"biztotincoform":null,"biztotcost":9.730763133E7,"bizcost":8.009737801E7,"inteexpe":null,"pounexpe":null,"realsalecost":null,"deveexpe":null,"surrgold":null,"compnetexpe":null,"contress":null,"polidiviexpe":null,"reinexpe":null,"otherbizcost":null,"biztax":1033384.75,"salesexpe":6801186.61,"manaexpe":1.095556114E7,"finexpe":-1587269.99,"asseimpaloss":7390.81,"biztotcostitse":null,"biztotcostform":null,"valuechgloss":null,"inveinco":null,"assoinveprof":null,"exchggain":null,"futuloss":null,"custinco":null,"subsidyincome":null,"otherbizprof":null,"bizprofitse":null,"operprofform":null,"perprofit":2.73584254E7,"nonoreve":1273000.0,"nonoexpe":5276.0,"noncassetsdisl":null,"proftotitse":null,"proftotform":null,"totprofit":2.86261494E7,"incotaxexpe":4296689.79,"unreinveloss":null,"netpro1itse":null,"netpro1form":null,"netprofit":2.432945961E7,"parenetp":2.432945961E7,"mergeformnetprof":null,"minysharrigh":null,"netpro2itse":null,"netpro2form":null,"basiceps":0.27,"dilutedeps":0.27,"othercompinco":-127706.95,"parecompinco":null,"minysharinco":null,"compincoamt":2.420175266E7,"parecompincoamt":2.420175266E7,"minysharincoamt":null,"earlyundiprof":null,"undisprofredu":null,"otherinto":null,"otherdistprof":null,"legalsurp":null,"welfare":null,"capitalreserve":null,"staffaward":null,"reservefund":null,"developfund":null,"profreturninvest":null,"supplycurcap":null,"avaidistshareprof":null,"preferredskdiv":null,"freesurplu":null,"dealwithdivi":null,"capitalizeddivi":null,"undisprofit":null,"selldepartgain":null,"natudisasterloss":null,"accpolicychg":null,"accestimatechg":null,"debtrestruloss":null,"othersupply":null},{"compcode":"80284578","publishdate":"20150625","begindate":"20150101","enddate":"20150331","reporttype":"100111","adjustdate":"20150625","accstacode":"2","accstaname":"新会计准则","biztotinco":5.646785686E7,"bizinco":5.646785686E7,"inteinco":null,"earnprem":null,"pouninco":null,"realsale":null,"otherbizinco":null,"biztotincoitse":null,"biztotincoform":null,"biztotcost":4.46761918E7,"bizcost":3.815448614E7,"inteexpe":null,"pounexpe":null,"realsalecost":null,"deveexpe":null,"surrgold":null,"compnetexpe":null,"contress":null,"polidiviexpe":null,"reinexpe":null,"otherbizcost":null,"biztax":482835.59,"salesexpe":1340991.61,"manaexpe":5100224.9,"finexpe":-544803.56,"asseimpaloss":142457.12,"biztotcostitse":null,"biztotcostform":null,"valuechgloss":null,"inveinco":null,"assoinveprof":null,"exchggain":null,"futuloss":null,"custinco":null,"subsidyincome":null,"otherbizprof":null,"bizprofitse":null,"operprofform":null,"perprofit":1.179166506E7,"nonoreve":1268000.0,"nonoexpe":4412.0,"noncassetsdisl":null,"proftotitse":null,"proftotform":null,"totprofit":1.305525306E7,"incotaxexpe":1947076.25,"unreinveloss":null,"netpro1itse":null,"netpro1form":null,"netprofit":1.110817681E7,"parenetp":1.110817681E7,"mergeformnetprof":null,"minysharrigh":null,"netpro2itse":null,"netpro2form":null,"basiceps":0.12,"dilutedeps":0.12,"othercompinco":32076.21,"parecompinco":32076.21,"minysharinco":null,"compincoamt":1.114025302E7,"parecompincoamt":1.114025302E7,"minysharincoamt":null,"earlyundiprof":null,"undisprofredu":null,"otherinto":null,"otherdistprof":null,"legalsurp":null,"welfare":null,"capitalreserve":null,"staffaward":null,"reservefund":null,"developfund":null,"profreturninvest":null,"supplycurcap":null,"avaidistshareprof":null,"preferredskdiv":null,"freesurplu":null,"dealwithdivi":null,"capitalizeddivi":null,"undisprofit":null,"selldepartgain":null,"natudisasterloss":null,"accpolicychg":null,"accestimatechg":null,"debtrestruloss":null,"othersupply":null},{"compcode":"80284578","publishdate":"20150625","begindate":"20140101","enddate":"20141231","reporttype":"100111","adjustdate":"20150625","accstacode":"2","accstaname":"新会计准则","biztotinco":2.7888900382E8,"bizinco":2.7888900382E8,"inteinco":null,"earnprem":null,"pouninco":null,"realsale":null,"otherbizinco":null,"biztotincoitse":null,"biztotincoform":null,"biztotcost":2.1653045625E8,"bizcost":1.7628350999E8,"inteexpe":null,"pounexpe":null,"realsalecost":null,"deveexpe":null,"surrgold":null,"compnetexpe":null,"contress":null,"polidiviexpe":null,"reinexpe":null,"otherbizcost":null,"biztax":2363721.76,"salesexpe":1.596717956E7,"manaexpe":2.376807531E7,"finexpe":-1850975.03,"asseimpaloss":-1055.34,"biztotcostitse":null,"biztotcostform":null,"valuechgloss":null,"inveinco":null,"assoinveprof":null,"exchggain":null,"futuloss":null,"custinco":null,"subsidyincome":null,"otherbizprof":null,"bizprofitse":null,"operprofform":null,"perprofit":6.235854757E7,"nonoreve":5253051.0,"nonoexpe":449141.29,"noncassetsdisl":6344.43,"proftotitse":null,"proftotform":null,"totprofit":6.716245728E7,"incotaxexpe":1.059357042E7,"unreinveloss":null,"netpro1itse":null,"netpro1form":null,"netprofit":5.656888686E7,"parenetp":5.656888686E7,"mergeformnetprof":null,"minysharrigh":null,"netpro2itse":null,"netpro2form":null,"basiceps":0.63,"dilutedeps":0.63,"othercompinco":-148127.95,"parecompinco":-148127.95,"minysharinco":null,"compincoamt":5.642075891E7,"parecompincoamt":5.642075891E7,"minysharincoamt":null,"earlyundiprof":null,"undisprofredu":null,"otherinto":null,"otherdistprof":null,"legalsurp":null,"welfare":null,"capitalreserve":null,"staffaward":null,"reservefund":null,"developfund":null,"profreturninvest":null,"supplycurcap":null,"avaidistshareprof":null,"preferredskdiv":null,"freesurplu":null,"dealwithdivi":null,"capitalizeddivi":null,"undisprofit":null,"selldepartgain":null,"natudisasterloss":null,"accpolicychg":null,"accestimatechg":null,"debtrestruloss":null,"othersupply":null},{"compcode":"80284578","publishdate":"20151123","begindate":"20140101","enddate":"20140930","reporttype":"100111","adjustdate":"20151123","accstacode":"2","accstaname":"新会计准则","biztotinco":1.9797747657E8,"bizinco":1.9797747657E8,"inteinco":null,"earnprem":null,"pouninco":null,"realsale":null,"otherbizinco":null,"biztotincoitse":null,"biztotincoform":null,"biztotcost":1.5399529327E8,"bizcost":1.2654985287E8,"inteexpe":null,"pounexpe":null,"realsalecost":null,"deveexpe":null,"surrgold":null,"compnetexpe":null,"contress":null,"polidiviexpe":null,"reinexpe":null,"otherbizcost":null,"biztax":1553615.07,"salesexpe":1.052440706E7,"manaexpe":1.642760771E7,"finexpe":-1138807.01,"asseimpaloss":78617.57,"biztotcostitse":null,"biztotcostform":null,"valuechgloss":null,"inveinco":null,"assoinveprof":null,"exchggain":null,"futuloss":null,"custinco":null,"subsidyincome":null,"otherbizprof":null,"bizprofitse":null,"operprofform":null,"perprofit":4.39821833E7,"nonoreve":4333051.0,"nonoexpe":6494.43,"noncassetsdisl":6344.43,"proftotitse":null,"proftotform":null,"totprofit":4.830873987E7,"incotaxexpe":7328980.08,"unreinveloss":null,"netpro1itse":null,"netpro1form":null,"netprofit":4.097975979E7,"parenetp":4.097975979E7,"mergeformnetprof":null,"minysharrigh":null,"netpro2itse":null,"netpro2form":null,"basiceps":0.46,"dilutedeps":0.46,"othercompinco":-111936.21,"parecompinco":null,"minysharinco":null,"compincoamt":4.086782358E7,"parecompincoamt":4.086782358E7,"minysharincoamt":null,"earlyundiprof":null,"undisprofredu":null,"otherinto":null,"otherdistprof":null,"legalsurp":null,"welfare":null,"capitalreserve":null,"staffaward":null,"reservefund":null,"developfund":null,"profreturninvest":null,"supplycurcap":null,"avaidistshareprof":null,"preferredskdiv":null,"freesurplu":null,"dealwithdivi":null,"capitalizeddivi":null,"undisprofit":null,"selldepartgain":null,"natudisasterloss":null,"accpolicychg":null,"accestimatechg":null,"debtrestruloss":null,"othersupply":null},{"compcode":"80284578","publishdate":"20150625","begindate":"20130101","enddate":"20131231","reporttype":"100111","adjustdate":"20150625","accstacode":"2","accstaname":"新会计准则","biztotinco":2.6802953797E8,"bizinco":2.6802953797E8,"inteinco":null,"earnprem":null,"pouninco":null,"realsale":null,"otherbizinco":null,"biztotincoitse":null,"biztotincoform":null,"biztotcost":2.1001573044E8,"bizcost":1.6695474089E8,"inteexpe":null,"pounexpe":null,"realsalecost":null,"deveexpe":null,"surrgold":null,"compnetexpe":null,"contress":null,"polidiviexpe":null,"reinexpe":null,"otherbizcost":null,"biztax":2097788.2,"salesexpe":1.510868437E7,"manaexpe":2.566980039E7,"finexpe":-45192.66,"asseimpaloss":229909.25,"biztotcostitse":null,"biztotcostform":null,"valuechgloss":null,"inveinco":null,"assoinveprof":null,"exchggain":null,"futuloss":null,"custinco":null,"subsidyincome":null,"otherbizprof":null,"bizprofitse":null,"operprofform":null,"perprofit":5.801380753E7,"nonoreve":3005100.0,"nonoexpe":92683.05,"noncassetsdisl":7902.95,"proftotitse":null,"proftotform":null,"totprofit":6.092622448E7,"incotaxexpe":8234354.37,"unreinveloss":null,"netpro1itse":null,"netpro1form":null,"netprofit":5.269187011E7,"parenetp":5.269187011E7,"mergeformnetprof":null,"minysharrigh":null,"netpro2itse":null,"netpro2form":null,"basiceps":0.59,"dilutedeps":0.59,"othercompinco":-62600.75,"parecompinco":-62600.75,"minysharinco":null,"compincoamt":5.262926936E7,"parecompincoamt":5.262926936E7,"minysharincoamt":null,"earlyundiprof":null,"undisprofredu":null,"otherinto":null,"otherdistprof":null,"legalsurp":null,"welfare":null,"capitalreserve":null,"staffaward":null,"reservefund":null,"developfund":null,"profreturninvest":null,"supplycurcap":null,"avaidistshareprof":null,"preferredskdiv":null,"freesurplu":null,"dealwithdivi":null,"capitalizeddivi":null,"undisprofit":null,"selldepartgain":null,"natudisasterloss":null,"accpolicychg":null,"accestimatechg":null,"debtrestruloss":null,"othersupply":null},{"compcode":"80284578","publishdate":"20150625","begindate":"20120101","enddate":"20121231","reporttype":"100111","adjustdate":"20150625","accstacode":"2","accstaname":"新会计准则","biztotinco":3.0518829444E8,"bizinco":3.0518829444E8,"inteinco":null,"earnprem":null,"pouninco":null,"realsale":null,"otherbizinco":null,"biztotincoitse":null,"biztotincoform":null,"biztotcost":2.3554760111E8,"bizcost":1.8992220459E8,"inteexpe":null,"pounexpe":null,"realsalecost":null,"deveexpe":null,"surrgold":null,"compnetexpe":null,"contress":null,"polidiviexpe":null,"reinexpe":null,"otherbizcost":null,"biztax":2511073.99,"salesexpe":1.626242533E7,"manaexpe":2.586093607E7,"finexpe":1263509.22,"asseimpaloss":-272548.09,"biztotcostitse":null,"biztotcostform":null,"valuechgloss":null,"inveinco":null,"assoinveprof":null,"exchggain":null,"futuloss":null,"custinco":null,"subsidyincome":null,"otherbizprof":null,"bizprofitse":null,"operprofform":null,"perprofit":6.964069333E7,"nonoreve":3310400.0,"nonoexpe":9456.44,"noncassetsdisl":null,"proftotitse":null,"proftotform":null,"totprofit":7.294163689E7,"incotaxexpe":1.005040863E7,"unreinveloss":null,"netpro1itse":null,"netpro1form":null,"netprofit":6.289122826E7,"parenetp":6.289122826E7,"mergeformnetprof":null,"minysharrigh":null,"netpro2itse":null,"netpro2form":null,"basiceps":0.7,"dilutedeps":0.7,"othercompinco":29472.29,"parecompinco":29472.29,"minysharinco":null,"compincoamt":6.292070055E7,"parecompincoamt":6.292070055E7,"minysharincoamt":null,"earlyundiprof":null,"undisprofredu":null,"otherinto":null,"otherdistprof":null,"legalsurp":null,"welfare":null,"capitalreserve":null,"staffaward":null,"reservefund":null,"developfund":null,"profreturninvest":null,"supplycurcap":null,"avaidistshareprof":null,"preferredskdiv":null,"freesurplu":null,"dealwithdivi":null,"capitalizeddivi":null,"undisprofit":null,"selldepartgain":null,"natudisasterloss":null,"accpolicychg":null,"accestimatechg":null,"debtrestruloss":null,"othersupply":null},{"compcode":"80284578","publishdate":"20140425","begindate":"20110101","enddate":"20111231","reporttype":"100111","adjustdate":"20140425","accstacode":"2","accstaname":"新会计准则","biztotinco":2.7065122307E8,"bizinco":2.7065122307E8,"inteinco":null,"earnprem":null,"pouninco":null,"realsale":null,"otherbizinco":null,"biztotincoitse":null,"biztotincoform":null,"biztotcost":2.0738907929E8,"bizcost":1.6972236427E8,"inteexpe":null,"pounexpe":null,"realsalecost":null,"deveexpe":null,"surrgold":null,"compnetexpe":null,"contress":null,"polidiviexpe":null,"reinexpe":null,"otherbizcost":null,"biztax":1764096.92,"salesexpe":1.75591516E7,"manaexpe":1.670327502E7,"finexpe":1419771.1,"asseimpaloss":220420.38,"biztotcostitse":null,"biztotcostform":null,"valuechgloss":null,"inveinco":null,"assoinveprof":null,"exchggain":null,"futuloss":null,"custinco":null,"subsidyincome":null,"otherbizprof":null,"bizprofitse":null,"operprofform":null,"perprofit":6.326214378E7,"nonoreve":209000.0,"nonoexpe":24331.09,"noncassetsdisl":null,"proftotitse":null,"proftotform":null,"totprofit":6.344681269E7,"incotaxexpe":7899504.47,"unreinveloss":null,"netpro1itse":null,"netpro1form":null,"netprofit":5.554730822E7,"parenetp":5.556617536E7,"mergeformnetprof":-585097.94,"minysharrigh":-18867.14,"netpro2itse":null,"netpro2form":null,"basiceps":1.14,"dilutedeps":1.14,"othercompinco":-378516.32,"parecompinco":null,"minysharinco":null,"compincoamt":5.51687919E7,"parecompincoamt":5.518765903E7,"minysharincoamt":-18867.14,"earlyundiprof":null,"undisprofredu":null,"otherinto":null,"otherdistprof":null,"legalsurp":null,"welfare":null,"capitalreserve":null,"staffaward":null,"reservefund":null,"developfund":null,"profreturninvest":null,"supplycurcap":null,"avaidistshareprof":null,"preferredskdiv":null,"freesurplu":null,"dealwithdivi":null,"capitalizeddivi":null,"undisprofit":null,"selldepartgain":null,"natudisasterloss":null,"accpolicychg":null,"accestimatechg":null,"debtrestruloss":null,"othersupply":null}],"comptype":4,"name":"安记食品"}