{"SH603696":{"symbol":"SH603696","exchange":"SH","code":"603696","name":"安记食品","current":"37.64","percentage":"0.0","change":"0.00","open":"0.0","high":"0.0","low":"0.0","close":"37.64","last_close":"37.64","high52week":"46.87","low52week":"30.62","volume":"0.0","lot_volume":"0.0","volumeAverage":"","marketCapital":"4.5168E9","eps":"0.22","pe_ttm":"120.824","pe_lyr":"110.718","beta":"0.0","totalShares":"120000000","time":"Tue Mar 20 15:14:41 +0800 2018","afterHours":"0.0","afterHoursPct":"0.0","afterHoursChg":"0.0","updateAt":"1508546583402","dividend":"0.13","yield":"0.35","turnover_rate":"","instOwn":"0.0","rise_stop":"41.4","fall_stop":"33.88","currency_unit":"CNY","amount":"0.0","net_assets":"5.8866","hasexist":"","has_warrant":"0","type":"11","flag":"2","rest_day":"","amplitude":"1.31%","market_status":"已收盘","lot_size":"100","min_order_quantity":"0","max_order_quantity":"0","tick_size":"0.01","variable_tick_size":"","kzz_stock_symbol":"","kzz_stock_name":"","kzz_stock_current":"0.0","kzz_convert_price":"0.0","kzz_covert_value":"0.0","kzz_cpr":"0.0","kzz_putback_price":"0.0","kzz_convert_time":"","kzz_redempt_price":"0.0","kzz_straight_price":"0.0","kzz_stock_percent":"","pb":"6.39","benefit_before_tax":"0.0","benefit_after_tax":"0.0","convert_bond_ratio":"","totalissuescale":"","outstandingamt":"","maturitydate":"","remain_year":"","convertrate":"0.0","interestrtmemo":"","release_date":"","circulation":"0.0","par_value":"0.0","due_time":"0.0","value_date":"","due_date":"","publisher":"","redeem_type":"F","issue_type":"","bond_type":"","warrant":"","sale_rrg":"","rate":"","after_hour_vol":"0","float_shares":"32431500","float_market_capital":"1.22072166E9","disnext_pay_date":"","convert_rate":"0.0","volume_ratio":"0.0","percent5m":"0.13","pankou_ratio":"0.0%","psr":"17.8026"}}