{"list":[{"bonusimpdate":"20170612","bonusyear":"2016","cur":"人民币","bonusskratio":null,"tranaddskraio":null,"recorddate":"20170615","exrightdate":"20170616","cdividend":1.25,"fdividendbh":0.0,"tranaddsklistdate":null,"bonussklistdate":null,"tranaddskaccday":null,"bonusskaccday":null,"symbol":null,"secode":"2010010762","divitype":"A","taxfdividendbh":0.0,"taxcdividend":1.25,"divibegdate":"20170616","summarize":"10派1.25"},{"bonusimpdate":"20160603","bonusyear":"2015","cur":"人民币","bonusskratio":null,"tranaddskraio":null,"recorddate":"20160613","exrightdate":"20160614","cdividend":1.5,"fdividendbh":0.0,"tranaddsklistdate":null,"bonussklistdate":null,"tranaddskaccday":null,"bonusskaccday":null,"symbol":null,"secode":"2010010762","divitype":"A","taxfdividendbh":0.0,"taxcdividend":1.5,"divibegdate":"20160614","summarize":"10派1.5"}]}