{"SH600519":{"symbol":"SH600519","exchange":"SH","code":"600519","name":"贵州茅台","current":"747.73","percentage":"-0.76","change":"-5.75","open":"750.0","high":"752.0","low":"740.0","close":"747.73","last_close":"753.48","high52week":"799.06","low52week":"369.87","volume":"2887720.0","lot_volume":"28877.2","volumeAverage":"2470920","marketCapital":"9.39296780994E11","eps":"15.91","pe_ttm":"38.755","pe_lyr":"56.184","beta":"0.0","totalShares":"1256197800","time":"Tue Mar 20 14:59:59 +0800 2018","afterHours":"0.0","afterHoursPct":"0.0","afterHoursChg":"0.0","afterHoursTime":"Wed Oct 19 21:59:01 -0400 2011","updateAt":"1520596801750","dividend":"6.79","yield":"0.91","turnover_rate":"0.23%","instOwn":"0.0","rise_stop":"828.83","fall_stop":"678.13","currency_unit":"CNY","amount":"2.154897794E9","net_assets":"67.152","hasexist":"","has_warrant":"0","type":"11","flag":"1","rest_day":"","amplitude":"1.59%","market_status":"已收盘","lot_size":"100","min_order_quantity":"0","max_order_quantity":"0","tick_size":"0.01","variable_tick_size":"","kzz_stock_symbol":"","kzz_stock_name":"","kzz_stock_current":"0.0","kzz_convert_price":"0.0","kzz_covert_value":"0.0","kzz_cpr":"0.0","kzz_putback_price":"0.0","kzz_convert_time":"","kzz_redempt_price":"0.0","kzz_straight_price":"0.0","kzz_stock_percent":"","pb":"11.13","benefit_before_tax":"0.0","benefit_after_tax":"0.0","convert_bond_ratio":"","totalissuescale":"","outstandingamt":"","maturitydate":"","remain_year":"","convertrate":"","interestrtmemo":"","release_date":"","circulation":"0.0","par_value":"0.0","due_time":"0.0","value_date":"","due_date":"","publisher":"","redeem_type":"T","issue_type":"1","bond_type":"","warrant":"","sale_rrg":"","rate":"","after_hour_vol":"0","float_shares":"1256197799","float_market_capital":"9.3929678024627E11","disnext_pay_date":"","convert_rate":"","volume_ratio":"0.69","percent5m":"-0.13","pankou_ratio":"-60.0%","psr":"17.1778"}}