{"SZ000488":{"symbol":"SZ000488","exchange":"SZ","code":"000488","name":"晨鸣纸业","current":"17.89","percentage":"0.17","change":"0.03","open":"17.7","high":"17.93","low":"17.47","close":"17.89","last_close":"17.86","high52week":"20.1","low52week":"10.08","volume":"2.004375E7","lot_volume":"200437.5","volumeAverage":"34658496","marketCapital":"3.464229380463E10","eps":"1.16","pe_ttm":"10.754","pe_lyr":"16.784","beta":"0.0","totalShares":"1936405467","time":"Tue Mar 20 15:04:03 +0800 2018","afterHours":"0.0","afterHoursPct":"0.0","afterHoursChg":"0.0","afterHoursTime":"Wed Oct 19 21:59:01 -0400 2011","updateAt":"1510224440345","dividend":"0.6","yield":"3.35","turnover_rate":"1.81%","instOwn":"0.0","rise_stop":"19.65","fall_stop":"16.07","currency_unit":"CNY","amount":"3.5417128079E8","net_assets":"8.5456","hasexist":"","has_warrant":"0","type":"11","flag":"1","rest_day":"","amplitude":"2.58%","market_status":"已收盘","lot_size":"100","min_order_quantity":"0","max_order_quantity":"0","tick_size":"0.01","variable_tick_size":"","kzz_stock_symbol":"01812","kzz_stock_name":"","kzz_stock_current":"0.0","kzz_convert_price":"0.0","kzz_covert_value":"0.0","kzz_cpr":"0.0","kzz_putback_price":"0.0","kzz_convert_time":"","kzz_redempt_price":"0.0","kzz_straight_price":"0.0","kzz_stock_percent":"","pb":"2.09","benefit_before_tax":"0.0","benefit_after_tax":"0.0","convert_bond_ratio":"","totalissuescale":"","outstandingamt":"","maturitydate":"","remain_year":"","convertrate":"0.0","interestrtmemo":"","release_date":"","circulation":"0.0","par_value":"0.0","due_time":"0.0","value_date":"","due_date":"","publisher":"","redeem_type":"T","issue_type":"3","bond_type":"","warrant":"","sale_rrg":"","rate":"","after_hour_vol":"0","float_shares":"1105585881","float_market_capital":"1.977893141109E10","disnext_pay_date":"","convert_rate":"0.0","volume_ratio":"1.05","percent5m":"0.11","pankou_ratio":"10.62%","psr":"1.2257"}}