{"list":[{"bonusimpdate":"20170609","bonusyear":"2016","cur":"人民币","bonusskratio":null,"tranaddskraio":null,"recorddate":"20170615","exrightdate":"20170616","cdividend":6.0,"fdividendbh":0.0,"tranaddsklistdate":null,"bonussklistdate":null,"tranaddskaccday":null,"bonusskaccday":null,"symbol":null,"secode":"2010001043","divitype":"A","taxfdividendbh":0.0,"taxcdividend":6.0,"divibegdate":"20170616","summarize":"10派6"},{"bonusimpdate":"20160707","bonusyear":"2015","cur":"人民币","bonusskratio":null,"tranaddskraio":null,"recorddate":"20160714","exrightdate":"20160715","cdividend":3.0,"fdividendbh":0.0,"tranaddsklistdate":null,"bonussklistdate":null,"tranaddskaccday":null,"bonusskaccday":null,"symbol":null,"secode":"2010001043","divitype":"A","taxfdividendbh":0.0,"taxcdividend":3.0,"divibegdate":"20160715","summarize":"10派3"},{"bonusimpdate":"20150704","bonusyear":"2014","cur":"人民币","bonusskratio":null,"tranaddskraio":null,"recorddate":"20150709","exrightdate":"20150710","cdividend":1.4,"fdividendbh":0.0,"tranaddsklistdate":null,"bonussklistdate":null,"tranaddskaccday":null,"bonusskaccday":null,"symbol":null,"secode":"2010001043","divitype":"A","taxfdividendbh":0.0,"taxcdividend":1.33,"divibegdate":"20150710","summarize":"10派1.4"},{"bonusimpdate":"20140628","bonusyear":"2013","cur":"人民币","bonusskratio":null,"tranaddskraio":null,"recorddate":"20140703","exrightdate":"20140704","cdividend":3.0,"fdividendbh":0.0,"tranaddsklistdate":null,"bonussklistdate":null,"tranaddskaccday":null,"bonusskaccday":null,"symbol":null,"secode":"2010001043","divitype":"A","taxfdividendbh":0.0,"taxcdividend":2.85,"divibegdate":"20140704","summarize":"10派3"},{"bonusimpdate":"20130703","bonusyear":"2012","cur":"人民币","bonusskratio":null,"tranaddskraio":null,"recorddate":"20130709","exrightdate":"20130710","cdividend":0.6,"fdividendbh":0.0,"tranaddsklistdate":null,"bonussklistdate":null,"tranaddskaccday":null,"bonusskaccday":null,"symbol":null,"secode":"2010001043","divitype":"A","taxfdividendbh":0.0,"taxcdividend":0.57,"divibegdate":"20130710","summarize":"10派0.6"},{"bonusimpdate":"20120711","bonusyear":"2011","cur":"人民币","bonusskratio":null,"tranaddskraio":null,"recorddate":"20120718","exrightdate":"20120719","cdividend":1.5,"fdividendbh":0.0,"tranaddsklistdate":null,"bonussklistdate":null,"tranaddskaccday":null,"bonusskaccday":null,"symbol":null,"secode":"2010001043","divitype":"A","taxfdividendbh":0.0,"taxcdividend":1.35,"divibegdate":"20120719","summarize":"10派1.5"},{"bonusimpdate":"20110614","bonusyear":"2010","cur":"人民币","bonusskratio":null,"tranaddskraio":null,"recorddate":"20110620","exrightdate":"20110621","cdividend":3.0,"fdividendbh":0.0,"tranaddsklistdate":null,"bonussklistdate":null,"tranaddskaccday":null,"bonusskaccday":null,"symbol":null,"secode":"2010001043","divitype":"A","taxfdividendbh":0.0,"taxcdividend":2.7,"divibegdate":"20110621","summarize":"10派3"},{"bonusimpdate":"20100609","bonusyear":"2009","cur":"人民币","bonusskratio":null,"tranaddskraio":null,"recorddate":"20100618","exrightdate":"20100621","cdividend":3.0,"fdividendbh":0.0,"tranaddsklistdate":null,"bonussklistdate":null,"tranaddskaccday":null,"bonusskaccday":null,"symbol":null,"secode":"2010001043","divitype":"A","taxfdividendbh":0.0,"taxcdividend":2.7,"divibegdate":"20100621","summarize":"10派3"},{"bonusimpdate":"20090709","bonusyear":"2008","cur":"人民币","bonusskratio":null,"tranaddskraio":null,"recorddate":"20090715","exrightdate":"20090716","cdividend":0.5,"fdividendbh":0.0,"tranaddsklistdate":null,"bonussklistdate":null,"tranaddskaccday":null,"bonusskaccday":null,"symbol":null,"secode":"2010001043","divitype":"A","taxfdividendbh":0.0,"taxcdividend":0.45,"divibegdate":"20090716","summarize":"10派0.5"},{"bonusimpdate":"20080703","bonusyear":"2007","cur":"人民币","bonusskratio":null,"tranaddskraio":null,"recorddate":"20080708","exrightdate":"20080709","cdividend":1.6,"fdividendbh":0.0,"tranaddsklistdate":null,"bonussklistdate":null,"tranaddskaccday":null,"bonusskaccday":null,"symbol":null,"secode":"2010001043","divitype":"A","taxfdividendbh":0.0,"taxcdividend":1.44,"divibegdate":"20080709","summarize":"10派1.6"},{"bonusimpdate":"20070621","bonusyear":"2006","cur":"人民币","bonusskratio":null,"tranaddskraio":null,"recorddate":"20070626","exrightdate":"20070627","cdividend":1.2,"fdividendbh":0.0,"tranaddsklistdate":null,"bonussklistdate":null,"tranaddskaccday":null,"bonusskaccday":null,"symbol":null,"secode":"2010001043","divitype":"A","taxfdividendbh":0.0,"taxcdividend":1.08,"divibegdate":"20070627","summarize":"10派1.2"},{"bonusimpdate":"20060629","bonusyear":"2005","cur":"人民币","bonusskratio":null,"tranaddskraio":null,"recorddate":"20060704","exrightdate":"20060705","cdividend":1.2,"fdividendbh":0.0,"tranaddsklistdate":null,"bonussklistdate":null,"tranaddskaccday":null,"bonusskaccday":null,"symbol":null,"secode":"2010001043","divitype":"A","taxfdividendbh":0.0,"taxcdividend":1.08,"divibegdate":"20060705","summarize":"10派1.2"},{"bonusimpdate":"20050514","bonusyear":"2004","cur":"人民币","bonusskratio":2.0,"tranaddskraio":3.0,"recorddate":"20050519","exrightdate":"20050520","cdividend":1.0,"fdividendbh":0.0,"tranaddsklistdate":"20050520","bonussklistdate":"20050520","tranaddskaccday":"20050520","bonusskaccday":"20050520","symbol":null,"secode":"2010001043","divitype":"ABC","taxfdividendbh":0.0,"taxcdividend":0.4,"divibegdate":"20050520","summarize":"10送2转3派1"},{"bonusimpdate":"20040803","bonusyear":"2003","cur":"人民币","bonusskratio":null,"tranaddskraio":null,"recorddate":"20040809","exrightdate":"20040810","cdividend":1.0,"fdividendbh":0.0,"tranaddsklistdate":null,"bonussklistdate":null,"tranaddskaccday":null,"bonusskaccday":null,"symbol":null,"secode":"2010001043","divitype":"A","taxfdividendbh":0.0,"taxcdividend":0.8,"divibegdate":"20040810","summarize":"10派1"},{"bonusimpdate":"20030515","bonusyear":"2002","cur":"人民币","bonusskratio":2.0,"tranaddskraio":6.0,"recorddate":"20030520","exrightdate":"20030521","cdividend":0.5,"fdividendbh":0.0,"tranaddsklistdate":"20030521","bonussklistdate":"20030521","tranaddskaccday":"20030521","bonusskaccday":"20030521","symbol":null,"secode":"2010001043","divitype":"ABC","taxfdividendbh":0.0,"taxcdividend":0.0,"divibegdate":"20030521","summarize":"10送2转6派0.5"},{"bonusimpdate":"20010814","bonusyear":"2000","cur":"人民币","bonusskratio":1.0,"tranaddskraio":null,"recorddate":"20010821","exrightdate":"20010822","cdividend":3.0,"fdividendbh":0.0,"tranaddsklistdate":null,"bonussklistdate":"20010823","tranaddskaccday":null,"bonusskaccday":"20010823","symbol":null,"secode":"2010001043","divitype":"AB","taxfdividendbh":0.0,"taxcdividend":2.2,"divibegdate":"20010823","summarize":"10送1派3"}]}