{
    "name" : "泸州老窖",
    "list" : [
        {
            "reportdate" : "",
            "finstmtcomments" : "",
            "acntfirm" : "",
            "finstmtspecials" : "",
            "sharecount" : 0.0,

            "shorttermborrdetail" : "",
            "longborrdetail" : "",
            
            "curfds_cash" : 0.0,
            "curfds_bank" : 0.0,
            "curfds_other" : 0.0,
            "curfds_limit" : 0.0,
            
            "notesrece_bank" : 0.0,
            "notesrece_business" : 0.0,
            "notesrece_other" : 0.0,
            
            "accorece_credit_tot" : 0.0,
            "accorece_credit_bad" : 0.0,
            "accorece_single_tot" : 0.0,
            "accorece_single_bad" : 0.0,
            "accorece_single_imp_tot" : 0.0,
            "accorece_single_imp_bad" : 0.0,
            "accorece_0_1_tot" : 0.0,
            "accorece_0_1_bad" : 0.0,
            "accorece_1_2_tot" : 0.0,
            "accorece_1_2_bad" : 0.0,
            "accorece_2_3_tot" : 0.0,
            "accorece_2_3_bad" : 0.0,
            "accorece_3_4_tot" : 0.0,
            "accorece_3_4_bad" : 0.0,
            "accorece_4_5_tot" : 0.0,
            "accorece_4_5_bad" : 0.0,
            "accorece_5_n_tot" : 0.0,
            "accorece_5_n_bad" : 0.0,
            "accorece_bad_standard" : "",

            "prep_0_1" : 0.0,
            "prep_1_n" : 0.0,

            "otherrecedetail" : "",
            "otherrecebad" : 0.0,

            "inverevvallossstandard" : "",
            "inverevvallosstot" : 0.0,
            "inveincal" : "",
            "inveoutcal" : "",
            "inve_prod" : 0.0,
            "inve_sale" : 0.0,
            "inve_save" : 0.0,
            "inve_unit" : "",

            "holdinvedue_inrate" : 0.0,
            "holdinvedue_losscur" : 0.0,
            "holdinvedue_lossback" : 0.0,

            "avaisellassecur" : 0.0,
            "avaisellassecost" : 0.0,

            "invepropcal" : "",

            "fixedassedepolicy" : "",
            "intaassetdmopolicy" : "",
            "findevexp" : 0.0,

            "emplyescnt" : 0.0,
            "equfinpubpri" : 0.0,
            "debtfininrate" : 0.0,

            "saletax" : 0.0,
            "resourcetax" : 0.0
        },
        {
            "reportdate" : "20091231",
            "finstmtcomments" : "标准无保留意见",
            "acntfirm" : "四川华信(集团)会计师事务所",
            "finstmtspecials" : "",
            "sharecount" : 1394239476.00,

            "shorttermborrdetail" : "",
            "longborrdetail" : "",
            
            "curfds_cash" : 40164.59,
            "curfds_bank" : 937240856.06,
            "curfds_other" : 0.0,
            "curfds_limit" : 0.0,
            
            "notesrece_bank" : 689909219.88,
            "notesrece_business" : 0.0,
            "notesrece_other" : 0.0,
            
            "accorece_credit_tot" : 6587457.42,
            "accorece_credit_bad" : 6587457.42,
            "accorece_single_tot" : 17248400.80,
            "accorece_single_bad" : 2545531.02,
            "accorece_single_imp_tot" : 16801646.33,
            "accorece_single_imp_bad" : 840082.32,
            "accorece_0_1_tot" : 0.0,
            "accorece_0_1_bad" : 0.0,
            "accorece_1_2_tot" : 0.0,
            "accorece_1_2_bad" : 0.0,
            "accorece_2_3_tot" : 0.0,
            "accorece_2_3_bad" : 0.0,
            "accorece_3_4_tot" : 0.0,
            "accorece_3_4_bad" : 0.0,
            "accorece_4_5_tot" : 0.0,
            "accorece_4_5_bad" : 0.0,
            "accorece_5_n_tot" : 0.0,
            "accorece_5_n_bad" : 0.0,
            "accorece_bad_standard" : "按单项分析与类似信用风险组合分类相结合的方法计提坏账准备。",

            "prep_0_1" : 105478262.89,
            "prep_1_n" : 20488735.43,

            "otherrecedetail" : "期末其他应收款中账龄 5 年以上的应收款 18,135,952.75 元，其中，应收泸州天地印 务公司、海南华南租赁公司、中国房地产开发总公司泸州分公司、泸州沱江市场等单位欠款 共计 11,208,208.35 元，因欠款单位停业、破产以及长期催收无果等原因预计无法收回，故公 司对这部分欠款全额计提坏账准备。",
            "otherrecebad" : 20464772.44,

            "inverevvallossstandard" : "存货按照成本与可变现净值孰低计量，存货成本高于其可变现净值的差额计提存货跌价准备，计入当期损益",
            "inverevvallosstot" : 0.0,
            "inveincal" : "",
            "inveoutcal" : "加权平均法",
            "inve_prod" : 0.0,
            "inve_sale" : 0.0,
            "inve_save" : 0.0,
            "inve_unit" : "",

            "holdinvedue_inrate" : 0.0,
            "holdinvedue_losscur" : 0.0,
            "holdinvedue_lossback" : 0.0,

            "avaisellassecur" : 0.0,
            "avaisellassecost" : 0.0,

            "invepropcal" : "成本模式",

            "fixedassedepolicy" : "年限平均法",
            "intaassetdmopolicy" : "使用寿命有限的无形资产，自该无形资产可供使用时起在使用寿命期内平均摊销。 使用寿命不确定的无形资产不予摊销。",
            "findevexp" : 27781162.66,

            "emplyescnt" : 2040,
            "equfinpubpri" : 0.0,
            "debtfininrate" : 0.0,

            "saletax" : 244234057.51,
            "resourcetax" : 0.0
        },
      {
            "reportdate" : "20081231",
            "finstmtcomments" : "标准无保留意见",
            "acntfirm" : "四川华信(集团)会计师事务所",
            "finstmtspecials" : "",
            "sharecount" : 1394239476.00,

            "shorttermborrdetail" : "",
            "longborrdetail" : "",
            
            "curfds_cash" : 27765.15,
            "curfds_bank" : 702479349.80,
            "curfds_other" : 1130822.85,
            "curfds_limit" : 1130822.85,
            
            "notesrece_bank" : 529389405.66,
            "notesrece_business" : 0.0,
            "notesrece_other" : 0.0,
            
            "accorece_credit_tot" : 38299840.09,
            "accorece_credit_bad" : 10068044.60,
            "accorece_single_tot" : 0.0,
            "accorece_single_bad" : 0.0,
            "accorece_single_imp_tot" : 0.0,
            "accorece_single_imp_bad" : 0.0,
            "accorece_0_1_tot" : 26469114.89,
            "accorece_0_1_bad" : 1323455.74,
            "accorece_1_2_tot" : 260225.30,
            "accorece_1_2_bad" : 260225.30,
            "accorece_2_3_tot" : 2538972.68,
            "accorece_2_3_bad" : 507794.54,
            "accorece_3_4_tot" : 1103718.75,
            "accorece_3_4_bad" : 441487.50,
            "accorece_4_5_tot" : 792620.90,
            "accorece_4_5_bad" : 634096.72,
            "accorece_5_n_tot" : 7135187.57,
            "accorece_5_n_bad" : 7135187.57,
            "accorece_bad_standard" : "按单项分析与类似信用风险组合分类相结合的方法计提坏账准备。",

            "prep_0_1" : 54499092.21,
            "prep_1_n" : 6599766.58,

            "otherrecedetail" : "",
            "otherrecebad" : 19877505.54,

            "inverevvallossstandard" : "存货按照成本与可变现净值孰低计量，存货成本高于其可变现净值的差额计 提存货跌价准备，计入当期损益",
            "inverevvallosstot" : 921266.07,
            "inveincal" : "",
            "inveoutcal" : "加权平均法",
            "inve_prod" : 0.0,
            "inve_sale" : 0.0,
            "inve_save" : 0.0,
            "inve_unit" : "",

            "holdinvedue_inrate" : 0.0,
            "holdinvedue_losscur" : 0.0,
            "holdinvedue_lossback" : 0.0,

            "avaisellassecur" : 0.0,
            "avaisellassecost" : 0.0,

            "invepropcal" : "成本模式",

            "fixedassedepolicy" : "年限平均法",
            "intaassetdmopolicy" : "使用寿命有限的无形资产，自该无形资产可供使用时起在使用寿命期内平均摊销。 使用寿命不确定的无形资产不予摊销。",
            "findevexp" : 17182348.88,

            "emplyescnt" : 2040,
            "equfinpubpri" : 0.0,
            "debtfininrate" : 0.0,

            "saletax" : 194140854.96,
            "resourcetax" : 0.0
        }
    ]
}