{"SZ002146":{"symbol":"SZ002146","exchange":"SZ","code":"002146","name":"荣盛发展","current":"8.58","percentage":"0.23","change":"0.02","open":"8.54","high":"8.61","low":"8.49","close":"8.58","last_close":"8.56","high52week":"15.15","low52week":"7.12","volume":"1.5683596E7","lot_volume":"156835.96","volumeAverage":"35602573","marketCapital":"3.730724584158E10","eps":"0.64","pe_ttm":"7.8306","pe_lyr":"8.9938","beta":"0.0","totalShares":"4348163851","time":"Tue Nov 28 14:47:45 +0800 2017","afterHours":"0.0","afterHoursPct":"0.0","afterHoursChg":"0.0","afterHoursTime":"Wed Oct 19 21:59:01 -0400 2011","updateAt":"1510208113511","dividend":"0.4","yield":"4.67","turnover_rate":"0.40%","instOwn":"0.0","rise_stop":"9.42","fall_stop":"7.7","currency_unit":"CNY","amount":"1.33954071E8","net_assets":"5.6775","hasexist":"","has_warrant":"0","type":"11","flag":"1","rest_day":"","amplitude":"1.40%","market_status":"交易中","lot_size":"100","min_order_quantity":"0","max_order_quantity":"0","tick_size":"0.01","variable_tick_size":"","kzz_stock_symbol":"","kzz_stock_name":"","kzz_stock_current":"0.0","kzz_convert_price":"0.0","kzz_covert_value":"0.0","kzz_cpr":"0.0","kzz_putback_price":"0.0","kzz_convert_time":"","kzz_redempt_price":"0.0","kzz_straight_price":"0.0","kzz_stock_percent":"","pb":"1.51","benefit_before_tax":"0.0","benefit_after_tax":"0.0","convert_bond_ratio":"","totalissuescale":"","outstandingamt":"","maturitydate":"","remain_year":"","convertrate":"0.0","interestrtmemo":"","release_date":"","circulation":"0.0","par_value":"0.0","due_time":"0.0","value_date":"","due_date":"","publisher":"","redeem_type":"T","issue_type":"3","bond_type":"","warrant":"","sale_rrg":"","rate":"","after_hour_vol":"0","float_shares":"3890348153","float_market_capital":"3.337918715274E10","disnext_pay_date":"","convert_rate":"0.0","volume_ratio":"0.64","percent5m":"0.12","pankou_ratio":"11.19%","psr":"1.1078"}}