{"list": [{"laborgetcash": 11851891069.01, "inveredu": null, "unreinveloss": null, "bizcashinfl": 11894872212.56, "diviprofpaycash": 1839366476.0, "invcashoutf": 5759677576.67, "accrexpeincr": null, "subspaynetcash": 26660593.27, "finrelacash": null, "payworkcash": 512918506.62, "subspaydivid": null, "chgexchgchgs": null, "finnetcflow": -1851751799.93, "receotherbizcash": 7700528.2, "longdefeexpenamor": null, "acquassetcash": 234016983.4, "recefincash": null, "inspremcash": null, "netcashform": null, "bizcashoutf": 9785113993.01, "fininstnetr": null, "invrececash": null, "defetaxassetdecr": null, "inicashbala": 5168695172.59, "invcashinfl": 3276744642.64, "paydivicash": null, "netcashscheitse": null, "defeincoincr": null, "disptradnetincr": null, "mananetr": 2109758219.55, "debtintocapi": null, "defetaxliabincr": null, "adjustdate": "20171027", "enddate": "20170930", "assedepr": null, "biznetscheitse": null, "biznetform": null, "equfinalbala": null, "finoutfitse": null, "cashfinalbala": 2943768658.18, "fixedassetnetc": 1618393.73, "cashfinalitse": null, "payintecash": null, "unfiparachg": null, "loansnetr": null, "incrcashpled": null, "biznetcflow": null, "asseimpa": null, "reducashpled": null, "invinffrom": null, "netprofit": null, "minysharrigh": null, "equopenbala": null, "inveloss": null, "valuechgloss": null, "receinvcash": 58448342.78, "bizoutfform": null, "biznetscheform": null, "finexpe": null, "intaasseamor": null, "taxrefd": null, "biznetitse": null, "finnetitse": null, "invinflitse": null, "subsnetc": null, "unseparachg": null, "finoutfform": null, "recefromloan": null, "netinvitse": null, "estidebts": null, "payaincr": null, "fdsborrnetr": null, "realestadep": null, "reporttype": "100111", "dispfixedassetloss": null, "fininflitse": null, "finalcashbala": 2943768658.18, "cashfinalform": null, "invoutfitse": null, "netcashitse": null, "payinvecash": null, "fixedassescraloss": null, "savinetr": null, "subsrececash": null, "accstacode": "2", "fincashoutf": 1851751799.93, "charintecash": null, "finfixedasset": null, "labopayc": 6765416972.94, "expiconvbd": null, "paycompgold": null, "inveretugetcash": 127677906.13, "compcode": "80064560", "prepexpedecr": null, "repnetincr": null, "issbdrececash": null, "loannetr": null, "withinvgetcash": 3089000000.0, "invpayc": 5499000000.0, "debtpaycash": 12385323.93, "fincashinfl": 0.0, "cashopenbala": 5168695172.59, "netcashscheform": null, "begindate": "20170101", "bizoutfitse": null, "bizinflitse": null, "insnetc": null, "bankloannetincr": null, "receredu": null, "publishdate": "20171027", "other": null, "deponetr": null, "paytax": 1460203800.45, "bizinflform": 35280615.35, "tradepaymnetr": null, "cashneti": -2224926514.41, "accstaname": "\u65b0\u4f1a\u8ba1\u51c6\u5219", "cashnetr": -2224926514.41, "invnetcashflow": -2482932934.03, "netinvform": null, "finnetform": null, "payacticash": 1046574713.0, "fininflform": null, "invoutfform": null}, {"laborgetcash": 7578504829.67, "inveredu": 245628214.78, "unreinveloss": null, "bizcashinfl": 7607920596.61, "diviprofpaycash": 1839366476.0, "invcashoutf": 4121114405.47, "accrexpeincr": null, "subspaynetcash": 26660593.27, "finrelacash": null, "payworkcash": 387321803.72, "subspaydivid": null, "chgexchgchgs": null, "finnetcflow": -1843351799.93, "receotherbizcash": 7333582.3, "longdefeexpenamor": null, "acquassetcash": 125453812.2, "recefincash": null, "inspremcash": null, "netcashform": null, "bizcashoutf": 6598253927.49, "fininstnetr": null, "invrececash": null, "defetaxassetdecr": -54047992.06, "inicashbala": 5168695172.59, "invcashinfl": 2665043106.06, "paydivicash": null, "netcashscheitse": null, "defeincoincr": null, "disptradnetincr": null, "mananetr": 1009666669.12, "debtintocapi": null, "defetaxliabincr": null, "adjustdate": "20170815", "enddate": "20170630", "assedepr": 217052523.59, "biznetscheitse": null, "biznetform": null, "equfinalbala": null, "finoutfitse": null, "cashfinalbala": 2878938742.37, "fixedassetnetc": 7037240.16, "cashfinalitse": null, "payintecash": null, "unfiparachg": null, "loansnetr": null, "incrcashpled": null, "biznetcflow": 1009666669.12, "asseimpa": null, "reducashpled": null, "invinffrom": null, "netprofit": 1821954244.9, "minysharrigh": null, "equopenbala": null, "inveloss": -79128963.24, "valuechgloss": null, "receinvcash": 43876902.66, "bizoutfform": null, "biznetscheform": 1905049.45, "finexpe": -46828079.28, "intaasseamor": 3218900.01, "taxrefd": null, "biznetitse": null, "finnetitse": null, "invinflitse": null, "subsnetc": null, "unseparachg": null, "finoutfform": null, "recefromloan": null, "netinvitse": null, "estidebts": null, "payaincr": -1084662931.68, "fdsborrnetr": null, "realestadep": 304655.36, "reporttype": "100111", "dispfixedassetloss": -862656.48, "fininflitse": null, "finalcashbala": 2878938742.37, "cashfinalform": null, "invoutfitse": null, "netcashitse": null, "payinvecash": null, "fixedassescraloss": null, "savinetr": null, "subsrececash": null, "accstacode": "2", "fincashoutf": 1843351799.93, "charintecash": null, "finfixedasset": null, "labopayc": 4556515505.19, "expiconvbd": null, "paycompgold": null, "inveretugetcash": 79128963.24, "compcode": "80064560", "prepexpedecr": null, "repnetincr": null, "issbdrececash": null, "loannetr": null, "withinvgetcash": 2535000000.0, "invpayc": 3969000000.0, "debtpaycash": 3985323.93, "fincashinfl": 0.0, "cashopenbala": 5168695172.59, "netcashscheform": null, "begindate": "20170101", "bizoutfitse": null, "bizinflitse": null, "insnetc": null, "bankloannetincr": null, "receredu": -14866296.23, "publishdate": "20170815", "other": null, "deponetr": null, "paytax": 947908825.19, "bizinflform": 22082184.64, "tradepaymnetr": null, "cashneti": -2289756430.22, "accstaname": "\u65b0\u4f1a\u8ba1\u51c6\u5219", "cashnetr": -2289756430.22, "invnetcashflow": -1456071299.41, "netinvform": null, "finnetform": null, "payacticash": 706507793.39, "fininflform": null, "invoutfform": null}, {"laborgetcash": 3452687017.03, "inveredu": null, "unreinveloss": null, "bizcashinfl": 3459536332.67, "diviprofpaycash": null, "invcashoutf": 1688525247.92, "accrexpeincr": null, "subspaynetcash": 14660593.28, "finrelacash": null, "payworkcash": 227704204.71, "subspaydivid": null, "chgexchgchgs": null, "finnetcflow": 0.0, "receotherbizcash": 912851.12, "longdefeexpenamor": null, "acquassetcash": 73864654.64, "recefincash": null, "inspremcash": null, "netcashform": null, "bizcashoutf": 3552495005.52, "fininstnetr": null, "invrececash": null, "defetaxassetdecr": null, "inicashbala": 5168695172.59, "invcashinfl": 1656495820.12, "paydivicash": null, "netcashscheitse": null, "defeincoincr": null, "disptradnetincr": null, "mananetr": -92958672.85, "debtintocapi": null, "defetaxliabincr": null, "adjustdate": "20170426", "enddate": "20170331", "assedepr": null, "biznetscheitse": null, "biznetform": null, "equfinalbala": null, "finoutfitse": null, "cashfinalbala": 5043707071.94, "fixedassetnetc": 226025.66, "cashfinalitse": null, "payintecash": null, "unfiparachg": null, "loansnetr": null, "incrcashpled": null, "biznetcflow": null, "asseimpa": null, "reducashpled": null, "invinffrom": null, "netprofit": null, "minysharrigh": null, "equopenbala": null, "inveloss": null, "valuechgloss": null, "receinvcash": 21732795.98, "bizoutfform": null, "biznetscheform": null, "finexpe": null, "intaasseamor": null, "taxrefd": null, "biznetitse": null, "finnetitse": null, "invinflitse": null, "subsnetc": null, "unseparachg": null, "finoutfform": null, "recefromloan": null, "netinvitse": null, "estidebts": null, "payaincr": null, "fdsborrnetr": null, "realestadep": null, "reporttype": "100111", "dispfixedassetloss": null, "fininflitse": null, "finalcashbala": 5043707071.94, "cashfinalform": null, "invoutfitse": null, "netcashitse": null, "payinvecash": null, "fixedassescraloss": null, "savinetr": null, "subsrececash": null, "accstacode": "2", "fincashoutf": 0.0, "charintecash": null, "finfixedasset": null, "labopayc": 2405366668.89, "expiconvbd": null, "paycompgold": null, "inveretugetcash": 34536998.48, "compcode": "80064560", "prepexpedecr": null, "repnetincr": null, "issbdrececash": null, "loannetr": null, "withinvgetcash": 1600000000.0, "invpayc": 1600000000.0, "debtpaycash": null, "fincashinfl": 0.0, "cashopenbala": 5168695172.59, "netcashscheform": null, "begindate": "20170101", "bizoutfitse": null, "bizinflitse": null, "insnetc": null, "bankloannetincr": null, "receredu": null, "publishdate": "20170426", "other": null, "deponetr": null, "paytax": 474678377.7, "bizinflform": 5936464.52, "tradepaymnetr": null, "cashneti": -124988100.65, "accstaname": "\u65b0\u4f1a\u8ba1\u51c6\u5219", "cashnetr": -124988100.65, "invnetcashflow": -32029427.8, "netinvform": null, "finnetform": null, "payacticash": 444745754.22, "fininflform": null, "invoutfform": null}, {"laborgetcash": 15261371037.48, "inveredu": 60039676.22, "unreinveloss": null, "bizcashinfl": 15282241368.23, "diviprofpaycash": 1623747600.0, "invcashoutf": 5958895052.81, "accrexpeincr": null, "subspaynetcash": null, "finrelacash": 11283502.22, "payworkcash": 593451326.45, "subspaydivid": null, "chgexchgchgs": null, "finnetcflow": -1635031102.22, "receotherbizcash": 3725189.95, "longdefeexpenamor": null, "acquassetcash": 788066840.33, "recefincash": null, "inspremcash": null, "netcashform": null, "bizcashoutf": 11208190620.47, "fininstnetr": null, "invrececash": null, "defetaxassetdecr": 35330711.68, "inicashbala": 4487502970.2, "invcashinfl": 4201067609.66, "paydivicash": null, "netcashscheitse": null, "defeincoincr": null, "disptradnetincr": null, "mananetr": 4074050747.76, "debtintocapi": null, "defetaxliabincr": null, "adjustdate": "20170323", "enddate": "20161231", "assedepr": 374633731.41, "biznetscheitse": null, "biznetform": null, "equfinalbala": null, "finoutfitse": null, "cashfinalbala": 5168695172.59, "fixedassetnetc": 91588.39, "cashfinalitse": null, "payintecash": null, "unfiparachg": null, "loansnetr": null, "incrcashpled": null, "biznetcflow": 4074050747.76, "asseimpa": null, "reducashpled": null, "invinffrom": null, "netprofit": 2843133968.17, "minysharrigh": null, "equopenbala": null, "inveloss": -87079359.19, "valuechgloss": null, "receinvcash": 43068449.6, "bizoutfform": null, "biznetscheform": -8481404.55, "finexpe": -44386443.01, "intaasseamor": 5981549.76, "taxrefd": 3629283.81, "biznetitse": null, "finnetitse": null, "invinflitse": null, "subsnetc": null, "unseparachg": null, "finoutfform": null, "recefromloan": null, "netinvitse": null, "estidebts": null, "payaincr": 812617573.84, "fdsborrnetr": null, "realestadep": 609310.75, "reporttype": "100111", "dispfixedassetloss": 365646.16, "fininflitse": null, "finalcashbala": 5168695172.59, "cashfinalform": null, "invoutfitse": null, "netcashitse": null, "payinvecash": null, "fixedassescraloss": null, "savinetr": null, "subsrececash": null, "accstacode": "2", "fincashoutf": 1635031102.22, "charintecash": null, "finfixedasset": null, "labopayc": 7866788789.4, "expiconvbd": null, "paycompgold": null, "inveretugetcash": 87079359.19, "compcode": "80064560", "prepexpedecr": null, "repnetincr": null, "issbdrececash": null, "loannetr": null, "withinvgetcash": 4070828212.48, "invpayc": 5170828212.48, "debtpaycash": null, "fincashinfl": 0.0, "cashopenbala": 4487502970.2, "netcashscheform": null, "begindate": "20160101", "bizoutfitse": null, "bizinflitse": null, "insnetc": null, "bankloannetincr": null, "receredu": 81285786.52, "publishdate": "20170323", "other": null, "deponetr": null, "paytax": 1485187202.12, "bizinflform": 13515856.99, "tradepaymnetr": null, "cashneti": 681192202.39, "accstaname": "\u65b0\u4f1a\u8ba1\u51c6\u5219", "cashnetr": 681192202.39, "invnetcashflow": -1757827443.15, "netinvform": null, "finnetform": null, "payacticash": 1262763302.5, "fininflform": null, "invoutfform": null}, {"laborgetcash": 9776680401.06, "inveredu": null, "unreinveloss": null, "bizcashinfl": 9790581575.62, "diviprofpaycash": 1623747600.0, "invcashoutf": 5273501583.81, "accrexpeincr": null, "subspaynetcash": null, "finrelacash": null, "payworkcash": 521535667.58, "subspaydivid": null, "chgexchgchgs": null, "finnetcflow": -1623747600.0, "receotherbizcash": 3047422.11, "longdefeexpenamor": null, "acquassetcash": 643501583.81, "recefincash": null, "inspremcash": null, "netcashform": null, "bizcashoutf": 8028043473.34, "fininstnetr": null, "invrececash": null, "defetaxassetdecr": null, "inicashbala": 4487502970.2, "invcashinfl": 3688377572.38, "paydivicash": null, "netcashscheitse": null, "defeincoincr": null, "disptradnetincr": null, "mananetr": 1762538102.28, "debtintocapi": null, "defetaxliabincr": null, "adjustdate": "20161028", "enddate": "20160930", "assedepr": null, "biznetscheitse": null, "biznetform": null, "equfinalbala": null, "finoutfitse": null, "cashfinalbala": 3041169461.05, "fixedassetnetc": 71289.66, "cashfinalitse": null, "payintecash": null, "unfiparachg": null, "loansnetr": null, "incrcashpled": null, "biznetcflow": null, "asseimpa": null, "reducashpled": null, "invinffrom": null, "netprofit": null, "minysharrigh": null, "equopenbala": null, "inveloss": null, "valuechgloss": null, "receinvcash": 28188654.88, "bizoutfform": null, "biznetscheform": null, "finexpe": null, "intaasseamor": null, "taxrefd": 2335267.52, "biznetitse": null, "finnetitse": null, "invinflitse": null, "subsnetc": null, "unseparachg": null, "finoutfform": null, "recefromloan": null, "netinvitse": null, "estidebts": null, "payaincr": null, "fdsborrnetr": null, "realestadep": null, "reporttype": "100111", "dispfixedassetloss": null, "fininflitse": null, "finalcashbala": 3041169461.05, "cashfinalform": null, "invoutfitse": null, "netcashitse": null, "payinvecash": null, "fixedassescraloss": null, "savinetr": null, "subsrececash": null, "accstacode": "2", "fincashoutf": 1623747600.0, "charintecash": null, "finfixedasset": null, "labopayc": 5531201527.86, "expiconvbd": null, "paycompgold": null, "inveretugetcash": 60117627.84, "compcode": "80064560", "prepexpedecr": null, "repnetincr": null, "issbdrececash": null, "loannetr": null, "withinvgetcash": 3600000000.0, "invpayc": 4630000000.0, "debtpaycash": null, "fincashinfl": 0.0, "cashopenbala": 4487502970.2, "netcashscheform": null, "begindate": "20160101", "bizoutfitse": null, "bizinflitse": null, "insnetc": null, "bankloannetincr": null, "receredu": null, "publishdate": "20161028", "other": null, "deponetr": null, "paytax": 1165774126.28, "bizinflform": 8518484.93, "tradepaymnetr": null, "cashneti": -1446333509.15, "accstaname": "\u65b0\u4f1a\u8ba1\u51c6\u5219", "cashnetr": -1446333509.15, "invnetcashflow": -1585124011.43, "netinvform": null, "finnetform": null, "payacticash": 809532151.62, "fininflform": null, "invoutfform": null}, {"laborgetcash": 6385268828.09, "inveredu": 270814249.16, "unreinveloss": null, "bizcashinfl": 6391382836.55, "diviprofpaycash": 1623747600.0, "invcashoutf": 4298439264.69, "accrexpeincr": null, "subspaynetcash": null, "finrelacash": null, "payworkcash": 323392764.12, "subspaydivid": null, "chgexchgchgs": null, "finnetcflow": -1623747600.0, "receotherbizcash": 1647315.94, "longdefeexpenamor": null, "acquassetcash": 428439264.69, "recefincash": null, "inspremcash": null, "netcashform": null, "bizcashoutf": 5344696106.95, "fininstnetr": null, "invrececash": null, "defetaxassetdecr": 18991685.37, "inicashbala": 4487502970.2, "invcashinfl": 3162809585.48, "paydivicash": null, "netcashscheitse": null, "defeincoincr": null, "disptradnetincr": null, "mananetr": 1046686729.6, "debtintocapi": null, "defetaxliabincr": null, "adjustdate": "20160816", "enddate": "20160630", "assedepr": 181451650.81, "biznetscheitse": null, "biznetform": null, "equfinalbala": null, "finoutfitse": null, "cashfinalbala": 2774812420.59, "fixedassetnetc": 17982.9, "cashfinalitse": null, "payintecash": null, "unfiparachg": null, "loansnetr": null, "incrcashpled": null, "biznetcflow": 1046686729.6, "asseimpa": null, "reducashpled": null, "invinffrom": null, "netprofit": 1485925576.2, "minysharrigh": null, "equopenbala": null, "inveloss": -42009254.77, "valuechgloss": null, "receinvcash": 20782347.81, "bizoutfform": null, "biznetscheform": 20000405.11, "finexpe": -20274847.93, "intaasseamor": 2994414.37, "taxrefd": 2335267.52, "biznetitse": null, "finnetitse": null, "invinflitse": null, "subsnetc": null, "unseparachg": null, "finoutfform": null, "recefromloan": null, "netinvitse": null, "estidebts": null, "payaincr": -881543793.33, "fdsborrnetr": null, "realestadep": 304655.41, "reporttype": "100111", "dispfixedassetloss": 315857.05, "fininflitse": null, "finalcashbala": 2774812420.59, "cashfinalform": null, "invoutfitse": null, "netcashitse": null, "payinvecash": null, "fixedassescraloss": null, "savinetr": null, "subsrececash": null, "accstacode": "2", "fincashoutf": 1623747600.0, "charintecash": null, "finfixedasset": null, "labopayc": 3606884334.32, "expiconvbd": null, "paycompgold": null, "inveretugetcash": 42009254.77, "compcode": "80064560", "prepexpedecr": null, "repnetincr": null, "issbdrececash": null, "loannetr": null, "withinvgetcash": 3100000000.0, "invpayc": 3870000000.0, "debtpaycash": null, "fincashinfl": 0.0, "cashopenbala": 4487502970.2, "netcashscheform": null, "begindate": "20160101", "bizoutfitse": null, "bizinflitse": null, "insnetc": null, "bankloannetincr": null, "receredu": 9716132.15, "publishdate": "20160816", "other": null, "deponetr": null, "paytax": 790601216.96, "bizinflform": 2131425.0, "tradepaymnetr": null, "cashneti": -1712690549.61, "accstaname": "\u65b0\u4f1a\u8ba1\u51c6\u5219", "cashnetr": -1712690549.61, "invnetcashflow": -1135629679.21, "netinvform": null, "finnetform": null, "payacticash": 623817791.55, "fininflform": null, "invoutfform": null}, {"laborgetcash": 3091127004.27, "inveredu": null, "unreinveloss": null, "bizcashinfl": 3093761490.58, "diviprofpaycash": null, "invcashoutf": 972328818.93, "accrexpeincr": null, "subspaynetcash": null, "finrelacash": null, "payworkcash": 204752891.15, "subspaydivid": null, "chgexchgchgs": null, "finnetcflow": 0.0, "receotherbizcash": 964801.85, "longdefeexpenamor": null, "acquassetcash": 272328818.93, "recefincash": null, "inspremcash": null, "netcashform": null, "bizcashoutf": 2869018769.28, "fininstnetr": null, "invrececash": null, "defetaxassetdecr": null, "inicashbala": 4487502970.2, "invcashinfl": 530522132.1, "paydivicash": null, "netcashscheitse": null, "defeincoincr": null, "disptradnetincr": null, "mananetr": 224742721.3, "debtintocapi": null, "defetaxliabincr": null, "adjustdate": "20160429", "enddate": "20160331", "assedepr": null, "biznetscheitse": null, "biznetform": null, "equfinalbala": null, "finoutfitse": null, "cashfinalbala": 4270439004.67, "fixedassetnetc": 17982.9, "cashfinalitse": null, "payintecash": null, "unfiparachg": null, "loansnetr": null, "incrcashpled": null, "biznetcflow": null, "asseimpa": null, "reducashpled": null, "invinffrom": null, "netprofit": null, "minysharrigh": null, "equopenbala": null, "inveloss": null, "valuechgloss": null, "receinvcash": 12868357.88, "bizoutfform": null, "biznetscheform": null, "finexpe": null, "intaasseamor": null, "taxrefd": 1364684.46, "biznetitse": null, "finnetitse": null, "invinflitse": null, "subsnetc": null, "unseparachg": null, "finoutfform": null, "recefromloan": null, "netinvitse": null, "estidebts": null, "payaincr": null, "fdsborrnetr": null, "realestadep": null, "reporttype": "100111", "dispfixedassetloss": null, "fininflitse": null, "finalcashbala": 4270439004.67, "cashfinalform": null, "invoutfitse": null, "netcashitse": null, "payinvecash": null, "fixedassescraloss": null, "savinetr": null, "subsrececash": null, "accstacode": "2", "fincashoutf": 0.0, "charintecash": null, "finfixedasset": null, "labopayc": 1933863597.57, "expiconvbd": null, "paycompgold": null, "inveretugetcash": 17635791.32, "compcode": "80064560", "prepexpedecr": null, "repnetincr": null, "issbdrececash": null, "loannetr": null, "withinvgetcash": 500000000.0, "invpayc": 700000000.0, "debtpaycash": null, "fincashinfl": 0.0, "cashopenbala": 4487502970.2, "netcashscheform": null, "begindate": "20160101", "bizoutfitse": null, "bizinflitse": null, "insnetc": null, "bankloannetincr": null, "receredu": null, "publishdate": "20160429", "other": null, "deponetr": null, "paytax": 406348215.91, "bizinflform": 305000.0, "tradepaymnetr": null, "cashneti": -217063965.53, "accstaname": "\u65b0\u4f1a\u8ba1\u51c6\u5219", "cashnetr": -217063965.53, "invnetcashflow": -441806686.83, "netinvform": null, "finnetform": null, "payacticash": 324054064.65, "fininflform": null, "invoutfform": null}, {"laborgetcash": 12318711621.39, "inveredu": 154284310.33, "unreinveloss": null, "bizcashinfl": 12347911604.4, "diviprofpaycash": 1278043000.0, "invcashoutf": 3145781217.14, "accrexpeincr": null, "subspaynetcash": null, "finrelacash": 1843600.0, "payworkcash": 553368989.99, "subspaydivid": null, "chgexchgchgs": null, "finnetcflow": -1279886600.0, "receotherbizcash": 7895329.89, "longdefeexpenamor": null, "acquassetcash": 744281217.14, "recefincash": null, "inspremcash": null, "netcashform": null, "bizcashoutf": 10153079948.05, "fininstnetr": null, "invrececash": null, "defetaxassetdecr": -11452680.3, "inicashbala": 3890294899.06, "invcashinfl": 2828044231.93, "paydivicash": null, "netcashscheitse": null, "defeincoincr": null, "disptradnetincr": null, "mananetr": 2194831656.35, "debtintocapi": null, "defetaxliabincr": null, "adjustdate": "20160310", "enddate": "20151231", "assedepr": 347206678.53, "biznetscheitse": null, "biznetform": null, "equfinalbala": null, "finoutfitse": null, "cashfinalbala": 4487502970.2, "fixedassetnetc": 779989.03, "cashfinalitse": null, "payintecash": null, "unfiparachg": null, "loansnetr": null, "incrcashpled": null, "biznetcflow": 2194831656.35, "asseimpa": null, "reducashpled": null, "invinffrom": null, "netprofit": 2509632367.33, "minysharrigh": null, "equopenbala": null, "inveloss": -70568046.26, "valuechgloss": null, "receinvcash": 56696196.64, "bizoutfform": null, "biznetscheform": 34523561.88, "finexpe": -47767821.9, "intaasseamor": 5818376.39, "taxrefd": 2707698.12, "biznetitse": null, "finnetitse": null, "invinflitse": null, "subsnetc": null, "unseparachg": null, "finoutfform": null, "recefromloan": null, "netinvitse": null, "estidebts": null, "payaincr": -715632228.91, "fdsborrnetr": null, "realestadep": 609310.88, "reporttype": "100111", "dispfixedassetloss": 497120.36, "fininflitse": null, "finalcashbala": 4487502970.2, "cashfinalform": null, "invoutfitse": null, "netcashitse": null, "payinvecash": null, "fixedassescraloss": null, "savinetr": null, "subsrececash": null, "accstacode": "2", "fincashoutf": 1279886600.0, "charintecash": null, "finfixedasset": null, "labopayc": 7242036735.72, "expiconvbd": null, "paycompgold": null, "inveretugetcash": 70568046.26, "compcode": "80064560", "prepexpedecr": null, "repnetincr": null, "issbdrececash": null, "loannetr": null, "withinvgetcash": 2700000000.0, "invpayc": 2400000000.0, "debtpaycash": null, "fincashinfl": 0.0, "cashopenbala": 3890294899.06, "netcashscheform": null, "begindate": "20150101", "bizoutfitse": null, "bizinflitse": null, "insnetc": null, "bankloannetincr": null, "receredu": -12319291.98, "publishdate": "20160310", "other": null, "deponetr": null, "paytax": 1379056518.92, "bizinflform": 18596955.0, "tradepaymnetr": null, "cashneti": 597208071.14, "accstaname": "\u65b0\u4f1a\u8ba1\u51c6\u5219", "cashnetr": 597208071.14, "invnetcashflow": -317736985.21, "netinvform": null, "finnetform": null, "payacticash": 978617703.42, "fininflform": null, "invoutfform": 1500000.0}, {"laborgetcash": 7756691853.48, "inveredu": null, "unreinveloss": null, "bizcashinfl": 7767485240.94, "diviprofpaycash": 1278043000.0, "invcashoutf": 2041315869.37, "accrexpeincr": null, "subspaynetcash": null, "finrelacash": 1843600.0, "payworkcash": 433591388.94, "subspaydivid": null, "chgexchgchgs": null, "finnetcflow": -1279886600.0, "receotherbizcash": 2248975.46, "longdefeexpenamor": null, "acquassetcash": 541315869.37, "recefincash": null, "inspremcash": null, "netcashform": null, "bizcashoutf": 7120190003.8, "fininstnetr": null, "invrececash": null, "defetaxassetdecr": null, "inicashbala": 3890294899.06, "invcashinfl": 1899257677.57, "paydivicash": null, "netcashscheitse": null, "defeincoincr": null, "disptradnetincr": null, "mananetr": 647295237.14, "debtintocapi": null, "defetaxliabincr": null, "adjustdate": "20151022", "enddate": "20150930", "assedepr": null, "biznetscheitse": null, "biznetform": null, "equfinalbala": null, "finoutfitse": null, "cashfinalbala": 3115645344.4, "fixedassetnetc": 1559742.3, "cashfinalitse": null, "payintecash": null, "unfiparachg": null, "loansnetr": null, "incrcashpled": null, "biznetcflow": null, "asseimpa": null, "reducashpled": null, "invinffrom": null, "netprofit": null, "minysharrigh": null, "equopenbala": null, "inveloss": null, "valuechgloss": null, "receinvcash": 47425974.39, "bizoutfform": null, "biznetscheform": null, "finexpe": null, "intaasseamor": null, "taxrefd": null, "biznetitse": null, "finnetitse": null, "invinflitse": null, "subsnetc": null, "unseparachg": null, "finoutfform": null, "recefromloan": null, "netinvitse": null, "estidebts": null, "payaincr": null, "fdsborrnetr": null, "realestadep": null, "reporttype": "100111", "dispfixedassetloss": null, "fininflitse": null, "finalcashbala": 3115645344.4, "cashfinalform": null, "invoutfitse": null, "netcashitse": null, "payinvecash": null, "fixedassescraloss": null, "savinetr": null, "subsrececash": null, "accstacode": "2", "fincashoutf": 1279886600.0, "charintecash": null, "finfixedasset": null, "labopayc": 5026561202.28, "expiconvbd": null, "paycompgold": null, "inveretugetcash": 50271960.88, "compcode": "80064560", "prepexpedecr": null, "repnetincr": null, "issbdrececash": null, "loannetr": null, "withinvgetcash": 1800000000.0, "invpayc": 1500000000.0, "debtpaycash": null, "fincashinfl": 0.0, "cashopenbala": 3890294899.06, "netcashscheform": null, "begindate": "20150101", "bizoutfitse": null, "bizinflitse": null, "insnetc": null, "bankloannetincr": null, "receredu": null, "publishdate": "20151022", "other": null, "deponetr": null, "paytax": 970926034.67, "bizinflform": 8544412.0, "tradepaymnetr": null, "cashneti": -774649554.66, "accstaname": "\u65b0\u4f1a\u8ba1\u51c6\u5219", "cashnetr": -774649554.66, "invnetcashflow": -142058191.8, "netinvform": null, "finnetform": null, "payacticash": 689111377.91, "fininflform": null, "invoutfform": null}, {"laborgetcash": 4835224341.22, "inveredu": 402777821.49, "unreinveloss": null, "bizcashinfl": 4844714342.91, "diviprofpaycash": 1278043000.0, "invcashoutf": 1560690356.99, "accrexpeincr": null, "subspaynetcash": null, "finrelacash": null, "payworkcash": 312871472.78, "subspaydivid": null, "chgexchgchgs": null, "finnetcflow": -1278043000.0, "receotherbizcash": 1228689.69, "longdefeexpenamor": null, "acquassetcash": 360690356.99, "recefincash": null, "inspremcash": null, "netcashform": null, "bizcashoutf": 4710458818.88, "fininstnetr": null, "invrececash": null, "defetaxassetdecr": 695085.0, "inicashbala": 3890294899.06, "invcashinfl": 1874679809.79, "paydivicash": null, "netcashscheitse": null, "defeincoincr": null, "disptradnetincr": null, "mananetr": 134255524.03, "debtintocapi": null, "defetaxliabincr": null, "adjustdate": "20150814", "enddate": "20150630", "assedepr": 167493554.31, "biznetscheitse": null, "biznetform": null, "equfinalbala": null, "finoutfitse": null, "cashfinalbala": 3060496875.89, "fixedassetnetc": 93687.68, "cashfinalitse": null, "payintecash": null, "unfiparachg": null, "loansnetr": null, "incrcashpled": null, "biznetcflow": 134255524.03, "asseimpa": null, "reducashpled": null, "invinffrom": null, "netprofit": 1335207840.62, "minysharrigh": null, "equopenbala": null, "inveloss": -36121350.84, "valuechgloss": null, "receinvcash": 38464771.27, "bizoutfform": null, "biznetscheform": 19023796.18, "finexpe": -30027391.65, "intaasseamor": 2877855.48, "taxrefd": null, "biznetitse": null, "finnetitse": null, "invinflitse": null, "subsnetc": null, "unseparachg": null, "finoutfform": null, "recefromloan": null, "netinvitse": null, "estidebts": null, "payaincr": -1757375366.71, "fdsborrnetr": null, "realestadep": 304655.41, "reporttype": "100111", "dispfixedassetloss": 62626.45, "fininflitse": null, "finalcashbala": 3060496875.89, "cashfinalform": null, "invoutfitse": null, "netcashitse": null, "payinvecash": null, "fixedassescraloss": null, "savinetr": null, "subsrececash": null, "accstacode": "2", "fincashoutf": 1278043000.0, "charintecash": null, "finfixedasset": null, "labopayc": 3286223660.85, "expiconvbd": null, "paycompgold": null, "inveretugetcash": 36121350.84, "compcode": "80064560", "prepexpedecr": null, "repnetincr": null, "issbdrececash": null, "loannetr": null, "withinvgetcash": 1800000000.0, "invpayc": 1200000000.0, "debtpaycash": null, "fincashinfl": 0.0, "cashopenbala": 3890294899.06, "netcashscheform": null, "begindate": "20150101", "bizoutfitse": null, "bizinflitse": null, "insnetc": null, "bankloannetincr": null, "receredu": 29336398.29, "publishdate": "20150814", "other": null, "deponetr": null, "paytax": 656897640.33, "bizinflform": 8261312.0, "tradepaymnetr": null, "cashneti": -829798023.17, "accstaname": "\u65b0\u4f1a\u8ba1\u51c6\u5219", "cashnetr": -829798023.17, "invnetcashflow": 313989452.8, "netinvform": null, "finnetform": null, "payacticash": 454466044.92, "fininflform": null, "invoutfform": null}, {"laborgetcash": 2031194304.05, "inveredu": null, "unreinveloss": null, "bizcashinfl": 2039865961.25, "diviprofpaycash": null, "invcashoutf": 189403229.76, "accrexpeincr": null, "subspaynetcash": null, "finrelacash": null, "payworkcash": 200774023.48, "subspaydivid": null, "chgexchgchgs": null, "finnetcflow": 0.0, "receotherbizcash": 586492.2, "longdefeexpenamor": null, "acquassetcash": 189403229.76, "recefincash": null, "inspremcash": null, "netcashform": null, "bizcashoutf": 2621344877.14, "fininstnetr": null, "invrececash": null, "defetaxassetdecr": null, "inicashbala": 3890294899.06, "invcashinfl": 1221907461.43, "paydivicash": null, "netcashscheitse": null, "defeincoincr": null, "disptradnetincr": null, "mananetr": -581478915.89, "debtintocapi": null, "defetaxliabincr": null, "adjustdate": "20150430", "enddate": "20150331", "assedepr": null, "biznetscheitse": null, "biznetform": null, "equfinalbala": null, "finoutfitse": null, "cashfinalbala": 4341320214.84, "fixedassetnetc": 170.94, "cashfinalitse": null, "payintecash": null, "unfiparachg": null, "loansnetr": null, "incrcashpled": null, "biznetcflow": null, "asseimpa": null, "reducashpled": null, "invinffrom": null, "netprofit": null, "minysharrigh": null, "equopenbala": null, "inveloss": null, "valuechgloss": null, "receinvcash": 21907290.49, "bizoutfform": null, "biznetscheform": null, "finexpe": null, "intaasseamor": null, "taxrefd": null, "biznetitse": null, "finnetitse": null, "invinflitse": null, "subsnetc": null, "unseparachg": null, "finoutfform": null, "recefromloan": null, "netinvitse": null, "estidebts": null, "payaincr": null, "fdsborrnetr": null, "realestadep": null, "reporttype": "100111", "dispfixedassetloss": null, "fininflitse": null, "finalcashbala": 4341320214.84, "cashfinalform": null, "invoutfitse": null, "netcashitse": null, "payinvecash": null, "fixedassescraloss": null, "savinetr": null, "subsrececash": null, "accstacode": "2", "fincashoutf": 0.0, "charintecash": null, "finfixedasset": null, "labopayc": 1817083574.69, "expiconvbd": null, "paycompgold": null, "inveretugetcash": null, "compcode": "80064560", "prepexpedecr": null, "repnetincr": null, "issbdrececash": null, "loannetr": null, "withinvgetcash": 1200000000.0, "invpayc": null, "debtpaycash": null, "fincashinfl": 0.0, "cashopenbala": 3890294899.06, "netcashscheform": null, "begindate": "20150101", "bizoutfitse": null, "bizinflitse": null, "insnetc": null, "bankloannetincr": null, "receredu": null, "publishdate": "20150430", "other": null, "deponetr": null, "paytax": 334586081.58, "bizinflform": 8085165.0, "tradepaymnetr": null, "cashneti": 451025315.78, "accstaname": "\u65b0\u4f1a\u8ba1\u51c6\u5219", "cashnetr": 451025315.78, "invnetcashflow": 1032504231.67, "netinvform": null, "finnetform": null, "payacticash": 268901197.39, "fininflform": null, "invoutfform": null}, {"laborgetcash": 11791152786.28, "inveredu": -140963545.42, "unreinveloss": null, "bizcashinfl": 11874502222.98, "diviprofpaycash": 374250000.0, "invcashoutf": 2715606869.11, "accrexpeincr": null, "subspaynetcash": 1000000.0, "finrelacash": 6875168.54, "payworkcash": 497562615.95, "subspaydivid": null, "chgexchgchgs": 486.0, "finnetcflow": 1537358006.46, "receotherbizcash": 18724054.16, "longdefeexpenamor": null, "acquassetcash": 881597421.73, "recefincash": null, "inspremcash": null, "netcashform": null, "bizcashoutf": 9135171397.37, "fininstnetr": null, "invrececash": 1856109375.0, "defetaxassetdecr": -19106439.65, "inicashbala": 2218934378.71, "invcashinfl": 110278071.39, "paydivicash": null, "netcashscheitse": null, "defeincoincr": null, "disptradnetincr": null, "mananetr": 2739330825.61, "debtintocapi": null, "defetaxliabincr": -10097094.96, "adjustdate": "20150310", "enddate": "20141231", "assedepr": 278241476.55, "biznetscheitse": null, "biznetform": null, "equfinalbala": null, "finoutfitse": null, "cashfinalbala": 3890294899.06, "fixedassetnetc": 69833831.47, "cashfinalitse": null, "payintecash": null, "unfiparachg": null, "loansnetr": null, "incrcashpled": null, "biznetcflow": 2739330825.61, "asseimpa": null, "reducashpled": null, "invinffrom": null, "netprofit": 2089906049.53, "minysharrigh": null, "equopenbala": null, "inveloss": null, "valuechgloss": null, "receinvcash": 40444239.92, "bizoutfform": null, "biznetscheform": 6394720.66, "finexpe": -49635066.98, "intaasseamor": 3941422.94, "taxrefd": null, "biznetitse": null, "finnetitse": null, "invinflitse": null, "subsnetc": null, "unseparachg": null, "finoutfform": null, "recefromloan": null, "netinvitse": null, "estidebts": null, "payaincr": 649676819.8, "fdsborrnetr": null, "realestadep": 609310.83, "reporttype": "100111", "dispfixedassetloss": -60161420.0, "fininflitse": null, "finalcashbala": 3890294899.06, "cashfinalform": null, "invoutfitse": null, "netcashitse": null, "payinvecash": null, "fixedassescraloss": null, "savinetr": null, "subsrececash": 1000000.0, "accstacode": "2", "fincashoutf": 434625168.54, "charintecash": null, "finfixedasset": null, "labopayc": 6664461888.48, "expiconvbd": null, "paycompgold": null, "inveretugetcash": null, "compcode": "80064560", "prepexpedecr": null, "repnetincr": null, "issbdrececash": null, "loannetr": null, "withinvgetcash": null, "invpayc": 1800000000.0, "debtpaycash": 53500000.0, "fincashinfl": 1971983175.0, "cashopenbala": 2218934378.71, "netcashscheform": null, "begindate": "20140101", "bizoutfitse": null, "bizinflitse": null, "insnetc": null, "bankloannetincr": null, "receredu": -9475407.69, "publishdate": "20150310", "other": null, "deponetr": null, "paytax": 1174125207.95, "bizinflform": 64625382.54, "tradepaymnetr": null, "cashneti": 1671360520.35, "accstaname": "\u65b0\u4f1a\u8ba1\u51c6\u5219", "cashnetr": 1671360520.35, "invnetcashflow": -2605328797.72, "netinvform": null, "finnetform": null, "payacticash": 799021684.99, "fininflform": 115873800.0, "invoutfform": 33009447.38}, {"laborgetcash": 7095479339.4, "inveredu": null, "unreinveloss": null, "bizcashinfl": 7112464432.41, "diviprofpaycash": 374250000.0, "invcashoutf": 2495578793.59, "accrexpeincr": null, "subspaynetcash": null, "finrelacash": 6875168.54, "payworkcash": 426278011.6, "subspaydivid": null, "chgexchgchgs": 1191.38, "finnetcflow": 1421484206.46, "receotherbizcash": 16985093.01, "longdefeexpenamor": null, "acquassetcash": 674578793.59, "recefincash": null, "inspremcash": null, "netcashform": null, "bizcashoutf": 6479934764.23, "fininstnetr": null, "invrececash": 1856109375.0, "defetaxassetdecr": null, "inicashbala": 2218934378.71, "invcashinfl": 92542317.96, "paydivicash": null, "netcashscheitse": null, "defeincoincr": null, "disptradnetincr": null, "mananetr": 632529668.18, "debtintocapi": null, "defetaxliabincr": null, "adjustdate": "20141021", "enddate": "20140930", "assedepr": null, "biznetscheitse": null, "biznetform": null, "equfinalbala": null, "finoutfitse": null, "cashfinalbala": 1869912969.1, "fixedassetnetc": 73863620.93, "cashfinalitse": null, "payintecash": null, "unfiparachg": null, "loansnetr": null, "incrcashpled": null, "biznetcflow": null, "asseimpa": null, "reducashpled": null, "invinffrom": null, "netprofit": null, "minysharrigh": null, "equopenbala": null, "inveloss": null, "valuechgloss": null, "receinvcash": 18678697.03, "bizoutfform": null, "biznetscheform": null, "finexpe": null, "intaasseamor": null, "taxrefd": null, "biznetitse": null, "finnetitse": null, "invinflitse": null, "subsnetc": null, "unseparachg": null, "finoutfform": null, "recefromloan": null, "netinvitse": null, "estidebts": null, "payaincr": null, "fdsborrnetr": null, "realestadep": null, "reporttype": "100111", "dispfixedassetloss": null, "fininflitse": null, "finalcashbala": 1869912969.1, "cashfinalform": null, "invoutfitse": null, "netcashitse": null, "payinvecash": null, "fixedassescraloss": null, "savinetr": null, "subsrececash": 1000000.0, "accstacode": "2", "fincashoutf": 434625168.54, "charintecash": null, "finfixedasset": null, "labopayc": 4663709219.69, "expiconvbd": null, "paycompgold": null, "inveretugetcash": null, "compcode": "80064560", "prepexpedecr": null, "repnetincr": null, "issbdrececash": null, "loannetr": null, "withinvgetcash": null, "invpayc": 1821000000.0, "debtpaycash": 53500000.0, "fincashinfl": 1856109375.0, "cashopenbala": 2218934378.71, "netcashscheform": null, "begindate": "20140101", "bizoutfitse": null, "bizinflitse": null, "insnetc": null, "bankloannetincr": null, "receredu": null, "publishdate": "20141021", "other": null, "deponetr": null, "paytax": 886325696.62, "bizinflform": null, "tradepaymnetr": null, "cashneti": -349021409.61, "accstaname": "\u65b0\u4f1a\u8ba1\u51c6\u5219", "cashnetr": -349021409.61, "invnetcashflow": -2403036475.63, "netinvform": null, "finnetform": null, "payacticash": 503621836.32, "fininflform": null, "invoutfform": null}, {"laborgetcash": 4404915075.91, "inveredu": 346786111.0, "unreinveloss": null, "bizcashinfl": 4421253739.34, "diviprofpaycash": 374250000.0, "invcashoutf": 1974046259.94, "accrexpeincr": null, "subspaynetcash": null, "finrelacash": 6875168.54, "payworkcash": 291867743.74, "subspaydivid": null, "chgexchgchgs": 1437.23, "finnetcflow": 1474984206.46, "receotherbizcash": 1314830.89, "longdefeexpenamor": null, "acquassetcash": 394235654.94, "recefincash": null, "inspremcash": null, "netcashform": null, "bizcashoutf": 4313505734.91, "fininstnetr": null, "invrececash": 1856109375.0, "defetaxassetdecr": 10247766.69, "inicashbala": 2218934378.71, "invcashinfl": 85120672.39, "paydivicash": null, "netcashscheitse": null, "defeincoincr": null, "disptradnetincr": null, "mananetr": 107748004.43, "debtintocapi": null, "defetaxliabincr": 27350213.95, "adjustdate": "20140820", "enddate": "20140630", "assedepr": 128082743.02, "biznetscheitse": null, "biznetform": null, "equfinalbala": null, "finoutfitse": null, "cashfinalbala": 1912742439.28, "fixedassetnetc": 71361566.75, "cashfinalitse": null, "payintecash": null, "unfiparachg": null, "loansnetr": null, "incrcashpled": null, "biznetcflow": 107748004.43, "asseimpa": null, "reducashpled": null, "invinffrom": null, "netprofit": 1095412034.39, "minysharrigh": null, "equopenbala": null, "inveloss": null, "valuechgloss": null, "receinvcash": 13759105.64, "bizoutfform": null, "biznetscheform": null, "finexpe": -15555302.26, "intaasseamor": 1453313.55, "taxrefd": null, "biznetitse": null, "finnetitse": null, "invinflitse": null, "subsnetc": null, "unseparachg": null, "finoutfform": null, "recefromloan": null, "netinvitse": null, "estidebts": null, "payaincr": -1467763703.76, "fdsborrnetr": null, "realestadep": 304655.41, "reporttype": "100111", "dispfixedassetloss": -60733699.85, "fininflitse": null, "finalcashbala": 1912742439.28, "cashfinalform": null, "invoutfitse": null, "netcashitse": null, "payinvecash": null, "fixedassescraloss": null, "savinetr": null, "subsrececash": 1000000.0, "accstacode": "2", "fincashoutf": 381125168.54, "charintecash": null, "finfixedasset": null, "labopayc": 3043965738.66, "expiconvbd": null, "paycompgold": null, "inveretugetcash": null, "compcode": "80064560", "prepexpedecr": null, "repnetincr": null, "issbdrececash": null, "loannetr": null, "withinvgetcash": null, "invpayc": 1500000000.0, "debtpaycash": null, "fincashinfl": 1856109375.0, "cashopenbala": 2218934378.71, "netcashscheform": null, "begindate": "20140101", "bizoutfitse": null, "bizinflitse": null, "insnetc": null, "bankloannetincr": null, "receredu": 42163872.29, "publishdate": "20140820", "other": null, "deponetr": null, "paytax": 623668697.61, "bizinflform": 15023832.54, "tradepaymnetr": null, "cashneti": -306191939.43, "accstaname": "\u65b0\u4f1a\u8ba1\u51c6\u5219", "cashnetr": -306191939.43, "invnetcashflow": -1888925587.55, "netinvform": null, "finnetform": null, "payacticash": 354003554.9, "fininflform": null, "invoutfform": 79810605.0}, {"laborgetcash": 1929105267.62, "inveredu": null, "unreinveloss": null, "bizcashinfl": 1929967455.86, "diviprofpaycash": null, "invcashoutf": 179850482.65, "accrexpeincr": null, "subspaynetcash": null, "finrelacash": 2316210.54, "payworkcash": 185789114.4, "subspaydivid": null, "chgexchgchgs": -2609.69, "finnetcflow": 1852793164.46, "receotherbizcash": 862188.24, "longdefeexpenamor": null, "acquassetcash": 179850482.65, "recefincash": null, "inspremcash": null, "netcashform": null, "bizcashoutf": 2333543009.65, "fininstnetr": null, "invrececash": 1855109375.0, "defetaxassetdecr": null, "inicashbala": 2218934378.71, "invcashinfl": 73472339.28, "paydivicash": null, "netcashscheitse": null, "defeincoincr": null, "disptradnetincr": null, "mananetr": -403575553.79, "debtintocapi": null, "defetaxliabincr": null, "adjustdate": "20140430", "enddate": "20140331", "assedepr": null, "biznetscheitse": null, "biznetform": null, "equfinalbala": null, "finoutfitse": null, "cashfinalbala": 3561771236.32, "fixedassetnetc": 66504212.38, "cashfinalitse": null, "payintecash": null, "unfiparachg": null, "loansnetr": null, "incrcashpled": null, "biznetcflow": null, "asseimpa": null, "reducashpled": null, "invinffrom": null, "netprofit": null, "minysharrigh": null, "equopenbala": null, "inveloss": null, "valuechgloss": null, "receinvcash": 6968126.9, "bizoutfform": null, "biznetscheform": null, "finexpe": null, "intaasseamor": null, "taxrefd": null, "biznetitse": null, "finnetitse": null, "invinflitse": null, "subsnetc": null, "unseparachg": null, "finoutfform": null, "recefromloan": null, "netinvitse": null, "estidebts": null, "payaincr": null, "fdsborrnetr": null, "realestadep": null, "reporttype": "100111", "dispfixedassetloss": null, "fininflitse": null, "finalcashbala": 3561771236.32, "cashfinalform": null, "invoutfitse": null, "netcashitse": null, "payinvecash": null, "fixedassescraloss": null, "savinetr": null, "subsrececash": null, "accstacode": "2", "fincashoutf": 2316210.54, "charintecash": null, "finfixedasset": null, "labopayc": 1635118070.86, "expiconvbd": null, "paycompgold": null, "inveretugetcash": null, "compcode": "80064560", "prepexpedecr": null, "repnetincr": null, "issbdrececash": null, "loannetr": null, "withinvgetcash": null, "invpayc": null, "debtpaycash": null, "fincashinfl": 1855109375.0, "cashopenbala": 2218934378.71, "netcashscheform": null, "begindate": "20140101", "bizoutfitse": null, "bizinflitse": null, "insnetc": null, "bankloannetincr": null, "receredu": null, "publishdate": "20140430", "other": null, "deponetr": null, "paytax": 314225022.32, "bizinflform": null, "tradepaymnetr": null, "cashneti": 1342836857.61, "accstaname": "\u65b0\u4f1a\u8ba1\u51c6\u5219", "cashnetr": 1342836857.61, "invnetcashflow": -106378143.37, "netinvform": null, "finnetform": null, "payacticash": 198410802.07, "fininflform": null, "invoutfform": null}, {"laborgetcash": 9905851760.59, "inveredu": -160548042.34, "unreinveloss": null, "bizcashinfl": 9926053318.92, "diviprofpaycash": 1350900000.0, "invcashoutf": 1013655627.57, "accrexpeincr": null, "subspaynetcash": null, "finrelacash": 3390230.38, "payworkcash": 426519608.51, "subspaydivid": null, "chgexchgchgs": -10392.25, "finnetcflow": -1354290230.38, "receotherbizcash": 3772614.52, "longdefeexpenamor": null, "acquassetcash": 1013655627.57, "recefincash": null, "inspremcash": null, "netcashform": null, "bizcashoutf": 7995865889.51, "fininstnetr": null, "invrececash": null, "defetaxassetdecr": -23916698.7, "inicashbala": 2309987189.43, "invcashinfl": 346716010.07, "paydivicash": null, "netcashscheitse": null, "defeincoincr": null, "disptradnetincr": null, "mananetr": 1930187429.41, "debtintocapi": null, "defetaxliabincr": 6526715.8, "adjustdate": "20140325", "enddate": "20131231", "assedepr": 219694983.14, "biznetscheitse": null, "biznetform": null, "equfinalbala": null, "finoutfitse": null, "cashfinalbala": 2218934378.71, "fixedassetnetc": 171577839.96, "cashfinalitse": null, "payintecash": null, "unfiparachg": null, "loansnetr": null, "incrcashpled": null, "biznetcflow": 1930187429.41, "asseimpa": null, "reducashpled": null, "invinffrom": null, "netprofit": 1606418791.67, "minysharrigh": null, "equopenbala": null, "inveloss": null, "valuechgloss": null, "receinvcash": 17568510.11, "bizoutfform": null, "biznetscheform": null, "finexpe": -17499057.37, "intaasseamor": 4660469.56, "taxrefd": null, "biznetitse": null, "finnetitse": null, "invinflitse": null, "subsnetc": null, "unseparachg": null, "finoutfform": null, "recefromloan": null, "netinvitse": null, "estidebts": null, "payaincr": 396076991.42, "fdsborrnetr": null, "realestadep": 607223.1, "reporttype": "100111", "dispfixedassetloss": -61229926.04, "fininflitse": null, "finalcashbala": 2218934378.71, "cashfinalform": null, "invoutfitse": null, "netcashitse": null, "payinvecash": null, "fixedassescraloss": null, "savinetr": null, "subsrececash": null, "accstacode": "2", "fincashoutf": 1354290230.38, "charintecash": null, "finfixedasset": null, "labopayc": 5866112968.88, "expiconvbd": null, "paycompgold": null, "inveretugetcash": null, "compcode": "80064560", "prepexpedecr": null, "repnetincr": null, "issbdrececash": null, "loannetr": null, "withinvgetcash": 157569660.0, "invpayc": null, "debtpaycash": null, "fincashinfl": 0.0, "cashopenbala": 2309987189.43, "netcashscheform": null, "begindate": "20130101", "bizoutfitse": null, "bizinflitse": null, "insnetc": null, "bankloannetincr": null, "receredu": -40604020.83, "publishdate": "20140325", "other": null, "deponetr": null, "paytax": 1024900192.31, "bizinflform": 16428943.81, "tradepaymnetr": null, "cashneti": -91052810.72, "accstaname": "\u65b0\u4f1a\u8ba1\u51c6\u5219", "cashnetr": -91052810.72, "invnetcashflow": -666939617.5, "netinvform": null, "finnetform": null, "payacticash": 678333119.81, "fininflform": null, "invoutfform": null}, {"laborgetcash": 6088054256.08, "inveredu": null, "unreinveloss": null, "bizcashinfl": 6093132723.06, "diviprofpaycash": 1350900000.0, "invcashoutf": 744336357.93, "accrexpeincr": null, "subspaynetcash": null, "finrelacash": 3408344.38, "payworkcash": 340185640.37, "subspaydivid": null, "chgexchgchgs": -7561.84, "finnetcflow": -1354308344.38, "receotherbizcash": 2104618.98, "longdefeexpenamor": null, "acquassetcash": 744336357.93, "recefincash": null, "inspremcash": null, "netcashform": null, "bizcashoutf": 5910014909.97, "fininstnetr": null, "invrececash": null, "defetaxassetdecr": null, "inicashbala": null, "invcashinfl": 323775379.42, "paydivicash": null, "netcashscheitse": null, "defeincoincr": null, "disptradnetincr": null, "mananetr": 183117813.09, "debtintocapi": null, "defetaxliabincr": null, "adjustdate": "20140115", "enddate": "20130930", "assedepr": null, "biznetscheitse": null, "biznetform": null, "equfinalbala": null, "finoutfitse": null, "cashfinalbala": null, "fixedassetnetc": 151495281.47, "cashfinalitse": null, "payintecash": null, "unfiparachg": null, "loansnetr": null, "incrcashpled": null, "biznetcflow": null, "asseimpa": null, "reducashpled": null, "invinffrom": null, "netprofit": null, "minysharrigh": null, "equopenbala": null, "inveloss": null, "valuechgloss": null, "receinvcash": 14710437.95, "bizoutfform": null, "biznetscheform": null, "finexpe": null, "intaasseamor": null, "taxrefd": null, "biznetitse": null, "finnetitse": null, "invinflitse": null, "subsnetc": null, "unseparachg": null, "finoutfform": null, "recefromloan": null, "netinvitse": null, "estidebts": null, "payaincr": null, "fdsborrnetr": null, "realestadep": null, "reporttype": "100111", "dispfixedassetloss": null, "fininflitse": null, "finalcashbala": null, "cashfinalform": null, "invoutfitse": null, "netcashitse": null, "payinvecash": null, "fixedassescraloss": null, "savinetr": null, "subsrececash": null, "accstacode": "2", "fincashoutf": 1354308344.38, "charintecash": null, "finfixedasset": null, "labopayc": 4306220602.02, "expiconvbd": null, "paycompgold": null, "inveretugetcash": null, "compcode": "80064560", "prepexpedecr": null, "repnetincr": null, "issbdrececash": null, "loannetr": null, "withinvgetcash": 157569660.0, "invpayc": null, "debtpaycash": null, "fincashinfl": 0.0, "cashopenbala": null, "netcashscheform": null, "begindate": "20130101", "bizoutfitse": null, "bizinflitse": null, "insnetc": null, "bankloannetincr": null, "receredu": null, "publishdate": "20140115", "other": null, "deponetr": null, "paytax": 773714506.48, "bizinflform": 2973848.0, "tradepaymnetr": null, "cashneti": null, "accstaname": "\u65b0\u4f1a\u8ba1\u51c6\u5219", "cashnetr": -1591759071.64, "invnetcashflow": -420560978.51, "netinvform": null, "finnetform": null, "payacticash": 489894161.1, "fininflform": null, "invoutfform": null}, {"laborgetcash": 3760879141.08, "inveredu": 114753595.28, "unreinveloss": null, "bizcashinfl": 3765141410.57, "diviprofpaycash": 746550000.0, "invcashoutf": 413445921.75, "accrexpeincr": null, "subspaynetcash": null, "finrelacash": 1711738.29, "payworkcash": 226528469.55, "subspaydivid": null, "chgexchgchgs": -110655.65, "finnetcflow": -748261738.29, "receotherbizcash": 1629921.49, "longdefeexpenamor": null, "acquassetcash": 413445921.75, "recefincash": null, "inspremcash": null, "netcashform": null, "bizcashoutf": 4111837712.92, "fininstnetr": null, "invrececash": null, "defetaxassetdecr": -3517737.08, "inicashbala": 2309987189.43, "invcashinfl": 320222916.67, "paydivicash": null, "netcashscheitse": null, "defeincoincr": null, "disptradnetincr": null, "mananetr": -346696302.35, "debtintocapi": null, "defetaxliabincr": -899632.79, "adjustdate": "20140115", "enddate": "20130630", "assedepr": 102231037.64, "biznetscheitse": null, "biznetform": null, "equfinalbala": null, "finoutfitse": null, "cashfinalbala": 1121695488.06, "fixedassetnetc": 151251654.03, "cashfinalitse": null, "payintecash": null, "unfiparachg": null, "loansnetr": null, "incrcashpled": null, "biznetcflow": -346696302.35, "asseimpa": null, "reducashpled": null, "invinffrom": null, "netprofit": 863887489.02, "minysharrigh": null, "equopenbala": null, "inveloss": null, "valuechgloss": null, "receinvcash": 11401602.64, "bizoutfform": null, "biznetscheform": null, "finexpe": -11401602.64, "intaasseamor": 2770079.35, "taxrefd": null, "biznetitse": null, "finnetitse": null, "invinflitse": null, "subsnetc": null, "unseparachg": null, "finoutfform": null, "recefromloan": null, "netinvitse": null, "estidebts": null, "payaincr": -1328005388.91, "fdsborrnetr": null, "realestadep": 229294.84, "reporttype": "100111", "dispfixedassetloss": -64481283.58, "fininflitse": null, "finalcashbala": 1121695488.06, "cashfinalform": null, "invoutfitse": null, "netcashitse": null, "payinvecash": null, "fixedassescraloss": null, "savinetr": null, "subsrececash": null, "accstacode": "2", "fincashoutf": 748261738.29, "charintecash": null, "finfixedasset": null, "labopayc": 2970635006.75, "expiconvbd": null, "paycompgold": null, "inveretugetcash": null, "compcode": "80064560", "prepexpedecr": null, "repnetincr": null, "issbdrececash": null, "loannetr": null, "withinvgetcash": 157569660.0, "invpayc": null, "debtpaycash": null, "fincashinfl": 0.0, "cashopenbala": 2309987189.43, "netcashscheform": null, "begindate": "20130101", "bizoutfitse": null, "bizinflitse": null, "insnetc": null, "bankloannetincr": null, "receredu": -22262153.48, "publishdate": "20140115", "other": null, "deponetr": null, "paytax": 578430234.16, "bizinflform": 2632348.0, "tradepaymnetr": null, "cashneti": -1188291701.37, "accstaname": "\u65b0\u4f1a\u8ba1\u51c6\u5219", "cashnetr": -1188291701.37, "invnetcashflow": -93223005.08, "netinvform": null, "finnetform": null, "payacticash": 336244002.46, "fininflform": null, "invoutfform": null}, {"laborgetcash": 1567803417.19, "inveredu": null, "unreinveloss": null, "bizcashinfl": 1569937069.0, "diviprofpaycash": 694291500.0, "invcashoutf": 259059446.42, "accrexpeincr": null, "subspaynetcash": null, "finrelacash": null, "payworkcash": 138670139.69, "subspaydivid": null, "chgexchgchgs": -5998.78, "finnetcflow": -694291500.0, "receotherbizcash": 2133651.81, "longdefeexpenamor": null, "acquassetcash": 259059446.42, "recefincash": null, "inspremcash": null, "netcashform": null, "bizcashoutf": 2079420727.67, "fininstnetr": null, "invrececash": null, "defetaxassetdecr": null, "inicashbala": 2309987189.43, "invcashinfl": 5875276.33, "paydivicash": null, "netcashscheitse": null, "defeincoincr": null, "disptradnetincr": null, "mananetr": -509483658.67, "debtintocapi": null, "defetaxliabincr": null, "adjustdate": "20140430", "enddate": "20130331", "assedepr": null, "biznetscheitse": null, "biznetform": null, "equfinalbala": null, "finoutfitse": null, "cashfinalbala": 853021861.89, "fixedassetnetc": 125946.83, "cashfinalitse": null, "payintecash": null, "unfiparachg": null, "loansnetr": null, "incrcashpled": null, "biznetcflow": null, "asseimpa": null, "reducashpled": null, "invinffrom": null, "netprofit": null, "minysharrigh": null, "equopenbala": null, "inveloss": null, "valuechgloss": null, "receinvcash": 5749329.5, "bizoutfform": null, "biznetscheform": null, "finexpe": null, "intaasseamor": null, "taxrefd": null, "biznetitse": null, "finnetitse": null, "invinflitse": null, "subsnetc": null, "unseparachg": null, "finoutfform": null, "recefromloan": null, "netinvitse": null, "estidebts": null, "payaincr": null, "fdsborrnetr": null, "realestadep": null, "reporttype": "100111", "dispfixedassetloss": null, "fininflitse": null, "finalcashbala": 853021861.89, "cashfinalform": null, "invoutfitse": null, "netcashitse": null, "payinvecash": null, "fixedassescraloss": null, "savinetr": null, "subsrececash": null, "accstacode": "2", "fincashoutf": 694291500.0, "charintecash": null, "finfixedasset": null, "labopayc": 1457499563.69, "expiconvbd": null, "paycompgold": null, "inveretugetcash": null, "compcode": "80064560", "prepexpedecr": null, "repnetincr": null, "issbdrececash": null, "loannetr": null, "withinvgetcash": null, "invpayc": null, "debtpaycash": null, "fincashinfl": 0.0, "cashopenbala": 2309987189.43, "netcashscheform": null, "begindate": "20130101", "bizoutfitse": null, "bizinflitse": null, "insnetc": null, "bankloannetincr": null, "receredu": null, "publishdate": "20140430", "other": null, "deponetr": null, "paytax": 322153709.38, "bizinflform": null, "tradepaymnetr": null, "cashneti": -1456965327.54, "accstaname": "\u65b0\u4f1a\u8ba1\u51c6\u5219", "cashnetr": -1456965327.54, "invnetcashflow": -253184170.09, "netinvform": null, "finnetform": null, "payacticash": 161097314.91, "fininflform": null, "invoutfform": null}, {"laborgetcash": 9132615975.63, "inveredu": -144645256.92, "unreinveloss": null, "bizcashinfl": 9144915043.01, "diviprofpaycash": 634212000.0, "invcashoutf": 629026859.4, "accrexpeincr": null, "subspaynetcash": null, "finrelacash": 3660700.37, "payworkcash": 307266987.14, "subspaydivid": null, "chgexchgchgs": -44.12, "finnetcflow": -637872700.37, "receotherbizcash": 2397155.41, "longdefeexpenamor": null, "acquassetcash": 471457199.4, "recefincash": null, "inspremcash": null, "netcashform": null, "bizcashoutf": 6973779810.5, "fininstnetr": null, "invrececash": null, "defetaxassetdecr": -11515684.18, "inicashbala": 1390763809.02, "invcashinfl": 14987751.79, "paydivicash": null, "netcashscheitse": null, "defeincoincr": null, "disptradnetincr": null, "mananetr": 2171135232.51, "debtintocapi": null, "defetaxliabincr": 2557578.89, "adjustdate": "20140115", "enddate": "20121231", "assedepr": 193219276.65, "biznetscheitse": null, "biznetform": null, "equfinalbala": null, "finoutfitse": null, "cashfinalbala": 2309987189.43, "fixedassetnetc": 3652678.69, "cashfinalitse": null, "payintecash": null, "unfiparachg": null, "loansnetr": null, "incrcashpled": null, "biznetcflow": 2171135232.51, "asseimpa": null, "reducashpled": null, "invinffrom": null, "netprofit": 1207566852.96, "minysharrigh": null, "equopenbala": null, "inveloss": null, "valuechgloss": null, "receinvcash": 11335073.1, "bizoutfform": null, "biznetscheform": null, "finexpe": -11895342.92, "intaasseamor": 5884690.05, "taxrefd": null, "biznetitse": null, "finnetitse": null, "invinflitse": null, "subsnetc": null, "unseparachg": null, "finoutfform": null, "recefromloan": null, "netinvitse": null, "estidebts": null, "payaincr": 940834452.7, "fdsborrnetr": null, "realestadep": 525965.22, "reporttype": "100111", "dispfixedassetloss": -600599.61, "fininflitse": null, "finalcashbala": 2309987189.43, "cashfinalform": null, "invoutfitse": null, "netcashitse": null, "payinvecash": null, "fixedassescraloss": null, "savinetr": null, "subsrececash": null, "accstacode": "2", "fincashoutf": 637872700.37, "charintecash": null, "finfixedasset": null, "labopayc": 5246921544.54, "expiconvbd": null, "paycompgold": null, "inveretugetcash": null, "compcode": "80064560", "prepexpedecr": null, "repnetincr": null, "issbdrececash": null, "loannetr": null, "withinvgetcash": null, "invpayc": 157569660.0, "debtpaycash": null, "fincashinfl": 0.0, "cashopenbala": 1390763809.02, "netcashscheform": null, "begindate": "20120101", "bizoutfitse": null, "bizinflitse": null, "insnetc": null, "bankloannetincr": null, "receredu": -10796700.33, "publishdate": "20140115", "other": null, "deponetr": null, "paytax": 779038742.25, "bizinflform": 9901911.97, "tradepaymnetr": null, "cashneti": 919223380.41, "accstaname": "\u65b0\u4f1a\u8ba1\u51c6\u5219", "cashnetr": 919223380.41, "invnetcashflow": -614039107.61, "netinvform": null, "finnetform": null, "payacticash": 640552536.57, "fininflform": null, "invoutfform": null}, {"laborgetcash": 7194588384.62, "inveredu": -107995182.71, "unreinveloss": null, "bizcashinfl": 7212508194.28, "diviprofpaycash": 398871000.0, "invcashoutf": 599970436.27, "accrexpeincr": null, "subspaynetcash": null, "finrelacash": 3927161.89, "payworkcash": 229663897.46, "subspaydivid": null, "chgexchgchgs": -18504.52, "finnetcflow": -402798161.89, "receotherbizcash": 12711096.11, "longdefeexpenamor": null, "acquassetcash": 549970436.27, "recefincash": null, "inspremcash": null, "netcashform": null, "bizcashoutf": 6040533045.43, "fininstnetr": null, "invrececash": null, "defetaxassetdecr": -12680593.16, "inicashbala": 1138861167.73, "invcashinfl": 82714595.12, "paydivicash": null, "netcashscheitse": null, "defeincoincr": null, "disptradnetincr": null, "mananetr": 1171975148.85, "debtintocapi": null, "defetaxliabincr": 806308.76, "adjustdate": "20140115", "enddate": "20111231", "assedepr": 115460141.26, "biznetscheitse": null, "biznetform": null, "equfinalbala": null, "finoutfitse": null, "cashfinalbala": 1390763809.02, "fixedassetnetc": 24657741.8, "cashfinalitse": null, "payintecash": null, "unfiparachg": null, "loansnetr": null, "incrcashpled": null, "biznetcflow": 1171975148.85, "asseimpa": null, "reducashpled": null, "invinffrom": null, "netprofit": 955684713.08, "minysharrigh": null, "equopenbala": null, "inveloss": -774491.22, "valuechgloss": null, "receinvcash": 7282362.1, "bizoutfform": null, "biznetscheform": null, "finexpe": -7282362.1, "intaasseamor": 5880023.39, "taxrefd": null, "biznetitse": null, "finnetitse": null, "invinflitse": null, "subsnetc": null, "unseparachg": null, "finoutfform": null, "recefromloan": null, "netinvitse": null, "estidebts": null, "payaincr": 182644637.07, "fdsborrnetr": null, "realestadep": 467231.73, "reporttype": "100111", "dispfixedassetloss": 926315.52, "fininflitse": null, "finalcashbala": 1390763809.02, "cashfinalform": null, "invoutfitse": null, "netcashitse": null, "payinvecash": null, "fixedassescraloss": null, "savinetr": null, "subsrececash": null, "accstacode": "2", "fincashoutf": 402798161.89, "charintecash": null, "finfixedasset": null, "labopayc": 4605788458.83, "expiconvbd": null, "paycompgold": null, "inveretugetcash": null, "compcode": "80064560", "prepexpedecr": null, "repnetincr": null, "issbdrececash": null, "loannetr": null, "withinvgetcash": 50774491.22, "invpayc": 50000000.0, "debtpaycash": null, "fincashinfl": 0.0, "cashopenbala": 1138861167.73, "netcashscheform": null, "begindate": "20110101", "bizoutfitse": null, "bizinflitse": null, "insnetc": null, "bankloannetincr": null, "receredu": 38838407.23, "publishdate": "20140115", "other": null, "deponetr": null, "paytax": 590321208.24, "bizinflform": 5208713.55, "tradepaymnetr": null, "cashneti": 251902641.29, "accstaname": "\u65b0\u4f1a\u8ba1\u51c6\u5219", "cashnetr": 251902641.29, "invnetcashflow": -517255841.15, "netinvform": null, "finnetform": null, "payacticash": 614759480.9, "fininflform": null, "invoutfform": null}, {"laborgetcash": 6464756819.25, "inveredu": -2984370.04, "unreinveloss": null, "bizcashinfl": 6497167775.16, "diviprofpaycash": 694992221.09, "invcashoutf": 2067651512.19, "accrexpeincr": null, "subspaynetcash": 14631398.12, "finrelacash": null, "payworkcash": 183355953.1, "subspaydivid": 170100000.0, "chgexchgchgs": -3073.31, "finnetcflow": -897764565.13, "receotherbizcash": 9794738.78, "longdefeexpenamor": 22624.0, "acquassetcash": 831944114.07, "recefincash": null, "inspremcash": null, "netcashform": null, "bizcashoutf": 5445371250.73, "fininstnetr": null, "invrececash": 248850000.0, "defetaxassetdecr": -3710731.16, "inicashbala": 1067374888.04, "invcashinfl": 1985108905.89, "paydivicash": null, "netcashscheitse": null, "defeincoincr": null, "disptradnetincr": null, "mananetr": 1051796524.43, "debtintocapi": null, "defetaxliabincr": -14934129.31, "adjustdate": "20140115", "enddate": "20101231", "assedepr": 105140502.24, "biznetscheitse": null, "biznetform": null, "equfinalbala": null, "finoutfitse": null, "cashfinalbala": 1138861167.73, "fixedassetnetc": 1934905.73, "cashfinalitse": null, "payintecash": null, "unfiparachg": null, "loansnetr": null, "incrcashpled": null, "biznetcflow": 1051796524.43, "asseimpa": null, "reducashpled": null, "invinffrom": null, "netprofit": 814184256.9, "minysharrigh": null, "equopenbala": null, "inveloss": -5989389.79, "valuechgloss": null, "receinvcash": 16458053.46, "bizoutfform": null, "biznetscheform": null, "finexpe": -12182538.79, "intaasseamor": 5672496.08, "taxrefd": 904339.13, "biznetitse": null, "finnetitse": null, "invinflitse": null, "subsnetc": null, "unseparachg": null, "finoutfform": 388517459.46, "recefromloan": 150000000.0, "netinvitse": null, "estidebts": null, "payaincr": 158138145.82, "fdsborrnetr": null, "realestadep": 68578.63, "reporttype": "100111", "dispfixedassetloss": 470726.68, "fininflitse": null, "finalcashbala": 1138861167.73, "cashfinalform": null, "invoutfitse": null, "netcashitse": null, "payinvecash": null, "fixedassescraloss": null, "savinetr": null, "subsrececash": null, "accstacode": "2", "fincashoutf": 1296614565.13, "charintecash": null, "finfixedasset": null, "labopayc": 4351762383.02, "expiconvbd": null, "paycompgold": null, "inveretugetcash": null, "compcode": "80064560", "prepexpedecr": null, "repnetincr": null, "issbdrececash": null, "loannetr": null, "withinvgetcash": 1966715946.7, "invpayc": 1221076000.0, "debtpaycash": 213104884.58, "fincashinfl": 398850000.0, "cashopenbala": 1067374888.04, "netcashscheform": null, "begindate": "20100101", "bizoutfitse": null, "bizinflitse": null, "insnetc": null, "bankloannetincr": null, "receredu": 7900353.17, "publishdate": "20140115", "other": null, "deponetr": null, "paytax": 414242221.67, "bizinflform": 21711878.0, "tradepaymnetr": null, "cashneti": 71486279.69, "accstaname": "\u65b0\u4f1a\u8ba1\u51c6\u5219", "cashnetr": 71486279.69, "invnetcashflow": -82542606.3, "netinvform": null, "finnetform": null, "payacticash": 496010692.94, "fininflform": null, "invoutfform": null}, {"laborgetcash": 5765106084.85, "inveredu": null, "unreinveloss": null, "bizcashinfl": 5776253190.79, "diviprofpaycash": 374185458.2, "invcashoutf": 1381582640.84, "accrexpeincr": null, "subspaynetcash": null, "finrelacash": null, "payworkcash": 148909401.22, "subspaydivid": 93150000.0, "chgexchgchgs": null, "finnetcflow": -311080573.62, "receotherbizcash": 1037002.78, "longdefeexpenamor": null, "acquassetcash": 548542640.84, "recefincash": null, "inspremcash": null, "netcashform": null, "bizcashoutf": 4641588767.86, "fininstnetr": null, "invrececash": null, "defetaxassetdecr": null, "inicashbala": 1439430861.83, "invcashinfl": 185942817.74, "paydivicash": null, "netcashscheitse": null, "defeincoincr": null, "disptradnetincr": null, "mananetr": 1134664422.93, "debtintocapi": null, "defetaxliabincr": null, "adjustdate": "20120319", "enddate": "20091231", "assedepr": null, "biznetscheitse": null, "biznetform": null, "equfinalbala": null, "finoutfitse": null, "cashfinalbala": 1067374888.04, "fixedassetnetc": 3814420.18, "cashfinalitse": null, "payintecash": null, "unfiparachg": null, "loansnetr": null, "incrcashpled": null, "biznetcflow": null, "asseimpa": null, "reducashpled": null, "invinffrom": null, "netprofit": null, "minysharrigh": null, "equopenbala": null, "inveloss": null, "valuechgloss": null, "receinvcash": 33466807.6, "bizoutfform": 209435068.39, "biznetscheform": null, "finexpe": null, "intaasseamor": null, "taxrefd": 295714.24, "biznetitse": null, "finnetitse": null, "invinflitse": null, "subsnetc": null, "unseparachg": null, "finoutfform": null, "recefromloan": 63104884.58, "netinvitse": null, "estidebts": null, "payaincr": null, "fdsborrnetr": null, "realestadep": null, "reporttype": "100111", "dispfixedassetloss": null, "fininflitse": null, "finalcashbala": 1067374888.04, "cashfinalform": null, "invoutfitse": null, "netcashitse": null, "payinvecash": null, "fixedassescraloss": null, "savinetr": null, "subsrececash": null, "accstacode": "2", "fincashoutf": 374185458.2, "charintecash": null, "finfixedasset": null, "labopayc": 3430146169.54, "expiconvbd": null, "paycompgold": null, "inveretugetcash": 1151252.7, "compcode": "80064560", "prepexpedecr": null, "repnetincr": null, "issbdrececash": null, "loannetr": null, "withinvgetcash": 147510337.26, "invpayc": 833040000.0, "debtpaycash": null, "fincashinfl": 63104884.58, "cashopenbala": 1439430861.83, "netcashscheform": null, "begindate": "20090101", "bizoutfitse": null, "bizinflitse": null, "insnetc": null, "bankloannetincr": null, "receredu": null, "publishdate": "20120319", "other": null, "deponetr": null, "paytax": 423438669.76, "bizinflform": 9814388.92, "tradepaymnetr": null, "cashneti": -372055973.79, "accstaname": "\u65b0\u4f1a\u8ba1\u51c6\u5219", "cashnetr": -372055973.79, "invnetcashflow": -1195639823.1, "netinvform": null, "finnetform": null, "payacticash": 429659458.95, "fininflform": null, "invoutfform": null}], "comptype": 4, "name": "\u6d77\u5929\u5473\u4e1a"}