{"SH603589":{"symbol":"SH603589","exchange":"SH","code":"603589","name":"口子窖","current":"45.74","percentage":"1.02","change":"0.46","open":"44.9","high":"46.95","low":"44.9","close":"45.74","last_close":"45.28","high52week":"54.8","low52week":"30.46","volume":"3441794.0","lot_volume":"34417.94","volumeAverage":"8574426","marketCapital":"2.7444E10","eps":"1.5","pe_ttm":"28.2324","pe_lyr":"35.029","beta":"0.0","totalShares":"600000000","time":"Tue Nov 28 14:22:50 +0800 2017","afterHours":"0.0","afterHoursPct":"0.0","afterHoursChg":"0.0","updateAt":"1510121256461","dividend":"0.45","yield":"0.99","turnover_rate":"1.17%","instOwn":"0.0","rise_stop":"49.81","fall_stop":"40.75","currency_unit":"CNY","amount":"1.5937443E8","net_assets":"8.1201","hasexist":"","has_warrant":"0","type":"11","flag":"1","rest_day":"","amplitude":"4.53%","market_status":"交易中","lot_size":"100","min_order_quantity":"0","max_order_quantity":"0","tick_size":"0.01","variable_tick_size":"","kzz_stock_symbol":"","kzz_stock_name":"","kzz_stock_current":"0.0","kzz_convert_price":"0.0","kzz_covert_value":"0.0","kzz_cpr":"0.0","kzz_putback_price":"0.0","kzz_convert_time":"","kzz_redempt_price":"0.0","kzz_straight_price":"0.0","kzz_stock_percent":"","pb":"5.63","benefit_before_tax":"0.0","benefit_after_tax":"0.0","convert_bond_ratio":"","totalissuescale":"","outstandingamt":"","maturitydate":"","remain_year":"","convertrate":"0.0","interestrtmemo":"","release_date":"","circulation":"0.0","par_value":"0.0","due_time":"0.0","value_date":"","due_date":"","publisher":"","redeem_type":"F","issue_type":"1","bond_type":"","warrant":"","sale_rrg":"","rate":"","after_hour_vol":"0","float_shares":"293524395","float_market_capital":"1.34258058273E10","disnext_pay_date":"","convert_rate":"0.0","volume_ratio":"0.78","percent5m":"-0.46","pankou_ratio":"3.29%","psr":"8.4624"}}