{"list":[{"compcode":"80287994","publishdate":"20171030","begindate":"20170101","enddate":"20170930","reporttype":"100111","adjustdate":"20171030","accstacode":"2","accstaname":"新会计准则","laborgetcash":2.70284493018E9,"deponetr":null,"bankloannetincr":null,"fininstnetr":null,"inspremcash":null,"insnetc":null,"savinetr":null,"disptradnetincr":null,"charintecash":null,"fdsborrnetr":null,"repnetincr":null,"taxrefd":null,"receotherbizcash":1.184560698E7,"bizinflitse":null,"bizinflform":null,"bizcashinfl":2.71469053716E9,"labopayc":5.984714641E8,"loansnetr":null,"tradepaymnetr":null,"paycompgold":null,"payintecash":null,"paydivicash":null,"payworkcash":1.686429265E8,"paytax":9.9635856256E8,"payacticash":1.5339685826E8,"bizoutfitse":null,"bizoutfform":null,"bizcashoutf":1.91686981142E9,"biznetitse":null,"biznetform":null,"mananetr":7.9782072574E8,"withinvgetcash":1.4901E9,"inveretugetcash":64068.14,"fixedassetnetc":57500.0,"subsnetc":null,"receinvcash":3.931604895E7,"reducashpled":null,"invinflitse":null,"invinffrom":null,"invcashinfl":1.52953761709E9,"acquassetcash":1.2243860092E8,"invpayc":1.69E9,"loannetr":null,"subspaynetcash":null,"payinvecash":null,"incrcashpled":null,"invoutfitse":null,"invoutfform":null,"invcashoutf":1.81243860092E9,"netinvitse":null,"netinvform":null,"invnetcashflow":-2.8290098383E8,"invrececash":null,"subsrececash":null,"recefromloan":null,"issbdrececash":null,"recefincash":null,"fininflitse":null,"fininflform":null,"fincashinfl":0.0,"debtpaycash":null,"diviprofpaycash":2.7E8,"subspaydivid":null,"finrelacash":null,"finoutfitse":null,"finoutfform":null,"fincashoutf":2.7E8,"finnetitse":null,"finnetform":null,"finnetcflow":-2.7E8,"chgexchgchgs":null,"netcashitse":null,"netcashform":null,"cashnetr":2.4491974191E8,"inicashbala":5.1979889764E8,"cashfinalitse":null,"cashfinalform":null,"finalcashbala":7.6471863955E8,"netprofit":null,"minysharrigh":null,"unreinveloss":null,"asseimpa":null,"assedepr":null,"realestadep":null,"intaasseamor":null,"longdefeexpenamor":null,"prepexpedecr":null,"accrexpeincr":null,"dispfixedassetloss":null,"fixedassescraloss":null,"valuechgloss":null,"defeincoincr":null,"estidebts":null,"finexpe":null,"inveloss":null,"defetaxassetdecr":null,"defetaxliabincr":null,"inveredu":null,"receredu":null,"payaincr":null,"unseparachg":null,"unfiparachg":null,"other":null,"biznetscheitse":null,"biznetscheform":null,"biznetcflow":null,"debtintocapi":null,"expiconvbd":null,"finfixedasset":null,"cashfinalbala":7.6471863955E8,"cashopenbala":5.1979889764E8,"equfinalbala":null,"equopenbala":null,"netcashscheitse":null,"netcashscheform":null,"cashneti":2.4491974191E8},{"compcode":"80287994","publishdate":"20170825","begindate":"20170101","enddate":"20170630","reporttype":"100111","adjustdate":"20170825","accstacode":"2","accstaname":"新会计准则","laborgetcash":1.70425545317E9,"deponetr":null,"bankloannetincr":null,"fininstnetr":null,"inspremcash":null,"insnetc":null,"savinetr":null,"disptradnetincr":null,"charintecash":null,"fdsborrnetr":null,"repnetincr":null,"taxrefd":null,"receotherbizcash":6454825.41,"bizinflitse":null,"bizinflform":null,"bizcashinfl":1.71071027858E9,"labopayc":3.8389742461E8,"loansnetr":null,"tradepaymnetr":null,"paycompgold":null,"payintecash":null,"paydivicash":null,"payworkcash":1.2603562817E8,"paytax":8.0877882689E8,"payacticash":1.0557519268E8,"bizoutfitse":null,"bizoutfform":null,"bizcashoutf":1.42428707235E9,"biznetitse":null,"biznetform":null,"mananetr":2.8642320623E8,"withinvgetcash":1.15E9,"inveretugetcash":null,"fixedassetnetc":37500.0,"subsnetc":null,"receinvcash":2.313319377E7,"reducashpled":null,"invinflitse":null,"invinffrom":null,"invcashinfl":1.17317069377E9,"acquassetcash":6.374154027E7,"invpayc":1.15E9,"loannetr":null,"subspaynetcash":null,"payinvecash":null,"incrcashpled":null,"invoutfitse":null,"invoutfform":null,"invcashoutf":1.21374154027E9,"netinvitse":null,"netinvform":null,"invnetcashflow":-4.05708465E7,"invrececash":null,"subsrececash":null,"recefromloan":null,"issbdrececash":null,"recefincash":null,"fininflitse":null,"fininflform":null,"fincashinfl":0.0,"debtpaycash":null,"diviprofpaycash":9.635179815E7,"subspaydivid":null,"finrelacash":null,"finoutfitse":null,"finoutfform":null,"fincashoutf":9.635179815E7,"finnetitse":null,"finnetform":null,"finnetcflow":-9.635179815E7,"chgexchgchgs":null,"netcashitse":null,"netcashform":null,"cashnetr":1.4950056158E8,"inicashbala":5.1979889764E8,"cashfinalitse":null,"cashfinalform":null,"finalcashbala":6.6929945922E8,"netprofit":5.2586001704E8,"minysharrigh":null,"unreinveloss":null,"asseimpa":1456505.54,"assedepr":4.70103753E7,"realestadep":null,"intaasseamor":3427061.15,"longdefeexpenamor":164722.2,"prepexpedecr":null,"accrexpeincr":null,"dispfixedassetloss":683400.87,"fixedassescraloss":null,"valuechgloss":null,"defeincoincr":null,"estidebts":null,"finexpe":-2884450.63,"inveloss":-2.024874314E7,"defetaxassetdecr":-2819822.86,"defetaxliabincr":null,"inveredu":-1.089440273E7,"receredu":-1.4696766816E8,"payaincr":-9.408528835E7,"unseparachg":null,"unfiparachg":null,"other":-1.42785E7,"biznetscheitse":null,"biznetscheform":null,"biznetcflow":2.8642320623E8,"debtintocapi":null,"expiconvbd":null,"finfixedasset":null,"cashfinalbala":6.6929945922E8,"cashopenbala":5.1979889764E8,"equfinalbala":null,"equopenbala":null,"netcashscheitse":null,"netcashscheform":null,"cashneti":1.4950056158E8},{"compcode":"80287994","publishdate":"20170428","begindate":"20170101","enddate":"20170331","reporttype":"100111","adjustdate":"20170428","accstacode":"2","accstaname":"新会计准则","laborgetcash":9.499305811E8,"deponetr":null,"bankloannetincr":null,"fininstnetr":null,"inspremcash":null,"insnetc":null,"savinetr":null,"disptradnetincr":null,"charintecash":null,"fdsborrnetr":null,"repnetincr":null,"taxrefd":null,"receotherbizcash":3280222.96,"bizinflitse":null,"bizinflform":null,"bizcashinfl":9.5321080406E8,"labopayc":1.68059851E8,"loansnetr":null,"tradepaymnetr":null,"paycompgold":null,"payintecash":null,"paydivicash":null,"payworkcash":7.66772119E7,"paytax":4.5224286792E8,"payacticash":5.823916851E7,"bizoutfitse":null,"bizoutfform":null,"bizcashoutf":7.5521909933E8,"biznetitse":null,"biznetform":null,"mananetr":1.9799170473E8,"withinvgetcash":6.3E8,"inveretugetcash":null,"fixedassetnetc":37500.0,"subsnetc":null,"receinvcash":9728286.26,"reducashpled":null,"invinflitse":null,"invinffrom":null,"invcashinfl":6.3976578626E8,"acquassetcash":2.700492965E7,"invpayc":6.3E8,"loannetr":null,"subspaynetcash":null,"payinvecash":null,"incrcashpled":null,"invoutfitse":null,"invoutfform":null,"invcashoutf":6.5700492965E8,"netinvitse":null,"netinvform":null,"invnetcashflow":-1.723914339E7,"invrececash":null,"subsrececash":null,"recefromloan":null,"issbdrececash":null,"recefincash":null,"fininflitse":null,"fininflform":null,"fincashinfl":0.0,"debtpaycash":null,"diviprofpaycash":null,"subspaydivid":null,"finrelacash":null,"finoutfitse":null,"finoutfform":null,"fincashoutf":0.0,"finnetitse":null,"finnetform":null,"finnetcflow":0.0,"chgexchgchgs":null,"netcashitse":null,"netcashform":null,"cashnetr":1.8075256134E8,"inicashbala":5.1979889826E8,"cashfinalitse":null,"cashfinalform":null,"finalcashbala":7.005514596E8,"netprofit":null,"minysharrigh":null,"unreinveloss":null,"asseimpa":null,"assedepr":null,"realestadep":null,"intaasseamor":null,"longdefeexpenamor":null,"prepexpedecr":null,"accrexpeincr":null,"dispfixedassetloss":null,"fixedassescraloss":null,"valuechgloss":null,"defeincoincr":null,"estidebts":null,"finexpe":null,"inveloss":null,"defetaxassetdecr":null,"defetaxliabincr":null,"inveredu":null,"receredu":null,"payaincr":null,"unseparachg":null,"unfiparachg":null,"other":null,"biznetscheitse":null,"biznetscheform":null,"biznetcflow":null,"debtintocapi":null,"expiconvbd":null,"finfixedasset":null,"cashfinalbala":7.005514596E8,"cashopenbala":5.1979889826E8,"equfinalbala":null,"equopenbala":null,"netcashscheitse":null,"netcashscheform":null,"cashneti":1.8075256134E8},{"compcode":"80287994","publishdate":"20170428","begindate":"20160101","enddate":"20161231","reporttype":"100111","adjustdate":"20170428","accstacode":"2","accstaname":"新会计准则","laborgetcash":3.01802163235E9,"deponetr":null,"bankloannetincr":null,"fininstnetr":null,"inspremcash":null,"insnetc":null,"savinetr":null,"disptradnetincr":null,"charintecash":null,"fdsborrnetr":null,"repnetincr":null,"taxrefd":null,"receotherbizcash":1.394847713E7,"bizinflitse":null,"bizinflform":null,"bizcashinfl":3.03197010948E9,"labopayc":9.3225478653E8,"loansnetr":null,"tradepaymnetr":null,"paycompgold":null,"payintecash":null,"paydivicash":null,"payworkcash":2.3372114243E8,"paytax":1.05088719703E9,"payacticash":1.7543428648E8,"bizoutfitse":null,"bizoutfform":null,"bizcashoutf":2.39229741247E9,"biznetitse":null,"biznetform":null,"mananetr":6.3967269701E8,"withinvgetcash":2.841E9,"inveretugetcash":null,"fixedassetnetc":3061880.37,"subsnetc":null,"receinvcash":7.467910598E7,"reducashpled":null,"invinflitse":null,"invinffrom":null,"invcashinfl":2.91874098635E9,"acquassetcash":1.7781857648E8,"invpayc":3.333E9,"loannetr":null,"subspaynetcash":null,"payinvecash":null,"incrcashpled":null,"invoutfitse":null,"invoutfform":null,"invcashoutf":3.51081857648E9,"netinvitse":null,"netinvform":null,"invnetcashflow":-5.9207759013E8,"invrececash":null,"subsrececash":null,"recefromloan":null,"issbdrececash":null,"recefincash":5000000.0,"fininflitse":null,"fininflform":null,"fincashinfl":5000000.0,"debtpaycash":1.0E8,"diviprofpaycash":2.1153005751E8,"subspaydivid":null,"finrelacash":null,"finoutfitse":null,"finoutfform":null,"fincashoutf":3.1153005751E8,"finnetitse":null,"finnetform":null,"finnetcflow":-3.0653005751E8,"chgexchgchgs":null,"netcashitse":null,"netcashform":null,"cashnetr":-2.5893495063E8,"inicashbala":7.7873384827E8,"cashfinalitse":null,"cashfinalform":null,"finalcashbala":5.1979889764E8,"netprofit":7.8346418093E8,"minysharrigh":null,"unreinveloss":null,"asseimpa":6452599.33,"assedepr":8.375220593E7,"realestadep":null,"intaasseamor":8286467.85,"longdefeexpenamor":null,"prepexpedecr":null,"accrexpeincr":null,"dispfixedassetloss":-144646.4,"fixedassescraloss":null,"valuechgloss":null,"defeincoincr":null,"estidebts":null,"finexpe":-5700529.3,"inveloss":-2.244851917E7,"defetaxassetdecr":-1.430920848E7,"defetaxliabincr":null,"inveredu":-1.7976902639E8,"receredu":-9.99909243E7,"payaincr":4.746709701E7,"unseparachg":null,"unfiparachg":null,"other":3.2613E7,"biznetscheitse":null,"biznetscheform":null,"biznetcflow":6.3967269701E8,"debtintocapi":null,"expiconvbd":null,"finfixedasset":null,"cashfinalbala":5.1979889764E8,"cashopenbala":7.7873384827E8,"equfinalbala":null,"equopenbala":null,"netcashscheitse":null,"netcashscheform":null,"cashneti":-2.5893495063E8},{"compcode":"80287994","publishdate":"20161027","begindate":"20160101","enddate":"20160930","reporttype":"100111","adjustdate":"20161027","accstacode":"2","accstaname":"新会计准则","laborgetcash":2.09274111468E9,"deponetr":null,"bankloannetincr":null,"fininstnetr":null,"inspremcash":null,"insnetc":null,"savinetr":null,"disptradnetincr":null,"charintecash":null,"fdsborrnetr":null,"repnetincr":null,"taxrefd":null,"receotherbizcash":9833921.8,"bizinflitse":null,"bizinflform":null,"bizcashinfl":2.10257503648E9,"labopayc":6.8410081598E8,"loansnetr":null,"tradepaymnetr":null,"paycompgold":null,"payintecash":null,"paydivicash":null,"payworkcash":1.8114538846E8,"paytax":8.1727631869E8,"payacticash":1.2814272776E8,"bizoutfitse":null,"bizoutfform":null,"bizcashoutf":1.81066525089E9,"biznetitse":null,"biznetform":null,"mananetr":2.9190978559E8,"withinvgetcash":1.168E9,"inveretugetcash":null,"fixedassetnetc":2643163.44,"subsnetc":null,"receinvcash":2.218734273E7,"reducashpled":null,"invinflitse":null,"invinffrom":null,"invcashinfl":1.19283050617E9,"acquassetcash":6.690179849E7,"invpayc":1.57E9,"loannetr":null,"subspaynetcash":null,"payinvecash":null,"incrcashpled":null,"invoutfitse":null,"invoutfform":null,"invcashoutf":1.63690179849E9,"netinvitse":null,"netinvform":null,"invnetcashflow":-4.4407129232E8,"invrececash":null,"subsrececash":null,"recefromloan":null,"issbdrececash":null,"recefincash":null,"fininflitse":null,"fininflform":null,"fincashinfl":0.0,"debtpaycash":1.0E8,"diviprofpaycash":2.1152445751E8,"subspaydivid":null,"finrelacash":163000.0,"finoutfitse":null,"finoutfform":null,"fincashoutf":3.1168745751E8,"finnetitse":null,"finnetform":null,"finnetcflow":-3.1168745751E8,"chgexchgchgs":null,"netcashitse":null,"netcashform":null,"cashnetr":-4.6384896424E8,"inicashbala":7.7873384827E8,"cashfinalitse":null,"cashfinalform":null,"finalcashbala":3.1488488403E8,"netprofit":null,"minysharrigh":null,"unreinveloss":null,"asseimpa":null,"assedepr":null,"realestadep":null,"intaasseamor":null,"longdefeexpenamor":null,"prepexpedecr":null,"accrexpeincr":null,"dispfixedassetloss":null,"fixedassescraloss":null,"valuechgloss":null,"defeincoincr":null,"estidebts":null,"finexpe":null,"inveloss":null,"defetaxassetdecr":null,"defetaxliabincr":null,"inveredu":null,"receredu":null,"payaincr":null,"unseparachg":null,"unfiparachg":null,"other":null,"biznetscheitse":null,"biznetscheform":null,"biznetcflow":null,"debtintocapi":null,"expiconvbd":null,"finfixedasset":null,"cashfinalbala":3.1488488403E8,"cashopenbala":7.7873384827E8,"equfinalbala":null,"equopenbala":null,"netcashscheitse":null,"netcashscheform":null,"cashneti":-4.6384896424E8},{"compcode":"80287994","publishdate":"20160825","begindate":"20160101","enddate":"20160630","reporttype":"100111","adjustdate":"20160825","accstacode":"2","accstaname":"新会计准则","laborgetcash":1.30003091014E9,"deponetr":null,"bankloannetincr":null,"fininstnetr":null,"inspremcash":null,"insnetc":null,"savinetr":null,"disptradnetincr":null,"charintecash":null,"fdsborrnetr":null,"repnetincr":null,"taxrefd":null,"receotherbizcash":7251541.31,"bizinflitse":null,"bizinflform":null,"bizcashinfl":1.30728245145E9,"labopayc":4.6696244441E8,"loansnetr":null,"tradepaymnetr":null,"paycompgold":null,"payintecash":null,"paydivicash":null,"payworkcash":1.3508194462E8,"paytax":6.4078523993E8,"payacticash":9.211238212E7,"bizoutfitse":null,"bizoutfform":null,"bizcashoutf":1.33494201108E9,"biznetitse":null,"biznetform":null,"mananetr":-2.765955963E7,"withinvgetcash":5.38E8,"inveretugetcash":null,"fixedassetnetc":2559992.77,"subsnetc":null,"receinvcash":1.182168838E7,"reducashpled":null,"invinflitse":null,"invinffrom":null,"invcashinfl":5.5238168115E8,"acquassetcash":5.010237754E7,"invpayc":6.4E8,"loannetr":null,"subspaynetcash":null,"payinvecash":null,"incrcashpled":null,"invoutfitse":null,"invoutfform":null,"invcashoutf":6.9010237754E8,"netinvitse":null,"netinvform":null,"invnetcashflow":-1.3772069639E8,"invrececash":null,"subsrececash":null,"recefromloan":null,"issbdrececash":null,"recefincash":null,"fininflitse":null,"fininflform":null,"fincashinfl":0.0,"debtpaycash":8.0E7,"diviprofpaycash":2.1143073751E8,"subspaydivid":null,"finrelacash":63000.0,"finoutfitse":null,"finoutfform":null,"fincashoutf":2.9149373751E8,"finnetitse":null,"finnetform":null,"finnetcflow":-2.9149373751E8,"chgexchgchgs":null,"netcashitse":null,"netcashform":null,"cashnetr":-4.5687399353E8,"inicashbala":7.7873384827E8,"cashfinalitse":null,"cashfinalform":null,"finalcashbala":3.2185985474E8,"netprofit":4.0492189634E8,"minysharrigh":null,"unreinveloss":null,"asseimpa":3556794.12,"assedepr":4.015600145E7,"realestadep":null,"intaasseamor":3019656.24,"longdefeexpenamor":null,"prepexpedecr":null,"accrexpeincr":null,"dispfixedassetloss":-371698.06,"fixedassescraloss":null,"valuechgloss":null,"defeincoincr":null,"estidebts":null,"finexpe":-1899827.58,"inveloss":-8491123.29,"defetaxassetdecr":-2358689.2,"defetaxliabincr":null,"inveredu":-5.513351538E7,"receredu":-2.9960141281E8,"payaincr":-1.2854264146E8,"unseparachg":null,"unfiparachg":null,"other":1.7085E7,"biznetscheitse":null,"biznetscheform":null,"biznetcflow":-2.765955963E7,"debtintocapi":null,"expiconvbd":null,"finfixedasset":null,"cashfinalbala":3.2185985474E8,"cashopenbala":7.7873384827E8,"equfinalbala":null,"equopenbala":null,"netcashscheitse":null,"netcashscheform":null,"cashneti":-4.5687399353E8},{"compcode":"80287994","publishdate":"20160428","begindate":"20160101","enddate":"20160331","reporttype":"100111","adjustdate":"20160428","accstacode":"2","accstaname":"新会计准则","laborgetcash":7.1188772276E8,"deponetr":null,"bankloannetincr":null,"fininstnetr":null,"inspremcash":null,"insnetc":null,"savinetr":null,"disptradnetincr":null,"charintecash":null,"fdsborrnetr":null,"repnetincr":null,"taxrefd":null,"receotherbizcash":4703230.01,"bizinflitse":null,"bizinflform":null,"bizcashinfl":7.1659095277E8,"labopayc":2.5306830703E8,"loansnetr":null,"tradepaymnetr":null,"paycompgold":null,"payintecash":null,"paydivicash":null,"payworkcash":8.568378676E7,"paytax":3.8736585503E8,"payacticash":8.48808526E7,"bizoutfitse":null,"bizoutfform":null,"bizcashoutf":8.1099880142E8,"biznetitse":null,"biznetform":null,"mananetr":-9.440784865E7,"withinvgetcash":2.0E8,"inveretugetcash":null,"fixedassetnetc":100.0,"subsnetc":null,"receinvcash":5479933.88,"reducashpled":null,"invinflitse":null,"invinffrom":null,"invcashinfl":2.0548003388E8,"acquassetcash":9.421780799E7,"invpayc":2.0E8,"loannetr":null,"subspaynetcash":null,"payinvecash":null,"incrcashpled":null,"invoutfitse":null,"invoutfform":null,"invcashoutf":2.9421780799E8,"netinvitse":null,"netinvform":null,"invnetcashflow":-8.873777411E7,"invrececash":null,"subsrececash":null,"recefromloan":null,"issbdrececash":null,"recefincash":null,"fininflitse":null,"fininflform":null,"fincashinfl":0.0,"debtpaycash":6.0E7,"diviprofpaycash":1134658.04,"subspaydivid":null,"finrelacash":null,"finoutfitse":null,"finoutfform":null,"fincashoutf":6.113465804E7,"finnetitse":null,"finnetform":null,"finnetcflow":-6.113465804E7,"chgexchgchgs":null,"netcashitse":null,"netcashform":null,"cashnetr":-2.442802808E8,"inicashbala":7.7873384827E8,"cashfinalitse":null,"cashfinalform":null,"finalcashbala":5.3445356747E8,"netprofit":null,"minysharrigh":null,"unreinveloss":null,"asseimpa":null,"assedepr":null,"realestadep":null,"intaasseamor":null,"longdefeexpenamor":null,"prepexpedecr":null,"accrexpeincr":null,"dispfixedassetloss":null,"fixedassescraloss":null,"valuechgloss":null,"defeincoincr":null,"estidebts":null,"finexpe":null,"inveloss":null,"defetaxassetdecr":null,"defetaxliabincr":null,"inveredu":null,"receredu":null,"payaincr":null,"unseparachg":null,"unfiparachg":null,"other":null,"biznetscheitse":null,"biznetscheform":null,"biznetcflow":null,"debtintocapi":null,"expiconvbd":null,"finfixedasset":null,"cashfinalbala":5.3445356747E8,"cashopenbala":7.7873384827E8,"equfinalbala":null,"equopenbala":null,"netcashscheitse":null,"netcashscheform":null,"cashneti":-2.442802808E8},{"compcode":"80287994","publishdate":"20160428","begindate":"20150101","enddate":"20151231","reporttype":"100111","adjustdate":"20160428","accstacode":"2","accstaname":"新会计准则","laborgetcash":2.85562486603E9,"deponetr":null,"bankloannetincr":null,"fininstnetr":null,"inspremcash":null,"insnetc":null,"savinetr":null,"disptradnetincr":null,"charintecash":null,"fdsborrnetr":null,"repnetincr":null,"taxrefd":null,"receotherbizcash":1.098753895E7,"bizinflitse":null,"bizinflform":null,"bizcashinfl":2.86661240498E9,"labopayc":7.8369850117E8,"loansnetr":null,"tradepaymnetr":null,"paycompgold":null,"payintecash":null,"paydivicash":null,"payworkcash":2.2431595449E8,"paytax":9.3075877441E8,"payacticash":3.9164225906E8,"bizoutfitse":null,"bizoutfform":null,"bizcashoutf":2.33041548913E9,"biznetitse":null,"biznetform":null,"mananetr":5.3619691585E8,"withinvgetcash":5.0E7,"inveretugetcash":null,"fixedassetnetc":827475.73,"subsnetc":null,"receinvcash":1.118039036E7,"reducashpled":null,"invinflitse":null,"invinffrom":null,"invcashinfl":6.200786609E7,"acquassetcash":1.0676409945E8,"invpayc":7.48E8,"loannetr":null,"subspaynetcash":null,"payinvecash":null,"incrcashpled":null,"invoutfitse":null,"invoutfform":null,"invcashoutf":8.5476409945E8,"netinvitse":null,"netinvform":null,"invnetcashflow":-7.9275623336E8,"invrececash":8.9137134593E8,"subsrececash":null,"recefromloan":2.0E8,"issbdrececash":null,"recefincash":2.392865407E7,"fininflitse":null,"fininflform":null,"fincashinfl":1.1153E9,"debtpaycash":4.6E8,"diviprofpaycash":1.2470789426E8,"subspaydivid":null,"finrelacash":1.093620125E7,"finoutfitse":null,"finoutfform":null,"fincashoutf":5.9564409551E8,"finnetitse":null,"finnetform":null,"finnetcflow":5.1965590449E8,"chgexchgchgs":null,"netcashitse":null,"netcashform":null,"cashnetr":2.6309658698E8,"inicashbala":5.1563726129E8,"cashfinalitse":null,"cashfinalform":null,"finalcashbala":7.7873384827E8,"netprofit":6.0539694489E8,"minysharrigh":null,"unreinveloss":null,"asseimpa":1.824589605E7,"assedepr":7.230801793E7,"realestadep":null,"intaasseamor":6397330.56,"longdefeexpenamor":null,"prepexpedecr":null,"accrexpeincr":null,"dispfixedassetloss":339522.65,"fixedassescraloss":142516.0,"valuechgloss":null,"defeincoincr":null,"estidebts":null,"finexpe":5829558.69,"inveloss":-302054.79,"defetaxassetdecr":-3224235.28,"defetaxliabincr":null,"inveredu":-2.3419791073E8,"receredu":-6.787836314E7,"payaincr":1.6241369302E8,"unseparachg":null,"unfiparachg":null,"other":-2.9274E7,"biznetscheitse":null,"biznetscheform":null,"biznetcflow":5.3619691585E8,"debtintocapi":null,"expiconvbd":null,"finfixedasset":null,"cashfinalbala":7.7873384827E8,"cashopenbala":5.1563726129E8,"equfinalbala":null,"equopenbala":null,"netcashscheitse":null,"netcashscheform":null,"cashneti":2.6309658698E8},{"compcode":"80287994","publishdate":"20151029","begindate":"20150101","enddate":"20150930","reporttype":"100111","adjustdate":"20151029","accstacode":"2","accstaname":"新会计准则","laborgetcash":2.12757258294E9,"deponetr":null,"bankloannetincr":null,"fininstnetr":null,"inspremcash":null,"insnetc":null,"savinetr":null,"disptradnetincr":null,"charintecash":null,"fdsborrnetr":null,"repnetincr":null,"taxrefd":null,"receotherbizcash":3645690.14,"bizinflitse":null,"bizinflform":null,"bizcashinfl":2.13121827308E9,"labopayc":6.3827472539E8,"loansnetr":null,"tradepaymnetr":null,"paycompgold":null,"payintecash":null,"paydivicash":null,"payworkcash":1.690453547E8,"paytax":7.1287716966E8,"payacticash":2.7942209053E8,"bizoutfitse":null,"bizoutfform":null,"bizcashoutf":1.79961934028E9,"biznetitse":null,"biznetform":null,"mananetr":3.315989328E8,"withinvgetcash":null,"inveretugetcash":null,"fixedassetnetc":130000.0,"subsnetc":null,"receinvcash":6835313.49,"reducashpled":null,"invinflitse":null,"invinffrom":null,"invcashinfl":6965313.49,"acquassetcash":8.576528736E7,"invpayc":4.0E8,"loannetr":null,"subspaynetcash":null,"payinvecash":null,"incrcashpled":null,"invoutfitse":null,"invoutfform":null,"invcashoutf":4.8576528736E8,"netinvitse":null,"netinvform":null,"invnetcashflow":-4.7879997387E8,"invrececash":8.9137134593E8,"subsrececash":null,"recefromloan":2.0E8,"issbdrececash":null,"recefincash":1.862865407E7,"fininflitse":null,"fininflform":null,"fincashinfl":1.11E9,"debtpaycash":4.6E8,"diviprofpaycash":1.2329610427E8,"subspaydivid":null,"finrelacash":1.093620125E7,"finoutfitse":null,"finoutfform":null,"fincashoutf":5.9423230552E8,"finnetitse":null,"finnetform":null,"finnetcflow":5.1576769448E8,"chgexchgchgs":null,"netcashitse":null,"netcashform":null,"cashnetr":3.6856665341E8,"inicashbala":5.1563726129E8,"cashfinalitse":null,"cashfinalform":null,"finalcashbala":8.842039147E8,"netprofit":null,"minysharrigh":null,"unreinveloss":null,"asseimpa":null,"assedepr":null,"realestadep":null,"intaasseamor":null,"longdefeexpenamor":null,"prepexpedecr":null,"accrexpeincr":null,"dispfixedassetloss":null,"fixedassescraloss":null,"valuechgloss":null,"defeincoincr":null,"estidebts":null,"finexpe":null,"inveloss":null,"defetaxassetdecr":null,"defetaxliabincr":null,"inveredu":null,"receredu":null,"payaincr":null,"unseparachg":null,"unfiparachg":null,"other":null,"biznetscheitse":null,"biznetscheform":null,"biznetcflow":null,"debtintocapi":null,"expiconvbd":null,"finfixedasset":null,"cashfinalbala":8.842039147E8,"cashopenbala":5.1563726129E8,"equfinalbala":null,"equopenbala":null,"netcashscheitse":null,"netcashscheform":null,"cashneti":3.6856665341E8},{"compcode":"80287994","publishdate":"20150826","begindate":"20150101","enddate":"20150630","reporttype":"100111","adjustdate":"20150826","accstacode":"2","accstaname":"新会计准则","laborgetcash":1.3543061218E9,"deponetr":null,"bankloannetincr":null,"fininstnetr":null,"inspremcash":null,"insnetc":null,"savinetr":null,"disptradnetincr":null,"charintecash":null,"fdsborrnetr":null,"repnetincr":null,"taxrefd":null,"receotherbizcash":2783355.53,"bizinflitse":null,"bizinflform":null,"bizcashinfl":1.35708947733E9,"labopayc":4.4602275286E8,"loansnetr":null,"tradepaymnetr":null,"paycompgold":null,"payintecash":null,"paydivicash":null,"payworkcash":1.2948363732E8,"paytax":5.7269749311E8,"payacticash":1.7457543056E8,"bizoutfitse":null,"bizoutfform":null,"bizcashoutf":1.32277931385E9,"biznetitse":null,"biznetform":null,"mananetr":3.431016348E7,"withinvgetcash":null,"inveretugetcash":null,"fixedassetnetc":130000.0,"subsnetc":null,"receinvcash":3592803.45,"reducashpled":null,"invinflitse":null,"invinffrom":null,"invcashinfl":3722803.45,"acquassetcash":3.219897913E7,"invpayc":null,"loannetr":null,"subspaynetcash":null,"payinvecash":null,"incrcashpled":null,"invoutfitse":null,"invoutfform":null,"invcashoutf":3.219897913E7,"netinvitse":null,"netinvform":null,"invnetcashflow":-2.847617568E7,"invrececash":8.9137134593E8,"subsrececash":null,"recefromloan":2.0E8,"issbdrececash":null,"recefincash":1.862865407E7,"fininflitse":null,"fininflform":null,"fincashinfl":1.11E9,"debtpaycash":1.8E8,"diviprofpaycash":1.1859740799E8,"subspaydivid":null,"finrelacash":2488087.72,"finoutfitse":null,"finoutfform":null,"fincashoutf":3.0108549571E8,"finnetitse":null,"finnetform":null,"finnetcflow":8.0891450429E8,"chgexchgchgs":null,"netcashitse":null,"netcashform":null,"cashnetr":8.1474849209E8,"inicashbala":5.1563726129E8,"cashfinalitse":null,"cashfinalform":null,"finalcashbala":1.33038575338E9,"netprofit":2.716076089E8,"minysharrigh":null,"unreinveloss":null,"asseimpa":3510721.4,"assedepr":3.424201224E7,"realestadep":null,"intaasseamor":3004161.24,"longdefeexpenamor":null,"prepexpedecr":null,"accrexpeincr":null,"dispfixedassetloss":339522.65,"fixedassescraloss":null,"valuechgloss":null,"defeincoincr":null,"estidebts":null,"finexpe":7004604.54,"inveloss":null,"defetaxassetdecr":-2175905.82,"defetaxliabincr":null,"inveredu":-8.345132157E7,"receredu":-1.037877016E8,"payaincr":-6.40115385E7,"unseparachg":null,"unfiparachg":null,"other":-3.1972E7,"biznetscheitse":null,"biznetscheform":null,"biznetcflow":3.431016348E7,"debtintocapi":null,"expiconvbd":null,"finfixedasset":null,"cashfinalbala":1.33038575338E9,"cashopenbala":5.1563726129E8,"equfinalbala":null,"equopenbala":null,"netcashscheitse":null,"netcashscheform":null,"cashneti":8.1474849209E8},{"compcode":"80287994","publishdate":"20160428","begindate":"20150101","enddate":"20150331","reporttype":"100111","adjustdate":"20160428","accstacode":"2","accstaname":"新会计准则","laborgetcash":6.1138459437E8,"deponetr":null,"bankloannetincr":null,"fininstnetr":null,"inspremcash":null,"insnetc":null,"savinetr":null,"disptradnetincr":null,"charintecash":null,"fdsborrnetr":null,"repnetincr":null,"taxrefd":null,"receotherbizcash":1796067.2,"bizinflitse":null,"bizinflform":null,"bizcashinfl":6.1318066157E8,"labopayc":2.5557018508E8,"loansnetr":null,"tradepaymnetr":null,"paycompgold":null,"payintecash":null,"paydivicash":null,"payworkcash":7.728504825E7,"paytax":3.3949364349E8,"payacticash":9.275133105E7,"bizoutfitse":null,"bizoutfform":null,"bizcashoutf":7.6510020787E8,"biznetitse":null,"biznetform":null,"mananetr":-1.519195463E8,"withinvgetcash":null,"inveretugetcash":null,"fixedassetnetc":130000.0,"subsnetc":null,"receinvcash":1499012.22,"reducashpled":null,"invinflitse":null,"invinffrom":null,"invcashinfl":1629012.22,"acquassetcash":1.981145591E7,"invpayc":null,"loannetr":null,"subspaynetcash":null,"payinvecash":null,"incrcashpled":null,"invoutfitse":null,"invoutfform":null,"invcashoutf":1.981145591E7,"netinvitse":null,"netinvform":null,"invnetcashflow":-1.818244369E7,"invrececash":null,"subsrececash":null,"recefromloan":1.8E8,"issbdrececash":null,"recefincash":null,"fininflitse":null,"fininflform":null,"fincashinfl":1.8E8,"debtpaycash":1.8E8,"diviprofpaycash":5144958.33,"subspaydivid":null,"finrelacash":null,"finoutfitse":null,"finoutfform":null,"fincashoutf":1.8514495833E8,"finnetitse":null,"finnetform":null,"finnetcflow":-5144958.33,"chgexchgchgs":null,"netcashitse":null,"netcashform":null,"cashnetr":-1.7524694832E8,"inicashbala":5.1563726129E8,"cashfinalitse":null,"cashfinalform":null,"finalcashbala":3.4039031297E8,"netprofit":null,"minysharrigh":null,"unreinveloss":null,"asseimpa":null,"assedepr":null,"realestadep":null,"intaasseamor":null,"longdefeexpenamor":null,"prepexpedecr":null,"accrexpeincr":null,"dispfixedassetloss":null,"fixedassescraloss":null,"valuechgloss":null,"defeincoincr":null,"estidebts":null,"finexpe":null,"inveloss":null,"defetaxassetdecr":null,"defetaxliabincr":null,"inveredu":null,"receredu":null,"payaincr":null,"unseparachg":null,"unfiparachg":null,"other":null,"biznetscheitse":null,"biznetscheform":null,"biznetcflow":null,"debtintocapi":null,"expiconvbd":null,"finfixedasset":null,"cashfinalbala":3.4039031297E8,"cashopenbala":5.1563726129E8,"equfinalbala":null,"equopenbala":null,"netcashscheitse":null,"netcashscheform":null,"cashneti":-1.7524694832E8},{"compcode":"80287994","publishdate":"20150610","begindate":"20140101","enddate":"20141231","reporttype":"100111","adjustdate":"20150610","accstacode":"2","accstaname":"新会计准则","laborgetcash":2.37520344317E9,"deponetr":null,"bankloannetincr":null,"fininstnetr":null,"inspremcash":null,"insnetc":null,"savinetr":null,"disptradnetincr":null,"charintecash":null,"fdsborrnetr":null,"repnetincr":null,"taxrefd":null,"receotherbizcash":1.22113889E7,"bizinflitse":null,"bizinflform":null,"bizcashinfl":2.38741483207E9,"labopayc":9.0343738328E8,"loansnetr":null,"tradepaymnetr":null,"paycompgold":null,"payintecash":null,"paydivicash":null,"payworkcash":2.1901410879E8,"paytax":7.7966436127E8,"payacticash":3.8038513342E8,"bizoutfitse":null,"bizoutfform":null,"bizcashoutf":2.28250098676E9,"biznetitse":null,"biznetform":null,"mananetr":1.0491384531E8,"withinvgetcash":6.44E8,"inveretugetcash":null,"fixedassetnetc":1638520.0,"subsnetc":null,"receinvcash":1.312257064E7,"reducashpled":null,"invinflitse":null,"invinffrom":null,"invcashinfl":6.5876109064E8,"acquassetcash":4.645783916E7,"invpayc":6.44E8,"loannetr":null,"subspaynetcash":null,"payinvecash":null,"incrcashpled":null,"invoutfitse":null,"invoutfform":null,"invcashoutf":6.9045783916E8,"netinvitse":null,"netinvform":null,"invnetcashflow":-3.169674852E7,"invrececash":null,"subsrececash":null,"recefromloan":4.5E8,"issbdrececash":null,"recefincash":null,"fininflitse":null,"fininflform":null,"fincashinfl":4.5E8,"debtpaycash":4.46E8,"diviprofpaycash":1.3272848222E8,"subspaydivid":null,"finrelacash":null,"finoutfitse":null,"finoutfform":null,"fincashoutf":5.7872848222E8,"finnetitse":null,"finnetform":null,"finnetcflow":-1.2872848222E8,"chgexchgchgs":null,"netcashitse":null,"netcashform":null,"cashnetr":-5.551138543E7,"inicashbala":5.7114864672E8,"cashfinalitse":null,"cashfinalform":null,"finalcashbala":5.1563726129E8,"netprofit":4.2213961329E8,"minysharrigh":null,"unreinveloss":null,"asseimpa":1.59892588E7,"assedepr":5.86294772E7,"realestadep":null,"intaasseamor":6144282.51,"longdefeexpenamor":null,"prepexpedecr":null,"accrexpeincr":null,"dispfixedassetloss":-164483.14,"fixedassescraloss":null,"valuechgloss":null,"defeincoincr":null,"estidebts":null,"finexpe":1.695235191E7,"inveloss":-5346440.33,"defetaxassetdecr":-3589698.55,"defetaxliabincr":null,"inveredu":-1.671802255E8,"receredu":2.819713307E7,"payaincr":-2.7398508971E8,"unseparachg":null,"unfiparachg":null,"other":7127665.76,"biznetscheitse":null,"biznetscheform":null,"biznetcflow":1.0491384531E8,"debtintocapi":null,"expiconvbd":null,"finfixedasset":null,"cashfinalbala":5.1563726129E8,"cashopenbala":5.7114864672E8,"equfinalbala":null,"equopenbala":null,"netcashscheitse":null,"netcashscheform":null,"cashneti":-5.551138543E7},{"compcode":"80287994","publishdate":"20151029","begindate":"20140101","enddate":"20140930","reporttype":"100111","adjustdate":"20151029","accstacode":"2","accstaname":"新会计准则","laborgetcash":1.75729492859E9,"deponetr":null,"bankloannetincr":null,"fininstnetr":null,"inspremcash":null,"insnetc":null,"savinetr":null,"disptradnetincr":null,"charintecash":null,"fdsborrnetr":null,"repnetincr":null,"taxrefd":null,"receotherbizcash":1.406117599E7,"bizinflitse":null,"bizinflform":null,"bizcashinfl":1.77135610458E9,"labopayc":7.6616318997E8,"loansnetr":null,"tradepaymnetr":null,"paycompgold":null,"payintecash":null,"paydivicash":null,"payworkcash":1.6744872472E8,"paytax":6.5870771104E8,"payacticash":2.8029168819E8,"bizoutfitse":null,"bizoutfform":null,"bizcashoutf":1.87261131392E9,"biznetitse":null,"biznetform":null,"mananetr":-1.0125520934E8,"withinvgetcash":5.54E8,"inveretugetcash":null,"fixedassetnetc":54450.43,"subsnetc":null,"receinvcash":1.071545998E7,"reducashpled":null,"invinflitse":null,"invinffrom":null,"invcashinfl":5.6476991041E8,"acquassetcash":3.645154212E7,"invpayc":5.54E8,"loannetr":null,"subspaynetcash":null,"payinvecash":null,"incrcashpled":null,"invoutfitse":null,"invoutfform":null,"invcashoutf":5.9045154212E8,"netinvitse":null,"netinvform":null,"invnetcashflow":-2.568163171E7,"invrececash":null,"subsrececash":null,"recefromloan":4.5E8,"issbdrececash":null,"recefincash":null,"fininflitse":null,"fininflform":null,"fincashinfl":4.5E8,"debtpaycash":3.76E8,"diviprofpaycash":1.2633598166E8,"subspaydivid":null,"finrelacash":null,"finoutfitse":null,"finoutfform":null,"fincashoutf":5.0233598166E8,"finnetitse":null,"finnetform":null,"finnetcflow":-5.233598166E7,"chgexchgchgs":null,"netcashitse":null,"netcashform":null,"cashnetr":-1.7927282271E8,"inicashbala":5.7114864672E8,"cashfinalitse":null,"cashfinalform":null,"finalcashbala":3.9187582401E8,"netprofit":null,"minysharrigh":null,"unreinveloss":null,"asseimpa":null,"assedepr":null,"realestadep":null,"intaasseamor":null,"longdefeexpenamor":null,"prepexpedecr":null,"accrexpeincr":null,"dispfixedassetloss":null,"fixedassescraloss":null,"valuechgloss":null,"defeincoincr":null,"estidebts":null,"finexpe":null,"inveloss":null,"defetaxassetdecr":null,"defetaxliabincr":null,"inveredu":null,"receredu":null,"payaincr":null,"unseparachg":null,"unfiparachg":null,"other":null,"biznetscheitse":null,"biznetscheform":null,"biznetcflow":null,"debtintocapi":null,"expiconvbd":null,"finfixedasset":null,"cashfinalbala":3.9187582401E8,"cashopenbala":5.7114864672E8,"equfinalbala":null,"equopenbala":null,"netcashscheitse":null,"netcashscheform":null,"cashneti":-1.7927282271E8},{"compcode":"80287994","publishdate":"20150826","begindate":"20140101","enddate":"20140630","reporttype":"100111","adjustdate":"20150826","accstacode":"2","accstaname":"新会计准则","laborgetcash":1.2673840082E9,"deponetr":null,"bankloannetincr":null,"fininstnetr":null,"inspremcash":null,"insnetc":null,"savinetr":null,"disptradnetincr":null,"charintecash":null,"fdsborrnetr":null,"repnetincr":null,"taxrefd":null,"receotherbizcash":1.775320777E7,"bizinflitse":null,"bizinflform":null,"bizcashinfl":1.28513721597E9,"labopayc":5.425241412E8,"loansnetr":null,"tradepaymnetr":null,"paycompgold":null,"payintecash":null,"paydivicash":null,"payworkcash":1.2745448079E8,"paytax":4.921906453E8,"payacticash":2.1644528201E8,"bizoutfitse":null,"bizoutfform":null,"bizcashoutf":1.3786145493E9,"biznetitse":null,"biznetform":null,"mananetr":-9.347733333E7,"withinvgetcash":null,"inveretugetcash":null,"fixedassetnetc":54450.43,"subsnetc":null,"receinvcash":4346506.17,"reducashpled":null,"invinflitse":null,"invinffrom":null,"invcashinfl":4400956.6,"acquassetcash":6.942910172E7,"invpayc":null,"loannetr":null,"subspaynetcash":null,"payinvecash":null,"incrcashpled":null,"invoutfitse":null,"invoutfform":null,"invcashoutf":6.942910172E7,"netinvitse":null,"netinvform":null,"invnetcashflow":-6.502814512E7,"invrececash":null,"subsrececash":null,"recefromloan":4.5E8,"issbdrececash":null,"recefincash":null,"fininflitse":null,"fininflform":null,"fincashinfl":4.5E8,"debtpaycash":2.46E8,"diviprofpaycash":1.1964139499E8,"subspaydivid":null,"finrelacash":null,"finoutfitse":null,"finoutfform":null,"fincashoutf":3.6564139499E8,"finnetitse":null,"finnetform":null,"finnetcflow":8.435860501E7,"chgexchgchgs":null,"netcashitse":null,"netcashform":null,"cashnetr":-7.414687344E7,"inicashbala":5.7114864672E8,"cashfinalitse":null,"cashfinalform":null,"finalcashbala":4.9700177328E8,"netprofit":1.7243634707E8,"minysharrigh":null,"unreinveloss":null,"asseimpa":1.210636256E7,"assedepr":2.890697066E7,"realestadep":null,"intaasseamor":3170110.31,"longdefeexpenamor":null,"prepexpedecr":null,"accrexpeincr":null,"dispfixedassetloss":61684.59,"fixedassescraloss":null,"valuechgloss":null,"defeincoincr":null,"estidebts":null,"finexpe":7294888.82,"inveloss":-2621862.73,"defetaxassetdecr":-2926065.61,"defetaxliabincr":null,"inveredu":-9.149147057E7,"receredu":2.0851960098E8,"payaincr":-4.3082166517E8,"unseparachg":null,"unfiparachg":null,"other":1887765.76,"biznetscheitse":null,"biznetscheform":null,"biznetcflow":-9.347733333E7,"debtintocapi":null,"expiconvbd":null,"finfixedasset":null,"cashfinalbala":4.9700177328E8,"cashopenbala":5.7114864672E8,"equfinalbala":null,"equopenbala":null,"netcashscheitse":null,"netcashscheform":null,"cashneti":-7.414687344E7},{"compcode":"80287994","publishdate":"20150610","begindate":"20130101","enddate":"20131231","reporttype":"100111","adjustdate":"20150610","accstacode":"2","accstaname":"新会计准则","laborgetcash":2.50735472061E9,"deponetr":null,"bankloannetincr":null,"fininstnetr":null,"inspremcash":null,"insnetc":null,"savinetr":null,"disptradnetincr":null,"charintecash":null,"fdsborrnetr":null,"repnetincr":null,"taxrefd":null,"receotherbizcash":2.515562588E7,"bizinflitse":null,"bizinflform":null,"bizcashinfl":2.53251034649E9,"labopayc":8.8155737141E8,"loansnetr":null,"tradepaymnetr":null,"paycompgold":null,"payintecash":null,"paydivicash":null,"payworkcash":2.2076331822E8,"paytax":7.8139233947E8,"payacticash":3.7113001797E8,"bizoutfitse":null,"bizoutfform":null,"bizcashoutf":2.25484304707E9,"biznetitse":null,"biznetform":null,"mananetr":2.7766729942E8,"withinvgetcash":null,"inveretugetcash":null,"fixedassetnetc":779187.7,"subsnetc":null,"receinvcash":9313859.92,"reducashpled":null,"invinflitse":null,"invinffrom":null,"invcashinfl":1.009304762E7,"acquassetcash":1.6308735394E8,"invpayc":null,"loannetr":null,"subspaynetcash":null,"payinvecash":null,"incrcashpled":null,"invoutfitse":null,"invoutfform":null,"invcashoutf":1.6308735394E8,"netinvitse":null,"netinvform":null,"invnetcashflow":-1.5299430632E8,"invrececash":null,"subsrececash":null,"recefromloan":3.695E8,"issbdrececash":null,"recefincash":null,"fininflitse":null,"fininflform":null,"fincashinfl":3.695E8,"debtpaycash":4.095E8,"diviprofpaycash":1.0292187369E8,"subspaydivid":null,"finrelacash":null,"finoutfitse":null,"finoutfform":null,"fincashoutf":5.1242187369E8,"finnetitse":null,"finnetform":null,"finnetcflow":-1.4292187369E8,"chgexchgchgs":null,"netcashitse":null,"netcashform":null,"cashnetr":-1.824888059E7,"inicashbala":5.8939752731E8,"cashfinalitse":null,"cashfinalform":null,"finalcashbala":5.7114864672E8,"netprofit":3.9816702737E8,"minysharrigh":null,"unreinveloss":null,"asseimpa":1.5280716E7,"assedepr":5.399914576E7,"realestadep":null,"intaasseamor":6510415.65,"longdefeexpenamor":null,"prepexpedecr":null,"accrexpeincr":null,"dispfixedassetloss":2749760.2,"fixedassescraloss":null,"valuechgloss":null,"defeincoincr":null,"estidebts":null,"finexpe":1.260801377E7,"inveloss":null,"defetaxassetdecr":-5560660.46,"defetaxliabincr":null,"inveredu":-2.3365130416E8,"receredu":-1.5477017154E8,"payaincr":1.8525588699E8,"unseparachg":null,"unfiparachg":null,"other":-2921530.16,"biznetscheitse":null,"biznetscheform":null,"biznetcflow":2.7766729942E8,"debtintocapi":null,"expiconvbd":null,"finfixedasset":null,"cashfinalbala":5.7114864672E8,"cashopenbala":5.8939752731E8,"equfinalbala":null,"equopenbala":null,"netcashscheitse":null,"netcashscheform":null,"cashneti":-1.824888059E7},{"compcode":"80287994","publishdate":"20150610","begindate":"20120101","enddate":"20121231","reporttype":"100111","adjustdate":"20150610","accstacode":"2","accstaname":"新会计准则","laborgetcash":2.67611653752E9,"deponetr":null,"bankloannetincr":null,"fininstnetr":null,"inspremcash":null,"insnetc":null,"savinetr":null,"disptradnetincr":null,"charintecash":null,"fdsborrnetr":null,"repnetincr":null,"taxrefd":null,"receotherbizcash":9899076.17,"bizinflitse":null,"bizinflform":null,"bizcashinfl":2.68601561369E9,"labopayc":8.7312736006E8,"loansnetr":null,"tradepaymnetr":null,"paycompgold":null,"payintecash":null,"paydivicash":null,"payworkcash":1.9236910785E8,"paytax":8.9589599872E8,"payacticash":3.0172225499E8,"bizoutfitse":null,"bizoutfform":null,"bizcashoutf":2.26311472162E9,"biznetitse":null,"biznetform":null,"mananetr":4.2290089207E8,"withinvgetcash":null,"inveretugetcash":null,"fixedassetnetc":545332.83,"subsnetc":null,"receinvcash":7883014.25,"reducashpled":null,"invinflitse":null,"invinffrom":null,"invcashinfl":8428347.08,"acquassetcash":1.5673637288E8,"invpayc":null,"loannetr":null,"subspaynetcash":null,"payinvecash":null,"incrcashpled":null,"invoutfitse":null,"invoutfform":null,"invcashoutf":1.5673637288E8,"netinvitse":null,"netinvform":null,"invnetcashflow":-1.483080258E8,"invrececash":null,"subsrececash":null,"recefromloan":5.21E8,"issbdrececash":null,"recefincash":null,"fininflitse":null,"fininflform":null,"fincashinfl":5.21E8,"debtpaycash":4.11E8,"diviprofpaycash":7.431499398E7,"subspaydivid":null,"finrelacash":null,"finoutfitse":null,"finoutfform":null,"fincashoutf":4.8531499398E8,"finnetitse":null,"finnetform":null,"finnetcflow":3.568500602E7,"chgexchgchgs":null,"netcashitse":null,"netcashform":null,"cashnetr":3.1027787229E8,"inicashbala":2.7911965502E8,"cashfinalitse":null,"cashfinalform":null,"finalcashbala":5.8939752731E8,"netprofit":4.5597326945E8,"minysharrigh":null,"unreinveloss":null,"asseimpa":6871286.59,"assedepr":4.873092152E7,"realestadep":null,"intaasseamor":4017988.74,"longdefeexpenamor":null,"prepexpedecr":null,"accrexpeincr":null,"dispfixedassetloss":924462.15,"fixedassescraloss":null,"valuechgloss":null,"defeincoincr":null,"estidebts":null,"finexpe":1.243197973E7,"inveloss":null,"defetaxassetdecr":-2082068.96,"defetaxliabincr":null,"inveredu":-2.1955996303E8,"receredu":-4.985239915E7,"payaincr":1.0599123361E8,"unseparachg":null,"unfiparachg":null,"other":5.945418142E7,"biznetscheitse":null,"biznetscheform":null,"biznetcflow":4.2290089207E8,"debtintocapi":null,"expiconvbd":null,"finfixedasset":null,"cashfinalbala":5.8939752731E8,"cashopenbala":2.7911965502E8,"equfinalbala":null,"equopenbala":null,"netcashscheitse":null,"netcashscheform":null,"cashneti":3.1027787229E8},{"compcode":"80287994","publishdate":"20140514","begindate":"20110101","enddate":"20111231","reporttype":"100111","adjustdate":"20140514","accstacode":"2","accstaname":"新会计准则","laborgetcash":2.07304019021E9,"deponetr":null,"bankloannetincr":null,"fininstnetr":null,"inspremcash":null,"insnetc":null,"savinetr":null,"disptradnetincr":null,"charintecash":null,"fdsborrnetr":null,"repnetincr":null,"taxrefd":null,"receotherbizcash":1.12856636E7,"bizinflitse":null,"bizinflform":null,"bizcashinfl":2.08432585381E9,"labopayc":7.0210135071E8,"loansnetr":null,"tradepaymnetr":null,"paycompgold":null,"payintecash":null,"paydivicash":null,"payworkcash":1.6005142484E8,"paytax":7.0308223671E8,"payacticash":3.0094996122E8,"bizoutfitse":null,"bizoutfform":null,"bizcashoutf":1.86618497348E9,"biznetitse":null,"biznetform":null,"mananetr":2.1814088033E8,"withinvgetcash":null,"inveretugetcash":null,"fixedassetnetc":5000.0,"subsnetc":null,"receinvcash":1.1332036E7,"reducashpled":null,"invinflitse":null,"invinffrom":null,"invcashinfl":1.1337036E7,"acquassetcash":1.3244361335E8,"invpayc":null,"loannetr":null,"subspaynetcash":null,"payinvecash":null,"incrcashpled":null,"invoutfitse":null,"invoutfform":null,"invcashoutf":1.3244361335E8,"netinvitse":null,"netinvform":null,"invnetcashflow":-1.2110657735E8,"invrececash":null,"subsrececash":null,"recefromloan":3.3625E8,"issbdrececash":null,"recefincash":null,"fininflitse":null,"fininflform":null,"fincashinfl":3.3625E8,"debtpaycash":2.4725E8,"diviprofpaycash":2.0379644074E8,"subspaydivid":null,"finrelacash":5300000.0,"finoutfitse":null,"finoutfform":null,"fincashoutf":4.5634644074E8,"finnetitse":null,"finnetform":null,"finnetcflow":-1.2009644074E8,"chgexchgchgs":null,"netcashitse":null,"netcashform":null,"cashnetr":-2.306213776E7,"inicashbala":3.0218179278E8,"cashfinalitse":null,"cashfinalform":null,"finalcashbala":2.7911965502E8,"netprofit":3.966851E8,"minysharrigh":null,"unreinveloss":null,"asseimpa":882800.0,"assedepr":3.29431E7,"realestadep":null,"intaasseamor":2891700.0,"longdefeexpenamor":null,"prepexpedecr":null,"accrexpeincr":null,"dispfixedassetloss":48400.0,"fixedassescraloss":null,"valuechgloss":null,"defeincoincr":null,"estidebts":null,"finexpe":1.10096E7,"inveloss":null,"defetaxassetdecr":705800.0,"defetaxliabincr":null,"inveredu":-1.876783E8,"receredu":-1.541005E8,"payaincr":1.670643E8,"unseparachg":null,"unfiparachg":null,"other":-5.23112E7,"biznetscheitse":100.0,"biznetscheform":null,"biznetcflow":2.181409E8,"debtintocapi":null,"expiconvbd":null,"finfixedasset":null,"cashfinalbala":2.7911965502E8,"cashopenbala":3.0218179278E8,"equfinalbala":null,"equopenbala":null,"netcashscheitse":null,"netcashscheform":null,"cashneti":-2.306213776E7}],"comptype":4,"name":"口子窖"}