{"list":[{"compcode":"80284578","publishdate":"20171027","reportdate":"20170930","reporttype":"100111","adjustdate":"20171027","accstacode":"2","accstaname":"新会计准则","curfds":2.4549778447E8,"tradfinasset":null,"notesrece":null,"accorece":9611807.11,"prep":1.70705291E7,"premrece":null,"interece":null,"dividrece":null,"otherrece":702952.73,"expotaxrebarece":null,"subsrece":null,"margrece":null,"intelrece":null,"inve":4.166817332E7,"prepexpe":null,"unseg":null,"expinoncurrasset":null,"othercurrasse":1.8097638022E8,"currassetitse":null,"currasseform":null,"totcurrasset":4.9552762695E8,"lendandloan":null,"avaisellasse":1.0E7,"holdinvedue":null,"longrece":null,"equiinve":null,"otherlonginve":null,"inveprop":null,"fixedasseimmo":null,"accudepr":null,"fixedassenetw":null,"fixedasseimpa":null,"fixedassenet":3.78475722E7,"consprog":1.1580806473E8,"engimate":null,"fixedasseclea":null,"prodasse":null,"comasse":null,"hydrasset":null,"intaasset":4.1214836E7,"deveexpe":null,"goodwill":null,"logprepexpe":null,"tradshartrad":null,"defetaxasset":5367013.46,"othernoncasse":2.692E7,"noncasseitse":null,"noncasseform":null,"totalnoncassets":2.3715748639E8,"totassetitse":null,"totalasseform":null,"totasset":7.3268511334E8,"shorttermborr":null,"tradfinliab":null,"notespaya":null,"accopaya":8124255.3,"advapaym":7001545.13,"copeworkersal":1905152.19,"taxespaya":4807916.48,"intepaya":null,"divipaya":null,"otherfeepaya":null,"margrequ":null,"intelpay":null,"otherpay":4452052.14,"accrexpe":null,"expecurrliab":null,"copewithreinrece":null,"inteticksett":null,"dometicksett":null,"defereve":null,"shorttermbdspaya":null,"duenoncliab":null,"othercurreliabi":null,"currliabitse":null,"currliabform":null,"totalcurrliab":2.629092124E7,"longborr":null,"bdspaya":null,"longpaya":null,"specpaya":null,"expenoncliab":null,"longdefeinco":null,"defeincotaxliab":null,"othernoncliabi":null,"longliabitse":null,"longliabform":null,"totalnoncliab":0.0,"totliabitse":null,"totliabform":null,"totliab":2.629092124E7,"paidincapi":1.2E8,"capisurp":3.2276972002E8,"treastk":null,"specrese":null,"rese":2.915109981E7,"generiskrese":null,"unreinveloss":null,"undiprof":2.3325387274E8,"topaycashdivi":null,"curtrandiff":null,"sharrighitse":null,"sharrightform":null,"paresharrigh":7.063941921E8,"minysharrigh":null,"righaggritse":null,"rightaggrform":null,"righaggr":7.063941921E8,"rightotitse":null,"rightotform":null,"totliabsharequi":7.3268511334E8,"settresedepo":null,"plac":null,"derifinaasset":null,"reinrece":null,"reincontrese":null,"purcresaasset":null,"cenbankborr":null,"deposit":null,"fdsborr":null,"deriliab":null,"sellrepasse":null,"copepoun":null,"insucontrese":null,"actitradsecu":null,"actiundesecu":null},{"compcode":"80284578","publishdate":"20170823","reportdate":"20170630","reporttype":"100111","adjustdate":"20170823","accstacode":"2","accstaname":"新会计准则","curfds":2.4471310915E8,"tradfinasset":null,"notesrece":null,"accorece":6535242.78,"prep":2.079667758E7,"premrece":null,"interece":null,"dividrece":null,"otherrece":810982.94,"expotaxrebarece":null,"subsrece":null,"margrece":null,"intelrece":null,"inve":4.295059758E7,"prepexpe":null,"unseg":null,"expinoncurrasset":null,"othercurrasse":1.7044894242E8,"currassetitse":null,"currasseform":null,"totcurrasset":4.8625555245E8,"lendandloan":null,"avaisellasse":1.0E7,"holdinvedue":null,"longrece":null,"equiinve":null,"otherlonginve":null,"inveprop":null,"fixedasseimmo":1.0997607317E8,"accudepr":7.08443722E7,"fixedassenetw":3.913170097E7,"fixedasseimpa":null,"fixedassenet":3.913170097E7,"consprog":1.1392201425E8,"engimate":null,"fixedasseclea":null,"prodasse":null,"comasse":null,"hydrasset":null,"intaasset":4.149269249E7,"deveexpe":null,"goodwill":null,"logprepexpe":null,"tradshartrad":null,"defetaxasset":5127456.45,"othernoncasse":2.692E7,"noncasseitse":null,"noncasseform":null,"totalnoncassets":2.3659386416E8,"totassetitse":null,"totalasseform":null,"totasset":7.2284941661E8,"shorttermborr":null,"tradfinliab":null,"notespaya":null,"accopaya":7824612.32,"advapaym":9752802.05,"copeworkersal":1853859.9,"taxespaya":2471380.41,"intepaya":null,"divipaya":null,"otherfeepaya":null,"margrequ":null,"intelpay":null,"otherpay":2659006.02,"accrexpe":null,"expecurrliab":null,"copewithreinrece":null,"inteticksett":null,"dometicksett":null,"defereve":null,"shorttermbdspaya":null,"duenoncliab":null,"othercurreliabi":null,"currliabitse":null,"currliabform":null,"totalcurrliab":2.45616607E7,"longborr":null,"bdspaya":null,"longpaya":null,"specpaya":null,"expenoncliab":null,"longdefeinco":null,"defeincotaxliab":null,"othernoncliabi":null,"longliabitse":null,"longliabform":null,"totalnoncliab":0.0,"totliabitse":null,"totliabform":null,"totliab":2.45616607E7,"paidincapi":1.2E8,"capisurp":3.2276262703E8,"treastk":null,"specrese":null,"rese":2.915109981E7,"generiskrese":null,"unreinveloss":null,"undiprof":2.2395087515E8,"topaycashdivi":null,"curtrandiff":null,"sharrighitse":null,"sharrightform":null,"paresharrigh":6.9828775591E8,"minysharrigh":null,"righaggritse":null,"rightaggrform":null,"righaggr":6.9828775591E8,"rightotitse":null,"rightotform":null,"totliabsharequi":7.2284941661E8,"settresedepo":null,"plac":null,"derifinaasset":null,"reinrece":null,"reincontrese":null,"purcresaasset":null,"cenbankborr":null,"deposit":null,"fdsborr":null,"deriliab":null,"sellrepasse":null,"copepoun":null,"insucontrese":null,"actitradsecu":null,"actiundesecu":null},{"compcode":"80284578","publishdate":"20170428","reportdate":"20170331","reporttype":"100111","adjustdate":"20170428","accstacode":"2","accstaname":"新会计准则","curfds":2.7654392554E8,"tradfinasset":null,"notesrece":198500.0,"accorece":9326974.02,"prep":3.240539652E7,"premrece":null,"interece":null,"dividrece":null,"otherrece":624751.92,"expotaxrebarece":null,"subsrece":null,"margrece":null,"intelrece":null,"inve":4.372395111E7,"prepexpe":null,"unseg":null,"expinoncurrasset":null,"othercurrasse":1.6582554021E8,"currassetitse":null,"currasseform":null,"totcurrasset":5.2864903932E8,"lendandloan":null,"avaisellasse":7842267.5,"holdinvedue":null,"longrece":null,"equiinve":2157732.5,"otherlonginve":null,"inveprop":null,"fixedasseimmo":null,"accudepr":null,"fixedassenetw":null,"fixedasseimpa":null,"fixedassenet":4.08472701E7,"consprog":1.0590212851E8,"engimate":null,"fixedasseclea":null,"prodasse":null,"comasse":null,"hydrasset":null,"intaasset":4.155689771E7,"deveexpe":null,"goodwill":null,"logprepexpe":null,"tradshartrad":null,"defetaxasset":2985877.06,"othernoncasse":2011829.45,"noncasseitse":null,"noncasseform":null,"totalnoncassets":2.0330400283E8,"totassetitse":null,"totalasseform":null,"totasset":7.3195304215E8,"shorttermborr":null,"tradfinliab":null,"notespaya":null,"accopaya":9314592.61,"advapaym":7402748.72,"copeworkersal":1790631.12,"taxespaya":3127454.42,"intepaya":null,"divipaya":null,"otherfeepaya":null,"margrequ":null,"intelpay":null,"otherpay":2770093.45,"accrexpe":null,"expecurrliab":null,"copewithreinrece":null,"inteticksett":null,"dometicksett":null,"defereve":null,"shorttermbdspaya":null,"duenoncliab":null,"othercurreliabi":null,"currliabitse":null,"currliabform":null,"totalcurrliab":2.440552032E7,"longborr":null,"bdspaya":null,"longpaya":null,"specpaya":null,"expenoncliab":null,"longdefeinco":null,"defeincotaxliab":null,"othernoncliabi":null,"longliabitse":null,"longliabform":null,"totalnoncliab":0.0,"totliabitse":null,"totliabform":null,"totliab":2.440552032E7,"paidincapi":1.2E8,"capisurp":3.2275455535E8,"treastk":null,"specrese":null,"rese":2.915109981E7,"generiskrese":null,"unreinveloss":null,"undiprof":2.3189163869E8,"topaycashdivi":null,"curtrandiff":null,"sharrighitse":null,"sharrightform":null,"paresharrigh":7.0754752183E8,"minysharrigh":null,"righaggritse":null,"rightaggrform":null,"righaggr":7.0754752183E8,"rightotitse":null,"rightotform":null,"totliabsharequi":7.3195304215E8,"settresedepo":null,"plac":null,"derifinaasset":null,"reinrece":null,"reincontrese":null,"purcresaasset":null,"cenbankborr":null,"deposit":null,"fdsborr":null,"deriliab":null,"sellrepasse":null,"copepoun":null,"insucontrese":null,"actitradsecu":null,"actiundesecu":null},{"compcode":"80284578","publishdate":"20170417","reportdate":"20161231","reporttype":"100111","adjustdate":"20170417","accstacode":"2","accstaname":"新会计准则","curfds":3.7489925486E8,"tradfinasset":null,"notesrece":null,"accorece":5038733.67,"prep":2.072025875E7,"premrece":null,"interece":null,"dividrece":null,"otherrece":1677147.9,"expotaxrebarece":null,"subsrece":null,"margrece":null,"intelrece":null,"inve":4.640641798E7,"prepexpe":null,"unseg":null,"expinoncurrasset":null,"othercurrasse":8.06014307E7,"currassetitse":null,"currasseform":null,"totcurrasset":5.2934324386E8,"lendandloan":null,"avaisellasse":1.0E7,"holdinvedue":null,"longrece":null,"equiinve":null,"otherlonginve":null,"inveprop":null,"fixedasseimmo":1.0986706349E8,"accudepr":6.736150079E7,"fixedassenetw":4.25055627E7,"fixedasseimpa":null,"fixedassenet":4.25055627E7,"consprog":1.0588872947E8,"engimate":null,"fixedasseclea":null,"prodasse":null,"comasse":null,"hydrasset":null,"intaasset":4.182407258E7,"deveexpe":null,"goodwill":null,"logprepexpe":null,"tradshartrad":null,"defetaxasset":5005393.6,"othernoncasse":1.0E7,"noncasseitse":null,"noncasseform":null,"totalnoncassets":2.1522375835E8,"totassetitse":null,"totalasseform":null,"totasset":7.4456700221E8,"shorttermborr":null,"tradfinliab":null,"notespaya":null,"accopaya":1.00487792E7,"advapaym":2.419721871E7,"copeworkersal":4251198.06,"taxespaya":2788188.8,"intepaya":null,"divipaya":null,"otherfeepaya":null,"margrequ":null,"intelpay":null,"otherpay":5216279.96,"accrexpe":null,"expecurrliab":null,"copewithreinrece":null,"inteticksett":null,"dometicksett":null,"defereve":null,"shorttermbdspaya":null,"duenoncliab":null,"othercurreliabi":null,"currliabitse":null,"currliabform":null,"totalcurrliab":4.650166473E7,"longborr":null,"bdspaya":null,"longpaya":null,"specpaya":null,"expenoncliab":null,"longdefeinco":null,"defeincotaxliab":null,"othernoncliabi":null,"longliabitse":null,"longliabform":null,"totalnoncliab":0.0,"totliabitse":null,"totliabform":null,"totliab":4.650166473E7,"paidincapi":1.2E8,"capisurp":3.2275455535E8,"treastk":null,"specrese":null,"rese":2.915109981E7,"generiskrese":null,"unreinveloss":null,"undiprof":2.2195628567E8,"topaycashdivi":null,"curtrandiff":null,"sharrighitse":null,"sharrightform":null,"paresharrigh":6.9806533748E8,"minysharrigh":null,"righaggritse":null,"rightaggrform":null,"righaggr":6.9806533748E8,"rightotitse":null,"rightotform":null,"totliabsharequi":7.4456700221E8,"settresedepo":null,"plac":null,"derifinaasset":null,"reinrece":null,"reincontrese":null,"purcresaasset":null,"cenbankborr":null,"deposit":null,"fdsborr":null,"deriliab":null,"sellrepasse":null,"copepoun":null,"insucontrese":null,"actitradsecu":null,"actiundesecu":null},{"compcode":"80284578","publishdate":"20161027","reportdate":"20160930","reporttype":"100111","adjustdate":"20161027","accstacode":"2","accstaname":"新会计准则","curfds":3.6220800284E8,"tradfinasset":null,"notesrece":null,"accorece":7872041.54,"prep":2.40560998E7,"premrece":null,"interece":null,"dividrece":null,"otherrece":2022814.43,"expotaxrebarece":null,"subsrece":null,"margrece":null,"intelrece":null,"inve":5.382367883E7,"prepexpe":null,"unseg":null,"expinoncurrasset":null,"othercurrasse":5.242260323E7,"currassetitse":null,"currasseform":null,"totcurrasset":5.0240524067E8,"lendandloan":null,"avaisellasse":1.0E7,"holdinvedue":null,"longrece":null,"equiinve":null,"otherlonginve":null,"inveprop":null,"fixedasseimmo":null,"accudepr":null,"fixedassenetw":null,"fixedasseimpa":null,"fixedassenet":4.424703932E7,"consprog":1.0521530807E8,"engimate":null,"fixedasseclea":null,"prodasse":null,"comasse":null,"hydrasset":null,"intaasset":4.196611925E7,"deveexpe":null,"goodwill":null,"logprepexpe":null,"tradshartrad":null,"defetaxasset":4431473.02,"othernoncasse":null,"noncasseitse":null,"noncasseform":null,"totalnoncassets":2.0585993966E8,"totassetitse":null,"totalasseform":null,"totasset":7.0826518033E8,"shorttermborr":null,"tradfinliab":null,"notespaya":null,"accopaya":5928727.78,"advapaym":9794202.68,"copeworkersal":1763628.31,"taxespaya":2708732.0,"intepaya":null,"divipaya":null,"otherfeepaya":null,"margrequ":null,"intelpay":null,"otherpay":3356392.58,"accrexpe":null,"expecurrliab":null,"copewithreinrece":null,"inteticksett":null,"dometicksett":null,"defereve":null,"shorttermbdspaya":null,"duenoncliab":null,"othercurreliabi":null,"currliabitse":null,"currliabform":null,"totalcurrliab":2.355168335E7,"longborr":null,"bdspaya":null,"longpaya":null,"specpaya":null,"expenoncliab":null,"longdefeinco":null,"defeincotaxliab":null,"othernoncliabi":null,"longliabitse":null,"longliabform":null,"totalnoncliab":0.0,"totliabitse":null,"totliabform":null,"totliab":2.355168335E7,"paidincapi":1.2E8,"capisurp":3.2275455535E8,"treastk":null,"specrese":null,"rese":2.445601943E7,"generiskrese":null,"unreinveloss":null,"undiprof":2.1556556867E8,"topaycashdivi":null,"curtrandiff":null,"sharrighitse":null,"sharrightform":null,"paresharrigh":6.8471349698E8,"minysharrigh":null,"righaggritse":null,"rightaggrform":null,"righaggr":6.8471349698E8,"rightotitse":null,"rightotform":null,"totliabsharequi":7.0826518033E8,"settresedepo":null,"plac":null,"derifinaasset":null,"reinrece":null,"reincontrese":null,"purcresaasset":null,"cenbankborr":null,"deposit":null,"fdsborr":null,"deriliab":null,"sellrepasse":null,"copepoun":null,"insucontrese":null,"actitradsecu":null,"actiundesecu":null},{"compcode":"80284578","publishdate":"20160823","reportdate":"20160630","reporttype":"100111","adjustdate":"20160823","accstacode":"2","accstaname":"新会计准则","curfds":3.6980027158E8,"tradfinasset":null,"notesrece":null,"accorece":8882940.94,"prep":1.648425519E7,"premrece":null,"interece":null,"dividrece":null,"otherrece":1706416.76,"expotaxrebarece":null,"subsrece":null,"margrece":null,"intelrece":null,"inve":5.737628129E7,"prepexpe":null,"unseg":null,"expinoncurrasset":null,"othercurrasse":3.424533926E7,"currassetitse":null,"currasseform":null,"totcurrasset":4.8849550502E8,"lendandloan":null,"avaisellasse":1.0E7,"holdinvedue":null,"longrece":null,"equiinve":null,"otherlonginve":null,"inveprop":null,"fixedasseimmo":1.0957519578E8,"accudepr":6.381158529E7,"fixedassenetw":4.576361049E7,"fixedasseimpa":null,"fixedassenet":4.576361049E7,"consprog":1.0479707025E8,"engimate":null,"fixedasseclea":null,"prodasse":null,"comasse":null,"hydrasset":null,"intaasset":4.222714028E7,"deveexpe":null,"goodwill":null,"logprepexpe":null,"tradshartrad":null,"defetaxasset":3994892.72,"othernoncasse":null,"noncasseitse":null,"noncasseform":null,"totalnoncassets":2.0678271374E8,"totassetitse":null,"totalasseform":null,"totasset":6.9527821876E8,"shorttermborr":null,"tradfinliab":null,"notespaya":null,"accopaya":5289767.72,"advapaym":9606089.45,"copeworkersal":1906432.75,"taxespaya":2190393.59,"intepaya":null,"divipaya":null,"otherfeepaya":null,"margrequ":null,"intelpay":null,"otherpay":2542662.08,"accrexpe":null,"expecurrliab":null,"copewithreinrece":null,"inteticksett":null,"dometicksett":null,"defereve":null,"shorttermbdspaya":null,"duenoncliab":null,"othercurreliabi":null,"currliabitse":null,"currliabform":null,"totalcurrliab":2.153534559E7,"longborr":null,"bdspaya":null,"longpaya":null,"specpaya":null,"expenoncliab":null,"longdefeinco":null,"defeincotaxliab":null,"othernoncliabi":null,"longliabitse":null,"longliabform":null,"totalnoncliab":0.0,"totliabitse":null,"totliabform":null,"totliab":2.153534559E7,"paidincapi":1.2E8,"capisurp":3.2275455535E8,"treastk":null,"specrese":null,"rese":2.445601943E7,"generiskrese":null,"unreinveloss":null,"undiprof":2.0502176989E8,"topaycashdivi":null,"curtrandiff":null,"sharrighitse":null,"sharrightform":null,"paresharrigh":6.7374287317E8,"minysharrigh":null,"righaggritse":null,"rightaggrform":null,"righaggr":6.7374287317E8,"rightotitse":null,"rightotform":null,"totliabsharequi":6.9527821876E8,"settresedepo":null,"plac":null,"derifinaasset":null,"reinrece":null,"reincontrese":null,"purcresaasset":null,"cenbankborr":null,"deposit":null,"fdsborr":null,"deriliab":null,"sellrepasse":null,"copepoun":null,"insucontrese":null,"actitradsecu":null,"actiundesecu":null},{"compcode":"80284578","publishdate":"20160420","reportdate":"20160331","reporttype":"100111","adjustdate":"20160420","accstacode":"2","accstaname":"新会计准则","curfds":3.5607515688E8,"tradfinasset":null,"notesrece":null,"accorece":9707508.41,"prep":2.367299835E7,"premrece":null,"interece":null,"dividrece":null,"otherrece":1758230.77,"expotaxrebarece":null,"subsrece":null,"margrece":null,"intelrece":null,"inve":5.230770336E7,"prepexpe":null,"unseg":null,"expinoncurrasset":null,"othercurrasse":5.094026272E7,"currassetitse":null,"currasseform":null,"totcurrasset":4.9446186049E8,"lendandloan":null,"avaisellasse":1.0E7,"holdinvedue":null,"longrece":null,"equiinve":null,"otherlonginve":null,"inveprop":null,"fixedasseimmo":null,"accudepr":null,"fixedassenetw":null,"fixedasseimpa":null,"fixedassenet":4.65002395E7,"consprog":9.129472381E7,"engimate":null,"fixedasseclea":null,"prodasse":null,"comasse":null,"hydrasset":null,"intaasset":4.241943465E7,"deveexpe":null,"goodwill":null,"logprepexpe":null,"tradshartrad":null,"defetaxasset":3507319.49,"othernoncasse":1.39261765E7,"noncasseitse":null,"noncasseform":null,"totalnoncassets":2.0764789395E8,"totassetitse":null,"totalasseform":null,"totasset":7.0210975444E8,"shorttermborr":null,"tradfinliab":null,"notespaya":null,"accopaya":9236341.86,"advapaym":6147077.48,"copeworkersal":1615080.05,"taxespaya":2646102.13,"intepaya":null,"divipaya":null,"otherfeepaya":null,"margrequ":null,"intelpay":null,"otherpay":2253206.51,"accrexpe":null,"expecurrliab":null,"copewithreinrece":null,"inteticksett":null,"dometicksett":null,"defereve":null,"shorttermbdspaya":null,"duenoncliab":null,"othercurreliabi":null,"currliabitse":null,"currliabform":null,"totalcurrliab":2.189780803E7,"longborr":null,"bdspaya":null,"longpaya":null,"specpaya":null,"expenoncliab":null,"longdefeinco":null,"defeincotaxliab":null,"othernoncliabi":null,"longliabitse":null,"longliabform":null,"totalnoncliab":0.0,"totliabitse":null,"totliabform":null,"totliab":2.189780803E7,"paidincapi":1.2E8,"capisurp":3.2275455535E8,"treastk":null,"specrese":null,"rese":2.445601943E7,"generiskrese":null,"unreinveloss":null,"undiprof":2.1296044832E8,"topaycashdivi":null,"curtrandiff":null,"sharrighitse":null,"sharrightform":null,"paresharrigh":6.8021194641E8,"minysharrigh":null,"righaggritse":null,"rightaggrform":null,"righaggr":6.8021194641E8,"rightotitse":null,"rightotform":null,"totliabsharequi":7.0210975444E8,"settresedepo":null,"plac":null,"derifinaasset":null,"reinrece":null,"reincontrese":null,"purcresaasset":null,"cenbankborr":null,"deposit":null,"fdsborr":null,"deriliab":null,"sellrepasse":null,"copepoun":null,"insucontrese":null,"actitradsecu":null,"actiundesecu":null},{"compcode":"80284578","publishdate":"20160419","reportdate":"20151231","reporttype":"100111","adjustdate":"20160419","accstacode":"2","accstaname":"新会计准则","curfds":3.7976412672E8,"tradfinasset":null,"notesrece":null,"accorece":6540373.03,"prep":1.044526675E7,"premrece":null,"interece":null,"dividrece":null,"otherrece":1478085.95,"expotaxrebarece":null,"subsrece":null,"margrece":null,"intelrece":null,"inve":5.041721327E7,"prepexpe":null,"unseg":null,"expinoncurrasset":null,"othercurrasse":5.127501435E7,"currassetitse":null,"currasseform":null,"totcurrasset":4.9992008007E8,"lendandloan":null,"avaisellasse":1.0E7,"holdinvedue":null,"longrece":null,"equiinve":null,"otherlonginve":null,"inveprop":null,"fixedasseimmo":1.0862865514E8,"accudepr":6.048445792E7,"fixedassenetw":4.814419722E7,"fixedasseimpa":null,"fixedassenet":4.814419722E7,"consprog":8.983714061E7,"engimate":null,"fixedasseclea":null,"prodasse":null,"comasse":null,"hydrasset":null,"intaasset":4.26770757E7,"deveexpe":null,"goodwill":null,"logprepexpe":null,"tradshartrad":null,"defetaxasset":3449599.38,"othernoncasse":8255460.34,"noncasseitse":null,"noncasseform":null,"totalnoncassets":2.0236347325E8,"totassetitse":null,"totalasseform":null,"totasset":7.0228355332E8,"shorttermborr":null,"tradfinliab":null,"notespaya":null,"accopaya":7741528.99,"advapaym":1.089873868E7,"copeworkersal":3658744.75,"taxespaya":3077529.19,"intepaya":null,"divipaya":null,"otherfeepaya":null,"margrequ":null,"intelpay":null,"otherpay":5211703.2,"accrexpe":null,"expecurrliab":null,"copewithreinrece":null,"inteticksett":null,"dometicksett":null,"defereve":null,"shorttermbdspaya":null,"duenoncliab":null,"othercurreliabi":null,"currliabitse":null,"currliabform":null,"totalcurrliab":3.058824481E7,"longborr":null,"bdspaya":null,"longpaya":null,"specpaya":null,"expenoncliab":null,"longdefeinco":null,"defeincotaxliab":null,"othernoncliabi":null,"longliabitse":null,"longliabform":null,"totalnoncliab":0.0,"totliabitse":null,"totliabform":null,"totliab":3.058824481E7,"paidincapi":1.2E8,"capisurp":3.2275455535E8,"treastk":null,"specrese":null,"rese":2.445601943E7,"generiskrese":null,"unreinveloss":null,"undiprof":2.0385566951E8,"topaycashdivi":null,"curtrandiff":null,"sharrighitse":null,"sharrightform":null,"paresharrigh":6.7169530851E8,"minysharrigh":null,"righaggritse":null,"rightaggrform":null,"righaggr":6.7169530851E8,"rightotitse":null,"rightotform":null,"totliabsharequi":7.0228355332E8,"settresedepo":null,"plac":null,"derifinaasset":null,"reinrece":null,"reincontrese":null,"purcresaasset":null,"cenbankborr":null,"deposit":null,"fdsborr":null,"deriliab":null,"sellrepasse":null,"copepoun":null,"insucontrese":null,"actitradsecu":null,"actiundesecu":null},{"compcode":"80284578","publishdate":"20151123","reportdate":"20150930","reporttype":"100111","adjustdate":"20151123","accstacode":"2","accstaname":"新会计准则","curfds":1.3697608157E8,"tradfinasset":null,"notesrece":null,"accorece":7393364.78,"prep":8734276.77,"premrece":null,"interece":null,"dividrece":null,"otherrece":6653855.8,"expotaxrebarece":null,"subsrece":null,"margrece":null,"intelrece":null,"inve":4.56515297E7,"prepexpe":null,"unseg":null,"expinoncurrasset":null,"othercurrasse":null,"currassetitse":null,"currasseform":null,"totcurrasset":2.0540910862E8,"lendandloan":null,"avaisellasse":1.0E7,"holdinvedue":null,"longrece":null,"equiinve":null,"otherlonginve":null,"inveprop":null,"fixedasseimmo":1.0860228595E8,"accudepr":5.874833748E7,"fixedassenetw":4.985394847E7,"fixedasseimpa":null,"fixedassenet":4.985394847E7,"consprog":7.641407661E7,"engimate":null,"fixedasseclea":null,"prodasse":null,"comasse":null,"hydrasset":null,"intaasset":4.285266547E7,"deveexpe":null,"goodwill":null,"logprepexpe":null,"tradshartrad":null,"defetaxasset":2871251.01,"othernoncasse":2.140087634E7,"noncasseitse":null,"noncasseform":null,"totalnoncassets":2.033928179E8,"totassetitse":null,"totalasseform":null,"totasset":4.0880192652E8,"shorttermborr":null,"tradfinliab":null,"notespaya":null,"accopaya":6178744.02,"advapaym":4948980.22,"copeworkersal":1716835.03,"taxespaya":2703088.43,"intepaya":null,"divipaya":null,"otherfeepaya":null,"margrequ":null,"intelpay":null,"otherpay":4470917.99,"accrexpe":null,"expecurrliab":null,"copewithreinrece":null,"inteticksett":null,"dometicksett":null,"defereve":null,"shorttermbdspaya":null,"duenoncliab":null,"othercurreliabi":null,"currliabitse":null,"currliabform":null,"totalcurrliab":2.001856569E7,"longborr":null,"bdspaya":null,"longpaya":null,"specpaya":null,"expenoncliab":null,"longdefeinco":null,"defeincotaxliab":null,"othernoncliabi":null,"longliabitse":null,"longliabform":null,"totalnoncliab":0.0,"totliabitse":null,"totliabform":null,"totliab":2.001856569E7,"paidincapi":9.0E7,"capisurp":8.619685535E7,"treastk":null,"specrese":null,"rese":1.881352726E7,"generiskrese":null,"unreinveloss":null,"undiprof":1.9346957153E8,"topaycashdivi":null,"curtrandiff":null,"sharrighitse":null,"sharrightform":null,"paresharrigh":3.8878336083E8,"minysharrigh":null,"righaggritse":null,"rightaggrform":null,"righaggr":3.8878336083E8,"rightotitse":null,"rightotform":null,"totliabsharequi":4.0880192652E8,"settresedepo":null,"plac":null,"derifinaasset":null,"reinrece":null,"reincontrese":null,"purcresaasset":null,"cenbankborr":null,"deposit":null,"fdsborr":null,"deriliab":null,"sellrepasse":null,"copepoun":null,"insucontrese":null,"actitradsecu":null,"actiundesecu":null},{"compcode":"80284578","publishdate":"20151123","reportdate":"20150630","reporttype":"100111","adjustdate":"20151123","accstacode":"2","accstaname":"新会计准则","curfds":1.3905190002E8,"tradfinasset":null,"notesrece":null,"accorece":5698564.0,"prep":1.105251535E7,"premrece":null,"interece":null,"dividrece":null,"otherrece":6115825.83,"expotaxrebarece":null,"subsrece":null,"margrece":null,"intelrece":null,"inve":3.736975575E7,"prepexpe":null,"unseg":null,"expinoncurrasset":null,"othercurrasse":null,"currassetitse":null,"currasseform":null,"totcurrasset":1.9928856095E8,"lendandloan":null,"avaisellasse":1.0E7,"holdinvedue":null,"longrece":null,"equiinve":null,"otherlonginve":null,"inveprop":null,"fixedasseimmo":1.0847046375E8,"accudepr":5.699433923E7,"fixedassenetw":5.147612452E7,"fixedasseimpa":null,"fixedassenet":5.147612452E7,"consprog":6.467628077E7,"engimate":null,"fixedasseclea":null,"prodasse":null,"comasse":null,"hydrasset":null,"intaasset":4.310620396E7,"deveexpe":null,"goodwill":null,"logprepexpe":null,"tradshartrad":null,"defetaxasset":2584920.2,"othernoncasse":2.58653995E7,"noncasseitse":null,"noncasseform":null,"totalnoncassets":1.9770892895E8,"totassetitse":null,"totalasseform":null,"totasset":3.969974899E8,"shorttermborr":null,"tradfinliab":null,"notespaya":null,"accopaya":6452966.77,"advapaym":6857142.61,"copeworkersal":1652080.89,"taxespaya":3238905.48,"intepaya":null,"divipaya":null,"otherfeepaya":null,"margrequ":null,"intelpay":null,"otherpay":3447877.36,"accrexpe":null,"expecurrliab":null,"copewithreinrece":null,"inteticksett":null,"dometicksett":null,"defereve":null,"shorttermbdspaya":null,"duenoncliab":null,"othercurreliabi":null,"currliabitse":null,"currliabform":null,"totalcurrliab":2.164897311E7,"longborr":null,"bdspaya":null,"longpaya":null,"specpaya":null,"expenoncliab":null,"longdefeinco":null,"defeincotaxliab":null,"othernoncliabi":null,"longliabitse":null,"longliabform":null,"totalnoncliab":0.0,"totliabitse":null,"totliabform":null,"totliab":2.164897311E7,"paidincapi":9.0E7,"capisurp":8.619685535E7,"treastk":null,"specrese":null,"rese":1.881352726E7,"generiskrese":null,"unreinveloss":null,"undiprof":1.8066407562E8,"topaycashdivi":null,"curtrandiff":-325941.44,"sharrighitse":null,"sharrightform":null,"paresharrigh":3.7534851679E8,"minysharrigh":null,"righaggritse":null,"rightaggrform":null,"righaggr":3.7534851679E8,"rightotitse":null,"rightotform":null,"totliabsharequi":3.969974899E8,"settresedepo":null,"plac":null,"derifinaasset":null,"reinrece":null,"reincontrese":null,"purcresaasset":null,"cenbankborr":null,"deposit":null,"fdsborr":null,"deriliab":null,"sellrepasse":null,"copepoun":null,"insucontrese":null,"actitradsecu":null,"actiundesecu":null},{"compcode":"80284578","publishdate":"20150625","reportdate":"20150331","reporttype":"100111","adjustdate":"20150625","accstacode":"2","accstaname":"新会计准则","curfds":1.3809012851E8,"tradfinasset":null,"notesrece":null,"accorece":9007880.1,"prep":4383875.33,"premrece":null,"interece":null,"dividrece":null,"otherrece":5149801.74,"expotaxrebarece":null,"subsrece":null,"margrece":null,"intelrece":null,"inve":3.432790849E7,"prepexpe":null,"unseg":null,"expinoncurrasset":null,"othercurrasse":null,"currassetitse":null,"currasseform":null,"totcurrasset":1.9095959417E8,"lendandloan":null,"avaisellasse":1.0E7,"holdinvedue":null,"longrece":null,"equiinve":null,"otherlonginve":null,"inveprop":null,"fixedasseimmo":1.0779960665E8,"accudepr":5.521461289E7,"fixedassenetw":5.258499376E7,"fixedasseimpa":null,"fixedassenet":5.258499376E7,"consprog":4.267114069E7,"engimate":null,"fixedasseclea":null,"prodasse":null,"comasse":null,"hydrasset":null,"intaasset":4.335974245E7,"deveexpe":null,"goodwill":null,"logprepexpe":null,"tradshartrad":null,"defetaxasset":2433551.57,"othernoncasse":3.719259866E7,"noncasseitse":null,"noncasseform":null,"totalnoncassets":1.8824202713E8,"totassetitse":null,"totalasseform":null,"totasset":3.792016213E8,"shorttermborr":null,"tradfinliab":null,"notespaya":null,"accopaya":5950870.79,"advapaym":2652372.46,"copeworkersal":1210881.62,"taxespaya":4166217.1,"intepaya":null,"divipaya":null,"otherfeepaya":null,"margrequ":null,"intelpay":null,"otherpay":2934262.18,"accrexpe":null,"expecurrliab":null,"copewithreinrece":null,"inteticksett":null,"dometicksett":null,"defereve":null,"shorttermbdspaya":null,"duenoncliab":null,"othercurreliabi":null,"currliabitse":null,"currliabform":null,"totalcurrliab":1.691460415E7,"longborr":null,"bdspaya":null,"longpaya":null,"specpaya":null,"expenoncliab":null,"longdefeinco":null,"defeincotaxliab":null,"othernoncliabi":null,"longliabitse":null,"longliabform":null,"totalnoncliab":0.0,"totliabitse":null,"totliabform":null,"totliab":1.691460415E7,"paidincapi":9.0E7,"capisurp":8.619685535E7,"treastk":null,"specrese":null,"rese":1.881352726E7,"generiskrese":null,"unreinveloss":null,"undiprof":1.6744279282E8,"topaycashdivi":null,"curtrandiff":null,"sharrighitse":null,"sharrightform":null,"paresharrigh":3.6228701715E8,"minysharrigh":null,"righaggritse":null,"rightaggrform":null,"righaggr":3.6228701715E8,"rightotitse":null,"rightotform":null,"totliabsharequi":3.792016213E8,"settresedepo":null,"plac":null,"derifinaasset":null,"reinrece":null,"reincontrese":null,"purcresaasset":null,"cenbankborr":null,"deposit":null,"fdsborr":null,"deriliab":null,"sellrepasse":null,"copepoun":null,"insucontrese":null,"actitradsecu":null,"actiundesecu":null},{"compcode":"80284578","publishdate":"20150625","reportdate":"20141231","reporttype":"100111","adjustdate":"20150625","accstacode":"2","accstaname":"新会计准则","curfds":1.3917898397E8,"tradfinasset":null,"notesrece":null,"accorece":6264877.52,"prep":5986059.14,"premrece":null,"interece":null,"dividrece":null,"otherrece":4756304.67,"expotaxrebarece":null,"subsrece":null,"margrece":null,"intelrece":null,"inve":3.796017531E7,"prepexpe":null,"unseg":null,"expinoncurrasset":null,"othercurrasse":null,"currassetitse":null,"currasseform":null,"totcurrasset":1.9414640061E8,"lendandloan":null,"avaisellasse":1.0E7,"holdinvedue":null,"longrece":null,"equiinve":null,"otherlonginve":null,"inveprop":null,"fixedasseimmo":1.0775902778E8,"accudepr":5.33691124E7,"fixedassenetw":5.438991538E7,"fixedasseimpa":null,"fixedassenet":5.438991538E7,"consprog":4.229041469E7,"engimate":null,"fixedasseclea":null,"prodasse":null,"comasse":null,"hydrasset":null,"intaasset":4.361328094E7,"deveexpe":null,"goodwill":null,"logprepexpe":null,"tradshartrad":null,"defetaxasset":2601377.64,"othernoncasse":2.988823166E7,"noncasseitse":null,"noncasseform":null,"totalnoncassets":1.8278322031E8,"totassetitse":null,"totalasseform":null,"totasset":3.7692962092E8,"shorttermborr":null,"tradfinliab":null,"notespaya":null,"accopaya":6589346.93,"advapaym":4529373.32,"copeworkersal":3387781.13,"taxespaya":5728702.91,"intepaya":null,"divipaya":null,"otherfeepaya":null,"margrequ":null,"intelpay":null,"otherpay":5547652.5,"accrexpe":null,"expecurrliab":null,"copewithreinrece":null,"inteticksett":null,"dometicksett":null,"defereve":null,"shorttermbdspaya":null,"duenoncliab":null,"othercurreliabi":null,"currliabitse":null,"currliabform":null,"totalcurrliab":2.578285679E7,"longborr":null,"bdspaya":null,"longpaya":null,"specpaya":null,"expenoncliab":null,"longdefeinco":null,"defeincotaxliab":null,"othernoncliabi":null,"longliabitse":null,"longliabform":null,"totalnoncliab":0.0,"totliabitse":null,"totliabform":null,"totliab":2.578285679E7,"paidincapi":9.0E7,"capisurp":8.619685535E7,"treastk":null,"specrese":null,"rese":1.881352726E7,"generiskrese":null,"unreinveloss":null,"undiprof":1.5633461601E8,"topaycashdivi":null,"curtrandiff":null,"sharrighitse":null,"sharrightform":null,"paresharrigh":3.5114676413E8,"minysharrigh":null,"righaggritse":null,"rightaggrform":null,"righaggr":3.5114676413E8,"rightotitse":null,"rightotform":null,"totliabsharequi":3.7692962092E8,"settresedepo":null,"plac":null,"derifinaasset":null,"reinrece":null,"reincontrese":null,"purcresaasset":null,"cenbankborr":null,"deposit":null,"fdsborr":null,"deriliab":null,"sellrepasse":null,"copepoun":null,"insucontrese":null,"actitradsecu":null,"actiundesecu":null},{"compcode":"80284578","publishdate":"20150625","reportdate":"20131231","reporttype":"100111","adjustdate":"20150625","accstacode":"2","accstaname":"新会计准则","curfds":1.0965671308E8,"tradfinasset":null,"notesrece":null,"accorece":6467445.8,"prep":1.180575296E7,"premrece":null,"interece":null,"dividrece":null,"otherrece":4214512.59,"expotaxrebarece":null,"subsrece":null,"margrece":null,"intelrece":null,"inve":4.36604848E7,"prepexpe":null,"unseg":null,"expinoncurrasset":null,"othercurrasse":null,"currassetitse":null,"currasseform":null,"totcurrasset":1.7580490923E8,"lendandloan":null,"avaisellasse":1.0E7,"holdinvedue":null,"longrece":null,"equiinve":null,"otherlonginve":null,"inveprop":null,"fixedasseimmo":null,"accudepr":null,"fixedassenetw":null,"fixedasseimpa":null,"fixedassenet":6.154026811E7,"consprog":2.833616579E7,"engimate":null,"fixedasseclea":null,"prodasse":null,"comasse":null,"hydrasset":null,"intaasset":4.463836797E7,"deveexpe":null,"goodwill":null,"logprepexpe":null,"tradshartrad":null,"defetaxasset":2486579.4,"othernoncasse":1.056125E7,"noncasseitse":null,"noncasseform":null,"totalnoncassets":1.5756263127E8,"totassetitse":null,"totalasseform":null,"totasset":3.333675405E8,"shorttermborr":1.0E7,"tradfinliab":null,"notespaya":null,"accopaya":4889819.54,"advapaym":1.019363399E7,"copeworkersal":3292884.22,"taxespaya":3562555.46,"intepaya":null,"divipaya":null,"otherfeepaya":null,"margrequ":null,"intelpay":null,"otherpay":6702642.07,"accrexpe":null,"expecurrliab":null,"copewithreinrece":null,"inteticksett":null,"dometicksett":null,"defereve":null,"shorttermbdspaya":null,"duenoncliab":null,"othercurreliabi":null,"currliabitse":null,"currliabform":null,"totalcurrliab":3.864153528E7,"longborr":null,"bdspaya":null,"longpaya":null,"specpaya":null,"expenoncliab":null,"longdefeinco":null,"defeincotaxliab":null,"othernoncliabi":null,"longliabitse":null,"longliabform":null,"totalnoncliab":0.0,"totliabitse":null,"totliabform":null,"totliab":3.864153528E7,"paidincapi":9.0E7,"capisurp":8.619685535E7,"treastk":null,"specrese":null,"rese":1.303812632E7,"generiskrese":null,"unreinveloss":null,"undiprof":1.0554113009E8,"topaycashdivi":null,"curtrandiff":null,"sharrighitse":null,"sharrightform":null,"paresharrigh":2.9472600522E8,"minysharrigh":null,"righaggritse":null,"rightaggrform":null,"righaggr":2.9472600522E8,"rightotitse":null,"rightotform":null,"totliabsharequi":3.333675405E8,"settresedepo":null,"plac":null,"derifinaasset":null,"reinrece":null,"reincontrese":null,"purcresaasset":null,"cenbankborr":null,"deposit":null,"fdsborr":null,"deriliab":null,"sellrepasse":null,"copepoun":null,"insucontrese":null,"actitradsecu":null,"actiundesecu":null},{"compcode":"80284578","publishdate":"20150625","reportdate":"20121231","reporttype":"100111","adjustdate":"20150625","accstacode":"2","accstaname":"新会计准则","curfds":8.400747469E7,"tradfinasset":null,"notesrece":null,"accorece":6019746.89,"prep":6124039.03,"premrece":null,"interece":null,"dividrece":null,"otherrece":3613723.72,"expotaxrebarece":null,"subsrece":null,"margrece":null,"intelrece":null,"inve":3.765370545E7,"prepexpe":null,"unseg":null,"expinoncurrasset":null,"othercurrasse":null,"currassetitse":null,"currasseform":null,"totcurrasset":1.3741868978E8,"lendandloan":null,"avaisellasse":1.0E7,"holdinvedue":null,"longrece":null,"equiinve":null,"otherlonginve":null,"inveprop":null,"fixedasseimmo":null,"accudepr":null,"fixedassenetw":null,"fixedasseimpa":null,"fixedassenet":6.552179983E7,"consprog":3.035265581E7,"engimate":null,"fixedasseclea":null,"prodasse":null,"comasse":null,"hydrasset":null,"intaasset":4.565521495E7,"deveexpe":null,"goodwill":null,"logprepexpe":null,"tradshartrad":null,"defetaxasset":1993179.48,"othernoncasse":7228000.0,"noncasseitse":null,"noncasseform":null,"totalnoncassets":1.6075085007E8,"totassetitse":null,"totalasseform":null,"totasset":2.9816953985E8,"shorttermborr":2.4E7,"tradfinliab":null,"notespaya":null,"accopaya":1.284796859E7,"advapaym":6773439.2,"copeworkersal":3601295.36,"taxespaya":3016524.61,"intepaya":null,"divipaya":null,"otherfeepaya":null,"margrequ":null,"intelpay":null,"otherpay":5833576.23,"accrexpe":null,"expecurrliab":null,"copewithreinrece":null,"inteticksett":null,"dometicksett":null,"defereve":null,"shorttermbdspaya":null,"duenoncliab":null,"othercurreliabi":null,"currliabitse":null,"currliabform":null,"totalcurrliab":5.607280399E7,"longborr":null,"bdspaya":null,"longpaya":null,"specpaya":null,"expenoncliab":null,"longdefeinco":null,"defeincotaxliab":null,"othernoncliabi":null,"longliabitse":null,"longliabform":null,"totalnoncliab":0.0,"totliabitse":null,"totliabform":null,"totliab":5.607280399E7,"paidincapi":9.0E7,"capisurp":8.619685535E7,"treastk":null,"specrese":null,"rese":7544011.91,"generiskrese":null,"unreinveloss":null,"undiprof":5.834337439E7,"topaycashdivi":null,"curtrandiff":null,"sharrighitse":null,"sharrightform":null,"paresharrigh":2.4209673586E8,"minysharrigh":null,"righaggritse":null,"rightaggrform":null,"righaggr":2.4209673586E8,"rightotitse":null,"rightotform":null,"totliabsharequi":2.9816953985E8,"settresedepo":null,"plac":null,"derifinaasset":null,"reinrece":null,"reincontrese":null,"purcresaasset":null,"cenbankborr":null,"deposit":null,"fdsborr":null,"deriliab":null,"sellrepasse":null,"copepoun":null,"insucontrese":null,"actitradsecu":null,"actiundesecu":null},{"compcode":"80284578","publishdate":"20140425","reportdate":"20111231","reporttype":"100111","adjustdate":"20140425","accstacode":"2","accstaname":"新会计准则","curfds":5.59183528E7,"tradfinasset":null,"notesrece":null,"accorece":1.045348207E7,"prep":1.608692568E7,"premrece":null,"interece":null,"dividrece":null,"otherrece":6166719.83,"expotaxrebarece":null,"subsrece":null,"margrece":null,"intelrece":null,"inve":4.427218774E7,"prepexpe":null,"unseg":null,"expinoncurrasset":null,"othercurrasse":null,"currassetitse":null,"currasseform":null,"totcurrasset":1.3289766812E8,"lendandloan":null,"avaisellasse":null,"holdinvedue":null,"longrece":null,"equiinve":1.0E7,"otherlonginve":null,"inveprop":null,"fixedasseimmo":null,"accudepr":null,"fixedassenetw":null,"fixedasseimpa":null,"fixedassenet":6.388633112E7,"consprog":2715680.3,"engimate":null,"fixedasseclea":null,"prodasse":null,"comasse":null,"hydrasset":null,"intaasset":3.68813736E7,"deveexpe":null,"goodwill":null,"logprepexpe":null,"tradshartrad":null,"defetaxasset":1355594.17,"othernoncasse":null,"noncasseitse":null,"noncasseform":null,"totalnoncassets":1.1483897919E8,"totassetitse":null,"totalasseform":null,"totasset":2.4773664731E8,"shorttermborr":2.9E7,"tradfinliab":null,"notespaya":null,"accopaya":1.638111817E7,"advapaym":3991743.38,"copeworkersal":3485248.9,"taxespaya":6535364.24,"intepaya":null,"divipaya":null,"otherfeepaya":null,"margrequ":null,"intelpay":null,"otherpay":9167137.31,"accrexpe":null,"expecurrliab":null,"copewithreinrece":null,"inteticksett":null,"dometicksett":null,"defereve":null,"shorttermbdspaya":null,"duenoncliab":null,"othercurreliabi":null,"currliabitse":null,"currliabform":null,"totalcurrliab":6.8560612E7,"longborr":null,"bdspaya":null,"longpaya":null,"specpaya":null,"expenoncliab":null,"longdefeinco":null,"defeincotaxliab":null,"othernoncliabi":null,"longliabitse":null,"longliabform":null,"totalnoncliab":0.0,"totliabitse":null,"totliabform":null,"totliab":6.8560612E7,"paidincapi":9.0E7,"capisurp":8.619685535E7,"treastk":null,"specrese":null,"rese":980186.62,"generiskrese":null,"unreinveloss":null,"undiprof":2015971.42,"topaycashdivi":null,"curtrandiff":-16978.08,"sharrighitse":null,"sharrightform":null,"paresharrigh":1.7917603531E8,"minysharrigh":null,"righaggritse":null,"rightaggrform":null,"righaggr":1.7917603531E8,"rightotitse":null,"rightotform":null,"totliabsharequi":2.4773664731E8,"settresedepo":null,"plac":null,"derifinaasset":null,"reinrece":null,"reincontrese":null,"purcresaasset":null,"cenbankborr":null,"deposit":null,"fdsborr":null,"deriliab":null,"sellrepasse":null,"copepoun":null,"insucontrese":null,"actitradsecu":null,"actiundesecu":null}],"comptype":4,"name":"安记食品"}