{"SH600702":{"symbol":"SH600702","exchange":"SH","code":"600702","name":"沱牌舍得","current":"42.75","percentage":"2.79","change":"1.16","open":"41.5","high":"44.1","low":"40.96","close":"42.75","last_close":"41.59","high52week":"51.17","low52week":"21.73","volume":"8237237.0","lot_volume":"82372.37","volumeAverage":"18070777","marketCapital":"1.4419575E10","eps":"0.28","pe_ttm":"119.3007","pe_lyr":"179.7975","beta":"0.0","totalShares":"337300000","time":"Tue Nov 28 14:22:38 +0800 2017","afterHours":"0.0","afterHoursPct":"0.0","afterHoursChg":"0.0","afterHoursTime":"Wed Oct 19 21:59:01 -0400 2011","updateAt":"1510207594870","dividend":"0.07","yield":"0.17","turnover_rate":"2.44%","instOwn":"0.0","rise_stop":"45.75","fall_stop":"37.43","currency_unit":"CNY","amount":"3.55871206E8","net_assets":"7.205","hasexist":"","has_warrant":"0","type":"11","flag":"1","rest_day":"","amplitude":"7.55%","market_status":"交易中","lot_size":"100","min_order_quantity":"0","max_order_quantity":"0","tick_size":"0.01","variable_tick_size":"","kzz_stock_symbol":"","kzz_stock_name":"","kzz_stock_current":"0.0","kzz_convert_price":"0.0","kzz_covert_value":"0.0","kzz_cpr":"0.0","kzz_putback_price":"0.0","kzz_convert_time":"","kzz_redempt_price":"0.0","kzz_straight_price":"0.0","kzz_stock_percent":"","pb":"5.93","benefit_before_tax":"0.0","benefit_after_tax":"0.0","convert_bond_ratio":"","totalissuescale":"","outstandingamt":"","maturitydate":"","remain_year":"","convertrate":"0.0","interestrtmemo":"","release_date":"","circulation":"0.0","par_value":"0.0","due_time":"0.0","value_date":"","due_date":"","publisher":"","redeem_type":"T","issue_type":"","bond_type":"","warrant":"","sale_rrg":"","rate":"","after_hour_vol":"0","float_shares":"337300000","float_market_capital":"1.4419575E10","disnext_pay_date":"","convert_rate":"0.0","volume_ratio":"1.07","percent5m":"-0.3","pankou_ratio":"65.46%","psr":"8.7369"}}