{"SH600690":{"symbol":"SH600690","exchange":"SH","code":"600690","name":"青岛海尔","current":"20.55","percentage":"0.64","change":"0.13","open":"20.53","high":"20.88","low":"20.29","close":"20.55","last_close":"20.42","high52week":"23.2","low52week":"10.7","volume":"4.7412161E7","lot_volume":"474121.61","volumeAverage":"0","marketCapital":"1.2530162603985E11","eps":"0.93","pe_ttm":"18.181","pe_lyr":"24.878","beta":"0.0","totalShares":"6097402727","time":"Fri Mar 09 14:59:59 +0800 2018","afterHours":"0.0","afterHoursPct":"0.0","afterHoursChg":"0.0","afterHoursTime":"Wed Oct 19 21:59:01 -0400 2011","updateAt":"1510214412255","dividend":"0.25","yield":"1.22","turnover_rate":"0.78%","instOwn":"0.0","rise_stop":"22.46","fall_stop":"18.38","currency_unit":"CNY","amount":"9.75036442E8","net_assets":"4.9538","hasexist":"","has_warrant":"0","type":"11","flag":"1","rest_day":"","amplitude":"2.89%","market_status":"休市","lot_size":"100","min_order_quantity":"0","max_order_quantity":"0","tick_size":"0.01","variable_tick_size":"","kzz_stock_symbol":"","kzz_stock_name":"","kzz_stock_current":"0.0","kzz_convert_price":"0.0","kzz_covert_value":"0.0","kzz_cpr":"0.0","kzz_putback_price":"0.0","kzz_convert_time":"","kzz_redempt_price":"0.0","kzz_straight_price":"0.0","kzz_stock_percent":"","pb":"4.15","benefit_before_tax":"0.0","benefit_after_tax":"0.0","convert_bond_ratio":"","totalissuescale":"","outstandingamt":"","maturitydate":"","remain_year":"","convertrate":"0.0","interestrtmemo":"","release_date":"","circulation":"0.0","par_value":"0.0","due_time":"0.0","value_date":"","due_date":"","publisher":"","redeem_type":"T","issue_type":"1","bond_type":"","warrant":"","sale_rrg":"","rate":"","after_hour_vol":"0","float_shares":"6097402726","float_market_capital":"1.253016260193E11","disnext_pay_date":"","convert_rate":"0.0","volume_ratio":"1.06","percent5m":"0.15","pankou_ratio":"-27.13%","psr":"0.8142"}}