{"list":[{"bonusimpdate":"20170523","bonusyear":"2016","cur":"人民币","bonusskratio":null,"tranaddskraio":5.0,"recorddate":"20170531","exrightdate":"20170601","cdividend":1.0,"fdividendbh":0.0,"tranaddsklistdate":"20170601","bonussklistdate":null,"tranaddskaccday":"20170601","bonusskaccday":null,"symbol":null,"secode":"2010004310","divitype":"AC","taxfdividendbh":0.0,"taxcdividend":1.0,"divibegdate":"20170601","summarize":"10转5派1"},{"bonusimpdate":"20160601","bonusyear":"2015","cur":"人民币","bonusskratio":null,"tranaddskraio":null,"recorddate":"20160606","exrightdate":"20160607","cdividend":0.498173,"fdividendbh":0.0,"tranaddsklistdate":null,"bonussklistdate":null,"tranaddskaccday":null,"bonusskaccday":null,"symbol":null,"secode":"2010004310","divitype":"A","taxfdividendbh":0.0,"taxcdividend":0.498173,"divibegdate":"20160607","summarize":"10派0.498173"},{"bonusimpdate":"20150529","bonusyear":"2014","cur":"人民币","bonusskratio":null,"tranaddskraio":2.0,"recorddate":"20150604","exrightdate":"20150605","cdividend":0.1,"fdividendbh":0.0,"tranaddsklistdate":"20150605","bonussklistdate":null,"tranaddskaccday":"20150605","bonusskaccday":null,"symbol":null,"secode":"2010004310","divitype":"AC","taxfdividendbh":0.0,"taxcdividend":0.095,"divibegdate":"20150605","summarize":"10转2派0.1"},{"bonusimpdate":"20140529","bonusyear":"2013","cur":"人民币","bonusskratio":null,"tranaddskraio":3.0,"recorddate":"20140604","exrightdate":"20140605","cdividend":null,"fdividendbh":0.0,"tranaddsklistdate":"20140605","bonussklistdate":null,"tranaddskaccday":"20140605","bonusskaccday":null,"symbol":null,"secode":"2010004310","divitype":"C","taxfdividendbh":0.0,"taxcdividend":null,"divibegdate":null,"summarize":"10转3"},{"bonusimpdate":"20130621","bonusyear":"2012","cur":"人民币","bonusskratio":null,"tranaddskraio":5.0,"recorddate":"20130626","exrightdate":"20130627","cdividend":1.5,"fdividendbh":0.0,"tranaddsklistdate":"20130627","bonussklistdate":null,"tranaddskaccday":"20130627","bonusskaccday":null,"symbol":null,"secode":"2010004310","divitype":"AC","taxfdividendbh":0.0,"taxcdividend":1.425,"divibegdate":"20130627","summarize":"10转5派1.5"},{"bonusimpdate":"20120613","bonusyear":"2011","cur":"人民币","bonusskratio":null,"tranaddskraio":3.0,"recorddate":"20120618","exrightdate":"20120619","cdividend":2.0,"fdividendbh":0.0,"tranaddsklistdate":"20120619","bonussklistdate":null,"tranaddskaccday":"20120619","bonusskaccday":null,"symbol":null,"secode":"2010004310","divitype":"AC","taxfdividendbh":0.0,"taxcdividend":1.8,"divibegdate":"20120619","summarize":"10转3派2"}]}