{"SZ002511":{"symbol":"SZ002511","exchange":"SZ","code":"002511","name":"中顺洁柔","current":"15.54","percentage":"0.26","change":"0.04","open":"15.38","high":"15.65","low":"15.37","close":"15.54","last_close":"15.5","high52week":"17.45","low52week":"10.41","volume":"3164161.0","lot_volume":"31641.61","volumeAverage":"22081284","marketCapital":"1.17709989516E10","eps":"0.33","pe_ttm":"33.728","pe_lyr":"33.728","beta":"0.0","totalShares":"757464540","time":"Tue Mar 20 15:04:03 +0800 2018","afterHours":"0.0","afterHoursPct":"0.0","afterHoursChg":"0.0","afterHoursTime":"Wed Oct 19 21:59:01 -0400 2011","updateAt":"1510120168410","dividend":"0.1","yield":"0.64","turnover_rate":"0.44%","instOwn":"0.0","rise_stop":"17.05","fall_stop":"13.95","currency_unit":"CNY","amount":"4.918823062E7","net_assets":"3.8548","hasexist":"","has_warrant":"0","type":"11","flag":"1","rest_day":"","amplitude":"1.81%","market_status":"已收盘","lot_size":"100","min_order_quantity":"0","max_order_quantity":"0","tick_size":"0.01","variable_tick_size":"","kzz_stock_symbol":"","kzz_stock_name":"","kzz_stock_current":"0.0","kzz_convert_price":"0.0","kzz_covert_value":"0.0","kzz_cpr":"0.0","kzz_putback_price":"0.0","kzz_convert_time":"","kzz_redempt_price":"0.0","kzz_straight_price":"0.0","kzz_stock_percent":"","pb":"4.03","benefit_before_tax":"0.0","benefit_after_tax":"0.0","convert_bond_ratio":"","totalissuescale":"","outstandingamt":"","maturitydate":"","remain_year":"","convertrate":"0.0","interestrtmemo":"","release_date":"","circulation":"0.0","par_value":"0.0","due_time":"0.0","value_date":"","due_date":"","publisher":"","redeem_type":"F","issue_type":"","bond_type":"","warrant":"","sale_rrg":"","rate":"","after_hour_vol":"0","float_shares":"716212988","float_market_capital":"1.112994983352E10","disnext_pay_date":"","convert_rate":"0.0","volume_ratio":"0.69","percent5m":"0.13","pankou_ratio":"27.43%","psr":"2.6628"}}