{"list":[{"compcode":"80155110","publishdate":"20171031","reportdate":"20170930","reporttype":"100111","adjustdate":"20171031","accstacode":"2","accstaname":"新会计准则","curfds":7.1165554297E8,"tradfinasset":null,"notesrece":9612017.6,"accorece":5.802565061E8,"prep":4.137524747E7,"premrece":null,"interece":null,"dividrece":null,"otherrece":1.023792141E7,"expotaxrebarece":null,"subsrece":null,"margrece":null,"intelrece":null,"inve":5.7602260048E8,"prepexpe":null,"unseg":null,"expinoncurrasset":null,"othercurrasse":3.7140004307E8,"currassetitse":null,"currasseform":null,"totcurrasset":2.3005598791E9,"lendandloan":null,"avaisellasse":null,"holdinvedue":null,"longrece":null,"equiinve":null,"otherlonginve":null,"inveprop":3.708624893E7,"fixedasseimmo":null,"accudepr":null,"fixedassenetw":null,"fixedasseimpa":null,"fixedassenet":2.13259452238E9,"consprog":1.0002051648E8,"engimate":null,"fixedasseclea":null,"prodasse":null,"comasse":null,"hydrasset":null,"intaasset":1.2758302258E8,"deveexpe":null,"goodwill":64654.15,"logprepexpe":227826.08,"tradshartrad":null,"defetaxasset":4.030212879E7,"othernoncasse":1.9466060492E8,"noncasseitse":null,"noncasseform":null,"totalnoncassets":2.63253952431E9,"totassetitse":null,"totalasseform":null,"totasset":4.93309940341E9,"shorttermborr":8.39173851E7,"tradfinliab":null,"notespaya":1.05272313E7,"accopaya":4.0687339266E8,"advapaym":5.168064195E7,"copeworkersal":6.51318148E7,"taxespaya":6.536442121E7,"intepaya":2.612470207E7,"divipaya":1952157.84,"otherfeepaya":null,"margrequ":null,"intelpay":null,"otherpay":4.4606271753E8,"accrexpe":null,"expecurrliab":null,"copewithreinrece":null,"inteticksett":null,"dometicksett":null,"defereve":null,"shorttermbdspaya":null,"duenoncliab":null,"othercurreliabi":null,"currliabitse":null,"currliabform":null,"totalcurrliab":1.15763446446E9,"longborr":null,"bdspaya":8.2959246693E8,"longpaya":null,"specpaya":null,"expenoncliab":null,"longdefeinco":2.598221249E7,"defeincotaxliab":null,"othernoncliabi":null,"longliabitse":null,"longliabform":null,"totalnoncliab":8.5557467942E8,"totliabitse":null,"totliabform":null,"totliab":2.01320914388E9,"paidincapi":7.5746454E8,"capisurp":1.11110580663E9,"treastk":5.289275964E7,"specrese":null,"rese":2.70824733E7,"generiskrese":null,"unreinveloss":null,"undiprof":1.07713019924E9,"topaycashdivi":null,"curtrandiff":null,"sharrighitse":null,"sharrightform":null,"paresharrigh":2.91989025953E9,"minysharrigh":null,"righaggritse":null,"rightaggrform":null,"righaggr":2.91989025953E9,"rightotitse":null,"rightotform":null,"totliabsharequi":4.93309940341E9,"settresedepo":null,"plac":null,"derifinaasset":null,"reinrece":null,"reincontrese":null,"purcresaasset":null,"cenbankborr":null,"deposit":null,"fdsborr":null,"deriliab":null,"sellrepasse":null,"copepoun":null,"insucontrese":null,"actitradsecu":null,"actiundesecu":null},{"compcode":"80155110","publishdate":"20170818","reportdate":"20170630","reporttype":"100111","adjustdate":"20170818","accstacode":"2","accstaname":"新会计准则","curfds":7.5742629061E8,"tradfinasset":null,"notesrece":4090013.37,"accorece":5.2346151302E8,"prep":3.376861202E7,"premrece":null,"interece":null,"dividrece":null,"otherrece":8856330.23,"expotaxrebarece":null,"subsrece":null,"margrece":null,"intelrece":null,"inve":6.5568593752E8,"prepexpe":null,"unseg":null,"expinoncurrasset":2532.49,"othercurrasse":1.4043822832E8,"currassetitse":null,"currasseform":null,"totcurrasset":2.12372945758E9,"lendandloan":null,"avaisellasse":null,"holdinvedue":null,"longrece":null,"equiinve":null,"otherlonginve":null,"inveprop":2.173553385E7,"fixedasseimmo":2.91651513973E9,"accudepr":7.8002697614E8,"fixedassenetw":2.13648816359E9,"fixedasseimpa":3224892.8,"fixedassenet":2.13326327079E9,"consprog":4.638447205E7,"engimate":null,"fixedasseclea":null,"prodasse":null,"comasse":null,"hydrasset":null,"intaasset":1.3573136992E8,"deveexpe":null,"goodwill":64654.15,"logprepexpe":245351.15,"tradshartrad":null,"defetaxasset":4.18057972E7,"othernoncasse":1.3020143952E8,"noncasseitse":null,"noncasseform":null,"totalnoncassets":2.50943188863E9,"totassetitse":null,"totalasseform":null,"totasset":4.63316134621E9,"shorttermborr":8.39173851E7,"tradfinliab":null,"notespaya":1.05272313E7,"accopaya":3.0719084129E8,"advapaym":2.098682028E7,"copeworkersal":6.435740318E7,"taxespaya":5.563577081E7,"intepaya":1.464995206E7,"divipaya":1.240332604E7,"otherfeepaya":null,"margrequ":null,"intelpay":null,"otherpay":3.8153043278E8,"accrexpe":null,"expecurrliab":null,"copewithreinrece":null,"inteticksett":null,"dometicksett":null,"defereve":null,"shorttermbdspaya":null,"duenoncliab":null,"othercurreliabi":null,"currliabitse":null,"currliabform":null,"totalcurrliab":9.5119916284E8,"longborr":null,"bdspaya":8.2926199359E8,"longpaya":null,"specpaya":null,"expenoncliab":null,"longdefeinco":2.300351636E7,"defeincotaxliab":null,"othernoncliabi":null,"longliabitse":null,"longliabform":null,"totalnoncliab":8.5226550995E8,"totliabitse":null,"totliabform":null,"totliab":1.80346467279E9,"paidincapi":7.57887E8,"capisurp":1.1118948549E9,"treastk":5.410426791E7,"specrese":null,"rese":2.70824733E7,"generiskrese":null,"unreinveloss":null,"undiprof":9.8693661313E8,"topaycashdivi":null,"curtrandiff":null,"sharrighitse":null,"sharrightform":null,"paresharrigh":2.82969667342E9,"minysharrigh":null,"righaggritse":null,"rightaggrform":null,"righaggr":2.82969667342E9,"rightotitse":null,"rightotform":null,"totliabsharequi":4.63316134621E9,"settresedepo":null,"plac":null,"derifinaasset":null,"reinrece":null,"reincontrese":null,"purcresaasset":null,"cenbankborr":null,"deposit":null,"fdsborr":null,"deriliab":null,"sellrepasse":null,"copepoun":null,"insucontrese":null,"actitradsecu":null,"actiundesecu":null},{"compcode":"80155110","publishdate":"20170419","reportdate":"20170331","reporttype":"100111","adjustdate":"20170419","accstacode":"2","accstaname":"新会计准则","curfds":7.328493022E8,"tradfinasset":null,"notesrece":2592402.84,"accorece":5.2546819748E8,"prep":4.814536201E7,"premrece":null,"interece":null,"dividrece":null,"otherrece":1.162536649E7,"expotaxrebarece":null,"subsrece":null,"margrece":null,"intelrece":null,"inve":6.25892684E8,"prepexpe":null,"unseg":null,"expinoncurrasset":10127.68,"othercurrasse":8.699355812E7,"currassetitse":null,"currasseform":null,"totcurrasset":2.03357700082E9,"lendandloan":null,"avaisellasse":null,"holdinvedue":null,"longrece":null,"equiinve":null,"otherlonginve":null,"inveprop":2.193383259E7,"fixedasseimmo":null,"accudepr":null,"fixedassenetw":null,"fixedasseimpa":null,"fixedassenet":2.16449249273E9,"consprog":1.015007701E7,"engimate":null,"fixedasseclea":null,"prodasse":null,"comasse":null,"hydrasset":null,"intaasset":1.368427075E8,"deveexpe":null,"goodwill":64654.15,"logprepexpe":262876.22,"tradshartrad":null,"defetaxasset":6.656135936E7,"othernoncasse":8.375244351E7,"noncasseitse":null,"noncasseform":null,"totalnoncassets":2.48406044307E9,"totassetitse":null,"totalasseform":null,"totasset":4.51763744389E9,"shorttermborr":3.0E7,"tradfinliab":null,"notespaya":7665018.95,"accopaya":3.1318125385E8,"advapaym":3.81944653E7,"copeworkersal":5.226366212E7,"taxespaya":4.292593181E7,"intepaya":3188059.3,"divipaya":924279.47,"otherfeepaya":null,"margrequ":null,"intelpay":null,"otherpay":3.822893425E8,"accrexpe":null,"expecurrliab":null,"copewithreinrece":null,"inteticksett":null,"dometicksett":null,"defereve":null,"shorttermbdspaya":null,"duenoncliab":null,"othercurreliabi":null,"currliabitse":null,"currliabform":null,"totalcurrliab":8.706320133E8,"longborr":null,"bdspaya":8.2893152025E8,"longpaya":null,"specpaya":null,"expenoncliab":null,"longdefeinco":2.347482023E7,"defeincotaxliab":335933.08,"othernoncliabi":null,"longliabitse":null,"longliabform":null,"totalnoncliab":8.5274227356E8,"totliabitse":null,"totliabform":null,"totliab":1.72337428686E9,"paidincapi":5.05258E8,"capisurp":1.38444871422E9,"treastk":7.885607053E7,"specrese":null,"rese":2.70824733E7,"generiskrese":null,"unreinveloss":null,"undiprof":9.5633004004E8,"topaycashdivi":null,"curtrandiff":null,"sharrighitse":null,"sharrightform":null,"paresharrigh":2.79426315703E9,"minysharrigh":null,"righaggritse":null,"rightaggrform":null,"righaggr":2.79426315703E9,"rightotitse":null,"rightotform":null,"totliabsharequi":4.51763744389E9,"settresedepo":null,"plac":null,"derifinaasset":null,"reinrece":null,"reincontrese":null,"purcresaasset":null,"cenbankborr":null,"deposit":null,"fdsborr":null,"deriliab":null,"sellrepasse":null,"copepoun":null,"insucontrese":null,"actitradsecu":null,"actiundesecu":null},{"compcode":"80155110","publishdate":"20170419","reportdate":"20161231","reporttype":"100111","adjustdate":"20170419","accstacode":"2","accstaname":"新会计准则","curfds":9.592754065E8,"tradfinasset":null,"notesrece":1258025.6,"accorece":5.4032200324E8,"prep":4.721152612E7,"premrece":null,"interece":null,"dividrece":null,"otherrece":7059512.81,"expotaxrebarece":null,"subsrece":null,"margrece":null,"intelrece":null,"inve":4.2119105802E8,"prepexpe":null,"unseg":null,"expinoncurrasset":17722.87,"othercurrasse":9.770749583E7,"currassetitse":null,"currasseform":null,"totcurrasset":2.07404275099E9,"lendandloan":null,"avaisellasse":null,"holdinvedue":null,"longrece":null,"equiinve":null,"otherlonginve":null,"inveprop":2.213213124E7,"fixedasseimmo":2.90563511918E9,"accudepr":7.1391666525E8,"fixedassenetw":2.19171845393E9,"fixedasseimpa":1.485978769E7,"fixedassenet":2.17685866624E9,"consprog":8492017.08,"engimate":null,"fixedasseclea":null,"prodasse":null,"comasse":null,"hydrasset":null,"intaasset":1.3791109429E8,"deveexpe":null,"goodwill":64654.15,"logprepexpe":280401.29,"tradshartrad":null,"defetaxasset":5.054365702E7,"othernoncasse":4.213644993E7,"noncasseitse":null,"noncasseform":null,"totalnoncassets":2.43841907124E9,"totassetitse":null,"totalasseform":null,"totasset":4.51246182223E9,"shorttermborr":3.0E7,"tradfinliab":null,"notespaya":2.576767767E7,"accopaya":3.1080270079E8,"advapaym":5.553161822E7,"copeworkersal":5.708411408E7,"taxespaya":5.614570473E7,"intepaya":3.759945204E7,"divipaya":924279.47,"otherfeepaya":null,"margrequ":null,"intelpay":null,"otherpay":3.8934378949E8,"accrexpe":null,"expecurrliab":null,"copewithreinrece":null,"inteticksett":null,"dometicksett":null,"defereve":null,"shorttermbdspaya":null,"duenoncliab":null,"othercurreliabi":null,"currliabitse":null,"currliabform":null,"totalcurrliab":9.6319933649E8,"longborr":null,"bdspaya":8.2860104691E8,"longpaya":null,"specpaya":null,"expenoncliab":null,"longdefeinco":2.39461241E7,"defeincotaxliab":328927.95,"othernoncliabi":null,"longliabitse":null,"longliabform":null,"totalnoncliab":8.5287609896E8,"totliabitse":null,"totliabform":null,"totliab":1.81607543545E9,"paidincapi":5.05258E8,"capisurp":1.36185002336E9,"treastk":7.885607053E7,"specrese":null,"rese":2.70824733E7,"generiskrese":null,"unreinveloss":null,"undiprof":8.8105196065E8,"topaycashdivi":null,"curtrandiff":null,"sharrighitse":null,"sharrightform":null,"paresharrigh":2.69638638678E9,"minysharrigh":null,"righaggritse":null,"rightaggrform":null,"righaggr":2.69638638678E9,"rightotitse":null,"rightotform":null,"totliabsharequi":4.51246182223E9,"settresedepo":null,"plac":null,"derifinaasset":null,"reinrece":null,"reincontrese":null,"purcresaasset":null,"cenbankborr":null,"deposit":null,"fdsborr":null,"deriliab":null,"sellrepasse":null,"copepoun":null,"insucontrese":null,"actitradsecu":null,"actiundesecu":null},{"compcode":"80155110","publishdate":"20161026","reportdate":"20160930","reporttype":"100111","adjustdate":"20161026","accstacode":"2","accstaname":"新会计准则","curfds":7.4877240112E8,"tradfinasset":null,"notesrece":1743276.0,"accorece":5.0511249511E8,"prep":2.496349257E7,"premrece":null,"interece":null,"dividrece":null,"otherrece":1.06974319E7,"expotaxrebarece":null,"subsrece":null,"margrece":null,"intelrece":null,"inve":5.5504898549E8,"prepexpe":null,"unseg":null,"expinoncurrasset":null,"othercurrasse":5.515988794E7,"currassetitse":null,"currasseform":null,"totcurrasset":1.90149797013E9,"lendandloan":null,"avaisellasse":null,"holdinvedue":null,"longrece":null,"equiinve":null,"otherlonginve":null,"inveprop":2.233043013E7,"fixedasseimmo":null,"accudepr":null,"fixedassenetw":null,"fixedasseimpa":null,"fixedassenet":2.2072447429E9,"consprog":1.580035385E7,"engimate":null,"fixedasseclea":null,"prodasse":null,"comasse":null,"hydrasset":null,"intaasset":1.3897948109E8,"deveexpe":null,"goodwill":64654.15,"logprepexpe":323244.42,"tradshartrad":null,"defetaxasset":5.414395581E7,"othernoncasse":4691859.1,"noncasseitse":null,"noncasseform":null,"totalnoncassets":2.44357872145E9,"totassetitse":null,"totalasseform":null,"totasset":4.34507669158E9,"shorttermborr":7.5169125E7,"tradfinliab":null,"notespaya":2.008642417E7,"accopaya":2.6419302104E8,"advapaym":2.033055877E7,"copeworkersal":5.758577794E7,"taxespaya":5.074970414E7,"intepaya":2.618126021E7,"divipaya":936764.51,"otherfeepaya":null,"margrequ":null,"intelpay":null,"otherpay":3.5974447398E8,"accrexpe":null,"expecurrliab":null,"copewithreinrece":null,"inteticksett":null,"dometicksett":null,"defereve":null,"shorttermbdspaya":null,"duenoncliab":null,"othercurreliabi":null,"currliabitse":null,"currliabform":null,"totalcurrliab":8.7497710976E8,"longborr":null,"bdspaya":8.2828839475E8,"longpaya":null,"specpaya":null,"expenoncliab":null,"longdefeinco":2.441742797E7,"defeincotaxliab":310269.9,"othernoncliabi":null,"longliabitse":null,"longliabform":null,"totalnoncliab":8.5301609262E8,"totliabitse":null,"totliabform":null,"totliab":1.72799320238E9,"paidincapi":5.05524E8,"capisurp":1.3627178973E9,"treastk":7.999608549E7,"specrese":null,"rese":2.70824733E7,"generiskrese":null,"unreinveloss":null,"undiprof":8.0175520409E8,"topaycashdivi":null,"curtrandiff":null,"sharrighitse":null,"sharrightform":null,"paresharrigh":2.6170834892E9,"minysharrigh":null,"righaggritse":null,"rightaggrform":null,"righaggr":2.6170834892E9,"rightotitse":null,"rightotform":null,"totliabsharequi":4.34507669158E9,"settresedepo":null,"plac":null,"derifinaasset":null,"reinrece":null,"reincontrese":null,"purcresaasset":null,"cenbankborr":null,"deposit":null,"fdsborr":null,"deriliab":null,"sellrepasse":null,"copepoun":null,"insucontrese":null,"actitradsecu":null,"actiundesecu":null},{"compcode":"80155110","publishdate":"20160810","reportdate":"20160630","reporttype":"100111","adjustdate":"20160810","accstacode":"2","accstaname":"新会计准则","curfds":7.4397328762E8,"tradfinasset":null,"notesrece":2235317.6,"accorece":4.8477344214E8,"prep":1.178233399E7,"premrece":null,"interece":null,"dividrece":null,"otherrece":7895325.96,"expotaxrebarece":null,"subsrece":null,"margrece":null,"intelrece":null,"inve":7.0723337117E8,"prepexpe":null,"unseg":null,"expinoncurrasset":null,"othercurrasse":6.658285694E7,"currassetitse":null,"currasseform":null,"totcurrasset":2.02447593542E9,"lendandloan":null,"avaisellasse":null,"holdinvedue":null,"longrece":null,"equiinve":null,"otherlonginve":null,"inveprop":2.25287289E7,"fixedasseimmo":2.89630347309E9,"accudepr":6.5708753042E8,"fixedassenetw":2.23921594267E9,"fixedasseimpa":2.505398467E7,"fixedassenet":2.214161958E9,"consprog":3.782674264E7,"engimate":null,"fixedasseclea":null,"prodasse":null,"comasse":null,"hydrasset":null,"intaasset":1.3972423491E8,"deveexpe":null,"goodwill":64654.15,"logprepexpe":354206.38,"tradshartrad":null,"defetaxasset":5.582471083E7,"othernoncasse":6355403.49,"noncasseitse":null,"noncasseform":null,"totalnoncassets":2.4768406393E9,"totassetitse":null,"totalasseform":null,"totasset":4.50131657472E9,"shorttermborr":3.6466470286E8,"tradfinliab":null,"notespaya":3850000.0,"accopaya":2.809467571E8,"advapaym":1.486501385E7,"copeworkersal":4.848446098E7,"taxespaya":4.104755356E7,"intepaya":1.47065102E7,"divipaya":936764.51,"otherfeepaya":null,"margrequ":null,"intelpay":null,"otherpay":3.4034891677E8,"accrexpe":null,"expecurrliab":null,"copewithreinrece":null,"inteticksett":null,"dometicksett":null,"defereve":null,"shorttermbdspaya":null,"duenoncliab":null,"othercurreliabi":null,"currliabitse":null,"currliabform":null,"totalcurrliab":1.10985067983E9,"longborr":null,"bdspaya":8.2797574258E8,"longpaya":null,"specpaya":null,"expenoncliab":null,"longdefeinco":2.488873184E7,"defeincotaxliab":304556.68,"othernoncliabi":null,"longliabitse":null,"longliabform":null,"totalnoncliab":8.531690311E8,"totliabitse":null,"totliabform":null,"totliab":1.96301971093E9,"paidincapi":5.05524E8,"capisurp":1.3592485593E9,"treastk":7.999608549E7,"specrese":null,"rese":2.70824733E7,"generiskrese":null,"unreinveloss":null,"undiprof":7.2643791668E8,"topaycashdivi":null,"curtrandiff":null,"sharrighitse":null,"sharrightform":null,"paresharrigh":2.53829686379E9,"minysharrigh":null,"righaggritse":null,"rightaggrform":null,"righaggr":2.53829686379E9,"rightotitse":null,"rightotform":null,"totliabsharequi":4.50131657472E9,"settresedepo":null,"plac":null,"derifinaasset":null,"reinrece":null,"reincontrese":null,"purcresaasset":null,"cenbankborr":null,"deposit":null,"fdsborr":null,"deriliab":null,"sellrepasse":null,"copepoun":null,"insucontrese":null,"actitradsecu":null,"actiundesecu":null},{"compcode":"80155110","publishdate":"20160426","reportdate":"20160331","reporttype":"100111","adjustdate":"20160426","accstacode":"2","accstaname":"新会计准则","curfds":7.2397910557E8,"tradfinasset":null,"notesrece":3338513.2,"accorece":4.5242419936E8,"prep":3.762524945E7,"premrece":null,"interece":null,"dividrece":null,"otherrece":8246977.44,"expotaxrebarece":null,"subsrece":null,"margrece":null,"intelrece":null,"inve":7.6961147385E8,"prepexpe":null,"unseg":null,"expinoncurrasset":null,"othercurrasse":7.405840199E7,"currassetitse":null,"currasseform":null,"totcurrasset":2.06928392086E9,"lendandloan":null,"avaisellasse":null,"holdinvedue":null,"longrece":null,"equiinve":null,"otherlonginve":null,"inveprop":2.272702764E7,"fixedasseimmo":null,"accudepr":null,"fixedassenetw":null,"fixedasseimpa":null,"fixedassenet":2.24618846354E9,"consprog":2.980778806E7,"engimate":null,"fixedasseclea":null,"prodasse":null,"comasse":null,"hydrasset":null,"intaasset":1.3969382684E8,"deveexpe":null,"goodwill":64654.15,"logprepexpe":40508.44,"tradshartrad":null,"defetaxasset":3.975509752E7,"othernoncasse":5568787.15,"noncasseitse":null,"noncasseform":null,"totalnoncassets":2.48384615334E9,"totassetitse":null,"totalasseform":null,"totasset":4.5531300742E9,"shorttermborr":4.429376875E8,"tradfinliab":null,"notespaya":null,"accopaya":2.3464487604E8,"advapaym":2.516097144E7,"copeworkersal":3.700661889E7,"taxespaya":2.224312454E7,"intepaya":3231760.19,"divipaya":null,"otherfeepaya":null,"margrequ":null,"intelpay":null,"otherpay":2.9910187706E8,"accrexpe":null,"expecurrliab":null,"copewithreinrece":null,"inteticksett":null,"dometicksett":null,"defereve":null,"shorttermbdspaya":null,"duenoncliab":1.505625E8,"othercurreliabi":null,"currliabitse":null,"currliabform":null,"totalcurrliab":1.21488941566E9,"longborr":null,"bdspaya":8.2766309041E8,"longpaya":null,"specpaya":null,"expenoncliab":null,"longdefeinco":2.538588215E7,"defeincotaxliab":307912.58,"othernoncliabi":null,"longliabitse":null,"longliabform":null,"totalnoncliab":8.5335688514E8,"totliabitse":null,"totliabform":null,"totliab":2.0682463008E9,"paidincapi":5.03677E8,"capisurp":1.33482436405E9,"treastk":7.206725E7,"specrese":null,"rese":2.70824733E7,"generiskrese":null,"unreinveloss":null,"undiprof":6.9136718605E8,"topaycashdivi":null,"curtrandiff":null,"sharrighitse":null,"sharrightform":null,"paresharrigh":2.4848837734E9,"minysharrigh":null,"righaggritse":null,"rightaggrform":null,"righaggr":2.4848837734E9,"rightotitse":null,"rightotform":null,"totliabsharequi":4.5531300742E9,"settresedepo":null,"plac":null,"derifinaasset":null,"reinrece":null,"reincontrese":null,"purcresaasset":null,"cenbankborr":null,"deposit":null,"fdsborr":null,"deriliab":null,"sellrepasse":null,"copepoun":null,"insucontrese":null,"actitradsecu":null,"actiundesecu":null},{"compcode":"80155110","publishdate":"20160426","reportdate":"20151231","reporttype":"100111","adjustdate":"20160426","accstacode":"2","accstaname":"新会计准则","curfds":6.8994129995E8,"tradfinasset":null,"notesrece":2082921.56,"accorece":4.3605549131E8,"prep":1.759122425E7,"premrece":null,"interece":null,"dividrece":null,"otherrece":7703312.4,"expotaxrebarece":null,"subsrece":null,"margrece":null,"intelrece":null,"inve":7.2879433211E8,"prepexpe":null,"unseg":null,"expinoncurrasset":null,"othercurrasse":1.5310109081E8,"currassetitse":null,"currasseform":null,"totcurrasset":2.03526967239E9,"lendandloan":null,"avaisellasse":null,"holdinvedue":null,"longrece":null,"equiinve":null,"otherlonginve":null,"inveprop":2.292532626E7,"fixedasseimmo":2.87233053096E9,"accudepr":5.7787806285E8,"fixedassenetw":2.29445246811E9,"fixedasseimpa":2.515001501E7,"fixedassenet":2.2693024531E9,"consprog":2.944731096E7,"engimate":null,"fixedasseclea":null,"prodasse":null,"comasse":null,"hydrasset":null,"intaasset":1.4068848356E8,"deveexpe":null,"goodwill":64654.15,"logprepexpe":48103.63,"tradshartrad":null,"defetaxasset":4.070277455E7,"othernoncasse":5826876.57,"noncasseitse":null,"noncasseform":null,"totalnoncassets":2.50900598278E9,"totassetitse":null,"totalasseform":null,"totasset":4.54427565517E9,"shorttermborr":2.8576641233E8,"tradfinliab":null,"notespaya":5564000.0,"accopaya":3.2559055183E8,"advapaym":1.856152982E7,"copeworkersal":3.515185116E7,"taxespaya":2.002277293E7,"intepaya":3.759945487E7,"divipaya":null,"otherfeepaya":null,"margrequ":null,"intelpay":null,"otherpay":2.5099595565E8,"accrexpe":null,"expecurrliab":null,"copewithreinrece":null,"inteticksett":null,"dometicksett":null,"defereve":null,"shorttermbdspaya":null,"duenoncliab":1.4758687099E8,"othercurreliabi":null,"currliabitse":null,"currliabform":null,"totalcurrliab":1.12683939958E9,"longborr":1.3E8,"bdspaya":8.2735043824E8,"longpaya":null,"specpaya":null,"expenoncliab":null,"longdefeinco":2.583133958E7,"defeincotaxliab":287853.27,"othernoncliabi":null,"longliabitse":null,"longliabform":null,"totalnoncliab":9.8346963109E8,"totliabitse":null,"totliabform":null,"totliab":2.11030903067E9,"paidincapi":4.8672E8,"capisurp":1.27435741405E9,"treastk":null,"specrese":null,"rese":2.70824733E7,"generiskrese":null,"unreinveloss":null,"undiprof":6.4580673715E8,"topaycashdivi":null,"curtrandiff":null,"sharrighitse":null,"sharrightform":null,"paresharrigh":2.4339666245E9,"minysharrigh":null,"righaggritse":null,"rightaggrform":null,"righaggr":2.4339666245E9,"rightotitse":null,"rightotform":null,"totliabsharequi":4.54427565517E9,"settresedepo":null,"plac":null,"derifinaasset":null,"reinrece":null,"reincontrese":null,"purcresaasset":null,"cenbankborr":null,"deposit":null,"fdsborr":null,"deriliab":null,"sellrepasse":null,"copepoun":null,"insucontrese":null,"actitradsecu":null,"actiundesecu":null},{"compcode":"80155110","publishdate":"20151021","reportdate":"20150930","reporttype":"100111","adjustdate":"20151021","accstacode":"2","accstaname":"新会计准则","curfds":8.2080117111E8,"tradfinasset":null,"notesrece":5306830.26,"accorece":3.9453127881E8,"prep":2.701746896E7,"premrece":null,"interece":null,"dividrece":null,"otherrece":9236907.95,"expotaxrebarece":null,"subsrece":null,"margrece":null,"intelrece":null,"inve":6.3875588033E8,"prepexpe":null,"unseg":null,"expinoncurrasset":null,"othercurrasse":8.377687552E7,"currassetitse":null,"currasseform":null,"totcurrasset":1.97942641294E9,"lendandloan":null,"avaisellasse":null,"holdinvedue":null,"longrece":null,"equiinve":null,"otherlonginve":null,"inveprop":2.292919502E7,"fixedasseimmo":null,"accudepr":null,"fixedassenetw":null,"fixedasseimpa":null,"fixedassenet":2.25716400317E9,"consprog":6.58387692E7,"engimate":null,"fixedasseclea":null,"prodasse":null,"comasse":null,"hydrasset":null,"intaasset":1.4169742849E8,"deveexpe":null,"goodwill":64654.15,"logprepexpe":55698.82,"tradshartrad":null,"defetaxasset":4.031212426E7,"othernoncasse":8268200.74,"noncasseitse":null,"noncasseform":null,"totalnoncassets":2.53633007385E9,"totassetitse":null,"totalasseform":null,"totasset":4.51575648679E9,"shorttermborr":2.8227917999E8,"tradfinliab":null,"notespaya":null,"accopaya":2.8918345109E8,"advapaym":1.630320545E7,"copeworkersal":3.18234723E7,"taxespaya":1.828713083E7,"intepaya":2.612470486E7,"divipaya":null,"otherfeepaya":null,"margrequ":null,"intelpay":null,"otherpay":1.9863727294E8,"accrexpe":null,"expecurrliab":null,"copewithreinrece":null,"inteticksett":null,"dometicksett":null,"defereve":null,"shorttermbdspaya":null,"duenoncliab":1.4830537031E8,"othercurreliabi":null,"currliabitse":null,"currliabform":null,"totalcurrliab":1.01094378777E9,"longborr":2.3935314943E8,"bdspaya":8.2705464622E8,"longpaya":null,"specpaya":null,"expenoncliab":null,"longdefeinco":2.628972023E7,"defeincotaxliab":213533.13,"othernoncliabi":null,"longliabitse":null,"longliabform":null,"totalnoncliab":1.09291104901E9,"totliabitse":null,"totliabform":null,"totliab":2.10385483678E9,"paidincapi":4.8672E8,"capisurp":1.27435741405E9,"treastk":null,"specrese":null,"rese":2.70824733E7,"generiskrese":null,"unreinveloss":null,"undiprof":6.2374176266E8,"topaycashdivi":null,"curtrandiff":null,"sharrighitse":null,"sharrightform":null,"paresharrigh":2.41190165001E9,"minysharrigh":null,"righaggritse":null,"rightaggrform":null,"righaggr":2.41190165001E9,"rightotitse":null,"rightotform":null,"totliabsharequi":4.51575648679E9,"settresedepo":null,"plac":null,"derifinaasset":null,"reinrece":null,"reincontrese":null,"purcresaasset":null,"cenbankborr":null,"deposit":null,"fdsborr":null,"deriliab":null,"sellrepasse":null,"copepoun":null,"insucontrese":null,"actitradsecu":null,"actiundesecu":null},{"compcode":"80155110","publishdate":"20150826","reportdate":"20150630","reporttype":"100111","adjustdate":"20150826","accstacode":"2","accstaname":"新会计准则","curfds":7.2443446142E8,"tradfinasset":null,"notesrece":3.054978335E7,"accorece":3.2300903741E8,"prep":4.844022054E7,"premrece":null,"interece":null,"dividrece":null,"otherrece":8227659.34,"expotaxrebarece":null,"subsrece":null,"margrece":null,"intelrece":null,"inve":5.544965889E8,"prepexpe":null,"unseg":null,"expinoncurrasset":null,"othercurrasse":2.9617841808E8,"currassetitse":null,"currasseform":null,"totcurrasset":1.98533616904E9,"lendandloan":null,"avaisellasse":null,"holdinvedue":null,"longrece":null,"equiinve":null,"otherlonginve":null,"inveprop":2.320011128E7,"fixedasseimmo":2.80050312504E9,"accudepr":5.0862247752E8,"fixedassenetw":2.29188064752E9,"fixedasseimpa":1.587805111E7,"fixedassenet":2.27600259641E9,"consprog":6.679357061E7,"engimate":null,"fixedasseclea":null,"prodasse":null,"comasse":null,"hydrasset":null,"intaasset":1.4268921523E8,"deveexpe":null,"goodwill":64654.15,"logprepexpe":63294.01,"tradshartrad":null,"defetaxasset":3.451309748E7,"othernoncasse":1.420266099E7,"noncasseitse":null,"noncasseform":null,"totalnoncassets":2.55752920016E9,"totassetitse":null,"totalasseform":null,"totasset":4.5428653692E9,"shorttermborr":3.578243228E8,"tradfinliab":null,"notespaya":4250000.0,"accopaya":2.9071416777E8,"advapaym":1.674408321E7,"copeworkersal":2.354702941E7,"taxespaya":1.880229607E7,"intepaya":1.464995485E7,"divipaya":null,"otherfeepaya":null,"margrequ":null,"intelpay":null,"otherpay":1.6405906679E8,"accrexpe":null,"expecurrliab":null,"copewithreinrece":null,"inteticksett":null,"dometicksett":null,"defereve":null,"shorttermbdspaya":null,"duenoncliab":1.0703533324E8,"othercurreliabi":null,"currliabitse":null,"currliabform":null,"totalcurrliab":9.9762625414E8,"longborr":2.9798810261E8,"bdspaya":8.267588542E8,"longpaya":null,"specpaya":null,"expenoncliab":null,"longdefeinco":2.871064986E7,"defeincotaxliab":219464.6,"othernoncliabi":null,"longliabitse":null,"longliabform":null,"totalnoncliab":1.15367707127E9,"totliabitse":null,"totliabform":null,"totliab":2.15130332541E9,"paidincapi":4.8672E8,"capisurp":1.27435741405E9,"treastk":null,"specrese":null,"rese":2.70824733E7,"generiskrese":null,"unreinveloss":null,"undiprof":6.0340215644E8,"topaycashdivi":null,"curtrandiff":null,"sharrighitse":null,"sharrightform":null,"paresharrigh":2.39156204379E9,"minysharrigh":null,"righaggritse":null,"rightaggrform":null,"righaggr":2.39156204379E9,"rightotitse":null,"rightotform":null,"totliabsharequi":4.5428653692E9,"settresedepo":null,"plac":null,"derifinaasset":null,"reinrece":null,"reincontrese":null,"purcresaasset":null,"cenbankborr":null,"deposit":null,"fdsborr":null,"deriliab":null,"sellrepasse":null,"copepoun":null,"insucontrese":null,"actitradsecu":null,"actiundesecu":null},{"compcode":"80155110","publishdate":"20150424","reportdate":"20150331","reporttype":"100111","adjustdate":"20150424","accstacode":"2","accstaname":"新会计准则","curfds":6.688718063E8,"tradfinasset":null,"notesrece":4.804385013E7,"accorece":3.2406203073E8,"prep":1.982783557E7,"premrece":null,"interece":null,"dividrece":null,"otherrece":8865728.25,"expotaxrebarece":null,"subsrece":null,"margrece":null,"intelrece":null,"inve":5.277804931E8,"prepexpe":null,"unseg":null,"expinoncurrasset":null,"othercurrasse":2.6614233471E8,"currassetitse":null,"currasseform":null,"totcurrasset":1.86359407879E9,"lendandloan":null,"avaisellasse":null,"holdinvedue":null,"longrece":null,"equiinve":null,"otherlonginve":null,"inveprop":2.347102752E7,"fixedasseimmo":null,"accudepr":null,"fixedassenetw":null,"fixedasseimpa":null,"fixedassenet":2.26672321428E9,"consprog":8.309161276E7,"engimate":null,"fixedasseclea":null,"prodasse":null,"comasse":null,"hydrasset":null,"intaasset":1.4367459171E8,"deveexpe":null,"goodwill":64654.15,"logprepexpe":125826.87,"tradshartrad":null,"defetaxasset":3.523026721E7,"othernoncasse":1.455784282E7,"noncasseitse":null,"noncasseform":null,"totalnoncassets":2.56693903732E9,"totassetitse":null,"totalasseform":null,"totasset":4.43053311611E9,"shorttermborr":2.5166693819E8,"tradfinliab":null,"notespaya":null,"accopaya":2.1979289445E8,"advapaym":2.830487999E7,"copeworkersal":1.99072624E7,"taxespaya":2.876639062E7,"intepaya":3175204.84,"divipaya":null,"otherfeepaya":null,"margrequ":null,"intelpay":null,"otherpay":1.486239506E8,"accrexpe":null,"expecurrliab":null,"copewithreinrece":null,"inteticksett":null,"dometicksett":null,"defereve":null,"shorttermbdspaya":null,"duenoncliab":1.22689071E8,"othercurreliabi":null,"currliabitse":null,"currliabform":null,"totalcurrliab":8.2292659209E8,"longborr":3.8168737114E8,"bdspaya":8.2646306218E8,"longpaya":null,"specpaya":null,"expenoncliab":null,"longdefeinco":2.715478865E7,"defeincotaxliab":231327.55,"othernoncliabi":null,"longliabitse":null,"longliabform":null,"totalnoncliab":1.23553654952E9,"totliabitse":null,"totliabform":null,"totliab":2.05846314161E9,"paidincapi":4.056E8,"capisurp":1.35547741405E9,"treastk":null,"specrese":null,"rese":2.70824733E7,"generiskrese":null,"unreinveloss":null,"undiprof":5.8391008715E8,"topaycashdivi":null,"curtrandiff":null,"sharrighitse":null,"sharrightform":null,"paresharrigh":2.3720699745E9,"minysharrigh":null,"righaggritse":null,"rightaggrform":null,"righaggr":2.3720699745E9,"rightotitse":null,"rightotform":null,"totliabsharequi":4.43053311611E9,"settresedepo":null,"plac":null,"derifinaasset":null,"reinrece":null,"reincontrese":null,"purcresaasset":null,"cenbankborr":null,"deposit":null,"fdsborr":null,"deriliab":null,"sellrepasse":null,"copepoun":null,"insucontrese":null,"actitradsecu":null,"actiundesecu":null},{"compcode":"80155110","publishdate":"20150415","reportdate":"20141231","reporttype":"100111","adjustdate":"20150415","accstacode":"2","accstaname":"新会计准则","curfds":6.6144214546E8,"tradfinasset":null,"notesrece":7.222989098E7,"accorece":3.389069754E8,"prep":2.647524272E7,"premrece":null,"interece":null,"dividrece":null,"otherrece":7580700.99,"expotaxrebarece":null,"subsrece":null,"margrece":null,"intelrece":null,"inve":6.3096226147E8,"prepexpe":null,"unseg":null,"expinoncurrasset":null,"othercurrasse":2.387874504E8,"currassetitse":null,"currasseform":null,"totcurrasset":1.97638466742E9,"lendandloan":null,"avaisellasse":null,"holdinvedue":null,"longrece":null,"equiinve":null,"otherlonginve":null,"inveprop":2.371782321E7,"fixedasseimmo":2.67422130151E9,"accudepr":4.6349379757E8,"fixedassenetw":2.21072750394E9,"fixedasseimpa":1.833285941E7,"fixedassenet":2.19239464453E9,"consprog":1.6663315724E8,"engimate":null,"fixedasseclea":null,"prodasse":null,"comasse":null,"hydrasset":null,"intaasset":1.4422761388E8,"deveexpe":null,"goodwill":64654.15,"logprepexpe":215829.06,"tradshartrad":null,"defetaxasset":3.629868998E7,"othernoncasse":1.006405539E7,"noncasseitse":null,"noncasseform":null,"totalnoncassets":2.57361646744E9,"totassetitse":null,"totalasseform":null,"totasset":4.55000113486E9,"shorttermborr":2.1435309774E8,"tradfinliab":null,"notespaya":null,"accopaya":3.246519989E8,"advapaym":2.256850975E7,"copeworkersal":2.736621632E7,"taxespaya":2.869870052E7,"intepaya":3.759945483E7,"divipaya":null,"otherfeepaya":null,"margrequ":null,"intelpay":null,"otherpay":1.6010720742E8,"accrexpe":null,"expecurrliab":null,"copewithreinrece":null,"inteticksett":null,"dometicksett":null,"defereve":null,"shorttermbdspaya":null,"duenoncliab":1.2692269396E8,"othercurreliabi":null,"currliabitse":null,"currliabform":null,"totalcurrliab":9.4226787944E8,"longborr":4.0392082682E8,"bdspaya":8.2616727016E8,"longpaya":null,"specpaya":null,"expenoncliab":null,"longdefeinco":2.758732286E7,"defeincotaxliab":231327.55,"othernoncliabi":null,"longliabitse":null,"longliabform":null,"totalnoncliab":1.25790674739E9,"totliabitse":null,"totliabform":null,"totliab":2.20017462683E9,"paidincapi":4.056E8,"capisurp":1.35547741405E9,"treastk":null,"specrese":null,"rese":2.70824733E7,"generiskrese":null,"unreinveloss":null,"undiprof":5.6166662068E8,"topaycashdivi":null,"curtrandiff":null,"sharrighitse":null,"sharrightform":null,"paresharrigh":2.34982650803E9,"minysharrigh":null,"righaggritse":null,"rightaggrform":null,"righaggr":2.34982650803E9,"rightotitse":null,"rightotform":null,"totliabsharequi":4.55000113486E9,"settresedepo":null,"plac":null,"derifinaasset":null,"reinrece":null,"reincontrese":null,"purcresaasset":null,"cenbankborr":null,"deposit":null,"fdsborr":null,"deriliab":null,"sellrepasse":null,"copepoun":null,"insucontrese":null,"actitradsecu":null,"actiundesecu":null},{"compcode":"80155110","publishdate":"20141024","reportdate":"20140930","reporttype":"100111","adjustdate":"20141024","accstacode":"2","accstaname":"新会计准则","curfds":6.1988112322E8,"tradfinasset":null,"notesrece":4.535091325E7,"accorece":2.8641973909E8,"prep":5.025485487E7,"premrece":null,"interece":null,"dividrece":null,"otherrece":1.210274721E7,"expotaxrebarece":null,"subsrece":null,"margrece":null,"intelrece":null,"inve":6.47674587E8,"prepexpe":null,"unseg":null,"expinoncurrasset":null,"othercurrasse":2.3158060888E8,"currassetitse":null,"currasseform":null,"totcurrasset":1.89326457352E9,"lendandloan":null,"avaisellasse":null,"holdinvedue":null,"longrece":null,"equiinve":null,"otherlonginve":null,"inveprop":null,"fixedasseimmo":null,"accudepr":null,"fixedassenetw":null,"fixedasseimpa":null,"fixedassenet":1.95400448795E9,"consprog":3.8591462177E8,"engimate":null,"fixedasseclea":null,"prodasse":null,"comasse":null,"hydrasset":null,"intaasset":1.5488088056E8,"deveexpe":null,"goodwill":64654.15,"logprepexpe":4894060.93,"tradshartrad":null,"defetaxasset":3.226041007E7,"othernoncasse":1.805672924E7,"noncasseitse":null,"noncasseform":null,"totalnoncassets":2.55007584467E9,"totassetitse":null,"totalasseform":null,"totasset":4.44334041819E9,"shorttermborr":1.6564811679E8,"tradfinliab":null,"notespaya":1.972487733E7,"accopaya":2.3896591413E8,"advapaym":3.26093857E7,"copeworkersal":2.599975087E7,"taxespaya":2.294662816E7,"intepaya":2.612470482E7,"divipaya":null,"otherfeepaya":null,"margrequ":null,"intelpay":null,"otherpay":1.7177366548E8,"accrexpe":null,"expecurrliab":null,"copewithreinrece":null,"inteticksett":null,"dometicksett":null,"defereve":null,"shorttermbdspaya":null,"duenoncliab":1.1214088406E8,"othercurreliabi":null,"currliabitse":null,"currliabform":null,"totalcurrliab":8.1593392734E8,"longborr":4.4446836905E8,"bdspaya":8.2588742908E8,"longpaya":2284677.07,"specpaya":null,"expenoncliab":null,"longdefeinco":null,"defeincotaxliab":null,"othernoncliabi":2.148529062E7,"longliabitse":null,"longliabform":null,"totalnoncliab":1.29412576582E9,"totliabitse":null,"totliabform":null,"totliab":2.11005969316E9,"paidincapi":4.056E8,"capisurp":1.35547741405E9,"treastk":null,"specrese":null,"rese":2.466018852E7,"generiskrese":null,"unreinveloss":null,"undiprof":5.4754312246E8,"topaycashdivi":null,"curtrandiff":null,"sharrighitse":null,"sharrightform":null,"paresharrigh":2.33328072503E9,"minysharrigh":null,"righaggritse":null,"rightaggrform":null,"righaggr":2.33328072503E9,"rightotitse":null,"rightotform":null,"totliabsharequi":4.44334041819E9,"settresedepo":null,"plac":null,"derifinaasset":null,"reinrece":null,"reincontrese":null,"purcresaasset":null,"cenbankborr":null,"deposit":null,"fdsborr":null,"deriliab":null,"sellrepasse":null,"copepoun":null,"insucontrese":null,"actitradsecu":null,"actiundesecu":null},{"compcode":"80155110","publishdate":"20140828","reportdate":"20140630","reporttype":"100111","adjustdate":"20140828","accstacode":"2","accstaname":"新会计准则","curfds":7.8800758117E8,"tradfinasset":null,"notesrece":5.234596391E7,"accorece":2.5602666028E8,"prep":4.223683415E7,"premrece":null,"interece":null,"dividrece":null,"otherrece":9243424.22,"expotaxrebarece":null,"subsrece":null,"margrece":null,"intelrece":null,"inve":6.5266819685E8,"prepexpe":null,"unseg":null,"expinoncurrasset":null,"othercurrasse":1.3863818205E8,"currassetitse":null,"currasseform":null,"totcurrasset":1.93916684263E9,"lendandloan":null,"avaisellasse":null,"holdinvedue":null,"longrece":null,"equiinve":null,"otherlonginve":null,"inveprop":null,"fixedasseimmo":1.90120266574E9,"accudepr":4.0142546406E8,"fixedassenetw":1.49977720168E9,"fixedasseimpa":954000.9,"fixedassenet":1.49882320078E9,"consprog":7.8760397166E8,"engimate":null,"fixedasseclea":null,"prodasse":null,"comasse":null,"hydrasset":null,"intaasset":1.5534689105E8,"deveexpe":null,"goodwill":64654.15,"logprepexpe":2654981.33,"tradshartrad":null,"defetaxasset":3.139994209E7,"othernoncasse":3.723714098E7,"noncasseitse":null,"noncasseform":null,"totalnoncassets":2.51313078204E9,"totassetitse":null,"totalasseform":null,"totasset":4.45229762467E9,"shorttermborr":1.3420749891E8,"tradfinliab":null,"notespaya":null,"accopaya":3.02246825E8,"advapaym":2.992202744E7,"copeworkersal":1.977046587E7,"taxespaya":2.15876009E7,"intepaya":1.464995481E7,"divipaya":null,"otherfeepaya":null,"margrequ":null,"intelpay":null,"otherpay":1.6825202308E8,"accrexpe":null,"expecurrliab":null,"copewithreinrece":null,"inteticksett":null,"dometicksett":null,"defereve":null,"shorttermbdspaya":null,"duenoncliab":1.2693463422E8,"othercurreliabi":null,"currliabitse":null,"currliabform":null,"totalcurrliab":8.1757103023E8,"longborr":4.6229065763E8,"bdspaya":8.25607588E8,"longpaya":8807123.03,"specpaya":null,"expenoncliab":null,"longdefeinco":null,"defeincotaxliab":null,"othernoncliabi":1.954099319E7,"longliabitse":null,"longliabform":null,"totalnoncliab":1.31624636185E9,"totliabitse":null,"totliabform":null,"totliab":2.13381739208E9,"paidincapi":4.056E8,"capisurp":1.35547741405E9,"treastk":null,"specrese":null,"rese":2.466018852E7,"generiskrese":null,"unreinveloss":null,"undiprof":5.3274263002E8,"topaycashdivi":null,"curtrandiff":null,"sharrighitse":null,"sharrightform":null,"paresharrigh":2.31848023259E9,"minysharrigh":null,"righaggritse":null,"rightaggrform":null,"righaggr":2.31848023259E9,"rightotitse":null,"rightotform":null,"totliabsharequi":4.45229762467E9,"settresedepo":null,"plac":null,"derifinaasset":null,"reinrece":null,"reincontrese":null,"purcresaasset":null,"cenbankborr":null,"deposit":null,"fdsborr":null,"deriliab":null,"sellrepasse":null,"copepoun":null,"insucontrese":null,"actitradsecu":null,"actiundesecu":null},{"compcode":"80155110","publishdate":"20140426","reportdate":"20140331","reporttype":"100111","adjustdate":"20140426","accstacode":"2","accstaname":"新会计准则","curfds":8.5386969404E8,"tradfinasset":null,"notesrece":3.55475E7,"accorece":2.5871259348E8,"prep":3.735425906E7,"premrece":null,"interece":null,"dividrece":null,"otherrece":1.294925945E7,"expotaxrebarece":null,"subsrece":null,"margrece":null,"intelrece":null,"inve":5.9080502275E8,"prepexpe":null,"unseg":null,"expinoncurrasset":null,"othercurrasse":1.5543394099E8,"currassetitse":null,"currasseform":null,"totcurrasset":1.94467226977E9,"lendandloan":null,"avaisellasse":null,"holdinvedue":null,"longrece":null,"equiinve":null,"otherlonginve":null,"inveprop":null,"fixedasseimmo":null,"accudepr":null,"fixedassenetw":null,"fixedasseimpa":null,"fixedassenet":1.37719260307E9,"consprog":7.9046976476E8,"engimate":null,"fixedasseclea":null,"prodasse":null,"comasse":null,"hydrasset":null,"intaasset":1.5634587939E8,"deveexpe":null,"goodwill":64654.15,"logprepexpe":485835.63,"tradshartrad":null,"defetaxasset":3.109084511E7,"othernoncasse":3.709405883E7,"noncasseitse":null,"noncasseform":null,"totalnoncassets":2.39274364094E9,"totassetitse":null,"totalasseform":null,"totasset":4.33741591071E9,"shorttermborr":1.5367733071E8,"tradfinliab":null,"notespaya":1275000.0,"accopaya":2.2044664518E8,"advapaym":2.707538679E7,"copeworkersal":1.688351139E7,"taxespaya":2.167244175E7,"intepaya":3175204.8,"divipaya":null,"otherfeepaya":null,"margrequ":null,"intelpay":null,"otherpay":1.4536752487E8,"accrexpe":null,"expecurrliab":null,"copewithreinrece":null,"inteticksett":null,"dometicksett":null,"defereve":null,"shorttermbdspaya":null,"duenoncliab":1.0173991265E8,"othercurreliabi":null,"currliabitse":null,"currliabform":null,"totalcurrliab":6.9131295814E8,"longborr":4.8224286099E8,"bdspaya":8.2532774692E8,"longpaya":1.520036515E7,"specpaya":null,"expenoncliab":null,"longdefeinco":null,"defeincotaxliab":null,"othernoncliabi":1.976779676E7,"longliabitse":null,"longliabform":null,"totalnoncliab":1.34253876982E9,"totliabitse":null,"totliabform":null,"totliab":2.03385172796E9,"paidincapi":3.12E8,"capisurp":1.44907741405E9,"treastk":null,"specrese":null,"rese":2.466018852E7,"generiskrese":null,"unreinveloss":null,"undiprof":5.1782658018E8,"topaycashdivi":null,"curtrandiff":null,"sharrighitse":null,"sharrightform":null,"paresharrigh":2.30356418275E9,"minysharrigh":null,"righaggritse":null,"rightaggrform":null,"righaggr":2.30356418275E9,"rightotitse":null,"rightotform":null,"totliabsharequi":4.33741591071E9,"settresedepo":null,"plac":null,"derifinaasset":null,"reinrece":null,"reincontrese":null,"purcresaasset":null,"cenbankborr":null,"deposit":null,"fdsborr":null,"deriliab":null,"sellrepasse":null,"copepoun":null,"insucontrese":null,"actitradsecu":null,"actiundesecu":null},{"compcode":"80155110","publishdate":"20140410","reportdate":"20131231","reporttype":"100111","adjustdate":"20140410","accstacode":"2","accstaname":"新会计准则","curfds":9.9364816687E8,"tradfinasset":null,"notesrece":6.51219421E7,"accorece":3.3529202706E8,"prep":1.910260815E7,"premrece":null,"interece":null,"dividrece":null,"otherrece":7474346.71,"expotaxrebarece":null,"subsrece":null,"margrece":null,"intelrece":null,"inve":6.0200648854E8,"prepexpe":null,"unseg":null,"expinoncurrasset":null,"othercurrasse":1.4451440224E8,"currassetitse":null,"currasseform":null,"totcurrasset":2.16715998167E9,"lendandloan":null,"avaisellasse":null,"holdinvedue":null,"longrece":null,"equiinve":null,"otherlonginve":null,"inveprop":null,"fixedasseimmo":1.81918385878E9,"accudepr":4.0583617655E8,"fixedassenetw":1.41334768223E9,"fixedasseimpa":2109094.9,"fixedassenet":1.41123858733E9,"consprog":6.8669369428E8,"engimate":null,"fixedasseclea":null,"prodasse":null,"comasse":null,"hydrasset":null,"intaasset":1.5733492034E8,"deveexpe":null,"goodwill":64654.15,"logprepexpe":575837.82,"tradshartrad":null,"defetaxasset":3.166670335E7,"othernoncasse":3.812479196E7,"noncasseitse":null,"noncasseform":null,"totalnoncassets":2.32569918923E9,"totassetitse":null,"totalasseform":null,"totasset":4.4928591709E9,"shorttermborr":1.8201475388E8,"tradfinliab":null,"notespaya":1.37858812E7,"accopaya":2.6055642131E8,"advapaym":4.328742446E7,"copeworkersal":3.131875553E7,"taxespaya":2.408789315E7,"intepaya":3.759945479E7,"divipaya":null,"otherfeepaya":null,"margrequ":null,"intelpay":null,"otherpay":1.7586301321E8,"accrexpe":null,"expecurrliab":null,"copewithreinrece":null,"inteticksett":null,"dometicksett":null,"defereve":null,"shorttermbdspaya":null,"duenoncliab":8.742321049E7,"othercurreliabi":null,"currliabitse":null,"currliabform":null,"totalcurrliab":8.5593680802E8,"longborr":4.8808857827E8,"bdspaya":8.2504790584E8,"longpaya":2.146696283E7,"specpaya":null,"expenoncliab":null,"longdefeinco":null,"defeincotaxliab":null,"othernoncliabi":1.999460033E7,"longliabitse":null,"longliabform":null,"totalnoncliab":1.35459804727E9,"totliabitse":null,"totliabform":null,"totliab":2.21053485529E9,"paidincapi":3.12E8,"capisurp":1.44907741405E9,"treastk":null,"specrese":null,"rese":2.466018852E7,"generiskrese":null,"unreinveloss":null,"undiprof":4.9658671304E8,"topaycashdivi":null,"curtrandiff":null,"sharrighitse":null,"sharrightform":null,"paresharrigh":2.28232431561E9,"minysharrigh":null,"righaggritse":null,"rightaggrform":null,"righaggr":2.28232431561E9,"rightotitse":null,"rightotform":null,"totliabsharequi":4.4928591709E9,"settresedepo":null,"plac":null,"derifinaasset":null,"reinrece":null,"reincontrese":null,"purcresaasset":null,"cenbankborr":null,"deposit":null,"fdsborr":null,"deriliab":null,"sellrepasse":null,"copepoun":null,"insucontrese":null,"actitradsecu":null,"actiundesecu":null},{"compcode":"80155110","publishdate":"20131023","reportdate":"20130930","reporttype":"100111","adjustdate":"20131023","accstacode":"2","accstaname":"新会计准则","curfds":1.08797209308E9,"tradfinasset":null,"notesrece":5.805125E7,"accorece":3.1529498432E8,"prep":7.307534175E7,"premrece":null,"interece":null,"dividrece":null,"otherrece":1.435328078E7,"expotaxrebarece":null,"subsrece":null,"margrece":null,"intelrece":null,"inve":5.7607045764E8,"prepexpe":null,"unseg":null,"expinoncurrasset":null,"othercurrasse":1.0008352605E8,"currassetitse":null,"currasseform":null,"totcurrasset":2.22490093362E9,"lendandloan":null,"avaisellasse":null,"holdinvedue":null,"longrece":null,"equiinve":null,"otherlonginve":null,"inveprop":null,"fixedasseimmo":null,"accudepr":null,"fixedassenetw":null,"fixedasseimpa":null,"fixedassenet":1.33904291558E9,"consprog":2.5629903639E8,"engimate":null,"fixedasseclea":null,"prodasse":null,"comasse":null,"hydrasset":null,"intaasset":1.5797070755E8,"deveexpe":null,"goodwill":64654.15,"logprepexpe":736609.25,"tradshartrad":null,"defetaxasset":2.688860632E7,"othernoncasse":3.6917044563E8,"noncasseitse":null,"noncasseform":null,"totalnoncassets":2.15017297487E9,"totassetitse":null,"totalasseform":null,"totasset":4.37507390849E9,"shorttermborr":2.3340563507E8,"tradfinliab":null,"notespaya":868160.0,"accopaya":2.114807511E8,"advapaym":2.080576246E7,"copeworkersal":2.488955864E7,"taxespaya":2.62700136E7,"intepaya":null,"divipaya":null,"otherfeepaya":null,"margrequ":null,"intelpay":null,"otherpay":2.044239919E8,"accrexpe":null,"expecurrliab":null,"copewithreinrece":null,"inteticksett":null,"dometicksett":null,"defereve":null,"shorttermbdspaya":null,"duenoncliab":7.070461095E7,"othercurreliabi":null,"currliabitse":null,"currliabform":null,"totalcurrliab":7.9284848372E8,"longborr":4.2830596549E8,"bdspaya":8.2504790584E8,"longpaya":2.760942479E7,"specpaya":null,"expenoncliab":null,"longdefeinco":null,"defeincotaxliab":null,"othernoncliabi":2.742171987E7,"longliabitse":null,"longliabform":null,"totalnoncliab":1.30838501599E9,"totliabitse":null,"totliabform":null,"totliab":2.10123349971E9,"paidincapi":3.12E8,"capisurp":1.44907741405E9,"treastk":null,"specrese":null,"rese":2.466018852E7,"generiskrese":null,"unreinveloss":null,"undiprof":4.8810280621E8,"topaycashdivi":null,"curtrandiff":null,"sharrighitse":null,"sharrightform":null,"paresharrigh":2.27384040878E9,"minysharrigh":null,"righaggritse":null,"rightaggrform":null,"righaggr":2.27384040878E9,"rightotitse":null,"rightotform":null,"totliabsharequi":4.37507390849E9,"settresedepo":null,"plac":null,"derifinaasset":null,"reinrece":null,"reincontrese":null,"purcresaasset":null,"cenbankborr":null,"deposit":null,"fdsborr":null,"deriliab":null,"sellrepasse":null,"copepoun":null,"insucontrese":null,"actitradsecu":null,"actiundesecu":null},{"compcode":"80155110","publishdate":"20130823","reportdate":"20130630","reporttype":"100111","adjustdate":"20130823","accstacode":"2","accstaname":"新会计准则","curfds":9.8601979002E8,"tradfinasset":null,"notesrece":5.675199161E7,"accorece":2.9082277474E8,"prep":4.73228814E7,"premrece":null,"interece":null,"dividrece":null,"otherrece":1.417393779E7,"expotaxrebarece":null,"subsrece":null,"margrece":null,"intelrece":null,"inve":6.995751246E8,"prepexpe":null,"unseg":null,"expinoncurrasset":null,"othercurrasse":9.755280125E7,"currassetitse":null,"currasseform":null,"totcurrasset":2.19221930141E9,"lendandloan":null,"avaisellasse":null,"holdinvedue":null,"longrece":null,"equiinve":null,"otherlonginve":null,"inveprop":null,"fixedasseimmo":1.70047500448E9,"accudepr":3.5227429321E8,"fixedassenetw":1.34820071127E9,"fixedasseimpa":null,"fixedassenet":1.34820071127E9,"consprog":1.5679838574E8,"engimate":null,"fixedasseclea":null,"prodasse":null,"comasse":null,"hydrasset":null,"intaasset":1.5710602872E8,"deveexpe":null,"goodwill":64654.15,"logprepexpe":755842.2,"tradshartrad":null,"defetaxasset":2.694264543E7,"othernoncasse":2.2990990302E8,"noncasseitse":null,"noncasseform":null,"totalnoncassets":1.91977817053E9,"totassetitse":null,"totalasseform":null,"totasset":4.11199747194E9,"shorttermborr":2.092354394E8,"tradfinliab":null,"notespaya":1392935.0,"accopaya":2.5385993023E8,"advapaym":2.266269906E7,"copeworkersal":2.354772015E7,"taxespaya":2.804015846E7,"intepaya":null,"divipaya":20.0,"otherfeepaya":null,"margrequ":null,"intelpay":null,"otherpay":1.7426300347E8,"accrexpe":null,"expecurrliab":null,"copewithreinrece":null,"inteticksett":null,"dometicksett":null,"defereve":null,"shorttermbdspaya":null,"duenoncliab":4.634127859E7,"othercurreliabi":null,"currliabitse":null,"currliabform":null,"totalcurrliab":7.5934318436E8,"longborr":2.1401364353E8,"bdspaya":8.2504790584E8,"longpaya":3.363021005E7,"specpaya":null,"expenoncliab":null,"longdefeinco":null,"defeincotaxliab":null,"othernoncliabi":3.205153843E7,"longliabitse":null,"longliabform":null,"totalnoncliab":1.10474329785E9,"totliabitse":null,"totliabform":null,"totliab":1.86408648221E9,"paidincapi":3.12E8,"capisurp":1.44907741405E9,"treastk":null,"specrese":null,"rese":2.466018852E7,"generiskrese":null,"unreinveloss":null,"undiprof":4.6217338716E8,"topaycashdivi":null,"curtrandiff":null,"sharrighitse":null,"sharrightform":null,"paresharrigh":2.24791098973E9,"minysharrigh":null,"righaggritse":null,"rightaggrform":null,"righaggr":2.24791098973E9,"rightotitse":null,"rightotform":null,"totliabsharequi":4.11199747194E9,"settresedepo":null,"plac":null,"derifinaasset":null,"reinrece":null,"reincontrese":null,"purcresaasset":null,"cenbankborr":null,"deposit":null,"fdsborr":null,"deriliab":null,"sellrepasse":null,"copepoun":null,"insucontrese":null,"actitradsecu":null,"actiundesecu":null},{"compcode":"80155110","publishdate":"20130426","reportdate":"20130331","reporttype":"100111","adjustdate":"20130426","accstacode":"2","accstaname":"新会计准则","curfds":1.2924975707E9,"tradfinasset":null,"notesrece":2.230154895E7,"accorece":2.5794741522E8,"prep":6.081209889E7,"premrece":null,"interece":null,"dividrece":null,"otherrece":1.386596439E7,"expotaxrebarece":null,"subsrece":null,"margrece":null,"intelrece":null,"inve":7.266168479E8,"prepexpe":null,"unseg":null,"expinoncurrasset":null,"othercurrasse":1.1167617217E8,"currassetitse":null,"currasseform":null,"totcurrasset":2.48571761822E9,"lendandloan":null,"avaisellasse":null,"holdinvedue":null,"longrece":null,"equiinve":null,"otherlonginve":null,"inveprop":null,"fixedasseimmo":null,"accudepr":null,"fixedassenetw":null,"fixedasseimpa":null,"fixedassenet":1.32475151906E9,"consprog":6.637095096E7,"engimate":null,"fixedasseclea":null,"prodasse":null,"comasse":null,"hydrasset":null,"intaasset":1.4893406083E8,"deveexpe":null,"goodwill":64654.15,"logprepexpe":845844.39,"tradshartrad":null,"defetaxasset":2.709058265E7,"othernoncasse":2.1548859505E8,"noncasseitse":null,"noncasseform":null,"totalnoncassets":1.78354620709E9,"totassetitse":null,"totalasseform":null,"totasset":4.26926382531E9,"shorttermborr":6.4874468565E8,"tradfinliab":null,"notespaya":1.17459465E7,"accopaya":2.0611614178E8,"advapaym":2.524883524E7,"copeworkersal":2.630760498E7,"taxespaya":1.933314213E7,"intepaya":null,"divipaya":null,"otherfeepaya":null,"margrequ":null,"intelpay":null,"otherpay":1.6709721725E8,"accrexpe":null,"expecurrliab":null,"copewithreinrece":null,"inteticksett":null,"dometicksett":null,"defereve":null,"shorttermbdspaya":null,"duenoncliab":2.915886972E7,"othercurreliabi":null,"currliabitse":null,"currliabform":null,"totalcurrliab":1.13375244325E9,"longborr":null,"bdspaya":8.2504790584E8,"longpaya":3.913362653E7,"specpaya":null,"expenoncliab":null,"longdefeinco":null,"defeincotaxliab":null,"othernoncliabi":3.258368488E7,"longliabitse":null,"longliabform":null,"totalnoncliab":8.9676521725E8,"totliabitse":null,"totliabform":null,"totliab":2.0305176605E9,"paidincapi":2.08E8,"capisurp":1.55307741405E9,"treastk":null,"specrese":null,"rese":2.466018852E7,"generiskrese":null,"unreinveloss":null,"undiprof":4.5300856224E8,"topaycashdivi":null,"curtrandiff":null,"sharrighitse":null,"sharrightform":null,"paresharrigh":2.23874616481E9,"minysharrigh":null,"righaggritse":null,"rightaggrform":null,"righaggr":2.23874616481E9,"rightotitse":null,"rightotform":null,"totliabsharequi":4.26926382531E9,"settresedepo":null,"plac":null,"derifinaasset":null,"reinrece":null,"reincontrese":null,"purcresaasset":null,"cenbankborr":null,"deposit":null,"fdsborr":null,"deriliab":null,"sellrepasse":null,"copepoun":null,"insucontrese":null,"actitradsecu":null,"actiundesecu":null},{"compcode":"80155110","publishdate":"20130424","reportdate":"20121231","reporttype":"100111","adjustdate":"20130424","accstacode":"2","accstaname":"新会计准则","curfds":7.9435268766E8,"tradfinasset":null,"notesrece":3.69090264E7,"accorece":2.7189689713E8,"prep":7.030355904E7,"premrece":null,"interece":null,"dividrece":null,"otherrece":4851222.58,"expotaxrebarece":null,"subsrece":null,"margrece":null,"intelrece":null,"inve":5.7861467204E8,"prepexpe":null,"unseg":null,"expinoncurrasset":null,"othercurrasse":7.735135976E7,"currassetitse":null,"currasseform":null,"totcurrasset":1.83427942461E9,"lendandloan":null,"avaisellasse":null,"holdinvedue":null,"longrece":null,"equiinve":null,"otherlonginve":null,"inveprop":null,"fixedasseimmo":1.58650081613E9,"accudepr":3.0949790881E8,"fixedassenetw":1.27700290732E9,"fixedasseimpa":null,"fixedassenet":1.27700290732E9,"consprog":9.980557266E7,"engimate":null,"fixedasseclea":null,"prodasse":null,"comasse":null,"hydrasset":null,"intaasset":7.098071146E7,"deveexpe":null,"goodwill":null,"logprepexpe":935846.58,"tradshartrad":null,"defetaxasset":2.67407035E7,"othernoncasse":1.1600981374E8,"noncasseitse":null,"noncasseform":null,"totalnoncassets":1.59147555526E9,"totassetitse":null,"totalasseform":null,"totasset":3.42575497987E9,"shorttermborr":5.6163342844E8,"tradfinliab":null,"notespaya":3.313452772E7,"accopaya":2.8829758095E8,"advapaym":1.534803871E7,"copeworkersal":3.433507506E7,"taxespaya":3.19783833E7,"intepaya":null,"divipaya":null,"otherfeepaya":null,"margrequ":null,"intelpay":null,"otherpay":1.68095358E8,"accrexpe":null,"expecurrliab":null,"copewithreinrece":null,"inteticksett":null,"dometicksett":null,"defereve":null,"shorttermbdspaya":null,"duenoncliab":2.915886972E7,"othercurreliabi":null,"currliabitse":null,"currliabform":null,"totalcurrliab":1.1619812619E9,"longborr":null,"bdspaya":null,"longpaya":4.531634396E7,"specpaya":null,"expenoncliab":null,"longdefeinco":null,"defeincotaxliab":null,"othernoncliabi":1.288994903E7,"longliabitse":null,"longliabform":null,"totalnoncliab":5.820629299E7,"totliabitse":null,"totliabform":null,"totliab":1.22018755489E9,"paidincapi":2.08E8,"capisurp":1.55769527765E9,"treastk":null,"specrese":null,"rese":2.466018852E7,"generiskrese":null,"unreinveloss":null,"undiprof":4.1185149115E8,"topaycashdivi":null,"curtrandiff":null,"sharrighitse":null,"sharrightform":null,"paresharrigh":2.20220695732E9,"minysharrigh":3360467.66,"righaggritse":null,"rightaggrform":null,"righaggr":2.20556742498E9,"rightotitse":null,"rightotform":null,"totliabsharequi":3.42575497987E9,"settresedepo":null,"plac":null,"derifinaasset":null,"reinrece":null,"reincontrese":null,"purcresaasset":null,"cenbankborr":null,"deposit":null,"fdsborr":null,"deriliab":null,"sellrepasse":null,"copepoun":null,"insucontrese":null,"actitradsecu":null,"actiundesecu":null},{"compcode":"80155110","publishdate":"20121026","reportdate":"20120930","reporttype":"100111","adjustdate":"20121026","accstacode":"2","accstaname":"新会计准则","curfds":8.0953605663E8,"tradfinasset":null,"notesrece":4.1392128E7,"accorece":2.2582141695E8,"prep":2.2826700455E8,"premrece":null,"interece":null,"dividrece":null,"otherrece":2.554053154E7,"expotaxrebarece":null,"subsrece":null,"margrece":null,"intelrece":null,"inve":4.4984689806E8,"prepexpe":null,"unseg":null,"expinoncurrasset":null,"othercurrasse":null,"currassetitse":null,"currasseform":null,"totcurrasset":1.78040403573E9,"lendandloan":null,"avaisellasse":null,"holdinvedue":null,"longrece":null,"equiinve":null,"otherlonginve":null,"inveprop":null,"fixedasseimmo":null,"accudepr":null,"fixedassenetw":null,"fixedasseimpa":null,"fixedassenet":9.0507309523E8,"consprog":2.1965000148E8,"engimate":null,"fixedasseclea":null,"prodasse":null,"comasse":null,"hydrasset":null,"intaasset":7.513541959E7,"deveexpe":null,"goodwill":null,"logprepexpe":1025848.77,"tradshartrad":null,"defetaxasset":2.545912592E7,"othernoncasse":null,"noncasseitse":null,"noncasseform":null,"totalnoncassets":1.22634349099E9,"totassetitse":null,"totalasseform":null,"totasset":3.00674752672E9,"shorttermborr":4.6378591743E8,"tradfinliab":null,"notespaya":2.18244895E7,"accopaya":2.0220239609E8,"advapaym":2.126931038E7,"copeworkersal":1.85814964E7,"taxespaya":-3.642028732E7,"intepaya":null,"divipaya":null,"otherfeepaya":null,"margrequ":null,"intelpay":null,"otherpay":1.5008637973E8,"accrexpe":null,"expecurrliab":null,"copewithreinrece":null,"inteticksett":null,"dometicksett":null,"defereve":null,"shorttermbdspaya":null,"duenoncliab":null,"othercurreliabi":null,"currliabitse":null,"currliabform":null,"totalcurrliab":8.4132970221E8,"longborr":null,"bdspaya":null,"longpaya":null,"specpaya":null,"expenoncliab":null,"longdefeinco":null,"defeincotaxliab":null,"othernoncliabi":1.2974375E7,"longliabitse":null,"longliabform":null,"totalnoncliab":1.2974375E7,"totliabitse":null,"totliabform":null,"totliab":8.5430407721E8,"paidincapi":2.08E8,"capisurp":1.55652168246E9,"treastk":null,"specrese":null,"rese":1.534208904E7,"generiskrese":null,"unreinveloss":null,"undiprof":3.6928666083E8,"topaycashdivi":null,"curtrandiff":null,"sharrighitse":null,"sharrightform":null,"paresharrigh":2.14915043233E9,"minysharrigh":3293017.18,"righaggritse":null,"rightaggrform":null,"righaggr":2.15244344951E9,"rightotitse":null,"rightotform":null,"totliabsharequi":3.00674752672E9,"settresedepo":null,"plac":null,"derifinaasset":null,"reinrece":null,"reincontrese":null,"purcresaasset":null,"cenbankborr":null,"deposit":null,"fdsborr":null,"deriliab":null,"sellrepasse":null,"copepoun":null,"insucontrese":null,"actitradsecu":null,"actiundesecu":null},{"compcode":"80155110","publishdate":"20120809","reportdate":"20120630","reporttype":"100111","adjustdate":"20120809","accstacode":"2","accstaname":"新会计准则","curfds":7.5494866669E8,"tradfinasset":null,"notesrece":2.51386E7,"accorece":2.2654442608E8,"prep":1.744503944E8,"premrece":null,"interece":null,"dividrece":null,"otherrece":1.877347975E7,"expotaxrebarece":null,"subsrece":null,"margrece":null,"intelrece":null,"inve":4.9672687092E8,"prepexpe":null,"unseg":null,"expinoncurrasset":0.0,"othercurrasse":0.0,"currassetitse":null,"currasseform":null,"totcurrasset":1.69658243784E9,"lendandloan":null,"avaisellasse":null,"holdinvedue":null,"longrece":null,"equiinve":null,"otherlonginve":null,"inveprop":null,"fixedasseimmo":1.0671461955E9,"accudepr":2.7897747243E8,"fixedassenetw":7.8816872307E8,"fixedasseimpa":null,"fixedassenet":7.8816872307E8,"consprog":2.8773327837E8,"engimate":0.0,"fixedasseclea":null,"prodasse":0.0,"comasse":null,"hydrasset":0.0,"intaasset":7.213977492E7,"deveexpe":0.0,"goodwill":0.0,"logprepexpe":1115850.96,"tradshartrad":null,"defetaxasset":2.564696998E7,"othernoncasse":0.0,"noncasseitse":null,"noncasseform":null,"totalnoncassets":1.1748045973E9,"totassetitse":null,"totalasseform":null,"totasset":2.87138703514E9,"shorttermborr":4.3076061743E8,"tradfinliab":0.0,"notespaya":4.19378341E7,"accopaya":1.5636434634E8,"advapaym":2.135660082E7,"copeworkersal":1.465608974E7,"taxespaya":-4.377074301E7,"intepaya":0.0,"divipaya":0.0,"otherfeepaya":null,"margrequ":null,"intelpay":null,"otherpay":1.2594787248E8,"accrexpe":null,"expecurrliab":0.0,"copewithreinrece":0.0,"inteticksett":null,"dometicksett":null,"defereve":null,"shorttermbdspaya":null,"duenoncliab":0.0,"othercurreliabi":0.0,"currliabitse":null,"currliabform":null,"totalcurrliab":7.472526179E8,"longborr":0.0,"bdspaya":0.0,"longpaya":0.0,"specpaya":0.0,"expenoncliab":null,"longdefeinco":null,"defeincotaxliab":0.0,"othernoncliabi":1.300475E7,"longliabitse":null,"longliabform":null,"totalnoncliab":1.300475E7,"totliabitse":null,"totliabform":null,"totliab":7.602573679E8,"paidincapi":2.08E8,"capisurp":1.55652168246E9,"treastk":null,"specrese":null,"rese":1.534208904E7,"generiskrese":null,"unreinveloss":null,"undiprof":3.2799068985E8,"topaycashdivi":null,"curtrandiff":null,"sharrighitse":null,"sharrightform":null,"paresharrigh":2.10785446135E9,"minysharrigh":3275205.89,"righaggritse":null,"rightaggrform":null,"righaggr":2.11112966724E9,"rightotitse":null,"rightotform":null,"totliabsharequi":2.87138703514E9,"settresedepo":null,"plac":null,"derifinaasset":null,"reinrece":null,"reincontrese":null,"purcresaasset":null,"cenbankborr":0.0,"deposit":0.0,"fdsborr":0.0,"deriliab":null,"sellrepasse":0.0,"copepoun":0.0,"insucontrese":0.0,"actitradsecu":0.0,"actiundesecu":0.0},{"compcode":"80155110","publishdate":"20120418","reportdate":"20120331","reporttype":"100111","adjustdate":"20120418","accstacode":"2","accstaname":"新会计准则","curfds":8.3933518003E8,"tradfinasset":null,"notesrece":4.191158783E7,"accorece":1.9332805299E8,"prep":2.1363010002E8,"premrece":null,"interece":null,"dividrece":null,"otherrece":1.534284417E7,"expotaxrebarece":null,"subsrece":null,"margrece":null,"intelrece":null,"inve":4.8295584475E8,"prepexpe":null,"unseg":null,"expinoncurrasset":null,"othercurrasse":null,"currassetitse":null,"currasseform":null,"totcurrasset":1.78650360979E9,"lendandloan":null,"avaisellasse":null,"holdinvedue":null,"longrece":null,"equiinve":null,"otherlonginve":null,"inveprop":null,"fixedasseimmo":null,"accudepr":null,"fixedassenetw":null,"fixedasseimpa":null,"fixedassenet":7.8795034424E8,"consprog":1.140695777E8,"engimate":null,"fixedasseclea":138652.15,"prodasse":null,"comasse":null,"hydrasset":null,"intaasset":6.984698171E7,"deveexpe":null,"goodwill":null,"logprepexpe":1205853.15,"tradshartrad":null,"defetaxasset":2.571364415E7,"othernoncasse":null,"noncasseitse":null,"noncasseform":null,"totalnoncassets":9.989250531E8,"totassetitse":null,"totalasseform":null,"totasset":2.78542866289E9,"shorttermborr":4.4957898499E8,"tradfinliab":null,"notespaya":8365126.0,"accopaya":9.767727047E7,"advapaym":2.092329697E7,"copeworkersal":1.273508998E7,"taxespaya":-3.918466579E7,"intepaya":null,"divipaya":null,"otherfeepaya":null,"margrequ":null,"intelpay":null,"otherpay":1.1649295731E8,"accrexpe":null,"expecurrliab":null,"copewithreinrece":null,"inteticksett":null,"dometicksett":null,"defereve":null,"shorttermbdspaya":null,"duenoncliab":2536243.81,"othercurreliabi":null,"currliabitse":null,"currliabform":null,"totalcurrliab":6.6912430374E8,"longborr":null,"bdspaya":null,"longpaya":null,"specpaya":null,"expenoncliab":null,"longdefeinco":null,"defeincotaxliab":null,"othernoncliabi":1.3035125E7,"longliabitse":null,"longliabform":null,"totalnoncliab":1.3035125E7,"totliabitse":null,"totliabform":null,"totliab":6.8215942874E8,"paidincapi":1.6E8,"capisurp":1.60452168246E9,"treastk":null,"specrese":null,"rese":1.534208904E7,"generiskrese":null,"unreinveloss":null,"undiprof":3.2005828045E8,"topaycashdivi":null,"curtrandiff":null,"sharrighitse":null,"sharrightform":null,"paresharrigh":2.09992205195E9,"minysharrigh":3347182.2,"righaggritse":null,"rightaggrform":null,"righaggr":2.10326923415E9,"rightotitse":null,"rightotform":null,"totliabsharequi":2.78542866289E9,"settresedepo":null,"plac":null,"derifinaasset":null,"reinrece":null,"reincontrese":null,"purcresaasset":null,"cenbankborr":null,"deposit":null,"fdsborr":null,"deriliab":null,"sellrepasse":null,"copepoun":null,"insucontrese":null,"actitradsecu":null,"actiundesecu":null},{"compcode":"80155110","publishdate":"20120416","reportdate":"20111231","reporttype":"100111","adjustdate":"20120416","accstacode":"2","accstaname":"新会计准则","curfds":9.5325156126E8,"tradfinasset":null,"notesrece":4.957E7,"accorece":2.0343466388E8,"prep":1.048662006E8,"premrece":null,"interece":null,"dividrece":null,"otherrece":6505322.69,"expotaxrebarece":null,"subsrece":null,"margrece":null,"intelrece":null,"inve":5.0911397453E8,"prepexpe":null,"unseg":null,"expinoncurrasset":null,"othercurrasse":null,"currassetitse":null,"currasseform":null,"totcurrasset":1.82674172296E9,"lendandloan":null,"avaisellasse":null,"holdinvedue":null,"longrece":null,"equiinve":null,"otherlonginve":null,"inveprop":null,"fixedasseimmo":1.0367722572E9,"accudepr":2.4969989751E8,"fixedassenetw":7.8707235969E8,"fixedasseimpa":null,"fixedassenet":7.8707235969E8,"consprog":1.1002267048E8,"engimate":null,"fixedasseclea":null,"prodasse":null,"comasse":null,"hydrasset":null,"intaasset":7.030491087E7,"deveexpe":null,"goodwill":null,"logprepexpe":1295855.34,"tradshartrad":null,"defetaxasset":2.554859306E7,"othernoncasse":null,"noncasseitse":null,"noncasseform":null,"totalnoncassets":9.9424438944E8,"totassetitse":null,"totalasseform":null,"totasset":2.8209861124E9,"shorttermborr":4.0079886198E8,"tradfinliab":null,"notespaya":1.039341188E7,"accopaya":2.0977752633E8,"advapaym":2.666648321E7,"copeworkersal":1.398423046E7,"taxespaya":-3.221721176E7,"intepaya":null,"divipaya":null,"otherfeepaya":null,"margrequ":null,"intelpay":null,"otherpay":9.738818356E7,"accrexpe":null,"expecurrliab":null,"copewithreinrece":null,"inteticksett":null,"dometicksett":null,"defereve":null,"shorttermbdspaya":null,"duenoncliab":3611910.65,"othercurreliabi":null,"currliabitse":null,"currliabform":null,"totalcurrliab":7.3040339631E8,"longborr":null,"bdspaya":null,"longpaya":null,"specpaya":null,"expenoncliab":null,"longdefeinco":null,"defeincotaxliab":null,"othernoncliabi":1.30655E7,"longliabitse":null,"longliabform":null,"totalnoncliab":1.30655E7,"totliabitse":null,"totliabform":null,"totliab":7.4346889631E8,"paidincapi":1.6E8,"capisurp":1.60452168246E9,"treastk":null,"specrese":null,"rese":1.534208904E7,"generiskrese":null,"unreinveloss":null,"undiprof":2.9426096558E8,"topaycashdivi":null,"curtrandiff":null,"sharrighitse":null,"sharrightform":null,"paresharrigh":2.07412473708E9,"minysharrigh":3392479.01,"righaggritse":null,"rightaggrform":null,"righaggr":2.07751721609E9,"rightotitse":null,"rightotform":null,"totliabsharequi":2.8209861124E9,"settresedepo":null,"plac":null,"derifinaasset":null,"reinrece":null,"reincontrese":null,"purcresaasset":null,"cenbankborr":null,"deposit":null,"fdsborr":null,"deriliab":null,"sellrepasse":null,"copepoun":null,"insucontrese":null,"actitradsecu":null,"actiundesecu":null},{"compcode":"80155110","publishdate":"20111026","reportdate":"20110930","reporttype":"100111","adjustdate":"20111026","accstacode":"2","accstaname":"新会计准则","curfds":9.8557772955E8,"tradfinasset":null,"notesrece":5.854670268E7,"accorece":2.0112935688E8,"prep":1.5992689046E8,"premrece":null,"interece":null,"dividrece":null,"otherrece":4.830429756E7,"expotaxrebarece":null,"subsrece":null,"margrece":null,"intelrece":null,"inve":5.3513418899E8,"prepexpe":null,"unseg":null,"expinoncurrasset":null,"othercurrasse":null,"currassetitse":null,"currasseform":null,"totcurrasset":1.98861916612E9,"lendandloan":null,"avaisellasse":null,"holdinvedue":null,"longrece":null,"equiinve":null,"otherlonginve":null,"inveprop":null,"fixedasseimmo":null,"accudepr":null,"fixedassenetw":null,"fixedasseimpa":null,"fixedassenet":7.0186766578E8,"consprog":9.775380627E7,"engimate":null,"fixedasseclea":null,"prodasse":null,"comasse":null,"hydrasset":null,"intaasset":6.942187547E7,"deveexpe":null,"goodwill":null,"logprepexpe":1432060.91,"tradshartrad":null,"defetaxasset":2.11065597E7,"othernoncasse":null,"noncasseitse":null,"noncasseform":null,"totalnoncassets":8.9158196813E8,"totassetitse":null,"totalasseform":null,"totasset":2.88020113425E9,"shorttermborr":4.5009916028E8,"tradfinliab":null,"notespaya":2.991389E7,"accopaya":2.0357128724E8,"advapaym":3.531326086E7,"copeworkersal":1.539759528E7,"taxespaya":-2.586404434E7,"intepaya":332981.36,"divipaya":null,"otherfeepaya":null,"margrequ":null,"intelpay":null,"otherpay":1.0257873007E8,"accrexpe":null,"expecurrliab":null,"copewithreinrece":null,"inteticksett":null,"dometicksett":null,"defereve":null,"shorttermbdspaya":null,"duenoncliab":1493401.5,"othercurreliabi":null,"currliabitse":null,"currliabform":null,"totalcurrliab":8.1283626225E8,"longborr":4716262.79,"bdspaya":null,"longpaya":null,"specpaya":null,"expenoncliab":null,"longdefeinco":null,"defeincotaxliab":null,"othernoncliabi":2095875.0,"longliabitse":null,"longliabform":null,"totalnoncliab":6812137.79,"totliabitse":null,"totliabform":null,"totliab":8.1964840004E8,"paidincapi":1.6E8,"capisurp":1.60452168246E9,"treastk":null,"specrese":null,"rese":1.445831087E7,"generiskrese":null,"unreinveloss":null,"undiprof":2.7817785503E8,"topaycashdivi":null,"curtrandiff":null,"sharrighitse":null,"sharrightform":null,"paresharrigh":2.05715784836E9,"minysharrigh":3394885.85,"righaggritse":null,"rightaggrform":null,"righaggr":2.06055273421E9,"rightotitse":null,"rightotform":null,"totliabsharequi":2.88020113425E9,"settresedepo":null,"plac":null,"derifinaasset":null,"reinrece":null,"reincontrese":null,"purcresaasset":null,"cenbankborr":null,"deposit":null,"fdsborr":null,"deriliab":null,"sellrepasse":null,"copepoun":null,"insucontrese":null,"actitradsecu":null,"actiundesecu":null},{"compcode":"80155110","publishdate":"20110815","reportdate":"20110630","reporttype":"100111","adjustdate":"20110815","accstacode":"2","accstaname":"新会计准则","curfds":1.19076124723E9,"tradfinasset":null,"notesrece":7250000.0,"accorece":1.6405588977E8,"prep":1.9784469799E8,"premrece":null,"interece":null,"dividrece":null,"otherrece":2.009534988E7,"expotaxrebarece":null,"subsrece":null,"margrece":null,"intelrece":null,"inve":5.2712568264E8,"prepexpe":null,"unseg":null,"expinoncurrasset":null,"othercurrasse":null,"currassetitse":null,"currasseform":null,"totcurrasset":2.10713286751E9,"lendandloan":null,"avaisellasse":null,"holdinvedue":null,"longrece":null,"equiinve":null,"otherlonginve":null,"inveprop":null,"fixedasseimmo":9.2284430914E8,"accudepr":2.2145112802E8,"fixedassenetw":7.0139318112E8,"fixedasseimpa":null,"fixedassenet":7.0139318112E8,"consprog":2.479471769E7,"engimate":null,"fixedasseclea":null,"prodasse":null,"comasse":null,"hydrasset":null,"intaasset":6.978862312E7,"deveexpe":null,"goodwill":null,"logprepexpe":1531303.76,"tradshartrad":null,"defetaxasset":2.048214234E7,"othernoncasse":null,"noncasseitse":null,"noncasseform":null,"totalnoncassets":8.1798996803E8,"totassetitse":null,"totalasseform":null,"totasset":2.92512283554E9,"shorttermborr":5.3371297522E8,"tradfinliab":null,"notespaya":3.465939336E7,"accopaya":1.8494158143E8,"advapaym":2.688202419E7,"copeworkersal":1.255884682E7,"taxespaya":-1.845102007E7,"intepaya":583986.59,"divipaya":null,"otherfeepaya":null,"margrequ":null,"intelpay":null,"otherpay":9.450246835E7,"accrexpe":null,"expecurrliab":null,"copewithreinrece":null,"inteticksett":null,"dometicksett":null,"defereve":null,"shorttermbdspaya":null,"duenoncliab":3041652.0,"othercurreliabi":null,"currliabitse":null,"currliabform":null,"totalcurrliab":8.7243190789E8,"longborr":5886465.37,"bdspaya":null,"longpaya":null,"specpaya":null,"expenoncliab":null,"longdefeinco":null,"defeincotaxliab":null,"othernoncliabi":2126250.0,"longliabitse":null,"longliabform":null,"totalnoncliab":8012715.37,"totliabitse":null,"totliabform":null,"totliab":8.8044462326E8,"paidincapi":1.6E8,"capisurp":1.60452168246E9,"treastk":null,"specrese":null,"rese":1.445831087E7,"generiskrese":null,"unreinveloss":null,"undiprof":2.6236544174E8,"topaycashdivi":null,"curtrandiff":null,"sharrighitse":null,"sharrightform":null,"paresharrigh":2.04134543507E9,"minysharrigh":3332777.21,"righaggritse":null,"rightaggrform":null,"righaggr":2.04467821228E9,"rightotitse":null,"rightotform":null,"totliabsharequi":2.92512283554E9,"settresedepo":null,"plac":null,"derifinaasset":null,"reinrece":null,"reincontrese":null,"purcresaasset":null,"cenbankborr":null,"deposit":null,"fdsborr":null,"deriliab":null,"sellrepasse":null,"copepoun":null,"insucontrese":null,"actitradsecu":null,"actiundesecu":null},{"compcode":"80155110","publishdate":"20110426","reportdate":"20110331","reporttype":"100111","adjustdate":"20110426","accstacode":"2","accstaname":"新会计准则","curfds":1.45627725664E9,"tradfinasset":null,"notesrece":8830000.0,"accorece":2.0824184276E8,"prep":8.14724256E7,"premrece":null,"interece":null,"dividrece":null,"otherrece":2.474650297E7,"expotaxrebarece":null,"subsrece":null,"margrece":null,"intelrece":null,"inve":4.2614607961E8,"prepexpe":null,"unseg":null,"expinoncurrasset":null,"othercurrasse":null,"currassetitse":null,"currasseform":null,"totcurrasset":2.20571410758E9,"lendandloan":null,"avaisellasse":null,"holdinvedue":null,"longrece":null,"equiinve":null,"otherlonginve":null,"inveprop":null,"fixedasseimmo":null,"accudepr":null,"fixedassenetw":null,"fixedasseimpa":null,"fixedassenet":7.0676543466E8,"consprog":1.585814545E7,"engimate":null,"fixedasseclea":null,"prodasse":null,"comasse":null,"hydrasset":null,"intaasset":7.020063299E7,"deveexpe":null,"goodwill":null,"logprepexpe":1630546.61,"tradshartrad":null,"defetaxasset":2.231385634E7,"othernoncasse":null,"noncasseitse":null,"noncasseform":null,"totalnoncassets":8.1676861605E8,"totassetitse":null,"totalasseform":null,"totasset":3.02248272363E9,"shorttermborr":6.2249652786E8,"tradfinliab":null,"notespaya":6.927898925E7,"accopaya":1.4605083737E8,"advapaym":5.036790229E7,"copeworkersal":1.207818589E7,"taxespaya":-2.182731769E7,"intepaya":438275.02,"divipaya":null,"otherfeepaya":null,"margrequ":null,"intelpay":null,"otherpay":8.006655616E7,"accrexpe":null,"expecurrliab":null,"copewithreinrece":null,"inteticksett":null,"dometicksett":null,"defereve":null,"shorttermbdspaya":null,"duenoncliab":6179301.5,"othercurreliabi":null,"currliabitse":null,"currliabform":null,"totalcurrliab":9.6512925765E8,"longborr":3.327082414E7,"bdspaya":null,"longpaya":null,"specpaya":null,"expenoncliab":null,"longdefeinco":null,"defeincotaxliab":null,"othernoncliabi":2156625.0,"longliabitse":null,"longliabform":null,"totalnoncliab":3.542744914E7,"totliabitse":null,"totliabform":null,"totliab":1.00055670679E9,"paidincapi":1.6E8,"capisurp":1.60452168246E9,"treastk":null,"specrese":null,"rese":1.445831087E7,"generiskrese":null,"unreinveloss":null,"undiprof":2.3967468486E8,"topaycashdivi":null,"curtrandiff":null,"sharrighitse":null,"sharrightform":null,"paresharrigh":2.01865467819E9,"minysharrigh":3271338.65,"righaggritse":null,"rightaggrform":null,"righaggr":2.02192601684E9,"rightotitse":null,"rightotform":null,"totliabsharequi":3.02248272363E9,"settresedepo":null,"plac":null,"derifinaasset":null,"reinrece":null,"reincontrese":null,"purcresaasset":null,"cenbankborr":null,"deposit":null,"fdsborr":null,"deriliab":null,"sellrepasse":null,"copepoun":null,"insucontrese":null,"actitradsecu":null,"actiundesecu":null},{"compcode":"80155110","publishdate":"20110426","reportdate":"20101231","reporttype":"100111","adjustdate":"20110426","accstacode":"2","accstaname":"新会计准则","curfds":1.71526139853E9,"tradfinasset":null,"notesrece":1000000.0,"accorece":2.3550610908E8,"prep":4.516413789E7,"premrece":null,"interece":null,"dividrece":null,"otherrece":1.823895304E7,"expotaxrebarece":null,"subsrece":null,"margrece":null,"intelrece":null,"inve":4.1192967227E8,"prepexpe":null,"unseg":null,"expinoncurrasset":null,"othercurrasse":null,"currassetitse":null,"currasseform":null,"totcurrasset":2.42710027081E9,"lendandloan":null,"avaisellasse":null,"holdinvedue":null,"longrece":null,"equiinve":null,"otherlonginve":null,"inveprop":null,"fixedasseimmo":8.9698670798E8,"accudepr":1.9219027382E8,"fixedassenetw":7.0479643416E8,"fixedasseimpa":null,"fixedassenet":7.0479643416E8,"consprog":1.573567E7,"engimate":null,"fixedasseclea":null,"prodasse":null,"comasse":null,"hydrasset":null,"intaasset":6.985902836E7,"deveexpe":null,"goodwill":null,"logprepexpe":1729789.46,"tradshartrad":null,"defetaxasset":2.144691167E7,"othernoncasse":null,"noncasseitse":null,"noncasseform":null,"totalnoncassets":8.1356783365E8,"totassetitse":null,"totalasseform":null,"totasset":3.24066810446E9,"shorttermborr":7.6106488401E8,"tradfinliab":null,"notespaya":1.018372585E8,"accopaya":1.9099749128E8,"advapaym":2.472366051E7,"copeworkersal":1.619033184E7,"taxespaya":5849526.18,"intepaya":null,"divipaya":null,"otherfeepaya":null,"margrequ":null,"intelpay":null,"otherpay":9.855652944E7,"accrexpe":null,"expecurrliab":null,"copewithreinrece":null,"inteticksett":null,"dometicksett":null,"defereve":null,"shorttermbdspaya":null,"duenoncliab":6225338.0,"othercurreliabi":null,"currliabitse":null,"currliabform":null,"totalcurrliab":1.20544501976E9,"longborr":3.621462694E7,"bdspaya":null,"longpaya":null,"specpaya":null,"expenoncliab":null,"longdefeinco":null,"defeincotaxliab":null,"othernoncliabi":2187000.0,"longliabitse":null,"longliabform":null,"totalnoncliab":3.840162694E7,"totliabitse":null,"totliabform":null,"totliab":1.2438466467E9,"paidincapi":1.6E8,"capisurp":1.60452168246E9,"treastk":null,"specrese":null,"rese":1.445831087E7,"generiskrese":null,"unreinveloss":null,"undiprof":2.1460669011E8,"topaycashdivi":null,"curtrandiff":null,"sharrighitse":null,"sharrightform":null,"paresharrigh":1.99358668344E9,"minysharrigh":3234774.32,"righaggritse":null,"rightaggrform":null,"righaggr":1.99682145776E9,"rightotitse":null,"rightotform":null,"totliabsharequi":3.24066810446E9,"settresedepo":null,"plac":null,"derifinaasset":null,"reinrece":null,"reincontrese":null,"purcresaasset":null,"cenbankborr":null,"deposit":null,"fdsborr":null,"deriliab":null,"sellrepasse":null,"copepoun":null,"insucontrese":null,"actitradsecu":null,"actiundesecu":null},{"compcode":"80155110","publishdate":"20101124","reportdate":"20100930","reporttype":"100111","adjustdate":"19000101","accstacode":"2","accstaname":"新会计准则","curfds":3.303717795E8,"tradfinasset":0.0,"notesrece":1.40032834E7,"accorece":2.9058884092E8,"prep":9.345171494E7,"premrece":0.0,"interece":0.0,"dividrece":0.0,"otherrece":2.005976852E7,"expotaxrebarece":0.0,"subsrece":0.0,"margrece":0.0,"intelrece":0.0,"inve":2.9790367693E8,"prepexpe":0.0,"unseg":0.0,"expinoncurrasset":0.0,"othercurrasse":276115.07,"currassetitse":0.0,"currasseform":0.0,"totcurrasset":1.04665517928E9,"lendandloan":0.0,"avaisellasse":0.0,"holdinvedue":0.0,"longrece":0.0,"equiinve":0.0,"otherlonginve":0.0,"inveprop":0.0,"fixedasseimmo":0.0,"accudepr":0.0,"fixedassenetw":0.0,"fixedasseimpa":0.0,"fixedassenet":5.8974760183E8,"consprog":1.1968757249E8,"engimate":1903214.35,"fixedasseclea":1044.64,"prodasse":0.0,"comasse":0.0,"hydrasset":0.0,"intaasset":7.038336659E7,"deveexpe":0.0,"goodwill":0.0,"logprepexpe":1823814.8,"tradshartrad":0.0,"defetaxasset":1.701164066E7,"othernoncasse":0.0,"noncasseitse":0.0,"noncasseform":0.0,"totalnoncassets":8.0055825536E8,"totassetitse":0.0,"totalasseform":0.0,"totasset":1.84721343464E9,"shorttermborr":6.9864408751E8,"tradfinliab":0.0,"notespaya":7.757018802E7,"accopaya":1.8579808046E8,"advapaym":4.452780629E7,"copeworkersal":1.386390324E7,"taxespaya":4470394.9,"intepaya":817183.71,"divipaya":0.0,"otherfeepaya":0.0,"margrequ":0.0,"intelpay":0.0,"otherpay":8.959787365E7,"accrexpe":0.0,"expecurrliab":0.0,"copewithreinrece":0.0,"inteticksett":0.0,"dometicksett":0.0,"defereve":0.0,"shorttermbdspaya":0.0,"duenoncliab":1.615862773E7,"othercurreliabi":0.0,"currliabitse":0.0,"currliabform":0.0,"totalcurrliab":1.13144814551E9,"longborr":8.167452734E7,"bdspaya":0.0,"longpaya":1600000.0,"specpaya":0.0,"expenoncliab":0.0,"longdefeinco":0.0,"defeincotaxliab":0.0,"othernoncliabi":2217375.0,"longliabitse":0.0,"longliabform":0.0,"totalnoncliab":8.549190234E7,"totliabitse":0.0,"totliabform":0.0,"totliab":1.21694004785E9,"paidincapi":1.2E8,"capisurp":2.8547423034E8,"treastk":0.0,"specrese":0.0,"rese":1.455063913E7,"generiskrese":0.0,"unreinveloss":0.0,"undiprof":2.0696158953E8,"topaycashdivi":0.0,"curtrandiff":0.0,"sharrighitse":0.0,"sharrightform":0.0,"paresharrigh":6.26986459E8,"minysharrigh":3286927.79,"righaggritse":0.0,"rightaggrform":0.0,"righaggr":6.3027338679E8,"rightotitse":0.0,"rightotform":0.0,"totliabsharequi":1.84721343464E9,"settresedepo":0.0,"plac":0.0,"derifinaasset":0.0,"reinrece":0.0,"reincontrese":0.0,"purcresaasset":0.0,"cenbankborr":0.0,"deposit":0.0,"fdsborr":0.0,"deriliab":0.0,"sellrepasse":0.0,"copepoun":0.0,"insucontrese":0.0,"actitradsecu":0.0,"actiundesecu":0.0},{"compcode":"80155110","publishdate":"20101105","reportdate":"20100630","reporttype":"100111","adjustdate":"19000101","accstacode":"2","accstaname":"新会计准则","curfds":4.6260016031E8,"tradfinasset":0.0,"notesrece":1.41532834E7,"accorece":2.0131979137E8,"prep":5.265165113E7,"premrece":0.0,"interece":0.0,"dividrece":0.0,"otherrece":1.492871717E7,"expotaxrebarece":0.0,"subsrece":0.0,"margrece":0.0,"intelrece":0.0,"inve":2.6516907933E8,"prepexpe":0.0,"unseg":0.0,"expinoncurrasset":0.0,"othercurrasse":0.0,"currassetitse":null,"currasseform":null,"totcurrasset":1.01082268271E9,"lendandloan":0.0,"avaisellasse":0.0,"holdinvedue":0.0,"longrece":0.0,"equiinve":0.0,"otherlonginve":0.0,"inveprop":0.0,"fixedasseimmo":7.6409685723E8,"accudepr":1.6841691173E8,"fixedassenetw":5.956799455E8,"fixedasseimpa":0.0,"fixedassenet":5.956799455E8,"consprog":4.379764799E7,"engimate":0.0,"fixedasseclea":0.0,"prodasse":0.0,"comasse":0.0,"hydrasset":0.0,"intaasset":6.953489417E7,"deveexpe":0.0,"goodwill":0.0,"logprepexpe":1713077.35,"tradshartrad":0.0,"defetaxasset":1.749707018E7,"othernoncasse":0.0,"noncasseitse":null,"noncasseform":null,"totalnoncassets":7.2822263519E8,"totassetitse":null,"totalasseform":null,"totasset":1.7390453179E9,"shorttermborr":6.6365316766E8,"tradfinliab":0.0,"notespaya":9.317501263E7,"accopaya":1.2896066978E8,"advapaym":5.198613551E7,"copeworkersal":1.183567725E7,"taxespaya":1.466626134E7,"intepaya":0.0,"divipaya":0.0,"otherfeepaya":0.0,"margrequ":0.0,"intelpay":0.0,"otherpay":7.819011522E7,"accrexpe":0.0,"expecurrliab":0.0,"copewithreinrece":0.0,"inteticksett":0.0,"dometicksett":0.0,"defereve":0.0,"shorttermbdspaya":0.0,"duenoncliab":0.0,"othercurreliabi":0.0,"currliabitse":null,"currliabform":null,"totalcurrliab":1.04246703939E9,"longborr":8.509274631E7,"bdspaya":0.0,"longpaya":1600000.0,"specpaya":0.0,"expenoncliab":0.0,"longdefeinco":0.0,"defeincotaxliab":0.0,"othernoncliabi":2247750.0,"longliabitse":null,"longliabform":null,"totalnoncliab":8.894049631E7,"totliabitse":null,"totliabform":null,"totliab":1.1314075357E9,"paidincapi":1.2E8,"capisurp":1.9280168246E8,"treastk":0.0,"specrese":0.0,"rese":8119717.06,"generiskrese":0.0,"unreinveloss":0.0,"undiprof":1.8430043147E8,"topaycashdivi":0.0,"curtrandiff":0.0,"sharrighitse":null,"sharrightform":null,"paresharrigh":5.0522183099E8,"minysharrigh":1.0241595121E8,"righaggritse":null,"rightaggrform":null,"righaggr":6.076377822E8,"rightotitse":null,"rightotform":null,"totliabsharequi":1.7390453179E9,"settresedepo":0.0,"plac":0.0,"derifinaasset":0.0,"reinrece":0.0,"reincontrese":0.0,"purcresaasset":0.0,"cenbankborr":0.0,"deposit":0.0,"fdsborr":0.0,"deriliab":0.0,"sellrepasse":0.0,"copepoun":0.0,"insucontrese":0.0,"actitradsecu":0.0,"actiundesecu":0.0},{"compcode":"80155110","publishdate":"20101105","reportdate":"20091231","reporttype":"100111","adjustdate":"19000101","accstacode":"2","accstaname":"新会计准则","curfds":2.4784322816E8,"tradfinasset":0.0,"notesrece":0.0,"accorece":2.2124304059E8,"prep":1.778609842E7,"premrece":0.0,"interece":0.0,"dividrece":0.0,"otherrece":8965178.16,"expotaxrebarece":0.0,"subsrece":0.0,"margrece":0.0,"intelrece":0.0,"inve":2.6673272555E8,"prepexpe":0.0,"unseg":0.0,"expinoncurrasset":0.0,"othercurrasse":0.0,"currassetitse":null,"currasseform":null,"totcurrasset":7.6257027088E8,"lendandloan":0.0,"avaisellasse":0.0,"holdinvedue":0.0,"longrece":0.0,"equiinve":0.0,"otherlonginve":0.0,"inveprop":0.0,"fixedasseimmo":7.5999450663E8,"accudepr":1.4615352989E8,"fixedassenetw":6.1384097674E8,"fixedasseimpa":0.0,"fixedassenet":6.1384097674E8,"consprog":1.842826326E7,"engimate":0.0,"fixedasseclea":0.0,"prodasse":0.0,"comasse":0.0,"hydrasset":0.0,"intaasset":7.034065122E7,"deveexpe":0.0,"goodwill":0.0,"logprepexpe":110888.0,"tradshartrad":0.0,"defetaxasset":1.411379566E7,"othernoncasse":0.0,"noncasseitse":null,"noncasseform":null,"totalnoncassets":7.1683457488E8,"totassetitse":null,"totalasseform":null,"totasset":1.47940484576E9,"shorttermborr":4.8988474329E8,"tradfinliab":0.0,"notespaya":7.444136391E7,"accopaya":1.3311257171E8,"advapaym":6.09428771E7,"copeworkersal":1.482797316E7,"taxespaya":1.079315904E7,"intepaya":0.0,"divipaya":0.0,"otherfeepaya":0.0,"margrequ":0.0,"intelpay":0.0,"otherpay":9.913545415E7,"accrexpe":0.0,"expecurrliab":0.0,"copewithreinrece":0.0,"inteticksett":0.0,"dometicksett":0.0,"defereve":0.0,"shorttermbdspaya":0.0,"duenoncliab":9185705.26,"othercurreliabi":0.0,"currliabitse":null,"currliabform":null,"totalcurrliab":8.9232384762E8,"longborr":5.739601089E7,"bdspaya":0.0,"longpaya":2400000.0,"specpaya":0.0,"expenoncliab":0.0,"longdefeinco":0.0,"defeincotaxliab":0.0,"othernoncliabi":2308500.0,"longliabitse":null,"longliabform":null,"totalnoncliab":6.210451089E7,"totliabitse":null,"totliabform":null,"totliab":9.5442835851E8,"paidincapi":1.2E8,"capisurp":1.9280168246E8,"treastk":0.0,"specrese":0.0,"rese":8119717.06,"generiskrese":0.0,"unreinveloss":0.0,"undiprof":1.1206586289E8,"topaycashdivi":0.0,"curtrandiff":0.0,"sharrighitse":null,"sharrightform":null,"paresharrigh":4.3298726241E8,"minysharrigh":9.198922484E7,"righaggritse":null,"rightaggrform":null,"righaggr":5.2497648725E8,"rightotitse":null,"rightotform":null,"totliabsharequi":1.47940484576E9,"settresedepo":0.0,"plac":0.0,"derifinaasset":0.0,"reinrece":0.0,"reincontrese":0.0,"purcresaasset":0.0,"cenbankborr":0.0,"deposit":0.0,"fdsborr":0.0,"deriliab":0.0,"sellrepasse":0.0,"copepoun":0.0,"insucontrese":0.0,"actitradsecu":0.0,"actiundesecu":0.0},{"compcode":"80155110","publishdate":"20101105","reportdate":"20081231","reporttype":"100111","adjustdate":"19000101","accstacode":"2","accstaname":"新会计准则","curfds":1.6219038505E8,"tradfinasset":1080000.0,"notesrece":200110.88,"accorece":2.6655547453E8,"prep":4.187931433E7,"premrece":null,"interece":0.0,"dividrece":0.0,"otherrece":1.872856176E7,"expotaxrebarece":null,"subsrece":null,"margrece":null,"intelrece":null,"inve":2.7947655946E8,"prepexpe":null,"unseg":null,"expinoncurrasset":0.0,"othercurrasse":0.0,"currassetitse":null,"currasseform":null,"totcurrasset":7.7011040601E8,"lendandloan":null,"avaisellasse":null,"holdinvedue":null,"longrece":0.0,"equiinve":0.0,"otherlonginve":null,"inveprop":null,"fixedasseimmo":null,"accudepr":null,"fixedassenetw":null,"fixedasseimpa":null,"fixedassenet":5.432288445E8,"consprog":5.957198155E7,"engimate":0.0,"fixedasseclea":0.0,"prodasse":null,"comasse":null,"hydrasset":null,"intaasset":5.956028462E7,"deveexpe":null,"goodwill":0.0,"logprepexpe":0.0,"tradshartrad":null,"defetaxasset":1.676377391E7,"othernoncasse":0.0,"noncasseitse":null,"noncasseform":null,"totalnoncassets":6.7912488458E8,"totassetitse":null,"totalasseform":null,"totasset":1.44923529059E9,"shorttermborr":4.21E8,"tradfinliab":null,"notespaya":1.8123332845E8,"accopaya":1.9436232419E8,"advapaym":1.587903213E7,"copeworkersal":1.278997667E7,"taxespaya":1.379648949E7,"intepaya":0.0,"divipaya":0.0,"otherfeepaya":null,"margrequ":null,"intelpay":null,"otherpay":5.242583775E7,"accrexpe":null,"expecurrliab":null,"copewithreinrece":null,"inteticksett":null,"dometicksett":null,"defereve":null,"shorttermbdspaya":null,"duenoncliab":5.117070496E7,"othercurreliabi":0.0,"currliabitse":null,"currliabform":null,"totalcurrliab":9.4265769364E8,"longborr":8.331450077E7,"bdspaya":0.0,"longpaya":2400000.0,"specpaya":null,"expenoncliab":null,"longdefeinco":null,"defeincotaxliab":0.0,"othernoncliabi":2430000.0,"longliabitse":null,"longliabform":null,"totalnoncliab":8.814450077E7,"totliabitse":null,"totliabform":null,"totliab":1.03080219441E9,"paidincapi":1.2E8,"capisurp":1.9491058246E8,"treastk":0.0,"specrese":null,"rese":3119061.46,"generiskrese":null,"unreinveloss":null,"undiprof":2.642508333E7,"topaycashdivi":null,"curtrandiff":0.0,"sharrighitse":null,"sharrightform":null,"paresharrigh":3.4445472725E8,"minysharrigh":7.397836893E7,"righaggritse":null,"rightaggrform":null,"righaggr":4.1843309618E8,"rightotitse":null,"rightotform":null,"totliabsharequi":1.44923529059E9,"settresedepo":null,"plac":null,"derifinaasset":null,"reinrece":null,"reincontrese":null,"purcresaasset":null,"cenbankborr":null,"deposit":null,"fdsborr":null,"deriliab":null,"sellrepasse":null,"copepoun":null,"insucontrese":null,"actitradsecu":null,"actiundesecu":null},{"compcode":"80155110","publishdate":"20101105","reportdate":"20071231","reporttype":"100111","adjustdate":"19000101","accstacode":"2","accstaname":"新会计准则","curfds":1.04385056E8,"tradfinasset":907124.64,"notesrece":1200000.0,"accorece":1.662290051E8,"prep":3.495025646E7,"premrece":null,"interece":0.0,"dividrece":0.0,"otherrece":3.996018392E7,"expotaxrebarece":null,"subsrece":null,"margrece":null,"intelrece":null,"inve":2.2451062318E8,"prepexpe":null,"unseg":null,"expinoncurrasset":0.0,"othercurrasse":0.0,"currassetitse":null,"currasseform":null,"totcurrasset":5.721422493E8,"lendandloan":null,"avaisellasse":null,"holdinvedue":null,"longrece":0.0,"equiinve":0.0,"otherlonginve":null,"inveprop":null,"fixedasseimmo":null,"accudepr":null,"fixedassenetw":null,"fixedasseimpa":null,"fixedassenet":4.6355166274E8,"consprog":4.753778063E7,"engimate":0.0,"fixedasseclea":0.0,"prodasse":null,"comasse":null,"hydrasset":null,"intaasset":5.22107983E7,"deveexpe":null,"goodwill":0.0,"logprepexpe":0.0,"tradshartrad":null,"defetaxasset":1.042665181E7,"othernoncasse":0.0,"noncasseitse":null,"noncasseform":null,"totalnoncassets":5.7372689348E8,"totassetitse":null,"totalasseform":null,"totasset":1.14586914278E9,"shorttermborr":4.0833156735E8,"tradfinliab":null,"notespaya":4.720393403E7,"accopaya":1.2386913065E8,"advapaym":3.549329566E7,"copeworkersal":8752958.2,"taxespaya":3550368.98,"intepaya":0.0,"divipaya":1493993.98,"otherfeepaya":null,"margrequ":null,"intelpay":null,"otherpay":1.1419922199E8,"accrexpe":null,"expecurrliab":null,"copewithreinrece":null,"inteticksett":null,"dometicksett":null,"defereve":null,"shorttermbdspaya":null,"duenoncliab":1.73046E7,"othercurreliabi":0.0,"currliabitse":null,"currliabform":null,"totalcurrliab":7.6019907084E8,"longborr":1.1944517562E8,"bdspaya":0.0,"longpaya":3200000.0,"specpaya":null,"expenoncliab":null,"longdefeinco":null,"defeincotaxliab":0.0,"othernoncliabi":0.0,"longliabitse":null,"longliabform":null,"totalnoncliab":1.2264517562E8,"totliabitse":null,"totliabform":null,"totliab":8.8284424646E8,"paidincapi":6.0E7,"capisurp":2.134445814E7,"treastk":0.0,"specrese":null,"rese":1.446513001E7,"generiskrese":null,"unreinveloss":null,"undiprof":1.0454651689E8,"topaycashdivi":null,"curtrandiff":0.0,"sharrighitse":null,"sharrightform":null,"paresharrigh":2.0035610504E8,"minysharrigh":6.266879128E7,"righaggritse":null,"rightaggrform":null,"righaggr":2.6302489632E8,"rightotitse":null,"rightotform":null,"totliabsharequi":1.14586914278E9,"settresedepo":null,"plac":null,"derifinaasset":null,"reinrece":null,"reincontrese":null,"purcresaasset":null,"cenbankborr":null,"deposit":null,"fdsborr":null,"deriliab":null,"sellrepasse":null,"copepoun":null,"insucontrese":null,"actitradsecu":null,"actiundesecu":null}],"comptype":4,"name":"中顺洁柔"}