{"list":[{"compcode":"80155110","publishdate":"20171031","begindate":"20170101","enddate":"20170930","reporttype":"100111","adjustdate":"20171031","accstacode":"2","accstaname":"新会计准则","laborgetcash":3.5844238594E9,"deponetr":null,"bankloannetincr":null,"fininstnetr":null,"inspremcash":null,"insnetc":null,"savinetr":null,"disptradnetincr":null,"charintecash":null,"fdsborrnetr":null,"repnetincr":null,"taxrefd":77095.14,"receotherbizcash":1.3496823763E8,"bizinflitse":null,"bizinflform":null,"bizcashinfl":3.71946919217E9,"labopayc":2.42508526583E9,"loansnetr":null,"tradepaymnetr":null,"paycompgold":null,"payintecash":null,"paydivicash":null,"payworkcash":3.0507746319E8,"paytax":2.3850970644E8,"payacticash":3.8460560044E8,"bizoutfitse":null,"bizoutfform":null,"bizcashoutf":3.3532780359E9,"biznetitse":null,"biznetform":null,"mananetr":3.6619115627E8,"withinvgetcash":null,"inveretugetcash":966331.33,"fixedassetnetc":204606.3,"subsnetc":null,"receinvcash":4.9845731216E8,"reducashpled":null,"invinflitse":null,"invinffrom":null,"invcashinfl":4.9962824979E8,"acquassetcash":2.9122589322E8,"invpayc":null,"loannetr":null,"subspaynetcash":null,"payinvecash":7.632227475E8,"incrcashpled":null,"invoutfitse":null,"invoutfform":null,"invcashoutf":1.05444864072E9,"netinvitse":null,"netinvform":null,"invnetcashflow":-5.5482039093E8,"invrececash":null,"subsrececash":null,"recefromloan":5.39173851E7,"issbdrececash":null,"recefincash":null,"fininflitse":null,"fininflform":null,"fincashinfl":5.39173851E7,"debtpaycash":null,"diviprofpaycash":9.538406438E7,"subspaydivid":null,"finrelacash":3.674560739E7,"finoutfitse":null,"finoutfform":null,"fincashoutf":1.3212967177E8,"finnetitse":null,"finnetform":null,"finnetcflow":-7.821228667E7,"chgexchgchgs":-1.631244132E7,"netcashitse":null,"netcashform":null,"cashnetr":-2.8315396265E8,"inicashbala":9.4134620315E8,"cashfinalitse":null,"cashfinalform":null,"finalcashbala":6.581922405E8,"netprofit":null,"minysharrigh":null,"unreinveloss":null,"asseimpa":null,"assedepr":null,"realestadep":null,"intaasseamor":null,"longdefeexpenamor":null,"prepexpedecr":null,"accrexpeincr":null,"dispfixedassetloss":null,"fixedassescraloss":null,"valuechgloss":null,"defeincoincr":null,"estidebts":null,"finexpe":null,"inveloss":null,"defetaxassetdecr":null,"defetaxliabincr":null,"inveredu":null,"receredu":null,"payaincr":null,"unseparachg":null,"unfiparachg":null,"other":null,"biznetscheitse":null,"biznetscheform":null,"biznetcflow":null,"debtintocapi":null,"expiconvbd":null,"finfixedasset":null,"cashfinalbala":6.581922405E8,"cashopenbala":9.4134620315E8,"equfinalbala":null,"equopenbala":null,"netcashscheitse":null,"netcashscheform":null,"cashneti":-2.8315396265E8},{"compcode":"80155110","publishdate":"20170818","begindate":"20170101","enddate":"20170630","reporttype":"100111","adjustdate":"20170818","accstacode":"2","accstaname":"新会计准则","laborgetcash":2.26315092402E9,"deponetr":null,"bankloannetincr":null,"fininstnetr":null,"inspremcash":null,"insnetc":null,"savinetr":null,"disptradnetincr":null,"charintecash":null,"fdsborrnetr":null,"repnetincr":null,"taxrefd":77095.14,"receotherbizcash":2.53244631E7,"bizinflitse":null,"bizinflform":null,"bizcashinfl":2.28855248226E9,"labopayc":1.68575681355E9,"loansnetr":null,"tradepaymnetr":null,"paycompgold":null,"payintecash":null,"paydivicash":null,"payworkcash":2.1279468498E8,"paytax":1.4915517538E8,"payacticash":1.9508850983E8,"bizoutfitse":null,"bizoutfform":null,"bizcashoutf":2.24279518374E9,"biznetitse":null,"biznetform":null,"mananetr":4.575729852E7,"withinvgetcash":null,"inveretugetcash":63624.22,"fixedassetnetc":152837.0,"subsnetc":null,"receinvcash":2.513956466E7,"reducashpled":null,"invinflitse":null,"invinffrom":null,"invcashinfl":2.535602588E7,"acquassetcash":1.6639891406E8,"invpayc":null,"loannetr":null,"subspaynetcash":null,"payinvecash":6.01097475E7,"incrcashpled":null,"invoutfitse":null,"invoutfform":null,"invcashoutf":2.2650866156E8,"netinvitse":null,"netinvform":null,"invnetcashflow":-2.0115263568E8,"invrececash":null,"subsrececash":null,"recefromloan":5.39173851E7,"issbdrececash":null,"recefincash":null,"fininflitse":null,"fininflform":null,"fincashinfl":5.39173851E7,"debtpaycash":null,"diviprofpaycash":8.493289618E7,"subspaydivid":null,"finrelacash":6973064.25,"finoutfitse":null,"finoutfform":null,"fincashoutf":9.190596043E7,"finnetitse":null,"finnetform":null,"finnetcflow":-3.798857533E7,"chgexchgchgs":-1.543826765E7,"netcashitse":null,"netcashform":null,"cashnetr":-2.0882218014E8,"inicashbala":9.4134620315E8,"cashfinalitse":null,"cashfinalform":null,"finalcashbala":7.3252402301E8,"netprofit":1.5641045248E8,"minysharrigh":null,"unreinveloss":null,"asseimpa":-1159263.96,"assedepr":8.316377616E7,"realestadep":null,"intaasseamor":2066253.54,"longdefeexpenamor":50240.52,"prepexpedecr":null,"accrexpeincr":null,"dispfixedassetloss":526141.96,"fixedassescraloss":null,"valuechgloss":null,"defeincoincr":null,"estidebts":null,"finexpe":3.941325699E7,"inveloss":-60022.85,"defetaxassetdecr":8737859.82,"defetaxliabincr":-328927.95,"inveredu":-2.344948795E8,"receredu":-2.231311291E7,"payaincr":1.374552422E7,"unseparachg":null,"unfiparachg":null,"other":null,"biznetscheitse":null,"biznetscheform":null,"biznetcflow":4.575729852E7,"debtintocapi":null,"expiconvbd":null,"finfixedasset":null,"cashfinalbala":7.3252402301E8,"cashopenbala":9.4134620315E8,"equfinalbala":null,"equopenbala":null,"netcashscheitse":null,"netcashscheform":null,"cashneti":-2.0882218014E8},{"compcode":"80155110","publishdate":"20170419","begindate":"20170101","enddate":"20170331","reporttype":"100111","adjustdate":"20170419","accstacode":"2","accstaname":"新会计准则","laborgetcash":1.0987664658E9,"deponetr":null,"bankloannetincr":null,"fininstnetr":null,"inspremcash":null,"insnetc":null,"savinetr":null,"disptradnetincr":null,"charintecash":null,"fdsborrnetr":null,"repnetincr":null,"taxrefd":77095.14,"receotherbizcash":1.178712513E7,"bizinflitse":null,"bizinflform":null,"bizcashinfl":1.11063068607E9,"labopayc":9.278181831E8,"loansnetr":null,"tradepaymnetr":null,"paycompgold":null,"payintecash":null,"paydivicash":null,"payworkcash":1.1806225897E8,"paytax":8.040705881E7,"payacticash":1.0088279781E8,"bizoutfitse":null,"bizoutfform":null,"bizcashoutf":1.22717029869E9,"biznetitse":null,"biznetform":null,"mananetr":-1.1653961262E8,"withinvgetcash":null,"inveretugetcash":63624.22,"fixedassetnetc":40735.0,"subsnetc":null,"receinvcash":2.513956466E7,"reducashpled":null,"invinflitse":null,"invinffrom":null,"invcashinfl":2.524392388E7,"acquassetcash":7.885013942E7,"invpayc":null,"loannetr":null,"subspaynetcash":null,"payinvecash":null,"incrcashpled":null,"invoutfitse":null,"invoutfform":null,"invcashoutf":7.885013942E7,"netinvitse":null,"netinvform":null,"invnetcashflow":-5.360621554E7,"invrececash":null,"subsrececash":null,"recefromloan":null,"issbdrececash":null,"recefincash":null,"fininflitse":null,"fininflform":null,"fincashinfl":0.0,"debtpaycash":null,"diviprofpaycash":4.588614275E7,"subspaydivid":null,"finrelacash":2435973.65,"finoutfitse":null,"finoutfform":null,"fincashoutf":4.83221164E7,"finnetitse":null,"finnetform":null,"finnetcflow":-4.83221164E7,"chgexchgchgs":-1.039413339E7,"netcashitse":null,"netcashform":null,"cashnetr":-2.2886207795E8,"inicashbala":9.4134620315E8,"cashfinalitse":null,"cashfinalform":null,"finalcashbala":7.124841252E8,"netprofit":null,"minysharrigh":null,"unreinveloss":null,"asseimpa":null,"assedepr":null,"realestadep":null,"intaasseamor":null,"longdefeexpenamor":null,"prepexpedecr":null,"accrexpeincr":null,"dispfixedassetloss":null,"fixedassescraloss":null,"valuechgloss":null,"defeincoincr":null,"estidebts":null,"finexpe":null,"inveloss":null,"defetaxassetdecr":null,"defetaxliabincr":null,"inveredu":null,"receredu":null,"payaincr":null,"unseparachg":null,"unfiparachg":null,"other":null,"biznetscheitse":null,"biznetscheform":null,"biznetcflow":null,"debtintocapi":null,"expiconvbd":null,"finfixedasset":null,"cashfinalbala":7.124841252E8,"cashopenbala":9.4134620315E8,"equfinalbala":null,"equopenbala":null,"netcashscheitse":null,"netcashscheform":null,"cashneti":-2.2886207795E8},{"compcode":"80155110","publishdate":"20170419","begindate":"20160101","enddate":"20161231","reporttype":"100111","adjustdate":"20170419","accstacode":"2","accstaname":"新会计准则","laborgetcash":4.05893772212E9,"deponetr":null,"bankloannetincr":null,"fininstnetr":null,"inspremcash":null,"insnetc":null,"savinetr":null,"disptradnetincr":null,"charintecash":null,"fdsborrnetr":null,"repnetincr":null,"taxrefd":493132.33,"receotherbizcash":2.560779563E7,"bizinflitse":null,"bizinflform":null,"bizcashinfl":4.08503865008E9,"labopayc":2.20126636993E9,"loansnetr":null,"tradepaymnetr":null,"paycompgold":null,"payintecash":null,"paydivicash":null,"payworkcash":3.1896896381E8,"paytax":3.214140727E8,"payacticash":3.1452360898E8,"bizoutfitse":null,"bizoutfform":null,"bizcashoutf":3.15617301542E9,"biznetitse":null,"biznetform":null,"mananetr":9.2886563466E8,"withinvgetcash":null,"inveretugetcash":1930208.87,"fixedassetnetc":508187.83,"subsnetc":null,"receinvcash":5.0E7,"reducashpled":null,"invinflitse":null,"invinffrom":null,"invcashinfl":5.24383967E7,"acquassetcash":1.2801844152E8,"invpayc":null,"loannetr":null,"subspaynetcash":null,"payinvecash":5.513956466E7,"incrcashpled":null,"invoutfitse":null,"invoutfform":null,"invcashoutf":1.8315800618E8,"netinvitse":null,"netinvform":null,"invnetcashflow":-1.3071960948E8,"invrececash":8.093285E7,"subsrececash":null,"recefromloan":4.3347739576E8,"issbdrececash":null,"recefincash":7.98278612E7,"fininflitse":null,"fininflform":null,"fincashinfl":5.9423810696E8,"debtpaycash":9.7189102967E8,"diviprofpaycash":8.36539195E7,"subspaydivid":null,"finrelacash":1152500.0,"finoutfitse":null,"finoutfform":null,"fincashoutf":1.05669744917E9,"finnetitse":null,"finnetform":null,"finnetcflow":-4.6245934221E8,"chgexchgchgs":1.347528478E7,"netcashitse":null,"netcashform":null,"cashnetr":3.4916196775E8,"inicashbala":5.921842354E8,"cashfinalitse":null,"cashfinalform":null,"finalcashbala":9.4134620315E8,"netprofit":2.6041657923E8,"minysharrigh":null,"unreinveloss":null,"asseimpa":2.590758266E7,"assedepr":1.6108391521E8,"realestadep":null,"intaasseamor":4111764.9,"longdefeexpenamor":100481.07,"prepexpedecr":null,"accrexpeincr":null,"dispfixedassetloss":1526577.7,"fixedassescraloss":null,"valuechgloss":null,"defeincoincr":null,"estidebts":null,"finexpe":4.727524392E7,"inveloss":-1930208.87,"defetaxassetdecr":1.165246978E7,"defetaxliabincr":41074.68,"inveredu":2.9701269335E8,"receredu":-2.824545656E7,"payaincr":1.4358751759E8,"unseparachg":null,"unfiparachg":null,"other":6325400.0,"biznetscheitse":null,"biznetscheform":null,"biznetcflow":9.2886563466E8,"debtintocapi":null,"expiconvbd":null,"finfixedasset":null,"cashfinalbala":9.4134620315E8,"cashopenbala":5.921842354E8,"equfinalbala":null,"equopenbala":null,"netcashscheitse":null,"netcashscheform":null,"cashneti":3.4916196775E8},{"compcode":"80155110","publishdate":"20161026","begindate":"20160101","enddate":"20160930","reporttype":"100111","adjustdate":"20161026","accstacode":"2","accstaname":"新会计准则","laborgetcash":2.90423992391E9,"deponetr":null,"bankloannetincr":null,"fininstnetr":null,"inspremcash":null,"insnetc":null,"savinetr":null,"disptradnetincr":null,"charintecash":null,"fdsborrnetr":null,"repnetincr":null,"taxrefd":84206.1,"receotherbizcash":2.872309577E7,"bizinflitse":null,"bizinflform":null,"bizcashinfl":2.93304722578E9,"labopayc":1.71814080372E9,"loansnetr":null,"tradepaymnetr":null,"paycompgold":null,"payintecash":null,"paydivicash":null,"payworkcash":2.2827680255E8,"paytax":1.9301083766E8,"payacticash":2.3030260381E8,"bizoutfitse":null,"bizoutfform":null,"bizcashoutf":2.36973104774E9,"biznetitse":null,"biznetform":null,"mananetr":5.6331617804E8,"withinvgetcash":null,"inveretugetcash":436836.09,"fixedassetnetc":627111.0,"subsnetc":null,"receinvcash":5.0E7,"reducashpled":null,"invinflitse":null,"invinffrom":null,"invcashinfl":5.106394709E7,"acquassetcash":6.663259622E7,"invpayc":null,"loannetr":null,"subspaynetcash":null,"payinvecash":null,"incrcashpled":null,"invoutfitse":null,"invoutfform":null,"invcashoutf":6.663259622E7,"netinvitse":null,"netinvform":null,"invnetcashflow":-1.556864913E7,"invrececash":8.093285E7,"subsrececash":null,"recefromloan":4.0444806243E8,"issbdrececash":null,"recefincash":9369110.15,"fininflitse":null,"fininflform":null,"fincashinfl":4.9475002258E8,"debtpaycash":8.9552040467E8,"diviprofpaycash":8.326703012E7,"subspaydivid":null,"finrelacash":null,"finoutfitse":null,"finoutfform":null,"fincashoutf":9.7878743479E8,"finnetitse":null,"finnetform":null,"finnetcflow":-4.8403741221E8,"chgexchgchgs":4490094.62,"netcashitse":null,"netcashform":null,"cashnetr":6.820021132E7,"inicashbala":5.921842354E8,"cashfinalitse":null,"cashfinalform":null,"finalcashbala":6.6038444672E8,"netprofit":null,"minysharrigh":null,"unreinveloss":null,"asseimpa":null,"assedepr":null,"realestadep":null,"intaasseamor":null,"longdefeexpenamor":null,"prepexpedecr":null,"accrexpeincr":null,"dispfixedassetloss":null,"fixedassescraloss":null,"valuechgloss":null,"defeincoincr":null,"estidebts":null,"finexpe":null,"inveloss":null,"defetaxassetdecr":null,"defetaxliabincr":null,"inveredu":null,"receredu":null,"payaincr":null,"unseparachg":null,"unfiparachg":null,"other":null,"biznetscheitse":null,"biznetscheform":null,"biznetcflow":null,"debtintocapi":null,"expiconvbd":null,"finfixedasset":null,"cashfinalbala":6.6038444672E8,"cashopenbala":5.921842354E8,"equfinalbala":null,"equopenbala":null,"netcashscheitse":null,"netcashscheform":null,"cashneti":6.820021132E7},{"compcode":"80155110","publishdate":"20160810","begindate":"20160101","enddate":"20160630","reporttype":"100111","adjustdate":"20160810","accstacode":"2","accstaname":"新会计准则","laborgetcash":1.87447476951E9,"deponetr":null,"bankloannetincr":null,"fininstnetr":null,"inspremcash":null,"insnetc":null,"savinetr":null,"disptradnetincr":null,"charintecash":null,"fdsborrnetr":null,"repnetincr":null,"taxrefd":41421.64,"receotherbizcash":2.082401679E7,"bizinflitse":null,"bizinflform":null,"bizcashinfl":1.89534020794E9,"labopayc":1.23489523539E9,"loansnetr":null,"tradepaymnetr":null,"paycompgold":null,"payintecash":null,"paydivicash":null,"payworkcash":1.5172644092E8,"paytax":1.0967332989E8,"payacticash":1.4725520028E8,"bizoutfitse":null,"bizoutfform":null,"bizcashoutf":1.64355020648E9,"biznetitse":null,"biznetform":null,"mananetr":2.5179000146E8,"withinvgetcash":null,"inveretugetcash":436836.09,"fixedassetnetc":387111.0,"subsnetc":null,"receinvcash":5.0E7,"reducashpled":null,"invinflitse":null,"invinffrom":null,"invcashinfl":5.082394709E7,"acquassetcash":5.113004993E7,"invpayc":null,"loannetr":null,"subspaynetcash":null,"payinvecash":null,"incrcashpled":null,"invoutfitse":null,"invoutfform":null,"invcashoutf":5.113004993E7,"netinvitse":null,"netinvform":null,"invnetcashflow":-306102.84,"invrececash":8.093285E7,"subsrececash":null,"recefromloan":3.69475408E8,"issbdrececash":null,"recefincash":2344144.43,"fininflitse":null,"fininflform":null,"fincashinfl":4.5275240243E8,"debtpaycash":5.7084273878E8,"diviprofpaycash":8.119611235E7,"subspaydivid":null,"finrelacash":null,"finoutfitse":null,"finoutfform":null,"fincashoutf":6.5203885113E8,"finnetitse":null,"finnetform":null,"finnetcflow":-1.992864487E8,"chgexchgchgs":4178682.18,"netcashitse":null,"netcashform":null,"cashnetr":5.63761321E7,"inicashbala":5.921842354E8,"cashfinalitse":null,"cashfinalform":null,"finalcashbala":6.485603675E8,"netprofit":1.058150203E8,"minysharrigh":null,"unreinveloss":null,"asseimpa":1.640344937E7,"assedepr":7.987244328E7,"realestadep":null,"intaasseamor":1989889.68,"longdefeexpenamor":44398.85,"prepexpedecr":null,"accrexpeincr":null,"dispfixedassetloss":122064.34,"fixedassescraloss":null,"valuechgloss":null,"defeincoincr":null,"estidebts":null,"finexpe":2.976363349E7,"inveloss":-436836.09,"defetaxassetdecr":-1.512193628E7,"defetaxliabincr":16703.41,"inveredu":2.156096094E7,"receredu":-5.27588764E7,"payaincr":6.451908657E7,"unseparachg":null,"unfiparachg":null,"other":null,"biznetscheitse":null,"biznetscheform":null,"biznetcflow":2.5179000146E8,"debtintocapi":null,"expiconvbd":null,"finfixedasset":null,"cashfinalbala":6.485603675E8,"cashopenbala":5.921842354E8,"equfinalbala":null,"equopenbala":null,"netcashscheitse":null,"netcashscheform":null,"cashneti":5.63761321E7},{"compcode":"80155110","publishdate":"20160426","begindate":"20160101","enddate":"20160331","reporttype":"100111","adjustdate":"20160426","accstacode":"2","accstaname":"新会计准则","laborgetcash":9.0343673853E8,"deponetr":null,"bankloannetincr":null,"fininstnetr":null,"inspremcash":null,"insnetc":null,"savinetr":null,"disptradnetincr":null,"charintecash":null,"fdsborrnetr":null,"repnetincr":null,"taxrefd":null,"receotherbizcash":1.188524601E7,"bizinflitse":null,"bizinflform":null,"bizcashinfl":9.1532198454E8,"labopayc":7.4477028264E8,"loansnetr":null,"tradepaymnetr":null,"paycompgold":null,"payintecash":null,"paydivicash":null,"payworkcash":7.772402224E7,"paytax":4.221324982E7,"payacticash":7.731154072E7,"bizoutfitse":null,"bizoutfform":null,"bizcashoutf":9.4201909542E8,"biznetitse":null,"biznetform":null,"mananetr":-2.669711088E7,"withinvgetcash":null,"inveretugetcash":436836.09,"fixedassetnetc":null,"subsnetc":null,"receinvcash":5.0E7,"reducashpled":null,"invinflitse":null,"invinffrom":null,"invcashinfl":5.043683609E7,"acquassetcash":3.702839898E7,"invpayc":null,"loannetr":null,"subspaynetcash":null,"payinvecash":null,"incrcashpled":null,"invoutfitse":null,"invoutfform":null,"invcashoutf":3.702839898E7,"netinvitse":null,"netinvform":null,"invnetcashflow":1.340843711E7,"invrececash":7.206725E7,"subsrececash":null,"recefromloan":3.3E8,"issbdrececash":null,"recefincash":1785296.39,"fininflitse":null,"fininflform":null,"fincashinfl":4.0385254639E8,"debtpaycash":3.0028023878E8,"diviprofpaycash":5.253664609E7,"subspaydivid":null,"finrelacash":null,"finoutfitse":null,"finoutfform":null,"fincashoutf":3.5281688487E8,"finnetitse":null,"finnetform":null,"finnetcflow":5.103566152E7,"chgexchgchgs":-1923885.74,"netcashitse":null,"netcashform":null,"cashnetr":3.582310201E7,"inicashbala":5.921842354E8,"cashfinalitse":null,"cashfinalform":null,"finalcashbala":6.2800733741E8,"netprofit":null,"minysharrigh":null,"unreinveloss":null,"asseimpa":null,"assedepr":null,"realestadep":null,"intaasseamor":null,"longdefeexpenamor":null,"prepexpedecr":null,"accrexpeincr":null,"dispfixedassetloss":null,"fixedassescraloss":null,"valuechgloss":null,"defeincoincr":null,"estidebts":null,"finexpe":null,"inveloss":null,"defetaxassetdecr":null,"defetaxliabincr":null,"inveredu":null,"receredu":null,"payaincr":null,"unseparachg":null,"unfiparachg":null,"other":null,"biznetscheitse":null,"biznetscheform":null,"biznetcflow":null,"debtintocapi":null,"expiconvbd":null,"finfixedasset":null,"cashfinalbala":6.2800733741E8,"cashopenbala":5.921842354E8,"equfinalbala":null,"equopenbala":null,"netcashscheitse":null,"netcashscheform":null,"cashneti":3.582310201E7},{"compcode":"80155110","publishdate":"20160426","begindate":"20150101","enddate":"20151231","reporttype":"100111","adjustdate":"20160426","accstacode":"2","accstaname":"新会计准则","laborgetcash":3.20468970749E9,"deponetr":null,"bankloannetincr":null,"fininstnetr":null,"inspremcash":null,"insnetc":null,"savinetr":null,"disptradnetincr":null,"charintecash":null,"fdsborrnetr":null,"repnetincr":null,"taxrefd":1978429.94,"receotherbizcash":3.370438334E7,"bizinflitse":null,"bizinflform":null,"bizcashinfl":3.24037252077E9,"labopayc":2.15635291652E9,"loansnetr":null,"tradepaymnetr":null,"paycompgold":null,"payintecash":null,"paydivicash":null,"payworkcash":2.4447258349E8,"paytax":1.821947763E8,"payacticash":2.2817184208E8,"bizoutfitse":null,"bizoutfform":null,"bizcashoutf":2.81119211839E9,"biznetitse":null,"biznetform":null,"mananetr":4.2918040238E8,"withinvgetcash":null,"inveretugetcash":6429037.66,"fixedassetnetc":2375074.37,"subsnetc":null,"receinvcash":2.1E8,"reducashpled":null,"invinflitse":null,"invinffrom":null,"invcashinfl":2.1880411203E8,"acquassetcash":1.7901501245E8,"invpayc":null,"loannetr":null,"subspaynetcash":null,"payinvecash":1.6E8,"incrcashpled":null,"invoutfitse":null,"invoutfform":null,"invcashoutf":3.3901501245E8,"netinvitse":null,"netinvform":null,"invnetcashflow":-1.2021090042E8,"invrececash":null,"subsrececash":null,"recefromloan":5.0152769273E8,"issbdrececash":null,"recefincash":null,"fininflitse":null,"fininflform":null,"fincashinfl":5.0152769273E8,"debtpaycash":6.7484787519E8,"diviprofpaycash":8.283798786E7,"subspaydivid":null,"finrelacash":1.0915109125E8,"finoutfitse":null,"finoutfform":null,"fincashoutf":8.668369543E8,"finnetitse":null,"finnetform":null,"finnetcflow":-3.6530926157E8,"chgexchgchgs":1272255.64,"netcashitse":null,"netcashform":null,"cashnetr":-5.506750397E7,"inicashbala":6.4725173937E8,"cashfinalitse":null,"cashfinalform":null,"finalcashbala":5.921842354E8,"netprofit":8.819611647E7,"minysharrigh":null,"unreinveloss":null,"asseimpa":2.170143631E7,"assedepr":1.5362282902E8,"realestadep":null,"intaasseamor":3973993.41,"longdefeexpenamor":167725.43,"prepexpedecr":null,"accrexpeincr":null,"dispfixedassetloss":4000471.49,"fixedassescraloss":null,"valuechgloss":null,"defeincoincr":null,"estidebts":null,"finexpe":7.882820471E7,"inveloss":-6429037.66,"defetaxassetdecr":-4404084.57,"defetaxliabincr":56525.72,"inveredu":-1.0426417951E8,"receredu":1.167648741E7,"payaincr":1.8205391415E8,"unseparachg":null,"unfiparachg":null,"other":null,"biznetscheitse":null,"biznetscheform":null,"biznetcflow":4.2918040238E8,"debtintocapi":null,"expiconvbd":null,"finfixedasset":null,"cashfinalbala":5.921842354E8,"cashopenbala":6.4725173937E8,"equfinalbala":null,"equopenbala":null,"netcashscheitse":null,"netcashscheform":null,"cashneti":-5.506750397E7},{"compcode":"80155110","publishdate":"20151021","begindate":"20150101","enddate":"20150930","reporttype":"100111","adjustdate":"20151021","accstacode":"2","accstaname":"新会计准则","laborgetcash":2.26721534212E9,"deponetr":null,"bankloannetincr":null,"fininstnetr":null,"inspremcash":null,"insnetc":null,"savinetr":null,"disptradnetincr":null,"charintecash":null,"fdsborrnetr":null,"repnetincr":null,"taxrefd":1790755.25,"receotherbizcash":3.920148825E7,"bizinflitse":null,"bizinflform":null,"bizcashinfl":2.30820758562E9,"labopayc":1.51689239905E9,"loansnetr":null,"tradepaymnetr":null,"paycompgold":null,"payintecash":null,"paydivicash":null,"payworkcash":1.6515838481E8,"paytax":1.2980014081E8,"payacticash":1.8813354069E8,"bizoutfitse":null,"bizoutfform":null,"bizcashoutf":1.99998446536E9,"biznetitse":null,"biznetform":null,"mananetr":3.0822312026E8,"withinvgetcash":null,"inveretugetcash":6429037.66,"fixedassetnetc":674100.0,"subsnetc":null,"receinvcash":2.0E8,"reducashpled":null,"invinflitse":null,"invinffrom":null,"invcashinfl":2.0710313766E8,"acquassetcash":1.4051983227E8,"invpayc":null,"loannetr":null,"subspaynetcash":null,"payinvecash":1.0E8,"incrcashpled":null,"invoutfitse":null,"invoutfform":null,"invcashoutf":2.4051983227E8,"netinvitse":null,"netinvform":null,"invnetcashflow":-3.341669461E7,"invrececash":null,"subsrececash":null,"recefromloan":3.5178618479E8,"issbdrececash":null,"recefincash":null,"fininflitse":null,"fininflform":null,"fincashinfl":3.5178618479E8,"debtpaycash":3.6242800627E8,"diviprofpaycash":7.646782553E7,"subspaydivid":null,"finrelacash":2.79015165E7,"finoutfitse":null,"finoutfform":null,"fincashoutf":4.667973483E8,"finnetitse":null,"finnetform":null,"finnetcflow":-1.1501116351E8,"chgexchgchgs":-2753320.2,"netcashitse":null,"netcashform":null,"cashnetr":1.5704194194E8,"inicashbala":6.4725173937E8,"cashfinalitse":null,"cashfinalform":null,"finalcashbala":8.0429368131E8,"netprofit":null,"minysharrigh":null,"unreinveloss":null,"asseimpa":null,"assedepr":null,"realestadep":null,"intaasseamor":null,"longdefeexpenamor":null,"prepexpedecr":null,"accrexpeincr":null,"dispfixedassetloss":null,"fixedassescraloss":null,"valuechgloss":null,"defeincoincr":null,"estidebts":null,"finexpe":null,"inveloss":null,"defetaxassetdecr":null,"defetaxliabincr":null,"inveredu":null,"receredu":null,"payaincr":null,"unseparachg":null,"unfiparachg":null,"other":null,"biznetscheitse":null,"biznetscheform":null,"biznetcflow":null,"debtintocapi":null,"expiconvbd":null,"finfixedasset":null,"cashfinalbala":8.0429368131E8,"cashopenbala":6.4725173937E8,"equfinalbala":null,"equopenbala":null,"netcashscheitse":null,"netcashscheform":null,"cashneti":1.5704194194E8},{"compcode":"80155110","publishdate":"20150826","begindate":"20150101","enddate":"20150630","reporttype":"100111","adjustdate":"20150826","accstacode":"2","accstaname":"新会计准则","laborgetcash":1.47086115817E9,"deponetr":null,"bankloannetincr":null,"fininstnetr":null,"inspremcash":null,"insnetc":null,"savinetr":null,"disptradnetincr":null,"charintecash":null,"fdsborrnetr":null,"repnetincr":null,"taxrefd":845092.76,"receotherbizcash":2.339497748E7,"bizinflitse":null,"bizinflform":null,"bizcashinfl":1.49510122841E9,"labopayc":8.4369175548E8,"loansnetr":null,"tradepaymnetr":null,"paycompgold":null,"payintecash":null,"paydivicash":null,"payworkcash":1.0934236558E8,"paytax":8.6144343E7,"payacticash":1.2573208538E8,"bizoutfitse":null,"bizoutfform":null,"bizcashoutf":1.16491054944E9,"biznetitse":null,"biznetform":null,"mananetr":3.3019067897E8,"withinvgetcash":null,"inveretugetcash":null,"fixedassetnetc":319100.0,"subsnetc":null,"receinvcash":null,"reducashpled":null,"invinflitse":null,"invinffrom":null,"invcashinfl":319100.0,"acquassetcash":1.1208142179E8,"invpayc":null,"loannetr":null,"subspaynetcash":null,"payinvecash":1.0E8,"incrcashpled":null,"invoutfitse":null,"invoutfform":null,"invcashoutf":2.1208142179E8,"netinvitse":null,"netinvform":null,"invnetcashflow":-2.1176232179E8,"invrececash":null,"subsrececash":null,"recefromloan":2.538061715E8,"issbdrececash":null,"recefincash":null,"fininflitse":null,"fininflform":null,"fincashinfl":2.538061715E8,"debtpaycash":2.1224804567E8,"diviprofpaycash":6.712919686E7,"subspaydivid":null,"finrelacash":3.061909635E7,"finoutfitse":null,"finoutfform":null,"fincashoutf":3.0999633888E8,"finnetitse":null,"finnetform":null,"finnetcflow":-5.619016738E7,"chgexchgchgs":-4280537.4,"netcashitse":null,"netcashform":null,"cashnetr":5.79576524E7,"inicashbala":6.4725173937E8,"cashfinalitse":null,"cashfinalform":null,"finalcashbala":7.0520939177E8,"netprofit":4.579153576E7,"minysharrigh":null,"unreinveloss":null,"asseimpa":-331498.69,"assedepr":7.472052175E7,"realestadep":null,"intaasseamor":1973261.74,"longdefeexpenamor":152535.05,"prepexpedecr":null,"accrexpeincr":null,"dispfixedassetloss":1785781.6,"fixedassescraloss":null,"valuechgloss":null,"defeincoincr":null,"estidebts":null,"finexpe":4.669115515E7,"inveloss":null,"defetaxassetdecr":1776795.29,"defetaxliabincr":-11862.95,"inveredu":7.646567257E7,"receredu":4.999234793E7,"payaincr":3.118443377E7,"unseparachg":null,"unfiparachg":null,"other":null,"biznetscheitse":null,"biznetscheform":null,"biznetcflow":3.3019067897E8,"debtintocapi":null,"expiconvbd":null,"finfixedasset":null,"cashfinalbala":7.0520939177E8,"cashopenbala":6.4725173937E8,"equfinalbala":null,"equopenbala":null,"netcashscheitse":null,"netcashscheform":null,"cashneti":5.79576524E7},{"compcode":"80155110","publishdate":"20150424","begindate":"20150101","enddate":"20150331","reporttype":"100111","adjustdate":"20150424","accstacode":"2","accstaname":"新会计准则","laborgetcash":7.036123992E8,"deponetr":null,"bankloannetincr":null,"fininstnetr":null,"inspremcash":null,"insnetc":null,"savinetr":null,"disptradnetincr":null,"charintecash":null,"fdsborrnetr":null,"repnetincr":null,"taxrefd":549963.32,"receotherbizcash":1.879132117E7,"bizinflitse":null,"bizinflform":null,"bizcashinfl":7.2295368369E8,"labopayc":3.7541745882E8,"loansnetr":null,"tradepaymnetr":null,"paycompgold":null,"payintecash":null,"paydivicash":null,"payworkcash":5.839030876E7,"paytax":3.700640271E7,"payacticash":6.849784378E7,"bizoutfitse":null,"bizoutfform":null,"bizcashoutf":5.3931201407E8,"biznetitse":null,"biznetform":null,"mananetr":1.8364166962E8,"withinvgetcash":null,"inveretugetcash":null,"fixedassetnetc":null,"subsnetc":null,"receinvcash":null,"reducashpled":null,"invinflitse":null,"invinffrom":null,"invcashinfl":0.0,"acquassetcash":6.871667757E7,"invpayc":null,"loannetr":null,"subspaynetcash":null,"payinvecash":6.0E7,"incrcashpled":null,"invoutfitse":null,"invoutfform":null,"invcashoutf":1.2871667757E8,"netinvitse":null,"netinvform":null,"invnetcashflow":-1.2871667757E8,"invrececash":null,"subsrececash":null,"recefromloan":1.1421881141E8,"issbdrececash":null,"recefincash":955025.66,"fininflitse":null,"fininflform":null,"fincashinfl":1.1517383707E8,"debtpaycash":9.857685783E7,"diviprofpaycash":5.43233604E7,"subspaydivid":null,"finrelacash":7283621.82,"finoutfitse":null,"finoutfform":null,"fincashoutf":1.6018384005E8,"finnetitse":null,"finnetform":null,"finnetcflow":-4.501000298E7,"chgexchgchgs":-1530302.57,"netcashitse":null,"netcashform":null,"cashnetr":8384686.5,"inicashbala":6.4725173937E8,"cashfinalitse":null,"cashfinalform":null,"finalcashbala":6.5563642587E8,"netprofit":null,"minysharrigh":null,"unreinveloss":null,"asseimpa":null,"assedepr":null,"realestadep":null,"intaasseamor":null,"longdefeexpenamor":null,"prepexpedecr":null,"accrexpeincr":null,"dispfixedassetloss":null,"fixedassescraloss":null,"valuechgloss":null,"defeincoincr":null,"estidebts":null,"finexpe":null,"inveloss":null,"defetaxassetdecr":null,"defetaxliabincr":null,"inveredu":null,"receredu":null,"payaincr":null,"unseparachg":null,"unfiparachg":null,"other":null,"biznetscheitse":null,"biznetscheform":null,"biznetcflow":null,"debtintocapi":null,"expiconvbd":null,"finfixedasset":null,"cashfinalbala":6.5563642587E8,"cashopenbala":6.4725173937E8,"equfinalbala":null,"equopenbala":null,"netcashscheitse":null,"netcashscheform":null,"cashneti":8384686.5},{"compcode":"80155110","publishdate":"20150415","begindate":"20140101","enddate":"20141231","reporttype":"100111","adjustdate":"20150415","accstacode":"2","accstaname":"新会计准则","laborgetcash":2.68940317426E9,"deponetr":null,"bankloannetincr":null,"fininstnetr":null,"inspremcash":null,"insnetc":null,"savinetr":null,"disptradnetincr":null,"charintecash":null,"fdsborrnetr":null,"repnetincr":null,"taxrefd":1216203.74,"receotherbizcash":5.567929432E7,"bizinflitse":null,"bizinflform":null,"bizcashinfl":2.74629867232E9,"labopayc":1.90358766723E9,"loansnetr":null,"tradepaymnetr":null,"paycompgold":null,"payintecash":null,"paydivicash":null,"payworkcash":2.0635229951E8,"paytax":1.2967223863E8,"payacticash":2.4440856701E8,"bizoutfitse":null,"bizoutfform":null,"bizcashoutf":2.48402077238E9,"biznetitse":null,"biznetform":null,"mananetr":2.6227789994E8,"withinvgetcash":null,"inveretugetcash":263309.11,"fixedassetnetc":1343686.16,"subsnetc":null,"receinvcash":4.5E7,"reducashpled":null,"invinflitse":null,"invinffrom":null,"invcashinfl":4.660699527E7,"acquassetcash":3.6687972923E8,"invpayc":null,"loannetr":null,"subspaynetcash":null,"payinvecash":1.45E8,"incrcashpled":null,"invoutfitse":null,"invoutfform":null,"invcashoutf":5.1187972923E8,"netinvitse":null,"netinvform":null,"invnetcashflow":-4.6527273396E8,"invrececash":null,"subsrececash":null,"recefromloan":5.2630187963E8,"issbdrececash":null,"recefincash":1.480638428E7,"fininflitse":null,"fininflform":null,"fincashinfl":5.4110826391E8,"debtpaycash":5.3635538987E8,"diviprofpaycash":8.630178067E7,"subspaydivid":null,"finrelacash":3.105886972E7,"finoutfitse":null,"finoutfform":null,"fincashoutf":6.5371604026E8,"finnetitse":null,"finnetform":null,"finnetcflow":-1.1260777635E8,"chgexchgchgs":-1797026.76,"netcashitse":null,"netcashform":null,"cashnetr":-3.1739963713E8,"inicashbala":9.646513765E8,"cashfinalitse":null,"cashfinalform":null,"finalcashbala":6.4725173937E8,"netprofit":6.750219242E7,"minysharrigh":null,"unreinveloss":null,"asseimpa":2.207582607E7,"assedepr":1.1925778531E8,"realestadep":null,"intaasseamor":3976704.61,"longdefeexpenamor":360008.76,"prepexpedecr":null,"accrexpeincr":null,"dispfixedassetloss":6186466.81,"fixedassescraloss":null,"valuechgloss":null,"defeincoincr":null,"estidebts":null,"finexpe":7.447861283E7,"inveloss":-263309.11,"defetaxassetdecr":-4631986.63,"defetaxliabincr":231327.55,"inveredu":-2.895577293E7,"receredu":-2.316214652E7,"payaincr":2.522219077E7,"unseparachg":null,"unfiparachg":null,"other":null,"biznetscheitse":null,"biznetscheform":null,"biznetcflow":2.6227789994E8,"debtintocapi":null,"expiconvbd":null,"finfixedasset":null,"cashfinalbala":6.4725173937E8,"cashopenbala":9.646513765E8,"equfinalbala":null,"equopenbala":null,"netcashscheitse":null,"netcashscheform":null,"cashneti":-3.1739963713E8},{"compcode":"80155110","publishdate":"20141024","begindate":"20140101","enddate":"20140930","reporttype":"100111","adjustdate":"20141024","accstacode":"2","accstaname":"新会计准则","laborgetcash":1.95763166568E9,"deponetr":null,"bankloannetincr":null,"fininstnetr":null,"inspremcash":null,"insnetc":null,"savinetr":null,"disptradnetincr":null,"charintecash":null,"fdsborrnetr":null,"repnetincr":null,"taxrefd":794667.43,"receotherbizcash":6.461375821E7,"bizinflitse":null,"bizinflform":null,"bizcashinfl":2.02304009132E9,"labopayc":1.4049847946E9,"loansnetr":null,"tradepaymnetr":null,"paycompgold":null,"payintecash":null,"paydivicash":null,"payworkcash":1.4755681158E8,"paytax":8.678298584E7,"payacticash":2.150343546E8,"bizoutfitse":null,"bizoutfform":null,"bizcashoutf":1.85435894662E9,"biznetitse":null,"biznetform":null,"mananetr":1.686811447E8,"withinvgetcash":null,"inveretugetcash":null,"fixedassetnetc":1307974.35,"subsnetc":null,"receinvcash":null,"reducashpled":null,"invinflitse":null,"invinffrom":null,"invcashinfl":1307974.35,"acquassetcash":3.072564471E8,"invpayc":null,"loannetr":null,"subspaynetcash":null,"payinvecash":1.0E8,"incrcashpled":null,"invoutfitse":null,"invoutfform":null,"invcashoutf":4.072564471E8,"netinvitse":null,"netinvform":null,"invnetcashflow":-4.0594847275E8,"invrececash":null,"subsrececash":null,"recefromloan":3.5026808719E8,"issbdrececash":null,"recefincash":null,"fininflitse":null,"fininflform":null,"fincashinfl":3.5026808719E8,"debtpaycash":3.8900314705E8,"diviprofpaycash":7.519817165E7,"subspaydivid":null,"finrelacash":1.652439635E7,"finoutfitse":null,"finoutfform":null,"fincashoutf":4.8072571505E8,"finnetitse":null,"finnetform":null,"finnetcflow":-1.3045762786E8,"chgexchgchgs":-697331.8,"netcashitse":null,"netcashform":null,"cashnetr":-3.6842228771E8,"inicashbala":9.646513765E8,"cashfinalitse":null,"cashfinalform":null,"finalcashbala":5.9622908879E8,"netprofit":null,"minysharrigh":null,"unreinveloss":null,"asseimpa":null,"assedepr":null,"realestadep":null,"intaasseamor":null,"longdefeexpenamor":null,"prepexpedecr":null,"accrexpeincr":null,"dispfixedassetloss":null,"fixedassescraloss":null,"valuechgloss":null,"defeincoincr":null,"estidebts":null,"finexpe":null,"inveloss":null,"defetaxassetdecr":null,"defetaxliabincr":null,"inveredu":null,"receredu":null,"payaincr":null,"unseparachg":null,"unfiparachg":null,"other":null,"biznetscheitse":null,"biznetscheform":null,"biznetcflow":null,"debtintocapi":null,"expiconvbd":null,"finfixedasset":null,"cashfinalbala":5.9622908879E8,"cashopenbala":9.646513765E8,"equfinalbala":null,"equopenbala":null,"netcashscheitse":null,"netcashscheform":null,"cashneti":-3.6842228771E8},{"compcode":"80155110","publishdate":"20140828","begindate":"20140101","enddate":"20140630","reporttype":"100111","adjustdate":"20140828","accstacode":"2","accstaname":"新会计准则","laborgetcash":1.28918343874E9,"deponetr":null,"bankloannetincr":null,"fininstnetr":null,"inspremcash":null,"insnetc":null,"savinetr":null,"disptradnetincr":null,"charintecash":null,"fdsborrnetr":null,"repnetincr":null,"taxrefd":195114.27,"receotherbizcash":4.803075979E7,"bizinflitse":null,"bizinflform":null,"bizcashinfl":1.3374093128E9,"labopayc":9.0509483194E8,"loansnetr":null,"tradepaymnetr":null,"paycompgold":null,"payintecash":null,"paydivicash":null,"payworkcash":1.0194196665E8,"paytax":5.332801983E7,"payacticash":1.4350057137E8,"bizoutfitse":null,"bizoutfform":null,"bizcashoutf":1.20386538979E9,"biznetitse":null,"biznetform":null,"mananetr":1.3354392301E8,"withinvgetcash":null,"inveretugetcash":null,"fixedassetnetc":1303000.0,"subsnetc":null,"receinvcash":null,"reducashpled":null,"invinflitse":null,"invinffrom":null,"invcashinfl":1303000.0,"acquassetcash":2.2297787196E8,"invpayc":null,"loannetr":null,"subspaynetcash":null,"payinvecash":null,"incrcashpled":null,"invoutfitse":null,"invoutfform":null,"invcashoutf":2.2297787196E8,"netinvitse":null,"netinvform":null,"invnetcashflow":-2.2167487196E8,"invrececash":null,"subsrececash":null,"recefromloan":2.0552337546E8,"issbdrececash":null,"recefincash":6110382.56,"fininflitse":null,"fininflform":null,"fincashinfl":2.1163375802E8,"debtpaycash":2.4280468159E8,"diviprofpaycash":6.523602996E7,"subspaydivid":null,"finrelacash":1.457943486E7,"finoutfitse":null,"finoutfform":null,"fincashoutf":3.2262014641E8,"finnetitse":null,"finnetform":null,"finnetcflow":-1.1098638839E8,"chgexchgchgs":-412865.8,"netcashitse":null,"netcashform":null,"cashnetr":-1.9953020314E8,"inicashbala":9.646513765E8,"cashfinalitse":null,"cashfinalform":null,"finalcashbala":7.6512117336E8,"netprofit":3.615591698E7,"minysharrigh":null,"unreinveloss":null,"asseimpa":-1610014.66,"assedepr":5.464242974E7,"realestadep":null,"intaasseamor":2011960.92,"longdefeexpenamor":402121.48,"prepexpedecr":null,"accrexpeincr":null,"dispfixedassetloss":174250.53,"fixedassescraloss":null,"valuechgloss":null,"defeincoincr":null,"estidebts":null,"finexpe":3.105473239E7,"inveloss":null,"defetaxassetdecr":266761.26,"defetaxliabincr":null,"inveredu":-5.066170831E7,"receredu":7.690687044E7,"payaincr":-1.579939776E7,"unseparachg":null,"unfiparachg":null,"other":null,"biznetscheitse":null,"biznetscheform":null,"biznetcflow":1.3354392301E8,"debtintocapi":null,"expiconvbd":null,"finfixedasset":null,"cashfinalbala":7.6512117336E8,"cashopenbala":9.646513765E8,"equfinalbala":null,"equopenbala":null,"netcashscheitse":null,"netcashscheform":null,"cashneti":-1.9953020314E8},{"compcode":"80155110","publishdate":"20140426","begindate":"20140101","enddate":"20140331","reporttype":"100111","adjustdate":"20140426","accstacode":"2","accstaname":"新会计准则","laborgetcash":6.5687193734E8,"deponetr":null,"bankloannetincr":null,"fininstnetr":null,"inspremcash":null,"insnetc":null,"savinetr":null,"disptradnetincr":null,"charintecash":null,"fdsborrnetr":null,"repnetincr":null,"taxrefd":43079.06,"receotherbizcash":1.462566535E7,"bizinflitse":null,"bizinflform":null,"bizcashinfl":6.7154068175E8,"labopayc":4.6572393892E8,"loansnetr":null,"tradepaymnetr":null,"paycompgold":null,"payintecash":null,"paydivicash":null,"payworkcash":5.778162121E7,"paytax":2.753107792E7,"payacticash":7.025082089E7,"bizoutfitse":null,"bizoutfform":null,"bizcashoutf":6.2128745894E8,"biznetitse":null,"biznetform":null,"mananetr":5.025322281E7,"withinvgetcash":null,"inveretugetcash":null,"fixedassetnetc":null,"subsnetc":null,"receinvcash":null,"reducashpled":null,"invinflitse":null,"invinffrom":null,"invcashinfl":0.0,"acquassetcash":1.0693495232E8,"invpayc":null,"loannetr":null,"subspaynetcash":null,"payinvecash":null,"incrcashpled":null,"invoutfitse":null,"invoutfform":null,"invcashoutf":1.0693495232E8,"netinvitse":null,"netinvform":null,"invnetcashflow":-1.0693495232E8,"invrececash":null,"subsrececash":null,"recefromloan":1.1103108702E8,"issbdrececash":null,"recefincash":8435380.01,"fininflitse":null,"fininflform":null,"fincashinfl":1.1946646703E8,"debtpaycash":1.3291154995E8,"diviprofpaycash":5.524511221E7,"subspaydivid":null,"finrelacash":7289717.43,"finoutfitse":null,"finoutfform":null,"fincashoutf":1.9544637959E8,"finnetitse":null,"finnetform":null,"finnetcflow":-7.597991256E7,"chgexchgchgs":1318549.25,"netcashitse":null,"netcashform":null,"cashnetr":-1.3134309282E8,"inicashbala":9.646513765E8,"cashfinalitse":null,"cashfinalform":null,"finalcashbala":8.3330828368E8,"netprofit":null,"minysharrigh":null,"unreinveloss":null,"asseimpa":null,"assedepr":null,"realestadep":null,"intaasseamor":null,"longdefeexpenamor":null,"prepexpedecr":null,"accrexpeincr":null,"dispfixedassetloss":null,"fixedassescraloss":null,"valuechgloss":null,"defeincoincr":null,"estidebts":null,"finexpe":null,"inveloss":null,"defetaxassetdecr":null,"defetaxliabincr":null,"inveredu":null,"receredu":null,"payaincr":null,"unseparachg":null,"unfiparachg":null,"other":null,"biznetscheitse":null,"biznetscheform":null,"biznetcflow":null,"debtintocapi":null,"expiconvbd":null,"finfixedasset":null,"cashfinalbala":8.3330828368E8,"cashopenbala":9.646513765E8,"equfinalbala":null,"equopenbala":null,"netcashscheitse":null,"netcashscheform":null,"cashneti":-1.3134309282E8},{"compcode":"80155110","publishdate":"20140410","begindate":"20130101","enddate":"20131231","reporttype":"100111","adjustdate":"20140410","accstacode":"2","accstaname":"新会计准则","laborgetcash":2.62437542629E9,"deponetr":null,"bankloannetincr":null,"fininstnetr":null,"inspremcash":null,"insnetc":null,"savinetr":null,"disptradnetincr":null,"charintecash":null,"fdsborrnetr":null,"repnetincr":null,"taxrefd":1.255065512E7,"receotherbizcash":7.578936579E7,"bizinflitse":null,"bizinflform":null,"bizcashinfl":2.7127154472E9,"labopayc":1.87200187117E9,"loansnetr":null,"tradepaymnetr":null,"paycompgold":null,"payintecash":null,"paydivicash":null,"payworkcash":1.978041429E8,"paytax":1.8996742847E8,"payacticash":2.3657537698E8,"bizoutfitse":null,"bizoutfform":null,"bizcashoutf":2.49634881952E9,"biznetitse":null,"biznetform":null,"mananetr":2.1636662768E8,"withinvgetcash":null,"inveretugetcash":null,"fixedassetnetc":3616123.62,"subsnetc":null,"receinvcash":3107117.41,"reducashpled":null,"invinflitse":null,"invinffrom":null,"invcashinfl":6723241.03,"acquassetcash":9.0983972592E8,"invpayc":8000000.0,"loannetr":null,"subspaynetcash":1.265375705E7,"payinvecash":null,"incrcashpled":null,"invoutfitse":null,"invoutfform":null,"invcashoutf":9.3049348297E8,"netinvitse":null,"netinvform":null,"invnetcashflow":-9.2377024194E8,"invrececash":null,"subsrececash":null,"recefromloan":1.14727323499E9,"issbdrececash":8.242E8,"recefincash":5.562521262E7,"fininflitse":null,"fininflform":null,"fincashinfl":2.02709844761E9,"debtpaycash":9.7404791308E8,"diviprofpaycash":6.161835341E7,"subspaydivid":null,"finrelacash":2.915886972E7,"finoutfitse":null,"finoutfform":null,"fincashoutf":1.06482513621E9,"finnetitse":null,"finnetform":null,"finnetcflow":9.622733114E8,"chgexchgchgs":50994.69,"netcashitse":null,"netcashform":null,"cashnetr":2.5492069183E8,"inicashbala":7.0973068467E8,"cashfinalitse":null,"cashfinalform":null,"finalcashbala":9.646513765E8,"netprofit":1.1595689063E8,"minysharrigh":null,"unreinveloss":null,"asseimpa":4072920.86,"assedepr":1.0595671918E8,"realestadep":null,"intaasseamor":2912576.18,"longdefeexpenamor":360008.76,"prepexpedecr":null,"accrexpeincr":null,"dispfixedassetloss":6090428.95,"fixedassescraloss":null,"valuechgloss":null,"defeincoincr":null,"estidebts":null,"finexpe":5.377442687E7,"inveloss":null,"defetaxassetdecr":-4925999.85,"defetaxliabincr":null,"inveredu":-2.33918165E7,"receredu":-5.668162197E7,"payaincr":1.224209457E7,"unseparachg":null,"unfiparachg":null,"other":null,"biznetscheitse":null,"biznetscheform":null,"biznetcflow":2.1636662768E8,"debtintocapi":null,"expiconvbd":null,"finfixedasset":null,"cashfinalbala":9.646513765E8,"cashopenbala":7.0973068467E8,"equfinalbala":null,"equopenbala":null,"netcashscheitse":null,"netcashscheform":null,"cashneti":2.5492069183E8},{"compcode":"80155110","publishdate":"20131023","begindate":"20130101","enddate":"20130930","reporttype":"100111","adjustdate":"20131023","accstacode":"2","accstaname":"新会计准则","laborgetcash":1.91528114139E9,"deponetr":null,"bankloannetincr":null,"fininstnetr":null,"inspremcash":null,"insnetc":null,"savinetr":null,"disptradnetincr":null,"charintecash":null,"fdsborrnetr":null,"repnetincr":null,"taxrefd":1.166170381E7,"receotherbizcash":1.0484362465E8,"bizinflitse":null,"bizinflform":null,"bizcashinfl":2.03178646985E9,"labopayc":1.47399640268E9,"loansnetr":null,"tradepaymnetr":null,"paycompgold":null,"payintecash":null,"paydivicash":null,"payworkcash":1.4875201743E8,"paytax":1.3781882614E8,"payacticash":2.5435252628E8,"bizoutfitse":null,"bizoutfform":null,"bizcashoutf":2.01491977253E9,"biznetitse":null,"biznetform":null,"mananetr":1.686669732E7,"withinvgetcash":null,"inveretugetcash":null,"fixedassetnetc":3336870.07,"subsnetc":null,"receinvcash":3107117.41,"reducashpled":null,"invinflitse":null,"invinffrom":null,"invcashinfl":6443987.48,"acquassetcash":6.1158272263E8,"invpayc":8000000.0,"loannetr":null,"subspaynetcash":1.265375705E7,"payinvecash":null,"incrcashpled":null,"invoutfitse":null,"invoutfform":null,"invcashoutf":6.3223647968E8,"netinvitse":null,"netinvform":null,"invnetcashflow":-6.257924922E8,"invrececash":null,"subsrececash":null,"recefromloan":9.5824435904E8,"issbdrececash":8.242E8,"recefincash":null,"fininflitse":null,"fininflform":null,"fincashinfl":1.78244435904E9,"debtpaycash":8.1201420207E8,"diviprofpaycash":4.730121827E7,"subspaydivid":null,"finrelacash":1.2070421677E8,"finoutfitse":null,"finoutfform":null,"fincashoutf":9.8001963711E8,"finnetitse":null,"finnetform":null,"finnetcflow":8.0242472193E8,"chgexchgchgs":750654.44,"netcashitse":null,"netcashform":null,"cashnetr":1.9424958149E8,"inicashbala":7.0973068467E8,"cashfinalitse":null,"cashfinalform":null,"finalcashbala":9.0398026616E8,"netprofit":null,"minysharrigh":null,"unreinveloss":null,"asseimpa":null,"assedepr":null,"realestadep":null,"intaasseamor":null,"longdefeexpenamor":null,"prepexpedecr":null,"accrexpeincr":null,"dispfixedassetloss":null,"fixedassescraloss":null,"valuechgloss":null,"defeincoincr":null,"estidebts":null,"finexpe":null,"inveloss":null,"defetaxassetdecr":null,"defetaxliabincr":null,"inveredu":null,"receredu":null,"payaincr":null,"unseparachg":null,"unfiparachg":null,"other":null,"biznetscheitse":null,"biznetscheform":null,"biznetcflow":null,"debtintocapi":null,"expiconvbd":null,"finfixedasset":null,"cashfinalbala":9.0398026616E8,"cashopenbala":7.0973068467E8,"equfinalbala":null,"equopenbala":null,"netcashscheitse":null,"netcashscheform":null,"cashneti":1.9424958149E8},{"compcode":"80155110","publishdate":"20130823","begindate":"20130101","enddate":"20130630","reporttype":"100111","adjustdate":"20130823","accstacode":"2","accstaname":"新会计准则","laborgetcash":1.19763876412E9,"deponetr":null,"bankloannetincr":null,"fininstnetr":null,"inspremcash":null,"insnetc":null,"savinetr":null,"disptradnetincr":null,"charintecash":null,"fdsborrnetr":null,"repnetincr":null,"taxrefd":1894353.78,"receotherbizcash":7.294685642E7,"bizinflitse":null,"bizinflform":null,"bizcashinfl":1.27247997432E9,"labopayc":9.7191565937E8,"loansnetr":null,"tradepaymnetr":null,"paycompgold":null,"payintecash":null,"paydivicash":null,"payworkcash":1.0182232143E8,"paytax":8.969937951E7,"payacticash":1.6346605006E8,"bizoutfitse":null,"bizoutfform":null,"bizcashoutf":1.32690341037E9,"biznetitse":null,"biznetform":null,"mananetr":-5.442343605E7,"withinvgetcash":null,"inveretugetcash":null,"fixedassetnetc":3336870.07,"subsnetc":null,"receinvcash":3107117.41,"reducashpled":null,"invinflitse":null,"invinffrom":null,"invcashinfl":6443987.48,"acquassetcash":3.9073855423E8,"invpayc":8000000.0,"loannetr":null,"subspaynetcash":1.265375705E7,"payinvecash":null,"incrcashpled":null,"invoutfitse":null,"invoutfform":null,"invcashoutf":4.1139231128E8,"netinvitse":null,"netinvform":null,"invnetcashflow":-4.049483238E8,"invrececash":null,"subsrececash":null,"recefromloan":5.7291123511E8,"issbdrececash":8.242E8,"recefincash":6871935.0,"fininflitse":null,"fininflform":null,"fincashinfl":1.40398317011E9,"debtpaycash":6.906205071E8,"diviprofpaycash":4.161253368E7,"subspaydivid":null,"finrelacash":1.457943486E7,"finoutfitse":null,"finoutfform":null,"fincashoutf":7.4681247564E8,"finnetitse":null,"finnetform":null,"finnetcflow":6.5717069447E8,"chgexchgchgs":-74877.26,"netcashitse":null,"netcashform":null,"cashnetr":1.9772405736E8,"inicashbala":7.0973068467E8,"cashfinalitse":null,"cashfinalform":null,"finalcashbala":9.0745474203E8,"netprofit":8.154356475E7,"minysharrigh":null,"unreinveloss":null,"asseimpa":889588.38,"assedepr":5.103782968E7,"realestadep":null,"intaasseamor":1547247.22,"longdefeexpenamor":180004.38,"prepexpedecr":null,"accrexpeincr":null,"dispfixedassetloss":5257809.37,"fixedassescraloss":null,"valuechgloss":null,"defeincoincr":null,"estidebts":null,"finexpe":2.983214276E7,"inveloss":null,"defetaxassetdecr":-201941.93,"defetaxliabincr":null,"inveredu":-1.2096045256E8,"receredu":-4.077689768E7,"payaincr":-6.277233042E7,"unseparachg":null,"unfiparachg":null,"other":null,"biznetscheitse":null,"biznetscheform":null,"biznetcflow":-5.442343605E7,"debtintocapi":null,"expiconvbd":null,"finfixedasset":null,"cashfinalbala":9.0745474203E8,"cashopenbala":7.0973068467E8,"equfinalbala":null,"equopenbala":null,"netcashscheitse":null,"netcashscheform":null,"cashneti":1.9772405736E8},{"compcode":"80155110","publishdate":"20130426","begindate":"20130101","enddate":"20130331","reporttype":"100111","adjustdate":"20130426","accstacode":"2","accstaname":"新会计准则","laborgetcash":5.8303591361E8,"deponetr":null,"bankloannetincr":null,"fininstnetr":null,"inspremcash":null,"insnetc":null,"savinetr":null,"disptradnetincr":null,"charintecash":null,"fdsborrnetr":null,"repnetincr":null,"taxrefd":null,"receotherbizcash":4.092380764E7,"bizinflitse":null,"bizinflform":null,"bizcashinfl":6.2395972125E8,"labopayc":5.9276947789E8,"loansnetr":null,"tradepaymnetr":null,"paycompgold":null,"payintecash":null,"paydivicash":null,"payworkcash":5.04219187E7,"paytax":6.147906542E7,"payacticash":7.66752209E7,"bizoutfitse":null,"bizoutfform":null,"bizcashoutf":7.8134568291E8,"biznetitse":null,"biznetform":null,"mananetr":-1.5738596166E8,"withinvgetcash":null,"inveretugetcash":null,"fixedassetnetc":2406593.0,"subsnetc":null,"receinvcash":null,"reducashpled":null,"invinflitse":null,"invinffrom":null,"invcashinfl":2406593.0,"acquassetcash":2.2811565171E8,"invpayc":2.06831E7,"loannetr":null,"subspaynetcash":null,"payinvecash":null,"incrcashpled":null,"invoutfitse":null,"invoutfform":null,"invcashoutf":2.4879875171E8,"netinvitse":null,"netinvform":null,"invnetcashflow":-2.4639215871E8,"invrececash":null,"subsrececash":null,"recefromloan":3.0620755032E8,"issbdrececash":8.242E8,"recefincash":null,"fininflitse":null,"fininflform":null,"fincashinfl":1.13040755032E9,"debtpaycash":2.1851458141E8,"diviprofpaycash":6389118.96,"subspaydivid":null,"finrelacash":3276994.97,"finoutfitse":null,"finoutfform":null,"fincashoutf":2.2818069534E8,"finnetitse":null,"finnetform":null,"finnetcflow":9.0222685498E8,"chgexchgchgs":-216612.92,"netcashitse":null,"netcashform":null,"cashnetr":4.9823212169E8,"inicashbala":7.0973068467E8,"cashfinalitse":null,"cashfinalform":null,"finalcashbala":1.20796280636E9,"netprofit":null,"minysharrigh":null,"unreinveloss":null,"asseimpa":null,"assedepr":null,"realestadep":null,"intaasseamor":null,"longdefeexpenamor":null,"prepexpedecr":null,"accrexpeincr":null,"dispfixedassetloss":null,"fixedassescraloss":null,"valuechgloss":null,"defeincoincr":null,"estidebts":null,"finexpe":null,"inveloss":null,"defetaxassetdecr":null,"defetaxliabincr":null,"inveredu":null,"receredu":null,"payaincr":null,"unseparachg":null,"unfiparachg":null,"other":null,"biznetscheitse":null,"biznetscheform":null,"biznetcflow":null,"debtintocapi":null,"expiconvbd":null,"finfixedasset":null,"cashfinalbala":1.20796280636E9,"cashopenbala":7.0973068467E8,"equfinalbala":null,"equopenbala":null,"netcashscheitse":null,"netcashscheform":null,"cashneti":4.9823212169E8},{"compcode":"80155110","publishdate":"20130424","begindate":"20120101","enddate":"20121231","reporttype":"100111","adjustdate":"20130424","accstacode":"2","accstaname":"新会计准则","laborgetcash":2.60872712926E9,"deponetr":null,"bankloannetincr":null,"fininstnetr":null,"inspremcash":null,"insnetc":null,"savinetr":null,"disptradnetincr":null,"charintecash":null,"fdsborrnetr":null,"repnetincr":null,"taxrefd":22567.44,"receotherbizcash":4.827651311E7,"bizinflitse":null,"bizinflform":null,"bizcashinfl":2.65702620981E9,"labopayc":1.86886062493E9,"loansnetr":null,"tradepaymnetr":null,"paycompgold":null,"payintecash":null,"paydivicash":null,"payworkcash":1.5093170915E8,"paytax":1.5394574419E8,"payacticash":1.8928778393E8,"bizoutfitse":null,"bizoutfform":null,"bizcashoutf":2.3630258622E9,"biznetitse":null,"biznetform":null,"mananetr":2.9400034761E8,"withinvgetcash":null,"inveretugetcash":null,"fixedassetnetc":1277503.0,"subsnetc":null,"receinvcash":null,"reducashpled":null,"invinflitse":null,"invinffrom":null,"invcashinfl":1277503.0,"acquassetcash":6.1797553526E8,"invpayc":null,"loannetr":null,"subspaynetcash":null,"payinvecash":3107117.41,"incrcashpled":null,"invoutfitse":null,"invoutfform":null,"invcashoutf":6.2108265267E8,"netinvitse":null,"netinvform":null,"invnetcashflow":-6.1980514967E8,"invrececash":null,"subsrececash":null,"recefromloan":6.4822395885E8,"issbdrececash":null,"recefincash":2.6531037616E8,"fininflitse":null,"fininflform":null,"fincashinfl":9.1353433501E8,"debtpaycash":4.9506776469E8,"diviprofpaycash":5.944573154E7,"subspaydivid":null,"finrelacash":5920000.0,"finoutfitse":null,"finoutfform":null,"fincashoutf":5.6043349623E8,"finnetitse":null,"finnetform":null,"finnetcflow":3.5310083878E8,"chgexchgchgs":-884534.16,"netcashitse":null,"netcashform":null,"cashnetr":2.641150256E7,"inicashbala":6.8331918211E8,"cashfinalitse":null,"cashfinalform":null,"finalcashbala":7.0973068467E8,"netprofit":1.588766137E8,"minysharrigh":null,"unreinveloss":null,"asseimpa":2943969.89,"assedepr":7.022137256E7,"realestadep":null,"intaasseamor":2246361.56,"longdefeexpenamor":360008.76,"prepexpedecr":null,"accrexpeincr":null,"dispfixedassetloss":6311792.08,"fixedassescraloss":null,"valuechgloss":null,"defeincoincr":null,"estidebts":null,"finexpe":2.758807272E7,"inveloss":-473.92,"defetaxassetdecr":-1192110.44,"defetaxliabincr":null,"inveredu":-6.950069751E7,"receredu":-1.1024402315E8,"payaincr":2.0638946136E8,"unseparachg":null,"unfiparachg":null,"other":null,"biznetscheitse":null,"biznetscheform":null,"biznetcflow":2.9400034761E8,"debtintocapi":null,"expiconvbd":null,"finfixedasset":null,"cashfinalbala":7.0973068467E8,"cashopenbala":6.8331918211E8,"equfinalbala":null,"equopenbala":null,"netcashscheitse":null,"netcashscheform":null,"cashneti":2.641150256E7},{"compcode":"80155110","publishdate":"20121026","begindate":"20120101","enddate":"20120930","reporttype":"100111","adjustdate":"20121026","accstacode":"2","accstaname":"新会计准则","laborgetcash":1.8234920748E9,"deponetr":null,"bankloannetincr":null,"fininstnetr":null,"inspremcash":null,"insnetc":null,"savinetr":null,"disptradnetincr":null,"charintecash":null,"fdsborrnetr":null,"repnetincr":null,"taxrefd":25067.44,"receotherbizcash":3.821457401E7,"bizinflitse":null,"bizinflform":null,"bizcashinfl":1.86173171625E9,"labopayc":1.22574376669E9,"loansnetr":null,"tradepaymnetr":null,"paycompgold":null,"payintecash":null,"paydivicash":null,"payworkcash":1.1183451975E8,"paytax":1.1813339895E8,"payacticash":1.5211366624E8,"bizoutfitse":null,"bizoutfform":null,"bizcashoutf":1.60782535163E9,"biznetitse":null,"biznetform":null,"mananetr":2.5390636462E8,"withinvgetcash":null,"inveretugetcash":null,"fixedassetnetc":281110.9,"subsnetc":null,"receinvcash":null,"reducashpled":null,"invinflitse":null,"invinffrom":null,"invcashinfl":281110.9,"acquassetcash":3.9749112911E8,"invpayc":null,"loannetr":null,"subspaynetcash":null,"payinvecash":null,"incrcashpled":null,"invoutfitse":null,"invoutfform":null,"invcashoutf":3.9749112911E8,"netinvitse":null,"netinvform":null,"invnetcashflow":-3.9721001821E8,"invrececash":null,"subsrececash":null,"recefromloan":4.7951157277E8,"issbdrececash":null,"recefincash":3.939944466E7,"fininflitse":null,"fininflform":null,"fincashinfl":5.1891101743E8,"debtpaycash":4.2436947869E8,"diviprofpaycash":5.495348667E7,"subspaydivid":null,"finrelacash":null,"finoutfitse":null,"finoutfform":null,"fincashoutf":4.7932296536E8,"finnetitse":null,"finnetform":null,"finnetcflow":3.958805207E7,"chgexchgchgs":-600458.45,"netcashitse":null,"netcashform":null,"cashnetr":-1.0431605997E8,"inicashbala":6.8331918211E8,"cashfinalitse":null,"cashfinalform":null,"finalcashbala":5.7900312214E8,"netprofit":null,"minysharrigh":null,"unreinveloss":null,"asseimpa":null,"assedepr":null,"realestadep":null,"intaasseamor":null,"longdefeexpenamor":null,"prepexpedecr":null,"accrexpeincr":null,"dispfixedassetloss":null,"fixedassescraloss":null,"valuechgloss":null,"defeincoincr":null,"estidebts":null,"finexpe":null,"inveloss":null,"defetaxassetdecr":null,"defetaxliabincr":null,"inveredu":null,"receredu":null,"payaincr":null,"unseparachg":null,"unfiparachg":null,"other":null,"biznetscheitse":null,"biznetscheform":null,"biznetcflow":null,"debtintocapi":null,"expiconvbd":null,"finfixedasset":null,"cashfinalbala":5.7900312214E8,"cashopenbala":6.8331918211E8,"equfinalbala":null,"equopenbala":null,"netcashscheitse":null,"netcashscheform":null,"cashneti":-1.0431605997E8},{"compcode":"80155110","publishdate":"20120809","begindate":"20120101","enddate":"20120630","reporttype":"100111","adjustdate":"20120809","accstacode":"2","accstaname":"新会计准则","laborgetcash":1.18319158391E9,"deponetr":0.0,"bankloannetincr":0.0,"fininstnetr":0.0,"inspremcash":0.0,"insnetc":0.0,"savinetr":0.0,"disptradnetincr":0.0,"charintecash":0.0,"fdsborrnetr":0.0,"repnetincr":0.0,"taxrefd":0.0,"receotherbizcash":2.727297728E7,"bizinflitse":null,"bizinflform":null,"bizcashinfl":1.21046456119E9,"labopayc":8.6263050448E8,"loansnetr":0.0,"tradepaymnetr":0.0,"paycompgold":0.0,"payintecash":0.0,"paydivicash":0.0,"payworkcash":7.457598489E7,"paytax":7.534589164E7,"payacticash":8.763691253E7,"bizoutfitse":null,"bizoutfform":null,"bizcashoutf":1.10018929354E9,"biznetitse":null,"biznetform":null,"mananetr":1.1027526765E8,"withinvgetcash":0.0,"inveretugetcash":0.0,"fixedassetnetc":0.0,"subsnetc":0.0,"receinvcash":0.0,"reducashpled":null,"invinflitse":null,"invinffrom":null,"invcashinfl":0.0,"acquassetcash":2.7737395547E8,"invpayc":0.0,"loannetr":0.0,"subspaynetcash":0.0,"payinvecash":0.0,"incrcashpled":null,"invoutfitse":null,"invoutfform":null,"invcashoutf":2.7737395547E8,"netinvitse":null,"netinvform":null,"invnetcashflow":-2.7737395547E8,"invrececash":0.0,"subsrececash":0.0,"recefromloan":2.8751157277E8,"issbdrececash":0.0,"recefincash":4.496633644E7,"fininflitse":null,"fininflform":null,"fincashinfl":3.3247790921E8,"debtpaycash":2.6530343929E8,"diviprofpaycash":5.042009142E7,"subspaydivid":0.0,"finrelacash":0.0,"finoutfitse":null,"finoutfform":null,"fincashoutf":3.1572353071E8,"finnetitse":null,"finnetform":null,"finnetcflow":1.67543785E7,"chgexchgchgs":-640443.25,"netcashitse":null,"netcashform":null,"cashnetr":-1.5098475257E8,"inicashbala":6.8331918211E8,"cashfinalitse":null,"cashfinalform":null,"finalcashbala":5.3233442954E8,"netprofit":6.561245115E7,"minysharrigh":null,"unreinveloss":null,"asseimpa":-638164.54,"assedepr":3.321010684E7,"realestadep":null,"intaasseamor":932571.95,"longdefeexpenamor":180004.38,"prepexpedecr":null,"accrexpeincr":null,"dispfixedassetloss":132506.64,"fixedassescraloss":1632659.17,"valuechgloss":null,"defeincoincr":null,"estidebts":null,"finexpe":1.567034742E7,"inveloss":null,"defetaxassetdecr":-98376.92,"defetaxliabincr":null,"inveredu":1.238710361E7,"receredu":-1.094651926E7,"payaincr":-7799422.78,"unseparachg":null,"unfiparachg":null,"other":null,"biznetscheitse":-0.01,"biznetscheform":null,"biznetcflow":1.1027526765E8,"debtintocapi":null,"expiconvbd":null,"finfixedasset":null,"cashfinalbala":5.3233442954E8,"cashopenbala":6.8331918211E8,"equfinalbala":null,"equopenbala":null,"netcashscheitse":null,"netcashscheform":null,"cashneti":-1.5098475257E8},{"compcode":"80155110","publishdate":"20120418","begindate":"20120101","enddate":"20120331","reporttype":"100111","adjustdate":"20120418","accstacode":"2","accstaname":"新会计准则","laborgetcash":5.6670404541E8,"deponetr":null,"bankloannetincr":null,"fininstnetr":null,"inspremcash":null,"insnetc":null,"savinetr":null,"disptradnetincr":null,"charintecash":null,"fdsborrnetr":null,"repnetincr":null,"taxrefd":null,"receotherbizcash":1.187980426E7,"bizinflitse":null,"bizinflform":null,"bizcashinfl":5.7858384967E8,"labopayc":4.5932742462E8,"loansnetr":null,"tradepaymnetr":null,"paycompgold":null,"payintecash":null,"paydivicash":null,"payworkcash":3.945175874E7,"paytax":3.538734187E7,"payacticash":4.97788127E7,"bizoutfitse":null,"bizoutfform":null,"bizcashoutf":5.8394533793E8,"biznetitse":null,"biznetform":null,"mananetr":-5361488.26,"withinvgetcash":null,"inveretugetcash":null,"fixedassetnetc":null,"subsnetc":null,"receinvcash":null,"reducashpled":null,"invinflitse":null,"invinffrom":null,"invcashinfl":0.0,"acquassetcash":1.1672650816E8,"invpayc":0.0,"loannetr":null,"subspaynetcash":null,"payinvecash":161250.0,"incrcashpled":null,"invoutfitse":null,"invoutfform":null,"invcashoutf":1.1688775816E8,"netinvitse":null,"netinvform":null,"invnetcashflow":-1.1688775816E8,"invrececash":null,"subsrececash":null,"recefromloan":1.1765512976E8,"issbdrececash":null,"recefincash":null,"fininflitse":null,"fininflform":null,"fincashinfl":1.1765512976E8,"debtpaycash":1.0164458234E8,"diviprofpaycash":7092518.94,"subspaydivid":null,"finrelacash":null,"finoutfitse":null,"finoutfform":null,"fincashoutf":1.0873710128E8,"finnetitse":null,"finnetform":null,"finnetcflow":8918028.48,"chgexchgchgs":-585163.29,"netcashitse":null,"netcashform":null,"cashnetr":-1.1391638123E8,"inicashbala":6.8331918211E8,"cashfinalitse":null,"cashfinalform":null,"finalcashbala":5.6940280088E8,"netprofit":null,"minysharrigh":null,"unreinveloss":null,"asseimpa":null,"assedepr":null,"realestadep":null,"intaasseamor":null,"longdefeexpenamor":null,"prepexpedecr":null,"accrexpeincr":null,"dispfixedassetloss":null,"fixedassescraloss":null,"valuechgloss":null,"defeincoincr":null,"estidebts":null,"finexpe":null,"inveloss":null,"defetaxassetdecr":null,"defetaxliabincr":null,"inveredu":null,"receredu":null,"payaincr":null,"unseparachg":null,"unfiparachg":null,"other":null,"biznetscheitse":null,"biznetscheform":null,"biznetcflow":null,"debtintocapi":null,"expiconvbd":null,"finfixedasset":null,"cashfinalbala":5.6940280088E8,"cashopenbala":6.8331918211E8,"equfinalbala":null,"equopenbala":null,"netcashscheitse":null,"netcashscheform":null,"cashneti":-1.1391638123E8},{"compcode":"80155110","publishdate":"20120416","begindate":"20110101","enddate":"20111231","reporttype":"100111","adjustdate":"20120416","accstacode":"2","accstaname":"新会计准则","laborgetcash":1.97020908204E9,"deponetr":null,"bankloannetincr":null,"fininstnetr":null,"inspremcash":null,"insnetc":null,"savinetr":null,"disptradnetincr":null,"charintecash":null,"fdsborrnetr":null,"repnetincr":null,"taxrefd":null,"receotherbizcash":6.489060144E7,"bizinflitse":null,"bizinflform":null,"bizcashinfl":2.03509968348E9,"labopayc":1.60750403139E9,"loansnetr":null,"tradepaymnetr":null,"paycompgold":null,"payintecash":null,"paydivicash":null,"payworkcash":1.3859778229E8,"paytax":1.4032150649E8,"payacticash":1.8564428709E8,"bizoutfitse":null,"bizoutfform":null,"bizcashoutf":2.07206760726E9,"biznetitse":null,"biznetform":null,"mananetr":-3.696792378E7,"withinvgetcash":null,"inveretugetcash":null,"fixedassetnetc":9689.0,"subsnetc":null,"receinvcash":null,"reducashpled":null,"invinflitse":null,"invinffrom":null,"invcashinfl":9689.0,"acquassetcash":3.0565941166E8,"invpayc":null,"loannetr":null,"subspaynetcash":null,"payinvecash":null,"incrcashpled":null,"invoutfitse":null,"invoutfform":null,"invcashoutf":3.0565941166E8,"netinvitse":null,"netinvform":null,"invnetcashflow":-3.0564972266E8,"invrececash":null,"subsrececash":null,"recefromloan":4.7125506167E8,"issbdrececash":null,"recefincash":null,"fininflitse":null,"fininflform":null,"fincashinfl":4.7125506167E8,"debtpaycash":8.6531420778E8,"diviprofpaycash":2.43409435E7,"subspaydivid":null,"finrelacash":3.896006769E7,"finoutfitse":null,"finoutfform":null,"fincashoutf":9.2861521897E8,"finnetitse":null,"finnetform":null,"finnetcflow":-4.573601573E8,"chgexchgchgs":-964581.22,"netcashitse":null,"netcashform":null,"cashnetr":-8.0094238496E8,"inicashbala":1.48426156707E9,"cashfinalitse":null,"cashfinalform":null,"finalcashbala":6.8331918211E8,"netprofit":8.069575833E7,"minysharrigh":null,"unreinveloss":null,"asseimpa":-8337314.88,"assedepr":5.81783876E7,"realestadep":null,"intaasseamor":1889737.7,"longdefeexpenamor":433934.12,"prepexpedecr":null,"accrexpeincr":null,"dispfixedassetloss":47612.92,"fixedassescraloss":null,"valuechgloss":null,"defeincoincr":null,"estidebts":null,"finexpe":2.589906351E7,"inveloss":null,"defetaxassetdecr":-4101681.39,"defetaxliabincr":null,"inveredu":-9.718430226E7,"receredu":2.724511029E7,"payaincr":-1.2173422972E8,"unseparachg":null,"unfiparachg":null,"other":null,"biznetscheitse":null,"biznetscheform":null,"biznetcflow":-3.696792378E7,"debtintocapi":null,"expiconvbd":null,"finfixedasset":null,"cashfinalbala":6.8331918211E8,"cashopenbala":1.48426156707E9,"equfinalbala":null,"equopenbala":null,"netcashscheitse":null,"netcashscheform":null,"cashneti":-8.0094238496E8},{"compcode":"80155110","publishdate":"20111026","begindate":"20110101","enddate":"20110930","reporttype":"100111","adjustdate":"20111026","accstacode":"2","accstaname":"新会计准则","laborgetcash":1.38428527651E9,"deponetr":null,"bankloannetincr":null,"fininstnetr":null,"inspremcash":null,"insnetc":null,"savinetr":null,"disptradnetincr":null,"charintecash":null,"fdsborrnetr":null,"repnetincr":null,"taxrefd":42409.64,"receotherbizcash":5.038748805E7,"bizinflitse":null,"bizinflform":null,"bizcashinfl":1.4347151742E9,"labopayc":1.09873691945E9,"loansnetr":null,"tradepaymnetr":null,"paycompgold":null,"payintecash":null,"paydivicash":null,"payworkcash":1.0623863864E8,"paytax":1.1281414969E8,"payacticash":1.7345575233E8,"bizoutfitse":null,"bizoutfform":null,"bizcashoutf":1.49124546011E9,"biznetitse":null,"biznetform":null,"mananetr":-5.653028591E7,"withinvgetcash":null,"inveretugetcash":null,"fixedassetnetc":3367.0,"subsnetc":null,"receinvcash":null,"reducashpled":null,"invinflitse":null,"invinffrom":null,"invcashinfl":3367.0,"acquassetcash":2.0104448213E8,"invpayc":null,"loannetr":null,"subspaynetcash":null,"payinvecash":null,"incrcashpled":null,"invoutfitse":null,"invoutfform":null,"invcashoutf":2.0104448213E8,"netinvitse":null,"netinvform":null,"invnetcashflow":-2.0104111513E8,"invrececash":null,"subsrececash":null,"recefromloan":2.6466899516E8,"issbdrececash":null,"recefincash":null,"fininflitse":null,"fininflform":null,"fincashinfl":2.6466899516E8,"debtpaycash":7.1907502491E8,"diviprofpaycash":1.694834508E7,"subspaydivid":null,"finrelacash":1.1467572706E8,"finoutfitse":null,"finoutfform":null,"fincashoutf":8.5069909705E8,"finnetitse":null,"finnetform":null,"finnetcflow":-5.8603010189E8,"chgexchgchgs":-757893.11,"netcashitse":null,"netcashform":null,"cashnetr":-8.4435939604E8,"inicashbala":1.48426156707E9,"cashfinalitse":null,"cashfinalform":null,"finalcashbala":6.3990217103E8,"netprofit":null,"minysharrigh":null,"unreinveloss":null,"asseimpa":null,"assedepr":null,"realestadep":null,"intaasseamor":null,"longdefeexpenamor":null,"prepexpedecr":null,"accrexpeincr":null,"dispfixedassetloss":null,"fixedassescraloss":null,"valuechgloss":null,"defeincoincr":null,"estidebts":null,"finexpe":null,"inveloss":null,"defetaxassetdecr":null,"defetaxliabincr":null,"inveredu":null,"receredu":null,"payaincr":null,"unseparachg":null,"unfiparachg":null,"other":null,"biznetscheitse":null,"biznetscheform":null,"biznetcflow":null,"debtintocapi":null,"expiconvbd":null,"finfixedasset":null,"cashfinalbala":6.3990217103E8,"cashopenbala":1.48426156707E9,"equfinalbala":null,"equopenbala":null,"netcashscheitse":null,"netcashscheform":null,"cashneti":-8.4435939604E8},{"compcode":"80155110","publishdate":"20110815","begindate":"20110101","enddate":"20110630","reporttype":"100111","adjustdate":"20110815","accstacode":"2","accstaname":"新会计准则","laborgetcash":9.3422580342E8,"deponetr":null,"bankloannetincr":null,"fininstnetr":null,"inspremcash":null,"insnetc":null,"savinetr":null,"disptradnetincr":null,"charintecash":null,"fdsborrnetr":null,"repnetincr":null,"taxrefd":null,"receotherbizcash":3.853200137E7,"bizinflitse":null,"bizinflform":null,"bizcashinfl":9.7275780479E8,"labopayc":7.5452199021E8,"loansnetr":null,"tradepaymnetr":null,"paycompgold":null,"payintecash":null,"paydivicash":null,"payworkcash":7.303497443E7,"paytax":7.983861854E7,"payacticash":1.1977445863E8,"bizoutfitse":null,"bizoutfform":null,"bizcashoutf":1.02717004181E9,"biznetitse":null,"biznetform":null,"mananetr":-5.441223702E7,"withinvgetcash":null,"inveretugetcash":null,"fixedassetnetc":null,"subsnetc":null,"receinvcash":null,"reducashpled":null,"invinflitse":null,"invinffrom":null,"invcashinfl":0.0,"acquassetcash":1.1097992214E8,"invpayc":null,"loannetr":null,"subspaynetcash":null,"payinvecash":null,"incrcashpled":null,"invoutfitse":null,"invoutfform":null,"invcashoutf":1.1097992214E8,"netinvitse":null,"netinvform":null,"invnetcashflow":-1.1097992214E8,"invrececash":null,"subsrececash":null,"recefromloan":1.1102370852E8,"issbdrececash":null,"recefincash":null,"fininflitse":null,"fininflform":null,"fincashinfl":1.1102370852E8,"debtpaycash":4.5640431665E8,"diviprofpaycash":1.297734459E7,"subspaydivid":null,"finrelacash":1.1221021478E8,"finoutfitse":null,"finoutfform":null,"fincashoutf":5.8159187602E8,"finnetitse":null,"finnetform":null,"finnetcflow":-4.705681675E8,"chgexchgchgs":-704464.9,"netcashitse":null,"netcashform":null,"cashnetr":-6.3666479156E8,"inicashbala":1.48426156707E9,"cashfinalitse":null,"cashfinalform":null,"finalcashbala":8.4759677551E8,"netprofit":4.785675452E7,"minysharrigh":null,"unreinveloss":null,"asseimpa":-5703013.11,"assedepr":2.937066606E7,"realestadep":null,"intaasseamor":969025.45,"longdefeexpenamor":198485.7,"prepexpedecr":null,"accrexpeincr":null,"dispfixedassetloss":null,"fixedassescraloss":null,"valuechgloss":null,"defeincoincr":null,"estidebts":null,"finexpe":6561978.49,"inveloss":null,"defetaxassetdecr":964769.33,"defetaxliabincr":null,"inveredu":-1.1519601037E8,"receredu":-8.933673763E7,"payaincr":6.990184454E7,"unseparachg":null,"unfiparachg":null,"other":null,"biznetscheitse":null,"biznetscheform":null,"biznetcflow":-5.441223702E7,"debtintocapi":null,"expiconvbd":null,"finfixedasset":null,"cashfinalbala":8.4759677551E8,"cashopenbala":1.48426156707E9,"equfinalbala":null,"equopenbala":null,"netcashscheitse":null,"netcashscheform":null,"cashneti":-6.3666479156E8},{"compcode":"80155110","publishdate":"20110426","begindate":"20110101","enddate":"20110331","reporttype":"100111","adjustdate":"20110426","accstacode":"2","accstaname":"新会计准则","laborgetcash":4.5635373735E8,"deponetr":null,"bankloannetincr":null,"fininstnetr":null,"inspremcash":null,"insnetc":null,"savinetr":null,"disptradnetincr":null,"charintecash":null,"fdsborrnetr":null,"repnetincr":null,"taxrefd":null,"receotherbizcash":1.686958028E7,"bizinflitse":null,"bizinflform":null,"bizcashinfl":4.7322331763E8,"labopayc":3.7536318504E8,"loansnetr":null,"tradepaymnetr":null,"paycompgold":null,"payintecash":null,"paydivicash":null,"payworkcash":3.672567007E7,"paytax":4.213407554E7,"payacticash":4.749577385E7,"bizoutfitse":null,"bizoutfform":null,"bizcashoutf":5.017187045E8,"biznetitse":null,"biznetform":null,"mananetr":-2.849538687E7,"withinvgetcash":null,"inveretugetcash":null,"fixedassetnetc":null,"subsnetc":null,"receinvcash":null,"reducashpled":null,"invinflitse":null,"invinffrom":null,"invcashinfl":0.0,"acquassetcash":5.84809008E7,"invpayc":null,"loannetr":null,"subspaynetcash":null,"payinvecash":null,"incrcashpled":null,"invoutfitse":null,"invoutfform":null,"invcashoutf":5.84809008E7,"netinvitse":null,"netinvform":null,"invnetcashflow":-5.84809008E7,"invrececash":null,"subsrececash":null,"recefromloan":null,"issbdrececash":null,"recefincash":null,"fininflitse":null,"fininflform":null,"fincashinfl":0.0,"debtpaycash":1.6362272897E8,"diviprofpaycash":8047824.41,"subspaydivid":null,"finrelacash":null,"finoutfitse":null,"finoutfform":null,"fincashoutf":1.7167055338E8,"finnetitse":null,"finnetform":null,"finnetcflow":-1.7167055338E8,"chgexchgchgs":-337300.84,"netcashitse":null,"netcashform":null,"cashnetr":-2.5898414189E8,"inicashbala":1.48426161238E9,"cashfinalitse":null,"cashfinalform":null,"finalcashbala":1.22527747049E9,"netprofit":null,"minysharrigh":null,"unreinveloss":null,"asseimpa":null,"assedepr":null,"realestadep":null,"intaasseamor":null,"longdefeexpenamor":null,"prepexpedecr":null,"accrexpeincr":null,"dispfixedassetloss":null,"fixedassescraloss":null,"valuechgloss":null,"defeincoincr":null,"estidebts":null,"finexpe":null,"inveloss":null,"defetaxassetdecr":null,"defetaxliabincr":null,"inveredu":null,"receredu":null,"payaincr":null,"unseparachg":null,"unfiparachg":null,"other":null,"biznetscheitse":null,"biznetscheform":null,"biznetcflow":null,"debtintocapi":null,"expiconvbd":null,"finfixedasset":null,"cashfinalbala":1.22527747049E9,"cashopenbala":1.48426161238E9,"equfinalbala":null,"equopenbala":null,"netcashscheitse":null,"netcashscheform":null,"cashneti":-2.5898414189E8},{"compcode":"80155110","publishdate":"20110426","begindate":"20100101","enddate":"20101231","reporttype":"100111","adjustdate":"20110426","accstacode":"2","accstaname":"新会计准则","laborgetcash":1.90891123599E9,"deponetr":null,"bankloannetincr":null,"fininstnetr":null,"inspremcash":null,"insnetc":null,"savinetr":null,"disptradnetincr":null,"charintecash":null,"fdsborrnetr":null,"repnetincr":null,"taxrefd":null,"receotherbizcash":3.169573251E7,"bizinflitse":null,"bizinflform":null,"bizcashinfl":1.9406069685E9,"labopayc":1.3981584321E9,"loansnetr":null,"tradepaymnetr":null,"paycompgold":null,"payintecash":null,"paydivicash":null,"payworkcash":1.3869049734E8,"paytax":1.4970414724E8,"payacticash":1.6694721973E8,"bizoutfitse":null,"bizoutfform":null,"bizcashoutf":1.85350029641E9,"biznetitse":null,"biznetform":null,"mananetr":8.710667209E7,"withinvgetcash":null,"inveretugetcash":null,"fixedassetnetc":114965.44,"subsnetc":null,"receinvcash":null,"reducashpled":null,"invinflitse":null,"invinffrom":null,"invcashinfl":114965.44,"acquassetcash":1.8665780952E8,"invpayc":9.962182771E7,"loannetr":null,"subspaynetcash":null,"payinvecash":null,"incrcashpled":null,"invoutfitse":null,"invoutfform":null,"invcashoutf":2.8627963723E8,"netinvitse":null,"netinvform":null,"invnetcashflow":-2.8616467179E8,"invrececash":1.4668E9,"subsrececash":null,"recefromloan":1.03509899507E9,"issbdrececash":null,"recefincash":null,"fininflitse":null,"fininflform":null,"fincashinfl":2.50189899507E9,"debtpaycash":7.8802444653E8,"diviprofpaycash":3.391289865E7,"subspaydivid":null,"finrelacash":1.7308393737E8,"finoutfitse":null,"finoutfform":null,"fincashoutf":9.9502128255E8,"finnetitse":null,"finnetform":null,"finnetcflow":1.50687771252E9,"chgexchgchgs":-145712.67,"netcashitse":null,"netcashform":null,"cashnetr":1.30767400015E9,"inicashbala":1.7658756692E8,"cashfinalitse":null,"cashfinalform":null,"finalcashbala":1.48426156707E9,"netprofit":1.1974679823E8,"minysharrigh":null,"unreinveloss":null,"asseimpa":7317381.28,"assedepr":4.796575214E7,"realestadep":null,"intaasseamor":1851962.52,"longdefeexpenamor":241904.29,"prepexpedecr":null,"accrexpeincr":null,"dispfixedassetloss":269002.53,"fixedassescraloss":301106.84,"valuechgloss":null,"defeincoincr":null,"estidebts":null,"finexpe":3.357743078E7,"inveloss":null,"defetaxassetdecr":-7333116.01,"defetaxliabincr":null,"inveredu":-1.4519694672E8,"receredu":-3.165780886E7,"payaincr":6.002320507E7,"unseparachg":null,"unfiparachg":null,"other":null,"biznetscheitse":null,"biznetscheform":null,"biznetcflow":8.710667209E7,"debtintocapi":null,"expiconvbd":null,"finfixedasset":null,"cashfinalbala":1.48426156707E9,"cashopenbala":1.7658756692E8,"equfinalbala":null,"equopenbala":null,"netcashscheitse":null,"netcashscheform":null,"cashneti":1.30767400015E9},{"compcode":"80155110","publishdate":"20101124","begindate":"20100101","enddate":"20100930","reporttype":"100111","adjustdate":"19000101","accstacode":"2","accstaname":"新会计准则","laborgetcash":1.4013782192E9,"deponetr":0.0,"bankloannetincr":0.0,"fininstnetr":0.0,"inspremcash":0.0,"insnetc":0.0,"savinetr":0.0,"disptradnetincr":0.0,"charintecash":0.0,"fdsborrnetr":0.0,"repnetincr":0.0,"taxrefd":1456846.36,"receotherbizcash":3.421030968E7,"bizinflitse":0.0,"bizinflform":0.0,"bizcashinfl":1.43704537524E9,"labopayc":9.3463622395E8,"loansnetr":0.0,"tradepaymnetr":0.0,"paycompgold":0.0,"payintecash":0.0,"paydivicash":0.0,"payworkcash":1.0944142037E8,"paytax":1.1652882861E8,"payacticash":1.6775439782E8,"bizoutfitse":0.0,"bizoutfform":0.0,"bizcashoutf":1.32836087075E9,"biznetitse":0.0,"biznetform":0.0,"mananetr":1.0868450449E8,"withinvgetcash":0.0,"inveretugetcash":0.0,"fixedassetnetc":128320.0,"subsnetc":0.0,"receinvcash":0.0,"reducashpled":0.0,"invinflitse":0.0,"invinffrom":0.0,"invcashinfl":128320.0,"acquassetcash":1.3841706577E8,"invpayc":0.0,"loannetr":0.0,"subspaynetcash":0.0,"payinvecash":0.0,"incrcashpled":0.0,"invoutfitse":0.0,"invoutfform":0.0,"invcashoutf":1.3841706577E8,"netinvitse":0.0,"netinvform":0.0,"invnetcashflow":-1.3828874577E8,"invrececash":0.0,"subsrececash":0.0,"recefromloan":7.275220668E8,"issbdrececash":0.0,"recefincash":0.0,"fininflitse":0.0,"fininflform":0.0,"fincashinfl":7.275220668E8,"debtpaycash":5.8757130569E8,"diviprofpaycash":2.400998644E7,"subspaydivid":0.0,"finrelacash":1.3857842207E8,"finoutfitse":0.0,"finoutfform":0.0,"fincashoutf":7.501597142E8,"finnetitse":0.0,"finnetform":0.0,"finnetcflow":-2.26376474E7,"chgexchgchgs":-219371.49,"netcashitse":0.0,"netcashform":0.0,"cashnetr":-5.246126017E7,"inicashbala":1.7658756692E8,"cashfinalitse":0.0,"cashfinalform":0.0,"finalcashbala":1.2412630675E8,"netprofit":0.0,"minysharrigh":0.0,"unreinveloss":0.0,"asseimpa":0.0,"assedepr":0.0,"realestadep":0.0,"intaasseamor":0.0,"longdefeexpenamor":0.0,"prepexpedecr":0.0,"accrexpeincr":0.0,"dispfixedassetloss":0.0,"fixedassescraloss":0.0,"valuechgloss":0.0,"defeincoincr":0.0,"estidebts":0.0,"finexpe":0.0,"inveloss":0.0,"defetaxassetdecr":0.0,"defetaxliabincr":0.0,"inveredu":0.0,"receredu":0.0,"payaincr":0.0,"unseparachg":0.0,"unfiparachg":0.0,"other":0.0,"biznetscheitse":0.0,"biznetscheform":0.0,"biznetcflow":0.0,"debtintocapi":0.0,"expiconvbd":0.0,"finfixedasset":0.0,"cashfinalbala":1.2412630675E8,"cashopenbala":1.7658756692E8,"equfinalbala":0.0,"equopenbala":0.0,"netcashscheitse":0.0,"netcashscheform":0.0,"cashneti":-5.246126017E7},{"compcode":"80155110","publishdate":"20101105","begindate":"20100101","enddate":"20100630","reporttype":"100111","adjustdate":"19000101","accstacode":"2","accstaname":"新会计准则","laborgetcash":9.5387833261E8,"deponetr":0.0,"bankloannetincr":0.0,"fininstnetr":0.0,"inspremcash":0.0,"insnetc":0.0,"savinetr":0.0,"disptradnetincr":0.0,"charintecash":0.0,"fdsborrnetr":0.0,"repnetincr":0.0,"taxrefd":0.0,"receotherbizcash":1.126708154E7,"bizinflitse":null,"bizinflform":null,"bizcashinfl":9.6514541415E8,"labopayc":6.0985733515E8,"loansnetr":0.0,"tradepaymnetr":0.0,"paycompgold":0.0,"payintecash":0.0,"paydivicash":0.0,"payworkcash":7.892161397E7,"paytax":8.481951986E7,"payacticash":1.1488208763E8,"bizoutfitse":null,"bizoutfform":null,"bizcashoutf":8.8848055661E8,"biznetitse":null,"biznetform":null,"mananetr":7.666485754E7,"withinvgetcash":0.0,"inveretugetcash":0.0,"fixedassetnetc":112720.0,"subsnetc":0.0,"receinvcash":0.0,"reducashpled":0.0,"invinflitse":null,"invinffrom":null,"invcashinfl":112720.0,"acquassetcash":3.888427831E7,"invpayc":0.0,"loannetr":0.0,"subspaynetcash":0.0,"payinvecash":0.0,"incrcashpled":0.0,"invoutfitse":null,"invoutfform":null,"invcashoutf":3.888427831E7,"netinvitse":null,"netinvform":null,"invnetcashflow":-3.877155831E7,"invrececash":0.0,"subsrececash":0.0,"recefromloan":5.0612221177E8,"issbdrececash":0.0,"recefincash":0.0,"fininflitse":null,"fininflform":null,"fincashinfl":5.0612221177E8,"debtpaycash":3.1339328835E8,"diviprofpaycash":1.514691888E7,"subspaydivid":0.0,"finrelacash":1.2610649761E8,"finoutfitse":null,"finoutfform":null,"fincashoutf":4.5464670484E8,"finnetitse":null,"finnetform":null,"finnetcflow":5.147550693E7,"chgexchgchgs":-143571.62,"netcashitse":null,"netcashform":null,"cashnetr":8.922523454E7,"inicashbala":1.7658756692E8,"cashfinalitse":null,"cashfinalform":null,"finalcashbala":2.6581280146E8,"netprofit":8.266129495E7,"minysharrigh":0.0,"unreinveloss":0.0,"asseimpa":-411634.05,"assedepr":2.381444652E7,"realestadep":0.0,"intaasseamor":880978.71,"longdefeexpenamor":0.0,"prepexpedecr":27469.0,"accrexpeincr":0.0,"dispfixedassetloss":387703.94,"fixedassescraloss":33200.34,"valuechgloss":0.0,"defeincoincr":0.0,"estidebts":0.0,"finexpe":1.438732278E7,"inveloss":0.0,"defetaxassetdecr":-3383274.52,"defetaxliabincr":0.0,"inveredu":1563646.22,"receredu":-2.519843073E7,"payaincr":-1.809786562E7,"unseparachg":0.0,"unfiparachg":0.0,"other":0.0,"biznetscheitse":null,"biznetscheform":null,"biznetcflow":7.666485754E7,"debtintocapi":0.0,"expiconvbd":0.0,"finfixedasset":0.0,"cashfinalbala":2.6581280146E8,"cashopenbala":1.7658756692E8,"equfinalbala":0.0,"equopenbala":0.0,"netcashscheitse":null,"netcashscheform":null,"cashneti":8.922523454E7},{"compcode":"80155110","publishdate":"20101105","begindate":"20090101","enddate":"20091231","reporttype":"100111","adjustdate":"19000101","accstacode":"2","accstaname":"新会计准则","laborgetcash":1.93277001164E9,"deponetr":0.0,"bankloannetincr":0.0,"fininstnetr":0.0,"inspremcash":0.0,"insnetc":0.0,"savinetr":0.0,"disptradnetincr":0.0,"charintecash":0.0,"fdsborrnetr":0.0,"repnetincr":0.0,"taxrefd":711000.0,"receotherbizcash":4.05529015E7,"bizinflitse":null,"bizinflform":null,"bizcashinfl":1.97403391314E9,"labopayc":1.27126737517E9,"loansnetr":0.0,"tradepaymnetr":0.0,"paycompgold":0.0,"payintecash":0.0,"paydivicash":0.0,"payworkcash":1.4478406123E8,"paytax":1.4891760738E8,"payacticash":1.8907187514E8,"bizoutfitse":null,"bizoutfform":null,"bizcashoutf":1.75404091892E9,"biznetitse":null,"biznetform":null,"mananetr":2.1999299422E8,"withinvgetcash":1080000.0,"inveretugetcash":1610.89,"fixedassetnetc":156910.0,"subsnetc":0.0,"receinvcash":1741134.17,"reducashpled":0.0,"invinflitse":null,"invinffrom":null,"invcashinfl":2979655.06,"acquassetcash":8.513176464E7,"invpayc":0.0,"loannetr":0.0,"subspaynetcash":2108900.0,"payinvecash":0.0,"incrcashpled":0.0,"invoutfitse":null,"invoutfform":null,"invcashoutf":8.724066464E7,"netinvitse":null,"netinvform":null,"invnetcashflow":-8.426100958E7,"invrececash":0.0,"subsrececash":0.0,"recefromloan":6.144258522E8,"issbdrececash":0.0,"recefincash":2.094277156E7,"fininflitse":null,"fininflform":null,"fincashinfl":6.3536862376E8,"debtpaycash":6.134254834E8,"diviprofpaycash":5.088868722E7,"subspaydivid":0.0,"finrelacash":0.0,"finoutfitse":null,"finoutfform":null,"fincashoutf":6.6431417062E8,"finnetitse":null,"finnetform":null,"finnetcflow":-2.894554686E7,"chgexchgchgs":-190823.11,"netcashitse":null,"netcashform":null,"cashnetr":1.0659561467E8,"inicashbala":6.999195225E7,"cashfinalitse":null,"cashfinalform":null,"finalcashbala":1.7658756692E8,"netprofit":1.2845229107E8,"minysharrigh":0.0,"unreinveloss":0.0,"asseimpa":1200573.4,"assedepr":4.345604931E7,"realestadep":0.0,"intaasseamor":1698058.89,"longdefeexpenamor":0.0,"prepexpedecr":0.0,"accrexpeincr":0.0,"dispfixedassetloss":323766.95,"fixedassescraloss":0.0,"valuechgloss":0.0,"defeincoincr":0.0,"estidebts":0.0,"finexpe":3.220165709E7,"inveloss":-1610.89,"defetaxassetdecr":2649978.25,"defetaxliabincr":0.0,"inveredu":1.274383391E7,"receredu":7.449250855E7,"payaincr":-7.722411231E7,"unseparachg":0.0,"unfiparachg":0.0,"other":0.0,"biznetscheitse":null,"biznetscheform":null,"biznetcflow":2.1999299422E8,"debtintocapi":0.0,"expiconvbd":0.0,"finfixedasset":0.0,"cashfinalbala":1.7658756692E8,"cashopenbala":6.999195225E7,"equfinalbala":0.0,"equopenbala":0.0,"netcashscheitse":null,"netcashscheform":null,"cashneti":1.0659561467E8},{"compcode":"80155110","publishdate":"20101124","begindate":"20090101","enddate":"20090930","reporttype":"100111","adjustdate":"19000101","accstacode":"2","accstaname":"新会计准则","laborgetcash":1.4403400351E9,"deponetr":0.0,"bankloannetincr":0.0,"fininstnetr":0.0,"inspremcash":0.0,"insnetc":0.0,"savinetr":0.0,"disptradnetincr":0.0,"charintecash":0.0,"fdsborrnetr":0.0,"repnetincr":0.0,"taxrefd":711000.0,"receotherbizcash":2.807204696E7,"bizinflitse":0.0,"bizinflform":0.0,"bizcashinfl":1.46912308206E9,"labopayc":9.8385638972E8,"loansnetr":0.0,"tradepaymnetr":0.0,"paycompgold":0.0,"payintecash":0.0,"paydivicash":0.0,"payworkcash":1.0027482426E8,"paytax":1.0677727657E8,"payacticash":1.3170393809E8,"bizoutfitse":0.0,"bizoutfform":0.0,"bizcashoutf":1.32261242864E9,"biznetitse":0.0,"biznetform":0.0,"mananetr":1.4651065342E8,"withinvgetcash":1080000.0,"inveretugetcash":1610.89,"fixedassetnetc":168900.0,"subsnetc":0.0,"receinvcash":1741134.17,"reducashpled":0.0,"invinflitse":0.0,"invinffrom":0.0,"invcashinfl":2991645.06,"acquassetcash":7.170720999E7,"invpayc":0.0,"loannetr":0.0,"subspaynetcash":0.0,"payinvecash":2108900.0,"incrcashpled":0.0,"invoutfitse":0.0,"invoutfform":0.0,"invcashoutf":7.381610999E7,"netinvitse":0.0,"netinvform":0.0,"invnetcashflow":-7.082446493E7,"invrececash":0.0,"subsrececash":0.0,"recefromloan":4.744258522E8,"issbdrececash":0.0,"recefincash":4.104153241E7,"fininflitse":0.0,"fininflform":0.0,"fincashinfl":5.1546738461E8,"debtpaycash":4.7840598379E8,"diviprofpaycash":3.685531176E7,"subspaydivid":0.0,"finrelacash":0.0,"finoutfitse":0.0,"finoutfform":0.0,"fincashoutf":5.1526129555E8,"finnetitse":0.0,"finnetform":0.0,"finnetcflow":206089.06,"chgexchgchgs":-144528.67,"netcashitse":0.0,"netcashform":0.0,"cashnetr":7.574774888E7,"inicashbala":6.999195225E7,"cashfinalitse":0.0,"cashfinalform":0.0,"finalcashbala":1.4573970113E8,"netprofit":0.0,"minysharrigh":0.0,"unreinveloss":0.0,"asseimpa":0.0,"assedepr":0.0,"realestadep":0.0,"intaasseamor":0.0,"longdefeexpenamor":0.0,"prepexpedecr":0.0,"accrexpeincr":0.0,"dispfixedassetloss":0.0,"fixedassescraloss":0.0,"valuechgloss":0.0,"defeincoincr":0.0,"estidebts":0.0,"finexpe":0.0,"inveloss":0.0,"defetaxassetdecr":0.0,"defetaxliabincr":0.0,"inveredu":0.0,"receredu":0.0,"payaincr":0.0,"unseparachg":0.0,"unfiparachg":0.0,"other":0.0,"biznetscheitse":0.0,"biznetscheform":0.0,"biznetcflow":0.0,"debtintocapi":0.0,"expiconvbd":0.0,"finfixedasset":0.0,"cashfinalbala":1.4573970113E8,"cashopenbala":6.999195225E7,"equfinalbala":0.0,"equopenbala":0.0,"netcashscheitse":0.0,"netcashscheform":0.0,"cashneti":7.574774888E7},{"compcode":"80155110","publishdate":"20101105","begindate":"20080101","enddate":"20081231","reporttype":"100111","adjustdate":"19000101","accstacode":"2","accstaname":"新会计准则","laborgetcash":1.54876571305E9,"deponetr":0.0,"bankloannetincr":0.0,"fininstnetr":0.0,"inspremcash":0.0,"insnetc":0.0,"savinetr":0.0,"disptradnetincr":0.0,"charintecash":0.0,"fdsborrnetr":0.0,"repnetincr":0.0,"taxrefd":0.0,"receotherbizcash":4.294848786E7,"bizinflitse":null,"bizinflform":null,"bizcashinfl":1.59171420091E9,"labopayc":1.06867342249E9,"loansnetr":0.0,"tradepaymnetr":0.0,"paycompgold":0.0,"payintecash":0.0,"paydivicash":0.0,"payworkcash":1.1372261512E8,"paytax":8.12831604E7,"payacticash":2.0179799746E8,"bizoutfitse":null,"bizoutfform":null,"bizcashoutf":1.46547719547E9,"biznetitse":null,"biznetform":null,"mananetr":1.2623700544E8,"withinvgetcash":940783.37,"inveretugetcash":0.0,"fixedassetnetc":6684212.1,"subsnetc":0.0,"receinvcash":0.0,"reducashpled":0.0,"invinflitse":null,"invinffrom":null,"invcashinfl":7624995.47,"acquassetcash":1.3492581776E8,"invpayc":1558800.0,"loannetr":0.0,"subspaynetcash":3540867.93,"payinvecash":0.0,"incrcashpled":0.0,"invoutfitse":null,"invoutfform":null,"invcashoutf":1.4002548569E8,"netinvitse":null,"netinvform":null,"invnetcashflow":-1.3240049022E8,"invrececash":1.5326223128E8,"subsrececash":0.0,"recefromloan":5.4442485176E8,"issbdrececash":0.0,"recefincash":0.0,"fininflitse":null,"fininflform":null,"fincashinfl":6.9768708304E8,"debtpaycash":5.2902351428E8,"diviprofpaycash":1.0394715091E8,"subspaydivid":0.0,"finrelacash":3.412391601E7,"finoutfitse":null,"finoutfform":null,"fincashoutf":6.670945812E8,"finnetitse":null,"finnetform":null,"finnetcflow":3.059250184E7,"chgexchgchgs":-747604.02,"netcashitse":null,"netcashform":null,"cashnetr":2.368141304E7,"inicashbala":4.631053921E7,"cashfinalitse":null,"cashfinalform":null,"finalcashbala":6.999195225E7,"netprofit":6.214596858E7,"minysharrigh":0.0,"unreinveloss":0.0,"asseimpa":3076413.8,"assedepr":3.682908183E7,"realestadep":0.0,"intaasseamor":1393841.11,"longdefeexpenamor":0.0,"prepexpedecr":0.0,"accrexpeincr":0.0,"dispfixedassetloss":-2507510.31,"fixedassescraloss":1668395.84,"valuechgloss":0.0,"defeincoincr":0.0,"estidebts":0.0,"finexpe":4.172625606E7,"inveloss":400639.33,"defetaxassetdecr":-6337122.1,"defetaxliabincr":0.0,"inveredu":-5.496593628E7,"receredu":-9.012237877E7,"payaincr":1.3292935635E8,"unseparachg":0.0,"unfiparachg":0.0,"other":0.0,"biznetscheitse":null,"biznetscheform":null,"biznetcflow":1.2623700544E8,"debtintocapi":0.0,"expiconvbd":0.0,"finfixedasset":0.0,"cashfinalbala":6.999195225E7,"cashopenbala":4.631053921E7,"equfinalbala":0.0,"equopenbala":0.0,"netcashscheitse":null,"netcashscheform":null,"cashneti":2.368141304E7},{"compcode":"80155110","publishdate":"20101105","begindate":"20070101","enddate":"20071231","reporttype":"100111","adjustdate":"19000101","accstacode":"2","accstaname":"新会计准则","laborgetcash":1.3419436612E9,"deponetr":0.0,"bankloannetincr":0.0,"fininstnetr":0.0,"inspremcash":0.0,"insnetc":0.0,"savinetr":0.0,"disptradnetincr":0.0,"charintecash":0.0,"fdsborrnetr":0.0,"repnetincr":0.0,"taxrefd":214558.79,"receotherbizcash":4.672156061E7,"bizinflitse":null,"bizinflform":null,"bizcashinfl":1.3888797806E9,"labopayc":1.07779314218E9,"loansnetr":0.0,"tradepaymnetr":0.0,"paycompgold":0.0,"payintecash":0.0,"paydivicash":0.0,"payworkcash":8.407734146E7,"paytax":4.444151972E7,"payacticash":1.6399690497E8,"bizoutfitse":null,"bizoutfform":null,"bizcashoutf":1.37030890833E9,"biznetitse":null,"biznetform":null,"mananetr":1.857087227E7,"withinvgetcash":455646.99,"inveretugetcash":0.0,"fixedassetnetc":6788534.0,"subsnetc":2.443124069E7,"receinvcash":0.0,"reducashpled":0.0,"invinflitse":null,"invinffrom":null,"invcashinfl":3.167542168E7,"acquassetcash":1.43783596E8,"invpayc":2.438021344E7,"loannetr":0.0,"subspaynetcash":3.771297361E7,"payinvecash":0.0,"incrcashpled":0.0,"invoutfitse":null,"invoutfform":null,"invcashoutf":2.0587678305E8,"netinvitse":null,"netinvform":null,"invnetcashflow":-1.7420136137E8,"invrececash":2.814145755E7,"subsrececash":0.0,"recefromloan":4.8724307409E8,"issbdrececash":0.0,"recefincash":0.0,"fininflitse":null,"fininflform":null,"fincashinfl":5.1538453164E8,"debtpaycash":3.5446931352E8,"diviprofpaycash":3.425706297E7,"subspaydivid":0.0,"finrelacash":1.504212522E7,"finoutfitse":null,"finoutfform":null,"fincashoutf":4.0376850171E8,"finnetitse":null,"finnetform":null,"finnetcflow":1.1161602993E8,"chgexchgchgs":-3566660.22,"netcashitse":null,"netcashform":null,"cashnetr":-4.758111939E7,"inicashbala":9.38916586E7,"cashfinalitse":null,"cashfinalform":null,"finalcashbala":4.631053921E7,"netprofit":4.328742135E7,"minysharrigh":0.0,"unreinveloss":0.0,"asseimpa":1100767.7,"assedepr":2.522130068E7,"realestadep":0.0,"intaasseamor":842372.4,"longdefeexpenamor":728701.7,"prepexpedecr":0.0,"accrexpeincr":0.0,"dispfixedassetloss":-4945.39,"fixedassescraloss":0.0,"valuechgloss":0.0,"defeincoincr":0.0,"estidebts":0.0,"finexpe":2.814788576E7,"inveloss":-6450703.54,"defetaxassetdecr":-2855406.28,"defetaxliabincr":0.0,"inveredu":-4.590773725E7,"receredu":7286894.94,"payaincr":-3.28256798E7,"unseparachg":0.0,"unfiparachg":0.0,"other":0.0,"biznetscheitse":null,"biznetscheform":null,"biznetcflow":1.857087227E7,"debtintocapi":0.0,"expiconvbd":0.0,"finfixedasset":0.0,"cashfinalbala":4.631053921E7,"cashopenbala":9.38916586E7,"equfinalbala":0.0,"equopenbala":0.0,"netcashscheitse":null,"netcashscheform":null,"cashneti":-4.758111939E7}],"comptype":4,"name":"中顺洁柔"}