{"list":[{"bonusimpdate":"20170613","bonusyear":"2016","cur":"人民币","bonusskratio":null,"tranaddskraio":null,"recorddate":"20170616","exrightdate":"20170619","cdividend":9.6,"fdividendbh":0.0,"tranaddsklistdate":null,"bonussklistdate":null,"tranaddskaccday":null,"bonusskaccday":null,"symbol":null,"secode":"2010001111","divitype":"A","taxfdividendbh":0.0,"taxcdividend":9.6,"divibegdate":"20170619","summarize":"10派9.6"},{"bonusimpdate":"20160806","bonusyear":"2015","cur":"人民币","bonusskratio":null,"tranaddskraio":null,"recorddate":"20160811","exrightdate":"20160812","cdividend":8.0,"fdividendbh":0.0,"tranaddsklistdate":null,"bonussklistdate":null,"tranaddskaccday":null,"bonusskaccday":null,"symbol":null,"secode":"2010001111","divitype":"A","taxfdividendbh":0.0,"taxcdividend":8.0,"divibegdate":"20160812","summarize":"10派8"},{"bonusimpdate":"20150814","bonusyear":"2014","cur":"人民币","bonusskratio":null,"tranaddskraio":null,"recorddate":"20150820","exrightdate":"20150821","cdividend":8.0,"fdividendbh":0.0,"tranaddsklistdate":null,"bonussklistdate":null,"tranaddskaccday":null,"bonusskaccday":null,"symbol":null,"secode":"2010001111","divitype":"A","taxfdividendbh":0.0,"taxcdividend":7.6,"divibegdate":"20150821","summarize":"10派8"},{"bonusimpdate":"20140813","bonusyear":"2013","cur":"人民币","bonusskratio":null,"tranaddskraio":null,"recorddate":"20140819","exrightdate":"20140820","cdividend":12.5,"fdividendbh":0.0,"tranaddsklistdate":null,"bonussklistdate":null,"tranaddskaccday":null,"bonusskaccday":null,"symbol":null,"secode":"2010001111","divitype":"A","taxfdividendbh":0.0,"taxcdividend":11.875,"divibegdate":"20140820","summarize":"10派12.5"},{"bonusimpdate":"20130724","bonusyear":"2012","cur":"人民币","bonusskratio":null,"tranaddskraio":null,"recorddate":"20130730","exrightdate":"20130731","cdividend":18.0,"fdividendbh":0.0,"tranaddsklistdate":null,"bonussklistdate":null,"tranaddskaccday":null,"bonusskaccday":null,"symbol":null,"secode":"2010001111","divitype":"A","taxfdividendbh":0.0,"taxcdividend":17.1,"divibegdate":"20130731","summarize":"10派18"},{"bonusimpdate":"20120706","bonusyear":"2011","cur":"人民币","bonusskratio":null,"tranaddskraio":null,"recorddate":"20120712","exrightdate":"20120713","cdividend":14.0,"fdividendbh":0.0,"tranaddsklistdate":null,"bonussklistdate":null,"tranaddskaccday":null,"bonusskaccday":null,"symbol":null,"secode":"2010001111","divitype":"A","taxfdividendbh":0.0,"taxcdividend":12.6,"divibegdate":"20120713","summarize":"10派14"},{"bonusimpdate":"20110702","bonusyear":"2010","cur":"人民币","bonusskratio":null,"tranaddskraio":null,"recorddate":"20110707","exrightdate":"20110708","cdividend":10.0,"fdividendbh":0.0,"tranaddsklistdate":null,"bonussklistdate":null,"tranaddskaccday":null,"bonusskaccday":null,"symbol":null,"secode":"2010001111","divitype":"A","taxfdividendbh":0.0,"taxcdividend":9.0,"divibegdate":"20110708","summarize":"10派10"},{"bonusimpdate":"20100713","bonusyear":"2009","cur":"人民币","bonusskratio":null,"tranaddskraio":null,"recorddate":"20100719","exrightdate":"20100720","cdividend":7.5,"fdividendbh":0.0,"tranaddsklistdate":null,"bonussklistdate":null,"tranaddskaccday":null,"bonusskaccday":null,"symbol":null,"secode":"2010001111","divitype":"A","taxfdividendbh":0.0,"taxcdividend":6.75,"divibegdate":"20100720","summarize":"10派7.5"},{"bonusimpdate":"20090624","bonusyear":"2008","cur":"人民币","bonusskratio":null,"tranaddskraio":null,"recorddate":"20090629","exrightdate":"20090630","cdividend":6.5,"fdividendbh":0.0,"tranaddsklistdate":null,"bonussklistdate":null,"tranaddskaccday":null,"bonusskaccday":null,"symbol":null,"secode":"2010001111","divitype":"A","taxfdividendbh":0.0,"taxcdividend":5.85,"divibegdate":"20090630","summarize":"10派6.5"},{"bonusimpdate":"20080514","bonusyear":"2007","cur":"人民币","bonusskratio":2.0,"tranaddskraio":4.0,"recorddate":"20080519","exrightdate":"20080520","cdividend":5.6,"fdividendbh":0.0,"tranaddsklistdate":"20080520","bonussklistdate":"20080520","tranaddskaccday":"20080520","bonusskaccday":"20080520","symbol":null,"secode":"2010001111","divitype":"ABC","taxfdividendbh":0.0,"taxcdividend":4.84,"divibegdate":"20080520","summarize":"10送2转4派5.6"},{"bonusimpdate":"20070817","bonusyear":"2006","cur":"人民币","bonusskratio":null,"tranaddskraio":null,"recorddate":"20070822","exrightdate":"20070823","cdividend":3.5,"fdividendbh":0.0,"tranaddsklistdate":null,"bonussklistdate":null,"tranaddskaccday":null,"bonusskaccday":null,"symbol":null,"secode":"2010001111","divitype":"A","taxfdividendbh":0.0,"taxcdividend":3.15,"divibegdate":"20070823","summarize":"10派3.5"},{"bonusimpdate":"20060630","bonusyear":"2005","cur":"人民币","bonusskratio":null,"tranaddskraio":null,"recorddate":"20060706","exrightdate":"20060707","cdividend":0.4,"fdividendbh":0.0,"tranaddsklistdate":null,"bonussklistdate":null,"tranaddskaccday":null,"bonusskaccday":null,"symbol":null,"secode":"2010001111","divitype":"A","taxfdividendbh":0.0,"taxcdividend":0.36,"divibegdate":"20060707","summarize":"10派0.4"},{"bonusimpdate":"20050706","bonusyear":"2004","cur":"人民币","bonusskratio":null,"tranaddskraio":null,"recorddate":"20050712","exrightdate":"20050713","cdividend":0.4,"fdividendbh":0.0,"tranaddsklistdate":null,"bonussklistdate":null,"tranaddskaccday":null,"bonusskaccday":null,"symbol":null,"secode":"2010001111","divitype":"A","taxfdividendbh":0.0,"taxcdividend":0.36,"divibegdate":"20050713","summarize":"10派0.4"},{"bonusimpdate":"20031217","bonusyear":"2003","cur":"人民币","bonusskratio":null,"tranaddskraio":null,"recorddate":"20031222","exrightdate":"20031223","cdividend":0.6,"fdividendbh":0.0,"tranaddsklistdate":null,"bonussklistdate":null,"tranaddskaccday":null,"bonusskaccday":null,"symbol":null,"secode":"2010001111","divitype":"A","taxfdividendbh":0.0,"taxcdividend":0.48,"divibegdate":"20031223","summarize":"10派0.6"},{"bonusimpdate":"20030705","bonusyear":"2002","cur":"人民币","bonusskratio":null,"tranaddskraio":6.0,"recorddate":"20030709","exrightdate":"20030710","cdividend":null,"fdividendbh":0.0,"tranaddsklistdate":"20030710","bonussklistdate":null,"tranaddskaccday":"20030710","bonusskaccday":null,"symbol":null,"secode":"2010001111","divitype":"C","taxfdividendbh":0.0,"taxcdividend":null,"divibegdate":null,"summarize":"10转6"},{"bonusimpdate":"20021022","bonusyear":"2002","cur":"人民币","bonusskratio":null,"tranaddskraio":null,"recorddate":"20021025","exrightdate":"20021028","cdividend":1.5,"fdividendbh":0.0,"tranaddsklistdate":null,"bonussklistdate":null,"tranaddskaccday":null,"bonusskaccday":null,"symbol":null,"secode":"2010001111","divitype":"A","taxfdividendbh":0.0,"taxcdividend":1.2,"divibegdate":"20021028","summarize":"10派1.5"},{"bonusimpdate":"20011113","bonusyear":"2001","cur":"人民币","bonusskratio":null,"tranaddskraio":null,"recorddate":"20011119","exrightdate":"20011120","cdividend":2.5,"fdividendbh":0.0,"tranaddsklistdate":null,"bonussklistdate":null,"tranaddskaccday":null,"bonusskaccday":null,"symbol":null,"secode":"2010001111","divitype":"A","taxfdividendbh":0.0,"taxcdividend":2.0,"divibegdate":"20011120","summarize":"10派2.5"},{"bonusimpdate":"20000617","bonusyear":"1999","cur":"人民币","bonusskratio":null,"tranaddskraio":null,"recorddate":"20000622","exrightdate":"20000623","cdividend":4.6,"fdividendbh":0.0,"tranaddsklistdate":null,"bonussklistdate":null,"tranaddskaccday":null,"bonusskaccday":null,"symbol":null,"secode":"2010001111","divitype":"A","taxfdividendbh":0.0,"taxcdividend":3.68,"divibegdate":"20000626","summarize":"10派4.6"},{"bonusimpdate":"19980326","bonusyear":"1997","cur":"人民币","bonusskratio":3.0,"tranaddskraio":null,"recorddate":"19980331","exrightdate":"19980401","cdividend":3.0,"fdividendbh":0.0,"tranaddsklistdate":null,"bonussklistdate":"19980403","tranaddskaccday":null,"bonusskaccday":"19980403","symbol":null,"secode":"2010001111","divitype":"AB","taxfdividendbh":0.0,"taxcdividend":2.7,"divibegdate":"19980407","summarize":"10送3派3"},{"bonusimpdate":"19970430","bonusyear":"1996","cur":"人民币","bonusskratio":2.0,"tranaddskraio":null,"recorddate":"19970508","exrightdate":"19970509","cdividend":5.0,"fdividendbh":0.0,"tranaddsklistdate":null,"bonussklistdate":"19970513","tranaddskaccday":null,"bonusskaccday":null,"symbol":null,"secode":"2010001111","divitype":"AB","taxfdividendbh":0.0,"taxcdividend":4.5,"divibegdate":null,"summarize":"10送2派5"},{"bonusimpdate":"19970219","bonusyear":"1996","cur":"人民币","bonusskratio":null,"tranaddskraio":6.0,"recorddate":"19970224","exrightdate":"19970225","cdividend":null,"fdividendbh":0.0,"tranaddsklistdate":"19970227","bonussklistdate":null,"tranaddskaccday":"19970227","bonusskaccday":null,"symbol":null,"secode":"2010001111","divitype":"C","taxfdividendbh":0.0,"taxcdividend":null,"divibegdate":null,"summarize":"10转6"},{"bonusimpdate":"19960614","bonusyear":"1995","cur":"人民币","bonusskratio":null,"tranaddskraio":null,"recorddate":"19960709","exrightdate":"19960710","cdividend":6.0,"fdividendbh":0.0,"tranaddsklistdate":null,"bonussklistdate":null,"tranaddskaccday":null,"bonusskaccday":null,"symbol":null,"secode":"2010001111","divitype":"A","taxfdividendbh":0.0,"taxcdividend":5.4,"divibegdate":"19960716","summarize":"10派6"},{"bonusimpdate":"19951129","bonusyear":"1995","cur":"人民币","bonusskratio":5.0,"tranaddskraio":null,"recorddate":"19951201","exrightdate":"19951204","cdividend":null,"fdividendbh":0.0,"tranaddsklistdate":null,"bonussklistdate":"19951206","tranaddskaccday":null,"bonusskaccday":"19951206","symbol":null,"secode":"2010001111","divitype":"B","taxfdividendbh":0.0,"taxcdividend":null,"divibegdate":null,"summarize":"10送5"},{"bonusimpdate":"19950524","bonusyear":"1994","cur":"人民币","bonusskratio":3.0,"tranaddskraio":null,"recorddate":"19950529","exrightdate":"19950530","cdividend":8.5,"fdividendbh":0.0,"tranaddsklistdate":null,"bonussklistdate":"19950601","tranaddskaccday":null,"bonusskaccday":null,"symbol":null,"secode":"2010001111","divitype":"AB","taxfdividendbh":0.0,"taxcdividend":7.65,"divibegdate":"19950601","summarize":"10送3派8.5"}]}