{"SZ000568":{"symbol":"SZ000568","exchange":"SZ","code":"000568","name":"泸州老窖","current":"59.92","percentage":"-1.71","change":"-1.04","open":"60.5","high":"60.56","low":"59.59","close":"59.92","last_close":"60.96","high52week":"75.26","low52week":"38.04","volume":"3934845.0","lot_volume":"39348.45","volumeAverage":"15015340","marketCapital":"8.776796836192E10","eps":"1.42","pe_ttm":"36.2","pe_lyr":"45.529","beta":"0.0","totalShares":"1464752476","time":"Tue Mar 20 15:04:03 +0800 2018","afterHours":"0.0","afterHoursPct":"0.0","afterHoursChg":"0.0","afterHoursTime":"Wed Oct 19 21:59:01 -0400 2011","updateAt":"1513771206408","dividend":"0.96","yield":"1.6","turnover_rate":"0.28%","instOwn":"0.0","rise_stop":"67.06","fall_stop":"54.86","currency_unit":"CNY","amount":"2.3566223623E8","net_assets":"9.9972","hasexist":"","has_warrant":"0","type":"11","flag":"1","rest_day":"","amplitude":"1.59%","market_status":"已收盘","lot_size":"100","min_order_quantity":"0","max_order_quantity":"0","tick_size":"0.01","variable_tick_size":"","kzz_stock_symbol":"","kzz_stock_name":"","kzz_stock_current":"0.0","kzz_convert_price":"0.0","kzz_covert_value":"0.0","kzz_cpr":"0.0","kzz_putback_price":"0.0","kzz_convert_time":"","kzz_redempt_price":"0.0","kzz_straight_price":"0.0","kzz_stock_percent":"","pb":"5.99","benefit_before_tax":"0.0","benefit_after_tax":"0.0","convert_bond_ratio":"","totalissuescale":"","outstandingamt":"","maturitydate":"","remain_year":"","convertrate":"0.0","interestrtmemo":"","release_date":"","circulation":"0.0","par_value":"0.0","due_time":"0.0","value_date":"","due_date":"","publisher":"","redeem_type":"T","issue_type":"3","bond_type":"","warrant":"","sale_rrg":"","rate":"","after_hour_vol":"0","float_shares":"1401771961","float_market_capital":"8.399417590312E10","disnext_pay_date":"","convert_rate":"0.0","volume_ratio":"0.56","percent5m":"0.02","pankou_ratio":"60.46%","psr":"9.0793"}}