{"list": [{"nonoreve": 56749095.73, "unreinveloss": null, "capitalreserve": null, "inteinco": null, "profreturninvest": null, "avaidistshareprof": null, "preferredskdiv": null, "welfare": null, "minysharrigh": -10751.34, "otherbizprof": null, "biztotincoitse": null, "capitalizeddivi": null, "realsale": null, "subsidyincome": null, "adjustdate": "20170727", "netpro1itse": null, "enddate": "20170630", "otherdistprof": null, "operprofform": null, "legalsurp": null, "netpro2form": null, "parecompincoamt": 597757937.29, "realsalecost": null, "contress": null, "pounexpe": null, "noncassetsdisl": 10700.14, "parenetp": 597757937.29, "parecompinco": null, "accpolicychg": null, "surrgold": null, "custinco": null, "netprofit": 597747185.95, "proftotform": null, "dilutedeps": 0.58, "valuechgloss": null, "reservefund": null, "asseimpaloss": 1607669.14, "finexpe": -44859525.1, "compnetexpe": null, "biztotincoform": null, "debtrestruloss": null, "earnprem": null, "nonoexpe": 1249866.92, "assoinveprof": null, "minysharinco": null, "otherbizcost": null, "supplycurcap": null, "basiceps": 0.63, "biztotcostform": null, "inteexpe": null, "inveinco": -1884368.9, "freesurplu": null, "otherbizinco": null, "totprofit": 706087571.02, "accstacode": "2", "developfund": null, "exchggain": null, "mergeformnetprof": null, "compcode": "80155181", "pouninco": null, "netpro2itse": null, "incotaxexpe": 108340385.07, "othercompinco": null, "biztotcost": 2545285256.79, "undisprofit": null, "biztax": 28497689.21, "accestimatechg": null, "bizprofitse": null, "netpro1form": null, "manaexpe": 204951411.09, "dealwithdivi": null, "selldepartgain": null, "deveexpe": null, "begindate": "20170101", "compincoamt": 597747185.95, "proftotitse": null, "undisprofredu": null, "otherinto": null, "publishdate": "20170727", "futuloss": null, "staffaward": null, "perprofit": 650588342.21, "salesexpe": 990113538.91, "bizinco": 3197757967.9, "biztotcostitse": null, "minysharincoamt": -10751.34, "accstaname": "\u65b0\u4f1a\u8ba1\u51c6\u5219", "reporttype": "100111", "earlyundiprof": null, "bizcost": 1364974473.54, "polidiviexpe": null, "reinexpe": null, "biztotinco": 3197757967.9, "othersupply": null, "natudisasterloss": null}, {"nonoreve": 54560257.65, "unreinveloss": null, "capitalreserve": null, "inteinco": null, "profreturninvest": null, "avaidistshareprof": null, "preferredskdiv": null, "welfare": null, "minysharrigh": -4641.38, "otherbizprof": null, "biztotincoitse": null, "capitalizeddivi": null, "realsale": null, "subsidyincome": null, "adjustdate": "20170426", "netpro1itse": null, "enddate": "20170331", "otherdistprof": null, "operprofform": null, "legalsurp": null, "netpro2form": null, "parecompincoamt": 251576713.06, "realsalecost": null, "contress": null, "pounexpe": null, "noncassetsdisl": null, "parenetp": 251576713.06, "parecompinco": null, "accpolicychg": null, "surrgold": null, "custinco": null, "netprofit": 251572071.68, "proftotform": null, "dilutedeps": 0.34, "valuechgloss": null, "reservefund": null, "asseimpaloss": -1972322.67, "finexpe": -16625295.13, "compnetexpe": null, "biztotincoform": null, "debtrestruloss": null, "earnprem": null, "nonoexpe": 1070107.2, "assoinveprof": null, "minysharinco": null, "otherbizcost": null, "supplycurcap": null, "basiceps": 0.35, "biztotcostform": null, "inteexpe": null, "inveinco": -1051104.81, "freesurplu": null, "otherbizinco": null, "totprofit": 296783174.81, "accstacode": "2", "developfund": null, "exchggain": null, "mergeformnetprof": null, "compcode": "80155181", "pouninco": null, "netpro2itse": null, "incotaxexpe": 45211103.13, "othercompinco": null, "biztotcost": 1117539345.71, "undisprofit": null, "biztax": 9690276.76, "accestimatechg": null, "bizprofitse": null, "netpro1form": null, "manaexpe": 96680581.87, "dealwithdivi": null, "selldepartgain": null, "deveexpe": null, "begindate": "20170101", "compincoamt": 251572071.68, "proftotitse": null, "undisprofredu": null, "otherinto": null, "publishdate": "20170426", "futuloss": null, "staffaward": null, "perprofit": 243293024.36, "salesexpe": 471304820.89, "bizinco": 1361883474.88, "biztotcostitse": null, "minysharincoamt": -4641.38, "accstaname": "\u65b0\u4f1a\u8ba1\u51c6\u5219", "reporttype": "100111", "earlyundiprof": null, "bizcost": 558461283.99, "polidiviexpe": null, "reinexpe": null, "biztotinco": 1361883474.88, "othersupply": null, "natudisasterloss": null}, {"nonoreve": 71581516.58, "unreinveloss": null, "capitalreserve": null, "inteinco": null, "profreturninvest": null, "avaidistshareprof": null, "preferredskdiv": null, "welfare": null, "minysharrigh": -19495.39, "otherbizprof": null, "biztotincoitse": null, "capitalizeddivi": null, "realsale": null, "subsidyincome": null, "adjustdate": "20170330", "netpro1itse": null, "enddate": "20161231", "otherdistprof": null, "operprofform": null, "legalsurp": null, "netpro2form": null, "parecompincoamt": 1206833878.67, "realsalecost": null, "contress": null, "pounexpe": null, "noncassetsdisl": 158469.35, "parenetp": 1206833878.67, "parecompinco": null, "accpolicychg": null, "surrgold": null, "custinco": null, "netprofit": 1206814383.28, "proftotform": null, "dilutedeps": 1.65, "valuechgloss": null, "reservefund": null, "asseimpaloss": 1789644.81, "finexpe": -78635310.46, "compnetexpe": null, "biztotincoform": null, "debtrestruloss": null, "earnprem": null, "nonoexpe": 1363170.62, "assoinveprof": null, "minysharinco": null, "otherbizcost": null, "supplycurcap": null, "basiceps": 1.67, "biztotcostform": null, "inteexpe": null, "inveinco": -1859613.41, "freesurplu": null, "otherbizinco": null, "totprofit": 1404259100.63, "accstacode": "2", "developfund": null, "exchggain": null, "mergeformnetprof": null, "compcode": "80155181", "pouninco": null, "netpro2itse": null, "incotaxexpe": 197444717.35, "othercompinco": null, "biztotcost": 4458997499.05, "undisprofit": null, "biztax": 67524311.7, "accestimatechg": null, "bizprofitse": null, "netpro1form": null, "manaexpe": 449159276.21, "dealwithdivi": null, "selldepartgain": null, "deveexpe": null, "begindate": "20160101", "compincoamt": 1206814383.28, "proftotitse": null, "undisprofredu": null, "otherinto": null, "publishdate": "20170330", "futuloss": null, "staffaward": null, "perprofit": 1334040754.67, "salesexpe": 1545113253.35, "bizinco": 5794897867.13, "biztotcostitse": null, "minysharincoamt": -19495.39, "accstaname": "\u65b0\u4f1a\u8ba1\u51c6\u5219", "reporttype": "100111", "earlyundiprof": null, "bizcost": 2474046323.44, "polidiviexpe": null, "reinexpe": null, "biztotinco": 5794897867.13, "othersupply": null, "natudisasterloss": null}, {"nonoreve": 21279910.31, "unreinveloss": null, "capitalreserve": null, "inteinco": null, "profreturninvest": null, "avaidistshareprof": null, "preferredskdiv": null, "welfare": null, "minysharrigh": -14692.87, "otherbizprof": null, "biztotincoitse": null, "capitalizeddivi": null, "realsale": null, "subsidyincome": null, "adjustdate": "20161021", "netpro1itse": null, "enddate": "20160930", "otherdistprof": null, "operprofform": null, "legalsurp": null, "netpro2form": null, "parecompincoamt": 701314385.97, "realsalecost": null, "contress": null, "pounexpe": null, "noncassetsdisl": 38599.14, "parenetp": 701314385.97, "parecompinco": null, "accpolicychg": null, "surrgold": null, "custinco": null, "netprofit": 701299693.1, "proftotform": null, "dilutedeps": 0.94, "valuechgloss": null, "reservefund": null, "asseimpaloss": -2544881.5, "finexpe": -47125713.72, "compnetexpe": null, "biztotincoform": null, "debtrestruloss": null, "earnprem": null, "nonoexpe": 1123525.62, "assoinveprof": null, "minysharinco": null, "otherbizcost": null, "supplycurcap": null, "basiceps": 0.96, "biztotcostform": null, "inteexpe": null, "inveinco": null, "freesurplu": null, "otherbizinco": null, "totprofit": 820531555.83, "accstacode": "2", "developfund": null, "exchggain": null, "mergeformnetprof": null, "compcode": "80155181", "pouninco": null, "netpro2itse": null, "incotaxexpe": 119231862.73, "othercompinco": null, "biztotcost": 3185090703.27, "undisprofit": null, "biztax": 40589129.15, "accestimatechg": null, "bizprofitse": null, "netpro1form": null, "manaexpe": 270271394.59, "dealwithdivi": null, "selldepartgain": null, "deveexpe": null, "begindate": "20160101", "compincoamt": 701299693.1, "proftotitse": null, "undisprofredu": null, "otherinto": null, "publishdate": "20161021", "futuloss": null, "staffaward": null, "perprofit": 800375171.14, "salesexpe": 1288238552.44, "bizinco": 3985465874.41, "biztotcostitse": null, "minysharincoamt": -14692.87, "accstaname": "\u65b0\u4f1a\u8ba1\u51c6\u5219", "reporttype": "100111", "earlyundiprof": null, "bizcost": 1635662222.31, "polidiviexpe": null, "reinexpe": null, "biztotinco": 3985465874.41, "othersupply": null, "natudisasterloss": null}, {"nonoreve": 16236478.71, "unreinveloss": null, "capitalreserve": null, "inteinco": null, "profreturninvest": null, "avaidistshareprof": null, "preferredskdiv": null, "welfare": null, "minysharrigh": -9703.12, "otherbizprof": null, "biztotincoitse": null, "capitalizeddivi": null, "realsale": null, "subsidyincome": null, "adjustdate": "20160727", "netpro1itse": null, "enddate": "20160630", "otherdistprof": null, "operprofform": null, "legalsurp": null, "netpro2form": null, "parecompincoamt": 422838681.49, "realsalecost": null, "contress": null, "pounexpe": null, "noncassetsdisl": 21773.72, "parenetp": 422838681.49, "parecompinco": null, "accpolicychg": null, "surrgold": null, "custinco": null, "netprofit": 422828978.37, "proftotform": null, "dilutedeps": 0.58, "valuechgloss": null, "reservefund": null, "asseimpaloss": 785843.85, "finexpe": -35295028.35, "compnetexpe": null, "biztotincoform": null, "debtrestruloss": null, "earnprem": null, "nonoexpe": 1051825.47, "assoinveprof": null, "minysharinco": null, "otherbizcost": null, "supplycurcap": null, "basiceps": 0.58, "biztotcostform": null, "inteexpe": null, "inveinco": null, "freesurplu": null, "otherbizinco": null, "totprofit": 498817955.5, "accstacode": "2", "developfund": null, "exchggain": null, "mergeformnetprof": null, "compcode": "80155181", "pouninco": null, "netpro2itse": null, "incotaxexpe": 75988977.13, "othercompinco": null, "biztotcost": 2041642143.69, "undisprofit": null, "biztax": 26195503.16, "accestimatechg": null, "bizprofitse": null, "netpro1form": null, "manaexpe": 167068332.27, "dealwithdivi": null, "selldepartgain": null, "deveexpe": null, "begindate": "20160101", "compincoamt": 422828978.37, "proftotitse": null, "undisprofredu": null, "otherinto": null, "publishdate": "20160727", "futuloss": null, "staffaward": null, "perprofit": 483633302.26, "salesexpe": 848782530.25, "bizinco": 2525275445.95, "biztotcostitse": null, "minysharincoamt": -9703.12, "accstaname": "\u65b0\u4f1a\u8ba1\u51c6\u5219", "reporttype": "100111", "earlyundiprof": null, "bizcost": 1034104962.51, "polidiviexpe": null, "reinexpe": null, "biztotinco": 2525275445.95, "othersupply": null, "natudisasterloss": null}, {"nonoreve": 10637165.13, "unreinveloss": null, "capitalreserve": null, "inteinco": null, "profreturninvest": null, "avaidistshareprof": null, "preferredskdiv": null, "welfare": null, "minysharrigh": -4728.33, "otherbizprof": null, "biztotincoitse": null, "capitalizeddivi": null, "realsale": null, "subsidyincome": null, "adjustdate": "20160426", "netpro1itse": null, "enddate": "20160331", "otherdistprof": null, "operprofform": null, "legalsurp": null, "netpro2form": null, "parecompincoamt": 163061955.13, "realsalecost": null, "contress": null, "pounexpe": null, "noncassetsdisl": 16491.34, "parenetp": 163061955.13, "parecompinco": null, "accpolicychg": null, "surrgold": null, "custinco": null, "netprofit": 163057226.8, "proftotform": null, "dilutedeps": 0.32, "valuechgloss": null, "reservefund": null, "asseimpaloss": -4382076.78, "finexpe": -7489845.65, "compnetexpe": null, "biztotincoform": null, "debtrestruloss": null, "earnprem": null, "nonoexpe": 1030409.29, "assoinveprof": null, "minysharinco": null, "otherbizcost": null, "supplycurcap": null, "basiceps": 0.34, "biztotcostform": null, "inteexpe": null, "inveinco": null, "freesurplu": null, "otherbizinco": null, "totprofit": 192628549.19, "accstacode": "2", "developfund": null, "exchggain": null, "mergeformnetprof": null, "compcode": "80155181", "pouninco": null, "netpro2itse": null, "incotaxexpe": 29571322.39, "othercompinco": null, "biztotcost": 833454904.45, "undisprofit": null, "biztax": 9996115.94, "accestimatechg": null, "bizprofitse": null, "netpro1form": null, "manaexpe": 78764661.22, "dealwithdivi": null, "selldepartgain": null, "deveexpe": null, "begindate": "20160101", "compincoamt": 163057226.8, "proftotitse": null, "undisprofredu": null, "otherinto": null, "publishdate": "20160426", "futuloss": null, "staffaward": null, "perprofit": 183021793.35, "salesexpe": 334404386.23, "bizinco": 1016476697.8, "biztotcostitse": null, "minysharincoamt": -4728.33, "accstaname": "\u65b0\u4f1a\u8ba1\u51c6\u5219", "reporttype": "100111", "earlyundiprof": null, "bizcost": 422161663.49, "polidiviexpe": null, "reinexpe": null, "biztotinco": 1016476697.8, "othersupply": null, "natudisasterloss": null}, {"nonoreve": 17323676.2, "unreinveloss": null, "capitalreserve": null, "inteinco": null, "profreturninvest": null, "avaidistshareprof": null, "preferredskdiv": null, "welfare": null, "minysharrigh": -2540913.56, "otherbizprof": null, "biztotincoitse": null, "capitalizeddivi": null, "realsale": null, "subsidyincome": null, "adjustdate": "20160408", "netpro1itse": null, "enddate": "20151231", "otherdistprof": null, "operprofform": null, "legalsurp": null, "netpro2form": null, "parecompincoamt": 830491187.41, "realsalecost": null, "contress": null, "pounexpe": null, "noncassetsdisl": 28343.54, "parenetp": 830491187.41, "parecompinco": null, "accpolicychg": null, "surrgold": null, "custinco": null, "netprofit": 827950273.85, "proftotform": null, "dilutedeps": 1.72, "valuechgloss": null, "reservefund": null, "asseimpaloss": 1361889.71, "finexpe": -65957904.12, "compnetexpe": null, "biztotincoform": null, "debtrestruloss": null, "earnprem": null, "nonoexpe": 1542092.75, "assoinveprof": null, "minysharinco": null, "otherbizcost": null, "supplycurcap": null, "basiceps": 1.73, "biztotcostform": null, "inteexpe": null, "inveinco": null, "freesurplu": null, "otherbizinco": null, "totprofit": 968809569.04, "accstacode": "2", "developfund": null, "exchggain": null, "mergeformnetprof": null, "compcode": "80155181", "pouninco": null, "netpro2itse": null, "incotaxexpe": 140859295.19, "othercompinco": null, "biztotcost": 3589690042.61, "undisprofit": null, "biztax": 46546189.27, "accestimatechg": null, "bizprofitse": null, "netpro1form": null, "manaexpe": 354268839.92, "dealwithdivi": null, "selldepartgain": null, "deveexpe": null, "begindate": "20150101", "compincoamt": 827950273.85, "proftotitse": null, "undisprofredu": null, "otherinto": null, "publishdate": "20160408", "futuloss": null, "staffaward": null, "perprofit": 953027985.59, "salesexpe": 1353472757.71, "bizinco": 4542718028.2, "biztotcostitse": null, "minysharincoamt": -2540913.56, "accstaname": "\u65b0\u4f1a\u8ba1\u51c6\u5219", "reporttype": "100111", "earlyundiprof": null, "bizcost": 1899998270.12, "polidiviexpe": null, "reinexpe": null, "biztotinco": 4542718028.2, "othersupply": null, "natudisasterloss": null}, {"nonoreve": 9381305.26, "unreinveloss": null, "capitalreserve": null, "inteinco": null, "profreturninvest": null, "avaidistshareprof": null, "preferredskdiv": null, "welfare": null, "minysharrigh": -2544802.86, "otherbizprof": null, "biztotincoitse": null, "capitalizeddivi": null, "realsale": null, "subsidyincome": null, "adjustdate": "20151022", "netpro1itse": null, "enddate": "20150930", "otherdistprof": null, "operprofform": null, "legalsurp": null, "netpro2form": null, "parecompincoamt": 488135922.61, "realsalecost": null, "contress": null, "pounexpe": null, "noncassetsdisl": null, "parenetp": 488135922.61, "parecompinco": null, "accpolicychg": null, "surrgold": null, "custinco": null, "netprofit": 485591119.75, "proftotform": null, "dilutedeps": 0.99, "valuechgloss": null, "reservefund": null, "asseimpaloss": -1551719.91, "finexpe": -41080828.24, "compnetexpe": null, "biztotincoform": null, "debtrestruloss": null, "earnprem": null, "nonoexpe": 1532003.2, "assoinveprof": null, "minysharinco": null, "otherbizcost": null, "supplycurcap": null, "basiceps": 1.01, "biztotcostform": null, "inteexpe": null, "inveinco": null, "freesurplu": null, "otherbizinco": null, "totprofit": 572721301.12, "accstacode": "2", "developfund": null, "exchggain": null, "mergeformnetprof": null, "compcode": "80155181", "pouninco": null, "netpro2itse": null, "incotaxexpe": 87130181.37, "othercompinco": null, "biztotcost": 2556378010.61, "undisprofit": null, "biztax": 32628793.31, "accestimatechg": null, "bizprofitse": null, "netpro1form": null, "manaexpe": 216009009.52, "dealwithdivi": null, "selldepartgain": null, "deveexpe": null, "begindate": "20150101", "compincoamt": 485591119.75, "proftotitse": null, "undisprofredu": null, "otherinto": null, "publishdate": "20151022", "futuloss": null, "staffaward": null, "perprofit": 564871999.06, "salesexpe": 1048497113.16, "bizinco": 3121250009.67, "biztotcostitse": null, "minysharincoamt": -2544802.86, "accstaname": "\u65b0\u4f1a\u8ba1\u51c6\u5219", "reporttype": "100111", "earlyundiprof": null, "bizcost": 1301875642.77, "polidiviexpe": null, "reinexpe": null, "biztotinco": 3121250009.67, "othersupply": null, "natudisasterloss": null}, {"nonoreve": 7625679.34, "unreinveloss": null, "capitalreserve": null, "inteinco": null, "profreturninvest": null, "avaidistshareprof": null, "preferredskdiv": null, "welfare": null, "minysharrigh": -2814116.36, "otherbizprof": null, "biztotincoitse": null, "capitalizeddivi": null, "realsale": null, "subsidyincome": null, "adjustdate": "20150723", "netpro1itse": null, "enddate": "20150630", "otherdistprof": null, "operprofform": null, "legalsurp": null, "netpro2form": null, "parecompincoamt": 306589737.6, "realsalecost": null, "contress": null, "pounexpe": null, "noncassetsdisl": null, "parenetp": 306589737.6, "parecompinco": null, "accpolicychg": null, "surrgold": null, "custinco": null, "netprofit": 303775621.24, "proftotform": null, "dilutedeps": 0.62, "valuechgloss": null, "reservefund": null, "asseimpaloss": 763908.32, "finexpe": -22215329.31, "compnetexpe": null, "biztotincoform": null, "debtrestruloss": null, "earnprem": null, "nonoexpe": 1095697.61, "assoinveprof": null, "minysharinco": null, "otherbizcost": null, "supplycurcap": null, "basiceps": 0.63, "biztotcostform": null, "inteexpe": null, "inveinco": null, "freesurplu": null, "otherbizinco": null, "totprofit": 358757020.85, "accstacode": "2", "developfund": null, "exchggain": null, "mergeformnetprof": null, "compcode": "80155181", "pouninco": null, "netpro2itse": null, "incotaxexpe": 54981399.61, "othercompinco": null, "biztotcost": 1689631695.8, "undisprofit": null, "biztax": 21435000.95, "accestimatechg": null, "bizprofitse": null, "netpro1form": null, "manaexpe": 134555448.62, "dealwithdivi": null, "selldepartgain": null, "deveexpe": null, "begindate": "20150101", "compincoamt": 303775621.24, "proftotitse": null, "undisprofredu": null, "otherinto": null, "publishdate": "20150723", "futuloss": null, "staffaward": null, "perprofit": 352227039.12, "salesexpe": 685276001.79, "bizinco": 2041858734.92, "biztotcostitse": null, "minysharincoamt": -2814116.36, "accstaname": "\u65b0\u4f1a\u8ba1\u51c6\u5219", "reporttype": "100111", "earlyundiprof": null, "bizcost": 869816665.43, "polidiviexpe": null, "reinexpe": null, "biztotinco": 2041858734.92, "othersupply": null, "natudisasterloss": null}, {"nonoreve": 2435439.93, "unreinveloss": null, "capitalreserve": null, "inteinco": null, "profreturninvest": null, "avaidistshareprof": null, "preferredskdiv": null, "welfare": null, "minysharrigh": -1813908.24, "otherbizprof": null, "biztotincoitse": null, "capitalizeddivi": null, "realsale": null, "subsidyincome": null, "adjustdate": "20150424", "netpro1itse": null, "enddate": "20150331", "otherdistprof": null, "operprofform": null, "legalsurp": null, "netpro2form": null, "parecompincoamt": 118598891.6, "realsalecost": null, "contress": null, "pounexpe": null, "noncassetsdisl": null, "parenetp": 118598891.6, "parecompinco": null, "accpolicychg": null, "surrgold": null, "custinco": null, "netprofit": 116784983.36, "proftotform": null, "dilutedeps": 0.37, "valuechgloss": null, "reservefund": null, "asseimpaloss": -4041609.87, "finexpe": -5673631.07, "compnetexpe": null, "biztotincoform": null, "debtrestruloss": null, "earnprem": null, "nonoexpe": 1047727.32, "assoinveprof": null, "minysharinco": null, "otherbizcost": null, "supplycurcap": null, "basiceps": 0.37, "biztotcostform": null, "inteexpe": null, "inveinco": null, "freesurplu": null, "otherbizinco": null, "totprofit": 139424542.67, "accstacode": "2", "developfund": null, "exchggain": null, "mergeformnetprof": null, "compcode": "80155181", "pouninco": null, "netpro2itse": null, "incotaxexpe": 22639559.31, "othercompinco": null, "biztotcost": 692219115.73, "undisprofit": null, "biztax": 9010497.54, "accestimatechg": null, "bizprofitse": null, "netpro1form": null, "manaexpe": 61531409.19, "dealwithdivi": null, "selldepartgain": null, "deveexpe": null, "begindate": "20150101", "compincoamt": 116784983.36, "proftotitse": null, "undisprofredu": null, "otherinto": null, "publishdate": "20150424", "futuloss": null, "staffaward": null, "perprofit": 138036830.06, "salesexpe": 269681703.93, "bizinco": 830255945.79, "biztotcostitse": null, "minysharincoamt": -1813908.24, "accstaname": "\u65b0\u4f1a\u8ba1\u51c6\u5219", "reporttype": "100111", "earlyundiprof": null, "bizcost": 361710746.01, "polidiviexpe": null, "reinexpe": null, "biztotinco": 830255945.79, "othersupply": null, "natudisasterloss": null}, {"nonoreve": 23381317.32, "unreinveloss": null, "capitalreserve": null, "inteinco": null, "profreturninvest": null, "avaidistshareprof": null, "preferredskdiv": null, "welfare": null, "minysharrigh": -6708636.34, "otherbizprof": null, "biztotincoitse": null, "capitalizeddivi": null, "realsale": null, "subsidyincome": null, "adjustdate": "20150410", "netpro1itse": null, "enddate": "20141231", "otherdistprof": null, "operprofform": null, "legalsurp": null, "netpro2form": null, "parecompincoamt": 574401853.66, "realsalecost": null, "contress": null, "pounexpe": null, "noncassetsdisl": 145047.97, "parenetp": 574401853.66, "parecompinco": null, "accpolicychg": null, "surrgold": null, "custinco": null, "netprofit": 567693217.32, "proftotform": null, "dilutedeps": 1.8, "valuechgloss": null, "reservefund": null, "asseimpaloss": 6874620.82, "finexpe": -43237804.39, "compnetexpe": null, "biztotincoform": null, "debtrestruloss": null, "earnprem": null, "nonoexpe": 2851499.99, "assoinveprof": null, "minysharinco": null, "otherbizcost": null, "supplycurcap": null, "basiceps": 1.8, "biztotcostform": null, "inteexpe": null, "inveinco": null, "freesurplu": null, "otherbizinco": null, "totprofit": 664112174.79, "accstacode": "2", "developfund": null, "exchggain": null, "mergeformnetprof": null, "compcode": "80155181", "pouninco": null, "netpro2itse": null, "incotaxexpe": 96418957.47, "othercompinco": null, "biztotcost": 2945357740.81, "undisprofit": null, "biztax": 39298763.26, "accestimatechg": null, "bizprofitse": null, "netpro1form": null, "manaexpe": 267791727.33, "dealwithdivi": null, "selldepartgain": null, "deveexpe": null, "begindate": "20140101", "compincoamt": 567693217.32, "proftotitse": null, "undisprofredu": null, "otherinto": null, "publishdate": "20150410", "futuloss": null, "staffaward": null, "perprofit": 643582357.46, "salesexpe": 1115103951.43, "bizinco": 3588940098.27, "biztotcostitse": null, "minysharincoamt": -6708636.34, "accstaname": "\u65b0\u4f1a\u8ba1\u51c6\u5219", "reporttype": "100111", "earlyundiprof": null, "bizcost": 1559526482.36, "polidiviexpe": null, "reinexpe": null, "biztotinco": 3588940098.27, "othersupply": null, "natudisasterloss": null}, {"nonoreve": 16517283.12, "unreinveloss": null, "capitalreserve": null, "inteinco": null, "profreturninvest": null, "avaidistshareprof": null, "preferredskdiv": null, "welfare": null, "minysharrigh": -5114083.22, "otherbizprof": null, "biztotincoitse": null, "capitalizeddivi": null, "realsale": null, "subsidyincome": null, "adjustdate": "20141024", "netpro1itse": null, "enddate": "20140930", "otherdistprof": null, "operprofform": null, "legalsurp": null, "netpro2form": null, "parecompincoamt": 345935950.19, "realsalecost": null, "contress": null, "pounexpe": null, "noncassetsdisl": 141896.6, "parenetp": 345935950.19, "parecompinco": null, "accpolicychg": null, "surrgold": null, "custinco": null, "netprofit": 340821866.97, "proftotform": null, "dilutedeps": 1.04, "valuechgloss": null, "reservefund": null, "asseimpaloss": 1790201.44, "finexpe": -21373013.43, "compnetexpe": null, "biztotincoform": null, "debtrestruloss": null, "earnprem": null, "nonoexpe": 811524.25, "assoinveprof": null, "minysharinco": null, "otherbizcost": null, "supplycurcap": null, "basiceps": 1.08, "biztotcostform": null, "inteexpe": null, "inveinco": null, "freesurplu": null, "otherbizinco": null, "totprofit": 403329742.61, "accstacode": "2", "developfund": null, "exchggain": null, "mergeformnetprof": null, "compcode": "80155181", "pouninco": null, "netpro2itse": null, "incotaxexpe": 62507875.64, "othercompinco": null, "biztotcost": 2105733231.72, "undisprofit": null, "biztax": 27561761.61, "accestimatechg": null, "bizprofitse": null, "netpro1form": null, "manaexpe": 186017762.56, "dealwithdivi": null, "selldepartgain": null, "deveexpe": null, "begindate": "20140101", "compincoamt": 340821866.97, "proftotitse": null, "undisprofredu": null, "otherinto": null, "publishdate": "20141024", "futuloss": null, "staffaward": null, "perprofit": 387623983.74, "salesexpe": 812772325.39, "bizinco": 2493357215.46, "biztotcostitse": null, "minysharincoamt": -5114083.22, "accstaname": "\u65b0\u4f1a\u8ba1\u51c6\u5219", "reporttype": "100111", "earlyundiprof": null, "bizcost": 1098964194.15, "polidiviexpe": null, "reinexpe": null, "biztotinco": 2493357215.46, "othersupply": null, "natudisasterloss": null}, {"nonoreve": 14465344.17, "unreinveloss": null, "capitalreserve": null, "inteinco": null, "profreturninvest": null, "avaidistshareprof": null, "preferredskdiv": null, "welfare": null, "minysharrigh": -3670027.32, "otherbizprof": null, "biztotincoitse": null, "capitalizeddivi": null, "realsale": null, "subsidyincome": null, "adjustdate": "20140725", "netpro1itse": null, "enddate": "20140630", "otherdistprof": null, "operprofform": null, "legalsurp": null, "netpro2form": null, "parecompincoamt": 217547085.45, "realsalecost": null, "contress": null, "pounexpe": null, "noncassetsdisl": 124719.2, "parenetp": 217547085.45, "parecompinco": null, "accpolicychg": null, "surrgold": null, "custinco": null, "netprofit": 213877058.13, "proftotform": null, "dilutedeps": 0.68, "valuechgloss": null, "reservefund": null, "asseimpaloss": 2577801.47, "finexpe": -15273001.96, "compnetexpe": null, "biztotincoform": null, "debtrestruloss": null, "earnprem": null, "nonoexpe": 484373.95, "assoinveprof": null, "minysharinco": null, "otherbizcost": null, "supplycurcap": null, "basiceps": 0.68, "biztotcostform": null, "inteexpe": null, "inveinco": null, "freesurplu": null, "otherbizinco": null, "totprofit": 253594162.27, "accstacode": "2", "developfund": null, "exchggain": null, "mergeformnetprof": null, "compcode": "80155181", "pouninco": null, "netpro2itse": null, "incotaxexpe": 39717104.14, "othercompinco": null, "biztotcost": 1360158871.58, "undisprofit": null, "biztax": 18321086.77, "accestimatechg": null, "bizprofitse": null, "netpro1form": null, "manaexpe": 110378054.2, "dealwithdivi": null, "selldepartgain": null, "deveexpe": null, "begindate": "20140101", "compincoamt": 213877058.13, "proftotitse": null, "undisprofredu": null, "otherinto": null, "publishdate": "20140725", "futuloss": null, "staffaward": null, "perprofit": 239613192.05, "salesexpe": 540584827.57, "bizinco": 1599772063.63, "biztotcostitse": null, "minysharincoamt": -3670027.32, "accstaname": "\u65b0\u4f1a\u8ba1\u51c6\u5219", "reporttype": "100111", "earlyundiprof": null, "bizcost": 703570103.53, "polidiviexpe": null, "reinexpe": null, "biztotinco": 1599772063.63, "othersupply": null, "natudisasterloss": null}, {"nonoreve": 723707.64, "unreinveloss": null, "capitalreserve": null, "inteinco": null, "profreturninvest": null, "avaidistshareprof": null, "preferredskdiv": null, "welfare": null, "minysharrigh": -2002232.47, "otherbizprof": null, "biztotincoitse": null, "capitalizeddivi": null, "realsale": null, "subsidyincome": null, "adjustdate": "20140425", "netpro1itse": null, "enddate": "20140331", "otherdistprof": null, "operprofform": null, "legalsurp": null, "netpro2form": null, "parecompincoamt": 85268140.76, "realsalecost": null, "contress": null, "pounexpe": null, "noncassetsdisl": null, "parenetp": 85268140.76, "parecompinco": null, "accpolicychg": null, "surrgold": null, "custinco": null, "netprofit": 83265908.29, "proftotform": null, "dilutedeps": 0.33, "valuechgloss": null, "reservefund": null, "asseimpaloss": -1427477.89, "finexpe": -4494549.82, "compnetexpe": null, "biztotincoform": null, "debtrestruloss": null, "earnprem": null, "nonoexpe": 353425.0, "assoinveprof": null, "minysharinco": null, "otherbizcost": null, "supplycurcap": null, "basiceps": 0.33, "biztotcostform": null, "inteexpe": null, "inveinco": null, "freesurplu": null, "otherbizinco": null, "totprofit": 99450931.37, "accstacode": "2", "developfund": null, "exchggain": null, "mergeformnetprof": 85268140.76, "compcode": "80155181", "pouninco": null, "netpro2itse": null, "incotaxexpe": 16185023.08, "othercompinco": null, "biztotcost": 548282841.06, "undisprofit": null, "biztax": 7169923.56, "accestimatechg": null, "bizprofitse": null, "netpro1form": null, "manaexpe": 51625398.8, "dealwithdivi": null, "selldepartgain": null, "deveexpe": null, "begindate": "20140101", "compincoamt": 83265908.29, "proftotitse": null, "undisprofredu": null, "otherinto": null, "publishdate": "20140425", "futuloss": null, "staffaward": null, "perprofit": 99080648.73, "salesexpe": 213119297.46, "bizinco": 647363489.79, "biztotcostitse": null, "minysharincoamt": -2002232.47, "accstaname": "\u65b0\u4f1a\u8ba1\u51c6\u5219", "reporttype": "100111", "earlyundiprof": null, "bizcost": 282290248.95, "polidiviexpe": null, "reinexpe": null, "biztotinco": 647363489.79, "othersupply": null, "natudisasterloss": null}, {"nonoreve": 7026118.95, "unreinveloss": null, "capitalreserve": null, "inteinco": null, "profreturninvest": null, "avaidistshareprof": null, "preferredskdiv": null, "welfare": null, "minysharrigh": -7984749.78, "otherbizprof": null, "biztotincoitse": null, "capitalizeddivi": null, "realsale": null, "subsidyincome": null, "adjustdate": "20140410", "netpro1itse": null, "enddate": "20131231", "otherdistprof": null, "operprofform": null, "legalsurp": null, "netpro2form": null, "parecompincoamt": 385632347.97, "realsalecost": null, "contress": null, "pounexpe": null, "noncassetsdisl": 2259238.83, "parenetp": 385632347.97, "parecompinco": null, "accpolicychg": null, "surrgold": null, "custinco": null, "netprofit": 377647598.19, "proftotform": null, "dilutedeps": 1.51, "valuechgloss": null, "reservefund": null, "asseimpaloss": 3948837.82, "finexpe": -35518004.85, "compnetexpe": null, "biztotincoform": null, "debtrestruloss": null, "earnprem": null, "nonoexpe": 3133750.19, "assoinveprof": -43739.24, "minysharinco": null, "otherbizcost": null, "supplycurcap": null, "basiceps": 1.51, "biztotcostform": null, "inteexpe": null, "inveinco": -43739.24, "freesurplu": null, "otherbizinco": null, "totprofit": 443583615.16, "accstacode": "2", "developfund": null, "exchggain": null, "mergeformnetprof": null, "compcode": "80155181", "pouninco": null, "netpro2itse": null, "incotaxexpe": 65936016.97, "othercompinco": null, "biztotcost": 2214074986.88, "undisprofit": null, "biztax": 28079262.24, "accestimatechg": null, "bizprofitse": null, "netpro1form": null, "manaexpe": 210261377.35, "dealwithdivi": null, "selldepartgain": null, "deveexpe": null, "begindate": "20130101", "compincoamt": 377647598.19, "proftotitse": null, "undisprofredu": null, "otherinto": null, "publishdate": "20140410", "futuloss": null, "staffaward": null, "perprofit": 439691246.4, "salesexpe": 798142613.91, "bizinco": 2653809972.52, "biztotcostitse": null, "minysharincoamt": -7984749.78, "accstaname": "\u65b0\u4f1a\u8ba1\u51c6\u5219", "reporttype": "100111", "earlyundiprof": null, "bizcost": 1209160900.41, "polidiviexpe": null, "reinexpe": null, "biztotinco": 2653809972.52, "othersupply": null, "natudisasterloss": null}, {"nonoreve": 6403532.1, "unreinveloss": null, "capitalreserve": null, "inteinco": null, "profreturninvest": null, "avaidistshareprof": null, "preferredskdiv": null, "welfare": null, "minysharrigh": -6117358.82, "otherbizprof": null, "biztotincoitse": null, "capitalizeddivi": null, "realsale": null, "subsidyincome": null, "adjustdate": "20131025", "netpro1itse": null, "enddate": "20130930", "otherdistprof": null, "operprofform": null, "legalsurp": null, "netpro2form": null, "parecompincoamt": 234955034.22, "realsalecost": null, "contress": null, "pounexpe": null, "noncassetsdisl": 59313.2, "parenetp": 234955034.22, "parecompinco": null, "accpolicychg": null, "surrgold": null, "custinco": null, "netprofit": 228837675.4, "proftotform": null, "dilutedeps": 0.92, "valuechgloss": null, "reservefund": null, "asseimpaloss": 1479762.04, "finexpe": -14779030.12, "compnetexpe": null, "biztotincoform": null, "debtrestruloss": null, "earnprem": null, "nonoexpe": 925330.88, "assoinveprof": null, "minysharinco": null, "otherbizcost": null, "supplycurcap": null, "basiceps": 0.92, "biztotcostform": null, "inteexpe": null, "inveinco": -43739.24, "freesurplu": null, "otherbizinco": null, "totprofit": 272757522.38, "accstacode": "2", "developfund": null, "exchggain": null, "mergeformnetprof": null, "compcode": "80155181", "pouninco": null, "netpro2itse": null, "incotaxexpe": 43919846.98, "othercompinco": null, "biztotcost": 1556042920.17, "undisprofit": null, "biztax": 19286107.07, "accestimatechg": null, "bizprofitse": null, "netpro1form": null, "manaexpe": 136956093.4, "dealwithdivi": null, "selldepartgain": null, "deveexpe": null, "begindate": "20130101", "compincoamt": 228837675.4, "proftotitse": null, "undisprofredu": null, "otherinto": null, "publishdate": "20131025", "futuloss": null, "staffaward": null, "perprofit": 267279321.16, "salesexpe": 579951346.91, "bizinco": 1823365980.57, "biztotcostitse": null, "minysharincoamt": -6117358.82, "accstaname": "\u65b0\u4f1a\u8ba1\u51c6\u5219", "reporttype": "100111", "earlyundiprof": null, "bizcost": 833148640.87, "polidiviexpe": null, "reinexpe": null, "biztotinco": 1823365980.57, "othersupply": null, "natudisasterloss": null}, {"nonoreve": 1306859.54, "unreinveloss": null, "capitalreserve": null, "inteinco": null, "profreturninvest": null, "avaidistshareprof": null, "preferredskdiv": null, "welfare": null, "minysharrigh": -4210042.75, "otherbizprof": null, "biztotincoitse": null, "capitalizeddivi": null, "realsale": null, "subsidyincome": null, "adjustdate": "20130726", "netpro1itse": null, "enddate": "20130630", "otherdistprof": null, "operprofform": null, "legalsurp": null, "netpro2form": null, "parecompincoamt": 144539964.8, "realsalecost": null, "contress": null, "pounexpe": null, "noncassetsdisl": 70295.16, "parenetp": 144539964.8, "parecompinco": null, "accpolicychg": null, "surrgold": null, "custinco": null, "netprofit": 140329922.05, "proftotform": null, "dilutedeps": 0.56, "valuechgloss": null, "reservefund": null, "asseimpaloss": 1956862.75, "finexpe": -11972350.34, "compnetexpe": null, "biztotincoform": null, "debtrestruloss": null, "earnprem": null, "nonoexpe": 596245.16, "assoinveprof": null, "minysharinco": null, "otherbizcost": null, "supplycurcap": null, "basiceps": 0.56, "biztotcostform": null, "inteexpe": null, "inveinco": -43739.24, "freesurplu": null, "otherbizinco": null, "totprofit": 168239606.62, "accstacode": "2", "developfund": null, "exchggain": null, "mergeformnetprof": null, "compcode": "80155181", "pouninco": null, "netpro2itse": null, "incotaxexpe": 27909684.57, "othercompinco": null, "biztotcost": 985485068.57, "undisprofit": null, "biztax": 12677399.58, "accestimatechg": null, "bizprofitse": null, "netpro1form": null, "manaexpe": 83467315.43, "dealwithdivi": null, "selldepartgain": null, "deveexpe": null, "begindate": "20130101", "compincoamt": 140329922.05, "proftotitse": null, "undisprofredu": null, "otherinto": null, "publishdate": "20130726", "futuloss": null, "staffaward": null, "perprofit": 167528992.24, "salesexpe": 367898014.57, "bizinco": 1153057800.05, "biztotcostitse": null, "minysharincoamt": -4210042.75, "accstaname": "\u65b0\u4f1a\u8ba1\u51c6\u5219", "reporttype": "100111", "earlyundiprof": null, "bizcost": 531457826.58, "polidiviexpe": null, "reinexpe": null, "biztotinco": 1153057800.05, "othersupply": null, "natudisasterloss": null}, {"nonoreve": 523689.0, "unreinveloss": null, "capitalreserve": null, "inteinco": null, "profreturninvest": null, "avaidistshareprof": null, "preferredskdiv": null, "welfare": null, "minysharrigh": -2759825.84, "otherbizprof": null, "biztotincoitse": null, "capitalizeddivi": null, "realsale": null, "subsidyincome": null, "adjustdate": "20130425", "netpro1itse": null, "enddate": "20130331", "otherdistprof": null, "operprofform": null, "legalsurp": null, "netpro2form": null, "parecompincoamt": 57020703.11, "realsalecost": null, "contress": null, "pounexpe": null, "noncassetsdisl": 43230.37, "parenetp": 57020703.11, "parecompinco": null, "accpolicychg": null, "surrgold": null, "custinco": null, "netprofit": 54260877.27, "proftotform": null, "dilutedeps": 0.22, "valuechgloss": null, "reservefund": null, "asseimpaloss": -261844.07, "finexpe": -4166719.43, "compnetexpe": null, "biztotincoform": null, "debtrestruloss": null, "earnprem": null, "nonoexpe": 68193.11, "assoinveprof": null, "minysharinco": null, "otherbizcost": null, "supplycurcap": null, "basiceps": 0.22, "biztotcostform": null, "inteexpe": null, "inveinco": -43739.24, "freesurplu": null, "otherbizinco": null, "totprofit": 65418070.43, "accstacode": "2", "developfund": null, "exchggain": null, "mergeformnetprof": null, "compcode": "80155181", "pouninco": null, "netpro2itse": null, "incotaxexpe": 11157193.16, "othercompinco": 0.0, "biztotcost": 386999275.63, "undisprofit": null, "biztax": 4762345.28, "accestimatechg": null, "bizprofitse": null, "netpro1form": null, "manaexpe": 38624561.51, "dealwithdivi": null, "selldepartgain": null, "deveexpe": null, "begindate": "20130101", "compincoamt": 54260877.27, "proftotitse": null, "undisprofredu": null, "otherinto": null, "publishdate": "20130425", "futuloss": null, "staffaward": null, "perprofit": 64962574.54, "salesexpe": 136534747.27, "bizinco": 452005589.41, "biztotcostitse": null, "minysharincoamt": -2759825.84, "accstaname": "\u65b0\u4f1a\u8ba1\u51c6\u5219", "reporttype": "100111", "earlyundiprof": null, "bizcost": 211506185.07, "polidiviexpe": null, "reinexpe": null, "biztotinco": 452005589.41, "othersupply": null, "natudisasterloss": null}, {"nonoreve": 11852214.8, "unreinveloss": null, "capitalreserve": null, "inteinco": null, "profreturninvest": null, "avaidistshareprof": null, "preferredskdiv": null, "welfare": null, "minysharrigh": -5699639.51, "otherbizprof": null, "biztotincoitse": null, "capitalizeddivi": null, "realsale": null, "subsidyincome": null, "adjustdate": "20130410", "netpro1itse": null, "enddate": "20121231", "otherdistprof": null, "operprofform": null, "legalsurp": null, "netpro2form": null, "parecompincoamt": 268035997.68, "realsalecost": null, "contress": null, "pounexpe": null, "noncassetsdisl": 21139.05, "parenetp": 268035997.68, "parecompinco": null, "accpolicychg": null, "surrgold": null, "custinco": null, "netprofit": 262336358.17, "proftotform": null, "dilutedeps": 1.05, "valuechgloss": null, "reservefund": null, "asseimpaloss": 1264282.52, "finexpe": -29499940.09, "compnetexpe": null, "biztotincoform": null, "debtrestruloss": null, "earnprem": null, "nonoexpe": 1789264.47, "assoinveprof": null, "minysharinco": null, "otherbizcost": null, "supplycurcap": null, "basiceps": 1.05, "biztotcostform": null, "inteexpe": null, "inveinco": 92893.7, "freesurplu": null, "otherbizinco": null, "totprofit": 307183325.08, "accstacode": "2", "developfund": null, "exchggain": null, "mergeformnetprof": null, "compcode": "80155181", "pouninco": null, "netpro2itse": null, "incotaxexpe": 44846966.91, "othercompinco": null, "biztotcost": 1665713872.77, "undisprofit": null, "biztax": 21634916.06, "accestimatechg": null, "bizprofitse": null, "netpro1form": null, "manaexpe": 162122484.29, "dealwithdivi": null, "selldepartgain": null, "deveexpe": null, "begindate": "20120101", "compincoamt": 262336358.17, "proftotitse": null, "undisprofredu": null, "otherinto": null, "publishdate": "20130410", "futuloss": null, "staffaward": null, "perprofit": 297120374.75, "salesexpe": 599158859.61, "bizinco": 1962741353.82, "biztotcostitse": null, "minysharincoamt": -5699639.51, "accstaname": "\u65b0\u4f1a\u8ba1\u51c6\u5219", "reporttype": "100111", "earlyundiprof": null, "bizcost": 911033270.38, "polidiviexpe": null, "reinexpe": null, "biztotinco": 1962741353.82, "othersupply": null, "natudisasterloss": null}, {"nonoreve": 8202807.89, "unreinveloss": null, "capitalreserve": null, "inteinco": null, "profreturninvest": null, "avaidistshareprof": null, "preferredskdiv": null, "welfare": null, "minysharrigh": -953249.27, "otherbizprof": null, "biztotincoitse": null, "capitalizeddivi": null, "realsale": null, "subsidyincome": null, "adjustdate": "20121026", "netpro1itse": null, "enddate": "20120930", "otherdistprof": null, "operprofform": null, "legalsurp": null, "netpro2form": null, "parecompincoamt": 162018432.08, "realsalecost": null, "contress": null, "pounexpe": null, "noncassetsdisl": 20808.51, "parenetp": 162018432.08, "parecompinco": null, "accpolicychg": null, "surrgold": null, "custinco": null, "netprofit": 161065182.81, "proftotform": null, "dilutedeps": 0.63, "valuechgloss": null, "reservefund": null, "asseimpaloss": 2632979.3, "finexpe": -9407799.44, "compnetexpe": null, "biztotincoform": null, "debtrestruloss": null, "earnprem": null, "nonoexpe": 63032.35, "assoinveprof": null, "minysharinco": null, "otherbizcost": null, "supplycurcap": null, "basiceps": 0.63, "biztotcostform": null, "inteexpe": null, "inveinco": 47633.53, "freesurplu": null, "otherbizinco": null, "totprofit": 190687587.7, "accstacode": "2", "developfund": null, "exchggain": null, "mergeformnetprof": null, "compcode": "80155181", "pouninco": null, "netpro2itse": null, "incotaxexpe": 29622404.89, "othercompinco": null, "biztotcost": 1140226917.42, "undisprofit": null, "biztax": 15261904.44, "accestimatechg": null, "bizprofitse": null, "netpro1form": null, "manaexpe": 87875832.24, "dealwithdivi": null, "selldepartgain": null, "deveexpe": null, "begindate": "20120101", "compincoamt": 161065182.81, "proftotitse": null, "undisprofredu": null, "otherinto": null, "publishdate": "20121026", "futuloss": null, "staffaward": null, "perprofit": 182547812.16, "salesexpe": 431784203.47, "bizinco": 1322727096.05, "biztotcostitse": null, "minysharincoamt": -953249.27, "accstaname": "\u65b0\u4f1a\u8ba1\u51c6\u5219", "reporttype": "100111", "earlyundiprof": null, "bizcost": 612079797.41, "polidiviexpe": null, "reinexpe": null, "biztotinco": 1322727096.05, "othersupply": null, "natudisasterloss": null}, {"nonoreve": 7530739.84, "unreinveloss": null, "capitalreserve": null, "inteinco": null, "profreturninvest": null, "avaidistshareprof": null, "preferredskdiv": null, "welfare": null, "minysharrigh": null, "otherbizprof": null, "biztotincoitse": null, "capitalizeddivi": null, "realsale": null, "subsidyincome": null, "adjustdate": "20120727", "netpro1itse": null, "enddate": "20120630", "otherdistprof": null, "operprofform": null, "legalsurp": null, "netpro2form": null, "parecompincoamt": null, "realsalecost": null, "contress": null, "pounexpe": null, "noncassetsdisl": null, "parenetp": 106489095.46, "parecompinco": null, "accpolicychg": null, "surrgold": null, "custinco": null, "netprofit": 106489095.46, "proftotform": null, "dilutedeps": 0.42, "valuechgloss": 0.0, "reservefund": null, "asseimpaloss": 2432049.94, "finexpe": -7560433.02, "compnetexpe": null, "biztotincoform": null, "debtrestruloss": null, "earnprem": null, "nonoexpe": 26370.64, "assoinveprof": null, "minysharinco": null, "otherbizcost": null, "supplycurcap": null, "basiceps": 0.42, "biztotcostform": null, "inteexpe": null, "inveinco": 29455.97, "freesurplu": null, "otherbizinco": null, "totprofit": 125271407.14, "accstacode": "2", "developfund": null, "exchggain": null, "mergeformnetprof": 106489095.46, "compcode": "80155181", "pouninco": null, "netpro2itse": null, "incotaxexpe": 18782311.68, "othercompinco": null, "biztotcost": 741073582.77, "undisprofit": null, "biztax": 10223776.71, "accestimatechg": null, "bizprofitse": null, "netpro1form": null, "manaexpe": 54413005.41, "dealwithdivi": null, "selldepartgain": null, "deveexpe": null, "begindate": "20120101", "compincoamt": 106489095.46, "proftotitse": null, "undisprofredu": null, "otherinto": null, "publishdate": "20120727", "futuloss": null, "staffaward": null, "perprofit": 117767037.94, "salesexpe": 284297177.06, "bizinco": 858811164.74, "biztotcostitse": null, "minysharincoamt": null, "accstaname": "\u65b0\u4f1a\u8ba1\u51c6\u5219", "reporttype": "100111", "earlyundiprof": null, "bizcost": 397268006.67, "polidiviexpe": null, "reinexpe": null, "biztotinco": 858811164.74, "othersupply": null, "natudisasterloss": null}, {"nonoreve": 6900696.86, "unreinveloss": null, "capitalreserve": null, "inteinco": null, "profreturninvest": null, "avaidistshareprof": null, "preferredskdiv": null, "welfare": null, "minysharrigh": null, "otherbizprof": null, "biztotincoitse": null, "capitalizeddivi": null, "realsale": null, "subsidyincome": null, "adjustdate": "20120425", "netpro1itse": null, "enddate": "20120331", "otherdistprof": null, "operprofform": null, "legalsurp": null, "netpro2form": null, "parecompincoamt": 42399712.23, "realsalecost": null, "contress": null, "pounexpe": null, "noncassetsdisl": null, "parenetp": 42399712.23, "parecompinco": null, "accpolicychg": null, "surrgold": null, "custinco": null, "netprofit": 42399712.23, "proftotform": null, "dilutedeps": 0.17, "valuechgloss": null, "reservefund": null, "asseimpaloss": -1045148.71, "finexpe": -4137517.33, "compnetexpe": null, "biztotincoform": null, "debtrestruloss": null, "earnprem": null, "nonoexpe": 19938.64, "assoinveprof": null, "minysharinco": null, "otherbizcost": null, "supplycurcap": null, "basiceps": 0.17, "biztotcostform": null, "inteexpe": null, "inveinco": -93898.44, "freesurplu": null, "otherbizinco": null, "totprofit": 50672271.09, "accstacode": "2", "developfund": null, "exchggain": null, "mergeformnetprof": null, "compcode": "80155181", "pouninco": null, "netpro2itse": null, "incotaxexpe": 8272558.86, "othercompinco": null, "biztotcost": 310623014.84, "undisprofit": null, "biztax": 4422234.11, "accestimatechg": null, "bizprofitse": null, "netpro1form": null, "manaexpe": 26850495.29, "dealwithdivi": null, "selldepartgain": null, "deveexpe": null, "begindate": "20120101", "compincoamt": 42399712.23, "proftotitse": null, "undisprofredu": null, "otherinto": null, "publishdate": "20120425", "futuloss": null, "staffaward": null, "perprofit": 43791512.87, "salesexpe": 119772201.76, "bizinco": 354508426.15, "biztotcostitse": null, "minysharincoamt": null, "accstaname": "\u65b0\u4f1a\u8ba1\u51c6\u5219", "reporttype": "100111", "earlyundiprof": null, "bizcost": 164760749.72, "polidiviexpe": null, "reinexpe": null, "biztotinco": 354508426.15, "othersupply": null, "natudisasterloss": null}, {"nonoreve": 8389226.44, "unreinveloss": null, "capitalreserve": null, "inteinco": null, "profreturninvest": null, "avaidistshareprof": null, "preferredskdiv": null, "welfare": null, "minysharrigh": null, "otherbizprof": null, "biztotincoitse": null, "capitalizeddivi": null, "realsale": null, "subsidyincome": null, "adjustdate": "20120313", "netpro1itse": null, "enddate": "20111231", "otherdistprof": null, "operprofform": null, "legalsurp": null, "netpro2form": null, "parecompincoamt": 186992052.64, "realsalecost": null, "contress": null, "pounexpe": null, "noncassetsdisl": null, "parenetp": 186992052.64, "parecompinco": null, "accpolicychg": null, "surrgold": null, "custinco": null, "netprofit": 186992052.64, "proftotform": null, "dilutedeps": 0.73, "valuechgloss": null, "reservefund": null, "asseimpaloss": 2597169.81, "finexpe": -23776316.83, "compnetexpe": null, "biztotincoform": null, "debtrestruloss": null, "earnprem": null, "nonoexpe": 329003.62, "assoinveprof": -47156.91, "minysharinco": null, "otherbizcost": null, "supplycurcap": null, "basiceps": 0.73, "biztotcostform": null, "inteexpe": null, "inveinco": -47156.91, "freesurplu": null, "otherbizinco": null, "totprofit": 217566491.78, "accstacode": "2", "developfund": null, "exchggain": null, "mergeformnetprof": null, "compcode": "80155181", "pouninco": null, "netpro2itse": null, "incotaxexpe": 30574439.14, "othercompinco": null, "biztotcost": 1324334166.18, "undisprofit": null, "biztax": 14875194.88, "accestimatechg": null, "bizprofitse": null, "netpro1form": null, "manaexpe": 113400023.7, "dealwithdivi": null, "selldepartgain": null, "deveexpe": null, "begindate": "20110101", "compincoamt": 186992052.64, "proftotitse": null, "undisprofredu": null, "otherinto": null, "publishdate": "20120313", "futuloss": null, "staffaward": null, "perprofit": 209506268.96, "salesexpe": 488364443.99, "bizinco": 1533887592.05, "biztotcostitse": null, "minysharincoamt": null, "accstaname": "\u65b0\u4f1a\u8ba1\u51c6\u5219", "reporttype": "100111", "earlyundiprof": null, "bizcost": 728873650.63, "polidiviexpe": null, "reinexpe": null, "biztotinco": 1533887592.05, "othersupply": null, "natudisasterloss": null}, {"nonoreve": 6915820.08, "unreinveloss": null, "capitalreserve": null, "inteinco": null, "profreturninvest": null, "avaidistshareprof": null, "preferredskdiv": null, "welfare": null, "minysharrigh": null, "otherbizprof": null, "biztotincoitse": null, "capitalizeddivi": null, "realsale": null, "subsidyincome": null, "adjustdate": "20111019", "netpro1itse": null, "enddate": "20110930", "otherdistprof": null, "operprofform": null, "legalsurp": null, "netpro2form": null, "parecompincoamt": 123137814.01, "realsalecost": null, "contress": null, "pounexpe": null, "noncassetsdisl": null, "parenetp": 123137814.01, "parecompinco": null, "accpolicychg": null, "surrgold": null, "custinco": null, "netprofit": 123137814.01, "proftotform": null, "dilutedeps": 0.48, "valuechgloss": null, "reservefund": null, "asseimpaloss": -45601.81, "finexpe": -4299217.05, "compnetexpe": null, "biztotincoform": null, "debtrestruloss": null, "earnprem": null, "nonoexpe": 319961.07, "assoinveprof": null, "minysharinco": null, "otherbizcost": null, "supplycurcap": null, "basiceps": 0.48, "biztotcostform": null, "inteexpe": null, "inveinco": null, "freesurplu": null, "otherbizinco": null, "totprofit": 145499300.56, "accstacode": "2", "developfund": null, "exchggain": null, "mergeformnetprof": null, "compcode": "80155181", "pouninco": null, "netpro2itse": null, "incotaxexpe": 22361486.55, "othercompinco": null, "biztotcost": 928033582.34, "undisprofit": null, "biztax": 10937461.71, "accestimatechg": null, "bizprofitse": null, "netpro1form": null, "manaexpe": 69017740.8, "dealwithdivi": null, "selldepartgain": null, "deveexpe": null, "begindate": "20110101", "compincoamt": 123137814.01, "proftotitse": null, "undisprofredu": null, "otherinto": null, "publishdate": "20111019", "futuloss": null, "staffaward": null, "perprofit": 138903441.55, "salesexpe": 340460530.54, "bizinco": 1066937023.89, "biztotcostitse": null, "minysharincoamt": null, "accstaname": "\u65b0\u4f1a\u8ba1\u51c6\u5219", "reporttype": "100111", "earlyundiprof": null, "bizcost": 511962668.15, "polidiviexpe": null, "reinexpe": null, "biztotinco": 1066937023.89, "othersupply": null, "natudisasterloss": null}, {"nonoreve": 6123342.78, "unreinveloss": null, "capitalreserve": null, "inteinco": null, "profreturninvest": null, "avaidistshareprof": null, "preferredskdiv": null, "welfare": null, "minysharrigh": null, "otherbizprof": null, "biztotincoitse": null, "capitalizeddivi": null, "realsale": null, "subsidyincome": null, "adjustdate": "20110720", "netpro1itse": null, "enddate": "20110630", "otherdistprof": null, "operprofform": null, "legalsurp": null, "netpro2form": null, "parecompincoamt": 80259565.44, "realsalecost": null, "contress": null, "pounexpe": null, "noncassetsdisl": null, "parenetp": 80259565.44, "parecompinco": null, "accpolicychg": null, "surrgold": null, "custinco": null, "netprofit": 80259565.44, "proftotform": null, "dilutedeps": 0.31, "valuechgloss": null, "reservefund": null, "asseimpaloss": 1088852.4, "finexpe": -3204955.99, "compnetexpe": null, "biztotincoform": null, "debtrestruloss": null, "earnprem": null, "nonoexpe": 312235.0, "assoinveprof": null, "minysharinco": null, "otherbizcost": null, "supplycurcap": null, "basiceps": 0.31, "biztotcostform": null, "inteexpe": null, "inveinco": null, "freesurplu": null, "otherbizinco": null, "totprofit": 94616470.52, "accstacode": "2", "developfund": null, "exchggain": null, "mergeformnetprof": null, "compcode": "80155181", "pouninco": null, "netpro2itse": null, "incotaxexpe": 14356905.08, "othercompinco": null, "biztotcost": 623149346.64, "undisprofit": null, "biztax": 7798027.94, "accestimatechg": null, "bizprofitse": null, "netpro1form": null, "manaexpe": 42879709.0, "dealwithdivi": null, "selldepartgain": null, "deveexpe": null, "begindate": "20110101", "compincoamt": 80259565.44, "proftotitse": null, "undisprofredu": null, "otherinto": null, "publishdate": "20110720", "futuloss": null, "staffaward": null, "perprofit": 88805362.74, "salesexpe": 229782386.88, "bizinco": 711954709.38, "biztotcostitse": null, "minysharincoamt": null, "accstaname": "\u65b0\u4f1a\u8ba1\u51c6\u5219", "reporttype": "100111", "earlyundiprof": null, "bizcost": 344805326.41, "polidiviexpe": null, "reinexpe": null, "biztotinco": 711954709.38, "othersupply": null, "natudisasterloss": null}, {"nonoreve": 1326315.94, "unreinveloss": null, "capitalreserve": null, "inteinco": null, "profreturninvest": null, "avaidistshareprof": null, "preferredskdiv": null, "welfare": null, "minysharrigh": null, "otherbizprof": null, "biztotincoitse": null, "capitalizeddivi": null, "realsale": null, "subsidyincome": null, "adjustdate": "20110420", "netpro1itse": null, "enddate": "20110331", "otherdistprof": null, "operprofform": null, "legalsurp": null, "netpro2form": null, "parecompincoamt": 31632378.27, "realsalecost": null, "contress": null, "pounexpe": null, "noncassetsdisl": null, "parenetp": 31632378.27, "parecompinco": null, "accpolicychg": null, "surrgold": null, "custinco": null, "netprofit": 31632378.27, "proftotform": null, "dilutedeps": 0.19, "valuechgloss": null, "reservefund": null, "asseimpaloss": -1079471.84, "finexpe": -1334681.66, "compnetexpe": null, "biztotincoform": null, "debtrestruloss": null, "earnprem": null, "nonoexpe": 304750.0, "assoinveprof": null, "minysharinco": null, "otherbizcost": null, "supplycurcap": null, "basiceps": 0.19, "biztotcostform": null, "inteexpe": null, "inveinco": null, "freesurplu": null, "otherbizinco": null, "totprofit": 37568281.0, "accstacode": "2", "developfund": null, "exchggain": null, "mergeformnetprof": null, "compcode": "80155181", "pouninco": null, "netpro2itse": null, "incotaxexpe": 5935902.73, "othercompinco": null, "biztotcost": 265842207.88, "undisprofit": null, "biztax": 3201239.17, "accestimatechg": null, "bizprofitse": null, "netpro1form": null, "manaexpe": 20336531.36, "dealwithdivi": null, "selldepartgain": null, "deveexpe": null, "begindate": "20110101", "compincoamt": 31632378.27, "proftotitse": null, "undisprofredu": null, "otherinto": null, "publishdate": "20110420", "futuloss": null, "staffaward": null, "perprofit": 36546715.06, "salesexpe": 96627365.5, "bizinco": 302388922.94, "biztotcostitse": null, "minysharincoamt": null, "accstaname": "\u65b0\u4f1a\u8ba1\u51c6\u5219", "reporttype": "100111", "earlyundiprof": null, "bizcost": 148091225.35, "polidiviexpe": null, "reinexpe": null, "biztotinco": 302388922.94, "othersupply": null, "natudisasterloss": null}, {"nonoreve": 3771391.57, "unreinveloss": null, "capitalreserve": null, "inteinco": null, "profreturninvest": null, "avaidistshareprof": null, "preferredskdiv": null, "welfare": null, "minysharrigh": null, "otherbizprof": null, "biztotincoitse": null, "capitalizeddivi": null, "realsale": null, "subsidyincome": null, "adjustdate": "20110407", "netpro1itse": null, "enddate": "20101231", "otherdistprof": null, "operprofform": null, "legalsurp": null, "netpro2form": null, "parecompincoamt": 134340007.32, "realsalecost": null, "contress": null, "pounexpe": null, "noncassetsdisl": null, "parenetp": 134340007.32, "parecompinco": null, "accpolicychg": null, "surrgold": null, "custinco": null, "netprofit": 134340007.32, "proftotform": null, "dilutedeps": 1.09, "valuechgloss": null, "reservefund": null, "asseimpaloss": -262076.04, "finexpe": -3146246.78, "compnetexpe": null, "biztotincoform": null, "debtrestruloss": null, "earnprem": null, "nonoexpe": 35392.38, "assoinveprof": null, "minysharinco": null, "otherbizcost": null, "supplycurcap": null, "basiceps": 1.09, "biztotcostform": null, "inteexpe": null, "inveinco": null, "freesurplu": null, "otherbizinco": null, "totprofit": 156220248.47, "accstacode": "2", "developfund": null, "exchggain": null, "mergeformnetprof": null, "compcode": "80155181", "pouninco": null, "netpro2itse": null, "incotaxexpe": 21880241.15, "othercompinco": null, "biztotcost": 1079112816.09, "undisprofit": null, "biztax": 12447447.98, "accestimatechg": null, "bizprofitse": null, "netpro1form": null, "manaexpe": 89962404.58, "dealwithdivi": null, "selldepartgain": null, "deveexpe": null, "begindate": "20100101", "compincoamt": 134340007.32, "proftotitse": null, "undisprofredu": null, "otherinto": null, "publishdate": "20110407", "futuloss": null, "staffaward": null, "perprofit": 152484249.28, "salesexpe": 421004300.66, "bizinco": 1231597065.37, "biztotcostitse": null, "minysharincoamt": null, "accstaname": "\u65b0\u4f1a\u8ba1\u51c6\u5219", "reporttype": "100111", "earlyundiprof": null, "bizcost": 559106985.69, "polidiviexpe": null, "reinexpe": null, "biztotinco": 1231597065.37, "othersupply": null, "natudisasterloss": null}, {"nonoreve": 3096866.49, "unreinveloss": 0.0, "capitalreserve": null, "inteinco": 0.0, "profreturninvest": null, "avaidistshareprof": null, "preferredskdiv": null, "welfare": null, "minysharrigh": 0.0, "otherbizprof": 0.0, "biztotincoitse": null, "capitalizeddivi": null, "realsale": 0.0, "subsidyincome": 0.0, "adjustdate": "19000101", "netpro1itse": null, "enddate": "20100930", "otherdistprof": null, "operprofform": null, "legalsurp": null, "netpro2form": null, "parecompincoamt": 0.0, "realsalecost": 0.0, "contress": 0.0, "pounexpe": 0.0, "noncassetsdisl": 0.0, "parenetp": 93958056.5, "parecompinco": 0.0, "accpolicychg": null, "surrgold": 0.0, "custinco": 0.0, "netprofit": 93958056.5, "proftotform": null, "dilutedeps": 0.0, "valuechgloss": 0.0, "reservefund": null, "asseimpaloss": -198538.95, "finexpe": -1700790.88, "compnetexpe": 0.0, "biztotincoform": null, "debtrestruloss": null, "earnprem": 0.0, "nonoexpe": 18978.25, "assoinveprof": 0.0, "minysharinco": 0.0, "otherbizcost": 0.0, "supplycurcap": null, "basiceps": 0.78, "biztotcostform": null, "inteexpe": 0.0, "inveinco": 0.0, "freesurplu": null, "otherbizinco": 0.0, "totprofit": 110878443.61, "accstacode": "2", "developfund": null, "exchggain": 0.0, "mergeformnetprof": 0.0, "compcode": "80155181", "pouninco": 0.0, "netpro2itse": null, "incotaxexpe": 16920387.11, "othercompinco": 0.0, "biztotcost": 758101352.91, "undisprofit": null, "biztax": 9380842.66, "accestimatechg": null, "bizprofitse": null, "netpro1form": null, "manaexpe": 57528396.46, "dealwithdivi": null, "selldepartgain": null, "deveexpe": 0.0, "begindate": "20100101", "compincoamt": 0.0, "proftotitse": null, "undisprofredu": null, "otherinto": null, "publishdate": "20101122", "futuloss": 0.0, "staffaward": null, "perprofit": 107800555.37, "salesexpe": 301961227.1, "bizinco": 865901908.28, "biztotcostitse": null, "minysharincoamt": 0.0, "accstaname": "\u65b0\u4f1a\u8ba1\u51c6\u5219", "reporttype": "100111", "earlyundiprof": null, "bizcost": 391130216.52, "polidiviexpe": 0.0, "reinexpe": 0.0, "biztotinco": 865901908.28, "othersupply": null, "natudisasterloss": null}, {"nonoreve": 1658398.94, "unreinveloss": null, "capitalreserve": null, "inteinco": 0.0, "profreturninvest": null, "avaidistshareprof": null, "preferredskdiv": null, "welfare": null, "minysharrigh": 0.0, "otherbizprof": null, "biztotincoitse": null, "capitalizeddivi": null, "realsale": null, "subsidyincome": null, "adjustdate": "19000101", "netpro1itse": null, "enddate": "20100630", "otherdistprof": null, "operprofform": null, "legalsurp": null, "netpro2form": null, "parecompincoamt": 61014226.15, "realsalecost": null, "contress": 0.0, "pounexpe": 0.0, "noncassetsdisl": 0.0, "parenetp": 61014226.15, "parecompinco": null, "accpolicychg": null, "surrgold": 0.0, "custinco": null, "netprofit": 61014226.15, "proftotform": null, "dilutedeps": 0.51, "valuechgloss": 0.0, "reservefund": null, "asseimpaloss": -198538.95, "finexpe": -815627.14, "compnetexpe": 0.0, "biztotincoform": null, "debtrestruloss": null, "earnprem": 0.0, "nonoexpe": 14565.27, "assoinveprof": 0.0, "minysharinco": null, "otherbizcost": null, "supplycurcap": null, "basiceps": 0.51, "biztotcostform": null, "inteexpe": 0.0, "inveinco": 0.0, "freesurplu": null, "otherbizinco": null, "totprofit": 72013536.18, "accstacode": "2", "developfund": null, "exchggain": 0.0, "mergeformnetprof": null, "compcode": "80155181", "pouninco": 0.0, "netpro2itse": null, "incotaxexpe": 10999310.03, "othercompinco": 0.0, "biztotcost": 507939947.8, "undisprofit": null, "biztax": 6442412.99, "accestimatechg": null, "bizprofitse": null, "netpro1form": null, "manaexpe": 36694730.53, "dealwithdivi": null, "selldepartgain": null, "deveexpe": null, "begindate": "20100101", "compincoamt": 61014226.15, "proftotitse": null, "undisprofredu": null, "otherinto": null, "publishdate": "20101102", "futuloss": null, "staffaward": null, "perprofit": 70369702.51, "salesexpe": 205324047.55, "bizinco": 578309650.31, "biztotcostitse": null, "minysharincoamt": 0.0, "accstaname": "\u65b0\u4f1a\u8ba1\u51c6\u5219", "reporttype": "100111", "earlyundiprof": null, "bizcost": 260492922.82, "polidiviexpe": 0.0, "reinexpe": 0.0, "biztotinco": 578309650.31, "othersupply": null, "natudisasterloss": null}, {"nonoreve": 726959.63, "unreinveloss": null, "capitalreserve": null, "inteinco": 0.0, "profreturninvest": null, "avaidistshareprof": null, "preferredskdiv": null, "welfare": null, "minysharrigh": 0.0, "otherbizprof": null, "biztotincoitse": null, "capitalizeddivi": null, "realsale": null, "subsidyincome": null, "adjustdate": "19000101", "netpro1itse": null, "enddate": "20091231", "otherdistprof": null, "operprofform": null, "legalsurp": null, "netpro2form": null, "parecompincoamt": 81829465.22, "realsalecost": null, "contress": 0.0, "pounexpe": 0.0, "noncassetsdisl": 665337.37, "parenetp": 81829465.22, "parecompinco": null, "accpolicychg": null, "surrgold": 0.0, "custinco": null, "netprofit": 81829465.22, "proftotform": null, "dilutedeps": 0.68, "valuechgloss": 0.0, "reservefund": null, "asseimpaloss": 194755.79, "finexpe": -1050872.14, "compnetexpe": 0.0, "biztotincoform": null, "debtrestruloss": null, "earnprem": 0.0, "nonoexpe": 727883.06, "assoinveprof": 0.0, "minysharinco": null, "otherbizcost": null, "supplycurcap": null, "basiceps": 0.68, "biztotcostform": null, "inteexpe": 0.0, "inveinco": 0.0, "freesurplu": null, "otherbizinco": null, "totprofit": 94201819.73, "accstacode": "2", "developfund": null, "exchggain": 0.0, "mergeformnetprof": null, "compcode": "80155181", "pouninco": 0.0, "netpro2itse": null, "incotaxexpe": 12372354.51, "othercompinco": 0.0, "biztotcost": 839971986.87, "undisprofit": null, "biztax": 10587232.87, "accestimatechg": null, "bizprofitse": null, "netpro1form": null, "manaexpe": 70058595.2, "dealwithdivi": null, "selldepartgain": null, "deveexpe": null, "begindate": "20090101", "compincoamt": 81829465.22, "proftotitse": null, "undisprofredu": null, "otherinto": null, "publishdate": "20101102", "futuloss": null, "staffaward": null, "perprofit": 94202743.16, "salesexpe": 340317851.51, "bizinco": 934174730.03, "biztotcostitse": null, "minysharincoamt": 0.0, "accstaname": "\u65b0\u4f1a\u8ba1\u51c6\u5219", "reporttype": "100111", "earlyundiprof": null, "bizcost": 419864423.64, "polidiviexpe": 0.0, "reinexpe": 0.0, "biztotinco": 934174730.03, "othersupply": null, "natudisasterloss": null}, {"nonoreve": 253922.23, "unreinveloss": 0.0, "capitalreserve": null, "inteinco": 0.0, "profreturninvest": null, "avaidistshareprof": null, "preferredskdiv": null, "welfare": null, "minysharrigh": 0.0, "otherbizprof": 0.0, "biztotincoitse": null, "capitalizeddivi": null, "realsale": 0.0, "subsidyincome": 0.0, "adjustdate": "19000101", "netpro1itse": null, "enddate": "20090930", "otherdistprof": null, "operprofform": null, "legalsurp": null, "netpro2form": null, "parecompincoamt": 0.0, "realsalecost": 0.0, "contress": 0.0, "pounexpe": 0.0, "noncassetsdisl": 0.0, "parenetp": 47695805.8, "parecompinco": 0.0, "accpolicychg": null, "surrgold": 0.0, "custinco": 0.0, "netprofit": 47695805.8, "proftotform": null, "dilutedeps": 0.0, "valuechgloss": 0.0, "reservefund": null, "asseimpaloss": 0.0, "finexpe": -644770.37, "compnetexpe": 0.0, "biztotincoform": null, "debtrestruloss": null, "earnprem": 0.0, "nonoexpe": 41366.87, "assoinveprof": 0.0, "minysharinco": 0.0, "otherbizcost": 0.0, "supplycurcap": null, "basiceps": 0.4, "biztotcostform": null, "inteexpe": 0.0, "inveinco": 0.0, "freesurplu": null, "otherbizinco": 0.0, "totprofit": 55910303.26, "accstacode": "2", "developfund": null, "exchggain": 0.0, "mergeformnetprof": 0.0, "compcode": "80155181", "pouninco": 0.0, "netpro2itse": null, "incotaxexpe": 8214497.46, "othercompinco": 0.0, "biztotcost": 569987678.5, "undisprofit": null, "biztax": 7575526.31, "accestimatechg": null, "bizprofitse": null, "netpro1form": null, "manaexpe": 41332413.22, "dealwithdivi": null, "selldepartgain": null, "deveexpe": 0.0, "begindate": "20090101", "compincoamt": 0.0, "proftotitse": null, "undisprofredu": null, "otherinto": null, "publishdate": "20101122", "futuloss": 0.0, "staffaward": null, "perprofit": 55697747.9, "salesexpe": 249560980.29, "bizinco": 625685426.4, "biztotcostitse": null, "minysharincoamt": 0.0, "accstaname": "\u65b0\u4f1a\u8ba1\u51c6\u5219", "reporttype": "100111", "earlyundiprof": null, "bizcost": 272163529.05, "polidiviexpe": 0.0, "reinexpe": 0.0, "biztotinco": 625685426.4, "othersupply": null, "natudisasterloss": null}, {"nonoreve": 3660151.9, "unreinveloss": null, "capitalreserve": null, "inteinco": 0.0, "profreturninvest": null, "avaidistshareprof": null, "preferredskdiv": null, "welfare": null, "minysharrigh": 39621.04, "otherbizprof": null, "biztotincoitse": null, "capitalizeddivi": null, "realsale": null, "subsidyincome": null, "adjustdate": "19000101", "netpro1itse": null, "enddate": "20081231", "otherdistprof": null, "operprofform": null, "legalsurp": null, "netpro2form": null, "parecompincoamt": 54161955.01, "realsalecost": null, "contress": 0.0, "pounexpe": 0.0, "noncassetsdisl": 178070.78, "parenetp": 54161955.01, "parecompinco": null, "accpolicychg": null, "surrgold": 0.0, "custinco": null, "netprofit": 54201576.05, "proftotform": null, "dilutedeps": 0.49, "valuechgloss": 0.0, "reservefund": null, "asseimpaloss": 1276307.44, "finexpe": 747219.75, "compnetexpe": 0.0, "biztotincoform": null, "debtrestruloss": null, "earnprem": 0.0, "nonoexpe": 693076.9, "assoinveprof": 0.0, "minysharinco": null, "otherbizcost": null, "supplycurcap": null, "basiceps": 0.49, "biztotcostform": null, "inteexpe": 0.0, "inveinco": 5592740.27, "freesurplu": null, "otherbizinco": null, "totprofit": 64603062.34, "accstacode": "2", "developfund": null, "exchggain": 0.0, "mergeformnetprof": null, "compcode": "80155181", "pouninco": 0.0, "netpro2itse": null, "incotaxexpe": 10401486.29, "othercompinco": 0.0, "biztotcost": 810442080.64, "undisprofit": null, "biztax": 6494256.39, "accestimatechg": null, "bizprofitse": null, "netpro1form": null, "manaexpe": 58219017.61, "dealwithdivi": null, "selldepartgain": null, "deveexpe": null, "begindate": "20080101", "compincoamt": 54201576.05, "proftotitse": null, "undisprofredu": null, "otherinto": null, "publishdate": "20101102", "futuloss": null, "staffaward": null, "perprofit": 61635987.34, "salesexpe": 330933572.44, "bizinco": 866485327.71, "biztotcostitse": null, "minysharincoamt": 39621.04, "accstaname": "\u65b0\u4f1a\u8ba1\u51c6\u5219", "reporttype": "100111", "earlyundiprof": null, "bizcost": 412771707.01, "polidiviexpe": 0.0, "reinexpe": 0.0, "biztotinco": 866485327.71, "othersupply": null, "natudisasterloss": null}, {"nonoreve": 3693849.18, "unreinveloss": null, "capitalreserve": null, "inteinco": 0.0, "profreturninvest": null, "avaidistshareprof": null, "preferredskdiv": null, "welfare": null, "minysharrigh": 0.0, "otherbizprof": null, "biztotincoitse": null, "capitalizeddivi": null, "realsale": null, "subsidyincome": null, "adjustdate": "19000101", "netpro1itse": null, "enddate": "20071231", "otherdistprof": null, "operprofform": null, "legalsurp": null, "netpro2form": null, "parecompincoamt": 62657613.08, "realsalecost": null, "contress": 0.0, "pounexpe": 0.0, "noncassetsdisl": 1140583.54, "parenetp": 60243413.08, "parecompinco": null, "accpolicychg": null, "surrgold": 0.0, "custinco": null, "netprofit": 60243413.08, "proftotform": null, "dilutedeps": 0.72, "valuechgloss": 0.0, "reservefund": null, "asseimpaloss": -420719.37, "finexpe": 3490679.08, "compnetexpe": 0.0, "biztotincoform": null, "debtrestruloss": null, "earnprem": 0.0, "nonoexpe": 1393539.67, "assoinveprof": 0.0, "minysharinco": null, "otherbizcost": null, "supplycurcap": null, "basiceps": 0.72, "biztotcostform": null, "inteexpe": 0.0, "inveinco": 316765.53, "freesurplu": null, "otherbizinco": null, "totprofit": 82350572.83, "accstacode": "2", "developfund": null, "exchggain": 0.0, "mergeformnetprof": null, "compcode": "80155181", "pouninco": 0.0, "netpro2itse": null, "incotaxexpe": 22107159.75, "othercompinco": 2414200.0, "biztotcost": 658694255.76, "undisprofit": null, "biztax": 8063386.75, "accestimatechg": null, "bizprofitse": null, "netpro1form": null, "manaexpe": 34208657.61, "dealwithdivi": null, "selldepartgain": null, "deveexpe": null, "begindate": "20070101", "compincoamt": 62657613.08, "proftotitse": null, "undisprofredu": null, "otherinto": null, "publishdate": "20101102", "futuloss": null, "staffaward": null, "perprofit": 80050263.32, "salesexpe": 223279178.55, "bizinco": 738427753.55, "biztotcostitse": null, "minysharincoamt": 0.0, "accstaname": "\u65b0\u4f1a\u8ba1\u51c6\u5219", "reporttype": "100111", "earlyundiprof": null, "bizcost": 390073073.14, "polidiviexpe": 0.0, "reinexpe": 0.0, "biztotinco": 738427753.55, "othersupply": null, "natudisasterloss": null}], "comptype": 4, "name": "\u8001\u677f\u7535\u5668"}