{"SZ002508": {"redeem_type": "T", "kzz_convert_time": "", "code": "002508", "kzz_stock_name": "", "remain_year": "", "marketCapital": "4.389276815625E10", "sale_rrg": "", "current": "46.25", "tick_size": "0.01", "fall_stop": "41.52", "outstandingamt": "", "after_hour_vol": "0", "kzz_covert_value": "0.0", "afterHoursTime": "Wed Oct 19 21:59:01 -0400 2011", "warrant": "", "due_date": "", "kzz_redempt_price": "0.0", "high52week": "48.55", "psr": "6.7692", "afterHoursPct": "0.0", "currency_unit": "CNY", "name": "\u8001\u677f\u7535\u5668", "yield": "1.08", "lot_size": "100", "low52week": "27.14", "convert_bond_ratio": "", "rate": "", "close": "46.25", "turnover_rate": "0.74%", "afterHoursChg": "0.0", "kzz_stock_percent": "", "percent5m": "0.02", "volume_ratio": "0.98", "exchange": "SZ", "last_close": "46.13", "dividend": "0.5", "lot_volume": "68507.68", "change": "0.12", "publisher": "", "kzz_convert_price": "0.0", "hasexist": "", "amount": "3.17847447E8", "issue_type": "3", "has_warrant": "0", "pankou_ratio": "-6.5%", "pe_lyr": "36.3702", "benefit_before_tax": "0.0", "convert_rate": "0.0", "afterHours": "0.0", "par_value": "0.0", "maturitydate": "", "open": "46.39", "convertrate": "0.0", "kzz_stock_symbol": "", "pb": "9.99", "kzz_stock_current": "0.0", "low": "46.1", "time": "Mon Oct 23 15:04:03 +0800 2017", "percentage": "0.26", "type": "11", "rise_stop": "50.74", "kzz_cpr": "0.0", "benefit_after_tax": "0.0", "net_assets": "4.6294", "volume": "6850768.0", "flag": "1", "updateAt": "1508515230259", "totalissuescale": "", "circulation": "0.0", "amplitude": "2.38%", "release_date": "", "kzz_straight_price": "0.0", "interestrtmemo": "", "float_market_capital": "4.303253721125E10", "high": "47.2", "pe_ttm": "31.766", "market_status": "\u5df2\u6536\u76d8", "max_order_quantity": "0", "due_time": "0.0", "min_order_quantity": "0", "volumeAverage": "3938518", "bond_type": "", "symbol": "SZ002508", "instOwn": "0.0", "rest_day": "", "beta": "0.0", "variable_tick_size": "", "eps": "0.63", "value_date": "", "float_shares": "930433237", "totalShares": "949032825", "disnext_pay_date": "", "kzz_putback_price": "0.0"}}