{"list": [{"laborgetcash": 3258927687.13, "inveredu": -190663913.8, "unreinveloss": null, "bizcashinfl": 3388647541.85, "diviprofpaycash": 365012625.0, "invcashoutf": 784686710.0, "accrexpeincr": null, "subspaynetcash": null, "finrelacash": 192780.0, "payworkcash": 272956200.95, "subspaydivid": null, "chgexchgchgs": -251720.15, "finnetcflow": -349797805.0, "receotherbizcash": 129719854.72, "longdefeexpenamor": 17327.22, "acquassetcash": 82009210.0, "recefincash": 15407600.0, "inspremcash": null, "netcashform": null, "bizcashoutf": 2689791558.35, "fininstnetr": null, "invrececash": null, "defetaxassetdecr": -67784428.98, "inicashbala": 3438839838.53, "invcashinfl": 199050.0, "paydivicash": null, "netcashscheitse": null, "defeincoincr": null, "disptradnetincr": null, "mananetr": 698855983.5, "debtintocapi": null, "defetaxliabincr": null, "adjustdate": "20170727", "enddate": "20170630", "assedepr": 38979315.27, "biznetscheitse": null, "biznetform": null, "equfinalbala": null, "finoutfitse": null, "cashfinalbala": 3003158636.88, "fixedassetnetc": 199050.0, "cashfinalitse": null, "payintecash": null, "unfiparachg": null, "loansnetr": null, "incrcashpled": null, "biznetcflow": 698855983.5, "asseimpa": 1607669.14, "reducashpled": null, "invinffrom": null, "netprofit": 597747185.95, "minysharrigh": null, "equopenbala": null, "inveloss": 1884368.9, "valuechgloss": null, "receinvcash": null, "bizoutfform": null, "biznetscheform": null, "finexpe": 251720.15, "intaasseamor": 4147256.79, "taxrefd": null, "biznetitse": null, "finnetitse": null, "invinflitse": null, "subsnetc": null, "unseparachg": null, "finoutfform": null, "recefromloan": null, "netinvitse": null, "estidebts": null, "payaincr": 710478149.33, "fdsborrnetr": null, "realestadep": null, "reporttype": "100111", "dispfixedassetloss": -97745.16, "fininflitse": null, "finalcashbala": 3003158636.88, "cashfinalform": null, "invoutfitse": null, "netcashitse": null, "payinvecash": null, "fixedassescraloss": -45904.05, "savinetr": null, "subsrececash": null, "accstacode": "2", "fincashoutf": 365205405.0, "charintecash": null, "finfixedasset": null, "labopayc": 1173706921.51, "expiconvbd": null, "paycompgold": null, "inveretugetcash": null, "compcode": "80155181", "prepexpedecr": null, "repnetincr": null, "issbdrececash": null, "loannetr": null, "withinvgetcash": null, "invpayc": 702677500.0, "debtpaycash": null, "fincashinfl": 15407600.0, "cashopenbala": 3438839838.53, "netcashscheform": null, "begindate": "20170101", "bizoutfitse": null, "bizinflitse": null, "insnetc": null, "bankloannetincr": null, "receredu": -403835942.55, "publishdate": "20170727", "other": 6170925.29, "deponetr": null, "paytax": 414939539.58, "bizinflform": null, "tradepaymnetr": null, "cashneti": -435681201.65, "accstaname": "\u65b0\u4f1a\u8ba1\u51c6\u5219", "cashnetr": -435681201.65, "invnetcashflow": -784487660.0, "netinvform": null, "finnetform": null, "payacticash": 828188896.31, "fininflform": null, "invoutfform": null}, {"laborgetcash": 1411086110.47, "inveredu": null, "unreinveloss": null, "bizcashinfl": 1487409167.94, "diviprofpaycash": null, "invcashoutf": 19854182.29, "accrexpeincr": null, "subspaynetcash": null, "finrelacash": 192780.0, "payworkcash": 157587363.87, "subspaydivid": null, "chgexchgchgs": -49876.39, "finnetcflow": 14714820.0, "receotherbizcash": 76323057.47, "longdefeexpenamor": null, "acquassetcash": 17176682.29, "recefincash": 14907600.0, "inspremcash": null, "netcashform": null, "bizcashoutf": 1301316831.72, "fininstnetr": null, "invrececash": null, "defetaxassetdecr": null, "inicashbala": 3438839838.53, "invcashinfl": 132000.0, "paydivicash": null, "netcashscheitse": null, "defeincoincr": null, "disptradnetincr": null, "mananetr": 186092336.22, "debtintocapi": null, "defetaxliabincr": null, "adjustdate": "20170426", "enddate": "20170331", "assedepr": null, "biznetscheitse": null, "biznetform": null, "equfinalbala": null, "finoutfitse": null, "cashfinalbala": 3619874936.07, "fixedassetnetc": 132000.0, "cashfinalitse": null, "payintecash": null, "unfiparachg": null, "loansnetr": null, "incrcashpled": null, "biznetcflow": null, "asseimpa": null, "reducashpled": null, "invinffrom": null, "netprofit": null, "minysharrigh": null, "equopenbala": null, "inveloss": null, "valuechgloss": null, "receinvcash": null, "bizoutfform": null, "biznetscheform": null, "finexpe": null, "intaasseamor": null, "taxrefd": null, "biznetitse": null, "finnetitse": null, "invinflitse": null, "subsnetc": null, "unseparachg": null, "finoutfform": null, "recefromloan": null, "netinvitse": null, "estidebts": null, "payaincr": null, "fdsborrnetr": null, "realestadep": null, "reporttype": "100111", "dispfixedassetloss": null, "fininflitse": null, "finalcashbala": 3619874936.07, "cashfinalform": null, "invoutfitse": null, "netcashitse": null, "payinvecash": null, "fixedassescraloss": null, "savinetr": null, "subsrececash": null, "accstacode": "2", "fincashoutf": 192780.0, "charintecash": null, "finfixedasset": null, "labopayc": 601155768.42, "expiconvbd": null, "paycompgold": null, "inveretugetcash": null, "compcode": "80155181", "prepexpedecr": null, "repnetincr": null, "issbdrececash": null, "loannetr": null, "withinvgetcash": null, "invpayc": 2677500.0, "debtpaycash": null, "fincashinfl": 14907600.0, "cashopenbala": 3438839838.53, "netcashscheform": null, "begindate": "20170101", "bizoutfitse": null, "bizinflitse": null, "insnetc": null, "bankloannetincr": null, "receredu": null, "publishdate": "20170426", "other": null, "deponetr": null, "paytax": 207468456.66, "bizinflform": null, "tradepaymnetr": null, "cashneti": 181035097.54, "accstaname": "\u65b0\u4f1a\u8ba1\u51c6\u5219", "cashnetr": 181035097.54, "invnetcashflow": -19722182.29, "netinvform": null, "finnetform": null, "payacticash": 335105242.77, "fininflform": null, "invoutfform": null}, {"laborgetcash": 6376116562.06, "inveredu": -192919922.15, "unreinveloss": null, "bizcashinfl": 6545633246.61, "diviprofpaycash": 292022700.0, "invcashoutf": 202007243.06, "accrexpeincr": null, "subspaynetcash": null, "finrelacash": 102620.0, "payworkcash": 502579184.62, "subspaydivid": null, "chgexchgchgs": 539171.4, "finnetcflow": -226383520.0, "receotherbizcash": 162914138.86, "longdefeexpenamor": 38270.72, "acquassetcash": 199329743.06, "recefincash": 52141800.0, "inspremcash": null, "netcashform": null, "bizcashoutf": 5000184754.29, "fininstnetr": null, "invrececash": 13600000.0, "defetaxassetdecr": -8256597.51, "inicashbala": 2317558213.07, "invcashinfl": 3684724.8, "paydivicash": null, "netcashscheitse": null, "defeincoincr": null, "disptradnetincr": null, "mananetr": 1545448492.32, "debtintocapi": null, "defetaxliabincr": null, "adjustdate": "20170330", "enddate": "20161231", "assedepr": 73184035.37, "biznetscheitse": null, "biznetform": null, "equfinalbala": null, "finoutfitse": null, "cashfinalbala": 3438839838.53, "fixedassetnetc": 3684724.8, "cashfinalitse": null, "payintecash": null, "unfiparachg": null, "loansnetr": null, "incrcashpled": null, "biznetcflow": 1545448492.32, "asseimpa": 1789644.81, "reducashpled": null, "invinffrom": null, "netprofit": 1206814383.28, "minysharrigh": null, "equopenbala": null, "inveloss": 1859613.41, "valuechgloss": null, "receinvcash": null, "bizoutfform": null, "biznetscheform": null, "finexpe": -539171.4, "intaasseamor": 7089861.47, "taxrefd": 6602545.69, "biznetitse": null, "finnetitse": null, "invinflitse": null, "subsnetc": null, "unseparachg": null, "finoutfform": null, "recefromloan": null, "netinvitse": null, "estidebts": null, "payaincr": 498355903.9, "fdsborrnetr": null, "realestadep": null, "reporttype": "100111", "dispfixedassetloss": -467220.27, "fininflitse": null, "finalcashbala": 3438839838.53, "cashfinalform": null, "invoutfitse": null, "netcashitse": null, "payinvecash": null, "fixedassescraloss": null, "savinetr": null, "subsrececash": null, "accstacode": "2", "fincashoutf": 292125320.0, "charintecash": null, "finfixedasset": null, "labopayc": 2295727189.69, "expiconvbd": null, "paycompgold": null, "inveretugetcash": null, "compcode": "80155181", "prepexpedecr": null, "repnetincr": null, "issbdrececash": null, "loannetr": null, "withinvgetcash": null, "invpayc": 2677500.0, "debtpaycash": null, "fincashinfl": 65741800.0, "cashopenbala": 2317558213.07, "netcashscheform": null, "begindate": "20160101", "bizoutfitse": null, "bizinflitse": null, "insnetc": null, "bankloannetincr": null, "receredu": -61164391.06, "publishdate": "20170330", "other": 19664081.75, "deponetr": null, "paytax": 698082089.93, "bizinflform": null, "tradepaymnetr": null, "cashneti": 1121281625.46, "accstaname": "\u65b0\u4f1a\u8ba1\u51c6\u5219", "cashnetr": 1121281625.46, "invnetcashflow": -198322518.26, "netinvform": null, "finnetform": null, "payacticash": 1503796290.05, "fininflform": null, "invoutfform": null}, {"laborgetcash": 4439699353.14, "inveredu": null, "unreinveloss": null, "bizcashinfl": 4543501323.21, "diviprofpaycash": 292022700.0, "invcashoutf": 121350669.93, "accrexpeincr": null, "subspaynetcash": null, "finrelacash": 102620.0, "payworkcash": 360552374.59, "subspaydivid": null, "chgexchgchgs": 179235.62, "finnetcflow": -278525320.0, "receotherbizcash": 97157027.56, "longdefeexpenamor": null, "acquassetcash": 121350669.93, "recefincash": null, "inspremcash": null, "netcashform": null, "bizcashoutf": 3360423551.84, "fininstnetr": null, "invrececash": 13600000.0, "defetaxassetdecr": null, "inicashbala": 2317558213.07, "invcashinfl": 4078079.73, "paydivicash": null, "netcashscheitse": null, "defeincoincr": null, "disptradnetincr": null, "mananetr": 1183077771.37, "debtintocapi": null, "defetaxliabincr": null, "adjustdate": "20161021", "enddate": "20160930", "assedepr": null, "biznetscheitse": null, "biznetform": null, "equfinalbala": null, "finoutfitse": null, "cashfinalbala": 3105017309.86, "fixedassetnetc": 4078079.73, "cashfinalitse": null, "payintecash": null, "unfiparachg": null, "loansnetr": null, "incrcashpled": null, "biznetcflow": null, "asseimpa": null, "reducashpled": null, "invinffrom": null, "netprofit": null, "minysharrigh": null, "equopenbala": null, "inveloss": null, "valuechgloss": null, "receinvcash": null, "bizoutfform": null, "biznetscheform": null, "finexpe": null, "intaasseamor": null, "taxrefd": 6644942.51, "biznetitse": null, "finnetitse": null, "invinflitse": null, "subsnetc": null, "unseparachg": null, "finoutfform": null, "recefromloan": null, "netinvitse": null, "estidebts": null, "payaincr": null, "fdsborrnetr": null, "realestadep": null, "reporttype": "100111", "dispfixedassetloss": null, "fininflitse": null, "finalcashbala": 3105017309.86, "cashfinalform": null, "invoutfitse": null, "netcashitse": null, "payinvecash": null, "fixedassescraloss": null, "savinetr": null, "subsrececash": null, "accstacode": "2", "fincashoutf": 292125320.0, "charintecash": null, "finfixedasset": null, "labopayc": 1459672771.64, "expiconvbd": null, "paycompgold": null, "inveretugetcash": null, "compcode": "80155181", "prepexpedecr": null, "repnetincr": null, "issbdrececash": null, "loannetr": null, "withinvgetcash": null, "invpayc": null, "debtpaycash": null, "fincashinfl": 13600000.0, "cashopenbala": 2317558213.07, "netcashscheform": null, "begindate": "20160101", "bizoutfitse": null, "bizinflitse": null, "insnetc": null, "bankloannetincr": null, "receredu": null, "publishdate": "20161021", "other": null, "deponetr": null, "paytax": 483014490.75, "bizinflform": null, "tradepaymnetr": null, "cashneti": 787459096.79, "accstaname": "\u65b0\u4f1a\u8ba1\u51c6\u5219", "cashnetr": 787459096.79, "invnetcashflow": -117272590.2, "netinvform": null, "finnetform": null, "payacticash": 1057183914.86, "fininflform": null, "invoutfform": null}, {"laborgetcash": 2862316832.97, "inveredu": -131378799.24, "unreinveloss": null, "bizcashinfl": 2933601226.59, "diviprofpaycash": 292022700.0, "invcashoutf": 89289158.18, "accrexpeincr": null, "subspaynetcash": null, "finrelacash": 102620.0, "payworkcash": 238537161.56, "subspaydivid": null, "chgexchgchgs": 119714.52, "finnetcflow": -278525320.0, "receotherbizcash": 71241996.8, "longdefeexpenamor": 19135.38, "acquassetcash": 89289158.18, "recefincash": null, "inspremcash": null, "netcashform": null, "bizcashoutf": 2185061192.37, "fininstnetr": null, "invrececash": 13600000.0, "defetaxassetdecr": -58016614.26, "inicashbala": 2317558213.07, "invcashinfl": 598079.73, "paydivicash": null, "netcashscheitse": null, "defeincoincr": null, "disptradnetincr": null, "mananetr": 748540034.22, "debtintocapi": null, "defetaxliabincr": null, "adjustdate": "20160727", "enddate": "20160630", "assedepr": 35983024.1, "biznetscheitse": null, "biznetform": null, "equfinalbala": null, "finoutfitse": null, "cashfinalbala": 2699001563.36, "fixedassetnetc": 598079.73, "cashfinalitse": null, "payintecash": null, "unfiparachg": null, "loansnetr": null, "incrcashpled": null, "biznetcflow": 748540034.22, "asseimpa": 785843.85, "reducashpled": null, "invinffrom": null, "netprofit": 422828978.37, "minysharrigh": null, "equopenbala": null, "inveloss": null, "valuechgloss": null, "receinvcash": null, "bizoutfform": null, "biznetscheform": null, "finexpe": -119784.96, "intaasseamor": 3403116.66, "taxrefd": 42396.82, "biznetitse": null, "finnetitse": null, "invinflitse": null, "subsnetc": null, "unseparachg": null, "finoutfform": null, "recefromloan": null, "netinvitse": null, "estidebts": null, "payaincr": 602906285.84, "fdsborrnetr": null, "realestadep": null, "reporttype": "100111", "dispfixedassetloss": -598079.73, "fininflitse": null, "finalcashbala": 2699001563.36, "cashfinalform": null, "invoutfitse": null, "netcashitse": null, "payinvecash": null, "fixedassescraloss": 5682.38, "savinetr": null, "subsrececash": null, "accstacode": "2", "fincashoutf": 292125320.0, "charintecash": null, "finfixedasset": null, "labopayc": 918436118.7, "expiconvbd": null, "paycompgold": null, "inveretugetcash": null, "compcode": "80155181", "prepexpedecr": null, "repnetincr": null, "issbdrececash": null, "loannetr": null, "withinvgetcash": null, "invpayc": null, "debtpaycash": null, "fincashinfl": 13600000.0, "cashopenbala": 2317558213.07, "netcashscheform": null, "begindate": "20160101", "bizoutfitse": null, "bizinflitse": null, "insnetc": null, "bankloannetincr": null, "receredu": -135201549.66, "publishdate": "20160727", "other": 7922795.49, "deponetr": null, "paytax": 306308813.3, "bizinflform": null, "tradepaymnetr": null, "cashneti": 381443350.29, "accstaname": "\u65b0\u4f1a\u8ba1\u51c6\u5219", "cashnetr": 381443350.29, "invnetcashflow": -88691078.45, "netinvform": null, "finnetform": null, "payacticash": 721779098.81, "fininflform": null, "invoutfform": null}, {"laborgetcash": 1258193168.9, "inveredu": null, "unreinveloss": null, "bizcashinfl": 1281417906.95, "diviprofpaycash": null, "invcashoutf": 61616143.41, "accrexpeincr": null, "subspaynetcash": null, "finrelacash": null, "payworkcash": 130960722.77, "subspaydivid": null, "chgexchgchgs": -27434.86, "finnetcflow": 13600000.0, "receotherbizcash": 23224738.05, "longdefeexpenamor": null, "acquassetcash": 61616143.41, "recefincash": null, "inspremcash": null, "netcashform": null, "bizcashoutf": 1095542863.48, "fininstnetr": null, "invrececash": 13600000.0, "defetaxassetdecr": null, "inicashbala": 2317558213.07, "invcashinfl": 595849.48, "paydivicash": null, "netcashscheitse": null, "defeincoincr": null, "disptradnetincr": null, "mananetr": 185875043.47, "debtintocapi": null, "defetaxliabincr": null, "adjustdate": "20160426", "enddate": "20160331", "assedepr": null, "biznetscheitse": null, "biznetform": null, "equfinalbala": null, "finoutfitse": null, "cashfinalbala": 2455985527.75, "fixedassetnetc": 595849.48, "cashfinalitse": null, "payintecash": null, "unfiparachg": null, "loansnetr": null, "incrcashpled": null, "biznetcflow": null, "asseimpa": null, "reducashpled": null, "invinffrom": null, "netprofit": null, "minysharrigh": null, "equopenbala": null, "inveloss": null, "valuechgloss": null, "receinvcash": null, "bizoutfform": null, "biznetscheform": null, "finexpe": null, "intaasseamor": null, "taxrefd": null, "biznetitse": null, "finnetitse": null, "invinflitse": null, "subsnetc": null, "unseparachg": null, "finoutfform": null, "recefromloan": null, "netinvitse": null, "estidebts": null, "payaincr": null, "fdsborrnetr": null, "realestadep": null, "reporttype": "100111", "dispfixedassetloss": null, "fininflitse": null, "finalcashbala": 2455985527.75, "cashfinalform": null, "invoutfitse": null, "netcashitse": null, "payinvecash": null, "fixedassescraloss": null, "savinetr": null, "subsrececash": null, "accstacode": "2", "fincashoutf": 0.0, "charintecash": null, "finfixedasset": null, "labopayc": 502745330.96, "expiconvbd": null, "paycompgold": null, "inveretugetcash": null, "compcode": "80155181", "prepexpedecr": null, "repnetincr": null, "issbdrececash": null, "loannetr": null, "withinvgetcash": null, "invpayc": null, "debtpaycash": null, "fincashinfl": 13600000.0, "cashopenbala": 2317558213.07, "netcashscheform": null, "begindate": "20160101", "bizoutfitse": null, "bizinflitse": null, "insnetc": null, "bankloannetincr": null, "receredu": null, "publishdate": "20160426", "other": null, "deponetr": null, "paytax": 143653937.28, "bizinflform": null, "tradepaymnetr": null, "cashneti": 138427314.68, "accstaname": "\u65b0\u4f1a\u8ba1\u51c6\u5219", "cashnetr": 138427314.68, "invnetcashflow": -61020293.93, "netinvform": null, "finnetform": null, "payacticash": 318182872.47, "fininflform": null, "invoutfform": null}, {"laborgetcash": 4772788986.49, "inveredu": -167830622.91, "unreinveloss": null, "bizcashinfl": 4910261755.92, "diviprofpaycash": 162025000.0, "invcashoutf": 305809079.16, "accrexpeincr": null, "subspaynetcash": null, "finrelacash": null, "payworkcash": 416887639.4, "subspaydivid": null, "chgexchgchgs": 352912.42, "finnetcflow": -100627000.0, "receotherbizcash": 130592107.52, "longdefeexpenamor": 368946.95, "acquassetcash": 278075079.16, "recefincash": null, "inspremcash": null, "netcashform": null, "bizcashoutf": 3786611981.37, "fininstnetr": null, "invrececash": 61398000.0, "defetaxassetdecr": -3241339.02, "inicashbala": 1599955977.26, "invcashinfl": 35628.0, "paydivicash": null, "netcashscheitse": null, "defeincoincr": null, "disptradnetincr": null, "mananetr": 1123649774.55, "debtintocapi": null, "defetaxliabincr": null, "adjustdate": "20160408", "enddate": "20151231", "assedepr": 40097414.4, "biznetscheitse": null, "biznetform": null, "equfinalbala": null, "finoutfitse": null, "cashfinalbala": 2317558213.07, "fixedassetnetc": 35628.0, "cashfinalitse": null, "payintecash": null, "unfiparachg": null, "loansnetr": null, "incrcashpled": null, "biznetcflow": 1123649774.55, "asseimpa": 1361889.71, "reducashpled": null, "invinffrom": null, "netprofit": 827950273.85, "minysharrigh": null, "equopenbala": null, "inveloss": null, "valuechgloss": null, "receinvcash": null, "bizoutfform": null, "biznetscheform": null, "finexpe": -352912.42, "intaasseamor": 5701881.41, "taxrefd": 6880661.91, "biznetitse": null, "finnetitse": null, "invinflitse": null, "subsnetc": null, "unseparachg": null, "finoutfform": null, "recefromloan": null, "netinvitse": null, "estidebts": null, "payaincr": 535833543.1, "fdsborrnetr": null, "realestadep": null, "reporttype": "100111", "dispfixedassetloss": 7017.21, "fininflitse": null, "finalcashbala": 2317558213.07, "cashfinalform": null, "invoutfitse": null, "netcashitse": null, "payinvecash": null, "fixedassescraloss": null, "savinetr": null, "subsrececash": null, "accstacode": "2", "fincashoutf": 162025000.0, "charintecash": null, "finfixedasset": null, "labopayc": 1644872937.75, "expiconvbd": null, "paycompgold": null, "inveretugetcash": null, "compcode": "80155181", "prepexpedecr": null, "repnetincr": null, "issbdrececash": null, "loannetr": null, "withinvgetcash": null, "invpayc": 27734000.0, "debtpaycash": null, "fincashinfl": 61398000.0, "cashopenbala": 1599955977.26, "netcashscheform": null, "begindate": "20150101", "bizoutfitse": null, "bizinflitse": null, "insnetc": null, "bankloannetincr": null, "receredu": -134002750.97, "publishdate": "20160408", "other": 17756433.24, "deponetr": null, "paytax": 525428411.58, "bizinflform": null, "tradepaymnetr": null, "cashneti": 717602235.81, "accstaname": "\u65b0\u4f1a\u8ba1\u51c6\u5219", "cashnetr": 717602235.81, "invnetcashflow": -305773451.16, "netinvform": null, "finnetform": null, "payacticash": 1199422992.64, "fininflform": null, "invoutfform": null}, {"laborgetcash": 3463272982.86, "inveredu": null, "unreinveloss": null, "bizcashinfl": 3570134711.04, "diviprofpaycash": 162025000.0, "invcashoutf": 223505066.8, "accrexpeincr": null, "subspaynetcash": null, "finrelacash": null, "payworkcash": 299909599.97, "subspaydivid": null, "chgexchgchgs": 232785.4, "finnetcflow": -100627000.0, "receotherbizcash": 106789996.3, "longdefeexpenamor": null, "acquassetcash": 208805066.8, "recefincash": null, "inspremcash": null, "netcashform": null, "bizcashoutf": 2825440587.77, "fininstnetr": null, "invrececash": 61398000.0, "defetaxassetdecr": null, "inicashbala": 1599955977.26, "invcashinfl": 11000.0, "paydivicash": null, "netcashscheitse": null, "defeincoincr": null, "disptradnetincr": null, "mananetr": 744694123.27, "debtintocapi": null, "defetaxliabincr": null, "adjustdate": "20151022", "enddate": "20150930", "assedepr": null, "biznetscheitse": null, "biznetform": null, "equfinalbala": null, "finoutfitse": null, "cashfinalbala": 2020761819.13, "fixedassetnetc": 11000.0, "cashfinalitse": null, "payintecash": null, "unfiparachg": null, "loansnetr": null, "incrcashpled": null, "biznetcflow": null, "asseimpa": null, "reducashpled": null, "invinffrom": null, "netprofit": null, "minysharrigh": null, "equopenbala": null, "inveloss": null, "valuechgloss": null, "receinvcash": null, "bizoutfform": null, "biznetscheform": null, "finexpe": null, "intaasseamor": null, "taxrefd": 71731.88, "biznetitse": null, "finnetitse": null, "invinflitse": null, "subsnetc": null, "unseparachg": null, "finoutfform": null, "recefromloan": null, "netinvitse": null, "estidebts": null, "payaincr": null, "fdsborrnetr": null, "realestadep": null, "reporttype": "100111", "dispfixedassetloss": null, "fininflitse": null, "finalcashbala": 2020761819.13, "cashfinalform": null, "invoutfitse": null, "netcashitse": null, "payinvecash": null, "fixedassescraloss": null, "savinetr": null, "subsrececash": null, "accstacode": "2", "fincashoutf": 162025000.0, "charintecash": null, "finfixedasset": null, "labopayc": 1224555742.51, "expiconvbd": null, "paycompgold": null, "inveretugetcash": null, "compcode": "80155181", "prepexpedecr": null, "repnetincr": null, "issbdrececash": null, "loannetr": null, "withinvgetcash": null, "invpayc": 14700000.0, "debtpaycash": null, "fincashinfl": 61398000.0, "cashopenbala": 1599955977.26, "netcashscheform": null, "begindate": "20150101", "bizoutfitse": null, "bizinflitse": null, "insnetc": null, "bankloannetincr": null, "receredu": null, "publishdate": "20151022", "other": null, "deponetr": null, "paytax": 382433328.11, "bizinflform": null, "tradepaymnetr": null, "cashneti": 420805841.87, "accstaname": "\u65b0\u4f1a\u8ba1\u51c6\u5219", "cashnetr": 420805841.87, "invnetcashflow": -223494066.8, "netinvform": null, "finnetform": null, "payacticash": 918541917.18, "fininflform": null, "invoutfform": null}, {"laborgetcash": 2182754385.63, "inveredu": -35379529.36, "unreinveloss": null, "bizcashinfl": 2261383292.48, "diviprofpaycash": 162025000.0, "invcashoutf": 137198249.24, "accrexpeincr": null, "subspaynetcash": null, "finrelacash": null, "payworkcash": 200155510.08, "subspaydivid": null, "chgexchgchgs": 118078.54, "finnetcflow": -100627000.0, "receotherbizcash": 78568884.0, "longdefeexpenamor": 305441.31, "acquassetcash": 137198249.24, "recefincash": null, "inspremcash": null, "netcashform": null, "bizcashoutf": 1802570759.48, "fininstnetr": null, "invrececash": 61398000.0, "defetaxassetdecr": -37560053.46, "inicashbala": 1599955977.26, "invcashinfl": 0.0, "paydivicash": null, "netcashscheitse": null, "defeincoincr": null, "disptradnetincr": null, "mananetr": 458812533.0, "debtintocapi": null, "defetaxliabincr": 0.0, "adjustdate": "20150723", "enddate": "20150630", "assedepr": 16734608.19, "biznetscheitse": null, "biznetform": null, "equfinalbala": null, "finoutfitse": null, "cashfinalbala": 1821061339.56, "fixedassetnetc": null, "cashfinalitse": null, "payintecash": null, "unfiparachg": null, "loansnetr": null, "incrcashpled": null, "biznetcflow": 458812533.0, "asseimpa": 763908.32, "reducashpled": null, "invinffrom": null, "netprofit": 303775621.24, "minysharrigh": null, "equopenbala": null, "inveloss": 0.0, "valuechgloss": 0.0, "receinvcash": null, "bizoutfform": null, "biznetscheform": null, "finexpe": 118078.54, "intaasseamor": 2660443.63, "taxrefd": 60022.85, "biznetitse": null, "finnetitse": null, "invinflitse": null, "subsnetc": null, "unseparachg": null, "finoutfform": null, "recefromloan": null, "netinvitse": null, "estidebts": null, "payaincr": 354474390.87, "fdsborrnetr": null, "realestadep": null, "reporttype": "100111", "dispfixedassetloss": 0.0, "fininflitse": null, "finalcashbala": 1821061339.56, "cashfinalform": null, "invoutfitse": null, "netcashitse": null, "payinvecash": null, "fixedassescraloss": 0.0, "savinetr": null, "subsrececash": null, "accstacode": "2", "fincashoutf": 162025000.0, "charintecash": null, "finfixedasset": null, "labopayc": 711407860.17, "expiconvbd": null, "paycompgold": null, "inveretugetcash": null, "compcode": "80155181", "prepexpedecr": null, "repnetincr": null, "issbdrececash": null, "loannetr": null, "withinvgetcash": null, "invpayc": null, "debtpaycash": null, "fincashinfl": 61398000.0, "cashopenbala": 1599955977.26, "netcashscheform": null, "begindate": "20150101", "bizoutfitse": null, "bizinflitse": null, "insnetc": null, "bankloannetincr": null, "receredu": -154062642.9, "publishdate": "20150723", "other": 6982266.62, "deponetr": null, "paytax": 231215742.28, "bizinflform": null, "tradepaymnetr": null, "cashneti": 221105362.3, "accstaname": "\u65b0\u4f1a\u8ba1\u51c6\u5219", "cashnetr": 221105362.3, "invnetcashflow": -137198249.24, "netinvform": null, "finnetform": null, "payacticash": 659791646.95, "fininflform": null, "invoutfform": null}, {"laborgetcash": 847970690.45, "inveredu": null, "unreinveloss": null, "bizcashinfl": 887031111.21, "diviprofpaycash": null, "invcashoutf": 61543359.78, "accrexpeincr": null, "subspaynetcash": null, "finrelacash": null, "payworkcash": 109916004.23, "subspaydivid": null, "chgexchgchgs": 137978.79, "finnetcflow": 61398000.0, "receotherbizcash": 39024842.78, "longdefeexpenamor": null, "acquassetcash": 61543359.78, "recefincash": null, "inspremcash": null, "netcashform": null, "bizcashoutf": 904044250.55, "fininstnetr": null, "invrececash": 61398000.0, "defetaxassetdecr": null, "inicashbala": 1599955977.26, "invcashinfl": 0.0, "paydivicash": null, "netcashscheitse": null, "defeincoincr": null, "disptradnetincr": null, "mananetr": -17013139.34, "debtintocapi": null, "defetaxliabincr": null, "adjustdate": "20150424", "enddate": "20150331", "assedepr": null, "biznetscheitse": null, "biznetform": null, "equfinalbala": null, "finoutfitse": null, "cashfinalbala": 1582935456.93, "fixedassetnetc": null, "cashfinalitse": null, "payintecash": null, "unfiparachg": null, "loansnetr": null, "incrcashpled": null, "biznetcflow": null, "asseimpa": null, "reducashpled": null, "invinffrom": null, "netprofit": null, "minysharrigh": null, "equopenbala": null, "inveloss": null, "valuechgloss": null, "receinvcash": null, "bizoutfform": null, "biznetscheform": null, "finexpe": null, "intaasseamor": null, "taxrefd": 35577.98, "biznetitse": null, "finnetitse": null, "invinflitse": null, "subsnetc": null, "unseparachg": null, "finoutfform": null, "recefromloan": null, "netinvitse": null, "estidebts": null, "payaincr": null, "fdsborrnetr": null, "realestadep": null, "reporttype": "100111", "dispfixedassetloss": null, "fininflitse": null, "finalcashbala": 1582935456.93, "cashfinalform": null, "invoutfitse": null, "netcashitse": null, "payinvecash": null, "fixedassescraloss": null, "savinetr": null, "subsrececash": null, "accstacode": "2", "fincashoutf": 0.0, "charintecash": null, "finfixedasset": null, "labopayc": 364372548.79, "expiconvbd": null, "paycompgold": null, "inveretugetcash": null, "compcode": "80155181", "prepexpedecr": null, "repnetincr": null, "issbdrececash": null, "loannetr": null, "withinvgetcash": null, "invpayc": null, "debtpaycash": null, "fincashinfl": 61398000.0, "cashopenbala": 1599955977.26, "netcashscheform": null, "begindate": "20150101", "bizoutfitse": null, "bizinflitse": null, "insnetc": null, "bankloannetincr": null, "receredu": null, "publishdate": "20150424", "other": null, "deponetr": null, "paytax": 112860018.9, "bizinflform": null, "tradepaymnetr": null, "cashneti": -17020520.33, "accstaname": "\u65b0\u4f1a\u8ba1\u51c6\u5219", "cashnetr": -17020520.33, "invnetcashflow": -61543359.78, "netinvform": null, "finnetform": null, "payacticash": 316895678.63, "fininflform": null, "invoutfform": null}, {"laborgetcash": 3546702935.44, "inveredu": -104800161.58, "unreinveloss": null, "bizcashinfl": 3663516578.51, "diviprofpaycash": 128000000.0, "invcashoutf": 206873654.96, "accrexpeincr": null, "subspaynetcash": null, "finrelacash": null, "payworkcash": 342651962.75, "subspaydivid": null, "chgexchgchgs": -74288.72, "finnetcflow": -128000000.0, "receotherbizcash": 110762310.6, "longdefeexpenamor": 1092753.44, "acquassetcash": 206873654.96, "recefincash": null, "inspremcash": null, "netcashform": null, "bizcashoutf": 3004820134.78, "fininstnetr": null, "invrececash": null, "defetaxassetdecr": -2985528.69, "inicashbala": 1275816321.82, "invcashinfl": 391155.39, "paydivicash": null, "netcashscheitse": null, "defeincoincr": null, "disptradnetincr": null, "mananetr": 658696443.73, "debtintocapi": null, "defetaxliabincr": null, "adjustdate": "20150410", "enddate": "20141231", "assedepr": 32850742.79, "biznetscheitse": null, "biznetform": null, "equfinalbala": null, "finoutfitse": null, "cashfinalbala": 1599955977.26, "fixedassetnetc": 391155.39, "cashfinalitse": null, "payintecash": null, "unfiparachg": null, "loansnetr": null, "incrcashpled": null, "biznetcflow": 658696443.73, "asseimpa": 6874620.82, "reducashpled": null, "invinffrom": null, "netprofit": 567693217.32, "minysharrigh": null, "equopenbala": null, "inveloss": null, "valuechgloss": null, "receinvcash": null, "bizoutfform": null, "biznetscheform": null, "finexpe": 74288.72, "intaasseamor": 4684126.59, "taxrefd": 6051332.47, "biznetitse": null, "finnetitse": null, "invinflitse": null, "subsnetc": null, "unseparachg": null, "finoutfform": null, "recefromloan": null, "netinvitse": null, "estidebts": null, "payaincr": 381864462.12, "fdsborrnetr": null, "realestadep": null, "reporttype": "100111", "dispfixedassetloss": -64814.39, "fininflitse": null, "finalcashbala": 1599955977.26, "cashfinalform": null, "invoutfitse": null, "netcashitse": null, "payinvecash": null, "fixedassescraloss": 56715.92, "savinetr": null, "subsrececash": null, "accstacode": "2", "fincashoutf": 128000000.0, "charintecash": null, "finfixedasset": null, "labopayc": 1390468114.14, "expiconvbd": null, "paycompgold": null, "inveretugetcash": null, "compcode": "80155181", "prepexpedecr": null, "repnetincr": null, "issbdrececash": null, "loannetr": null, "withinvgetcash": null, "invpayc": null, "debtpaycash": null, "fincashinfl": 0.0, "cashopenbala": 1275816321.82, "netcashscheform": null, "begindate": "20140101", "bizoutfitse": null, "bizinflitse": null, "insnetc": null, "bankloannetincr": null, "receredu": -227739509.88, "publishdate": "20150410", "other": -904469.45, "deponetr": null, "paytax": 407732233.6, "bizinflform": null, "tradepaymnetr": null, "cashneti": 324139655.44, "accstaname": "\u65b0\u4f1a\u8ba1\u51c6\u5219", "cashnetr": 324139655.44, "invnetcashflow": -206482499.57, "netinvform": null, "finnetform": null, "payacticash": 863967824.29, "fininflform": null, "invoutfform": null}, {"laborgetcash": 2490882624.25, "inveredu": null, "unreinveloss": null, "bizcashinfl": 2566167368.58, "diviprofpaycash": 128000000.0, "invcashoutf": 173453484.71, "accrexpeincr": null, "subspaynetcash": null, "finrelacash": null, "payworkcash": 242353160.63, "subspaydivid": null, "chgexchgchgs": 3955.12, "finnetcflow": -126000000.0, "receotherbizcash": 74906820.54, "longdefeexpenamor": null, "acquassetcash": 173453484.71, "recefincash": null, "inspremcash": null, "netcashform": null, "bizcashoutf": 2031060717.97, "fininstnetr": null, "invrececash": null, "defetaxassetdecr": null, "inicashbala": 1275816321.82, "invcashinfl": 398688.0, "paydivicash": null, "netcashscheitse": null, "defeincoincr": null, "disptradnetincr": null, "mananetr": 535106650.61, "debtintocapi": null, "defetaxliabincr": null, "adjustdate": "20141024", "enddate": "20140930", "assedepr": null, "biznetscheitse": null, "biznetform": null, "equfinalbala": null, "finoutfitse": null, "cashfinalbala": 1511872130.84, "fixedassetnetc": 398688.0, "cashfinalitse": null, "payintecash": null, "unfiparachg": null, "loansnetr": null, "incrcashpled": null, "biznetcflow": null, "asseimpa": null, "reducashpled": null, "invinffrom": null, "netprofit": null, "minysharrigh": null, "equopenbala": null, "inveloss": null, "valuechgloss": null, "receinvcash": null, "bizoutfform": null, "biznetscheform": null, "finexpe": null, "intaasseamor": null, "taxrefd": 377923.79, "biznetitse": null, "finnetitse": null, "invinflitse": null, "subsnetc": null, "unseparachg": null, "finoutfform": null, "recefromloan": 2000000.0, "netinvitse": null, "estidebts": null, "payaincr": null, "fdsborrnetr": null, "realestadep": null, "reporttype": "100111", "dispfixedassetloss": null, "fininflitse": null, "finalcashbala": 1511872130.84, "cashfinalform": null, "invoutfitse": null, "netcashitse": null, "payinvecash": null, "fixedassescraloss": null, "savinetr": null, "subsrececash": null, "accstacode": "2", "fincashoutf": 128000000.0, "charintecash": null, "finfixedasset": null, "labopayc": 891372308.05, "expiconvbd": null, "paycompgold": null, "inveretugetcash": null, "compcode": "80155181", "prepexpedecr": null, "repnetincr": null, "issbdrececash": null, "loannetr": null, "withinvgetcash": null, "invpayc": null, "debtpaycash": null, "fincashinfl": 2000000.0, "cashopenbala": 1275816321.82, "netcashscheform": null, "begindate": "20140101", "bizoutfitse": null, "bizinflitse": null, "insnetc": null, "bankloannetincr": null, "receredu": null, "publishdate": "20141024", "other": null, "deponetr": null, "paytax": 295542369.37, "bizinflform": null, "tradepaymnetr": null, "cashneti": 236055809.02, "accstaname": "\u65b0\u4f1a\u8ba1\u51c6\u5219", "cashnetr": 236055809.02, "invnetcashflow": -173054796.71, "netinvform": null, "finnetform": null, "payacticash": 601792879.92, "fininflform": null, "invoutfform": null}, {"laborgetcash": 1626318662.76, "inveredu": -8790913.11, "unreinveloss": null, "bizcashinfl": 1690987865.58, "diviprofpaycash": 128000000.0, "invcashoutf": 61351521.29, "accrexpeincr": null, "subspaynetcash": null, "finrelacash": null, "payworkcash": 157468540.61, "subspaydivid": null, "chgexchgchgs": 32218.98, "finnetcflow": -128000000.0, "receotherbizcash": 64637179.03, "longdefeexpenamor": 546376.74, "acquassetcash": 61351521.29, "recefincash": null, "inspremcash": null, "netcashform": null, "bizcashoutf": 1291342559.11, "fininstnetr": null, "invrececash": null, "defetaxassetdecr": -35290118.76, "inicashbala": 1275816321.82, "invcashinfl": 382696.0, "paydivicash": null, "netcashscheitse": null, "defeincoincr": null, "disptradnetincr": null, "mananetr": 399645306.47, "debtintocapi": null, "defetaxliabincr": null, "adjustdate": "20140725", "enddate": "20140630", "assedepr": 16439904.92, "biznetscheitse": null, "biznetform": null, "equfinalbala": null, "finoutfitse": null, "cashfinalbala": 1486525021.98, "fixedassetnetc": 382696.0, "cashfinalitse": null, "payintecash": null, "unfiparachg": null, "loansnetr": null, "incrcashpled": null, "biznetcflow": 399645306.47, "asseimpa": 2577801.47, "reducashpled": null, "invinffrom": null, "netprofit": 213877058.13, "minysharrigh": null, "equopenbala": null, "inveloss": null, "valuechgloss": null, "receinvcash": null, "bizoutfform": null, "biznetscheform": null, "finexpe": 18119.5, "intaasseamor": 2264915.9, "taxrefd": 32023.79, "biznetitse": null, "finnetitse": null, "invinflitse": null, "subsnetc": null, "unseparachg": null, "finoutfform": null, "recefromloan": null, "netinvitse": null, "estidebts": null, "payaincr": 416392431.94, "fdsborrnetr": null, "realestadep": null, "reporttype": "100111", "dispfixedassetloss": 144383.26, "fininflitse": null, "finalcashbala": 1486525021.98, "cashfinalform": null, "invoutfitse": null, "netcashitse": null, "payinvecash": null, "fixedassescraloss": null, "savinetr": null, "subsrececash": null, "accstacode": "2", "fincashoutf": 128000000.0, "charintecash": null, "finfixedasset": null, "labopayc": 566532145.14, "expiconvbd": null, "paycompgold": null, "inveretugetcash": null, "compcode": "80155181", "prepexpedecr": null, "repnetincr": null, "issbdrececash": null, "loannetr": null, "withinvgetcash": null, "invpayc": null, "debtpaycash": null, "fincashinfl": 0.0, "cashopenbala": 1275816321.82, "netcashscheform": null, "begindate": "20140101", "bizoutfitse": null, "bizinflitse": null, "insnetc": null, "bankloannetincr": null, "receredu": -208534653.52, "publishdate": "20140725", "other": null, "deponetr": null, "paytax": 177890278.26, "bizinflform": null, "tradepaymnetr": null, "cashneti": 210708700.16, "accstaname": "\u65b0\u4f1a\u8ba1\u51c6\u5219", "cashnetr": 210708700.16, "invnetcashflow": -60968825.29, "netinvform": null, "finnetform": null, "payacticash": 389451595.1, "fininflform": null, "invoutfform": null}, {"laborgetcash": 658566302.76, "inveredu": null, "unreinveloss": null, "bizcashinfl": 669778496.49, "diviprofpaycash": null, "invcashoutf": 22968315.65, "accrexpeincr": null, "subspaynetcash": null, "finrelacash": null, "payworkcash": 85788357.68, "subspaydivid": null, "chgexchgchgs": 9580.2, "finnetcflow": 0.0, "receotherbizcash": 11212193.73, "longdefeexpenamor": null, "acquassetcash": 22968315.65, "recefincash": null, "inspremcash": null, "netcashform": null, "bizcashoutf": 594187146.18, "fininstnetr": null, "invrececash": null, "defetaxassetdecr": null, "inicashbala": 1275816321.82, "invcashinfl": 349800.0, "paydivicash": null, "netcashscheitse": null, "defeincoincr": null, "disptradnetincr": null, "mananetr": 75591350.31, "debtintocapi": null, "defetaxliabincr": null, "adjustdate": "20140425", "enddate": "20140331", "assedepr": null, "biznetscheitse": null, "biznetform": null, "equfinalbala": null, "finoutfitse": null, "cashfinalbala": 1328798736.68, "fixedassetnetc": 349800.0, "cashfinalitse": null, "payintecash": null, "unfiparachg": null, "loansnetr": null, "incrcashpled": null, "biznetcflow": null, "asseimpa": null, "reducashpled": null, "invinffrom": null, "netprofit": null, "minysharrigh": null, "equopenbala": null, "inveloss": null, "valuechgloss": null, "receinvcash": null, "bizoutfform": null, "biznetscheform": null, "finexpe": null, "intaasseamor": null, "taxrefd": null, "biznetitse": null, "finnetitse": null, "invinflitse": null, "subsnetc": null, "unseparachg": null, "finoutfform": null, "recefromloan": null, "netinvitse": null, "estidebts": null, "payaincr": null, "fdsborrnetr": null, "realestadep": null, "reporttype": "100111", "dispfixedassetloss": null, "fininflitse": null, "finalcashbala": 1328798736.68, "cashfinalform": null, "invoutfitse": null, "netcashitse": null, "payinvecash": null, "fixedassescraloss": null, "savinetr": null, "subsrececash": null, "accstacode": "2", "fincashoutf": 0.0, "charintecash": null, "finfixedasset": null, "labopayc": 297227328.63, "expiconvbd": null, "paycompgold": null, "inveretugetcash": null, "compcode": "80155181", "prepexpedecr": null, "repnetincr": null, "issbdrececash": null, "loannetr": null, "withinvgetcash": null, "invpayc": null, "debtpaycash": null, "fincashinfl": 0.0, "cashopenbala": 1275816321.82, "netcashscheform": null, "begindate": "20140101", "bizoutfitse": null, "bizinflitse": null, "insnetc": null, "bankloannetincr": null, "receredu": null, "publishdate": "20140425", "other": null, "deponetr": null, "paytax": 80211903.8, "bizinflform": null, "tradepaymnetr": null, "cashneti": 52982414.86, "accstaname": "\u65b0\u4f1a\u8ba1\u51c6\u5219", "cashnetr": 52982414.86, "invnetcashflow": -22618515.65, "netinvform": null, "finnetform": null, "payacticash": 130959556.07, "fininflform": null, "invoutfform": null}, {"laborgetcash": 2563425088.96, "inveredu": -133065416.63, "unreinveloss": null, "bizcashinfl": 2615674178.76, "diviprofpaycash": 76800000.0, "invcashoutf": 118746394.07, "accrexpeincr": null, "subspaynetcash": null, "finrelacash": null, "payworkcash": 256201608.19, "subspaydivid": null, "chgexchgchgs": -39154.33, "finnetcflow": -76800000.0, "receotherbizcash": 48715230.41, "longdefeexpenamor": 1091935.84, "acquassetcash": 118746394.07, "recefincash": null, "inspremcash": null, "netcashform": null, "bizcashoutf": 2292889332.87, "fininstnetr": null, "invrececash": null, "defetaxassetdecr": -606294.06, "inicashbala": 1117321725.23, "invcashinfl": 31295299.1, "paydivicash": null, "netcashscheitse": null, "defeincoincr": null, "disptradnetincr": null, "mananetr": 322784845.89, "debtintocapi": null, "defetaxliabincr": null, "adjustdate": "20140410", "enddate": "20131231", "assedepr": 31236772.05, "biznetscheitse": null, "biznetform": null, "equfinalbala": null, "finoutfitse": null, "cashfinalbala": 1275816321.82, "fixedassetnetc": 245299.1, "cashfinalitse": null, "payintecash": null, "unfiparachg": null, "loansnetr": null, "incrcashpled": null, "biznetcflow": 322784845.89, "asseimpa": 3948837.82, "reducashpled": null, "invinffrom": null, "netprofit": 377647598.19, "minysharrigh": null, "equopenbala": null, "inveloss": 43739.24, "valuechgloss": null, "receinvcash": null, "bizoutfform": null, "biznetscheform": null, "finexpe": 39154.33, "intaasseamor": 3656502.63, "taxrefd": 3533859.39, "biznetitse": null, "finnetitse": null, "invinflitse": null, "subsnetc": null, "unseparachg": null, "finoutfform": null, "recefromloan": null, "netinvitse": null, "estidebts": null, "payaincr": 179779307.46, "fdsborrnetr": null, "realestadep": null, "reporttype": "100111", "dispfixedassetloss": 2175333.55, "fininflitse": null, "finalcashbala": 1275816321.82, "cashfinalform": null, "invoutfitse": null, "netcashitse": null, "payinvecash": null, "fixedassescraloss": null, "savinetr": null, "subsrececash": null, "accstacode": "2", "fincashoutf": 76800000.0, "charintecash": null, "finfixedasset": null, "labopayc": 1090580057.97, "expiconvbd": null, "paycompgold": null, "inveretugetcash": null, "compcode": "80155181", "prepexpedecr": null, "repnetincr": null, "issbdrececash": null, "loannetr": null, "withinvgetcash": 31050000.0, "invpayc": null, "debtpaycash": null, "fincashinfl": 0.0, "cashopenbala": 1117321725.23, "netcashscheform": null, "begindate": "20130101", "bizoutfitse": null, "bizinflitse": null, "insnetc": null, "bankloannetincr": null, "receredu": -143162624.53, "publishdate": "20140410", "other": null, "deponetr": null, "paytax": 298799692.71, "bizinflform": null, "tradepaymnetr": null, "cashneti": 158494596.59, "accstaname": "\u65b0\u4f1a\u8ba1\u51c6\u5219", "cashnetr": 158494596.59, "invnetcashflow": -87451094.97, "netinvform": null, "finnetform": null, "payacticash": 647307974.0, "fininflform": null, "invoutfform": null}, {"laborgetcash": 1798066339.83, "inveredu": null, "unreinveloss": null, "bizcashinfl": 1830331393.13, "diviprofpaycash": 76800000.0, "invcashoutf": 107043976.92, "accrexpeincr": null, "subspaynetcash": null, "finrelacash": null, "payworkcash": 148038919.93, "subspaydivid": null, "chgexchgchgs": -18307.83, "finnetcflow": -76800000.0, "receotherbizcash": 32024928.54, "longdefeexpenamor": null, "acquassetcash": 107043976.92, "recefincash": null, "inspremcash": null, "netcashform": null, "bizcashoutf": 1543346098.38, "fininstnetr": null, "invrececash": null, "defetaxassetdecr": null, "inicashbala": 1117321725.23, "invcashinfl": 31297009.0, "paydivicash": null, "netcashscheitse": null, "defeincoincr": null, "disptradnetincr": null, "mananetr": 286985294.75, "debtintocapi": null, "defetaxliabincr": null, "adjustdate": "20131025", "enddate": "20130930", "assedepr": null, "biznetscheitse": null, "biznetform": null, "equfinalbala": null, "finoutfitse": null, "cashfinalbala": 1251741744.23, "fixedassetnetc": 247009.0, "cashfinalitse": null, "payintecash": null, "unfiparachg": null, "loansnetr": null, "incrcashpled": null, "biznetcflow": null, "asseimpa": null, "reducashpled": null, "invinffrom": null, "netprofit": null, "minysharrigh": null, "equopenbala": null, "inveloss": null, "valuechgloss": null, "receinvcash": null, "bizoutfform": null, "biznetscheform": null, "finexpe": null, "intaasseamor": null, "taxrefd": 240124.76, "biznetitse": null, "finnetitse": null, "invinflitse": null, "subsnetc": null, "unseparachg": null, "finoutfform": null, "recefromloan": null, "netinvitse": null, "estidebts": null, "payaincr": null, "fdsborrnetr": null, "realestadep": null, "reporttype": "100111", "dispfixedassetloss": null, "fininflitse": null, "finalcashbala": 1251741744.23, "cashfinalform": null, "invoutfitse": null, "netcashitse": null, "payinvecash": null, "fixedassescraloss": null, "savinetr": null, "subsrececash": null, "accstacode": "2", "fincashoutf": 76800000.0, "charintecash": null, "finfixedasset": null, "labopayc": 749833369.74, "expiconvbd": null, "paycompgold": null, "inveretugetcash": null, "compcode": "80155181", "prepexpedecr": null, "repnetincr": null, "issbdrececash": null, "loannetr": null, "withinvgetcash": 31050000.0, "invpayc": null, "debtpaycash": null, "fincashinfl": 0.0, "cashopenbala": 1117321725.23, "netcashscheform": null, "begindate": "20130101", "bizoutfitse": null, "bizinflitse": null, "insnetc": null, "bankloannetincr": null, "receredu": null, "publishdate": "20131025", "other": null, "deponetr": null, "paytax": 203191923.46, "bizinflform": null, "tradepaymnetr": null, "cashneti": 134420019.0, "accstaname": "\u65b0\u4f1a\u8ba1\u51c6\u5219", "cashnetr": 134420019.0, "invnetcashflow": -75746967.92, "netinvform": null, "finnetform": null, "payacticash": 442281885.25, "fininflform": null, "invoutfform": null}, {"laborgetcash": 1189364972.93, "inveredu": -27694355.7, "unreinveloss": null, "bizcashinfl": 1208979708.05, "diviprofpaycash": 76800000.0, "invcashoutf": 86768272.93, "accrexpeincr": null, "subspaynetcash": null, "finrelacash": null, "payworkcash": 95418958.16, "subspaydivid": null, "chgexchgchgs": -6559.02, "finnetcflow": -76800000.0, "receotherbizcash": 19614735.12, "longdefeexpenamor": -531000.83, "acquassetcash": 86768272.93, "recefincash": null, "inspremcash": null, "netcashform": null, "bizcashoutf": 949382302.69, "fininstnetr": null, "invrececash": null, "defetaxassetdecr": -14731391.64, "inicashbala": 1117321725.23, "invcashinfl": 31297009.0, "paydivicash": null, "netcashscheitse": null, "defeincoincr": null, "disptradnetincr": null, "mananetr": 259597405.36, "debtintocapi": null, "defetaxliabincr": null, "adjustdate": "20130726", "enddate": "20130630", "assedepr": 15303581.5, "biznetscheitse": null, "biznetform": null, "equfinalbala": null, "finoutfitse": null, "cashfinalbala": 1244641307.64, "fixedassetnetc": 247009.0, "cashfinalitse": null, "payintecash": null, "unfiparachg": null, "loansnetr": null, "incrcashpled": null, "biznetcflow": 259597405.36, "asseimpa": 1956471.21, "reducashpled": null, "invinffrom": null, "netprofit": 140329922.05, "minysharrigh": null, "equopenbala": null, "inveloss": 43739.24, "valuechgloss": null, "receinvcash": null, "bizoutfform": null, "biznetscheform": null, "finexpe": -139927.73, "intaasseamor": 1512931.02, "taxrefd": null, "biznetitse": null, "finnetitse": null, "invinflitse": null, "subsnetc": null, "unseparachg": null, "finoutfform": null, "recefromloan": null, "netinvitse": null, "estidebts": null, "payaincr": 138909014.85, "fdsborrnetr": null, "realestadep": null, "reporttype": "100111", "dispfixedassetloss": -24592.08, "fininflitse": null, "finalcashbala": 1244641307.64, "cashfinalform": null, "invoutfitse": null, "netcashitse": null, "payinvecash": null, "fixedassescraloss": null, "savinetr": null, "subsrececash": null, "accstacode": "2", "fincashoutf": 76800000.0, "charintecash": null, "finfixedasset": null, "labopayc": 451703121.58, "expiconvbd": null, "paycompgold": null, "inveretugetcash": null, "compcode": "80155181", "prepexpedecr": null, "repnetincr": null, "issbdrececash": null, "loannetr": null, "withinvgetcash": 31050000.0, "invpayc": null, "debtpaycash": null, "fincashinfl": 0.0, "cashopenbala": 1117321725.23, "netcashscheform": null, "begindate": "20130101", "bizoutfitse": null, "bizinflitse": null, "insnetc": null, "bankloannetincr": null, "receredu": 4663013.47, "publishdate": "20130726", "other": null, "deponetr": null, "paytax": 127363827.56, "bizinflform": null, "tradepaymnetr": null, "cashneti": 127319582.41, "accstaname": "\u65b0\u4f1a\u8ba1\u51c6\u5219", "cashnetr": 127319582.41, "invnetcashflow": -55471263.93, "netinvform": null, "finnetform": null, "payacticash": 274896395.39, "fininflform": null, "invoutfform": null}, {"laborgetcash": 457148305.39, "inveredu": null, "unreinveloss": null, "bizcashinfl": 464606333.16, "diviprofpaycash": null, "invcashoutf": 23581653.0, "accrexpeincr": null, "subspaynetcash": null, "finrelacash": null, "payworkcash": 52900981.55, "subspaydivid": null, "chgexchgchgs": -2906.81, "finnetcflow": 0.0, "receotherbizcash": 7458027.77, "longdefeexpenamor": null, "acquassetcash": 23581653.0, "recefincash": null, "inspremcash": null, "netcashform": null, "bizcashoutf": 442640382.61, "fininstnetr": null, "invrececash": null, "defetaxassetdecr": null, "inicashbala": 1117321725.23, "invcashinfl": 1067809.0, "paydivicash": null, "netcashscheitse": null, "defeincoincr": null, "disptradnetincr": null, "mananetr": 21965950.55, "debtintocapi": null, "defetaxliabincr": null, "adjustdate": "20130425", "enddate": "20130331", "assedepr": null, "biznetscheitse": null, "biznetform": null, "equfinalbala": null, "finoutfitse": null, "cashfinalbala": 1116770924.97, "fixedassetnetc": 17809.0, "cashfinalitse": null, "payintecash": null, "unfiparachg": null, "loansnetr": null, "incrcashpled": null, "biznetcflow": null, "asseimpa": null, "reducashpled": null, "invinffrom": null, "netprofit": null, "minysharrigh": null, "equopenbala": null, "inveloss": null, "valuechgloss": null, "receinvcash": null, "bizoutfform": null, "biznetscheform": null, "finexpe": null, "intaasseamor": null, "taxrefd": null, "biznetitse": null, "finnetitse": null, "invinflitse": null, "subsnetc": null, "unseparachg": null, "finoutfform": null, "recefromloan": null, "netinvitse": null, "estidebts": null, "payaincr": null, "fdsborrnetr": null, "realestadep": null, "reporttype": "100111", "dispfixedassetloss": null, "fininflitse": null, "finalcashbala": 1116770924.97, "cashfinalform": null, "invoutfitse": null, "netcashitse": null, "payinvecash": null, "fixedassescraloss": null, "savinetr": null, "subsrececash": null, "accstacode": "2", "fincashoutf": 0.0, "charintecash": null, "finfixedasset": null, "labopayc": 216577351.74, "expiconvbd": null, "paycompgold": null, "inveretugetcash": null, "compcode": "80155181", "prepexpedecr": null, "repnetincr": null, "issbdrececash": null, "loannetr": null, "withinvgetcash": 1050000.0, "invpayc": null, "debtpaycash": null, "fincashinfl": 0.0, "cashopenbala": 1117321725.23, "netcashscheform": null, "begindate": "20130101", "bizoutfitse": null, "bizinflitse": null, "insnetc": null, "bankloannetincr": null, "receredu": null, "publishdate": "20130425", "other": null, "deponetr": null, "paytax": 58545952.85, "bizinflform": null, "tradepaymnetr": null, "cashneti": -550800.26, "accstaname": "\u65b0\u4f1a\u8ba1\u51c6\u5219", "cashnetr": -550800.26, "invnetcashflow": -22513844.0, "netinvform": null, "finnetform": null, "payacticash": 114616096.47, "fininflform": null, "invoutfform": null}, {"laborgetcash": 1902061524.58, "inveredu": -24458921.46, "unreinveloss": null, "bizcashinfl": 1956693101.4, "diviprofpaycash": 51200000.0, "invcashoutf": 196096462.46, "accrexpeincr": null, "subspaynetcash": null, "finrelacash": null, "payworkcash": 161024129.88, "subspaydivid": null, "chgexchgchgs": -138581.65, "finnetcflow": -31511797.36, "receotherbizcash": 52307021.42, "longdefeexpenamor": 316321.45, "acquassetcash": 166096462.46, "recefincash": null, "inspremcash": null, "netcashform": null, "bizcashoutf": 1632599727.82, "fininstnetr": null, "invrececash": 19688202.64, "defetaxassetdecr": -389376.47, "inicashbala": 1020699304.71, "invcashinfl": 275888.41, "paydivicash": null, "netcashscheitse": null, "defeincoincr": null, "disptradnetincr": null, "mananetr": 324093373.58, "debtintocapi": null, "defetaxliabincr": null, "adjustdate": "20130410", "enddate": "20121231", "assedepr": 22463635.12, "biznetscheitse": null, "biznetform": null, "equfinalbala": null, "finoutfitse": null, "cashfinalbala": 1117321725.23, "fixedassetnetc": 275888.41, "cashfinalitse": null, "payintecash": null, "unfiparachg": null, "loansnetr": null, "incrcashpled": null, "biznetcflow": 324093373.58, "asseimpa": 1264282.52, "reducashpled": null, "invinffrom": null, "netprofit": 262336358.17, "minysharrigh": null, "equopenbala": null, "inveloss": -92893.7, "valuechgloss": null, "receinvcash": null, "bizoutfform": null, "biznetscheform": null, "finexpe": 138581.65, "intaasseamor": 2167152.65, "taxrefd": 2324555.4, "biznetitse": null, "finnetitse": null, "invinflitse": null, "subsnetc": null, "unseparachg": null, "finoutfform": null, "recefromloan": 0.0, "netinvitse": null, "estidebts": null, "payaincr": 254249365.4, "fdsborrnetr": null, "realestadep": null, "reporttype": "100111", "dispfixedassetloss": -202065.41, "fininflitse": 0.0, "finalcashbala": 1117321725.23, "cashfinalform": null, "invoutfitse": null, "netcashitse": null, "payinvecash": null, "fixedassescraloss": null, "savinetr": null, "subsrececash": 19688202.64, "accstacode": "2", "fincashoutf": 51200000.0, "charintecash": null, "finfixedasset": null, "labopayc": 676364866.63, "expiconvbd": null, "paycompgold": null, "inveretugetcash": null, "compcode": "80155181", "prepexpedecr": null, "repnetincr": null, "issbdrececash": null, "loannetr": null, "withinvgetcash": null, "invpayc": 30000000.0, "debtpaycash": null, "fincashinfl": 19688202.64, "cashopenbala": 1020699304.71, "netcashscheform": null, "begindate": "20120101", "bizoutfitse": null, "bizinflitse": null, "insnetc": null, "bankloannetincr": null, "receredu": -193675527.63, "publishdate": "20130410", "other": -23538.71, "deponetr": null, "paytax": 222929299.54, "bizinflform": null, "tradepaymnetr": null, "cashneti": 96622420.52, "accstaname": "\u65b0\u4f1a\u8ba1\u51c6\u5219", "cashnetr": 96622420.52, "invnetcashflow": -195820574.05, "netinvform": null, "finnetform": null, "payacticash": 572281431.77, "fininflform": null, "invoutfform": null}, {"laborgetcash": 1328687345.29, "inveredu": null, "unreinveloss": null, "bizcashinfl": 1363112618.72, "diviprofpaycash": 51200000.0, "invcashoutf": 105305574.92, "accrexpeincr": null, "subspaynetcash": null, "finrelacash": null, "payworkcash": 112870601.52, "subspaydivid": null, "chgexchgchgs": 4041.24, "finnetcflow": -51200000.0, "receotherbizcash": 34425273.43, "longdefeexpenamor": null, "acquassetcash": 105305574.92, "recefincash": null, "inspremcash": null, "netcashform": null, "bizcashoutf": 1101594813.72, "fininstnetr": null, "invrececash": null, "defetaxassetdecr": null, "inicashbala": 1020699304.71, "invcashinfl": 234500.0, "paydivicash": null, "netcashscheitse": null, "defeincoincr": null, "disptradnetincr": null, "mananetr": 261517805.0, "debtintocapi": null, "defetaxliabincr": null, "adjustdate": "20121026", "enddate": "20120930", "assedepr": null, "biznetscheitse": null, "biznetform": null, "equfinalbala": null, "finoutfitse": null, "cashfinalbala": 1125950076.03, "fixedassetnetc": 234500.0, "cashfinalitse": null, "payintecash": null, "unfiparachg": null, "loansnetr": null, "incrcashpled": null, "biznetcflow": null, "asseimpa": null, "reducashpled": null, "invinffrom": null, "netprofit": null, "minysharrigh": null, "equopenbala": null, "inveloss": null, "valuechgloss": null, "receinvcash": null, "bizoutfform": null, "biznetscheform": null, "finexpe": null, "intaasseamor": null, "taxrefd": null, "biznetitse": null, "finnetitse": null, "invinflitse": null, "subsnetc": null, "unseparachg": null, "finoutfform": null, "recefromloan": null, "netinvitse": null, "estidebts": null, "payaincr": null, "fdsborrnetr": null, "realestadep": null, "reporttype": "100111", "dispfixedassetloss": null, "fininflitse": null, "finalcashbala": 1125950076.03, "cashfinalform": null, "invoutfitse": null, "netcashitse": null, "payinvecash": null, "fixedassescraloss": null, "savinetr": null, "subsrececash": null, "accstacode": "2", "fincashoutf": 51200000.0, "charintecash": null, "finfixedasset": null, "labopayc": 463576180.07, "expiconvbd": null, "paycompgold": null, "inveretugetcash": null, "compcode": "80155181", "prepexpedecr": null, "repnetincr": null, "issbdrececash": null, "loannetr": null, "withinvgetcash": null, "invpayc": null, "debtpaycash": null, "fincashinfl": 0.0, "cashopenbala": 1020699304.71, "netcashscheform": null, "begindate": "20120101", "bizoutfitse": null, "bizinflitse": null, "insnetc": null, "bankloannetincr": null, "receredu": null, "publishdate": "20121026", "other": null, "deponetr": null, "paytax": 153758802.63, "bizinflform": null, "tradepaymnetr": null, "cashneti": 105250771.32, "accstaname": "\u65b0\u4f1a\u8ba1\u51c6\u5219", "cashnetr": 105250771.32, "invnetcashflow": -105071074.92, "netinvform": null, "finnetform": null, "payacticash": 371389229.5, "fininflform": null, "invoutfform": null}, {"laborgetcash": 843076451.81, "inveredu": 5216578.94, "unreinveloss": null, "bizcashinfl": 868212589.49, "diviprofpaycash": 51200000.0, "invcashoutf": 73234099.03, "accrexpeincr": null, "subspaynetcash": null, "finrelacash": 0.0, "payworkcash": 74806247.73, "subspaydivid": null, "chgexchgchgs": 2982.47, "finnetcflow": -51200000.0, "receotherbizcash": 25136137.68, "longdefeexpenamor": 59370.42, "acquassetcash": 73234099.03, "recefincash": 0.0, "inspremcash": null, "netcashform": null, "bizcashoutf": 680219273.53, "fininstnetr": null, "invrececash": null, "defetaxassetdecr": -12672268.72, "inicashbala": 1020699304.71, "invcashinfl": 15000.0, "paydivicash": null, "netcashscheitse": null, "defeincoincr": null, "disptradnetincr": null, "mananetr": 187993315.96, "debtintocapi": null, "defetaxliabincr": null, "adjustdate": "20120727", "enddate": "20120630", "assedepr": 7907699.97, "biznetscheitse": null, "biznetform": null, "equfinalbala": null, "finoutfitse": null, "cashfinalbala": 1084276504.11, "fixedassetnetc": 15000.0, "cashfinalitse": null, "payintecash": null, "unfiparachg": null, "loansnetr": null, "incrcashpled": null, "biznetcflow": 187993315.96, "asseimpa": 2432049.94, "reducashpled": null, "invinffrom": null, "netprofit": 106489095.46, "minysharrigh": null, "equopenbala": null, "inveloss": -29455.97, "valuechgloss": null, "receinvcash": 0.0, "bizoutfform": null, "biznetscheform": null, "finexpe": -2982.47, "intaasseamor": 997005.41, "taxrefd": null, "biznetitse": null, "finnetitse": null, "invinflitse": null, "subsnetc": null, "unseparachg": null, "finoutfform": null, "recefromloan": null, "netinvitse": null, "estidebts": null, "payaincr": 148013245.53, "fdsborrnetr": null, "realestadep": null, "reporttype": "100111", "dispfixedassetloss": -3752.79, "fininflitse": null, "finalcashbala": 1084276504.11, "cashfinalform": null, "invoutfitse": null, "netcashitse": null, "payinvecash": 0.0, "fixedassescraloss": null, "savinetr": null, "subsrececash": null, "accstacode": "2", "fincashoutf": 51200000.0, "charintecash": null, "finfixedasset": null, "labopayc": 292833616.45, "expiconvbd": null, "paycompgold": null, "inveretugetcash": null, "compcode": "80155181", "prepexpedecr": null, "repnetincr": null, "issbdrececash": null, "loannetr": null, "withinvgetcash": null, "invpayc": null, "debtpaycash": null, "fincashinfl": 0.0, "cashopenbala": 1020699304.71, "netcashscheform": null, "begindate": "20120101", "bizoutfitse": null, "bizinflitse": null, "insnetc": null, "bankloannetincr": null, "receredu": -70413269.76, "publishdate": "20120727", "other": null, "deponetr": null, "paytax": 97549311.86, "bizinflform": null, "tradepaymnetr": null, "cashneti": 63577199.4, "accstaname": "\u65b0\u4f1a\u8ba1\u51c6\u5219", "cashnetr": 63577199.4, "invnetcashflow": -73219099.03, "netinvform": null, "finnetform": null, "payacticash": 215030097.49, "fininflform": null, "invoutfform": null}, {"laborgetcash": 370106512.1, "inveredu": null, "unreinveloss": null, "bizcashinfl": 382460974.81, "diviprofpaycash": null, "invcashoutf": 86077827.11, "accrexpeincr": null, "subspaynetcash": null, "finrelacash": null, "payworkcash": 41200850.47, "subspaydivid": null, "chgexchgchgs": -11.02, "finnetcflow": 0.0, "receotherbizcash": 12354462.71, "longdefeexpenamor": null, "acquassetcash": 36077827.11, "recefincash": null, "inspremcash": null, "netcashform": null, "bizcashoutf": 321303740.17, "fininstnetr": null, "invrececash": null, "defetaxassetdecr": null, "inicashbala": 1020699304.71, "invcashinfl": 1500.0, "paydivicash": null, "netcashscheitse": null, "defeincoincr": null, "disptradnetincr": null, "mananetr": 61157234.64, "debtintocapi": null, "defetaxliabincr": null, "adjustdate": "20120425", "enddate": "20120331", "assedepr": null, "biznetscheitse": null, "biznetform": null, "equfinalbala": null, "finoutfitse": null, "cashfinalbala": 995780201.22, "fixedassetnetc": 1500.0, "cashfinalitse": null, "payintecash": null, "unfiparachg": null, "loansnetr": null, "incrcashpled": null, "biznetcflow": null, "asseimpa": null, "reducashpled": null, "invinffrom": null, "netprofit": null, "minysharrigh": null, "equopenbala": null, "inveloss": null, "valuechgloss": null, "receinvcash": null, "bizoutfform": null, "biznetscheform": null, "finexpe": null, "intaasseamor": null, "taxrefd": null, "biznetitse": null, "finnetitse": null, "invinflitse": null, "subsnetc": null, "unseparachg": null, "finoutfform": null, "recefromloan": null, "netinvitse": null, "estidebts": null, "payaincr": null, "fdsborrnetr": null, "realestadep": null, "reporttype": "100111", "dispfixedassetloss": null, "fininflitse": null, "finalcashbala": 995780201.22, "cashfinalform": null, "invoutfitse": null, "netcashitse": null, "payinvecash": null, "fixedassescraloss": null, "savinetr": null, "subsrececash": null, "accstacode": "2", "fincashoutf": 0.0, "charintecash": null, "finfixedasset": null, "labopayc": 127308949.54, "expiconvbd": null, "paycompgold": null, "inveretugetcash": null, "compcode": "80155181", "prepexpedecr": null, "repnetincr": null, "issbdrececash": null, "loannetr": null, "withinvgetcash": null, "invpayc": 50000000.0, "debtpaycash": null, "fincashinfl": 0.0, "cashopenbala": 1020699304.71, "netcashscheform": null, "begindate": "20120101", "bizoutfitse": null, "bizinflitse": null, "insnetc": null, "bankloannetincr": null, "receredu": null, "publishdate": "20120425", "other": null, "deponetr": null, "paytax": 46973763.86, "bizinflform": null, "tradepaymnetr": null, "cashneti": -24919103.49, "accstaname": "\u65b0\u4f1a\u8ba1\u51c6\u5219", "cashnetr": -24919103.49, "invnetcashflow": -86076327.11, "netinvform": null, "finnetform": null, "payacticash": 105820176.3, "fininflform": null, "invoutfform": null}, {"laborgetcash": 1484419774.8, "inveredu": -45429146.34, "unreinveloss": null, "bizcashinfl": 1531164070.35, "diviprofpaycash": 48000000.0, "invcashoutf": 142667481.95, "accrexpeincr": null, "subspaynetcash": null, "finrelacash": null, "payworkcash": 126263548.54, "subspaydivid": null, "chgexchgchgs": -24519.1, "finnetcflow": -48000000.0, "receotherbizcash": 43722589.52, "longdefeexpenamor": 118740.8, "acquassetcash": 141617481.95, "recefincash": null, "inspremcash": null, "netcashform": null, "bizcashoutf": 1394256324.48, "fininstnetr": null, "invrececash": null, "defetaxassetdecr": -146320.31, "inicashbala": 1074206061.18, "invcashinfl": 277498.71, "paydivicash": null, "netcashscheitse": null, "defeincoincr": null, "disptradnetincr": null, "mananetr": 136907745.87, "debtintocapi": null, "defetaxliabincr": null, "adjustdate": "20120313", "enddate": "20111231", "assedepr": 9860200.07, "biznetscheitse": null, "biznetform": null, "equfinalbala": null, "finoutfitse": null, "cashfinalbala": 1020726670.71, "fixedassetnetc": 273030.8, "cashfinalitse": null, "payintecash": null, "unfiparachg": null, "loansnetr": null, "incrcashpled": null, "biznetcflow": 136907745.87, "asseimpa": 2597169.81, "reducashpled": null, "invinffrom": null, "netprofit": 186992052.64, "minysharrigh": null, "equopenbala": null, "inveloss": 47156.91, "valuechgloss": null, "receinvcash": 4467.91, "bizoutfform": null, "biznetscheform": null, "finexpe": 24519.1, "intaasseamor": 1822520.4, "taxrefd": 3021706.03, "biznetitse": null, "finnetitse": null, "invinflitse": null, "subsnetc": null, "unseparachg": null, "finoutfform": null, "recefromloan": null, "netinvitse": null, "estidebts": null, "payaincr": 289913011.8, "fdsborrnetr": null, "realestadep": null, "reporttype": "100111", "dispfixedassetloss": -138031.39, "fininflitse": null, "finalcashbala": 1020699304.71, "cashfinalform": null, "invoutfitse": null, "netcashitse": null, "payinvecash": null, "fixedassescraloss": null, "savinetr": null, "subsrececash": null, "accstacode": "2", "fincashoutf": 48000000.0, "charintecash": null, "finfixedasset": null, "labopayc": 690425999.93, "expiconvbd": null, "paycompgold": null, "inveretugetcash": null, "compcode": "80155181", "prepexpedecr": null, "repnetincr": null, "issbdrececash": null, "loannetr": null, "withinvgetcash": null, "invpayc": 1050000.0, "debtpaycash": null, "fincashinfl": 0.0, "cashopenbala": 1074233427.18, "netcashscheform": null, "begindate": "20110101", "bizoutfitse": null, "bizinflitse": null, "insnetc": null, "bankloannetincr": null, "receredu": -308754127.62, "publishdate": "20120313", "other": null, "deponetr": null, "paytax": 152589334.45, "bizinflform": null, "tradepaymnetr": null, "cashneti": -53506756.47, "accstaname": "\u65b0\u4f1a\u8ba1\u51c6\u5219", "cashnetr": -53506756.47, "invnetcashflow": -142389983.24, "netinvform": null, "finnetform": null, "payacticash": 424977441.56, "fininflform": null, "invoutfform": null}, {"laborgetcash": 1105468424.45, "inveredu": null, "unreinveloss": null, "bizcashinfl": 1123308572.03, "diviprofpaycash": 48000000.0, "invcashoutf": 88832793.65, "accrexpeincr": null, "subspaynetcash": null, "finrelacash": null, "payworkcash": 91511480.08, "subspaydivid": null, "chgexchgchgs": -20637.36, "finnetcflow": -48000000.0, "receotherbizcash": 15960411.33, "longdefeexpenamor": null, "acquassetcash": 87782793.65, "recefincash": null, "inspremcash": null, "netcashform": null, "bizcashoutf": 959730811.49, "fininstnetr": null, "invrececash": null, "defetaxassetdecr": null, "inicashbala": 1074206061.18, "invcashinfl": 188000.0, "paydivicash": null, "netcashscheitse": null, "defeincoincr": null, "disptradnetincr": null, "mananetr": 163577760.54, "debtintocapi": null, "defetaxliabincr": null, "adjustdate": "20111019", "enddate": "20110930", "assedepr": null, "biznetscheitse": null, "biznetform": null, "equfinalbala": null, "finoutfitse": null, "cashfinalbala": 1101118390.71, "fixedassetnetc": 188000.0, "cashfinalitse": null, "payintecash": null, "unfiparachg": null, "loansnetr": null, "incrcashpled": null, "biznetcflow": null, "asseimpa": null, "reducashpled": null, "invinffrom": null, "netprofit": null, "minysharrigh": null, "equopenbala": null, "inveloss": null, "valuechgloss": null, "receinvcash": null, "bizoutfform": null, "biznetscheform": null, "finexpe": null, "intaasseamor": null, "taxrefd": 1879736.25, "biznetitse": null, "finnetitse": null, "invinflitse": null, "subsnetc": null, "unseparachg": null, "finoutfform": null, "recefromloan": null, "netinvitse": null, "estidebts": null, "payaincr": null, "fdsborrnetr": null, "realestadep": null, "reporttype": "100111", "dispfixedassetloss": null, "fininflitse": null, "finalcashbala": 1101118390.71, "cashfinalform": null, "invoutfitse": null, "netcashitse": null, "payinvecash": null, "fixedassescraloss": null, "savinetr": null, "subsrececash": null, "accstacode": "2", "fincashoutf": 48000000.0, "charintecash": null, "finfixedasset": null, "labopayc": 481952907.86, "expiconvbd": null, "paycompgold": null, "inveretugetcash": null, "compcode": "80155181", "prepexpedecr": null, "repnetincr": null, "issbdrececash": null, "loannetr": null, "withinvgetcash": null, "invpayc": 1050000.0, "debtpaycash": null, "fincashinfl": 0.0, "cashopenbala": 1074206061.18, "netcashscheform": null, "begindate": "20110101", "bizoutfitse": null, "bizinflitse": null, "insnetc": null, "bankloannetincr": null, "receredu": null, "publishdate": "20111019", "other": null, "deponetr": null, "paytax": 113454299.09, "bizinflform": null, "tradepaymnetr": null, "cashneti": 26912329.53, "accstaname": "\u65b0\u4f1a\u8ba1\u51c6\u5219", "cashnetr": 26912329.53, "invnetcashflow": -88644793.65, "netinvform": null, "finnetform": null, "payacticash": 272812124.46, "fininflform": null, "invoutfform": null}, {"laborgetcash": 696979465.62, "inveredu": 257505.53, "unreinveloss": null, "bizcashinfl": 716673282.31, "diviprofpaycash": 48000000.0, "invcashoutf": 51700103.81, "accrexpeincr": null, "subspaynetcash": null, "finrelacash": null, "payworkcash": 60705860.73, "subspaydivid": null, "chgexchgchgs": -8612.34, "finnetcflow": -48000000.0, "receotherbizcash": 17814080.44, "longdefeexpenamor": null, "acquassetcash": 51700103.81, "recefincash": null, "inspremcash": null, "netcashform": null, "bizcashoutf": 613630332.58, "fininstnetr": null, "invrececash": null, "defetaxassetdecr": -6978625.1, "inicashbala": 1074206061.18, "invcashinfl": 126000.0, "paydivicash": null, "netcashscheitse": null, "defeincoincr": null, "disptradnetincr": null, "mananetr": 103042949.73, "debtintocapi": null, "defetaxliabincr": null, "adjustdate": "20110720", "enddate": "20110630", "assedepr": 3237504.62, "biznetscheitse": null, "biznetform": null, "equfinalbala": null, "finoutfitse": null, "cashfinalbala": 1077666294.76, "fixedassetnetc": 126000.0, "cashfinalitse": null, "payintecash": null, "unfiparachg": null, "loansnetr": null, "incrcashpled": null, "biznetcflow": 103042949.73, "asseimpa": 1455568.04, "reducashpled": null, "invinffrom": null, "netprofit": 80259565.44, "minysharrigh": null, "equopenbala": null, "inveloss": null, "valuechgloss": null, "receinvcash": null, "bizoutfform": null, "biznetscheform": null, "finexpe": 8612.34, "intaasseamor": 833314.61, "taxrefd": 1879736.25, "biznetitse": null, "finnetitse": null, "invinflitse": null, "subsnetc": null, "unseparachg": null, "finoutfform": null, "recefromloan": null, "netinvitse": null, "estidebts": null, "payaincr": 16252288.2, "fdsborrnetr": null, "realestadep": null, "reporttype": "100111", "dispfixedassetloss": -49776.89, "fininflitse": null, "finalcashbala": 1077666294.76, "cashfinalform": null, "invoutfitse": null, "netcashitse": null, "payinvecash": null, "fixedassescraloss": null, "savinetr": null, "subsrececash": null, "accstacode": "2", "fincashoutf": 48000000.0, "charintecash": null, "finfixedasset": null, "labopayc": 306004926.58, "expiconvbd": null, "paycompgold": null, "inveretugetcash": null, "compcode": "80155181", "prepexpedecr": null, "repnetincr": null, "issbdrececash": null, "loannetr": null, "withinvgetcash": null, "invpayc": null, "debtpaycash": null, "fincashinfl": 0.0, "cashopenbala": 1074206061.18, "netcashscheform": null, "begindate": "20110101", "bizoutfitse": null, "bizinflitse": null, "insnetc": null, "bankloannetincr": null, "receredu": 7766992.94, "publishdate": "20110720", "other": null, "deponetr": null, "paytax": 72231786.58, "bizinflform": null, "tradepaymnetr": null, "cashneti": 3460233.58, "accstaname": "\u65b0\u4f1a\u8ba1\u51c6\u5219", "cashnetr": 3460233.58, "invnetcashflow": -51574103.81, "netinvform": null, "finnetform": null, "payacticash": 174687758.69, "fininflform": null, "invoutfform": null}, {"laborgetcash": 337020559.08, "inveredu": null, "unreinveloss": null, "bizcashinfl": 343037962.1, "diviprofpaycash": null, "invcashoutf": 19938921.61, "accrexpeincr": null, "subspaynetcash": null, "finrelacash": null, "payworkcash": 34010896.65, "subspaydivid": null, "chgexchgchgs": -5802.44, "finnetcflow": 0.0, "receotherbizcash": 6017403.02, "longdefeexpenamor": null, "acquassetcash": 19938921.61, "recefincash": null, "inspremcash": null, "netcashform": null, "bizcashoutf": 291191399.55, "fininstnetr": null, "invrececash": null, "defetaxassetdecr": null, "inicashbala": 1074748427.18, "invcashinfl": 83000.0, "paydivicash": null, "netcashscheitse": null, "defeincoincr": null, "disptradnetincr": null, "mananetr": 51846562.55, "debtintocapi": null, "defetaxliabincr": null, "adjustdate": "20110420", "enddate": "20110331", "assedepr": null, "biznetscheitse": null, "biznetform": null, "equfinalbala": null, "finoutfitse": null, "cashfinalbala": 1106733265.68, "fixedassetnetc": 83000.0, "cashfinalitse": null, "payintecash": null, "unfiparachg": null, "loansnetr": null, "incrcashpled": null, "biznetcflow": null, "asseimpa": null, "reducashpled": null, "invinffrom": null, "netprofit": null, "minysharrigh": null, "equopenbala": null, "inveloss": null, "valuechgloss": null, "receinvcash": null, "bizoutfform": null, "biznetscheform": null, "finexpe": null, "intaasseamor": null, "taxrefd": null, "biznetitse": null, "finnetitse": null, "invinflitse": null, "subsnetc": null, "unseparachg": null, "finoutfform": null, "recefromloan": null, "netinvitse": null, "estidebts": null, "payaincr": null, "fdsborrnetr": null, "realestadep": null, "reporttype": "100111", "dispfixedassetloss": null, "fininflitse": null, "finalcashbala": 1106733265.68, "cashfinalform": null, "invoutfitse": null, "netcashitse": null, "payinvecash": null, "fixedassescraloss": null, "savinetr": null, "subsrececash": null, "accstacode": "2", "fincashoutf": 0.0, "charintecash": null, "finfixedasset": null, "labopayc": 141110859.57, "expiconvbd": null, "paycompgold": null, "inveretugetcash": null, "compcode": "80155181", "prepexpedecr": null, "repnetincr": null, "issbdrececash": null, "loannetr": null, "withinvgetcash": null, "invpayc": null, "debtpaycash": null, "fincashinfl": 0.0, "cashopenbala": 1074748427.18, "netcashscheform": null, "begindate": "20110101", "bizoutfitse": null, "bizinflitse": null, "insnetc": null, "bankloannetincr": null, "receredu": null, "publishdate": "20110420", "other": null, "deponetr": null, "paytax": 36009308.42, "bizinflform": null, "tradepaymnetr": null, "cashneti": 31984838.5, "accstaname": "\u65b0\u4f1a\u8ba1\u51c6\u5219", "cashnetr": 31984838.5, "invnetcashflow": -19855921.61, "netinvform": null, "finnetform": null, "payacticash": 80060334.91, "fininflform": null, "invoutfform": null}, {"laborgetcash": 1265939125.46, "inveredu": -50999797.87, "unreinveloss": null, "bizcashinfl": 1280225838.61, "diviprofpaycash": 87834501.52, "invcashoutf": 37618854.07, "accrexpeincr": null, "subspaynetcash": null, "finrelacash": null, "payworkcash": 102542232.47, "subspaydivid": null, "chgexchgchgs": -23356.37, "finnetcflow": 820165498.48, "receotherbizcash": 11979723.61, "longdefeexpenamor": null, "acquassetcash": 37618854.07, "recefincash": null, "inspremcash": null, "netcashform": null, "bizcashoutf": 1164152078.58, "fininstnetr": null, "invrececash": 908000000.0, "defetaxassetdecr": 984805.74, "inicashbala": 175064820.8, "invcashinfl": 544192.31, "paydivicash": null, "netcashscheitse": null, "defeincoincr": null, "disptradnetincr": null, "mananetr": 116073760.03, "debtintocapi": null, "defetaxliabincr": null, "adjustdate": "20110407", "enddate": "20101231", "assedepr": 8347059.37, "biznetscheitse": null, "biznetform": null, "equfinalbala": null, "finoutfitse": null, "cashfinalbala": 1074206061.18, "fixedassetnetc": 544192.31, "cashfinalitse": null, "payintecash": null, "unfiparachg": null, "loansnetr": null, "incrcashpled": null, "biznetcflow": 121403760.03, "asseimpa": -262076.04, "reducashpled": null, "invinffrom": null, "netprofit": 134340007.32, "minysharrigh": null, "equopenbala": null, "inveloss": null, "valuechgloss": null, "receinvcash": null, "bizoutfform": null, "biznetscheform": null, "finexpe": 23356.37, "intaasseamor": 1288209.33, "taxrefd": 2306989.54, "biznetitse": null, "finnetitse": null, "invinflitse": null, "subsnetc": null, "unseparachg": null, "finoutfform": null, "recefromloan": null, "netinvitse": null, "estidebts": null, "payaincr": 84789526.65, "fdsborrnetr": null, "realestadep": null, "reporttype": "100111", "dispfixedassetloss": -445491.87, "fininflitse": null, "finalcashbala": 1074206061.18, "cashfinalform": null, "invoutfitse": null, "netcashitse": null, "payinvecash": null, "fixedassescraloss": null, "savinetr": null, "subsrececash": null, "accstacode": "2", "fincashoutf": 87834501.52, "charintecash": null, "finfixedasset": null, "labopayc": 583922316.88, "expiconvbd": null, "paycompgold": null, "inveretugetcash": null, "compcode": "80155181", "prepexpedecr": null, "repnetincr": null, "issbdrececash": null, "loannetr": null, "withinvgetcash": null, "invpayc": null, "debtpaycash": null, "fincashinfl": 908000000.0, "cashopenbala": 175064820.8, "netcashscheform": null, "begindate": "20100101", "bizoutfitse": null, "bizinflitse": null, "insnetc": null, "bankloannetincr": null, "receredu": -56661838.97, "publishdate": "20110407", "other": null, "deponetr": null, "paytax": 138875800.8, "bizinflform": null, "tradepaymnetr": null, "cashneti": 899141240.38, "accstaname": "\u65b0\u4f1a\u8ba1\u51c6\u5219", "cashnetr": 899141240.38, "invnetcashflow": -37074661.76, "netinvform": null, "finnetform": null, "payacticash": 338811728.43, "fininflform": null, "invoutfform": null}, {"laborgetcash": 911611954.57, "inveredu": 0.0, "unreinveloss": 0.0, "bizcashinfl": 927563879.14, "diviprofpaycash": 87834501.52, "invcashoutf": 18237405.69, "accrexpeincr": 0.0, "subspaynetcash": 0.0, "finrelacash": 0.0, "payworkcash": 69583858.72, "subspaydivid": 0.0, "chgexchgchgs": -1183.72, "finnetcflow": -87834501.52, "receotherbizcash": 15079375.1, "longdefeexpenamor": 0.0, "acquassetcash": 18237405.69, "recefincash": 0.0, "inspremcash": 0.0, "netcashform": null, "bizcashoutf": 794458471.14, "fininstnetr": 0.0, "invrececash": 0.0, "defetaxassetdecr": 0.0, "inicashbala": 175314020.8, "invcashinfl": 544192.31, "paydivicash": 0.0, "netcashscheitse": null, "defeincoincr": 0.0, "disptradnetincr": 0.0, "mananetr": 133105408.0, "debtintocapi": 0.0, "defetaxliabincr": 0.0, "adjustdate": "19000101", "enddate": "20100930", "assedepr": 0.0, "biznetscheitse": null, "biznetform": null, "equfinalbala": 0.0, "finoutfitse": null, "cashfinalbala": 202890530.18, "fixedassetnetc": 544192.31, "cashfinalitse": null, "payintecash": 0.0, "unfiparachg": 0.0, "loansnetr": 0.0, "incrcashpled": 0.0, "biznetcflow": 0.0, "asseimpa": 0.0, "reducashpled": 0.0, "invinffrom": null, "netprofit": 0.0, "minysharrigh": 0.0, "equopenbala": 0.0, "inveloss": 0.0, "valuechgloss": 0.0, "receinvcash": 0.0, "bizoutfform": null, "biznetscheform": null, "finexpe": 0.0, "intaasseamor": 0.0, "taxrefd": 872549.47, "biznetitse": null, "finnetitse": null, "invinflitse": null, "subsnetc": 0.0, "unseparachg": 0.0, "finoutfform": null, "recefromloan": 0.0, "netinvitse": null, "estidebts": 0.0, "payaincr": 0.0, "fdsborrnetr": 0.0, "realestadep": 0.0, "reporttype": "100111", "dispfixedassetloss": 0.0, "fininflitse": null, "finalcashbala": 202890530.18, "cashfinalform": null, "invoutfitse": null, "netcashitse": null, "payinvecash": 0.0, "fixedassescraloss": 0.0, "savinetr": 0.0, "subsrececash": 0.0, "accstacode": "2", "fincashoutf": 87834501.52, "charintecash": 0.0, "finfixedasset": 0.0, "labopayc": 415528986.2, "expiconvbd": 0.0, "paycompgold": 0.0, "inveretugetcash": 0.0, "compcode": "80155181", "prepexpedecr": 0.0, "repnetincr": 0.0, "issbdrececash": 0.0, "loannetr": 0.0, "withinvgetcash": 0.0, "invpayc": 0.0, "debtpaycash": 0.0, "fincashinfl": 0.0, "cashopenbala": 175314020.8, "netcashscheform": null, "begindate": "20100101", "bizoutfitse": null, "bizinflitse": null, "insnetc": 0.0, "bankloannetincr": 0.0, "receredu": 0.0, "publishdate": "20101122", "other": 0.0, "deponetr": 0.0, "paytax": 93940164.72, "bizinflform": null, "tradepaymnetr": 0.0, "cashneti": 27576509.38, "accstaname": "\u65b0\u4f1a\u8ba1\u51c6\u5219", "cashnetr": 27576509.38, "invnetcashflow": -17693213.38, "netinvform": null, "finnetform": null, "payacticash": 215405461.5, "fininflform": null, "invoutfform": null}, {"laborgetcash": 615619867.85, "inveredu": -20506165.27, "unreinveloss": null, "bizcashinfl": 622649845.81, "diviprofpaycash": 0.0, "invcashoutf": 8848193.86, "accrexpeincr": null, "subspaynetcash": 0.0, "finrelacash": 0.0, "payworkcash": 45705881.56, "subspaydivid": 0.0, "chgexchgchgs": -1003.45, "finnetcflow": 0.0, "receotherbizcash": 7029977.96, "longdefeexpenamor": 0.0, "acquassetcash": 8848193.86, "recefincash": 0.0, "inspremcash": 0.0, "netcashform": null, "bizcashoutf": 505249572.09, "fininstnetr": 0.0, "invrececash": 0.0, "defetaxassetdecr": -7141534.28, "inicashbala": 175314020.8, "invcashinfl": 494192.31, "paydivicash": 0.0, "netcashscheitse": null, "defeincoincr": null, "disptradnetincr": 0.0, "mananetr": 117400273.72, "debtintocapi": 0.0, "defetaxliabincr": 0.0, "adjustdate": "19000101", "enddate": "20100630", "assedepr": 4010705.46, "biznetscheitse": null, "biznetform": null, "equfinalbala": 0.0, "finoutfitse": null, "cashfinalbala": 284359289.52, "fixedassetnetc": 494192.31, "cashfinalitse": null, "payintecash": 0.0, "unfiparachg": null, "loansnetr": 0.0, "incrcashpled": null, "biznetcflow": 117400273.72, "asseimpa": -198538.95, "reducashpled": null, "invinffrom": null, "netprofit": 61014226.15, "minysharrigh": null, "equopenbala": 0.0, "inveloss": 0.0, "valuechgloss": 0.0, "receinvcash": 0.0, "bizoutfform": null, "biznetscheform": null, "finexpe": 1003.45, "intaasseamor": 619898.98, "taxrefd": 0.0, "biznetitse": null, "finnetitse": null, "invinflitse": null, "subsnetc": 0.0, "unseparachg": null, "finoutfform": null, "recefromloan": 0.0, "netinvitse": null, "estidebts": null, "payaincr": 134355151.5, "fdsborrnetr": 0.0, "realestadep": null, "reporttype": "100111", "dispfixedassetloss": -416995.91, "fininflitse": null, "finalcashbala": 284359289.52, "cashfinalform": null, "invoutfitse": null, "netcashitse": null, "payinvecash": 0.0, "fixedassescraloss": 0.0, "savinetr": 0.0, "subsrececash": 0.0, "accstacode": "2", "fincashoutf": 0.0, "charintecash": 0.0, "finfixedasset": 0.0, "labopayc": 270034193.02, "expiconvbd": 0.0, "paycompgold": 0.0, "inveretugetcash": 0.0, "compcode": "80155181", "prepexpedecr": null, "repnetincr": 0.0, "issbdrececash": 0.0, "loannetr": 0.0, "withinvgetcash": 0.0, "invpayc": 0.0, "debtpaycash": 0.0, "fincashinfl": 0.0, "cashopenbala": 175314020.8, "netcashscheform": null, "begindate": "20100101", "bizoutfitse": null, "bizinflitse": null, "insnetc": 0.0, "bankloannetincr": 0.0, "receredu": -54337477.41, "publishdate": "20101102", "other": 0.0, "deponetr": 0.0, "paytax": 59285367.85, "bizinflform": null, "tradepaymnetr": 0.0, "cashneti": 109045268.72, "accstaname": "\u65b0\u4f1a\u8ba1\u51c6\u5219", "cashnetr": 109045268.72, "invnetcashflow": -8354001.55, "netinvform": null, "finnetform": null, "payacticash": 130224129.66, "fininflform": null, "invoutfform": null}, {"laborgetcash": 932409225.59, "inveredu": -5884527.38, "unreinveloss": null, "bizcashinfl": 941133047.91, "diviprofpaycash": 0.0, "invcashoutf": 15453782.3, "accrexpeincr": null, "subspaynetcash": 0.0, "finrelacash": 0.0, "payworkcash": 76616561.93, "subspaydivid": 0.0, "chgexchgchgs": -2188.73, "finnetcflow": 0.0, "receotherbizcash": 5099213.46, "longdefeexpenamor": 0.0, "acquassetcash": 15453782.3, "recefincash": 0.0, "inspremcash": 0.0, "netcashform": null, "bizcashoutf": 814430671.82, "fininstnetr": 0.0, "invrececash": 0.0, "defetaxassetdecr": 609094.36, "inicashbala": 64067615.74, "invcashinfl": 0.0, "paydivicash": 0.0, "netcashscheitse": null, "defeincoincr": null, "disptradnetincr": 0.0, "mananetr": 126702376.09, "debtintocapi": 0.0, "defetaxliabincr": 0.0, "adjustdate": "19000101", "enddate": "20091231", "assedepr": 8140052.15, "biznetscheitse": null, "biznetform": null, "equfinalbala": 0.0, "finoutfitse": null, "cashfinalbala": 175314020.8, "fixedassetnetc": 0.0, "cashfinalitse": null, "payintecash": 0.0, "unfiparachg": null, "loansnetr": 0.0, "incrcashpled": null, "biznetcflow": 126702376.09, "asseimpa": 194755.79, "reducashpled": null, "invinffrom": null, "netprofit": 81829465.22, "minysharrigh": null, "equopenbala": 0.0, "inveloss": 0.0, "valuechgloss": 0.0, "receinvcash": 0.0, "bizoutfform": null, "biznetscheform": null, "finexpe": 2188.73, "intaasseamor": 1062843.54, "taxrefd": 3624608.86, "biznetitse": null, "finnetitse": null, "invinflitse": null, "subsnetc": 0.0, "unseparachg": null, "finoutfform": null, "recefromloan": 0.0, "netinvitse": null, "estidebts": null, "payaincr": 81192063.78, "fdsborrnetr": 0.0, "realestadep": null, "reporttype": "100111", "dispfixedassetloss": 665337.37, "fininflitse": null, "finalcashbala": 175314020.8, "cashfinalform": null, "invoutfitse": null, "netcashitse": null, "payinvecash": 0.0, "fixedassescraloss": 0.0, "savinetr": 0.0, "subsrececash": 0.0, "accstacode": "2", "fincashoutf": 0.0, "charintecash": 0.0, "finfixedasset": 0.0, "labopayc": 377952229.29, "expiconvbd": 0.0, "paycompgold": 0.0, "inveretugetcash": 0.0, "compcode": "80155181", "prepexpedecr": null, "repnetincr": 0.0, "issbdrececash": 0.0, "loannetr": 0.0, "withinvgetcash": 0.0, "invpayc": 0.0, "debtpaycash": 0.0, "fincashinfl": 0.0, "cashopenbala": 64067615.74, "netcashscheform": null, "begindate": "20090101", "bizoutfitse": null, "bizinflitse": null, "insnetc": 0.0, "bankloannetincr": 0.0, "receredu": -41108897.47, "publishdate": "20101102", "other": 0.0, "deponetr": 0.0, "paytax": 117820509.44, "bizinflform": null, "tradepaymnetr": 0.0, "cashneti": 111246405.06, "accstaname": "\u65b0\u4f1a\u8ba1\u51c6\u5219", "cashnetr": 111246405.06, "invnetcashflow": -15453782.3, "netinvform": null, "finnetform": null, "payacticash": 242041371.16, "fininflform": null, "invoutfform": null}, {"laborgetcash": 670374083.63, "inveredu": 0.0, "unreinveloss": 0.0, "bizcashinfl": 682827913.73, "diviprofpaycash": 0.0, "invcashoutf": 3893327.96, "accrexpeincr": 0.0, "subspaynetcash": 0.0, "finrelacash": 0.0, "payworkcash": 56443762.06, "subspaydivid": 0.0, "chgexchgchgs": -906.05, "finnetcflow": 0.0, "receotherbizcash": 9214469.4, "longdefeexpenamor": 0.0, "acquassetcash": 3893327.96, "recefincash": 0.0, "inspremcash": 0.0, "netcashform": null, "bizcashoutf": 551752121.25, "fininstnetr": 0.0, "invrececash": 0.0, "defetaxassetdecr": 0.0, "inicashbala": 64067615.74, "invcashinfl": 0.0, "paydivicash": 0.0, "netcashscheitse": null, "defeincoincr": 0.0, "disptradnetincr": 0.0, "mananetr": 131075792.48, "debtintocapi": 0.0, "defetaxliabincr": 0.0, "adjustdate": "19000101", "enddate": "20090930", "assedepr": 0.0, "biznetscheitse": null, "biznetform": null, "equfinalbala": 0.0, "finoutfitse": null, "cashfinalbala": 191249174.21, "fixedassetnetc": 0.0, "cashfinalitse": null, "payintecash": 0.0, "unfiparachg": 0.0, "loansnetr": 0.0, "incrcashpled": 0.0, "biznetcflow": 0.0, "asseimpa": 0.0, "reducashpled": 0.0, "invinffrom": null, "netprofit": 0.0, "minysharrigh": 0.0, "equopenbala": 0.0, "inveloss": 0.0, "valuechgloss": 0.0, "receinvcash": 0.0, "bizoutfform": null, "biznetscheform": null, "finexpe": 0.0, "intaasseamor": 0.0, "taxrefd": 3239360.7, "biznetitse": null, "finnetitse": null, "invinflitse": null, "subsnetc": 0.0, "unseparachg": 0.0, "finoutfform": null, "recefromloan": 0.0, "netinvitse": null, "estidebts": 0.0, "payaincr": 0.0, "fdsborrnetr": 0.0, "realestadep": 0.0, "reporttype": "100111", "dispfixedassetloss": 0.0, "fininflitse": null, "finalcashbala": 191249174.21, "cashfinalform": null, "invoutfitse": null, "netcashitse": null, "payinvecash": 0.0, "fixedassescraloss": 0.0, "savinetr": 0.0, "subsrececash": 0.0, "accstacode": "2", "fincashoutf": 0.0, "charintecash": 0.0, "finfixedasset": 0.0, "labopayc": 281903373.35, "expiconvbd": 0.0, "paycompgold": 0.0, "inveretugetcash": 0.0, "compcode": "80155181", "prepexpedecr": 0.0, "repnetincr": 0.0, "issbdrececash": 0.0, "loannetr": 0.0, "withinvgetcash": 0.0, "invpayc": 0.0, "debtpaycash": 0.0, "fincashinfl": 0.0, "cashopenbala": 64067615.74, "netcashscheform": null, "begindate": "20090101", "bizoutfitse": null, "bizinflitse": null, "insnetc": 0.0, "bankloannetincr": 0.0, "receredu": 0.0, "publishdate": "20101122", "other": 0.0, "deponetr": 0.0, "paytax": 81423419.23, "bizinflform": null, "tradepaymnetr": 0.0, "cashneti": 127181558.47, "accstaname": "\u65b0\u4f1a\u8ba1\u51c6\u5219", "cashnetr": 127181558.47, "invnetcashflow": -3893327.96, "netinvform": null, "finnetform": null, "payacticash": 131981566.61, "fininflform": null, "invoutfform": null}, {"laborgetcash": 767202550.72, "inveredu": -14322348.35, "unreinveloss": null, "bizcashinfl": 784320801.84, "diviprofpaycash": 1148829.5, "invcashoutf": 80983506.43, "accrexpeincr": null, "subspaynetcash": 0.0, "finrelacash": 0.0, "payworkcash": 76482494.41, "subspaydivid": 0.0, "chgexchgchgs": 0.0, "finnetcflow": 118751170.5, "receotherbizcash": 16996086.85, "longdefeexpenamor": 0.0, "acquassetcash": 7090031.29, "recefincash": 0.0, "inspremcash": 0.0, "netcashform": null, "bizcashoutf": 777572206.35, "fininstnetr": 0.0, "invrececash": 144900000.0, "defetaxassetdecr": -297723.39, "inicashbala": 15740156.18, "invcashinfl": 3811200.0, "paydivicash": 0.0, "netcashscheitse": null, "defeincoincr": null, "disptradnetincr": 0.0, "mananetr": 6748595.49, "debtintocapi": 0.0, "defetaxliabincr": 0.0, "adjustdate": "19000101", "enddate": "20081231", "assedepr": 8604885.52, "biznetscheitse": null, "biznetform": null, "equfinalbala": 0.0, "finoutfitse": null, "cashfinalbala": 64067615.74, "fixedassetnetc": 261200.0, "cashfinalitse": null, "payintecash": 0.0, "unfiparachg": null, "loansnetr": 0.0, "incrcashpled": null, "biznetcflow": 6748595.49, "asseimpa": 1276307.44, "reducashpled": null, "invinffrom": null, "netprofit": 54201576.05, "minysharrigh": null, "equopenbala": 0.0, "inveloss": -5592740.27, "valuechgloss": 0.0, "receinvcash": 0.0, "bizoutfform": null, "biznetscheform": null, "finexpe": 1148829.5, "intaasseamor": 1003954.08, "taxrefd": 122164.27, "biznetitse": null, "finnetitse": null, "invinflitse": null, "subsnetc": 3550000.0, "unseparachg": null, "finoutfform": null, "recefromloan": 10000000.0, "netinvitse": null, "estidebts": null, "payaincr": -4512160.64, "fdsborrnetr": 0.0, "realestadep": null, "reporttype": "100111", "dispfixedassetloss": 174363.71, "fininflitse": null, "finalcashbala": 64067615.74, "cashfinalform": null, "invoutfitse": null, "netcashitse": null, "payinvecash": 73893475.14, "fixedassescraloss": 0.0, "savinetr": 0.0, "subsrececash": 0.0, "accstacode": "2", "fincashoutf": 36148829.5, "charintecash": 0.0, "finfixedasset": 0.0, "labopayc": 412404261.03, "expiconvbd": 0.0, "paycompgold": 0.0, "inveretugetcash": 0.0, "compcode": "80155181", "prepexpedecr": null, "repnetincr": 0.0, "issbdrececash": 0.0, "loannetr": 0.0, "withinvgetcash": 0.0, "invpayc": 0.0, "debtpaycash": 35000000.0, "fincashinfl": 154900000.0, "cashopenbala": 15740156.18, "netcashscheform": null, "begindate": "20080101", "bizoutfitse": null, "bizinflitse": null, "insnetc": 0.0, "bankloannetincr": 0.0, "receredu": -34936348.16, "publishdate": "20101102", "other": 0.0, "deponetr": 0.0, "paytax": 76256398.42, "bizinflform": null, "tradepaymnetr": 0.0, "cashneti": 48327459.56, "accstaname": "\u65b0\u4f1a\u8ba1\u51c6\u5219", "cashnetr": 48327459.56, "invnetcashflow": -77172306.43, "netinvform": null, "finnetform": null, "payacticash": 212429052.49, "fininflform": null, "invoutfform": null}, {"laborgetcash": 746217507.31, "inveredu": -168799952.58, "unreinveloss": null, "bizcashinfl": 753397941.46, "diviprofpaycash": 3520500.24, "invcashoutf": 84436018.48, "accrexpeincr": null, "subspaynetcash": 5350000.0, "finrelacash": 52634659.42, "payworkcash": 42535478.52, "subspaydivid": 0.0, "chgexchgchgs": 0.0, "finnetcflow": -22128592.42, "receotherbizcash": 7096910.15, "longdefeexpenamor": 0.0, "acquassetcash": 16486018.48, "recefincash": 73526567.24, "inspremcash": 0.0, "netcashform": null, "bizcashoutf": 653060413.66, "fininstnetr": 0.0, "invrececash": 0.0, "defetaxassetdecr": 3544222.32, "inicashbala": 14072180.47, "invcashinfl": 7895058.81, "paydivicash": 0.0, "netcashscheitse": null, "defeincoincr": null, "disptradnetincr": 0.0, "mananetr": 100337527.8, "debtintocapi": 0.0, "defetaxliabincr": 0.0, "adjustdate": "19000101", "enddate": "20071231", "assedepr": 5820721.27, "biznetscheitse": null, "biznetform": null, "equfinalbala": 0.0, "finoutfitse": null, "cashfinalbala": 15740156.18, "fixedassetnetc": 0.0, "cashfinalitse": null, "payintecash": 0.0, "unfiparachg": null, "loansnetr": 0.0, "incrcashpled": null, "biznetcflow": 100337527.8, "asseimpa": -420719.36, "reducashpled": null, "invinffrom": null, "netprofit": 60243413.08, "minysharrigh": null, "equopenbala": 0.0, "inveloss": -316765.53, "valuechgloss": 0.0, "receinvcash": 7895058.81, "bizoutfform": null, "biznetscheform": null, "finexpe": 3767009.23, "intaasseamor": 408950.78, "taxrefd": 83524.0, "biznetitse": null, "finnetitse": null, "invinflitse": null, "subsnetc": 0.0, "unseparachg": null, "finoutfform": null, "recefromloan": 136000000.0, "netinvitse": null, "estidebts": null, "payaincr": 322158822.8, "fdsborrnetr": 0.0, "realestadep": null, "reporttype": "100111", "dispfixedassetloss": 1112583.54, "fininflitse": null, "finalcashbala": 15740156.18, "cashfinalform": null, "invoutfitse": null, "netcashitse": null, "payinvecash": 57500000.0, "fixedassescraloss": 0.0, "savinetr": 0.0, "subsrececash": 0.0, "accstacode": "2", "fincashoutf": 231655159.66, "charintecash": 0.0, "finfixedasset": 0.0, "labopayc": 383539540.1, "expiconvbd": 0.0, "paycompgold": 0.0, "inveretugetcash": 0.0, "compcode": "80155181", "prepexpedecr": null, "repnetincr": 0.0, "issbdrececash": 0.0, "loannetr": 0.0, "withinvgetcash": 0.0, "invpayc": 5100000.0, "debtpaycash": 175500000.0, "fincashinfl": 209526567.24, "cashopenbala": 14072180.47, "netcashscheform": null, "begindate": "20070101", "bizoutfitse": null, "bizinflitse": null, "insnetc": 0.0, "bankloannetincr": 0.0, "receredu": -127180757.75, "publishdate": "20101102", "other": 0.0, "deponetr": 0.0, "paytax": 70952144.8, "bizinflform": null, "tradepaymnetr": 0.0, "cashneti": 1667975.71, "accstaname": "\u65b0\u4f1a\u8ba1\u51c6\u5219", "cashnetr": 1667975.71, "invnetcashflow": -76540959.67, "netinvform": null, "finnetform": null, "payacticash": 156033250.24, "fininflform": null, "invoutfform": null}], "comptype": 4, "name": "\u8001\u677f\u7535\u5668"}