{"list": [{"unreinveloss": null, "specrese": null, "righaggritse": null, "righaggr": 4390132753.32, "otherlonginve": null, "topaycashdivi": null, "minysharrigh": -3320966.63, "rese": 423525379.34, "intelrece": null, "taxespaya": 208986876.47, "othernoncasse": 20616285.0, "tradshartrad": null, "totcurrasset": 6141737991.31, "otherrece": 49765822.95, "accrexpe": null, "expenoncliab": null, "fixedasseclea": null, "currliabitse": null, "consprog": 2867470.97, "engimate": null, "copepoun": null, "longliabform": null, "bdspaya": null, "specpaya": null, "hydrasset": null, "adjustdate": "20170727", "totliabsharequi": 7393771093.62, "inveprop": 135055.34, "cenbankborr": null, "capisurp": 395707008.01, "currliabform": null, "intelpay": null, "shorttermborr": null, "shorttermbdspaya": null, "reinrece": null, "totalasseform": null, "sharrighitse": null, "accorece": 315955381.43, "totalnoncassets": 1252033102.31, "accopaya": 932058060.61, "othercurreliabi": null, "purcresaasset": null, "intaasset": 172747332.5, "inve": 1105156879.98, "totalcurrliab": 2930778615.65, "sharrightform": null, "expinoncurrasset": null, "tradfinliab": null, "fixedasseimpa": null, "fixedassenetw": 841422611.91, "fixedasseimmo": 1137554962.36, "equiinve": 1611017.69, "paresharrigh": 4393453719.95, "currassetitse": null, "fdsborr": null, "expotaxrebarece": null, "totassetitse": null, "subsrece": null, "comasse": null, "tradfinasset": null, "actiundesecu": null, "noncasseitse": null, "intepaya": null, "prepexpe": null, "reportdate": "20170630", "otherfeepaya": null, "rightotitse": null, "derifinaasset": null, "dometicksett": null, "generiskrese": null, "dividrece": null, "interece": null, "rightotform": null, "treastk": 24153010.0, "undiprof": 2649341517.6, "avaisellasse": 127734000.0, "totliabform": null, "rightaggrform": null, "paidincapi": 949032825.0, "longliabitse": null, "accstacode": "2", "totliabitse": null, "longborr": null, "premrece": null, "noncasseform": null, "curtrandiff": null, "prep": 81574932.89, "defetaxasset": 84849800.58, "compcode": "80155181", "expecurrliab": null, "copewithreinrece": null, "divipaya": null, "notespaya": 113684131.28, "currasseform": null, "margrequ": null, "totasset": 7393771093.62, "reincontrese": null, "totalnoncliab": 72859724.65, "notesrece": 973501452.34, "totliab": 3003638340.3, "duenoncliab": null, "holdinvedue": null, "accudepr": 296132350.45, "insucontrese": null, "deveexpe": null, "settresedepo": null, "defereve": null, "othernoncliabi": null, "lendandloan": null, "longdefeinco": 72859724.65, "publishdate": "20170727", "advapaym": 1002245963.16, "margrece": null, "defeincotaxliab": null, "logprepexpe": 49528.32, "prodasse": null, "othercurrasse": 600000000.0, "longrece": null, "accstaname": "\u65b0\u4f1a\u8ba1\u51c6\u5219", "reporttype": "100111", "deriliab": null, "plac": null, "sellrepasse": null, "inteticksett": null, "longpaya": null, "copeworkersal": 6766699.54, "goodwill": null, "unseg": null, "actitradsecu": null, "otherpay": 667036884.59, "deposit": null, "fixedassenet": 841422611.91, "curfds": 3015783521.72}, {"unreinveloss": null, "specrese": null, "righaggritse": null, "righaggr": 4398694024.24, "otherlonginve": null, "topaycashdivi": null, "minysharrigh": -3314856.67, "rese": 365028375.0, "intelrece": null, "taxespaya": 145461742.12, "othernoncasse": 12122320.0, "tradshartrad": null, "totcurrasset": 5806032741.33, "otherrece": 34303524.02, "accrexpe": null, "expenoncliab": null, "fixedasseclea": null, "currliabitse": null, "consprog": 5945376.94, "engimate": null, "copepoun": null, "longliabform": null, "bdspaya": null, "specpaya": null, "hydrasset": null, "adjustdate": "20170426", "totliabsharequi": 6856456190.48, "inveprop": 137302.04, "cenbankborr": null, "capisurp": 612768833.2, "currliabform": null, "intelpay": null, "shorttermborr": null, "shorttermbdspaya": null, "reinrece": null, "totalasseform": null, "sharrighitse": null, "accorece": 249103480.41, "totalnoncassets": 1050423449.15, "accopaya": 695471646.0, "othercurreliabi": null, "purcresaasset": null, "intaasset": 95153758.3, "inve": 947302917.48, "totalcurrliab": 2384400147.77, "sharrightform": null, "expinoncurrasset": null, "tradfinliab": null, "fixedasseimpa": null, "fixedassenetw": null, "fixedasseimmo": null, "equiinve": 2444281.78, "paresharrigh": 4402008880.91, "currassetitse": null, "fdsborr": null, "expotaxrebarece": null, "totassetitse": null, "subsrece": null, "comasse": null, "tradfinasset": null, "actiundesecu": null, "noncasseitse": null, "intepaya": null, "prepexpe": null, "reportdate": "20170331", "otherfeepaya": null, "rightotitse": null, "derifinaasset": null, "dometicksett": null, "generiskrese": null, "dividrece": null, "interece": null, "rightotform": null, "treastk": 32483500.0, "undiprof": 2726669922.71, "avaisellasse": 27734000.0, "totliabform": null, "rightaggrform": null, "paidincapi": 730025250.0, "longliabitse": null, "accstacode": "2", "totliabitse": null, "longborr": null, "premrece": null, "noncasseform": null, "curtrandiff": null, "prep": 87567903.83, "defetaxasset": 63151841.4, "compcode": "80155181", "expecurrliab": null, "copewithreinrece": null, "divipaya": null, "notespaya": 11904155.83, "currasseform": null, "margrequ": null, "totasset": 6856456190.48, "reincontrese": null, "totalnoncliab": 73362018.47, "notesrece": 855736808.11, "totliab": 2457762166.24, "duenoncliab": null, "holdinvedue": null, "accudepr": null, "insucontrese": null, "deveexpe": null, "settresedepo": null, "defereve": null, "othernoncliabi": null, "lendandloan": null, "longdefeinco": 73362018.47, "publishdate": "20170426", "advapaym": 996243825.2, "margrece": null, "defeincotaxliab": null, "logprepexpe": 57783.15, "prodasse": null, "othercurrasse": null, "longrece": null, "accstaname": "\u65b0\u4f1a\u8ba1\u51c6\u5219", "reporttype": "100111", "deriliab": null, "plac": null, "sellrepasse": null, "inteticksett": null, "longpaya": null, "copeworkersal": 9187483.94, "goodwill": null, "unseg": null, "actitradsecu": null, "otherpay": 526131294.68, "deposit": null, "fixedassenet": 843676785.54, "curfds": 3632018107.48}, {"unreinveloss": null, "specrese": null, "righaggritse": null, "righaggr": 4125244915.33, "otherlonginve": null, "topaycashdivi": null, "minysharrigh": -3310215.29, "rese": 365028375.0, "intelrece": null, "taxespaya": 152462335.26, "othernoncasse": 23516965.12, "tradshartrad": null, "totcurrasset": 5396605618.41, "otherrece": 14323323.41, "accrexpe": null, "expenoncliab": null, "fixedasseclea": null, "currliabitse": null, "consprog": null, "engimate": null, "copepoun": null, "longliabform": null, "bdspaya": null, "specpaya": null, "hydrasset": null, "adjustdate": "20170330", "totliabsharequi": 6415202506.51, "inveprop": 139548.74, "cenbankborr": null, "capisurp": 610506075.97, "currliabform": null, "intelpay": null, "shorttermborr": null, "shorttermbdspaya": null, "reinrece": null, "totalasseform": null, "sharrighitse": null, "accorece": 331595202.69, "totalnoncassets": 1018596888.1, "accopaya": 910854447.11, "othercurreliabi": null, "purcresaasset": null, "intaasset": 97062869.98, "inve": 914492966.18, "totalcurrliab": 2230683949.58, "sharrightform": null, "expinoncurrasset": null, "tradfinliab": null, "fixedasseimpa": null, "fixedassenetw": 852193390.53, "fixedasseimmo": 1110397871.93, "equiinve": 817886.59, "paresharrigh": 4128555130.62, "currassetitse": null, "fdsborr": null, "expotaxrebarece": null, "totassetitse": null, "subsrece": null, "comasse": null, "tradfinasset": null, "actiundesecu": null, "noncasseitse": null, "intepaya": null, "prepexpe": null, "reportdate": "20161231", "otherfeepaya": null, "rightotitse": null, "derifinaasset": null, "dometicksett": null, "generiskrese": null, "dividrece": null, "interece": null, "rightotform": null, "treastk": 52129280.0, "undiprof": 2475093209.65, "avaisellasse": 27734000.0, "totliabform": null, "rightaggrform": null, "paidincapi": 730056750.0, "longliabitse": null, "accstacode": "2", "totliabitse": null, "longborr": null, "premrece": null, "noncasseform": null, "curtrandiff": null, "prep": 32828372.81, "defetaxasset": 17065371.6, "compcode": "80155181", "expecurrliab": null, "copewithreinrece": null, "divipaya": null, "notespaya": null, "currasseform": null, "margrequ": null, "totasset": 6415202506.51, "reincontrese": null, "totalnoncliab": 59273641.6, "notesrece": 637529240.41, "totliab": 2289957591.18, "duenoncliab": null, "holdinvedue": null, "accudepr": 258204481.4, "insucontrese": null, "deveexpe": null, "settresedepo": null, "defereve": null, "othernoncliabi": null, "lendandloan": null, "longdefeinco": 59273641.6, "publishdate": "20170330", "advapaym": 840328526.14, "margrece": null, "defeincotaxliab": null, "logprepexpe": 66855.54, "prodasse": null, "othercurrasse": 17427200.42, "longrece": null, "accstaname": "\u65b0\u4f1a\u8ba1\u51c6\u5219", "reporttype": "100111", "deriliab": null, "plac": null, "sellrepasse": null, "inteticksett": null, "longpaya": null, "copeworkersal": 90872892.04, "goodwill": null, "unseg": null, "actitradsecu": null, "otherpay": 236165749.03, "deposit": null, "fixedassenet": 852193390.53, "curfds": 3448409312.49}, {"unreinveloss": null, "specrese": null, "righaggritse": null, "righaggr": 3606099612.16, "otherlonginve": null, "topaycashdivi": null, "minysharrigh": -3305412.77, "rese": 311724460.38, "intelrece": null, "taxespaya": 162786930.4, "othernoncasse": 17319820.0, "tradshartrad": null, "totcurrasset": 5127474674.44, "otherrece": 20363799.16, "accrexpe": null, "expenoncliab": null, "fixedasseclea": null, "currliabitse": null, "consprog": null, "engimate": null, "copepoun": null, "longliabform": null, "bdspaya": null, "specpaya": null, "hydrasset": null, "adjustdate": "20161021", "totliabsharequi": 6195419453.26, "inveprop": 144042.14, "cenbankborr": null, "capisurp": 601218662.98, "currliabform": null, "intelpay": null, "shorttermborr": null, "shorttermbdspaya": null, "reinrece": null, "totalasseform": null, "sharrighitse": null, "accorece": 252281556.18, "totalnoncassets": 1067944778.82, "accopaya": 769842916.56, "othercurreliabi": null, "purcresaasset": null, "intaasset": 94788540.62, "inve": 949666881.41, "totalcurrliab": 2568550222.66, "sharrightform": null, "expinoncurrasset": null, "tradfinliab": null, "fixedasseimpa": null, "fixedassenetw": null, "fixedasseimmo": null, "equiinve": null, "paresharrigh": 3609405024.93, "currassetitse": null, "fdsborr": null, "expotaxrebarece": null, "totassetitse": null, "subsrece": null, "comasse": null, "tradfinasset": null, "actiundesecu": null, "noncasseitse": null, "intepaya": null, "prepexpe": null, "reportdate": "20160930", "otherfeepaya": null, "rightotitse": null, "derifinaasset": null, "dometicksett": null, "generiskrese": null, "dividrece": null, "interece": null, "rightotform": null, "treastk": 56472480.0, "undiprof": 2022877631.57, "avaisellasse": 27734000.0, "totliabform": null, "rightaggrform": null, "paidincapi": 730056750.0, "longliabitse": null, "accstacode": "2", "totliabitse": null, "longborr": null, "premrece": null, "noncasseform": null, "curtrandiff": null, "prep": 79000058.14, "defetaxasset": 80305440.83, "compcode": "80155181", "expecurrliab": null, "copewithreinrece": null, "divipaya": null, "notespaya": null, "currasseform": null, "margrequ": null, "totasset": 6195419453.26, "reincontrese": null, "totalnoncliab": 20769618.44, "notesrece": 713837238.73, "totliab": 2589319841.1, "duenoncliab": null, "holdinvedue": null, "accudepr": null, "insucontrese": null, "deveexpe": null, "settresedepo": null, "defereve": null, "othernoncliabi": null, "lendandloan": null, "longdefeinco": 20769618.44, "publishdate": "20161021", "advapaym": 918140597.23, "margrece": null, "defeincotaxliab": null, "logprepexpe": 10385.45, "prodasse": null, "othercurrasse": null, "longrece": null, "accstaname": "\u65b0\u4f1a\u8ba1\u51c6\u5219", "reporttype": "100111", "deriliab": null, "plac": null, "sellrepasse": null, "inteticksett": null, "longpaya": null, "copeworkersal": 547211.08, "goodwill": null, "unseg": null, "actitradsecu": null, "otherpay": 717232567.39, "deposit": null, "fixedassenet": 847642549.78, "curfds": 3112325140.82}, {"unreinveloss": null, "specrese": null, "righaggritse": null, "righaggr": 3324101784.14, "otherlonginve": null, "topaycashdivi": null, "minysharrigh": -3300423.02, "rese": 284850622.24, "intelrece": null, "taxespaya": 158365066.39, "othernoncasse": 19195320.0, "tradshartrad": null, "totcurrasset": 4635023472.58, "otherrece": 17426757.05, "accrexpe": null, "expenoncliab": null, "fixedasseclea": null, "currliabitse": null, "consprog": null, "engimate": null, "copepoun": null, "longliabform": null, "bdspaya": null, "specpaya": null, "hydrasset": null, "adjustdate": "20160727", "totliabsharequi": 5693324243.86, "inveprop": 144042.14, "cenbankborr": null, "capisurp": 597691549.69, "currliabform": null, "intelpay": null, "shorttermborr": null, "shorttermbdspaya": null, "reinrece": null, "totalasseform": null, "sharrighitse": null, "accorece": 319109365.24, "totalnoncassets": 1058300771.28, "accopaya": 732598798.32, "othercurreliabi": null, "purcresaasset": null, "intaasset": 95787332.51, "inve": 852951843.27, "totalcurrliab": 2355691720.31, "sharrightform": null, "expinoncurrasset": null, "tradfinliab": null, "fixedasseimpa": null, "fixedassenetw": 848594735.04, "fixedasseimmo": 1071843999.24, "equiinve": null, "paresharrigh": 3327402207.16, "currassetitse": null, "fdsborr": null, "expotaxrebarece": null, "totassetitse": null, "subsrece": null, "comasse": null, "tradfinasset": null, "actiundesecu": null, "noncasseitse": null, "intepaya": null, "prepexpe": null, "reportdate": "20160630", "otherfeepaya": null, "rightotitse": null, "derifinaasset": null, "dometicksett": null, "generiskrese": null, "dividrece": null, "interece": null, "rightotform": null, "treastk": 56472480.0, "undiprof": 1771275765.23, "avaisellasse": 27734000.0, "totliabform": null, "rightaggrform": null, "paidincapi": 730056750.0, "longliabitse": null, "accstacode": "2", "totliabitse": null, "longborr": null, "premrece": null, "noncasseform": null, "curtrandiff": null, "prep": 68620491.71, "defetaxasset": 66825388.45, "compcode": "80155181", "expecurrliab": null, "copewithreinrece": null, "divipaya": null, "notespaya": null, "currasseform": null, "margrequ": null, "totasset": 5693324243.86, "reincontrese": null, "totalnoncliab": 13530739.41, "notesrece": 670678618.51, "totliab": 2369222459.72, "duenoncliab": null, "holdinvedue": null, "accudepr": 223249264.2, "insucontrese": null, "deveexpe": null, "settresedepo": null, "defereve": null, "othernoncliabi": null, "lendandloan": null, "longdefeinco": 13530739.41, "publishdate": "20160727", "advapaym": 860087233.97, "margrece": null, "defeincotaxliab": null, "logprepexpe": 19953.14, "prodasse": null, "othercurrasse": 127819.53, "longrece": null, "accstaname": "\u65b0\u4f1a\u8ba1\u51c6\u5219", "reporttype": "100111", "deriliab": null, "plac": null, "sellrepasse": null, "inteticksett": null, "longpaya": null, "copeworkersal": 517812.5, "goodwill": null, "unseg": null, "actitradsecu": null, "otherpay": 604122809.13, "deposit": null, "fixedassenet": 848594735.04, "curfds": 2706108577.27}, {"unreinveloss": null, "specrese": null, "righaggritse": null, "righaggr": 3366572345.32, "otherlonginve": null, "topaycashdivi": null, "minysharrigh": -3295448.23, "rese": 243357500.0, "intelrece": null, "taxespaya": 94442100.82, "othernoncasse": 16501840.0, "tradshartrad": null, "totcurrasset": 4215391113.57, "otherrece": 16909929.11, "accrexpe": null, "expenoncliab": null, "fixedasseclea": null, "currliabitse": null, "consprog": null, "engimate": null, "copepoun": null, "longliabform": null, "bdspaya": null, "specpaya": null, "hydrasset": null, "adjustdate": "20160426", "totliabsharequi": 5251135876.68, "inveprop": 148535.54, "cenbankborr": null, "capisurp": 837759032.44, "currliabform": null, "intelpay": null, "shorttermborr": null, "shorttermbdspaya": null, "reinrece": null, "totalasseform": null, "sharrighitse": null, "accorece": 218308838.64, "totalnoncassets": 1035744763.11, "accopaya": 649723329.86, "othercurreliabi": null, "purcresaasset": null, "intaasset": 94581809.31, "inve": 775366657.56, "totalcurrliab": 1876479034.26, "sharrightform": null, "expinoncurrasset": null, "tradfinliab": null, "fixedasseimpa": null, "fixedassenetw": null, "fixedasseimmo": null, "equiinve": null, "paresharrigh": 3369867793.55, "currassetitse": null, "fdsborr": null, "expotaxrebarece": null, "totassetitse": null, "subsrece": null, "comasse": null, "tradfinasset": null, "actiundesecu": null, "noncasseitse": null, "intepaya": null, "prepexpe": null, "reportdate": "20160331", "otherfeepaya": null, "rightotitse": null, "derifinaasset": null, "dometicksett": null, "generiskrese": null, "dividrece": null, "interece": null, "rightotform": null, "treastk": 42978600.0, "undiprof": 1845014861.11, "avaisellasse": 27734000.0, "totliabform": null, "rightaggrform": null, "paidincapi": 486715000.0, "longliabitse": null, "accstacode": "2", "totliabitse": null, "longborr": null, "premrece": null, "noncasseform": null, "curtrandiff": null, "prep": 55057009.04, "defetaxasset": 33267203.32, "compcode": "80155181", "expecurrliab": null, "copewithreinrece": null, "divipaya": null, "notespaya": null, "currasseform": null, "margrequ": null, "totasset": 5251135876.68, "reincontrese": null, "totalnoncliab": 8084497.1, "notesrece": 685916396.39, "totliab": 1884563531.36, "duenoncliab": null, "holdinvedue": null, "accudepr": null, "insucontrese": null, "deveexpe": null, "settresedepo": null, "defereve": null, "othernoncliabi": null, "lendandloan": null, "longdefeinco": 8084497.1, "publishdate": "20160426", "advapaym": 756237417.28, "margrece": null, "defeincotaxliab": null, "logprepexpe": 29520.83, "prodasse": null, "othercurrasse": 985477.84, "longrece": null, "accstaname": "\u65b0\u4f1a\u8ba1\u51c6\u5219", "reporttype": "100111", "deriliab": null, "plac": null, "sellrepasse": null, "inteticksett": null, "longpaya": null, "copeworkersal": 494268.05, "goodwill": null, "unseg": null, "actitradsecu": null, "otherpay": 375581918.25, "deposit": null, "fixedassenet": 863481854.11, "curfds": 2462846804.99}, {"unreinveloss": null, "specrese": null, "righaggritse": null, "righaggr": 3166286485.8, "otherlonginve": null, "topaycashdivi": null, "minysharrigh": -3290719.9, "rese": 243037500.0, "intelrece": null, "taxespaya": 99110472.57, "othernoncasse": 11271210.0, "tradshartrad": null, "totcurrasset": 4010546065.67, "otherrece": 11191035.45, "accrexpe": null, "expenoncliab": null, "fixedasseclea": null, "currliabitse": null, "consprog": null, "engimate": null, "copepoun": null, "longliabform": null, "bdspaya": null, "specpaya": null, "hydrasset": null, "adjustdate": "20160408", "totliabsharequi": 5026642442.58, "inveprop": 148535.54, "cenbankborr": null, "capisurp": 819589799.72, "currliabform": null, "intelpay": null, "shorttermborr": null, "shorttermbdspaya": null, "reinrece": null, "totalasseform": null, "sharrighitse": null, "accorece": 320387661.89, "totalnoncassets": 1016096376.91, "accopaya": 964246727.78, "othercurreliabi": null, "purcresaasset": null, "intaasset": 96104597.77, "inve": 721573044.03, "totalcurrliab": 1851970792.99, "sharrightform": null, "expinoncurrasset": null, "tradfinliab": null, "fixedasseimpa": null, "fixedassenetw": 871990170.89, "fixedasseimmo": 1062623452.78, "equiinve": null, "paresharrigh": 3169577205.7, "currassetitse": null, "fdsborr": null, "expotaxrebarece": null, "totassetitse": null, "subsrece": null, "comasse": null, "tradfinasset": null, "actiundesecu": null, "noncasseitse": null, "intepaya": null, "prepexpe": null, "reportdate": "20151231", "otherfeepaya": null, "rightotitse": null, "derifinaasset": null, "dometicksett": null, "generiskrese": null, "dividrece": null, "interece": null, "rightotform": null, "treastk": 61398000.0, "undiprof": 1682272905.98, "avaisellasse": 27734000.0, "totliabform": null, "rightaggrform": null, "paidincapi": 486075000.0, "longliabitse": null, "accstacode": "2", "totliabitse": null, "longborr": null, "premrece": null, "noncasseform": null, "curtrandiff": null, "prep": 20355063.38, "defetaxasset": 8808774.19, "compcode": "80155181", "expecurrliab": null, "copewithreinrece": null, "divipaya": null, "notespaya": null, "currasseform": null, "margrequ": null, "totasset": 5026642442.58, "reincontrese": null, "totalnoncliab": 8385163.79, "notesrece": 613732767.01, "totliab": 1860355956.78, "duenoncliab": null, "holdinvedue": null, "accudepr": 190633281.89, "insucontrese": null, "deveexpe": null, "settresedepo": null, "defereve": null, "othernoncliabi": null, "lendandloan": null, "longdefeinco": 8385163.79, "publishdate": "20160408", "advapaym": 524551893.38, "margrece": null, "defeincotaxliab": null, "logprepexpe": 39088.52, "prodasse": null, "othercurrasse": 88001.85, "longrece": null, "accstaname": "\u65b0\u4f1a\u8ba1\u51c6\u5219", "reporttype": "100111", "deriliab": null, "plac": null, "sellrepasse": null, "inteticksett": null, "longpaya": null, "copeworkersal": 42872297.75, "goodwill": null, "unseg": null, "actitradsecu": null, "otherpay": 221189401.51, "deposit": null, "fixedassenet": 871990170.89, "curfds": 2323218492.06}, {"unreinveloss": null, "specrese": null, "righaggritse": null, "righaggr": 2879637531.7, "otherlonginve": null, "topaycashdivi": null, "minysharrigh": -3294609.2, "rese": 213047955.22, "intelrece": null, "taxespaya": 115056005.2, "othernoncasse": 31334900.0, "tradshartrad": null, "totcurrasset": 3708263350.24, "otherrece": 12881096.53, "accrexpe": null, "expenoncliab": null, "fixedasseclea": null, "currliabitse": null, "consprog": 300087456.81, "engimate": null, "copepoun": null, "longliabform": null, "bdspaya": null, "specpaya": null, "hydrasset": null, "adjustdate": "20151022", "totliabsharequi": 4553032266.01, "inveprop": 55381.84, "cenbankborr": null, "capisurp": 813901999.72, "currliabform": null, "intelpay": null, "shorttermborr": null, "shorttermbdspaya": null, "reinrece": null, "totalasseform": null, "sharrighitse": null, "accorece": 254269001.89, "totalnoncassets": 844768915.77, "accopaya": 489275719.69, "othercurreliabi": null, "purcresaasset": null, "intaasset": 92191130.96, "inve": 658844294.74, "totalcurrliab": 1663208903.83, "sharrightform": null, "expinoncurrasset": null, "tradfinliab": null, "fixedasseimpa": null, "fixedassenetw": null, "fixedasseimmo": null, "equiinve": 14700000.0, "paresharrigh": 2882932140.9, "currassetitse": null, "fdsborr": null, "expotaxrebarece": null, "totassetitse": null, "subsrece": null, "comasse": null, "tradfinasset": null, "actiundesecu": null, "noncasseitse": null, "intepaya": null, "prepexpe": null, "reportdate": "20150930", "otherfeepaya": null, "rightotitse": null, "derifinaasset": null, "dometicksett": null, "generiskrese": null, "dividrece": null, "interece": null, "rightotform": null, "treastk": null, "undiprof": 1369907185.96, "avaisellasse": null, "totliabform": null, "rightaggrform": null, "paidincapi": 486075000.0, "longliabitse": null, "accstacode": "2", "totliabitse": null, "longborr": null, "premrece": null, "noncasseform": null, "curtrandiff": null, "prep": 94956016.38, "defetaxasset": 57351406.09, "compcode": "80155181", "expecurrliab": null, "copewithreinrece": null, "divipaya": null, "notespaya": null, "currasseform": null, "margrequ": null, "totasset": 4553032266.01, "reincontrese": null, "totalnoncliab": 10185830.48, "notesrece": 659359978.31, "totliab": 1673394734.31, "duenoncliab": null, "holdinvedue": null, "accudepr": null, "insucontrese": null, "deveexpe": null, "settresedepo": null, "defereve": null, "othernoncliabi": null, "lendandloan": null, "longdefeinco": 10185830.48, "publishdate": "20151022", "advapaym": 569572244.95, "margrece": null, "defeincotaxliab": null, "logprepexpe": 70841.26, "prodasse": null, "othercurrasse": 400747.39, "longrece": null, "accstaname": "\u65b0\u4f1a\u8ba1\u51c6\u5219", "reporttype": "100111", "deriliab": null, "plac": null, "sellrepasse": null, "inteticksett": null, "longpaya": null, "copeworkersal": 628046.78, "goodwill": null, "unseg": null, "actitradsecu": null, "otherpay": 488676887.21, "deposit": null, "fixedassenet": 348977798.81, "curfds": 2027552215.0}, {"unreinveloss": null, "specrese": null, "righaggritse": null, "righaggr": 2692134333.19, "otherlonginve": null, "topaycashdivi": null, "minysharrigh": -3563922.7, "rese": 164141505.49, "intelrece": null, "taxespaya": 124556593.63, "othernoncasse": 49778688.54, "tradshartrad": null, "totcurrasset": 3389658315.67, "otherrece": 12888136.38, "accrexpe": null, "expenoncliab": null, "fixedasseclea": null, "currliabitse": null, "consprog": 253685703.62, "engimate": null, "copepoun": null, "longliabform": null, "bdspaya": null, "specpaya": null, "hydrasset": null, "adjustdate": "20150723", "totliabsharequi": 4151077837.36, "inveprop": 55381.84, "cenbankborr": null, "capisurp": 808214299.72, "currliabform": null, "intelpay": null, "shorttermborr": null, "shorttermbdspaya": null, "reinrece": null, "totalasseform": null, "sharrighitse": null, "accorece": 317403399.93, "totalnoncassets": 761419521.69, "accopaya": 467367656.32, "othercurreliabi": null, "purcresaasset": null, "intaasset": 91133839.42, "inve": 589121950.48, "totalcurrliab": 1449957007.0, "sharrightform": null, "expinoncurrasset": null, "tradfinliab": null, "fixedasseimpa": null, "fixedassenetw": 323535825.48, "fixedasseimmo": 491311251.32, "equiinve": null, "paresharrigh": 2695698255.89, "currassetitse": null, "fdsborr": null, "expotaxrebarece": null, "totassetitse": null, "subsrece": null, "comasse": null, "tradfinasset": null, "actiundesecu": null, "noncasseitse": null, "intepaya": null, "prepexpe": null, "reportdate": "20150630", "otherfeepaya": null, "rightotitse": null, "derifinaasset": null, "dometicksett": null, "generiskrese": null, "dividrece": null, "interece": null, "rightotform": null, "treastk": null, "undiprof": 1237267450.68, "avaisellasse": null, "totliabform": null, "rightaggrform": null, "paidincapi": 486075000.0, "longliabitse": null, "accstacode": "2", "totliabitse": null, "longborr": null, "premrece": null, "noncasseform": null, "curtrandiff": null, "prep": 93317999.34, "defetaxasset": 43127488.63, "compcode": "80155181", "expecurrliab": null, "copewithreinrece": null, "divipaya": null, "notespaya": null, "currasseform": null, "margrequ": null, "totasset": 4151077837.36, "reincontrese": null, "totalnoncliab": 8986497.17, "notesrece": 547864453.74, "totliab": 1458943504.17, "duenoncliab": null, "holdinvedue": null, "accudepr": 167775425.84, "insucontrese": null, "deveexpe": null, "settresedepo": null, "defereve": null, "othernoncliabi": null, "lendandloan": null, "longdefeinco": 8986497.17, "publishdate": "20150723", "advapaym": 466886504.69, "margrece": null, "defeincotaxliab": null, "logprepexpe": 102594.16, "prodasse": null, "othercurrasse": 621083.27, "longrece": null, "accstaname": "\u65b0\u4f1a\u8ba1\u51c6\u5219", "reporttype": "100111", "deriliab": null, "plac": null, "sellrepasse": null, "inteticksett": null, "longpaya": null, "copeworkersal": 3545805.84, "goodwill": null, "unseg": null, "actitradsecu": null, "otherpay": 387600446.52, "deposit": null, "fixedassenet": 323535825.48, "curfds": 1828441292.53}, {"unreinveloss": null, "specrese": null, "righaggritse": null, "righaggr": 2661480995.31, "otherlonginve": null, "topaycashdivi": null, "minysharrigh": -2563714.58, "rese": 164141505.49, "intelrece": null, "taxespaya": 85498379.06, "othernoncasse": 22505550.0, "tradshartrad": null, "totcurrasset": 3101014646.24, "otherrece": 14631800.76, "accrexpe": null, "expenoncliab": null, "fixedasseclea": null, "currliabitse": null, "consprog": 232095962.91, "engimate": null, "copepoun": null, "longliabform": null, "bdspaya": null, "specpaya": null, "hydrasset": null, "adjustdate": "20150424", "totliabsharequi": 3782093116.77, "inveprop": 57499.72, "cenbankborr": null, "capisurp": 964551599.72, "currliabform": null, "intelpay": null, "shorttermborr": null, "shorttermbdspaya": null, "reinrece": null, "totalasseform": null, "sharrighitse": null, "accorece": 223586567.6, "totalnoncassets": 681078470.53, "accopaya": 406610000.64, "othercurreliabi": 240164.2, "purcresaasset": null, "intaasset": 90909906.43, "inve": 573441799.87, "totalcurrliab": 1111324957.6, "sharrightform": null, "expinoncurrasset": 15920.0, "tradfinliab": null, "fixedasseimpa": null, "fixedassenetw": null, "fixedasseimmo": null, "equiinve": null, "paresharrigh": 2664044709.89, "currassetitse": null, "fdsborr": null, "expotaxrebarece": null, "totassetitse": null, "subsrece": null, "comasse": null, "tradfinasset": null, "actiundesecu": null, "noncasseitse": null, "intepaya": null, "prepexpe": null, "reportdate": "20150331", "otherfeepaya": null, "rightotitse": null, "derifinaasset": null, "dometicksett": null, "generiskrese": null, "dividrece": null, "interece": null, "rightotform": null, "treastk": null, "undiprof": 1211301604.68, "avaisellasse": null, "totliabform": null, "rightaggrform": null, "paidincapi": 324050000.0, "longliabitse": null, "accstacode": "2", "totliabitse": null, "longborr": null, "premrece": null, "noncasseform": null, "curtrandiff": null, "prep": 113262012.53, "defetaxasset": 25619559.77, "compcode": "80155181", "expecurrliab": null, "copewithreinrece": null, "divipaya": null, "notespaya": null, "currasseform": null, "margrequ": null, "totasset": 3782093116.77, "reincontrese": null, "totalnoncliab": 9287163.86, "notesrece": 583711232.32, "totliab": 1120612121.46, "duenoncliab": null, "holdinvedue": null, "accudepr": null, "insucontrese": null, "deveexpe": null, "settresedepo": null, "defereve": null, "othernoncliabi": null, "lendandloan": null, "longdefeinco": 9287163.86, "publishdate": "20150424", "advapaym": 372268320.8, "margrece": null, "defeincotaxliab": null, "logprepexpe": 143097.07, "prodasse": null, "othercurrasse": 438718.51, "longrece": null, "accstaname": "\u65b0\u4f1a\u8ba1\u51c6\u5219", "reporttype": "100111", "deriliab": null, "plac": null, "sellrepasse": null, "inteticksett": null, "longpaya": null, "copeworkersal": 1591322.47, "goodwill": null, "unseg": null, "actitradsecu": null, "otherpay": 245116770.43, "deposit": null, "fixedassenet": 309746894.63, "curfds": 1591926594.65}, {"unreinveloss": null, "specrese": null, "righaggritse": null, "righaggr": 2481402111.95, "otherlonginve": null, "topaycashdivi": null, "minysharrigh": -749806.34, "rese": 164141505.49, "intelrece": null, "taxespaya": 78012026.25, "othernoncasse": 15456200.0, "tradshartrad": null, "totcurrasset": 2998341615.18, "otherrece": 10965572.94, "accrexpe": null, "expenoncliab": null, "fixedasseclea": null, "currliabitse": null, "consprog": 198176770.24, "engimate": null, "copepoun": null, "longliabform": null, "bdspaya": null, "specpaya": null, "hydrasset": null, "adjustdate": "20150410", "totliabsharequi": 3625832528.3, "inveprop": 57499.72, "cenbankborr": null, "capisurp": 905307699.72, "currliabform": null, "intelpay": null, "shorttermborr": null, "shorttermbdspaya": null, "reinrece": null, "totalasseform": null, "sharrighitse": null, "accorece": 304050823.06, "totalnoncassets": 627490913.12, "accopaya": 601150823.79, "othercurreliabi": null, "purcresaasset": null, "intaasset": 91101072.55, "inve": 553742421.12, "totalcurrliab": 1134842585.8, "sharrightform": null, "expinoncurrasset": null, "tradfinliab": null, "fixedasseimpa": null, "fixedassenetw": 316723899.97, "fixedasseimmo": 467711552.34, "equiinve": null, "paresharrigh": 2482151918.29, "currassetitse": null, "fdsborr": null, "expotaxrebarece": null, "totassetitse": null, "subsrece": null, "comasse": null, "tradfinasset": null, "actiundesecu": null, "noncasseitse": null, "intepaya": null, "prepexpe": null, "reportdate": "20141231", "otherfeepaya": null, "rightotitse": null, "derifinaasset": null, "dometicksett": null, "generiskrese": null, "dividrece": null, "interece": null, "rightotform": null, "treastk": null, "undiprof": 1092702713.08, "avaisellasse": null, "totliabform": null, "rightaggrform": null, "paidincapi": 320000000.0, "longliabitse": null, "accstacode": "2", "totliabitse": null, "longborr": null, "premrece": null, "noncasseform": null, "curtrandiff": null, "prep": 38815332.7, "defetaxasset": 5567435.17, "compcode": "80155181", "expecurrliab": null, "copewithreinrece": null, "divipaya": null, "notespaya": null, "currasseform": null, "margrequ": null, "totasset": 3625832528.3, "reincontrese": null, "totalnoncliab": 9587830.55, "notesrece": 482586656.74, "totliab": 1144430416.35, "duenoncliab": null, "holdinvedue": null, "accudepr": 150987652.37, "insucontrese": null, "deveexpe": null, "settresedepo": null, "defereve": null, "othernoncliabi": null, "lendandloan": null, "longdefeinco": 9587830.55, "publishdate": "20150410", "advapaym": 312379242.33, "margrece": null, "defeincotaxliab": null, "logprepexpe": 408035.47, "prodasse": null, "othercurrasse": 901142.39, "longrece": null, "accstaname": "\u65b0\u4f1a\u8ba1\u51c6\u5219", "reporttype": "100111", "deriliab": null, "plac": null, "sellrepasse": null, "inteticksett": null, "longpaya": null, "copeworkersal": 35012273.06, "goodwill": null, "unseg": null, "actitradsecu": null, "otherpay": 108288220.37, "deposit": null, "fixedassenet": 316723899.97, "curfds": 1607279666.23}, {"unreinveloss": null, "specrese": null, "righaggritse": null, "righaggr": 2254530761.6, "otherlonginve": null, "topaycashdivi": null, "minysharrigh": 844746.78, "rese": 143715260.92, "intelrece": null, "taxespaya": 88017989.63, "othernoncasse": 7380950.0, "tradshartrad": null, "totcurrasset": 2903088609.28, "otherrece": 11176292.47, "accrexpe": null, "expenoncliab": null, "fixedasseclea": null, "currliabitse": null, "consprog": 138418761.48, "engimate": null, "copepoun": null, "longliabform": null, "bdspaya": null, "specpaya": null, "hydrasset": null, "adjustdate": "20141024", "totliabsharequi": 3499372594.27, "inveprop": 59617.65, "cenbankborr": null, "capisurp": 905307699.72, "currliabform": null, "intelpay": null, "shorttermborr": 2000000.0, "shorttermbdspaya": null, "reinrece": null, "totalasseform": null, "sharrighitse": null, "accorece": 233389982.37, "totalnoncassets": 596283984.99, "accopaya": 412645740.53, "othercurreliabi": null, "purcresaasset": null, "intaasset": 90612621.44, "inve": 521890009.95, "totalcurrliab": 1234949730.56, "sharrightform": null, "expinoncurrasset": null, "tradfinliab": null, "fixedasseimpa": null, "fixedassenetw": null, "fixedasseimmo": null, "equiinve": null, "paresharrigh": 2253686014.82, "currassetitse": null, "fdsborr": null, "expotaxrebarece": null, "totassetitse": null, "subsrece": null, "comasse": null, "tradfinasset": null, "actiundesecu": null, "noncasseitse": null, "intepaya": null, "prepexpe": null, "reportdate": "20140930", "otherfeepaya": null, "rightotitse": null, "derifinaasset": null, "dometicksett": null, "generiskrese": null, "dividrece": null, "interece": null, "rightotform": null, "treastk": null, "undiprof": 884663054.18, "avaisellasse": null, "totliabform": null, "rightaggrform": null, "paidincapi": 320000000.0, "longliabitse": null, "accstacode": "2", "totliabitse": null, "longborr": null, "premrece": null, "noncasseform": null, "curtrandiff": null, "prep": 60572182.5, "defetaxasset": 40296303.91, "compcode": "80155181", "expecurrliab": null, "copewithreinrece": null, "divipaya": null, "notespaya": null, "currasseform": null, "margrequ": null, "totasset": 3499372594.27, "reincontrese": null, "totalnoncliab": 9892102.11, "notesrece": 559200632.6, "totliab": 1244841832.67, "duenoncliab": null, "holdinvedue": null, "accudepr": null, "insucontrese": null, "deveexpe": null, "settresedepo": null, "defereve": null, "othernoncliabi": 9892102.11, "lendandloan": null, "longdefeinco": null, "publishdate": "20141024", "advapaym": 379492555.79, "margrece": null, "defeincotaxliab": null, "logprepexpe": 611223.84, "prodasse": null, "othercurrasse": 44109.88, "longrece": null, "accstaname": "\u65b0\u4f1a\u8ba1\u51c6\u5219", "reporttype": "100111", "deriliab": null, "plac": null, "sellrepasse": null, "inteticksett": null, "longpaya": null, "copeworkersal": 384170.44, "goodwill": null, "unseg": null, "actitradsecu": null, "otherpay": 352409274.17, "deposit": null, "fixedassenet": 318904506.67, "curfds": 1516815399.51}, {"unreinveloss": null, "specrese": null, "righaggritse": null, "righaggr": 2127585952.76, "otherlonginve": null, "topaycashdivi": null, "minysharrigh": 2288802.68, "rese": 130567625.06, "intelrece": null, "taxespaya": 101929873.25, "othernoncasse": 4126400.0, "tradshartrad": null, "totcurrasset": 2768248333.76, "otherrece": 9919935.88, "accrexpe": null, "expenoncliab": null, "fixedasseclea": null, "currliabitse": null, "consprog": 69822696.78, "engimate": null, "copepoun": null, "longliabform": null, "bdspaya": null, "specpaya": null, "hydrasset": null, "adjustdate": "20140725", "totliabsharequi": 3297630919.79, "inveprop": 59617.65, "cenbankborr": null, "capisurp": 905307699.72, "currliabform": null, "intelpay": null, "shorttermborr": null, "shorttermbdspaya": null, "reinrece": null, "totalasseform": null, "sharrighitse": null, "accorece": 248416597.9, "totalnoncassets": 529382586.03, "accopaya": 363392588.98, "othercurreliabi": null, "purcresaasset": null, "intaasset": 91709306.78, "inve": 457733172.65, "totalcurrliab": 1159854620.55, "sharrightform": null, "expinoncurrasset": null, "tradfinliab": null, "fixedasseimpa": null, "fixedassenetw": 324908127.37, "fixedasseimmo": 459894918.16, "equiinve": null, "paresharrigh": 2125297150.08, "currassetitse": null, "fdsborr": null, "expotaxrebarece": null, "totassetitse": null, "subsrece": null, "comasse": null, "tradfinasset": null, "actiundesecu": null, "noncasseitse": null, "intepaya": null, "prepexpe": null, "reportdate": "20140630", "otherfeepaya": null, "rightotitse": null, "derifinaasset": null, "dometicksett": null, "generiskrese": null, "dividrece": null, "interece": null, "rightotform": null, "treastk": null, "undiprof": 769421825.3, "avaisellasse": null, "totliabform": null, "rightaggrform": null, "paidincapi": 320000000.0, "longliabitse": null, "accstacode": "2", "totliabitse": null, "longborr": null, "premrece": null, "noncasseform": null, "curtrandiff": null, "prep": 47869429.28, "defetaxasset": 37872025.24, "compcode": "80155181", "expecurrliab": null, "copewithreinrece": null, "divipaya": null, "notespaya": null, "currasseform": null, "margrequ": null, "totasset": 3297630919.79, "reincontrese": null, "totalnoncliab": 10190346.48, "notesrece": 512112940.9, "totliab": 1170044967.03, "duenoncliab": null, "holdinvedue": null, "accudepr": 134986790.79, "insucontrese": null, "deveexpe": null, "settresedepo": null, "defereve": null, "othernoncliabi": 10190346.48, "lendandloan": null, "longdefeinco": null, "publishdate": "20140725", "advapaym": 363194624.95, "margrece": null, "defeincotaxliab": null, "logprepexpe": 884412.21, "prodasse": null, "othercurrasse": 485608.54, "longrece": null, "accstaname": "\u65b0\u4f1a\u8ba1\u51c6\u5219", "reporttype": "100111", "deriliab": null, "plac": null, "sellrepasse": null, "inteticksett": null, "longpaya": null, "copeworkersal": 4116383.5, "goodwill": null, "unseg": null, "actitradsecu": null, "otherpay": 327221149.87, "deposit": null, "fixedassenet": 324908127.37, "curfds": 1491710648.61}, {"unreinveloss": null, "specrese": null, "righaggritse": null, "righaggr": 2124974802.92, "otherlonginve": null, "topaycashdivi": null, "minysharrigh": 3956597.53, "rese": 117379979.44, "intelrece": null, "taxespaya": 59024153.72, "othernoncasse": 2149950.0, "tradshartrad": null, "totcurrasset": 2490357949.12, "otherrece": 8674531.78, "accrexpe": null, "expenoncliab": null, "fixedasseclea": null, "currliabitse": null, "consprog": 39975955.57, "engimate": null, "copepoun": null, "longliabform": null, "bdspaya": null, "specpaya": null, "hydrasset": null, "adjustdate": "20140425", "totliabsharequi": 2974010711.83, "inveprop": 61735.53, "cenbankborr": null, "capisurp": 969307699.72, "currliabform": null, "intelpay": null, "shorttermborr": null, "shorttermbdspaya": null, "reinrece": null, "totalasseform": null, "sharrighitse": null, "accorece": 162531657.83, "totalnoncassets": 483652762.71, "accopaya": 307209436.58, "othercurreliabi": null, "purcresaasset": null, "intaasset": 91704119.3, "inve": 468581911.69, "totalcurrliab": 843627070.88, "sharrightform": null, "expinoncurrasset": 15920.0, "tradfinliab": null, "fixedasseimpa": null, "fixedassenetw": null, "fixedasseimmo": null, "equiinve": null, "paresharrigh": 2121018205.39, "currassetitse": null, "fdsborr": null, "expotaxrebarece": null, "totassetitse": null, "subsrece": null, "comasse": null, "tradfinasset": null, "actiundesecu": null, "noncasseitse": null, "intepaya": null, "prepexpe": null, "reportdate": "20140331", "otherfeepaya": null, "rightotitse": null, "derifinaasset": null, "dometicksett": null, "generiskrese": null, "dividrece": null, "interece": null, "rightotform": null, "treastk": null, "undiprof": 778330526.23, "avaisellasse": null, "totliabform": null, "rightaggrform": null, "paidincapi": 256000000.0, "longliabitse": null, "accstacode": "2", "totliabitse": null, "longborr": null, "premrece": null, "noncasseform": null, "curtrandiff": null, "prep": 42739157.91, "defetaxasset": 19030569.78, "compcode": "80155181", "expecurrliab": null, "copewithreinrece": null, "divipaya": null, "notespaya": null, "currasseform": null, "margrequ": null, "totasset": 2974010711.83, "reincontrese": null, "totalnoncliab": 5408838.03, "notesrece": 473703359.9, "totliab": 849035908.91, "duenoncliab": 138467.59, "holdinvedue": null, "accudepr": null, "insucontrese": null, "deveexpe": null, "settresedepo": null, "defereve": null, "othernoncliabi": 5408838.03, "lendandloan": null, "longdefeinco": null, "publishdate": "20140425", "advapaym": 276210142.34, "margrece": null, "defeincotaxliab": null, "logprepexpe": 1157600.58, "prodasse": null, "othercurrasse": 671587.93, "longrece": null, "accstaname": "\u65b0\u4f1a\u8ba1\u51c6\u5219", "reporttype": "100111", "deriliab": null, "plac": null, "sellrepasse": null, "inteticksett": null, "longpaya": null, "copeworkersal": 593298.92, "goodwill": null, "unseg": null, "actitradsecu": null, "otherpay": 200451571.73, "deposit": null, "fixedassenet": 329572831.95, "curfds": 1333439822.08}, {"unreinveloss": null, "specrese": null, "righaggritse": null, "righaggr": 2041708894.63, "otherlonginve": null, "topaycashdivi": null, "minysharrigh": 5958830.0, "rese": 108815361.73, "intelrece": null, "taxespaya": 45505518.96, "othernoncasse": 1676110.0, "tradshartrad": null, "totcurrasset": 2340457699.03, "otherrece": 7418399.08, "accrexpe": null, "expenoncliab": null, "fixedasseclea": null, "currliabitse": null, "consprog": 31772681.99, "engimate": null, "copepoun": null, "longliabform": null, "bdspaya": null, "specpaya": null, "hydrasset": null, "adjustdate": "20140410", "totliabsharequi": 2802787782.4, "inveprop": 61735.53, "cenbankborr": null, "capisurp": 969307699.72, "currliabform": null, "intelpay": null, "shorttermborr": null, "shorttermbdspaya": null, "reinrece": null, "totalasseform": null, "sharrighitse": null, "accorece": 210099670.43, "totalnoncassets": 462330083.37, "accopaya": 406334255.13, "othercurreliabi": null, "purcresaasset": null, "intaasset": 92661078.14, "inve": 448942259.54, "totalcurrliab": 761078887.77, "sharrightform": null, "expinoncurrasset": null, "tradfinliab": null, "fixedasseimpa": null, "fixedassenetw": 332145782.32, "fixedasseimmo": 451972418.2, "equiinve": null, "paresharrigh": 2035750064.63, "currassetitse": null, "fdsborr": null, "expotaxrebarece": null, "totassetitse": null, "subsrece": null, "comasse": null, "tradfinasset": null, "actiundesecu": null, "noncasseitse": null, "intepaya": null, "prepexpe": null, "reportdate": "20131231", "otherfeepaya": null, "rightotitse": null, "derifinaasset": null, "dometicksett": null, "generiskrese": null, "dividrece": null, "interece": null, "rightotform": null, "treastk": null, "undiprof": 701627003.18, "avaisellasse": null, "totliabform": null, "rightaggrform": null, "paidincapi": 256000000.0, "longliabitse": null, "accstacode": "2", "totliabitse": null, "longborr": null, "premrece": null, "noncasseform": null, "curtrandiff": null, "prep": 13589167.19, "defetaxasset": 2581906.48, "compcode": "80155181", "expecurrliab": null, "copewithreinrece": null, "divipaya": null, "notespaya": null, "currasseform": null, "margrequ": null, "totasset": 2802787782.4, "reincontrese": null, "totalnoncliab": 0.0, "notesrece": 378030459.79, "totliab": 761078887.77, "duenoncliab": null, "holdinvedue": null, "accudepr": 119826635.88, "insucontrese": null, "deveexpe": null, "settresedepo": null, "defereve": null, "othernoncliabi": null, "lendandloan": null, "longdefeinco": null, "publishdate": "20140410", "advapaym": 222759872.61, "margrece": null, "defeincotaxliab": null, "logprepexpe": 1430788.91, "prodasse": null, "othercurrasse": 2057942.28, "longrece": null, "accstaname": "\u65b0\u4f1a\u8ba1\u51c6\u5219", "reporttype": "100111", "deriliab": null, "plac": null, "sellrepasse": null, "inteticksett": null, "longpaya": null, "copeworkersal": 19450648.86, "goodwill": null, "unseg": null, "actitradsecu": null, "otherpay": 67028592.21, "deposit": null, "fixedassenet": 332145782.32, "curfds": 1280319800.72}, {"unreinveloss": null, "specrese": null, "righaggritse": null, "righaggr": 1892898971.84, "otherlonginve": null, "topaycashdivi": null, "minysharrigh": 7826220.96, "rese": 93795984.06, "intelrece": null, "taxespaya": 60419295.38, "othernoncasse": null, "tradshartrad": null, "totcurrasset": 2262427595.6, "otherrece": 9543871.2, "accrexpe": null, "expenoncliab": null, "fixedasseclea": null, "currliabitse": null, "consprog": 7000000.0, "engimate": null, "copepoun": null, "longliabform": null, "bdspaya": null, "specpaya": null, "hydrasset": null, "adjustdate": "20131025", "totliabsharequi": 2719907632.99, "inveprop": 28357.58, "cenbankborr": null, "capisurp": 969307699.72, "currliabform": null, "intelpay": null, "shorttermborr": null, "shorttermbdspaya": null, "reinrece": null, "totalasseform": null, "sharrighitse": null, "accorece": 163625717.07, "totalnoncassets": 457480037.39, "accopaya": 332939090.33, "othercurreliabi": null, "purcresaasset": null, "intaasset": 92442492.96, "inve": 427510804.84, "totalcurrliab": 827008661.15, "sharrightform": null, "expinoncurrasset": null, "tradfinliab": null, "fixedasseimpa": null, "fixedassenetw": null, "fixedasseimmo": null, "equiinve": null, "paresharrigh": 1885072750.88, "currassetitse": null, "fdsborr": null, "expotaxrebarece": null, "totassetitse": null, "subsrece": null, "comasse": null, "tradfinasset": null, "actiundesecu": null, "noncasseitse": null, "intepaya": null, "prepexpe": null, "reportdate": "20130930", "otherfeepaya": null, "rightotitse": null, "derifinaasset": null, "dometicksett": null, "generiskrese": null, "dividrece": null, "interece": null, "rightotform": null, "treastk": null, "undiprof": 565969067.1, "avaisellasse": null, "totliabform": null, "rightaggrform": null, "paidincapi": 256000000.0, "longliabitse": null, "accstacode": "2", "totliabitse": null, "longborr": null, "premrece": null, "noncasseform": null, "curtrandiff": null, "prep": 27000496.29, "defetaxasset": 22224784.36, "compcode": "80155181", "expecurrliab": null, "copewithreinrece": null, "divipaya": null, "notespaya": null, "currasseform": null, "margrequ": null, "totasset": 2719907632.99, "reincontrese": null, "totalnoncliab": 0.0, "notesrece": 378781612.02, "totliab": 827008661.15, "duenoncliab": 715220.18, "holdinvedue": null, "accudepr": null, "insucontrese": null, "deveexpe": null, "settresedepo": null, "defereve": null, "othernoncliabi": null, "lendandloan": null, "longdefeinco": null, "publishdate": "20131025", "advapaym": 226802843.36, "margrece": null, "defeincotaxliab": null, "logprepexpe": 1702341.9, "prodasse": null, "othercurrasse": null, "longrece": null, "accstaname": "\u65b0\u4f1a\u8ba1\u51c6\u5219", "reporttype": "100111", "deriliab": null, "plac": null, "sellrepasse": null, "inteticksett": null, "longpaya": null, "copeworkersal": 3190418.09, "goodwill": null, "unseg": null, "actitradsecu": null, "otherpay": 202941793.81, "deposit": null, "fixedassenet": 334082060.59, "curfds": 1255965094.18}, {"unreinveloss": null, "specrese": null, "righaggritse": null, "righaggr": 1804391218.49, "otherlonginve": null, "topaycashdivi": null, "minysharrigh": 9733537.03, "rese": 85031841.19, "intelrece": null, "taxespaya": 58514133.04, "othernoncasse": null, "tradshartrad": null, "totcurrasset": 2083752416.35, "otherrece": 8181886.65, "accrexpe": null, "expenoncliab": null, "fixedasseclea": null, "currliabitse": null, "consprog": 1500000.0, "engimate": null, "copepoun": null, "longliabform": null, "bdspaya": null, "specpaya": null, "hydrasset": null, "adjustdate": "20130726", "totliabsharequi": 2533974201.69, "inveprop": 28357.58, "cenbankborr": null, "capisurp": 969307699.72, "currliabform": null, "intelpay": null, "shorttermborr": null, "shorttermbdspaya": null, "reinrece": null, "totalasseform": null, "sharrighitse": null, "accorece": 162720253.25, "totalnoncassets": 450221785.34, "accopaya": 288421635.09, "othercurreliabi": null, "purcresaasset": null, "intaasset": 92358094.41, "inve": 343571198.61, "totalcurrliab": 729582983.2, "sharrightform": null, "expinoncurrasset": null, "tradfinliab": null, "fixedasseimpa": null, "fixedassenetw": 337652526.44, "fixedasseimmo": 447121826.8, "equiinve": null, "paresharrigh": 1794657681.46, "currassetitse": null, "fdsborr": null, "expotaxrebarece": null, "totassetitse": null, "subsrece": null, "comasse": null, "tradfinasset": null, "actiundesecu": null, "noncasseitse": null, "intepaya": null, "prepexpe": null, "reportdate": "20130630", "otherfeepaya": null, "rightotitse": null, "derifinaasset": null, "dometicksett": null, "generiskrese": null, "dividrece": null, "interece": null, "rightotform": null, "treastk": null, "undiprof": 484318140.55, "avaisellasse": null, "totliabform": null, "rightaggrform": null, "paidincapi": 256000000.0, "longliabitse": null, "accstacode": "2", "totliabitse": null, "longborr": null, "premrece": null, "noncasseform": null, "curtrandiff": null, "prep": 32008466.42, "defetaxasset": 16707004.06, "compcode": "80155181", "expecurrliab": null, "copewithreinrece": null, "divipaya": null, "notespaya": null, "currasseform": null, "margrequ": null, "totasset": 2533974201.69, "reincontrese": null, "totalnoncliab": 0.0, "notesrece": 289754086.53, "totliab": 729582983.2, "duenoncliab": null, "holdinvedue": null, "accudepr": 109469300.36, "insucontrese": null, "deveexpe": null, "settresedepo": null, "defereve": null, "othernoncliabi": null, "lendandloan": null, "longdefeinco": null, "publishdate": "20130726", "advapaym": 209291248.06, "margrece": null, "defeincotaxliab": null, "logprepexpe": 1975802.85, "prodasse": null, "othercurrasse": null, "longrece": null, "accstaname": "\u65b0\u4f1a\u8ba1\u51c6\u5219", "reporttype": "100111", "deriliab": null, "plac": null, "sellrepasse": null, "inteticksett": null, "longpaya": null, "copeworkersal": 8453691.98, "goodwill": null, "unseg": null, "actitradsecu": null, "otherpay": 164902275.03, "deposit": null, "fixedassenet": 337652526.44, "curfds": 1247516524.89}, {"unreinveloss": null, "specrese": null, "righaggritse": null, "righaggr": 1795122173.71, "otherlonginve": null, "topaycashdivi": null, "minysharrigh": 11183753.94, "rese": 75989884.7, "intelrece": null, "taxespaya": 31044829.88, "othernoncasse": null, "tradshartrad": null, "totcurrasset": 1933678629.74, "otherrece": 8439967.36, "accrexpe": null, "expenoncliab": null, "fixedasseclea": 10679.86, "currliabitse": null, "consprog": null, "engimate": null, "copepoun": null, "longliabform": null, "bdspaya": null, "specpaya": null, "hydrasset": null, "adjustdate": "20130425", "totliabsharequi": 2332712518.74, "inveprop": 28357.58, "cenbankborr": null, "capisurp": 969307699.72, "currliabform": null, "intelpay": null, "shorttermborr": null, "shorttermbdspaya": null, "reinrece": null, "totalasseform": null, "sharrighitse": null, "accorece": 133651005.47, "totalnoncassets": 399033889.0, "accopaya": 219178977.82, "othercurreliabi": null, "purcresaasset": null, "intaasset": 40579495.58, "inve": 339914853.38, "totalcurrliab": 537590345.03, "sharrightform": null, "expinoncurrasset": 30000000.0, "tradfinliab": null, "fixedasseimpa": null, "fixedassenetw": null, "fixedasseimmo": null, "equiinve": null, "paresharrigh": 1783938419.77, "currassetitse": null, "fdsborr": null, "expotaxrebarece": null, "totassetitse": null, "subsrece": null, "comasse": null, "tradfinasset": null, "actiundesecu": null, "noncasseitse": null, "intepaya": null, "prepexpe": null, "reportdate": "20130331", "otherfeepaya": null, "rightotitse": null, "derifinaasset": null, "dometicksett": null, "generiskrese": null, "dividrece": null, "interece": null, "rightotform": null, "treastk": null, "undiprof": 482640835.35, "avaisellasse": null, "totliabform": null, "rightaggrform": null, "paidincapi": 256000000.0, "longliabitse": null, "accstacode": "2", "totliabitse": null, "longborr": null, "premrece": null, "noncasseform": null, "curtrandiff": null, "prep": 24741400.45, "defetaxasset": 8071262.4, "compcode": "80155181", "expecurrliab": null, "copewithreinrece": null, "divipaya": null, "notespaya": null, "currasseform": null, "margrequ": null, "totasset": 2332712518.74, "reincontrese": null, "totalnoncliab": 0.0, "notesrece": 277396704.86, "totliab": 537590345.03, "duenoncliab": null, "holdinvedue": null, "accudepr": null, "insucontrese": null, "deveexpe": null, "settresedepo": null, "defereve": null, "othernoncliabi": null, "lendandloan": null, "longdefeinco": null, "publishdate": "20130425", "advapaym": 176218605.23, "margrece": null, "defeincotaxliab": null, "logprepexpe": 2259408.87, "prodasse": null, "othercurrasse": null, "longrece": null, "accstaname": "\u65b0\u4f1a\u8ba1\u51c6\u5219", "reporttype": "100111", "deriliab": null, "plac": null, "sellrepasse": null, "inteticksett": null, "longpaya": null, "copeworkersal": 2887516.66, "goodwill": null, "unseg": null, "actitradsecu": null, "otherpay": 108260415.44, "deposit": null, "fixedassenet": 348084684.71, "curfds": 1119534698.22}, {"unreinveloss": null, "specrese": null, "righaggritse": null, "righaggr": 1740861296.44, "otherlonginve": null, "topaycashdivi": null, "minysharrigh": 13943579.78, "rese": 70023048.94, "intelrece": null, "taxespaya": 31500466.6, "othernoncasse": null, "tradshartrad": null, "totcurrasset": 1940072501.1, "otherrece": 7132800.28, "accrexpe": null, "expenoncliab": null, "fixedasseclea": 45003.6, "currliabitse": null, "consprog": null, "engimate": null, "copepoun": null, "longliabform": null, "bdspaya": null, "specpaya": null, "hydrasset": null, "adjustdate": "20130410", "totliabsharequi": 2332277904.24, "inveprop": 28357.58, "cenbankborr": null, "capisurp": 969307699.72, "currliabform": null, "intelpay": null, "shorttermborr": null, "shorttermbdspaya": null, "reinrece": null, "totalasseform": null, "sharrighitse": null, "accorece": 141346249.01, "totalnoncassets": 392205403.14, "accopaya": 297921272.61, "othercurreliabi": null, "purcresaasset": null, "intaasset": 39682564.46, "inve": 315876842.91, "totalcurrliab": 591416607.8, "sharrightform": null, "expinoncurrasset": 30000000.0, "tradfinliab": null, "fixedasseimpa": null, "fixedassenetw": 346870484.09, "fixedasseimmo": 442037023.08, "equiinve": 1093739.24, "paresharrigh": 1726917716.66, "currassetitse": null, "fdsborr": null, "expotaxrebarece": null, "totassetitse": null, "subsrece": null, "comasse": null, "tradfinasset": null, "actiundesecu": null, "noncasseitse": null, "intepaya": null, "prepexpe": null, "reportdate": "20121231", "otherfeepaya": null, "rightotitse": null, "derifinaasset": null, "dometicksett": null, "generiskrese": null, "dividrece": null, "interece": null, "rightotform": null, "treastk": null, "undiprof": 431586968.0, "avaisellasse": null, "totliabform": null, "rightaggrform": null, "paidincapi": 256000000.0, "longliabitse": null, "accstacode": "2", "totliabitse": null, "longborr": null, "premrece": null, "noncasseform": null, "curtrandiff": null, "prep": 10724055.4, "defetaxasset": 1975612.42, "compcode": "80155181", "expecurrliab": null, "copewithreinrece": null, "divipaya": null, "notespaya": null, "currasseform": null, "margrequ": null, "totasset": 2332277904.24, "reincontrese": null, "totalnoncliab": 0.0, "notesrece": 315180522.91, "totliab": 591416607.8, "duenoncliab": null, "holdinvedue": null, "accudepr": 95166538.99, "insucontrese": null, "deveexpe": null, "settresedepo": null, "defereve": null, "othernoncliabi": null, "lendandloan": null, "longdefeinco": null, "publishdate": "20130410", "advapaym": 184707799.7, "margrece": null, "defeincotaxliab": null, "logprepexpe": 2509641.75, "prodasse": null, "othercurrasse": 52103.86, "longrece": null, "accstaname": "\u65b0\u4f1a\u8ba1\u51c6\u5219", "reporttype": "100111", "deriliab": null, "plac": null, "sellrepasse": null, "inteticksett": null, "longpaya": null, "copeworkersal": 18490098.2, "goodwill": null, "unseg": null, "actitradsecu": null, "otherpay": 58796970.69, "deposit": null, "fixedassenet": 346870484.09, "curfds": 1119759926.73}, {"unreinveloss": null, "specrese": null, "righaggritse": null, "righaggr": 1619901918.44, "otherlonginve": null, "topaycashdivi": null, "minysharrigh": -953249.27, "rese": 59716476.79, "intelrece": null, "taxespaya": 40556171.1, "othernoncasse": null, "tradshartrad": null, "totcurrasset": 1839836556.65, "otherrece": 13504700.66, "accrexpe": null, "expenoncliab": null, "fixedasseclea": null, "currliabitse": null, "consprog": 175513443.33, "engimate": null, "copepoun": null, "longliabform": null, "bdspaya": null, "specpaya": null, "hydrasset": null, "adjustdate": "20121026", "totliabsharequi": 2224889489.67, "inveprop": 30733.12, "cenbankborr": null, "capisurp": 969262716.37, "currliabform": null, "intelpay": null, "shorttermborr": null, "shorttermbdspaya": null, "reinrece": null, "totalasseform": null, "sharrighitse": null, "accorece": 165161614.65, "totalnoncassets": 385052933.02, "accopaya": 239779180.51, "othercurreliabi": null, "purcresaasset": null, "intaasset": 38795434.32, "inve": 307672760.57, "totalcurrliab": 604987571.23, "sharrightform": null, "expinoncurrasset": null, "tradfinliab": null, "fixedasseimpa": null, "fixedassenetw": null, "fixedasseimmo": null, "equiinve": 1046008.71, "paresharrigh": 1620855167.71, "currassetitse": null, "fdsborr": null, "expotaxrebarece": null, "totassetitse": null, "subsrece": null, "comasse": null, "tradfinasset": null, "actiundesecu": null, "noncasseitse": null, "intepaya": null, "prepexpe": null, "reportdate": "20120930", "otherfeepaya": null, "rightotitse": null, "derifinaasset": null, "dometicksett": null, "generiskrese": null, "dividrece": null, "interece": null, "rightotform": null, "treastk": null, "undiprof": 335875974.55, "avaisellasse": null, "totliabform": null, "rightaggrform": null, "paidincapi": 256000000.0, "longliabitse": null, "accstacode": "2", "totliabitse": null, "longborr": null, "premrece": null, "noncasseform": null, "curtrandiff": null, "prep": 19748409.29, "defetaxasset": 13633325.26, "compcode": "80155181", "expecurrliab": null, "copewithreinrece": null, "divipaya": null, "notespaya": null, "currasseform": null, "margrequ": null, "totasset": 2224889489.67, "reincontrese": null, "totalnoncliab": 0.0, "notesrece": 205365656.75, "totliab": 604987571.23, "duenoncliab": null, "holdinvedue": null, "accudepr": null, "insucontrese": null, "deveexpe": null, "settresedepo": null, "defereve": null, "othernoncliabi": null, "lendandloan": null, "longdefeinco": null, "publishdate": "20121026", "advapaym": 188794865.24, "margrece": null, "defeincotaxliab": null, "logprepexpe": 295907.57, "prodasse": null, "othercurrasse": null, "longrece": null, "accstaname": "\u65b0\u4f1a\u8ba1\u51c6\u5219", "reporttype": "100111", "deriliab": null, "plac": null, "sellrepasse": null, "inteticksett": null, "longpaya": null, "copeworkersal": 1403453.07, "goodwill": null, "unseg": null, "actitradsecu": null, "otherpay": 134453901.31, "deposit": null, "fixedassenet": 155738080.71, "curfds": 1128383414.73}, {"unreinveloss": null, "specrese": null, "righaggritse": null, "righaggr": 1565325831.09, "otherlonginve": null, "topaycashdivi": null, "minysharrigh": null, "rese": 53670300.83, "intelrece": null, "taxespaya": 44729672.94, "othernoncasse": null, "tradshartrad": null, "totcurrasset": 1745933409.02, "otherrece": 10611241.0, "accrexpe": null, "expenoncliab": null, "fixedasseclea": null, "currliabitse": null, "consprog": 162362230.17, "engimate": null, "copepoun": null, "longliabform": null, "bdspaya": null, "specpaya": null, "hydrasset": null, "adjustdate": "20120727", "totliabsharequi": 2106615361.18, "inveprop": 30733.12, "cenbankborr": null, "capisurp": 969262716.37, "currliabform": null, "intelpay": null, "shorttermborr": null, "shorttermbdspaya": null, "reinrece": null, "totalasseform": null, "sharrighitse": null, "accorece": 162840500.7, "totalnoncassets": 360681952.16, "accopaya": 215398562.54, "othercurreliabi": null, "purcresaasset": null, "intaasset": 38671576.09, "inve": 286201342.51, "totalcurrliab": 541289530.09, "sharrightform": null, "expinoncurrasset": null, "tradfinliab": null, "fixedasseimpa": null, "fixedassenetw": 144005484.18, "fixedasseimmo": 225330641.28, "equiinve": 1027831.15, "paresharrigh": 1565325831.09, "currassetitse": null, "fdsborr": null, "expotaxrebarece": null, "totassetitse": null, "subsrece": null, "comasse": null, "tradfinasset": null, "actiundesecu": null, "noncasseitse": null, "intepaya": null, "prepexpe": null, "reportdate": "20120630", "otherfeepaya": null, "rightotitse": null, "derifinaasset": null, "dometicksett": null, "generiskrese": null, "dividrece": null, "interece": null, "rightotform": null, "treastk": null, "undiprof": 286392813.89, "avaisellasse": null, "totliabform": null, "rightaggrform": null, "paidincapi": 256000000.0, "longliabitse": null, "accstacode": "2", "totliabitse": null, "longborr": null, "premrece": null, "noncasseform": null, "curtrandiff": null, "prep": 14923347.99, "defetaxasset": 14258504.67, "compcode": "80155181", "expecurrliab": null, "copewithreinrece": null, "divipaya": null, "notespaya": null, "currasseform": null, "margrequ": null, "totasset": 2106615361.18, "reincontrese": null, "totalnoncliab": 0.0, "notesrece": 184935941.41, "totliab": 541289530.09, "duenoncliab": null, "holdinvedue": null, "accudepr": 81325157.1, "insucontrese": null, "deveexpe": null, "settresedepo": null, "defereve": null, "othernoncliabi": null, "lendandloan": null, "longdefeinco": null, "publishdate": "20120727", "advapaym": 140068337.29, "margrece": null, "defeincotaxliab": null, "logprepexpe": 325592.78, "prodasse": null, "othercurrasse": null, "longrece": null, "accstaname": "\u65b0\u4f1a\u8ba1\u51c6\u5219", "reporttype": "100111", "deriliab": null, "plac": null, "sellrepasse": null, "inteticksett": null, "longpaya": null, "copeworkersal": 3094538.48, "goodwill": null, "unseg": null, "actitradsecu": null, "otherpay": 137998418.84, "deposit": null, "fixedassenet": 144005484.18, "curfds": 1086421035.41}, {"unreinveloss": null, "specrese": null, "righaggritse": null, "righaggr": 1552436447.86, "otherlonginve": null, "topaycashdivi": null, "minysharrigh": null, "rese": 47331078.73, "intelrece": null, "taxespaya": 26095648.89, "othernoncasse": null, "tradshartrad": null, "totcurrasset": 1607516066.14, "otherrece": 8817445.14, "accrexpe": null, "expenoncliab": null, "fixedasseclea": null, "currliabitse": null, "consprog": 156515798.0, "engimate": null, "copepoun": null, "longliabform": null, "bdspaya": null, "specpaya": null, "hydrasset": null, "adjustdate": "20120425", "totliabsharequi": 1985869527.64, "inveprop": 30733.12, "cenbankborr": null, "capisurp": 969262716.37, "currliabform": null, "intelpay": null, "shorttermborr": null, "shorttermbdspaya": null, "reinrece": null, "totalasseform": null, "sharrighitse": null, "accorece": 104617935.97, "totalnoncassets": 378353461.5, "accopaya": 199742780.92, "othercurreliabi": null, "purcresaasset": null, "intaasset": 37087992.07, "inve": 304332789.16, "totalcurrliab": 433433079.78, "sharrightform": null, "expinoncurrasset": null, "tradfinliab": null, "fixedasseimpa": null, "fixedassenetw": null, "fixedasseimmo": null, "equiinve": 50904476.74, "paresharrigh": 1552436447.86, "currassetitse": null, "fdsborr": null, "expotaxrebarece": null, "totassetitse": null, "subsrece": null, "comasse": null, "tradfinasset": null, "actiundesecu": null, "noncasseitse": null, "intepaya": null, "prepexpe": null, "reportdate": "20120331", "otherfeepaya": null, "rightotitse": null, "derifinaasset": null, "dometicksett": null, "generiskrese": null, "dividrece": null, "interece": null, "rightotform": null, "treastk": null, "undiprof": 279842652.76, "avaisellasse": null, "totliabform": null, "rightaggrform": null, "paidincapi": 256000000.0, "longliabitse": null, "accstacode": "2", "totliabitse": null, "longborr": null, "premrece": null, "noncasseform": null, "curtrandiff": null, "prep": 13683899.9, "defetaxasset": 6725542.18, "compcode": "80155181", "expecurrliab": null, "copewithreinrece": null, "divipaya": null, "notespaya": null, "currasseform": null, "margrequ": null, "totasset": 1985869527.64, "reincontrese": null, "totalnoncliab": 0.0, "notesrece": 178206863.45, "totliab": 433433079.78, "duenoncliab": null, "holdinvedue": null, "accudepr": null, "insucontrese": null, "deveexpe": null, "settresedepo": null, "defereve": null, "othernoncliabi": null, "lendandloan": null, "longdefeinco": null, "publishdate": "20120425", "advapaym": 117467305.51, "margrece": null, "defeincotaxliab": null, "logprepexpe": 355277.99, "prodasse": null, "othercurrasse": null, "longrece": null, "accstaname": "\u65b0\u4f1a\u8ba1\u51c6\u5219", "reporttype": "100111", "deriliab": null, "plac": null, "sellrepasse": null, "inteticksett": null, "longpaya": null, "copeworkersal": 718515.61, "goodwill": null, "unseg": null, "actitradsecu": null, "otherpay": 89408828.85, "deposit": null, "fixedassenet": 126733641.4, "curfds": 997857132.52}, {"unreinveloss": null, "specrese": null, "righaggritse": null, "righaggr": 1510036735.63, "otherlonginve": null, "topaycashdivi": null, "minysharrigh": null, "rese": 42891054.6, "intelrece": null, "taxespaya": 21261580.21, "othernoncasse": null, "tradshartrad": null, "totcurrasset": 1631422943.84, "otherrece": 4996967.84, "accrexpe": null, "expenoncliab": null, "fixedasseclea": null, "currliabitse": null, "consprog": 124362256.0, "engimate": null, "copepoun": null, "longliabform": null, "bdspaya": null, "specpaya": null, "hydrasset": null, "adjustdate": "20120313", "totliabsharequi": 1919394551.04, "inveprop": 30733.12, "cenbankborr": null, "capisurp": 969262716.37, "currliabform": null, "intelpay": null, "shorttermborr": null, "shorttermbdspaya": null, "reinrece": null, "totalasseform": null, "sharrighitse": null, "accorece": 128411556.17, "totalnoncassets": 287971607.2, "accopaya": 199506971.45, "othercurreliabi": null, "purcresaasset": null, "intaasset": 37405275.06, "inve": 291417921.45, "totalcurrliab": 409357815.41, "sharrightform": null, "expinoncurrasset": null, "tradfinliab": null, "fixedasseimpa": null, "fixedassenetw": 123203768.69, "fixedasseimmo": 196829974.07, "equiinve": 998375.18, "paresharrigh": 1510036735.63, "currassetitse": null, "fdsborr": null, "expotaxrebarece": null, "totassetitse": null, "subsrece": null, "comasse": null, "tradfinasset": null, "actiundesecu": null, "noncasseitse": null, "intepaya": null, "prepexpe": null, "reportdate": "20111231", "otherfeepaya": null, "rightotitse": null, "derifinaasset": null, "dometicksett": null, "generiskrese": null, "dividrece": null, "interece": null, "rightotform": null, "treastk": null, "undiprof": 241882964.66, "avaisellasse": null, "totliabform": null, "rightaggrform": null, "paidincapi": 256000000.0, "longliabitse": null, "accstacode": "2", "totliabitse": null, "longborr": null, "premrece": null, "noncasseform": null, "curtrandiff": null, "prep": 8581847.99, "defetaxasset": 1586235.95, "compcode": "80155181", "expecurrliab": null, "copewithreinrece": null, "divipaya": null, "notespaya": null, "currasseform": null, "margrequ": null, "totasset": 1919394551.04, "reincontrese": null, "totalnoncliab": 0.0, "notesrece": 175080314.32, "totliab": 409357815.41, "duenoncliab": null, "holdinvedue": null, "accudepr": 73626205.38, "insucontrese": null, "deveexpe": null, "settresedepo": null, "defereve": null, "othernoncliabi": null, "lendandloan": null, "longdefeinco": null, "publishdate": "20120313", "advapaym": 122160966.12, "margrece": null, "defeincotaxliab": null, "logprepexpe": 384963.2, "prodasse": null, "othercurrasse": 53019.66, "longrece": null, "accstaname": "\u65b0\u4f1a\u8ba1\u51c6\u5219", "reporttype": "100111", "deriliab": null, "plac": null, "sellrepasse": null, "inteticksett": null, "longpaya": null, "copeworkersal": 13926785.9, "goodwill": null, "unseg": null, "actitradsecu": null, "otherpay": 52501511.73, "deposit": null, "fixedassenet": 123203768.69, "curfds": 1022881316.41}, {"unreinveloss": null, "specrese": null, "righaggritse": null, "righaggr": 1446182497.0, "otherlonginve": null, "topaycashdivi": null, "minysharrigh": null, "rese": 36628989.18, "intelrece": null, "taxespaya": 25145384.98, "othernoncasse": null, "tradshartrad": null, "totcurrasset": 1646020273.12, "otherrece": 6679789.87, "accrexpe": null, "expenoncliab": null, "fixedasseclea": null, "currliabitse": null, "consprog": 56291962.79, "engimate": null, "copepoun": null, "longliabform": null, "bdspaya": null, "specpaya": null, "hydrasset": null, "adjustdate": "20111019", "totliabsharequi": 1826796544.56, "inveprop": 33108.66, "cenbankborr": null, "capisurp": 969262716.37, "currliabform": null, "intelpay": null, "shorttermborr": null, "shorttermbdspaya": null, "reinrece": null, "totalasseform": null, "sharrighitse": null, "accorece": 72439115.02, "totalnoncassets": 180776271.44, "accopaya": 138395085.62, "othercurreliabi": null, "purcresaasset": null, "intaasset": 37817133.31, "inve": 275880365.88, "totalcurrliab": 380614047.56, "sharrightform": null, "expinoncurrasset": null, "tradfinliab": null, "fixedasseimpa": null, "fixedassenetw": null, "fixedasseimmo": null, "equiinve": 1050000.0, "paresharrigh": 1446182497.0, "currassetitse": null, "fdsborr": null, "expotaxrebarece": null, "totassetitse": null, "subsrece": null, "comasse": null, "tradfinasset": null, "actiundesecu": null, "noncasseitse": null, "intepaya": null, "prepexpe": null, "reportdate": "20110930", "otherfeepaya": null, "rightotitse": null, "derifinaasset": null, "dometicksett": null, "generiskrese": null, "dividrece": null, "interece": null, "rightotform": null, "treastk": null, "undiprof": 184290791.45, "avaisellasse": null, "totliabform": null, "rightaggrform": null, "paidincapi": 256000000.0, "longliabitse": null, "accstacode": "2", "totliabitse": null, "longborr": null, "premrece": null, "noncasseform": null, "curtrandiff": null, "prep": 71289167.88, "defetaxasset": 9072795.87, "compcode": "80155181", "expecurrliab": null, "copewithreinrece": null, "divipaya": null, "notespaya": null, "currasseform": null, "margrequ": null, "totasset": 1826796544.56, "reincontrese": null, "totalnoncliab": 0.0, "notesrece": 117595253.16, "totliab": 380614047.56, "duenoncliab": null, "holdinvedue": null, "accudepr": null, "insucontrese": null, "deveexpe": null, "settresedepo": null, "defereve": null, "othernoncliabi": null, "lendandloan": null, "longdefeinco": null, "publishdate": "20111019", "advapaym": 114921261.75, "margrece": null, "defeincotaxliab": null, "logprepexpe": null, "prodasse": null, "othercurrasse": null, "longrece": null, "accstaname": "\u65b0\u4f1a\u8ba1\u51c6\u5219", "reporttype": "100111", "deriliab": null, "plac": null, "sellrepasse": null, "inteticksett": null, "longpaya": null, "copeworkersal": 808869.24, "goodwill": null, "unseg": null, "actitradsecu": null, "otherpay": 101343445.97, "deposit": null, "fixedassenet": 76511270.81, "curfds": 1102136581.31}, {"unreinveloss": null, "specrese": null, "righaggritse": null, "righaggr": 1403304248.43, "otherlonginve": null, "topaycashdivi": null, "minysharrigh": null, "rese": 32361094.76, "intelrece": null, "taxespaya": 32347667.21, "othernoncasse": null, "tradshartrad": null, "totcurrasset": 1569661586.1, "otherrece": 5253802.27, "accrexpe": null, "expenoncliab": null, "fixedasseclea": null, "currliabitse": null, "consprog": 42273244.23, "engimate": null, "copepoun": null, "longliabform": null, "bdspaya": null, "specpaya": null, "hydrasset": null, "adjustdate": "20110720", "totliabsharequi": 1732900530.83, "inveprop": 33108.66, "cenbankborr": null, "capisurp": 969262716.37, "currliabform": null, "intelpay": null, "shorttermborr": null, "shorttermbdspaya": null, "reinrece": null, "totalasseform": null, "sharrighitse": null, "accorece": 96984085.05, "totalnoncassets": 163238944.73, "accopaya": 127345502.52, "othercurreliabi": null, "purcresaasset": null, "intaasset": 37290720.17, "inve": 245731269.58, "totalcurrliab": 329596282.4, "sharrightform": null, "expinoncurrasset": null, "tradfinliab": null, "fixedasseimpa": null, "fixedassenetw": 75223330.93, "fixedasseimmo": 143907523.26, "equiinve": null, "paresharrigh": 1403304248.43, "currassetitse": null, "fdsborr": null, "expotaxrebarece": null, "totassetitse": null, "subsrece": null, "comasse": null, "tradfinasset": null, "actiundesecu": null, "noncasseitse": null, "intepaya": null, "prepexpe": null, "reportdate": "20110630", "otherfeepaya": null, "rightotitse": null, "derifinaasset": null, "dometicksett": null, "generiskrese": null, "dividrece": null, "interece": null, "rightotform": null, "treastk": null, "undiprof": 145680437.3, "avaisellasse": null, "totliabform": null, "rightaggrform": null, "paidincapi": 256000000.0, "longliabitse": null, "accstacode": "2", "totliabitse": null, "longborr": null, "premrece": null, "noncasseform": null, "curtrandiff": null, "prep": 40612524.81, "defetaxasset": 8418540.74, "compcode": "80155181", "expecurrliab": null, "copewithreinrece": null, "divipaya": null, "notespaya": null, "currasseform": null, "margrequ": null, "totasset": 1732900530.83, "reincontrese": null, "totalnoncliab": 0.0, "notesrece": 102848809.03, "totliab": 329596282.4, "duenoncliab": null, "holdinvedue": null, "accudepr": 68684192.33, "insucontrese": null, "deveexpe": null, "settresedepo": null, "defereve": null, "othernoncliabi": null, "lendandloan": null, "longdefeinco": null, "publishdate": "20110720", "advapaym": 74395580.89, "margrece": null, "defeincotaxliab": null, "logprepexpe": null, "prodasse": null, "othercurrasse": null, "longrece": null, "accstaname": "\u65b0\u4f1a\u8ba1\u51c6\u5219", "reporttype": "100111", "deriliab": null, "plac": null, "sellrepasse": null, "inteticksett": null, "longpaya": null, "copeworkersal": 2031310.89, "goodwill": null, "unseg": null, "actitradsecu": null, "otherpay": 93476220.89, "deposit": null, "fixedassenet": 75223330.93, "curfds": 1078231095.36}, {"unreinveloss": null, "specrese": null, "righaggritse": null, "righaggr": 1402677061.26, "otherlonginve": null, "topaycashdivi": null, "minysharrigh": null, "rese": 27659457.8, "intelrece": null, "taxespaya": 14254779.39, "othernoncasse": null, "tradshartrad": null, "totcurrasset": 1550561836.37, "otherrece": 4381578.71, "accrexpe": null, "expenoncliab": null, "fixedasseclea": null, "currliabitse": null, "consprog": 32834244.23, "engimate": null, "copepoun": null, "longliabform": null, "bdspaya": null, "specpaya": null, "hydrasset": null, "adjustdate": "20110420", "totliabsharequi": 1697945487.63, "inveprop": 33108.66, "cenbankborr": null, "capisurp": 1065262716.37, "currliabform": null, "intelpay": null, "shorttermborr": null, "shorttermbdspaya": null, "reinrece": null, "totalasseform": null, "sharrighitse": null, "accorece": 58628810.64, "totalnoncassets": 147383651.26, "accopaya": 117492559.01, "othercurreliabi": null, "purcresaasset": null, "intaasset": 37389146.06, "inve": 253381348.85, "totalcurrliab": 295268426.37, "sharrightform": null, "expinoncurrasset": null, "tradfinliab": null, "fixedasseimpa": null, "fixedassenetw": null, "fixedasseimmo": null, "equiinve": null, "paresharrigh": 1402677061.26, "currassetitse": null, "fdsborr": null, "expotaxrebarece": null, "totassetitse": null, "subsrece": null, "comasse": null, "tradfinasset": null, "actiundesecu": null, "noncasseitse": null, "intepaya": null, "prepexpe": null, "reportdate": "20110331", "otherfeepaya": null, "rightotitse": null, "derifinaasset": null, "dometicksett": null, "generiskrese": null, "dividrece": null, "interece": null, "rightotform": null, "treastk": null, "undiprof": 149754887.09, "avaisellasse": null, "totliabform": null, "rightaggrform": null, "paidincapi": 160000000.0, "longliabitse": null, "accstacode": "2", "totliabitse": null, "longborr": null, "premrece": null, "noncasseform": null, "curtrandiff": null, "prep": 25183635.66, "defetaxasset": 4598566.59, "compcode": "80155181", "expecurrliab": null, "copewithreinrece": null, "divipaya": null, "notespaya": null, "currasseform": null, "margrequ": null, "totasset": 1697945487.63, "reincontrese": null, "totalnoncliab": 0.0, "notesrece": 102253196.83, "totliab": 295268426.37, "duenoncliab": null, "holdinvedue": null, "accudepr": null, "insucontrese": null, "deveexpe": null, "settresedepo": null, "defereve": null, "othernoncliabi": null, "lendandloan": null, "longdefeinco": null, "publishdate": "20110420", "advapaym": 94626532.44, "margrece": null, "defeincotaxliab": null, "logprepexpe": null, "prodasse": null, "othercurrasse": null, "longrece": null, "accstaname": "\u65b0\u4f1a\u8ba1\u51c6\u5219", "reporttype": "100111", "deriliab": null, "plac": null, "sellrepasse": null, "inteticksett": null, "longpaya": null, "copeworkersal": 1249480.2, "goodwill": null, "unseg": null, "actitradsecu": null, "otherpay": 67645075.33, "deposit": null, "fixedassenet": 72528585.72, "curfds": 1106733265.68}, {"unreinveloss": null, "specrese": null, "righaggritse": null, "righaggr": 1371044682.99, "otherlonginve": null, "topaycashdivi": null, "minysharrigh": null, "rese": 24430502.16, "intelrece": null, "taxespaya": 13423982.73, "othernoncasse": null, "tradshartrad": null, "totcurrasset": 1547044119.58, "otherrece": 3377720.31, "accrexpe": null, "expenoncliab": null, "fixedasseclea": null, "currliabitse": null, "consprog": 26203134.23, "engimate": null, "copepoun": null, "longliabform": null, "bdspaya": null, "specpaya": null, "hydrasset": null, "adjustdate": "20110407", "totliabsharequi": 1684388677.19, "inveprop": 33108.66, "cenbankborr": null, "capisurp": 1065262716.37, "currliabform": null, "intelpay": null, "shorttermborr": null, "shorttermbdspaya": null, "reinrece": null, "totalasseform": null, "sharrighitse": null, "accorece": 85742159.76, "totalnoncassets": 137344557.61, "accopaya": 132100002.82, "othercurreliabi": null, "purcresaasset": null, "intaasset": 36618521.8, "inve": 245988775.11, "totalcurrliab": 313343994.2, "sharrightform": null, "expinoncurrasset": null, "tradfinliab": null, "fixedasseimpa": null, "fixedassenetw": 73049877.28, "fixedasseimmo": 138496564.99, "equiinve": null, "paresharrigh": 1371044682.99, "currassetitse": null, "fdsborr": null, "expotaxrebarece": null, "totassetitse": null, "subsrece": null, "comasse": null, "tradfinasset": null, "actiundesecu": null, "noncasseitse": null, "intepaya": null, "prepexpe": null, "reportdate": "20101231", "otherfeepaya": null, "rightotitse": null, "derifinaasset": null, "dometicksett": null, "generiskrese": null, "dividrece": null, "interece": null, "rightotform": null, "treastk": null, "undiprof": 121351464.46, "avaisellasse": null, "totliabform": null, "rightaggrform": null, "paidincapi": 160000000.0, "longliabitse": null, "accstacode": "2", "totliabitse": null, "longborr": null, "premrece": null, "noncasseform": null, "curtrandiff": null, "prep": 12667286.62, "defetaxasset": 1439915.64, "compcode": "80155181", "expecurrliab": null, "copewithreinrece": null, "divipaya": null, "notespaya": null, "currasseform": null, "margrequ": null, "totasset": 1684388677.19, "reincontrese": null, "totalnoncliab": 0.0, "notesrece": 124519750.6, "totliab": 313343994.2, "duenoncliab": null, "holdinvedue": null, "accudepr": 65446687.71, "insucontrese": null, "deveexpe": null, "settresedepo": null, "defereve": null, "othernoncliabi": null, "lendandloan": null, "longdefeinco": null, "publishdate": "20110407", "advapaym": 118286764.09, "margrece": null, "defeincotaxliab": null, "logprepexpe": null, "prodasse": null, "othercurrasse": null, "longrece": null, "accstaname": "\u65b0\u4f1a\u8ba1\u51c6\u5219", "reporttype": "100111", "deriliab": null, "plac": null, "sellrepasse": null, "inteticksett": null, "longpaya": null, "copeworkersal": 11257468.12, "goodwill": null, "unseg": null, "actitradsecu": null, "otherpay": 38275776.44, "deposit": null, "fixedassenet": 73049877.28, "curfds": 1074748427.18}, {"unreinveloss": 0.0, "specrese": 0.0, "righaggritse": null, "righaggr": 427992732.17, "otherlonginve": 0.0, "topaycashdivi": 0.0, "minysharrigh": 0.0, "rese": 17514082.77, "intelrece": 0.0, "taxespaya": 23309346.03, "othernoncasse": 0.0, "tradshartrad": 0.0, "totcurrasset": 633490491.73, "otherrece": 5430672.22, "accrexpe": 0.0, "expenoncliab": 0.0, "fixedasseclea": 0.0, "currliabitse": null, "consprog": 8129633.35, "engimate": 0.0, "copepoun": 0.0, "longliabform": null, "bdspaya": 0.0, "specpaya": 0.0, "hydrasset": 0.0, "adjustdate": "19000101", "totliabsharequi": 758428197.1, "inveprop": 0.0, "cenbankborr": 0.0, "capisurp": 202592716.37, "currliabform": null, "intelpay": 0.0, "shorttermborr": 0.0, "shorttermbdspaya": 0.0, "reinrece": 0.0, "totalasseform": null, "sharrighitse": null, "accorece": 62971763.01, "totalnoncassets": 124937705.37, "accopaya": 104395826.35, "othercurreliabi": 0.0, "purcresaasset": 0.0, "intaasset": 36320349.93, "inve": 239978154.4, "totalcurrliab": 330435464.93, "sharrightform": null, "expinoncurrasset": 0.0, "tradfinliab": 0.0, "fixedasseimpa": 0.0, "fixedassenetw": 0.0, "fixedasseimmo": 0.0, "equiinve": 0.0, "paresharrigh": 427992732.17, "currassetitse": null, "fdsborr": 0.0, "expotaxrebarece": 0.0, "totassetitse": null, "subsrece": 0.0, "comasse": 0.0, "tradfinasset": 0.0, "actiundesecu": 0.0, "noncasseitse": null, "intepaya": 0.0, "prepexpe": 0.0, "reportdate": "20100930", "otherfeepaya": 0.0, "rightotitse": null, "derifinaasset": 0.0, "dometicksett": 0.0, "generiskrese": 0.0, "dividrece": 0.0, "interece": 0.0, "rightotform": null, "treastk": 0.0, "undiprof": 87885933.03, "avaisellasse": 0.0, "totliabform": null, "rightaggrform": null, "paidincapi": 120000000.0, "longliabitse": null, "accstacode": "2", "totliabitse": null, "longborr": 0.0, "premrece": 0.0, "noncasseform": null, "curtrandiff": 0.0, "prep": 15056382.99, "defetaxasset": 9319721.85, "compcode": "80155181", "expecurrliab": 0.0, "copewithreinrece": 0.0, "divipaya": 0.0, "notespaya": 0.0, "currasseform": null, "margrequ": 0.0, "totasset": 758428197.1, "reincontrese": 0.0, "totalnoncliab": 0.0, "notesrece": 107162988.93, "totliab": 330435464.93, "duenoncliab": 0.0, "holdinvedue": 0.0, "accudepr": 0.0, "insucontrese": 0.0, "deveexpe": 0.0, "settresedepo": 0.0, "defereve": 0.0, "othernoncliabi": 0.0, "lendandloan": 0.0, "longdefeinco": 0.0, "publishdate": "20101122", "advapaym": 100740482.06, "margrece": 0.0, "defeincotaxliab": 0.0, "logprepexpe": 0.0, "prodasse": 0.0, "othercurrasse": 0.0, "longrece": 0.0, "accstaname": "\u65b0\u4f1a\u8ba1\u51c6\u5219", "reporttype": "100111", "deriliab": 0.0, "plac": 0.0, "sellrepasse": 0.0, "inteticksett": 0.0, "longpaya": 0.0, "copeworkersal": 464628.37, "goodwill": 0.0, "unseg": 0.0, "actitradsecu": 0.0, "otherpay": 101525182.12, "deposit": 0.0, "fixedassenet": 71168000.24, "curfds": 202890530.18}, {"unreinveloss": 0.0, "specrese": 0.0, "righaggritse": null, "righaggr": 395048901.82, "otherlonginve": 0.0, "topaycashdivi": 0.0, "minysharrigh": 0.0, "rese": 17514082.77, "intelrece": 0.0, "taxespaya": 26236022.99, "othernoncasse": 0.0, "tradshartrad": 0.0, "totcurrasset": 676651232.97, "otherrece": 3288879.12, "accrexpe": 0.0, "expenoncliab": 0.0, "fixedasseclea": 0.0, "currliabitse": null, "consprog": 1810000.0, "engimate": 0.0, "copepoun": 0.0, "longliabform": null, "bdspaya": 0.0, "specpaya": 0.0, "hydrasset": 0.0, "adjustdate": "19000101", "totliabsharequi": 795283987.17, "inveprop": 0.0, "cenbankborr": 0.0, "capisurp": 202592716.37, "currliabform": null, "intelpay": 0.0, "shorttermborr": 0.0, "shorttermbdspaya": 0.0, "reinrece": 0.0, "totalasseform": null, "sharrighitse": null, "accorece": 84046697.33, "totalnoncassets": 118632754.2, "accopaya": 105234911.87, "othercurreliabi": 0.0, "purcresaasset": 0.0, "intaasset": 36527344.98, "inve": 215495142.51, "totalcurrliab": 400235085.35, "sharrightform": null, "expinoncurrasset": 0.0, "tradfinliab": 0.0, "fixedasseimpa": 0.0, "fixedassenetw": 70729153.56, "fixedasseimmo": 132246697.48, "equiinve": 0.0, "paresharrigh": 395048901.82, "currassetitse": null, "fdsborr": 0.0, "expotaxrebarece": 0.0, "totassetitse": null, "subsrece": 0.0, "comasse": 0.0, "tradfinasset": 0.0, "actiundesecu": 0.0, "noncasseitse": null, "intepaya": 0.0, "prepexpe": 0.0, "reportdate": "20100630", "otherfeepaya": 0.0, "rightotitse": null, "derifinaasset": 0.0, "dometicksett": 0.0, "generiskrese": 0.0, "dividrece": 0.0, "interece": 0.0, "rightotform": null, "treastk": 0.0, "undiprof": 54942102.68, "avaisellasse": 0.0, "totliabform": null, "rightaggrform": null, "paidincapi": 120000000.0, "longliabitse": null, "accstacode": "2", "totliabitse": null, "longborr": 0.0, "premrece": 0.0, "noncasseform": null, "curtrandiff": 0.0, "prep": 8345894.77, "defetaxasset": 9566255.66, "compcode": "80155181", "expecurrliab": 0.0, "copewithreinrece": 0.0, "divipaya": 87834501.52, "notespaya": 0.0, "currasseform": null, "margrequ": 0.0, "totasset": 795283987.17, "reincontrese": 0.0, "totalnoncliab": 0.0, "notesrece": 81115329.72, "totliab": 400235085.35, "duenoncliab": 0.0, "holdinvedue": 0.0, "accudepr": 61517543.92, "insucontrese": 0.0, "deveexpe": 0.0, "settresedepo": 0.0, "defereve": 0.0, "othernoncliabi": 0.0, "lendandloan": 0.0, "longdefeinco": 0.0, "publishdate": "20101102", "advapaym": 91326580.67, "margrece": 0.0, "defeincotaxliab": 0.0, "logprepexpe": 0.0, "prodasse": 0.0, "othercurrasse": 0.0, "longrece": 0.0, "accstaname": "\u65b0\u4f1a\u8ba1\u51c6\u5219", "reporttype": "100111", "deriliab": 0.0, "plac": 0.0, "sellrepasse": 0.0, "inteticksett": 0.0, "longpaya": 0.0, "copeworkersal": 3080933.17, "goodwill": 0.0, "unseg": 0.0, "actitradsecu": 0.0, "otherpay": 86522135.13, "deposit": 0.0, "fixedassenet": 70729153.56, "curfds": 284359289.52}, {"unreinveloss": 0.0, "specrese": 0.0, "righaggritse": null, "righaggr": 421869177.19, "otherlonginve": 0.0, "topaycashdivi": 0.0, "minysharrigh": 0.0, "rese": 11441959.3, "intelrece": 0.0, "taxespaya": 10308983.83, "othernoncasse": 0.0, "tradshartrad": 0.0, "totcurrasset": 539686000.32, "otherrece": 2554054.61, "accrexpe": 0.0, "expenoncliab": 0.0, "fixedasseclea": 0.0, "currliabitse": null, "consprog": 0.0, "engimate": 0.0, "copepoun": 0.0, "longliabform": null, "bdspaya": 0.0, "specpaya": 0.0, "hydrasset": 0.0, "adjustdate": "19000101", "totliabsharequi": 648441804.93, "inveprop": 0.0, "cenbankborr": 0.0, "capisurp": 202592716.37, "currliabform": null, "intelpay": 0.0, "shorttermborr": 0.0, "shorttermbdspaya": 0.0, "reinrece": 0.0, "totalasseform": null, "sharrighitse": null, "accorece": 91641466.41, "totalnoncassets": 108755804.61, "accopaya": 105378019.85, "othercurreliabi": 0.0, "purcresaasset": 0.0, "intaasset": 36378354.98, "inve": 194988977.24, "totalcurrliab": 226572627.74, "sharrightform": null, "expinoncurrasset": 0.0, "tradfinliab": 0.0, "fixedasseimpa": 0.0, "fixedassenetw": 69952728.25, "fixedasseimmo": 128410802.48, "equiinve": 0.0, "paresharrigh": 421869177.19, "currassetitse": null, "fdsborr": 0.0, "expotaxrebarece": 0.0, "totassetitse": null, "subsrece": 0.0, "comasse": 0.0, "tradfinasset": 0.0, "actiundesecu": 0.0, "noncasseitse": null, "intepaya": 0.0, "prepexpe": 0.0, "reportdate": "20091231", "otherfeepaya": 0.0, "rightotitse": null, "derifinaasset": 0.0, "dometicksett": 0.0, "generiskrese": 0.0, "dividrece": 0.0, "interece": 0.0, "rightotform": null, "treastk": 0.0, "undiprof": 87834501.52, "avaisellasse": 0.0, "totliabform": null, "rightaggrform": null, "paidincapi": 120000000.0, "longliabitse": null, "accstacode": "2", "totliabitse": null, "longborr": 0.0, "premrece": 0.0, "noncasseform": null, "curtrandiff": 0.0, "prep": 7388650.45, "defetaxasset": 2424721.38, "compcode": "80155181", "expecurrliab": 0.0, "copewithreinrece": 0.0, "divipaya": 0.0, "notespaya": 0.0, "currasseform": null, "margrequ": 0.0, "totasset": 648441804.93, "reincontrese": 0.0, "totalnoncliab": 0.0, "notesrece": 67798830.81, "totliab": 226572627.74, "duenoncliab": 0.0, "holdinvedue": 0.0, "accudepr": 58458074.23, "insucontrese": 0.0, "deveexpe": 0.0, "settresedepo": 0.0, "defereve": 0.0, "othernoncliabi": 0.0, "lendandloan": 0.0, "longdefeinco": 0.0, "publishdate": "20101102", "advapaym": 67368053.21, "margrece": 0.0, "defeincotaxliab": 0.0, "logprepexpe": 0.0, "prodasse": 0.0, "othercurrasse": 0.0, "longrece": 0.0, "accstaname": "\u65b0\u4f1a\u8ba1\u51c6\u5219", "reporttype": "100111", "deriliab": 0.0, "plac": 0.0, "sellrepasse": 0.0, "inteticksett": 0.0, "longpaya": 0.0, "copeworkersal": 8287441.12, "goodwill": 0.0, "unseg": 0.0, "actitradsecu": 0.0, "otherpay": 35230129.73, "deposit": 0.0, "fixedassenet": 69952728.25, "curfds": 175314020.8}, {"unreinveloss": null, "specrese": 0.0, "righaggritse": null, "righaggr": 340039711.97, "otherlonginve": null, "topaycashdivi": null, "minysharrigh": 0.0, "rese": 3382420.39, "intelrece": null, "taxespaya": 14186325.33, "othernoncasse": 0.0, "tradshartrad": null, "totcurrasset": 394064910.38, "otherrece": 1592036.0, "accrexpe": null, "expenoncliab": null, "fixedasseclea": 0.0, "currliabitse": null, "consprog": 0.0, "engimate": 0.0, "copepoun": 0.0, "longliabform": null, "bdspaya": 0.0, "specpaya": 0.0, "hydrasset": 0.0, "adjustdate": "19000101", "totliabsharequi": 494945284.75, "inveprop": 0.0, "cenbankborr": 0.0, "capisurp": 202592716.37, "currliabform": null, "intelpay": null, "shorttermborr": 0.0, "shorttermbdspaya": null, "reinrece": 0.0, "totalasseform": null, "sharrighitse": null, "accorece": 87382024.54, "totalnoncassets": 100880374.37, "accopaya": 65988034.68, "othercurreliabi": 0.0, "purcresaasset": 0.0, "intaasset": 23422214.77, "inve": 189104449.86, "totalcurrliab": 154905572.78, "sharrightform": null, "expinoncurrasset": 0.0, "tradfinliab": 0.0, "fixedasseimpa": null, "fixedassenetw": null, "fixedasseimmo": null, "equiinve": 0.0, "paresharrigh": 340039711.97, "currassetitse": null, "fdsborr": 0.0, "expotaxrebarece": null, "totassetitse": null, "subsrece": null, "comasse": null, "tradfinasset": 0.0, "actiundesecu": 0.0, "noncasseitse": null, "intepaya": 0.0, "prepexpe": null, "reportdate": "20081231", "otherfeepaya": null, "rightotitse": null, "derifinaasset": null, "dometicksett": null, "generiskrese": 0.0, "dividrece": 0.0, "interece": 0.0, "rightotform": null, "treastk": 0.0, "undiprof": 14064575.21, "avaisellasse": 0.0, "totliabform": null, "rightaggrform": null, "paidincapi": 120000000.0, "longliabitse": null, "accstacode": "2", "totliabitse": null, "longborr": 0.0, "premrece": 0.0, "noncasseform": null, "curtrandiff": 0.0, "prep": 3265456.48, "defetaxasset": 3033815.74, "compcode": "80155181", "expecurrliab": null, "copewithreinrece": 0.0, "divipaya": 0.0, "notespaya": 0.0, "currasseform": null, "margrequ": null, "totasset": 494945284.75, "reincontrese": 0.0, "totalnoncliab": 0.0, "notesrece": 48653327.76, "totliab": 154905572.78, "duenoncliab": 0.0, "holdinvedue": 0.0, "accudepr": null, "insucontrese": 0.0, "deveexpe": 0.0, "settresedepo": 0.0, "defereve": null, "othernoncliabi": 0.0, "lendandloan": 0.0, "longdefeinco": null, "publishdate": "20101102", "advapaym": 45276681.08, "margrece": null, "defeincotaxliab": 0.0, "logprepexpe": 0.0, "prodasse": 0.0, "othercurrasse": 0.0, "longrece": 0.0, "accstaname": "\u65b0\u4f1a\u8ba1\u51c6\u5219", "reporttype": "100111", "deriliab": null, "plac": 0.0, "sellrepasse": 0.0, "inteticksett": null, "longpaya": 0.0, "copeworkersal": 5482055.5, "goodwill": 0.0, "unseg": null, "actitradsecu": 0.0, "otherpay": 23972476.19, "deposit": 0.0, "fixedassenet": 74424343.86, "curfds": 64067615.74}, {"unreinveloss": null, "specrese": 0.0, "righaggritse": null, "righaggr": 141583070.92, "otherlonginve": null, "topaycashdivi": null, "minysharrigh": 605313.96, "rese": 4481371.47, "intelrece": null, "taxespaya": 14795751.69, "othernoncasse": 0.0, "tradshartrad": null, "totcurrasset": 299111419.72, "otherrece": 5597991.67, "accrexpe": null, "expenoncliab": null, "fixedasseclea": 0.0, "currliabitse": null, "consprog": 0.0, "engimate": 0.0, "copepoun": 0.0, "longliabform": null, "bdspaya": 0.0, "specpaya": 0.0, "hydrasset": 0.0, "adjustdate": "19000101", "totliabsharequi": 409756186.35, "inveprop": 0.0, "cenbankborr": 0.0, "capisurp": 64109421.03, "currliabform": null, "intelpay": null, "shorttermborr": 25000000.0, "shorttermbdspaya": null, "reinrece": 0.0, "totalasseform": null, "sharrighitse": null, "accorece": 86329158.69, "totalnoncassets": 110644766.63, "accopaya": 76266778.72, "othercurreliabi": 0.0, "purcresaasset": 0.0, "intaasset": 24181668.85, "inve": 183891916.88, "totalcurrliab": 268173115.43, "sharrightform": null, "expinoncurrasset": 0.0, "tradfinliab": 0.0, "fixedasseimpa": null, "fixedassenetw": null, "fixedasseimmo": null, "equiinve": 0.0, "paresharrigh": 140977756.96, "currassetitse": null, "fdsborr": 0.0, "expotaxrebarece": null, "totassetitse": null, "subsrece": null, "comasse": null, "tradfinasset": 0.0, "actiundesecu": 0.0, "noncasseitse": null, "intepaya": 0.0, "prepexpe": null, "reportdate": "20071231", "otherfeepaya": null, "rightotitse": null, "derifinaasset": null, "dometicksett": null, "generiskrese": 0.0, "dividrece": 0.0, "interece": 0.0, "rightotform": null, "treastk": 0.0, "undiprof": 27786964.46, "avaisellasse": 0.0, "totliabform": null, "rightaggrform": null, "paidincapi": 44600000.0, "longliabitse": null, "accstacode": "2", "totliabitse": null, "longborr": 0.0, "premrece": 0.0, "noncasseform": null, "curtrandiff": 0.0, "prep": 7552196.3, "defetaxasset": 2915537.25, "compcode": "80155181", "expecurrliab": null, "copewithreinrece": 0.0, "divipaya": 0.0, "notespaya": 0.0, "currasseform": null, "margrequ": null, "totasset": 409756186.35, "reincontrese": 0.0, "totalnoncliab": 0.0, "notesrece": 0.0, "totliab": 268173115.43, "duenoncliab": 0.0, "holdinvedue": 0.0, "accudepr": null, "insucontrese": 0.0, "deveexpe": 0.0, "settresedepo": 0.0, "defereve": null, "othernoncliabi": 0.0, "lendandloan": 0.0, "longdefeinco": null, "publishdate": "20101102", "advapaym": 82051488.61, "margrece": null, "defeincotaxliab": 0.0, "logprepexpe": 0.0, "prodasse": 0.0, "othercurrasse": 0.0, "longrece": 0.0, "accstaname": "\u65b0\u4f1a\u8ba1\u51c6\u5219", "reporttype": "100111", "deriliab": null, "plac": 0.0, "sellrepasse": 0.0, "inteticksett": null, "longpaya": 0.0, "copeworkersal": 5712212.55, "goodwill": 6053551.97, "unseg": null, "actitradsecu": 0.0, "otherpay": 64346883.86, "deposit": 0.0, "fixedassenet": 77494008.56, "curfds": 15740156.18}], "comptype": 4, "name": "\u8001\u677f\u7535\u5668"}