{"SZ000858":{"symbol":"SZ000858","exchange":"SZ","code":"000858","name":"五粮液","current":"75.65","percentage":"-2.65","change":"-2.06","open":"76.56","high":"76.95","low":"74.63","close":"75.65","last_close":"77.71","high52week":"93.18","low52week":"38.95","volume":"2.3932435E7","lot_volume":"239324.35","volumeAverage":"27272448","marketCapital":"2.87164882368E11","eps":"1.84","pe_ttm":"33.206","pe_lyr":"42.326","beta":"0.0","totalShares":"3795966720","time":"Tue Mar 20 15:04:03 +0800 2018","afterHours":"0.0","afterHoursPct":"0.0","afterHoursChg":"0.0","afterHoursTime":"Wed Oct 19 21:59:01 -0400 2011","updateAt":"1516104006943","dividend":"0.9","yield":"1.19","turnover_rate":"0.63%","instOwn":"0.0","rise_stop":"85.48","fall_stop":"69.94","currency_unit":"CNY","amount":"1.80802501474E9","net_assets":"13.3366","hasexist":"","has_warrant":"0","type":"11","flag":"1","rest_day":"","amplitude":"2.99%","market_status":"已收盘","lot_size":"100","min_order_quantity":"0","max_order_quantity":"0","tick_size":"0.01","variable_tick_size":"","kzz_stock_symbol":"","kzz_stock_name":"","kzz_stock_current":"0.0","kzz_convert_price":"0.0","kzz_covert_value":"0.0","kzz_cpr":"0.0","kzz_putback_price":"0.0","kzz_convert_time":"","kzz_redempt_price":"0.0","kzz_straight_price":"0.0","kzz_stock_percent":"","pb":"5.67","benefit_before_tax":"0.0","benefit_after_tax":"0.0","convert_bond_ratio":"","totalissuescale":"","outstandingamt":"","maturitydate":"","remain_year":"","convertrate":"0.0","interestrtmemo":"","release_date":"","circulation":"0.0","par_value":"0.0","due_time":"0.0","value_date":"","due_date":"","publisher":"","redeem_type":"T","issue_type":"3","bond_type":"","warrant":"","sale_rrg":"","rate":"","after_hour_vol":"0","float_shares":"3795750917","float_market_capital":"2.8714855687105E11","disnext_pay_date":"","convert_rate":"0.0","volume_ratio":"0.95","percent5m":"-0.05","pankou_ratio":"10.19%","psr":"9.9635"}}