{"list":[{"compcode":"80195268","publishdate":"20180301","begindate":"20170101","enddate":"20171231","reporttype":"100111","adjustdate":"20180301","accstacode":"2","accstaname":"新会计准则","biztotinco":1.02635872669E9,"bizinco":1.02635872669E9,"inteinco":null,"earnprem":null,"pouninco":null,"realsale":null,"otherbizinco":null,"biztotincoitse":null,"biztotincoform":null,"biztotcost":7.0057298961E8,"bizcost":4.7274114493E8,"inteexpe":null,"pounexpe":null,"realsalecost":null,"deveexpe":null,"surrgold":null,"compnetexpe":null,"contress":null,"polidiviexpe":null,"reinexpe":null,"otherbizcost":null,"biztax":1.259010923E7,"salesexpe":1.0073208887E8,"manaexpe":1.1641143834E8,"finexpe":-2237359.54,"asseimpaloss":335567.78,"biztotcostitse":null,"biztotcostform":null,"valuechgloss":null,"inveinco":3.200494962E7,"assoinveprof":null,"exchggain":null,"futuloss":null,"custinco":null,"subsidyincome":null,"otherbizprof":null,"bizprofitse":null,"operprofform":null,"perprofit":3.5899925706E8,"nonoreve":229903.94,"nonoexpe":294739.17,"noncassetsdisl":null,"proftotitse":null,"proftotform":null,"totprofit":3.5893442183E8,"incotaxexpe":5.374236956E7,"unreinveloss":null,"netpro1itse":null,"netpro1form":null,"netprofit":3.0519205227E8,"parenetp":3.0519205227E8,"mergeformnetprof":null,"minysharrigh":null,"netpro2itse":null,"netpro2form":null,"basiceps":0.48,"dilutedeps":0.48,"othercompinco":5242366.5,"parecompinco":5242366.5,"minysharinco":null,"compincoamt":3.1043441877E8,"parecompincoamt":3.1043441877E8,"minysharincoamt":null,"earlyundiprof":null,"undisprofredu":null,"otherinto":null,"otherdistprof":null,"legalsurp":null,"welfare":null,"capitalreserve":null,"staffaward":null,"reservefund":null,"developfund":null,"profreturninvest":null,"supplycurcap":null,"avaidistshareprof":null,"preferredskdiv":null,"freesurplu":null,"dealwithdivi":null,"capitalizeddivi":null,"undisprofit":null,"selldepartgain":null,"natudisasterloss":null,"accpolicychg":null,"accestimatechg":null,"debtrestruloss":null,"othersupply":null},{"compcode":"80195268","publishdate":"20171027","begindate":"20170101","enddate":"20170930","reporttype":"100111","adjustdate":"20171027","accstacode":"2","accstaname":"新会计准则","biztotinco":6.5509588122E8,"bizinco":6.5509588122E8,"inteinco":null,"earnprem":null,"pouninco":null,"realsale":null,"otherbizinco":null,"biztotincoitse":null,"biztotincoform":null,"biztotcost":4.6998162583E8,"bizcost":3.0272557588E8,"inteexpe":null,"pounexpe":null,"realsalecost":null,"deveexpe":null,"surrgold":null,"compnetexpe":null,"contress":null,"polidiviexpe":null,"reinexpe":null,"otherbizcost":null,"biztax":8033170.08,"salesexpe":7.962801226E7,"manaexpe":8.108476156E7,"finexpe":-1662540.18,"asseimpaloss":172646.23,"biztotcostitse":null,"biztotcostform":null,"valuechgloss":null,"inveinco":2.366405646E7,"assoinveprof":null,"exchggain":null,"futuloss":null,"custinco":null,"subsidyincome":null,"otherbizprof":null,"bizprofitse":null,"operprofform":null,"perprofit":2.0877831185E8,"nonoreve":1389412.71,"nonoexpe":37143.25,"noncassetsdisl":13576.37,"proftotitse":null,"proftotform":null,"totprofit":2.1013058131E8,"incotaxexpe":2.943399591E7,"unreinveloss":null,"netpro1itse":null,"netpro1form":null,"netprofit":1.806965854E8,"parenetp":1.806965854E8,"mergeformnetprof":null,"minysharrigh":null,"netpro2itse":null,"netpro2form":null,"basiceps":0.28,"dilutedeps":0.28,"othercompinco":null,"parecompinco":null,"minysharinco":null,"compincoamt":1.806965854E8,"parecompincoamt":1.806965854E8,"minysharincoamt":null,"earlyundiprof":null,"undisprofredu":null,"otherinto":null,"otherdistprof":null,"legalsurp":null,"welfare":null,"capitalreserve":null,"staffaward":null,"reservefund":null,"developfund":null,"profreturninvest":null,"supplycurcap":null,"avaidistshareprof":null,"preferredskdiv":null,"freesurplu":null,"dealwithdivi":null,"capitalizeddivi":null,"undisprofit":null,"selldepartgain":null,"natudisasterloss":null,"accpolicychg":null,"accestimatechg":null,"debtrestruloss":null,"othersupply":null},{"compcode":"80195268","publishdate":"20170818","begindate":"20170101","enddate":"20170630","reporttype":"100111","adjustdate":"20170818","accstacode":"2","accstaname":"新会计准则","biztotinco":3.7297688288E8,"bizinco":3.7297688288E8,"inteinco":null,"earnprem":null,"pouninco":null,"realsale":null,"otherbizinco":null,"biztotincoitse":null,"biztotincoform":null,"biztotcost":2.7255235298E8,"bizcost":1.7206311202E8,"inteexpe":null,"pounexpe":null,"realsalecost":null,"deveexpe":null,"surrgold":null,"compnetexpe":null,"contress":null,"polidiviexpe":null,"reinexpe":null,"otherbizcost":null,"biztax":4996825.86,"salesexpe":4.484259476E7,"manaexpe":5.193593074E7,"finexpe":-1515648.76,"asseimpaloss":229538.36,"biztotcostitse":null,"biztotcostform":null,"valuechgloss":null,"inveinco":1.341018249E7,"assoinveprof":null,"exchggain":null,"futuloss":null,"custinco":null,"subsidyincome":null,"otherbizprof":null,"bizprofitse":null,"operprofform":null,"perprofit":1.1383471239E8,"nonoreve":684470.5,"nonoexpe":35993.25,"noncassetsdisl":13576.37,"proftotitse":null,"proftotform":null,"totprofit":1.1448318964E8,"incotaxexpe":1.531980355E7,"unreinveloss":null,"netpro1itse":null,"netpro1form":null,"netprofit":9.916338609E7,"parenetp":9.916338609E7,"mergeformnetprof":null,"minysharrigh":null,"netpro2itse":null,"netpro2form":null,"basiceps":0.15,"dilutedeps":0.15,"othercompinco":null,"parecompinco":null,"minysharinco":null,"compincoamt":9.916338609E7,"parecompincoamt":9.916338609E7,"minysharincoamt":null,"earlyundiprof":null,"undisprofredu":null,"otherinto":null,"otherdistprof":null,"legalsurp":null,"welfare":null,"capitalreserve":null,"staffaward":null,"reservefund":null,"developfund":null,"profreturninvest":null,"supplycurcap":null,"avaidistshareprof":null,"preferredskdiv":null,"freesurplu":null,"dealwithdivi":null,"capitalizeddivi":null,"undisprofit":null,"selldepartgain":null,"natudisasterloss":null,"accpolicychg":null,"accestimatechg":null,"debtrestruloss":null,"othersupply":null},{"compcode":"80195268","publishdate":"20170418","begindate":"20170101","enddate":"20170331","reporttype":"100111","adjustdate":"20170418","accstacode":"2","accstaname":"新会计准则","biztotinco":1.4363415905E8,"bizinco":1.4363415905E8,"inteinco":null,"earnprem":null,"pouninco":null,"realsale":null,"otherbizinco":null,"biztotincoitse":null,"biztotincoform":null,"biztotcost":9.985639412E7,"bizcost":6.32161358E7,"inteexpe":null,"pounexpe":null,"realsalecost":null,"deveexpe":null,"surrgold":null,"compnetexpe":null,"contress":null,"polidiviexpe":null,"reinexpe":null,"otherbizcost":null,"biztax":1619982.5,"salesexpe":1.104406089E7,"manaexpe":2.435230391E7,"finexpe":-844715.56,"asseimpaloss":468626.58,"biztotcostitse":null,"biztotcostform":null,"valuechgloss":null,"inveinco":4062041.88,"assoinveprof":null,"exchggain":null,"futuloss":null,"custinco":null,"subsidyincome":null,"otherbizprof":null,"bizprofitse":null,"operprofform":null,"perprofit":4.783980681E7,"nonoreve":622844.57,"nonoexpe":12772.94,"noncassetsdisl":11906.06,"proftotitse":null,"proftotform":null,"totprofit":4.844987844E7,"incotaxexpe":7235173.42,"unreinveloss":null,"netpro1itse":null,"netpro1form":null,"netprofit":4.121470502E7,"parenetp":4.121470502E7,"mergeformnetprof":null,"minysharrigh":null,"netpro2itse":null,"netpro2form":null,"basiceps":0.06,"dilutedeps":0.06,"othercompinco":null,"parecompinco":null,"minysharinco":null,"compincoamt":4.121470502E7,"parecompincoamt":4.121470502E7,"minysharincoamt":null,"earlyundiprof":null,"undisprofredu":null,"otherinto":null,"otherdistprof":null,"legalsurp":null,"welfare":null,"capitalreserve":null,"staffaward":null,"reservefund":null,"developfund":null,"profreturninvest":null,"supplycurcap":null,"avaidistshareprof":null,"preferredskdiv":null,"freesurplu":null,"dealwithdivi":null,"capitalizeddivi":null,"undisprofit":null,"selldepartgain":null,"natudisasterloss":null,"accpolicychg":null,"accestimatechg":null,"debtrestruloss":null,"othersupply":null},{"compcode":"80195268","publishdate":"20170310","begindate":"20160101","enddate":"20161231","reporttype":"100111","adjustdate":"20170310","accstacode":"2","accstaname":"新会计准则","biztotinco":6.6568362152E8,"bizinco":6.6568362152E8,"inteinco":null,"earnprem":null,"pouninco":null,"realsale":null,"otherbizinco":null,"biztotincoitse":null,"biztotincoform":null,"biztotcost":4.4242876568E8,"bizcost":3.0072408494E8,"inteexpe":null,"pounexpe":null,"realsalecost":null,"deveexpe":null,"surrgold":null,"compnetexpe":null,"contress":null,"polidiviexpe":null,"reinexpe":null,"otherbizcost":null,"biztax":8659063.28,"salesexpe":5.548393758E7,"manaexpe":7.955093445E7,"finexpe":-2317936.55,"asseimpaloss":328681.98,"biztotcostitse":null,"biztotcostform":null,"valuechgloss":null,"inveinco":1.729639416E7,"assoinveprof":null,"exchggain":null,"futuloss":null,"custinco":null,"subsidyincome":null,"otherbizprof":null,"bizprofitse":null,"operprofform":null,"perprofit":2.4055125E8,"nonoreve":2210447.41,"nonoexpe":5650761.46,"noncassetsdisl":4777641.7,"proftotitse":null,"proftotform":null,"totprofit":2.3711093595E8,"incotaxexpe":3.445482077E7,"unreinveloss":null,"netpro1itse":null,"netpro1form":null,"netprofit":2.0265611518E8,"parenetp":2.0265611518E8,"mergeformnetprof":null,"minysharrigh":null,"netpro2itse":null,"netpro2form":null,"basiceps":0.32,"dilutedeps":0.32,"othercompinco":null,"parecompinco":null,"minysharinco":null,"compincoamt":2.0265611518E8,"parecompincoamt":2.0265611518E8,"minysharincoamt":null,"earlyundiprof":null,"undisprofredu":null,"otherinto":null,"otherdistprof":null,"legalsurp":null,"welfare":null,"capitalreserve":null,"staffaward":null,"reservefund":null,"developfund":null,"profreturninvest":null,"supplycurcap":null,"avaidistshareprof":null,"preferredskdiv":null,"freesurplu":null,"dealwithdivi":null,"capitalizeddivi":null,"undisprofit":null,"selldepartgain":null,"natudisasterloss":null,"accpolicychg":null,"accestimatechg":null,"debtrestruloss":null,"othersupply":null},{"compcode":"80195268","publishdate":"20161021","begindate":"20160101","enddate":"20160930","reporttype":"100111","adjustdate":"20161021","accstacode":"2","accstaname":"新会计准则","biztotinco":4.2576263905E8,"bizinco":4.2576263905E8,"inteinco":null,"earnprem":null,"pouninco":null,"realsale":null,"otherbizinco":null,"biztotincoitse":null,"biztotincoform":null,"biztotcost":2.9188003944E8,"bizcost":1.949470914E8,"inteexpe":null,"pounexpe":null,"realsalecost":null,"deveexpe":null,"surrgold":null,"compnetexpe":null,"contress":null,"polidiviexpe":null,"reinexpe":null,"otherbizcost":null,"biztax":4244908.22,"salesexpe":3.93588071E7,"manaexpe":5.399136862E7,"finexpe":-1150293.29,"asseimpaloss":488157.39,"biztotcostitse":null,"biztotcostform":null,"valuechgloss":null,"inveinco":1.306416361E7,"assoinveprof":null,"exchggain":null,"futuloss":null,"custinco":null,"subsidyincome":null,"otherbizprof":null,"bizprofitse":null,"operprofform":null,"perprofit":1.4694676322E8,"nonoreve":1466571.88,"nonoexpe":5470089.62,"noncassetsdisl":4701226.44,"proftotitse":null,"proftotform":null,"totprofit":1.4294324548E8,"incotaxexpe":2.004175494E7,"unreinveloss":null,"netpro1itse":null,"netpro1form":null,"netprofit":1.2290149054E8,"parenetp":1.2290149054E8,"mergeformnetprof":null,"minysharrigh":null,"netpro2itse":null,"netpro2form":null,"basiceps":0.19,"dilutedeps":0.19,"othercompinco":null,"parecompinco":null,"minysharinco":null,"compincoamt":1.2290149054E8,"parecompincoamt":1.2290149054E8,"minysharincoamt":null,"earlyundiprof":null,"undisprofredu":null,"otherinto":null,"otherdistprof":null,"legalsurp":null,"welfare":null,"capitalreserve":null,"staffaward":null,"reservefund":null,"developfund":null,"profreturninvest":null,"supplycurcap":null,"avaidistshareprof":null,"preferredskdiv":null,"freesurplu":null,"dealwithdivi":null,"capitalizeddivi":null,"undisprofit":null,"selldepartgain":null,"natudisasterloss":null,"accpolicychg":null,"accestimatechg":null,"debtrestruloss":null,"othersupply":null},{"compcode":"80195268","publishdate":"20160818","begindate":"20160101","enddate":"20160630","reporttype":"100111","adjustdate":"20160818","accstacode":"2","accstaname":"新会计准则","biztotinco":2.3913687371E8,"bizinco":2.3913687371E8,"inteinco":null,"earnprem":null,"pouninco":null,"realsale":null,"otherbizinco":null,"biztotincoitse":null,"biztotincoform":null,"biztotcost":1.7406320623E8,"bizcost":1.0936400821E8,"inteexpe":null,"pounexpe":null,"realsalecost":null,"deveexpe":null,"surrgold":null,"compnetexpe":null,"contress":null,"polidiviexpe":null,"reinexpe":null,"otherbizcost":null,"biztax":2477858.3,"salesexpe":2.572483595E7,"manaexpe":3.698084261E7,"finexpe":-916499.72,"asseimpaloss":432160.88,"biztotcostitse":null,"biztotcostform":null,"valuechgloss":null,"inveinco":1.002761671E7,"assoinveprof":null,"exchggain":null,"futuloss":null,"custinco":null,"subsidyincome":null,"otherbizprof":null,"bizprofitse":null,"operprofform":null,"perprofit":7.510128419E7,"nonoreve":1016531.0,"nonoexpe":371917.62,"noncassetsdisl":null,"proftotitse":null,"proftotform":null,"totprofit":7.574589757E7,"incotaxexpe":1.009151648E7,"unreinveloss":null,"netpro1itse":null,"netpro1form":null,"netprofit":6.565438109E7,"parenetp":6.565438109E7,"mergeformnetprof":null,"minysharrigh":null,"netpro2itse":null,"netpro2form":null,"basiceps":0.1,"dilutedeps":0.1,"othercompinco":null,"parecompinco":null,"minysharinco":null,"compincoamt":6.565438109E7,"parecompincoamt":6.565438109E7,"minysharincoamt":null,"earlyundiprof":null,"undisprofredu":null,"otherinto":null,"otherdistprof":null,"legalsurp":null,"welfare":null,"capitalreserve":null,"staffaward":null,"reservefund":null,"developfund":null,"profreturninvest":null,"supplycurcap":null,"avaidistshareprof":null,"preferredskdiv":null,"freesurplu":null,"dealwithdivi":null,"capitalizeddivi":null,"undisprofit":null,"selldepartgain":null,"natudisasterloss":null,"accpolicychg":null,"accestimatechg":null,"debtrestruloss":null,"othersupply":null},{"compcode":"80195268","publishdate":"20160418","begindate":"20160101","enddate":"20160331","reporttype":"100111","adjustdate":"20160418","accstacode":"2","accstaname":"新会计准则","biztotinco":9.457675198E7,"bizinco":9.457675198E7,"inteinco":null,"earnprem":null,"pouninco":null,"realsale":null,"otherbizinco":null,"biztotincoitse":null,"biztotincoform":null,"biztotcost":6.665936232E7,"bizcost":4.511977845E7,"inteexpe":null,"pounexpe":null,"realsalecost":null,"deveexpe":null,"surrgold":null,"compnetexpe":null,"contress":null,"polidiviexpe":null,"reinexpe":null,"otherbizcost":null,"biztax":949143.98,"salesexpe":8791353.11,"manaexpe":1.167086047E7,"finexpe":-357640.04,"asseimpaloss":485866.35,"biztotcostitse":null,"biztotcostform":null,"valuechgloss":null,"inveinco":5868535.84,"assoinveprof":null,"exchggain":null,"futuloss":null,"custinco":null,"subsidyincome":null,"otherbizprof":null,"bizprofitse":null,"operprofform":null,"perprofit":3.37859255E7,"nonoreve":352548.22,"nonoexpe":169274.75,"noncassetsdisl":null,"proftotitse":null,"proftotform":null,"totprofit":3.396919897E7,"incotaxexpe":5349581.98,"unreinveloss":null,"netpro1itse":null,"netpro1form":null,"netprofit":2.861961699E7,"parenetp":2.861961699E7,"mergeformnetprof":null,"minysharrigh":null,"netpro2itse":null,"netpro2form":null,"basiceps":0.07,"dilutedeps":0.07,"othercompinco":null,"parecompinco":null,"minysharinco":null,"compincoamt":2.861961699E7,"parecompincoamt":2.861961699E7,"minysharincoamt":null,"earlyundiprof":null,"undisprofredu":null,"otherinto":null,"otherdistprof":null,"legalsurp":null,"welfare":null,"capitalreserve":null,"staffaward":null,"reservefund":null,"developfund":null,"profreturninvest":null,"supplycurcap":null,"avaidistshareprof":null,"preferredskdiv":null,"freesurplu":null,"dealwithdivi":null,"capitalizeddivi":null,"undisprofit":null,"selldepartgain":null,"natudisasterloss":null,"accpolicychg":null,"accestimatechg":null,"debtrestruloss":null,"othersupply":null},{"compcode":"80195268","publishdate":"20160418","begindate":"20150101","enddate":"20151231","reporttype":"100111","adjustdate":"20160418","accstacode":"2","accstaname":"新会计准则","biztotinco":5.1787728895E8,"bizinco":5.1787728895E8,"inteinco":null,"earnprem":null,"pouninco":null,"realsale":null,"otherbizinco":null,"biztotincoitse":null,"biztotincoform":null,"biztotcost":3.7174973796E8,"bizcost":2.4425390827E8,"inteexpe":null,"pounexpe":null,"realsalecost":null,"deveexpe":null,"surrgold":null,"compnetexpe":null,"contress":null,"polidiviexpe":null,"reinexpe":null,"otherbizcost":null,"biztax":4576226.0,"salesexpe":6.262991122E7,"manaexpe":6.277504828E7,"finexpe":-2587152.69,"asseimpaloss":101796.88,"biztotcostitse":null,"biztotcostform":null,"valuechgloss":null,"inveinco":2.614898693E7,"assoinveprof":null,"exchggain":null,"futuloss":null,"custinco":null,"subsidyincome":null,"otherbizprof":null,"bizprofitse":null,"operprofform":null,"perprofit":1.7227653792E8,"nonoreve":1.094312326E7,"nonoexpe":2047506.42,"noncassetsdisl":602856.11,"proftotitse":null,"proftotform":null,"totprofit":1.8117215476E8,"incotaxexpe":2.553097605E7,"unreinveloss":null,"netpro1itse":null,"netpro1form":null,"netprofit":1.5564117871E8,"parenetp":1.5564117871E8,"mergeformnetprof":null,"minysharrigh":null,"netpro2itse":null,"netpro2form":null,"basiceps":0.39,"dilutedeps":0.39,"othercompinco":null,"parecompinco":null,"minysharinco":null,"compincoamt":1.5564117871E8,"parecompincoamt":1.5564117871E8,"minysharincoamt":null,"earlyundiprof":null,"undisprofredu":null,"otherinto":null,"otherdistprof":null,"legalsurp":null,"welfare":null,"capitalreserve":null,"staffaward":null,"reservefund":null,"developfund":null,"profreturninvest":null,"supplycurcap":null,"avaidistshareprof":null,"preferredskdiv":null,"freesurplu":null,"dealwithdivi":null,"capitalizeddivi":null,"undisprofit":null,"selldepartgain":null,"natudisasterloss":null,"accpolicychg":null,"accestimatechg":null,"debtrestruloss":null,"othersupply":null},{"compcode":"80195268","publishdate":"20151020","begindate":"20150101","enddate":"20150930","reporttype":"100111","adjustdate":"20151020","accstacode":"2","accstaname":"新会计准则","biztotinco":3.2286207695E8,"bizinco":3.2286207695E8,"inteinco":null,"earnprem":null,"pouninco":null,"realsale":null,"otherbizinco":null,"biztotincoitse":null,"biztotincoform":null,"biztotcost":2.4423094755E8,"bizcost":1.5855719039E8,"inteexpe":null,"pounexpe":null,"realsalecost":null,"deveexpe":null,"surrgold":null,"compnetexpe":null,"contress":null,"polidiviexpe":null,"reinexpe":null,"otherbizcost":null,"biztax":2680055.61,"salesexpe":3.902584452E7,"manaexpe":4.574890885E7,"finexpe":-2347532.47,"asseimpaloss":566480.65,"biztotcostitse":null,"biztotcostform":null,"valuechgloss":null,"inveinco":2.053092997E7,"assoinveprof":null,"exchggain":null,"futuloss":null,"custinco":null,"subsidyincome":null,"otherbizprof":null,"bizprofitse":null,"operprofform":null,"perprofit":9.916205937E7,"nonoreve":8335652.07,"nonoexpe":1506509.28,"noncassetsdisl":470417.48,"proftotitse":null,"proftotform":null,"totprofit":1.0599120216E8,"incotaxexpe":1.431845246E7,"unreinveloss":null,"netpro1itse":null,"netpro1form":null,"netprofit":9.16727497E7,"parenetp":9.16727497E7,"mergeformnetprof":null,"minysharrigh":null,"netpro2itse":null,"netpro2form":null,"basiceps":0.23,"dilutedeps":0.23,"othercompinco":null,"parecompinco":null,"minysharinco":null,"compincoamt":9.16727497E7,"parecompincoamt":9.16727497E7,"minysharincoamt":null,"earlyundiprof":null,"undisprofredu":null,"otherinto":null,"otherdistprof":null,"legalsurp":null,"welfare":null,"capitalreserve":null,"staffaward":null,"reservefund":null,"developfund":null,"profreturninvest":null,"supplycurcap":null,"avaidistshareprof":null,"preferredskdiv":null,"freesurplu":null,"dealwithdivi":null,"capitalizeddivi":null,"undisprofit":null,"selldepartgain":null,"natudisasterloss":null,"accpolicychg":null,"accestimatechg":null,"debtrestruloss":null,"othersupply":null},{"compcode":"80195268","publishdate":"20150820","begindate":"20150101","enddate":"20150630","reporttype":"100111","adjustdate":"20150820","accstacode":"2","accstaname":"新会计准则","biztotinco":1.8881546651E8,"bizinco":1.8881546651E8,"inteinco":null,"earnprem":null,"pouninco":null,"realsale":null,"otherbizinco":null,"biztotincoitse":null,"biztotincoform":null,"biztotcost":1.4795750112E8,"bizcost":9.397348039E7,"inteexpe":null,"pounexpe":null,"realsalecost":null,"deveexpe":null,"surrgold":null,"compnetexpe":null,"contress":null,"polidiviexpe":null,"reinexpe":null,"otherbizcost":null,"biztax":1531487.58,"salesexpe":2.30942605E7,"manaexpe":3.072416624E7,"finexpe":-2063763.15,"asseimpaloss":697869.56,"biztotcostitse":null,"biztotcostform":null,"valuechgloss":null,"inveinco":1.601745087E7,"assoinveprof":null,"exchggain":null,"futuloss":null,"custinco":null,"subsidyincome":null,"otherbizprof":null,"bizprofitse":null,"operprofform":null,"perprofit":5.687541626E7,"nonoreve":5777624.29,"nonoexpe":796831.32,"noncassetsdisl":null,"proftotitse":null,"proftotform":null,"totprofit":6.185620923E7,"incotaxexpe":7734925.5,"unreinveloss":null,"netpro1itse":null,"netpro1form":null,"netprofit":5.412128373E7,"parenetp":5.412128373E7,"mergeformnetprof":null,"minysharrigh":null,"netpro2itse":null,"netpro2form":null,"basiceps":0.14,"dilutedeps":0.14,"othercompinco":null,"parecompinco":null,"minysharinco":null,"compincoamt":5.412128373E7,"parecompincoamt":5.412128373E7,"minysharincoamt":null,"earlyundiprof":null,"undisprofredu":null,"otherinto":null,"otherdistprof":null,"legalsurp":null,"welfare":null,"capitalreserve":null,"staffaward":null,"reservefund":null,"developfund":null,"profreturninvest":null,"supplycurcap":null,"avaidistshareprof":null,"preferredskdiv":null,"freesurplu":null,"dealwithdivi":null,"capitalizeddivi":null,"undisprofit":null,"selldepartgain":null,"natudisasterloss":null,"accpolicychg":null,"accestimatechg":null,"debtrestruloss":null,"othersupply":null},{"compcode":"80195268","publishdate":"20150424","begindate":"20150101","enddate":"20150331","reporttype":"100111","adjustdate":"20150424","accstacode":"2","accstaname":"新会计准则","biztotinco":8.044914072E7,"bizinco":8.044914072E7,"inteinco":null,"earnprem":null,"pouninco":null,"realsale":null,"otherbizinco":null,"biztotincoitse":null,"biztotincoform":null,"biztotcost":6.334251321E7,"bizcost":3.803969348E7,"inteexpe":null,"pounexpe":null,"realsalecost":null,"deveexpe":null,"surrgold":null,"compnetexpe":null,"contress":null,"polidiviexpe":null,"reinexpe":null,"otherbizcost":null,"biztax":698030.69,"salesexpe":1.004525371E7,"manaexpe":1.400774489E7,"finexpe":-1250356.1,"asseimpaloss":1802146.54,"biztotcostitse":null,"biztotcostform":null,"valuechgloss":null,"inveinco":1.006753411E7,"assoinveprof":null,"exchggain":null,"futuloss":null,"custinco":null,"subsidyincome":null,"otherbizprof":null,"bizprofitse":null,"operprofform":null,"perprofit":2.717416162E7,"nonoreve":1473368.26,"nonoexpe":518342.14,"noncassetsdisl":null,"proftotitse":null,"proftotform":null,"totprofit":2.812918774E7,"incotaxexpe":2719701.34,"unreinveloss":null,"netpro1itse":null,"netpro1form":null,"netprofit":2.54094864E7,"parenetp":2.54094864E7,"mergeformnetprof":null,"minysharrigh":null,"netpro2itse":null,"netpro2form":null,"basiceps":0.13,"dilutedeps":0.13,"othercompinco":null,"parecompinco":null,"minysharinco":null,"compincoamt":2.54094864E7,"parecompincoamt":2.54094864E7,"minysharincoamt":null,"earlyundiprof":null,"undisprofredu":null,"otherinto":null,"otherdistprof":null,"legalsurp":null,"welfare":null,"capitalreserve":null,"staffaward":null,"reservefund":null,"developfund":null,"profreturninvest":null,"supplycurcap":null,"avaidistshareprof":null,"preferredskdiv":null,"freesurplu":null,"dealwithdivi":null,"capitalizeddivi":null,"undisprofit":null,"selldepartgain":null,"natudisasterloss":null,"accpolicychg":null,"accestimatechg":null,"debtrestruloss":null,"othersupply":null},{"compcode":"80195268","publishdate":"20150326","begindate":"20140101","enddate":"20141231","reporttype":"100111","adjustdate":"20150326","accstacode":"2","accstaname":"新会计准则","biztotinco":4.6960782535E8,"bizinco":4.6960782535E8,"inteinco":null,"earnprem":null,"pouninco":null,"realsale":null,"otherbizinco":null,"biztotincoitse":null,"biztotincoform":null,"biztotcost":3.5095666156E8,"bizcost":2.190964281E8,"inteexpe":null,"pounexpe":null,"realsalecost":null,"deveexpe":null,"surrgold":null,"compnetexpe":null,"contress":null,"polidiviexpe":null,"reinexpe":null,"otherbizcost":null,"biztax":4135604.15,"salesexpe":5.912420509E7,"manaexpe":6.970312008E7,"finexpe":-1392539.16,"asseimpaloss":289843.3,"biztotcostitse":null,"biztotcostform":null,"valuechgloss":null,"inveinco":3.175374546E7,"assoinveprof":null,"exchggain":null,"futuloss":null,"custinco":null,"subsidyincome":null,"otherbizprof":null,"bizprofitse":null,"operprofform":null,"perprofit":1.5040490925E8,"nonoreve":9058770.8,"nonoexpe":3643669.19,"noncassetsdisl":2473537.83,"proftotitse":null,"proftotform":null,"totprofit":1.5582001086E8,"incotaxexpe":1.808630586E7,"unreinveloss":null,"netpro1itse":null,"netpro1form":null,"netprofit":1.37733705E8,"parenetp":1.37733705E8,"mergeformnetprof":null,"minysharrigh":null,"netpro2itse":null,"netpro2form":null,"basiceps":0.69,"dilutedeps":0.69,"othercompinco":null,"parecompinco":null,"minysharinco":null,"compincoamt":1.37733705E8,"parecompincoamt":1.37733705E8,"minysharincoamt":null,"earlyundiprof":null,"undisprofredu":null,"otherinto":null,"otherdistprof":null,"legalsurp":null,"welfare":null,"capitalreserve":null,"staffaward":null,"reservefund":null,"developfund":null,"profreturninvest":null,"supplycurcap":null,"avaidistshareprof":null,"preferredskdiv":null,"freesurplu":null,"dealwithdivi":null,"capitalizeddivi":null,"undisprofit":null,"selldepartgain":null,"natudisasterloss":null,"accpolicychg":null,"accestimatechg":null,"debtrestruloss":null,"othersupply":null},{"compcode":"80195268","publishdate":"20141024","begindate":"20140101","enddate":"20140930","reporttype":"100111","adjustdate":"20141024","accstacode":"2","accstaname":"新会计准则","biztotinco":2.9101865949E8,"bizinco":2.9101865949E8,"inteinco":null,"earnprem":null,"pouninco":null,"realsale":null,"otherbizinco":null,"biztotincoitse":null,"biztotincoform":null,"biztotcost":2.2762508984E8,"bizcost":1.3598856743E8,"inteexpe":null,"pounexpe":null,"realsalecost":null,"deveexpe":null,"surrgold":null,"compnetexpe":null,"contress":null,"polidiviexpe":null,"reinexpe":null,"otherbizcost":null,"biztax":2372503.55,"salesexpe":4.360900899E7,"manaexpe":4.555449973E7,"finexpe":-714666.11,"asseimpaloss":815176.25,"biztotcostitse":null,"biztotcostform":null,"valuechgloss":null,"inveinco":2.730596247E7,"assoinveprof":null,"exchggain":null,"futuloss":null,"custinco":null,"subsidyincome":null,"otherbizprof":null,"bizprofitse":null,"operprofform":null,"perprofit":9.069953212E7,"nonoreve":5655879.17,"nonoexpe":1071759.67,"noncassetsdisl":372812.68,"proftotitse":null,"proftotform":null,"totprofit":9.528365162E7,"incotaxexpe":1.289079907E7,"unreinveloss":null,"netpro1itse":null,"netpro1form":null,"netprofit":8.239285255E7,"parenetp":8.239285255E7,"mergeformnetprof":null,"minysharrigh":null,"netpro2itse":null,"netpro2form":null,"basiceps":0.41,"dilutedeps":0.41,"othercompinco":null,"parecompinco":null,"minysharinco":null,"compincoamt":8.239285255E7,"parecompincoamt":8.239285255E7,"minysharincoamt":null,"earlyundiprof":null,"undisprofredu":null,"otherinto":null,"otherdistprof":null,"legalsurp":null,"welfare":null,"capitalreserve":null,"staffaward":null,"reservefund":null,"developfund":null,"profreturninvest":null,"supplycurcap":null,"avaidistshareprof":null,"preferredskdiv":null,"freesurplu":null,"dealwithdivi":null,"capitalizeddivi":null,"undisprofit":null,"selldepartgain":null,"natudisasterloss":null,"accpolicychg":null,"accestimatechg":null,"debtrestruloss":null,"othersupply":null},{"compcode":"80195268","publishdate":"20140826","begindate":"20140101","enddate":"20140630","reporttype":"100111","adjustdate":"20140826","accstacode":"2","accstaname":"新会计准则","biztotinco":1.711003319E8,"bizinco":1.711003319E8,"inteinco":null,"earnprem":null,"pouninco":null,"realsale":null,"otherbizinco":null,"biztotincoitse":null,"biztotincoform":null,"biztotcost":1.3521356859E8,"bizcost":8.259141734E7,"inteexpe":null,"pounexpe":null,"realsalecost":null,"deveexpe":null,"surrgold":null,"compnetexpe":null,"contress":null,"polidiviexpe":null,"reinexpe":null,"otherbizcost":null,"biztax":1497447.37,"salesexpe":2.178057455E7,"manaexpe":2.884051166E7,"finexpe":-477005.49,"asseimpaloss":980623.16,"biztotcostitse":null,"biztotcostform":null,"valuechgloss":null,"inveinco":1.755655209E7,"assoinveprof":null,"exchggain":null,"futuloss":null,"custinco":null,"subsidyincome":null,"otherbizprof":null,"bizprofitse":null,"operprofform":null,"perprofit":5.34433154E7,"nonoreve":2757880.61,"nonoexpe":547536.7,"noncassetsdisl":null,"proftotitse":null,"proftotform":null,"totprofit":5.565365931E7,"incotaxexpe":7500105.41,"unreinveloss":null,"netpro1itse":null,"netpro1form":null,"netprofit":4.81535539E7,"parenetp":4.81535539E7,"mergeformnetprof":null,"minysharrigh":null,"netpro2itse":null,"netpro2form":null,"basiceps":0.24,"dilutedeps":0.24,"othercompinco":null,"parecompinco":null,"minysharinco":null,"compincoamt":4.81535539E7,"parecompincoamt":4.81535539E7,"minysharincoamt":null,"earlyundiprof":null,"undisprofredu":null,"otherinto":null,"otherdistprof":null,"legalsurp":null,"welfare":null,"capitalreserve":null,"staffaward":null,"reservefund":null,"developfund":null,"profreturninvest":null,"supplycurcap":null,"avaidistshareprof":null,"preferredskdiv":null,"freesurplu":null,"dealwithdivi":null,"capitalizeddivi":null,"undisprofit":null,"selldepartgain":null,"natudisasterloss":null,"accpolicychg":null,"accestimatechg":null,"debtrestruloss":null,"othersupply":null},{"compcode":"80195268","publishdate":"20140424","begindate":"20140101","enddate":"20140331","reporttype":"100111","adjustdate":"20140424","accstacode":"2","accstaname":"新会计准则","biztotinco":7.690659913E7,"bizinco":7.690659913E7,"inteinco":null,"earnprem":null,"pouninco":null,"realsale":null,"otherbizinco":null,"biztotincoitse":null,"biztotincoform":null,"biztotcost":6.18456858E7,"bizcost":3.580328427E7,"inteexpe":null,"pounexpe":null,"realsalecost":null,"deveexpe":null,"surrgold":null,"compnetexpe":null,"contress":null,"polidiviexpe":null,"reinexpe":null,"otherbizcost":null,"biztax":687405.13,"salesexpe":1.239780655E7,"manaexpe":1.208682928E7,"finexpe":-150659.21,"asseimpaloss":1021019.78,"biztotcostitse":null,"biztotcostform":null,"valuechgloss":null,"inveinco":1.055495586E7,"assoinveprof":null,"exchggain":null,"futuloss":null,"custinco":null,"subsidyincome":null,"otherbizprof":null,"bizprofitse":null,"operprofform":null,"perprofit":2.561586919E7,"nonoreve":684409.84,"nonoexpe":133854.68,"noncassetsdisl":null,"proftotitse":null,"proftotform":null,"totprofit":2.616642435E7,"incotaxexpe":3447022.73,"unreinveloss":null,"netpro1itse":null,"netpro1form":null,"netprofit":2.271940162E7,"parenetp":2.271940162E7,"mergeformnetprof":null,"minysharrigh":null,"netpro2itse":null,"netpro2form":null,"basiceps":0.11,"dilutedeps":0.11,"othercompinco":null,"parecompinco":null,"minysharinco":null,"compincoamt":2.271940162E7,"parecompincoamt":2.271940162E7,"minysharincoamt":null,"earlyundiprof":null,"undisprofredu":null,"otherinto":null,"otherdistprof":null,"legalsurp":null,"welfare":null,"capitalreserve":null,"staffaward":null,"reservefund":null,"developfund":null,"profreturninvest":null,"supplycurcap":null,"avaidistshareprof":null,"preferredskdiv":null,"freesurplu":null,"dealwithdivi":null,"capitalizeddivi":null,"undisprofit":null,"selldepartgain":null,"natudisasterloss":null,"accpolicychg":null,"accestimatechg":null,"debtrestruloss":null,"othersupply":null},{"compcode":"80195268","publishdate":"20140328","begindate":"20130101","enddate":"20131231","reporttype":"100111","adjustdate":"20140328","accstacode":"2","accstaname":"新会计准则","biztotinco":3.9085397092E8,"bizinco":3.9085397092E8,"inteinco":null,"earnprem":null,"pouninco":null,"realsale":null,"otherbizinco":null,"biztotincoitse":null,"biztotincoform":null,"biztotcost":2.9098716659E8,"bizcost":1.8096954736E8,"inteexpe":null,"pounexpe":null,"realsalecost":null,"deveexpe":null,"surrgold":null,"compnetexpe":null,"contress":null,"polidiviexpe":null,"reinexpe":null,"otherbizcost":null,"biztax":3203726.59,"salesexpe":4.934662189E7,"manaexpe":6.20737009E7,"finexpe":-4539529.69,"asseimpaloss":-66900.46,"biztotcostitse":null,"biztotcostform":null,"valuechgloss":null,"inveinco":2.060865894E7,"assoinveprof":null,"exchggain":null,"futuloss":null,"custinco":null,"subsidyincome":null,"otherbizprof":null,"bizprofitse":null,"operprofform":null,"perprofit":1.2047546327E8,"nonoreve":9092811.46,"nonoexpe":1616417.15,"noncassetsdisl":157730.27,"proftotitse":null,"proftotform":null,"totprofit":1.2795185758E8,"incotaxexpe":2.027458571E7,"unreinveloss":null,"netpro1itse":null,"netpro1form":null,"netprofit":1.0767727187E8,"parenetp":1.0767727187E8,"mergeformnetprof":null,"minysharrigh":null,"netpro2itse":null,"netpro2form":null,"basiceps":0.54,"dilutedeps":0.54,"othercompinco":null,"parecompinco":null,"minysharinco":null,"compincoamt":1.0767727187E8,"parecompincoamt":1.0767727187E8,"minysharincoamt":null,"earlyundiprof":null,"undisprofredu":null,"otherinto":null,"otherdistprof":null,"legalsurp":null,"welfare":null,"capitalreserve":null,"staffaward":null,"reservefund":null,"developfund":null,"profreturninvest":null,"supplycurcap":null,"avaidistshareprof":null,"preferredskdiv":null,"freesurplu":null,"dealwithdivi":null,"capitalizeddivi":null,"undisprofit":null,"selldepartgain":null,"natudisasterloss":null,"accpolicychg":null,"accestimatechg":null,"debtrestruloss":null,"othersupply":null},{"compcode":"80195268","publishdate":"20131023","begindate":"20130101","enddate":"20130930","reporttype":"100111","adjustdate":"20131023","accstacode":"2","accstaname":"新会计准则","biztotinco":2.3118530755E8,"bizinco":2.3118530755E8,"inteinco":null,"earnprem":null,"pouninco":null,"realsale":null,"otherbizinco":null,"biztotincoitse":null,"biztotincoform":null,"biztotcost":1.8795175243E8,"bizcost":1.0769824562E8,"inteexpe":null,"pounexpe":null,"realsalecost":null,"deveexpe":null,"surrgold":null,"compnetexpe":null,"contress":null,"polidiviexpe":null,"reinexpe":null,"otherbizcost":null,"biztax":1884431.17,"salesexpe":3.007985327E7,"manaexpe":5.200096973E7,"finexpe":-4332633.06,"asseimpaloss":620885.7,"biztotcostitse":null,"biztotcostform":null,"valuechgloss":null,"inveinco":1.061696925E7,"assoinveprof":null,"exchggain":null,"futuloss":null,"custinco":null,"subsidyincome":null,"otherbizprof":null,"bizprofitse":null,"operprofform":null,"perprofit":5.385052437E7,"nonoreve":9997210.03,"nonoexpe":1067784.09,"noncassetsdisl":-157730.27,"proftotitse":null,"proftotform":null,"totprofit":6.277995031E7,"incotaxexpe":7771703.59,"unreinveloss":null,"netpro1itse":null,"netpro1form":null,"netprofit":5.500824672E7,"parenetp":5.500824672E7,"mergeformnetprof":null,"minysharrigh":null,"netpro2itse":null,"netpro2form":null,"basiceps":0.28,"dilutedeps":0.28,"othercompinco":null,"parecompinco":null,"minysharinco":null,"compincoamt":5.500824672E7,"parecompincoamt":5.500824672E7,"minysharincoamt":null,"earlyundiprof":null,"undisprofredu":null,"otherinto":null,"otherdistprof":null,"legalsurp":null,"welfare":null,"capitalreserve":null,"staffaward":null,"reservefund":null,"developfund":null,"profreturninvest":null,"supplycurcap":null,"avaidistshareprof":null,"preferredskdiv":null,"freesurplu":null,"dealwithdivi":null,"capitalizeddivi":null,"undisprofit":null,"selldepartgain":null,"natudisasterloss":null,"accpolicychg":null,"accestimatechg":null,"debtrestruloss":null,"othersupply":null},{"compcode":"80195268","publishdate":"20130815","begindate":"20130101","enddate":"20130630","reporttype":"100111","adjustdate":"20130815","accstacode":"2","accstaname":"新会计准则","biztotinco":1.5562556005E8,"bizinco":1.5562556005E8,"inteinco":null,"earnprem":null,"pouninco":null,"realsale":null,"otherbizinco":null,"biztotincoitse":null,"biztotincoform":null,"biztotcost":1.1756405859E8,"bizcost":7.199993229E7,"inteexpe":null,"pounexpe":null,"realsalecost":null,"deveexpe":null,"surrgold":null,"compnetexpe":null,"contress":null,"polidiviexpe":null,"reinexpe":null,"otherbizcost":null,"biztax":1664488.86,"salesexpe":2.115565728E7,"manaexpe":2.628300813E7,"finexpe":-4750207.84,"asseimpaloss":1211179.87,"biztotcostitse":null,"biztotcostform":null,"valuechgloss":null,"inveinco":4224470.02,"assoinveprof":null,"exchggain":null,"futuloss":null,"custinco":null,"subsidyincome":null,"otherbizprof":null,"bizprofitse":null,"operprofform":null,"perprofit":4.228597148E7,"nonoreve":5607945.3,"nonoexpe":747907.92,"noncassetsdisl":null,"proftotitse":null,"proftotform":null,"totprofit":4.714600886E7,"incotaxexpe":6423255.21,"unreinveloss":null,"netpro1itse":null,"netpro1form":null,"netprofit":4.072275365E7,"parenetp":4.072275365E7,"mergeformnetprof":null,"minysharrigh":null,"netpro2itse":null,"netpro2form":null,"basiceps":0.2,"dilutedeps":0.2,"othercompinco":null,"parecompinco":null,"minysharinco":null,"compincoamt":4.072275365E7,"parecompincoamt":4.072275365E7,"minysharincoamt":null,"earlyundiprof":null,"undisprofredu":null,"otherinto":null,"otherdistprof":null,"legalsurp":null,"welfare":null,"capitalreserve":null,"staffaward":null,"reservefund":null,"developfund":null,"profreturninvest":null,"supplycurcap":null,"avaidistshareprof":null,"preferredskdiv":null,"freesurplu":null,"dealwithdivi":null,"capitalizeddivi":null,"undisprofit":null,"selldepartgain":null,"natudisasterloss":null,"accpolicychg":null,"accestimatechg":null,"debtrestruloss":null,"othersupply":null},{"compcode":"80195268","publishdate":"20130425","begindate":"20130101","enddate":"20130331","reporttype":"100111","adjustdate":"20130425","accstacode":"2","accstaname":"新会计准则","biztotinco":7.472600507E7,"bizinco":7.472600507E7,"inteinco":null,"earnprem":null,"pouninco":null,"realsale":null,"otherbizinco":null,"biztotincoitse":null,"biztotincoform":null,"biztotcost":5.441424762E7,"bizcost":3.209007778E7,"inteexpe":null,"pounexpe":null,"realsalecost":null,"deveexpe":null,"surrgold":null,"compnetexpe":null,"contress":null,"polidiviexpe":null,"reinexpe":null,"otherbizcost":null,"biztax":704718.42,"salesexpe":1.212799831E7,"manaexpe":1.031888765E7,"finexpe":-1279055.92,"asseimpaloss":451621.38,"biztotcostitse":null,"biztotcostform":null,"valuechgloss":null,"inveinco":null,"assoinveprof":null,"exchggain":null,"futuloss":null,"custinco":null,"subsidyincome":null,"otherbizprof":null,"bizprofitse":null,"operprofform":null,"perprofit":2.031175745E7,"nonoreve":4711193.36,"nonoexpe":600202.39,"noncassetsdisl":null,"proftotitse":null,"proftotform":null,"totprofit":2.442274842E7,"incotaxexpe":4040861.01,"unreinveloss":null,"netpro1itse":null,"netpro1form":null,"netprofit":2.038188741E7,"parenetp":2.038188741E7,"mergeformnetprof":null,"minysharrigh":null,"netpro2itse":null,"netpro2form":null,"basiceps":0.1,"dilutedeps":0.1,"othercompinco":null,"parecompinco":null,"minysharinco":null,"compincoamt":2.038188741E7,"parecompincoamt":2.038188741E7,"minysharincoamt":null,"earlyundiprof":null,"undisprofredu":null,"otherinto":null,"otherdistprof":null,"legalsurp":null,"welfare":null,"capitalreserve":null,"staffaward":null,"reservefund":null,"developfund":null,"profreturninvest":null,"supplycurcap":null,"avaidistshareprof":null,"preferredskdiv":null,"freesurplu":null,"dealwithdivi":null,"capitalizeddivi":null,"undisprofit":null,"selldepartgain":null,"natudisasterloss":null,"accpolicychg":null,"accestimatechg":null,"debtrestruloss":null,"othersupply":null},{"compcode":"80195268","publishdate":"20130425","begindate":"20120101","enddate":"20121231","reporttype":"100111","adjustdate":"20130425","accstacode":"2","accstaname":"新会计准则","biztotinco":3.6202822728E8,"bizinco":3.6202822728E8,"inteinco":null,"earnprem":null,"pouninco":null,"realsale":null,"otherbizinco":null,"biztotincoitse":null,"biztotincoform":null,"biztotcost":2.6698222086E8,"bizcost":1.7079584551E8,"inteexpe":null,"pounexpe":null,"realsalecost":null,"deveexpe":null,"surrgold":null,"compnetexpe":null,"contress":null,"polidiviexpe":null,"reinexpe":null,"otherbizcost":null,"biztax":3346799.59,"salesexpe":4.832473881E7,"manaexpe":5.222144963E7,"finexpe":-7858782.06,"asseimpaloss":152169.38,"biztotcostitse":null,"biztotcostform":null,"valuechgloss":null,"inveinco":null,"assoinveprof":null,"exchggain":null,"futuloss":null,"custinco":null,"subsidyincome":null,"otherbizprof":null,"bizprofitse":null,"operprofform":null,"perprofit":9.504600642E7,"nonoreve":1.189606001E7,"nonoexpe":1573937.44,"noncassetsdisl":8968.66,"proftotitse":null,"proftotform":null,"totprofit":1.0536812899E8,"incotaxexpe":1.731953917E7,"unreinveloss":null,"netpro1itse":null,"netpro1form":null,"netprofit":8.804858982E7,"parenetp":8.804858982E7,"mergeformnetprof":null,"minysharrigh":null,"netpro2itse":null,"netpro2form":null,"basiceps":0.49,"dilutedeps":0.49,"othercompinco":null,"parecompinco":null,"minysharinco":null,"compincoamt":8.804858982E7,"parecompincoamt":8.804858982E7,"minysharincoamt":null,"earlyundiprof":null,"undisprofredu":null,"otherinto":null,"otherdistprof":null,"legalsurp":null,"welfare":null,"capitalreserve":null,"staffaward":null,"reservefund":null,"developfund":null,"profreturninvest":null,"supplycurcap":null,"avaidistshareprof":null,"preferredskdiv":null,"freesurplu":null,"dealwithdivi":null,"capitalizeddivi":null,"undisprofit":null,"selldepartgain":null,"natudisasterloss":null,"accpolicychg":null,"accestimatechg":null,"debtrestruloss":null,"othersupply":null},{"compcode":"80195268","publishdate":"20121020","begindate":"20120101","enddate":"20120930","reporttype":"100111","adjustdate":"20121020","accstacode":"2","accstaname":"新会计准则","biztotinco":2.2264506491E8,"bizinco":2.2264506491E8,"inteinco":null,"earnprem":null,"pouninco":null,"realsale":null,"otherbizinco":null,"biztotincoitse":null,"biztotincoform":null,"biztotcost":1.084668824E8,"bizcost":1.084668824E8,"inteexpe":null,"pounexpe":null,"realsalecost":null,"deveexpe":null,"surrgold":null,"compnetexpe":null,"contress":null,"polidiviexpe":null,"reinexpe":null,"otherbizcost":null,"biztax":1988466.6,"salesexpe":2.64041637E7,"manaexpe":3.750226784E7,"finexpe":-2148161.74,"asseimpaloss":627615.78,"biztotcostitse":-6.437435218E7,"biztotcostform":null,"valuechgloss":null,"inveinco":null,"assoinveprof":null,"exchggain":null,"futuloss":null,"custinco":null,"subsidyincome":null,"otherbizprof":null,"bizprofitse":-6.437435218E7,"operprofform":null,"perprofit":4.980383033E7,"nonoreve":8982765.13,"nonoexpe":1038930.28,"noncassetsdisl":null,"proftotitse":null,"proftotform":null,"totprofit":5.774766518E7,"incotaxexpe":9050341.85,"unreinveloss":null,"netpro1itse":null,"netpro1form":null,"netprofit":4.869732333E7,"parenetp":4.869732333E7,"mergeformnetprof":null,"minysharrigh":null,"netpro2itse":null,"netpro2form":null,"basiceps":0.28,"dilutedeps":0.28,"othercompinco":null,"parecompinco":null,"minysharinco":null,"compincoamt":4.869732333E7,"parecompincoamt":4.869732333E7,"minysharincoamt":null,"earlyundiprof":null,"undisprofredu":null,"otherinto":null,"otherdistprof":null,"legalsurp":null,"welfare":null,"capitalreserve":null,"staffaward":null,"reservefund":null,"developfund":null,"profreturninvest":null,"supplycurcap":null,"avaidistshareprof":null,"preferredskdiv":null,"freesurplu":null,"dealwithdivi":null,"capitalizeddivi":null,"undisprofit":null,"selldepartgain":null,"natudisasterloss":null,"accpolicychg":null,"accestimatechg":null,"debtrestruloss":null,"othersupply":null},{"compcode":"80195268","publishdate":"20120827","begindate":"20120101","enddate":"20120630","reporttype":"100111","adjustdate":"20120827","accstacode":"2","accstaname":"新会计准则","biztotinco":1.5369751305E8,"bizinco":1.5369751305E8,"inteinco":null,"earnprem":null,"pouninco":null,"realsale":null,"otherbizinco":null,"biztotincoitse":null,"biztotincoform":null,"biztotcost":1.1429138608E8,"bizcost":7.397514449E7,"inteexpe":null,"pounexpe":null,"realsalecost":null,"deveexpe":null,"surrgold":null,"compnetexpe":null,"contress":null,"polidiviexpe":null,"reinexpe":null,"otherbizcost":null,"biztax":1331257.42,"salesexpe":1.575536645E7,"manaexpe":2.253915729E7,"finexpe":-563509.37,"asseimpaloss":1253969.8,"biztotcostitse":null,"biztotcostform":null,"valuechgloss":null,"inveinco":null,"assoinveprof":null,"exchggain":null,"futuloss":null,"custinco":null,"subsidyincome":null,"otherbizprof":null,"bizprofitse":null,"operprofform":null,"perprofit":3.940612697E7,"nonoreve":5553404.74,"nonoexpe":417525.8,"noncassetsdisl":null,"proftotitse":null,"proftotform":null,"totprofit":4.454200591E7,"incotaxexpe":6895931.68,"unreinveloss":null,"netpro1itse":null,"netpro1form":null,"netprofit":3.764607423E7,"parenetp":3.764607423E7,"mergeformnetprof":null,"minysharrigh":null,"netpro2itse":null,"netpro2form":null,"basiceps":0.24,"dilutedeps":0.24,"othercompinco":null,"parecompinco":null,"minysharinco":null,"compincoamt":3.764607423E7,"parecompincoamt":3.764607423E7,"minysharincoamt":null,"earlyundiprof":null,"undisprofredu":null,"otherinto":null,"otherdistprof":null,"legalsurp":null,"welfare":null,"capitalreserve":null,"staffaward":null,"reservefund":null,"developfund":null,"profreturninvest":null,"supplycurcap":null,"avaidistshareprof":null,"preferredskdiv":null,"freesurplu":null,"dealwithdivi":null,"capitalizeddivi":null,"undisprofit":null,"selldepartgain":null,"natudisasterloss":null,"accpolicychg":null,"accestimatechg":null,"debtrestruloss":null,"othersupply":null},{"compcode":"80195268","publishdate":"20120524","begindate":"20120101","enddate":"20120331","reporttype":"100111","adjustdate":"20120524","accstacode":"2","accstaname":"新会计准则","biztotinco":9.111304254E7,"bizinco":9.111304254E7,"inteinco":null,"earnprem":null,"pouninco":null,"realsale":null,"otherbizinco":null,"biztotincoitse":null,"biztotincoform":null,"biztotcost":6.668598531E7,"bizcost":4.281080726E7,"inteexpe":null,"pounexpe":null,"realsalecost":null,"deveexpe":null,"surrgold":null,"compnetexpe":null,"contress":null,"polidiviexpe":null,"reinexpe":null,"otherbizcost":null,"biztax":952254.47,"salesexpe":1.297064522E7,"manaexpe":1.013434387E7,"finexpe":-182065.51,"asseimpaloss":null,"biztotcostitse":null,"biztotcostform":null,"valuechgloss":null,"inveinco":null,"assoinveprof":null,"exchggain":null,"futuloss":null,"custinco":null,"subsidyincome":null,"otherbizprof":null,"bizprofitse":null,"operprofform":null,"perprofit":2.442705723E7,"nonoreve":2699481.46,"nonoexpe":304333.65,"noncassetsdisl":null,"proftotitse":null,"proftotform":null,"totprofit":2.682220504E7,"incotaxexpe":5040911.08,"unreinveloss":null,"netpro1itse":null,"netpro1form":null,"netprofit":2.178129396E7,"parenetp":2.178129396E7,"mergeformnetprof":null,"minysharrigh":null,"netpro2itse":null,"netpro2form":null,"basiceps":0.15,"dilutedeps":null,"othercompinco":null,"parecompinco":null,"minysharinco":null,"compincoamt":2.178129396E7,"parecompincoamt":null,"minysharincoamt":null,"earlyundiprof":null,"undisprofredu":null,"otherinto":null,"otherdistprof":null,"legalsurp":null,"welfare":null,"capitalreserve":null,"staffaward":null,"reservefund":null,"developfund":null,"profreturninvest":null,"supplycurcap":null,"avaidistshareprof":null,"preferredskdiv":null,"freesurplu":null,"dealwithdivi":null,"capitalizeddivi":null,"undisprofit":null,"selldepartgain":null,"natudisasterloss":null,"accpolicychg":null,"accestimatechg":null,"debtrestruloss":null,"othersupply":null},{"compcode":"80195268","publishdate":"20120504","begindate":"20110101","enddate":"20111231","reporttype":"100111","adjustdate":"20120504","accstacode":"2","accstaname":"新会计准则","biztotinco":3.5099541475E8,"bizinco":3.5099541475E8,"inteinco":null,"earnprem":null,"pouninco":null,"realsale":null,"otherbizinco":null,"biztotincoitse":null,"biztotincoform":null,"biztotcost":2.6694842945E8,"bizcost":1.6593769627E8,"inteexpe":null,"pounexpe":null,"realsalecost":null,"deveexpe":null,"surrgold":null,"compnetexpe":null,"contress":null,"polidiviexpe":null,"reinexpe":null,"otherbizcost":null,"biztax":3354409.5,"salesexpe":5.047946196E7,"manaexpe":4.790611212E7,"finexpe":-625764.45,"asseimpaloss":-103485.95,"biztotcostitse":null,"biztotcostform":null,"valuechgloss":null,"inveinco":null,"assoinveprof":null,"exchggain":null,"futuloss":null,"custinco":null,"subsidyincome":null,"otherbizprof":null,"bizprofitse":null,"operprofform":null,"perprofit":8.40469853E7,"nonoreve":1.299844499E7,"nonoexpe":499298.33,"noncassetsdisl":38887.21,"proftotitse":null,"proftotform":null,"totprofit":9.654613196E7,"incotaxexpe":1.571816032E7,"unreinveloss":null,"netpro1itse":null,"netpro1form":null,"netprofit":8.082797164E7,"parenetp":8.082797164E7,"mergeformnetprof":null,"minysharrigh":null,"netpro2itse":null,"netpro2form":null,"basiceps":0.54,"dilutedeps":0.54,"othercompinco":null,"parecompinco":null,"minysharinco":null,"compincoamt":8.082797164E7,"parecompincoamt":8.082797164E7,"minysharincoamt":null,"earlyundiprof":null,"undisprofredu":null,"otherinto":null,"otherdistprof":null,"legalsurp":null,"welfare":null,"capitalreserve":null,"staffaward":null,"reservefund":null,"developfund":null,"profreturninvest":null,"supplycurcap":null,"avaidistshareprof":null,"preferredskdiv":null,"freesurplu":null,"dealwithdivi":null,"capitalizeddivi":null,"undisprofit":null,"selldepartgain":null,"natudisasterloss":null,"accpolicychg":null,"accestimatechg":null,"debtrestruloss":null,"othersupply":null},{"compcode":"80195268","publishdate":"20120105","begindate":"20110101","enddate":"20110630","reporttype":"100111","adjustdate":"20120105","accstacode":"2","accstaname":"新会计准则","biztotinco":1.4820877909E8,"bizinco":1.4820877909E8,"inteinco":null,"earnprem":null,"pouninco":null,"realsale":null,"otherbizinco":null,"biztotincoitse":null,"biztotincoform":null,"biztotcost":1.076497835E8,"bizcost":7.037499477E7,"inteexpe":null,"pounexpe":null,"realsalecost":null,"deveexpe":null,"surrgold":null,"compnetexpe":null,"contress":null,"polidiviexpe":null,"reinexpe":null,"otherbizcost":null,"biztax":1695775.18,"salesexpe":1.555146868E7,"manaexpe":2.041300196E7,"finexpe":-258977.83,"asseimpaloss":-126479.26,"biztotcostitse":null,"biztotcostform":null,"valuechgloss":null,"inveinco":null,"assoinveprof":null,"exchggain":null,"futuloss":null,"custinco":null,"subsidyincome":null,"otherbizprof":null,"bizprofitse":null,"operprofform":null,"perprofit":4.055899559E7,"nonoreve":4738176.01,"nonoexpe":298463.45,"noncassetsdisl":37.21,"proftotitse":null,"proftotform":null,"totprofit":4.499870815E7,"incotaxexpe":7474617.45,"unreinveloss":null,"netpro1itse":null,"netpro1form":null,"netprofit":3.75240907E7,"parenetp":3.75240907E7,"mergeformnetprof":null,"minysharrigh":null,"netpro2itse":null,"netpro2form":null,"basiceps":0.25,"dilutedeps":0.25,"othercompinco":null,"parecompinco":null,"minysharinco":null,"compincoamt":3.75240907E7,"parecompincoamt":3.75240907E7,"minysharincoamt":null,"earlyundiprof":null,"undisprofredu":null,"otherinto":null,"otherdistprof":null,"legalsurp":null,"welfare":null,"capitalreserve":null,"staffaward":null,"reservefund":null,"developfund":null,"profreturninvest":null,"supplycurcap":null,"avaidistshareprof":null,"preferredskdiv":null,"freesurplu":null,"dealwithdivi":null,"capitalizeddivi":null,"undisprofit":null,"selldepartgain":null,"natudisasterloss":null,"accpolicychg":null,"accestimatechg":null,"debtrestruloss":null,"othersupply":null},{"compcode":"80195268","publishdate":"20120504","begindate":"20100101","enddate":"20101231","reporttype":"100111","adjustdate":"20120504","accstacode":"2","accstaname":"新会计准则","biztotinco":3.3231487404E8,"bizinco":3.3231487404E8,"inteinco":null,"earnprem":null,"pouninco":null,"realsale":null,"otherbizinco":null,"biztotincoitse":null,"biztotincoform":null,"biztotcost":2.5943433745E8,"bizcost":1.5239894239E8,"inteexpe":null,"pounexpe":null,"realsalecost":null,"deveexpe":null,"surrgold":null,"compnetexpe":null,"contress":null,"polidiviexpe":null,"reinexpe":null,"otherbizcost":null,"biztax":3124054.29,"salesexpe":4.899274943E7,"manaexpe":5.646738494E7,"finexpe":-782591.17,"asseimpaloss":-766202.43,"biztotcostitse":null,"biztotcostform":null,"valuechgloss":null,"inveinco":null,"assoinveprof":null,"exchggain":null,"futuloss":null,"custinco":null,"subsidyincome":null,"otherbizprof":null,"bizprofitse":null,"operprofform":null,"perprofit":7.288053659E7,"nonoreve":9370838.02,"nonoexpe":595115.05,"noncassetsdisl":null,"proftotitse":null,"proftotform":null,"totprofit":8.165625956E7,"incotaxexpe":1.904944188E7,"unreinveloss":null,"netpro1itse":null,"netpro1form":null,"netprofit":6.260681768E7,"parenetp":6.260681768E7,"mergeformnetprof":7599127.1,"minysharrigh":null,"netpro2itse":null,"netpro2form":null,"basiceps":0.42,"dilutedeps":0.42,"othercompinco":null,"parecompinco":null,"minysharinco":null,"compincoamt":6.260681768E7,"parecompincoamt":6.260681768E7,"minysharincoamt":null,"earlyundiprof":null,"undisprofredu":null,"otherinto":null,"otherdistprof":null,"legalsurp":null,"welfare":null,"capitalreserve":null,"staffaward":null,"reservefund":null,"developfund":null,"profreturninvest":null,"supplycurcap":null,"avaidistshareprof":null,"preferredskdiv":null,"freesurplu":null,"dealwithdivi":null,"capitalizeddivi":null,"undisprofit":null,"selldepartgain":null,"natudisasterloss":null,"accpolicychg":null,"accestimatechg":null,"debtrestruloss":null,"othersupply":null},{"compcode":"80195268","publishdate":"20120504","begindate":"20090101","enddate":"20091231","reporttype":"100111","adjustdate":"20120504","accstacode":"2","accstaname":"新会计准则","biztotinco":2.9115802961E8,"bizinco":2.9115802961E8,"inteinco":null,"earnprem":null,"pouninco":null,"realsale":null,"otherbizinco":null,"biztotincoitse":null,"biztotincoform":null,"biztotcost":2.0095908104E8,"bizcost":1.2783055691E8,"inteexpe":null,"pounexpe":null,"realsalecost":null,"deveexpe":null,"surrgold":null,"compnetexpe":null,"contress":null,"polidiviexpe":null,"reinexpe":null,"otherbizcost":null,"biztax":2980757.89,"salesexpe":3.816426703E7,"manaexpe":3.190302352E7,"finexpe":-792801.63,"asseimpaloss":873277.32,"biztotcostitse":null,"biztotcostform":null,"valuechgloss":null,"inveinco":null,"assoinveprof":null,"exchggain":null,"futuloss":null,"custinco":null,"subsidyincome":null,"otherbizprof":null,"bizprofitse":null,"operprofform":null,"perprofit":9.019894857E7,"nonoreve":1.3987356E7,"nonoexpe":787641.34,"noncassetsdisl":251992.69,"proftotitse":null,"proftotform":null,"totprofit":1.0339866323E8,"incotaxexpe":1.72859E7,"unreinveloss":null,"netpro1itse":null,"netpro1form":null,"netprofit":8.611276323E7,"parenetp":8.611276323E7,"mergeformnetprof":1.554906285E7,"minysharrigh":null,"netpro2itse":null,"netpro2form":null,"basiceps":null,"dilutedeps":null,"othercompinco":null,"parecompinco":null,"minysharinco":null,"compincoamt":8.611276323E7,"parecompincoamt":8.611276323E7,"minysharincoamt":null,"earlyundiprof":null,"undisprofredu":null,"otherinto":null,"otherdistprof":null,"legalsurp":null,"welfare":null,"capitalreserve":null,"staffaward":null,"reservefund":null,"developfund":null,"profreturninvest":null,"supplycurcap":null,"avaidistshareprof":null,"preferredskdiv":null,"freesurplu":null,"dealwithdivi":null,"capitalizeddivi":null,"undisprofit":null,"selldepartgain":null,"natudisasterloss":null,"accpolicychg":null,"accestimatechg":null,"debtrestruloss":null,"othersupply":null},{"compcode":"80195268","publishdate":"20120105","begindate":"20080101","enddate":"20081231","reporttype":"100111","adjustdate":"20120105","accstacode":"2","accstaname":"新会计准则","biztotinco":2.3604772714E8,"bizinco":2.3604772714E8,"inteinco":null,"earnprem":null,"pouninco":null,"realsale":null,"otherbizinco":null,"biztotincoitse":null,"biztotincoform":null,"biztotcost":1.6692824714E8,"bizcost":1.171343765E8,"inteexpe":null,"pounexpe":null,"realsalecost":null,"deveexpe":null,"surrgold":null,"compnetexpe":null,"contress":null,"polidiviexpe":null,"reinexpe":null,"otherbizcost":null,"biztax":1918538.16,"salesexpe":1.867491627E7,"manaexpe":2.8901611E7,"finexpe":1636792.14,"asseimpaloss":-1337986.93,"biztotcostitse":null,"biztotcostform":null,"valuechgloss":null,"inveinco":null,"assoinveprof":null,"exchggain":null,"futuloss":null,"custinco":null,"subsidyincome":null,"otherbizprof":null,"bizprofitse":null,"operprofform":null,"perprofit":6.911948E7,"nonoreve":5429594.17,"nonoexpe":1194425.24,"noncassetsdisl":null,"proftotitse":null,"proftotform":null,"totprofit":7.335464893E7,"incotaxexpe":1.050086804E7,"unreinveloss":null,"netpro1itse":null,"netpro1form":null,"netprofit":6.285378089E7,"parenetp":6.285378089E7,"mergeformnetprof":9849002.95,"minysharrigh":null,"netpro2itse":null,"netpro2form":null,"basiceps":0.42,"dilutedeps":0.42,"othercompinco":null,"parecompinco":null,"minysharinco":null,"compincoamt":6.285378089E7,"parecompincoamt":6.285378089E7,"minysharincoamt":null,"earlyundiprof":null,"undisprofredu":null,"otherinto":null,"otherdistprof":null,"legalsurp":null,"welfare":null,"capitalreserve":null,"staffaward":null,"reservefund":null,"developfund":null,"profreturninvest":null,"supplycurcap":null,"avaidistshareprof":null,"preferredskdiv":null,"freesurplu":null,"dealwithdivi":null,"capitalizeddivi":null,"undisprofit":null,"selldepartgain":null,"natudisasterloss":null,"accpolicychg":null,"accestimatechg":null,"debtrestruloss":null,"othersupply":null}],"comptype":4,"name":"浙江美大"}