{"SZ002677":{"symbol":"SZ002677","exchange":"SZ","code":"002677","name":"浙江美大","current":"17.30","percentage":"-1.93","change":"-0.34","open":"17.59","high":"17.59","low":"16.99","close":"17.3","last_close":"17.64","high52week":"18.97","low52week":"12.82","volume":"5902331.0","lot_volume":"59023.31","volumeAverage":"6517853","marketCapital":"1.11771245572E10","eps":"0.48","pe_ttm":"36.623","pe_lyr":"36.623","beta":"0.0","totalShares":"646076564","time":"Tue Mar 20 15:04:03 +0800 2018","afterHours":"0.0","afterHoursPct":"0.0","afterHoursChg":"0.0","updateAt":"1510196115294","dividend":"0.31","yield":"1.79","turnover_rate":"2.09%","instOwn":"0.0","rise_stop":"19.4","fall_stop":"15.88","currency_unit":"CNY","amount":"1.0166851807E8","net_assets":"2.03","hasexist":"","has_warrant":"0","type":"11","flag":"1","rest_day":"","amplitude":"3.40%","market_status":"已收盘","lot_size":"100","min_order_quantity":"0","max_order_quantity":"0","tick_size":"0.01","variable_tick_size":"","kzz_stock_symbol":"","kzz_stock_name":"","kzz_stock_current":"0.0","kzz_convert_price":"0.0","kzz_covert_value":"0.0","kzz_cpr":"0.0","kzz_putback_price":"0.0","kzz_convert_time":"","kzz_redempt_price":"0.0","kzz_straight_price":"0.0","kzz_stock_percent":"","pb":"8.52","benefit_before_tax":"0.0","benefit_after_tax":"0.0","convert_bond_ratio":"","totalissuescale":"","outstandingamt":"","maturitydate":"","remain_year":"","convertrate":"0.0","interestrtmemo":"","release_date":"","circulation":"0.0","par_value":"0.0","due_time":"0.0","value_date":"","due_date":"","publisher":"","redeem_type":"F","issue_type":"","bond_type":"","warrant":"","sale_rrg":"","rate":"","after_hour_vol":"0","float_shares":"282936051","float_market_capital":"4.8947936823E9","disnext_pay_date":"","convert_rate":"0.0","volume_ratio":"0.81","percent5m":"0.0","pankou_ratio":"-16.02%","psr":"10.8901"}}