{"list":[{"bonusimpdate":"20170418","bonusyear":"2016","cur":"人民币","bonusskratio":null,"tranaddskraio":null,"recorddate":"20170424","exrightdate":"20170425","cdividend":3.1,"fdividendbh":0.0,"tranaddsklistdate":null,"bonussklistdate":null,"tranaddskaccday":null,"bonusskaccday":null,"symbol":null,"secode":"2010006921","divitype":"A","taxfdividendbh":0.0,"taxcdividend":3.1,"divibegdate":"20170425","summarize":"10派3.1"},{"bonusimpdate":"20160607","bonusyear":"2015","cur":"人民币","bonusskratio":null,"tranaddskraio":6.0,"recorddate":"20160615","exrightdate":"20160616","cdividend":2.5,"fdividendbh":0.0,"tranaddsklistdate":"20160616","bonussklistdate":null,"tranaddskaccday":"20160616","bonusskaccday":null,"symbol":null,"secode":"2010006921","divitype":"AC","taxfdividendbh":0.0,"taxcdividend":2.5,"divibegdate":"20160616","summarize":"10转6派2.5"},{"bonusimpdate":"20150528","bonusyear":"2014","cur":"人民币","bonusskratio":null,"tranaddskraio":10.0,"recorddate":"20150603","exrightdate":"20150604","cdividend":5.0,"fdividendbh":0.0,"tranaddsklistdate":"20150604","bonussklistdate":null,"tranaddskaccday":"20150604","bonusskaccday":null,"symbol":null,"secode":"2010006921","divitype":"AC","taxfdividendbh":0.0,"taxcdividend":4.75,"divibegdate":"20150604","summarize":"10转10派5"},{"bonusimpdate":"20140508","bonusyear":"2013","cur":"人民币","bonusskratio":null,"tranaddskraio":null,"recorddate":"20140514","exrightdate":"20140515","cdividend":3.5,"fdividendbh":0.0,"tranaddsklistdate":null,"bonussklistdate":null,"tranaddskaccday":null,"bonusskaccday":null,"symbol":null,"secode":"2010006921","divitype":"A","taxfdividendbh":0.0,"taxcdividend":3.325,"divibegdate":"20140515","summarize":"10派3.5"},{"bonusimpdate":"20130522","bonusyear":"2012","cur":"人民币","bonusskratio":null,"tranaddskraio":null,"recorddate":"20130528","exrightdate":"20130529","cdividend":2.5,"fdividendbh":0.0,"tranaddsklistdate":null,"bonussklistdate":null,"tranaddskaccday":null,"bonusskaccday":null,"symbol":null,"secode":"2010006921","divitype":"A","taxfdividendbh":0.0,"taxcdividend":2.375,"divibegdate":"20130529","summarize":"10派2.5"}]}