{"SZ000596":{"symbol":"SZ000596","exchange":"SZ","code":"000596","name":"古井贡酒","current":"61.98","percentage":"-1.46","change":"-0.92","open":"62.2","high":"62.45","low":"61.38","close":"61.98","last_close":"62.9","high52week":"78.11","low52week":"43.58","volume":"903763.0","lot_volume":"9037.63","volumeAverage":"4787008","marketCapital":"3.1213128E10","eps":"1.58","pe_ttm":"29.878","pe_lyr":"37.623","beta":"0.0","totalShares":"503600000","time":"Tue Mar 20 15:04:03 +0800 2018","afterHours":"0.0","afterHoursPct":"0.0","afterHoursChg":"0.0","afterHoursTime":"Wed Oct 19 21:59:01 -0400 2011","updateAt":"1513771206477","dividend":"0.6","yield":"0.97","turnover_rate":"0.24%","instOwn":"0.0","rise_stop":"69.19","fall_stop":"56.61","currency_unit":"CNY","amount":"5.582175398E7","net_assets":"12.098","hasexist":"","has_warrant":"0","type":"11","flag":"1","rest_day":"","amplitude":"1.70%","market_status":"已收盘","lot_size":"100","min_order_quantity":"0","max_order_quantity":"0","tick_size":"0.01","variable_tick_size":"","kzz_stock_symbol":"","kzz_stock_name":"","kzz_stock_current":"0.0","kzz_convert_price":"0.0","kzz_covert_value":"0.0","kzz_cpr":"0.0","kzz_putback_price":"0.0","kzz_convert_time":"","kzz_redempt_price":"0.0","kzz_straight_price":"0.0","kzz_stock_percent":"","pb":"5.12","benefit_before_tax":"0.0","benefit_after_tax":"0.0","convert_bond_ratio":"","totalissuescale":"","outstandingamt":"","maturitydate":"","remain_year":"","convertrate":"0.0","interestrtmemo":"","release_date":"","circulation":"0.0","par_value":"0.0","due_time":"0.0","value_date":"","due_date":"","publisher":"","redeem_type":"T","issue_type":"3","bond_type":"","warrant":"","sale_rrg":"","rate":"","after_hour_vol":"0","float_shares":"383600000","float_market_capital":"2.3775528E10","disnext_pay_date":"","convert_rate":"0.0","volume_ratio":"0.66","percent5m":"0.0","pankou_ratio":"-31.08%","psr":"4.5532"}}