{"list":[{"bonusimpdate":"20170623","bonusyear":"2016","cur":"人民币","bonusskratio":null,"tranaddskraio":null,"recorddate":"20170628","exrightdate":"20170629","cdividend":6.0,"fdividendbh":0.0,"tranaddsklistdate":null,"bonussklistdate":null,"tranaddskaccday":null,"bonusskaccday":null,"symbol":null,"secode":"2010001134","divitype":"A","taxfdividendbh":0.0,"taxcdividend":6.0,"divibegdate":"20170629","summarize":"10派6"},{"bonusimpdate":"20160621","bonusyear":"2015","cur":"人民币","bonusskratio":null,"tranaddskraio":null,"recorddate":"20160624","exrightdate":"20160627","cdividend":1.0,"fdividendbh":0.0,"tranaddsklistdate":null,"bonussklistdate":null,"tranaddskaccday":null,"bonusskaccday":null,"symbol":null,"secode":"2010001134","divitype":"A","taxfdividendbh":0.0,"taxcdividend":1.0,"divibegdate":"20160627","summarize":"10派1"},{"bonusimpdate":"20150707","bonusyear":"2014","cur":"人民币","bonusskratio":null,"tranaddskraio":null,"recorddate":"20150710","exrightdate":"20150713","cdividend":2.0,"fdividendbh":0.0,"tranaddsklistdate":null,"bonussklistdate":null,"tranaddskaccday":null,"bonusskaccday":null,"symbol":null,"secode":"2010001134","divitype":"A","taxfdividendbh":0.0,"taxcdividend":1.9,"divibegdate":"20150713","summarize":"10派2"},{"bonusimpdate":"20140630","bonusyear":"2013","cur":"人民币","bonusskratio":null,"tranaddskraio":null,"recorddate":"20140707","exrightdate":"20140708","cdividend":3.5,"fdividendbh":0.0,"tranaddsklistdate":null,"bonussklistdate":null,"tranaddskaccday":null,"bonusskaccday":null,"symbol":null,"secode":"2010001134","divitype":"A","taxfdividendbh":0.0,"taxcdividend":3.325,"divibegdate":"20140708","summarize":"10派3.5"},{"bonusimpdate":"20130605","bonusyear":"2012","cur":"人民币","bonusskratio":null,"tranaddskraio":null,"recorddate":"20130613","exrightdate":"20130614","cdividend":5.0,"fdividendbh":0.0,"tranaddsklistdate":null,"bonussklistdate":null,"tranaddskaccday":null,"bonusskaccday":null,"symbol":null,"secode":"2010001134","divitype":"A","taxfdividendbh":0.0,"taxcdividend":4.75,"divibegdate":"20130614","summarize":"10派5"},{"bonusimpdate":"20120424","bonusyear":"2011","cur":"人民币","bonusskratio":null,"tranaddskraio":10.0,"recorddate":"20120427","exrightdate":"20120502","cdividend":4.5,"fdividendbh":0.0,"tranaddsklistdate":"20120502","bonussklistdate":null,"tranaddskaccday":"20120502","bonusskaccday":null,"symbol":null,"secode":"2010001134","divitype":"AC","taxfdividendbh":0.0,"taxcdividend":4.05,"divibegdate":"20120502","summarize":"10转10派4.5"},{"bonusimpdate":"20110505","bonusyear":"2010","cur":"人民币","bonusskratio":null,"tranaddskraio":null,"recorddate":"20110511","exrightdate":"20110512","cdividend":3.5,"fdividendbh":0.0,"tranaddsklistdate":null,"bonussklistdate":null,"tranaddskaccday":null,"bonusskaccday":null,"symbol":null,"secode":"2010001134","divitype":"A","taxfdividendbh":0.0,"taxcdividend":3.15,"divibegdate":"20110512","summarize":"10派3.5"},{"bonusimpdate":"20100429","bonusyear":"2009","cur":"人民币","bonusskratio":null,"tranaddskraio":null,"recorddate":"20100506","exrightdate":"20100507","cdividend":3.5,"fdividendbh":0.0,"tranaddsklistdate":null,"bonussklistdate":null,"tranaddskaccday":null,"bonusskaccday":null,"symbol":null,"secode":"2010001134","divitype":"A","taxfdividendbh":0.0,"taxcdividend":3.15,"divibegdate":"20100507","summarize":"10派3.5"},{"bonusimpdate":"20030626","bonusyear":"2002","cur":"人民币","bonusskratio":null,"tranaddskraio":null,"recorddate":"20030702","exrightdate":"20030703","cdividend":1.0,"fdividendbh":0.0,"tranaddsklistdate":null,"bonussklistdate":null,"tranaddskaccday":null,"bonusskaccday":null,"symbol":null,"secode":"2010001134","divitype":"A","taxfdividendbh":0.0,"taxcdividend":0.8,"divibegdate":"20030703","summarize":"10派1"},{"bonusimpdate":"20020521","bonusyear":"2001","cur":"人民币","bonusskratio":null,"tranaddskraio":null,"recorddate":"20020527","exrightdate":"20020528","cdividend":2.0,"fdividendbh":0.0,"tranaddsklistdate":null,"bonussklistdate":null,"tranaddskaccday":null,"bonusskaccday":null,"symbol":null,"secode":"2010001134","divitype":"A","taxfdividendbh":0.0,"taxcdividend":1.6,"divibegdate":"20020528","summarize":"10派2"},{"bonusimpdate":"20010412","bonusyear":"2000","cur":"人民币","bonusskratio":null,"tranaddskraio":null,"recorddate":"20010417","exrightdate":"20010418","cdividend":3.0,"fdividendbh":0.0,"tranaddsklistdate":null,"bonussklistdate":null,"tranaddskaccday":null,"bonusskaccday":null,"symbol":null,"secode":"2010001134","divitype":"A","taxfdividendbh":0.0,"taxcdividend":2.4,"divibegdate":"20010419","summarize":"10派3"},{"bonusimpdate":"20000605","bonusyear":"1999","cur":"人民币","bonusskratio":null,"tranaddskraio":null,"recorddate":"20000612","exrightdate":"20000613","cdividend":2.9,"fdividendbh":0.0,"tranaddsklistdate":null,"bonussklistdate":null,"tranaddskaccday":null,"bonusskaccday":null,"symbol":null,"secode":"2010001134","divitype":"A","taxfdividendbh":0.0,"taxcdividend":2.32,"divibegdate":"20000614","summarize":"10派2.9"},{"bonusimpdate":"19990601","bonusyear":"1998","cur":"人民币","bonusskratio":null,"tranaddskraio":null,"recorddate":"19990607","exrightdate":"19990608","cdividend":2.8,"fdividendbh":0.0,"tranaddsklistdate":null,"bonussklistdate":null,"tranaddskaccday":null,"bonusskaccday":null,"symbol":null,"secode":"2010001134","divitype":"A","taxfdividendbh":0.0,"taxcdividend":2.24,"divibegdate":"19990614","summarize":"10派2.8"},{"bonusimpdate":"19980617","bonusyear":"1997","cur":"人民币","bonusskratio":null,"tranaddskraio":null,"recorddate":"19980624","exrightdate":"19980625","cdividend":3.5,"fdividendbh":0.0,"tranaddsklistdate":null,"bonussklistdate":null,"tranaddskaccday":null,"bonusskaccday":null,"symbol":null,"secode":"2010001134","divitype":"A","taxfdividendbh":0.0,"taxcdividend":2.8,"divibegdate":"19980701","summarize":"10派3.5"},{"bonusimpdate":"19970528","bonusyear":"1996","cur":"人民币","bonusskratio":null,"tranaddskraio":null,"recorddate":"19970612","exrightdate":"19970613","cdividend":1.16,"fdividendbh":0.0,"tranaddsklistdate":null,"bonussklistdate":null,"tranaddskaccday":null,"bonusskaccday":null,"symbol":null,"secode":"2010001134","divitype":"A","taxfdividendbh":0.0,"taxcdividend":0.928,"divibegdate":"19970619","summarize":"10派1.16"}]}