{"SH603198":{"symbol":"SH603198","exchange":"SH","code":"603198","name":"迎驾贡酒","current":"15.92","percentage":"0.82","change":"0.13","open":"15.81","high":"15.94","low":"15.79","close":"15.92","last_close":"15.79","high52week":"23.2","low52week":"14.61","volume":"1731401.0","lot_volume":"17314.01","volumeAverage":"10269486","marketCapital":"1.2736E10","eps":"0.53","pe_ttm":"19.988","pe_lyr":"18.647","beta":"0.0","totalShares":"800000000","time":"Fri Mar 09 14:59:56 +0800 2018","afterHours":"0.0","afterHoursPct":"0.0","afterHoursChg":"0.0","updateAt":"1493006403814","dividend":"0.6","yield":"3.77","turnover_rate":"1.04%","instOwn":"0.0","rise_stop":"17.37","fall_stop":"14.21","currency_unit":"CNY","amount":"2.750899E7","net_assets":"4.8623","hasexist":"","has_warrant":"0","type":"11","flag":"1","rest_day":"","amplitude":"0.95%","market_status":"休市","lot_size":"100","min_order_quantity":"0","max_order_quantity":"0","tick_size":"0.01","variable_tick_size":"","kzz_stock_symbol":"","kzz_stock_name":"","kzz_stock_current":"0.0","kzz_convert_price":"0.0","kzz_covert_value":"0.0","kzz_cpr":"0.0","kzz_putback_price":"0.0","kzz_convert_time":"","kzz_redempt_price":"0.0","kzz_straight_price":"0.0","kzz_stock_percent":"","pb":"3.27","benefit_before_tax":"0.0","benefit_after_tax":"0.0","convert_bond_ratio":"","totalissuescale":"","outstandingamt":"","maturitydate":"","remain_year":"","convertrate":"0.0","interestrtmemo":"","release_date":"","circulation":"0.0","par_value":"0.0","due_time":"0.0","value_date":"","due_date":"","publisher":"","redeem_type":"F","issue_type":"1","bond_type":"","warrant":"","sale_rrg":"","rate":"","after_hour_vol":"0","float_shares":"166400000","float_market_capital":"2.649088E9","disnext_pay_date":"","convert_rate":"0.0","volume_ratio":"0.46","percent5m":"0.0","pankou_ratio":"17.52%","psr":"4.1303"}}