{"list":[{"compcode":"80277843","publishdate":"20171031","reportdate":"20170930","reporttype":"100111","adjustdate":"20171031","accstacode":"2","accstaname":"新会计准则","curfds":3.5347571646E8,"tradfinasset":2.0026733601E8,"notesrece":3016394.2,"accorece":7.476501525E7,"prep":6839875.28,"premrece":null,"interece":null,"dividrece":null,"otherrece":1.463657208E7,"expotaxrebarece":null,"subsrece":null,"margrece":null,"intelrece":null,"inve":2.0335198747E9,"prepexpe":null,"unseg":null,"expinoncurrasset":null,"othercurrasse":8.8658099333E8,"currassetitse":null,"currasseform":null,"totcurrasset":3.57310177731E9,"lendandloan":null,"avaisellasse":null,"holdinvedue":null,"longrece":null,"equiinve":null,"otherlonginve":null,"inveprop":null,"fixedasseimmo":null,"accudepr":null,"fixedassenetw":null,"fixedasseimpa":null,"fixedassenet":1.29500937108E9,"consprog":7.804468276E7,"engimate":null,"fixedasseclea":null,"prodasse":null,"comasse":null,"hydrasset":null,"intaasset":1.2078471451E8,"deveexpe":null,"goodwill":null,"logprepexpe":3522661.18,"tradshartrad":null,"defetaxasset":4.834376178E7,"othernoncasse":9.041933404E7,"noncasseitse":null,"noncasseform":null,"totalnoncassets":1.63612452535E9,"totassetitse":null,"totalasseform":null,"totasset":5.20922630266E9,"shorttermborr":null,"tradfinliab":null,"notespaya":1.598574472E8,"accopaya":3.0565212618E8,"advapaym":2.7842377329E8,"copeworkersal":3.491847969E7,"taxespaya":2.5808104287E8,"intepaya":null,"divipaya":null,"otherfeepaya":null,"margrequ":null,"intelpay":null,"otherpay":2.1976693043E8,"accrexpe":null,"expecurrliab":null,"copewithreinrece":null,"inteticksett":null,"dometicksett":null,"defereve":null,"shorttermbdspaya":null,"duenoncliab":null,"othercurreliabi":null,"currliabitse":null,"currliabform":null,"totalcurrliab":1.25669979966E9,"longborr":null,"bdspaya":null,"longpaya":null,"specpaya":null,"expenoncliab":null,"longdefeinco":5.177852948E7,"defeincotaxliab":4292482.77,"othernoncliabi":null,"longliabitse":null,"longliabform":null,"totalnoncliab":5.607101225E7,"totliabitse":null,"totliabform":null,"totliab":1.31277081191E9,"paidincapi":8.0E8,"capisurp":1.26300053382E9,"treastk":null,"specrese":null,"rese":2.2678065423E8,"generiskrese":null,"unreinveloss":null,"undiprof":1.59041354286E9,"topaycashdivi":null,"curtrandiff":null,"sharrighitse":null,"sharrightform":null,"paresharrigh":3.88983703043E9,"minysharrigh":6618460.32,"righaggritse":null,"rightaggrform":null,"righaggr":3.89645549075E9,"rightotitse":null,"rightotform":null,"totliabsharequi":5.20922630266E9,"settresedepo":null,"plac":null,"derifinaasset":null,"reinrece":null,"reincontrese":null,"purcresaasset":null,"cenbankborr":null,"deposit":null,"fdsborr":null,"deriliab":null,"sellrepasse":null,"copepoun":null,"insucontrese":null,"actitradsecu":null,"actiundesecu":null},{"compcode":"80277843","publishdate":"20170819","reportdate":"20170630","reporttype":"100111","adjustdate":"20170819","accstacode":"2","accstaname":"新会计准则","curfds":4.7261706796E8,"tradfinasset":null,"notesrece":1.652916832E7,"accorece":5.226614455E7,"prep":2398455.35,"premrece":null,"interece":null,"dividrece":null,"otherrece":1.126027284E7,"expotaxrebarece":null,"subsrece":null,"margrece":null,"intelrece":null,"inve":1.91102576947E9,"prepexpe":null,"unseg":null,"expinoncurrasset":null,"othercurrasse":8.1561985275E8,"currassetitse":null,"currasseform":null,"totcurrasset":3.28171673124E9,"lendandloan":null,"avaisellasse":null,"holdinvedue":null,"longrece":null,"equiinve":null,"otherlonginve":null,"inveprop":null,"fixedasseimmo":2.01627968977E9,"accudepr":7.1468371402E8,"fixedassenetw":1.30159597575E9,"fixedasseimpa":null,"fixedassenet":1.30159597575E9,"consprog":6.010293716E7,"engimate":null,"fixedasseclea":null,"prodasse":null,"comasse":null,"hydrasset":null,"intaasset":1.2123344317E8,"deveexpe":null,"goodwill":null,"logprepexpe":844080.83,"tradshartrad":null,"defetaxasset":4.304528973E7,"othernoncasse":2.860346992E7,"noncasseitse":null,"noncasseform":null,"totalnoncassets":1.55542519656E9,"totassetitse":null,"totalasseform":null,"totasset":4.8371419278E9,"shorttermborr":null,"tradfinliab":null,"notespaya":6.403169762E7,"accopaya":2.6338796518E8,"advapaym":2.5292143277E8,"copeworkersal":2.861551366E7,"taxespaya":1.9371502231E8,"intepaya":null,"divipaya":null,"otherfeepaya":null,"margrequ":null,"intelpay":null,"otherpay":1.9455972154E8,"accrexpe":null,"expecurrliab":null,"copewithreinrece":null,"inteticksett":null,"dometicksett":null,"defereve":null,"shorttermbdspaya":null,"duenoncliab":null,"othercurreliabi":null,"currliabitse":null,"currliabform":null,"totalcurrliab":9.9723135308E8,"longborr":null,"bdspaya":null,"longpaya":null,"specpaya":null,"expenoncliab":null,"longdefeinco":5.329195106E7,"defeincotaxliab":1078382.93,"othernoncliabi":null,"longliabitse":null,"longliabform":null,"totalnoncliab":5.437033399E7,"totliabitse":null,"totliabform":null,"totliab":1.05160168707E9,"paidincapi":8.0E8,"capisurp":1.26300053382E9,"treastk":null,"specrese":null,"rese":2.2678065423E8,"generiskrese":null,"unreinveloss":null,"undiprof":1.49212058115E9,"topaycashdivi":null,"curtrandiff":null,"sharrighitse":null,"sharrightform":null,"paresharrigh":3.77858980229E9,"minysharrigh":6950438.44,"righaggritse":null,"rightaggrform":null,"righaggr":3.78554024073E9,"rightotitse":null,"rightotform":null,"totliabsharequi":4.8371419278E9,"settresedepo":null,"plac":null,"derifinaasset":null,"reinrece":null,"reincontrese":null,"purcresaasset":null,"cenbankborr":null,"deposit":null,"fdsborr":null,"deriliab":null,"sellrepasse":null,"copepoun":null,"insucontrese":null,"actitradsecu":null,"actiundesecu":null},{"compcode":"80277843","publishdate":"20170429","reportdate":"20170331","reporttype":"100111","adjustdate":"20170429","accstacode":"2","accstaname":"新会计准则","curfds":8.9925722268E8,"tradfinasset":null,"notesrece":2.535894425E7,"accorece":6.053947823E7,"prep":1.69485644E7,"premrece":null,"interece":null,"dividrece":null,"otherrece":9523862.81,"expotaxrebarece":null,"subsrece":null,"margrece":null,"intelrece":null,"inve":1.92533729213E9,"prepexpe":null,"unseg":null,"expinoncurrasset":null,"othercurrasse":9.5197081298E8,"currassetitse":null,"currasseform":null,"totcurrasset":3.88893617748E9,"lendandloan":null,"avaisellasse":null,"holdinvedue":null,"longrece":null,"equiinve":null,"otherlonginve":null,"inveprop":null,"fixedasseimmo":null,"accudepr":null,"fixedassenetw":null,"fixedasseimpa":null,"fixedassenet":1.30669390284E9,"consprog":3.464497084E7,"engimate":null,"fixedasseclea":null,"prodasse":null,"comasse":null,"hydrasset":null,"intaasset":1.1267644561E8,"deveexpe":null,"goodwill":null,"logprepexpe":534916.96,"tradshartrad":null,"defetaxasset":3.427648536E7,"othernoncasse":2.6462763E7,"noncasseitse":null,"noncasseform":null,"totalnoncassets":1.51528948461E9,"totassetitse":null,"totalasseform":null,"totasset":5.40422566209E9,"shorttermborr":null,"tradfinliab":null,"notespaya":6.644917275E7,"accopaya":3.1687145146E8,"advapaym":2.754013712E8,"copeworkersal":2.546283349E7,"taxespaya":2.8110704368E8,"intepaya":null,"divipaya":null,"otherfeepaya":null,"margrequ":null,"intelpay":null,"otherpay":1.6070016211E8,"accrexpe":null,"expecurrliab":null,"copewithreinrece":null,"inteticksett":null,"dometicksett":null,"defereve":null,"shorttermbdspaya":null,"duenoncliab":null,"othercurreliabi":null,"currliabitse":null,"currliabform":null,"totalcurrliab":1.12599203469E9,"longborr":null,"bdspaya":null,"longpaya":null,"specpaya":null,"expenoncliab":null,"longdefeinco":5.480537264E7,"defeincotaxliab":1104264.12,"othernoncliabi":null,"longliabitse":null,"longliabform":null,"totalnoncliab":5.590963676E7,"totliabitse":null,"totliabform":null,"totliab":1.18190167145E9,"paidincapi":8.0E8,"capisurp":1.26300053382E9,"treastk":null,"specrese":null,"rese":2.2678065423E8,"generiskrese":null,"unreinveloss":null,"undiprof":1.92456611153E9,"topaycashdivi":null,"curtrandiff":null,"sharrighitse":null,"sharrightform":null,"paresharrigh":4.21340664786E9,"minysharrigh":8917342.78,"righaggritse":null,"rightaggrform":null,"righaggr":4.22232399064E9,"rightotitse":null,"rightotform":null,"totliabsharequi":5.40422566209E9,"settresedepo":null,"plac":null,"derifinaasset":null,"reinrece":null,"reincontrese":null,"purcresaasset":null,"cenbankborr":null,"deposit":null,"fdsborr":null,"deriliab":null,"sellrepasse":null,"copepoun":null,"insucontrese":null,"actitradsecu":null,"actiundesecu":null},{"compcode":"80277843","publishdate":"20170321","reportdate":"20161231","reporttype":"100111","adjustdate":"20170321","accstacode":"2","accstaname":"新会计准则","curfds":9.7688365018E8,"tradfinasset":null,"notesrece":7.076781128E7,"accorece":7.130653468E7,"prep":3.538319126E7,"premrece":null,"interece":null,"dividrece":null,"otherrece":8939030.14,"expotaxrebarece":null,"subsrece":null,"margrece":null,"intelrece":null,"inve":1.9570446827E9,"prepexpe":null,"unseg":null,"expinoncurrasset":null,"othercurrasse":9.9497981043E8,"currassetitse":null,"currasseform":null,"totcurrasset":4.11530471067E9,"lendandloan":null,"avaisellasse":null,"holdinvedue":null,"longrece":null,"equiinve":null,"otherlonginve":null,"inveprop":null,"fixedasseimmo":1.98404074176E9,"accudepr":6.4933991605E8,"fixedassenetw":1.33470082571E9,"fixedasseimpa":null,"fixedassenet":1.33470082571E9,"consprog":2.40008353E7,"engimate":null,"fixedasseclea":null,"prodasse":null,"comasse":null,"hydrasset":null,"intaasset":1.1367541729E8,"deveexpe":null,"goodwill":null,"logprepexpe":103105.52,"tradshartrad":null,"defetaxasset":4.297763756E7,"othernoncasse":1.995342339E7,"noncasseitse":null,"noncasseform":null,"totalnoncassets":1.53541124477E9,"totassetitse":null,"totalasseform":null,"totasset":5.65071595544E9,"shorttermborr":null,"tradfinliab":null,"notespaya":1.5783083119E8,"accopaya":3.846470005E8,"advapaym":4.7919159084E8,"copeworkersal":5.149628947E7,"taxespaya":3.8685791018E8,"intepaya":null,"divipaya":null,"otherfeepaya":null,"margrequ":null,"intelpay":null,"otherpay":1.9602759456E8,"accrexpe":null,"expecurrliab":null,"copewithreinrece":null,"inteticksett":null,"dometicksett":null,"defereve":null,"shorttermbdspaya":null,"duenoncliab":null,"othercurreliabi":null,"currliabitse":null,"currliabform":null,"totalcurrliab":1.65605121674E9,"longborr":null,"bdspaya":null,"longpaya":null,"specpaya":null,"expenoncliab":null,"longdefeinco":5.631879422E7,"defeincotaxliab":1130145.31,"othernoncliabi":null,"longliabitse":null,"longliabform":null,"totalnoncliab":5.744893953E7,"totliabitse":null,"totliabform":null,"totliab":1.71350015627E9,"paidincapi":8.0E8,"capisurp":1.26300053382E9,"treastk":null,"specrese":null,"rese":2.2678065423E8,"generiskrese":null,"unreinveloss":null,"undiprof":1.64264731884E9,"topaycashdivi":null,"curtrandiff":null,"sharrighitse":null,"sharrightform":null,"paresharrigh":3.93242850689E9,"minysharrigh":4787292.28,"righaggritse":null,"rightaggrform":null,"righaggr":3.93721579917E9,"rightotitse":null,"rightotform":null,"totliabsharequi":5.65071595544E9,"settresedepo":null,"plac":null,"derifinaasset":null,"reinrece":null,"reincontrese":null,"purcresaasset":null,"cenbankborr":null,"deposit":null,"fdsborr":null,"deriliab":null,"sellrepasse":null,"copepoun":null,"insucontrese":null,"actitradsecu":null,"actiundesecu":null},{"compcode":"80277843","publishdate":"20161028","reportdate":"20160930","reporttype":"100111","adjustdate":"20161028","accstacode":"2","accstaname":"新会计准则","curfds":5.9893438794E8,"tradfinasset":6.0971437788E8,"notesrece":6515214.87,"accorece":6.665479739E7,"prep":1.214204813E7,"premrece":null,"interece":null,"dividrece":null,"otherrece":1.063310443E7,"expotaxrebarece":null,"subsrece":null,"margrece":null,"intelrece":null,"inve":1.82260572066E9,"prepexpe":null,"unseg":null,"expinoncurrasset":null,"othercurrasse":3.7903091081E8,"currassetitse":null,"currasseform":null,"totcurrasset":3.50623056211E9,"lendandloan":null,"avaisellasse":null,"holdinvedue":null,"longrece":null,"equiinve":null,"otherlonginve":null,"inveprop":null,"fixedasseimmo":null,"accudepr":null,"fixedassenetw":null,"fixedasseimpa":null,"fixedassenet":1.2755467932E9,"consprog":1.1459629811E8,"engimate":null,"fixedasseclea":null,"prodasse":null,"comasse":null,"hydrasset":null,"intaasset":8.84071636E7,"deveexpe":null,"goodwill":null,"logprepexpe":141272.72,"tradshartrad":null,"defetaxasset":3.538227569E7,"othernoncasse":8947796.11,"noncasseitse":null,"noncasseform":null,"totalnoncassets":1.52302159943E9,"totassetitse":null,"totalasseform":null,"totasset":5.02925216154E9,"shorttermborr":null,"tradfinliab":null,"notespaya":1.9457764768E8,"accopaya":3.1468533243E8,"advapaym":3.1736886588E8,"copeworkersal":2.792921511E7,"taxespaya":2.1996651626E8,"intepaya":null,"divipaya":null,"otherfeepaya":null,"margrequ":null,"intelpay":null,"otherpay":1.6649913538E8,"accrexpe":null,"expecurrliab":null,"copewithreinrece":null,"inteticksett":null,"dometicksett":null,"defereve":null,"shorttermbdspaya":null,"duenoncliab":null,"othercurreliabi":null,"currliabitse":null,"currliabform":null,"totalcurrliab":1.24102671274E9,"longborr":null,"bdspaya":null,"longpaya":null,"specpaya":null,"expenoncliab":null,"longdefeinco":6.132243355E7,"defeincotaxliab":2334620.97,"othernoncliabi":null,"longliabitse":null,"longliabform":null,"totalnoncliab":6.365705452E7,"totliabitse":null,"totliabform":null,"totliab":1.30468376726E9,"paidincapi":8.0E8,"capisurp":1.26300053382E9,"treastk":null,"specrese":null,"rese":1.7219541457E8,"generiskrese":null,"unreinveloss":null,"undiprof":1.4878094555E9,"topaycashdivi":null,"curtrandiff":null,"sharrighitse":null,"sharrightform":null,"paresharrigh":3.72300540389E9,"minysharrigh":1562990.39,"righaggritse":null,"rightaggrform":null,"righaggr":3.72456839428E9,"rightotitse":null,"rightotform":null,"totliabsharequi":5.02925216154E9,"settresedepo":null,"plac":null,"derifinaasset":null,"reinrece":null,"reincontrese":null,"purcresaasset":null,"cenbankborr":null,"deposit":null,"fdsborr":null,"deriliab":null,"sellrepasse":null,"copepoun":null,"insucontrese":null,"actitradsecu":null,"actiundesecu":null},{"compcode":"80277843","publishdate":"20160816","reportdate":"20160630","reporttype":"100111","adjustdate":"20160816","accstacode":"2","accstaname":"新会计准则","curfds":7.5531958374E8,"tradfinasset":2.1238161224E8,"notesrece":7182904.0,"accorece":7.020275717E7,"prep":3.564126637E7,"premrece":null,"interece":null,"dividrece":null,"otherrece":1.062450592E7,"expotaxrebarece":null,"subsrece":null,"margrece":null,"intelrece":null,"inve":1.73227616459E9,"prepexpe":null,"unseg":null,"expinoncurrasset":null,"othercurrasse":8.1256617928E8,"currassetitse":null,"currasseform":null,"totcurrasset":3.63619497331E9,"lendandloan":null,"avaisellasse":null,"holdinvedue":null,"longrece":null,"equiinve":null,"otherlonginve":null,"inveprop":null,"fixedasseimmo":1.87899377516E9,"accudepr":6.0041734515E8,"fixedassenetw":1.27857643001E9,"fixedasseimpa":null,"fixedassenet":1.27857643001E9,"consprog":1.1710731938E8,"engimate":null,"fixedasseclea":null,"prodasse":null,"comasse":null,"hydrasset":null,"intaasset":9.000188859E7,"deveexpe":null,"goodwill":null,"logprepexpe":202531.97,"tradshartrad":null,"defetaxasset":4.594932057E7,"othernoncasse":6004371.9,"noncasseitse":null,"noncasseform":null,"totalnoncassets":1.53784186242E9,"totassetitse":null,"totalasseform":null,"totasset":5.17403683573E9,"shorttermborr":null,"tradfinliab":null,"notespaya":9.565164939E7,"accopaya":3.1736944997E8,"advapaym":2.9880993414E8,"copeworkersal":2.628233336E7,"taxespaya":1.6132874294E8,"intepaya":null,"divipaya":null,"otherfeepaya":null,"margrequ":null,"intelpay":null,"otherpay":2.1126792027E8,"accrexpe":null,"expecurrliab":null,"copewithreinrece":null,"inteticksett":null,"dometicksett":null,"defereve":null,"shorttermbdspaya":null,"duenoncliab":null,"othercurreliabi":null,"currliabitse":null,"currliabform":null,"totalcurrliab":1.11071003007E9,"longborr":null,"bdspaya":null,"longpaya":null,"specpaya":null,"expenoncliab":null,"longdefeinco":6.269371228E7,"defeincotaxliab":6447065.76,"othernoncliabi":null,"longliabitse":null,"longliabform":null,"totalnoncliab":6.914077804E7,"totliabitse":null,"totliabform":null,"totliab":1.17985080811E9,"paidincapi":8.0E8,"capisurp":1.26300053382E9,"treastk":null,"specrese":null,"rese":1.7219541457E8,"generiskrese":null,"unreinveloss":null,"undiprof":1.74475841695E9,"topaycashdivi":null,"curtrandiff":null,"sharrighitse":null,"sharrightform":null,"paresharrigh":3.99270436534E9,"minysharrigh":1481662.28,"righaggritse":null,"rightaggrform":null,"righaggr":3.99418602762E9,"rightotitse":null,"rightotform":null,"totliabsharequi":5.17403683573E9,"settresedepo":null,"plac":null,"derifinaasset":null,"reinrece":null,"reincontrese":null,"purcresaasset":null,"cenbankborr":null,"deposit":null,"fdsborr":null,"deriliab":null,"sellrepasse":null,"copepoun":null,"insucontrese":null,"actitradsecu":null,"actiundesecu":null},{"compcode":"80277843","publishdate":"20160429","reportdate":"20160331","reporttype":"100111","adjustdate":"20160429","accstacode":"2","accstaname":"新会计准则","curfds":8.3935049701E8,"tradfinasset":3.8300155578E8,"notesrece":4.806694231E7,"accorece":7.494560426E7,"prep":2664928.63,"premrece":null,"interece":null,"dividrece":null,"otherrece":1.400978628E7,"expotaxrebarece":null,"subsrece":null,"margrece":null,"intelrece":null,"inve":1.65912259832E9,"prepexpe":null,"unseg":null,"expinoncurrasset":null,"othercurrasse":5.7957406235E8,"currassetitse":null,"currasseform":null,"totcurrasset":3.60073597494E9,"lendandloan":null,"avaisellasse":null,"holdinvedue":null,"longrece":null,"equiinve":null,"otherlonginve":null,"inveprop":null,"fixedasseimmo":null,"accudepr":null,"fixedassenetw":null,"fixedasseimpa":null,"fixedassenet":1.30049173884E9,"consprog":5.103971767E7,"engimate":null,"fixedasseclea":null,"prodasse":null,"comasse":null,"hydrasset":null,"intaasset":9.078611212E7,"deveexpe":null,"goodwill":null,"logprepexpe":286663.88,"tradshartrad":null,"defetaxasset":4.077643532E7,"othernoncasse":6.66974E7,"noncasseitse":null,"noncasseform":null,"totalnoncassets":1.55007806783E9,"totassetitse":null,"totalasseform":null,"totasset":5.15081404277E9,"shorttermborr":null,"tradfinliab":null,"notespaya":9.812450625E7,"accopaya":3.6267920694E8,"advapaym":3.198066668E8,"copeworkersal":2.799159526E7,"taxespaya":1.9009528358E8,"intepaya":null,"divipaya":null,"otherfeepaya":null,"margrequ":null,"intelpay":null,"otherpay":1.7120695472E8,"accrexpe":null,"expecurrliab":null,"copewithreinrece":null,"inteticksett":null,"dometicksett":null,"defereve":null,"shorttermbdspaya":null,"duenoncliab":null,"othercurreliabi":null,"currliabitse":null,"currliabform":null,"totalcurrliab":1.16990421355E9,"longborr":null,"bdspaya":null,"longpaya":null,"specpaya":null,"expenoncliab":null,"longdefeinco":6.406499101E7,"defeincotaxliab":3957788.87,"othernoncliabi":null,"longliabitse":null,"longliabform":null,"totalnoncliab":6.802277988E7,"totliabitse":null,"totliabform":null,"totliab":1.23792699343E9,"paidincapi":8.0E8,"capisurp":1.26300053382E9,"treastk":null,"specrese":null,"rese":1.7219541457E8,"generiskrese":null,"unreinveloss":null,"undiprof":1.66944110095E9,"topaycashdivi":null,"curtrandiff":null,"sharrighitse":null,"sharrightform":null,"paresharrigh":3.91288704934E9,"minysharrigh":null,"righaggritse":null,"rightaggrform":null,"righaggr":3.91288704934E9,"rightotitse":null,"rightotform":null,"totliabsharequi":5.15081404277E9,"settresedepo":null,"plac":null,"derifinaasset":null,"reinrece":null,"reincontrese":null,"purcresaasset":null,"cenbankborr":null,"deposit":null,"fdsborr":null,"deriliab":null,"sellrepasse":null,"copepoun":null,"insucontrese":null,"actitradsecu":null,"actiundesecu":null},{"compcode":"80277843","publishdate":"20160429","reportdate":"20151231","reporttype":"100111","adjustdate":"20160429","accstacode":"2","accstaname":"新会计准则","curfds":1.02785146987E9,"tradfinasset":3.4675541795E8,"notesrece":1.4033991701E8,"accorece":6.130828962E7,"prep":3238681.95,"premrece":null,"interece":null,"dividrece":null,"otherrece":1.060940496E7,"expotaxrebarece":null,"subsrece":null,"margrece":null,"intelrece":null,"inve":1.64682420654E9,"prepexpe":null,"unseg":null,"expinoncurrasset":null,"othercurrasse":4.7871755396E8,"currassetitse":null,"currasseform":null,"totcurrasset":3.71564494186E9,"lendandloan":null,"avaisellasse":null,"holdinvedue":null,"longrece":null,"equiinve":null,"otherlonginve":null,"inveprop":null,"fixedasseimmo":1.8585141464E9,"accudepr":5.4722411687E8,"fixedassenetw":1.31129002953E9,"fixedasseimpa":null,"fixedassenet":1.31129002953E9,"consprog":2.06786945E7,"engimate":null,"fixedasseclea":null,"prodasse":null,"comasse":null,"hydrasset":null,"intaasset":9.015063868E7,"deveexpe":null,"goodwill":null,"logprepexpe":379379.48,"tradshartrad":null,"defetaxasset":4.361482903E7,"othernoncasse":6.687258E7,"noncasseitse":null,"noncasseform":null,"totalnoncassets":1.53298615122E9,"totassetitse":null,"totalasseform":null,"totasset":5.24863109308E9,"shorttermborr":null,"tradfinliab":null,"notespaya":1.8776539606E8,"accopaya":4.1440548357E8,"advapaym":4.2269563549E8,"copeworkersal":4.112321248E7,"taxespaya":2.2008167568E8,"intepaya":null,"divipaya":null,"otherfeepaya":null,"margrequ":null,"intelpay":null,"otherpay":2.6340040611E8,"accrexpe":null,"expecurrliab":null,"copewithreinrece":null,"inteticksett":null,"dometicksett":null,"defereve":null,"shorttermbdspaya":null,"duenoncliab":null,"othercurreliabi":null,"currliabitse":null,"currliabform":null,"totalcurrliab":1.54947180939E9,"longborr":null,"bdspaya":null,"longpaya":null,"specpaya":null,"expenoncliab":null,"longdefeinco":4.350366174E7,"defeincotaxliab":2483670.06,"othernoncliabi":null,"longliabitse":null,"longliabform":null,"totalnoncliab":4.59873318E7,"totliabitse":null,"totliabform":null,"totliab":1.59545914119E9,"paidincapi":8.0E8,"capisurp":1.26300053382E9,"treastk":null,"specrese":null,"rese":1.7219541457E8,"generiskrese":null,"unreinveloss":null,"undiprof":1.4142260035E9,"topaycashdivi":null,"curtrandiff":null,"sharrighitse":null,"sharrightform":null,"paresharrigh":3.65317195189E9,"minysharrigh":null,"righaggritse":null,"rightaggrform":null,"righaggr":3.65317195189E9,"rightotitse":null,"rightotform":null,"totliabsharequi":5.24863109308E9,"settresedepo":null,"plac":null,"derifinaasset":null,"reinrece":null,"reincontrese":null,"purcresaasset":null,"cenbankborr":null,"deposit":null,"fdsborr":null,"deriliab":null,"sellrepasse":null,"copepoun":null,"insucontrese":null,"actitradsecu":null,"actiundesecu":null},{"compcode":"80277843","publishdate":"20151030","reportdate":"20150930","reporttype":"100111","adjustdate":"20151030","accstacode":"2","accstaname":"新会计准则","curfds":8.0753436772E8,"tradfinasset":5.4995928923E8,"notesrece":1.407863176E7,"accorece":6.903295971E7,"prep":8.585474304E7,"premrece":null,"interece":null,"dividrece":null,"otherrece":1.660401754E7,"expotaxrebarece":null,"subsrece":null,"margrece":null,"intelrece":null,"inve":1.5427152489E9,"prepexpe":null,"unseg":null,"expinoncurrasset":null,"othercurrasse":93030.36,"currassetitse":null,"currasseform":null,"totcurrasset":3.08587228826E9,"lendandloan":null,"avaisellasse":null,"holdinvedue":1.5E8,"longrece":null,"equiinve":null,"otherlonginve":null,"inveprop":null,"fixedasseimmo":null,"accudepr":null,"fixedassenetw":null,"fixedasseimpa":null,"fixedassenet":1.31782040246E9,"consprog":3.388539341E7,"engimate":null,"fixedasseclea":null,"prodasse":null,"comasse":null,"hydrasset":null,"intaasset":8.333244453E7,"deveexpe":null,"goodwill":null,"logprepexpe":521017.04,"tradshartrad":null,"defetaxasset":4.747532691E7,"othernoncasse":null,"noncasseitse":null,"noncasseform":null,"totalnoncassets":1.63303458435E9,"totassetitse":null,"totalasseform":null,"totasset":4.71890687261E9,"shorttermborr":null,"tradfinliab":null,"notespaya":1.2439235958E8,"accopaya":3.7629692105E8,"advapaym":2.3419633021E8,"copeworkersal":2.857685747E7,"taxespaya":1.6137903507E8,"intepaya":null,"divipaya":null,"otherfeepaya":null,"margrequ":null,"intelpay":null,"otherpay":2.3850975671E8,"accrexpe":null,"expecurrliab":null,"copewithreinrece":null,"inteticksett":null,"dometicksett":null,"defereve":null,"shorttermbdspaya":null,"duenoncliab":null,"othercurreliabi":null,"currliabitse":null,"currliabform":null,"totalcurrliab":1.16335126009E9,"longborr":null,"bdspaya":null,"longpaya":null,"specpaya":null,"expenoncliab":null,"longdefeinco":4.500306547E7,"defeincotaxliab":1259551.25,"othernoncliabi":null,"longliabitse":null,"longliabform":null,"totalnoncliab":4.626261672E7,"totliabitse":null,"totliabform":null,"totliab":1.20961387681E9,"paidincapi":8.0E8,"capisurp":1.26300053382E9,"treastk":null,"specrese":null,"rese":1.2231373072E8,"generiskrese":null,"unreinveloss":null,"undiprof":1.32397873126E9,"topaycashdivi":null,"curtrandiff":null,"sharrighitse":null,"sharrightform":null,"paresharrigh":3.5092929958E9,"minysharrigh":null,"righaggritse":null,"rightaggrform":null,"righaggr":3.5092929958E9,"rightotitse":null,"rightotform":null,"totliabsharequi":4.71890687261E9,"settresedepo":null,"plac":null,"derifinaasset":null,"reinrece":null,"reincontrese":null,"purcresaasset":null,"cenbankborr":null,"deposit":null,"fdsborr":null,"deriliab":null,"sellrepasse":null,"copepoun":null,"insucontrese":null,"actitradsecu":null,"actiundesecu":null},{"compcode":"80277843","publishdate":"20150819","reportdate":"20150630","reporttype":"100111","adjustdate":"20150819","accstacode":"2","accstaname":"新会计准则","curfds":1.67161303901E9,"tradfinasset":null,"notesrece":1.519706125E7,"accorece":6.558270839E7,"prep":7.399162036E7,"premrece":null,"interece":null,"dividrece":null,"otherrece":1.956033351E7,"expotaxrebarece":null,"subsrece":null,"margrece":null,"intelrece":null,"inve":1.37782772128E9,"prepexpe":null,"unseg":null,"expinoncurrasset":null,"othercurrasse":185813.0,"currassetitse":null,"currasseform":null,"totcurrasset":3.2239582968E9,"lendandloan":null,"avaisellasse":null,"holdinvedue":null,"longrece":null,"equiinve":null,"otherlonginve":null,"inveprop":null,"fixedasseimmo":1.76795106132E9,"accudepr":4.763784127E8,"fixedassenetw":1.29157264862E9,"fixedasseimpa":null,"fixedassenet":1.29157264862E9,"consprog":7.03187127E7,"engimate":null,"fixedasseclea":null,"prodasse":null,"comasse":null,"hydrasset":null,"intaasset":8.151044188E7,"deveexpe":null,"goodwill":null,"logprepexpe":508719.55,"tradshartrad":null,"defetaxasset":5.198073653E7,"othernoncasse":null,"noncasseitse":null,"noncasseform":null,"totalnoncassets":1.49589125928E9,"totassetitse":null,"totalasseform":null,"totasset":4.71984955608E9,"shorttermborr":null,"tradfinliab":null,"notespaya":4.046063698E7,"accopaya":3.5137990205E8,"advapaym":1.7904643123E8,"copeworkersal":3.073438919E7,"taxespaya":1.1830182435E8,"intepaya":null,"divipaya":null,"otherfeepaya":null,"margrequ":null,"intelpay":null,"otherpay":2.324201956E8,"accrexpe":null,"expecurrliab":null,"copewithreinrece":null,"inteticksett":null,"dometicksett":null,"defereve":null,"shorttermbdspaya":null,"duenoncliab":null,"othercurreliabi":null,"currliabitse":null,"currliabform":null,"totalcurrliab":9.523433794E8,"longborr":null,"bdspaya":null,"longpaya":null,"specpaya":null,"expenoncliab":null,"longdefeinco":4.65024692E7,"defeincotaxliab":1285432.43,"othernoncliabi":null,"longliabitse":null,"longliabform":null,"totalnoncliab":4.778790163E7,"totliabitse":null,"totliabform":null,"totliab":1.00013128103E9,"paidincapi":8.0E8,"capisurp":1.26307197546E9,"treastk":null,"specrese":null,"rese":1.2231373072E8,"generiskrese":null,"unreinveloss":null,"undiprof":1.53433256887E9,"topaycashdivi":null,"curtrandiff":null,"sharrighitse":null,"sharrightform":null,"paresharrigh":3.71971827505E9,"minysharrigh":null,"righaggritse":null,"rightaggrform":null,"righaggr":3.71971827505E9,"rightotitse":null,"rightotform":null,"totliabsharequi":4.71984955608E9,"settresedepo":null,"plac":null,"derifinaasset":null,"reinrece":null,"reincontrese":null,"purcresaasset":null,"cenbankborr":null,"deposit":null,"fdsborr":null,"deriliab":null,"sellrepasse":null,"copepoun":null,"insucontrese":null,"actitradsecu":null,"actiundesecu":null},{"compcode":"80277843","publishdate":"20150511","reportdate":"20141231","reporttype":"100111","adjustdate":"20150511","accstacode":"2","accstaname":"新会计准则","curfds":8.3323445301E8,"tradfinasset":null,"notesrece":2.4267281891E8,"accorece":7.209902239E7,"prep":2.073606348E7,"premrece":null,"interece":null,"dividrece":null,"otherrece":2.343363333E7,"expotaxrebarece":null,"subsrece":null,"margrece":null,"intelrece":null,"inve":1.18148081533E9,"prepexpe":null,"unseg":null,"expinoncurrasset":null,"othercurrasse":53160.66,"currassetitse":null,"currasseform":null,"totcurrasset":2.37370996711E9,"lendandloan":null,"avaisellasse":null,"holdinvedue":null,"longrece":null,"equiinve":null,"otherlonginve":null,"inveprop":null,"fixedasseimmo":1.64158701406E9,"accudepr":4.4877729131E8,"fixedassenetw":1.19280972275E9,"fixedasseimpa":null,"fixedassenet":1.19280972275E9,"consprog":1.9428426674E8,"engimate":null,"fixedasseclea":null,"prodasse":null,"comasse":null,"hydrasset":null,"intaasset":8.041289609E7,"deveexpe":null,"goodwill":null,"logprepexpe":881214.58,"tradshartrad":null,"defetaxasset":4.315990031E7,"othernoncasse":null,"noncasseitse":null,"noncasseform":null,"totalnoncassets":1.51154800047E9,"totassetitse":null,"totalasseform":null,"totasset":3.88525796758E9,"shorttermborr":null,"tradfinliab":null,"notespaya":3.88292102E7,"accopaya":3.2184129999E8,"advapaym":4.1929910701E8,"copeworkersal":3.273732367E7,"taxespaya":2.2462491224E8,"intepaya":null,"divipaya":null,"otherfeepaya":null,"margrequ":null,"intelpay":null,"otherpay":2.4099714222E8,"accrexpe":null,"expecurrliab":null,"copewithreinrece":null,"inteticksett":null,"dometicksett":null,"defereve":null,"shorttermbdspaya":null,"duenoncliab":null,"othercurreliabi":null,"currliabitse":null,"currliabform":null,"totalcurrliab":1.27832899533E9,"longborr":null,"bdspaya":null,"longpaya":null,"specpaya":null,"expenoncliab":null,"longdefeinco":4.950127666E7,"defeincotaxliab":1337194.81,"othernoncliabi":null,"longliabitse":null,"longliabform":null,"totalnoncliab":5.083847147E7,"totliabitse":null,"totliabform":null,"totliab":1.3291674668E9,"paidincapi":7.2E8,"capisurp":4.6006819788E8,"treastk":null,"specrese":null,"rese":1.2231373072E8,"generiskrese":null,"unreinveloss":null,"undiprof":1.25370857218E9,"topaycashdivi":null,"curtrandiff":null,"sharrighitse":null,"sharrightform":null,"paresharrigh":2.55609050078E9,"minysharrigh":null,"righaggritse":null,"rightaggrform":null,"righaggr":2.55609050078E9,"rightotitse":null,"rightotform":null,"totliabsharequi":3.88525796758E9,"settresedepo":null,"plac":null,"derifinaasset":null,"reinrece":null,"reincontrese":null,"purcresaasset":null,"cenbankborr":null,"deposit":null,"fdsborr":null,"deriliab":null,"sellrepasse":null,"copepoun":null,"insucontrese":null,"actitradsecu":null,"actiundesecu":null},{"compcode":"80277843","publishdate":"20150511","reportdate":"20131231","reporttype":"100111","adjustdate":"20150511","accstacode":"2","accstaname":"新会计准则","curfds":7.8080261509E8,"tradfinasset":null,"notesrece":2.715910202E7,"accorece":7.442111026E7,"prep":4.447217097E7,"premrece":null,"interece":null,"dividrece":null,"otherrece":2.786777382E7,"expotaxrebarece":null,"subsrece":null,"margrece":null,"intelrece":null,"inve":1.06812989996E9,"prepexpe":null,"unseg":null,"expinoncurrasset":null,"othercurrasse":42461.74,"currassetitse":null,"currasseform":null,"totcurrasset":2.02289513386E9,"lendandloan":null,"avaisellasse":null,"holdinvedue":null,"longrece":null,"equiinve":null,"otherlonginve":null,"inveprop":null,"fixedasseimmo":1.45671929761E9,"accudepr":3.6111441716E8,"fixedassenetw":1.09560488045E9,"fixedasseimpa":null,"fixedassenet":1.09560488045E9,"consprog":1.6084787099E8,"engimate":null,"fixedasseclea":null,"prodasse":null,"comasse":null,"hydrasset":null,"intaasset":7.863403117E7,"deveexpe":null,"goodwill":null,"logprepexpe":1998456.79,"tradshartrad":null,"defetaxasset":2.666599004E7,"othernoncasse":null,"noncasseitse":null,"noncasseform":null,"totalnoncassets":1.36375122944E9,"totassetitse":null,"totalasseform":null,"totasset":3.3866463633E9,"shorttermborr":null,"tradfinliab":null,"notespaya":3.667647029E7,"accopaya":3.0296222455E8,"advapaym":3.5420611393E8,"copeworkersal":3.969242642E7,"taxespaya":1.7983562992E8,"intepaya":null,"divipaya":null,"otherfeepaya":null,"margrequ":null,"intelpay":null,"otherpay":2.0505571145E8,"accrexpe":null,"expecurrliab":null,"copewithreinrece":null,"inteticksett":null,"dometicksett":null,"defereve":null,"shorttermbdspaya":null,"duenoncliab":null,"othercurreliabi":null,"currliabitse":null,"currliabform":null,"totalcurrliab":1.11842857656E9,"longborr":null,"bdspaya":null,"longpaya":null,"specpaya":null,"expenoncliab":null,"longdefeinco":4.604302E7,"defeincotaxliab":1440719.56,"othernoncliabi":null,"longliabitse":null,"longliabform":null,"totalnoncliab":4.748373956E7,"totliabitse":null,"totliabform":null,"totliab":1.16591231612E9,"paidincapi":7.2E8,"capisurp":4.6006819788E8,"treastk":null,"specrese":null,"rese":8.587469754E7,"generiskrese":null,"unreinveloss":null,"undiprof":9.5479115176E8,"topaycashdivi":null,"curtrandiff":null,"sharrighitse":null,"sharrightform":null,"paresharrigh":2.22073404718E9,"minysharrigh":null,"righaggritse":null,"rightaggrform":null,"righaggr":2.22073404718E9,"rightotitse":null,"rightotform":null,"totliabsharequi":3.3866463633E9,"settresedepo":null,"plac":null,"derifinaasset":null,"reinrece":null,"reincontrese":null,"purcresaasset":null,"cenbankborr":null,"deposit":null,"fdsborr":null,"deriliab":null,"sellrepasse":null,"copepoun":null,"insucontrese":null,"actitradsecu":null,"actiundesecu":null},{"compcode":"80277843","publishdate":"20150511","reportdate":"20121231","reporttype":"100111","adjustdate":"20150511","accstacode":"2","accstaname":"新会计准则","curfds":9.715161203E8,"tradfinasset":null,"notesrece":4.377572713E7,"accorece":6.866157825E7,"prep":1.2754979849E8,"premrece":null,"interece":null,"dividrece":null,"otherrece":2.581082712E7,"expotaxrebarece":null,"subsrece":null,"margrece":null,"intelrece":null,"inve":1.00445790958E9,"prepexpe":null,"unseg":null,"expinoncurrasset":null,"othercurrasse":160308.57,"currassetitse":null,"currasseform":null,"totcurrasset":2.24193226944E9,"lendandloan":null,"avaisellasse":null,"holdinvedue":null,"longrece":null,"equiinve":null,"otherlonginve":null,"inveprop":null,"fixedasseimmo":null,"accudepr":null,"fixedassenetw":null,"fixedasseimpa":null,"fixedassenet":9.5776273569E8,"consprog":1.0838324946E8,"engimate":null,"fixedasseclea":null,"prodasse":null,"comasse":null,"hydrasset":null,"intaasset":7.484965933E7,"deveexpe":null,"goodwill":null,"logprepexpe":1872628.92,"tradshartrad":null,"defetaxasset":1.466251908E7,"othernoncasse":null,"noncasseitse":null,"noncasseform":null,"totalnoncassets":1.15753079248E9,"totassetitse":null,"totalasseform":null,"totasset":3.39946306192E9,"shorttermborr":null,"tradfinliab":null,"notespaya":1.945E7,"accopaya":3.3985453705E8,"advapaym":5.9072065829E8,"copeworkersal":2.601315949E7,"taxespaya":2.0039200968E8,"intepaya":null,"divipaya":null,"otherfeepaya":null,"margrequ":null,"intelpay":null,"otherpay":2.1621797018E8,"accrexpe":null,"expecurrliab":null,"copewithreinrece":null,"inteticksett":null,"dometicksett":null,"defereve":null,"shorttermbdspaya":null,"duenoncliab":null,"othercurreliabi":null,"currliabitse":null,"currliabform":null,"totalcurrliab":1.39264833469E9,"longborr":null,"bdspaya":null,"longpaya":null,"specpaya":null,"expenoncliab":null,"longdefeinco":2.678439E7,"defeincotaxliab":1544244.31,"othernoncliabi":null,"longliabitse":null,"longliabform":null,"totalnoncliab":2.832863431E7,"totliabitse":null,"totliabform":null,"totliab":1.420976969E9,"paidincapi":7.2E8,"capisurp":4.6006819788E8,"treastk":null,"specrese":null,"rese":4.156773825E7,"generiskrese":null,"unreinveloss":null,"undiprof":7.5685015679E8,"topaycashdivi":null,"curtrandiff":null,"sharrighitse":null,"sharrightform":null,"paresharrigh":1.97848609292E9,"minysharrigh":null,"righaggritse":null,"rightaggrform":null,"righaggr":1.97848609292E9,"rightotitse":null,"rightotform":null,"totliabsharequi":3.39946306192E9,"settresedepo":null,"plac":null,"derifinaasset":null,"reinrece":null,"reincontrese":null,"purcresaasset":null,"cenbankborr":null,"deposit":null,"fdsborr":null,"deriliab":null,"sellrepasse":null,"copepoun":null,"insucontrese":null,"actitradsecu":null,"actiundesecu":null},{"compcode":"80277843","publishdate":"20140528","reportdate":"20111231","reporttype":"100111","adjustdate":"20140528","accstacode":"2","accstaname":"新会计准则","curfds":8.8629765425E8,"tradfinasset":null,"notesrece":1.017845321E8,"accorece":7.157168063E7,"prep":1.3275964115E8,"premrece":null,"interece":null,"dividrece":null,"otherrece":2.758822905E7,"expotaxrebarece":null,"subsrece":null,"margrece":null,"intelrece":null,"inve":8.7419509739E8,"prepexpe":null,"unseg":null,"expinoncurrasset":null,"othercurrasse":1113500.91,"currassetitse":null,"currasseform":null,"totcurrasset":2.09531033548E9,"lendandloan":null,"avaisellasse":null,"holdinvedue":null,"longrece":null,"equiinve":null,"otherlonginve":null,"inveprop":null,"fixedasseimmo":null,"accudepr":null,"fixedassenetw":null,"fixedasseimpa":null,"fixedassenet":6.1706513578E8,"consprog":1.3487868863E8,"engimate":null,"fixedasseclea":null,"prodasse":null,"comasse":null,"hydrasset":null,"intaasset":5.930430467E7,"deveexpe":null,"goodwill":null,"logprepexpe":1968887.74,"tradshartrad":null,"defetaxasset":1.348999974E7,"othernoncasse":null,"noncasseitse":null,"noncasseform":null,"totalnoncassets":8.2670701656E8,"totassetitse":null,"totalasseform":null,"totasset":2.92201735204E9,"shorttermborr":null,"tradfinliab":null,"notespaya":null,"accopaya":2.6805272619E8,"advapaym":5.2018631288E8,"copeworkersal":2.119447093E7,"taxespaya":1.747653961E8,"intepaya":null,"divipaya":null,"otherfeepaya":null,"margrequ":null,"intelpay":null,"otherpay":2.409393906E8,"accrexpe":null,"expecurrliab":null,"copewithreinrece":null,"inteticksett":null,"dometicksett":null,"defereve":null,"shorttermbdspaya":null,"duenoncliab":null,"othercurreliabi":null,"currliabitse":null,"currliabform":null,"totalcurrliab":1.2251382967E9,"longborr":null,"bdspaya":null,"longpaya":null,"specpaya":null,"expenoncliab":null,"longdefeinco":null,"defeincotaxliab":1647769.06,"othernoncliabi":2690960.0,"longliabitse":null,"longliabform":null,"totalnoncliab":4338729.06,"totliabitse":null,"totliabform":null,"totliab":1.22947702576E9,"paidincapi":3.6E8,"capisurp":8.2006819788E8,"treastk":null,"specrese":null,"rese":2.076949236E7,"generiskrese":null,"unreinveloss":null,"undiprof":4.9170263604E8,"topaycashdivi":null,"curtrandiff":null,"sharrighitse":null,"sharrightform":null,"paresharrigh":1.69254032628E9,"minysharrigh":null,"righaggritse":null,"rightaggrform":null,"righaggr":1.69254032628E9,"rightotitse":null,"rightotform":null,"totliabsharequi":2.92201735204E9,"settresedepo":null,"plac":null,"derifinaasset":null,"reinrece":null,"reincontrese":null,"purcresaasset":null,"cenbankborr":null,"deposit":null,"fdsborr":null,"deriliab":null,"sellrepasse":null,"copepoun":null,"insucontrese":null,"actitradsecu":null,"actiundesecu":null}],"comptype":4,"name":"迎驾贡酒"}