{"SH603589":{"symbol":"SH603589","exchange":"SH","code":"603589","name":"口子窖","current":"46.90","percentage":"-0.17","change":"-0.08","open":"46.56","high":"47.33","low":"46.01","close":"46.9","last_close":"46.98","high52week":"54.8","low52week":"32.02","volume":"1271231.0","lot_volume":"12712.31","volumeAverage":"8574426","marketCapital":"2.814E10","eps":"1.5","pe_ttm":"28.948","pe_lyr":"35.917","beta":"0.0","totalShares":"600000000","time":"Tue Mar 20 14:59:58 +0800 2018","afterHours":"0.0","afterHoursPct":"0.0","afterHoursChg":"0.0","updateAt":"1510121256461","dividend":"0.45","yield":"0.96","turnover_rate":"0.43%","instOwn":"0.0","rise_stop":"51.68","fall_stop":"42.28","currency_unit":"CNY","amount":"5.9360209E7","net_assets":"8.1201","hasexist":"","has_warrant":"0","type":"11","flag":"1","rest_day":"","amplitude":"2.81%","market_status":"已收盘","lot_size":"100","min_order_quantity":"0","max_order_quantity":"0","tick_size":"0.01","variable_tick_size":"","kzz_stock_symbol":"","kzz_stock_name":"","kzz_stock_current":"0.0","kzz_convert_price":"0.0","kzz_covert_value":"0.0","kzz_cpr":"0.0","kzz_putback_price":"0.0","kzz_convert_time":"","kzz_redempt_price":"0.0","kzz_straight_price":"0.0","kzz_stock_percent":"","pb":"5.78","benefit_before_tax":"0.0","benefit_after_tax":"0.0","convert_bond_ratio":"","totalissuescale":"","outstandingamt":"","maturitydate":"","remain_year":"","convertrate":"0.0","interestrtmemo":"","release_date":"","circulation":"0.0","par_value":"0.0","due_time":"0.0","value_date":"","due_date":"","publisher":"","redeem_type":"F","issue_type":"1","bond_type":"","warrant":"","sale_rrg":"","rate":"","after_hour_vol":"0","float_shares":"293524395","float_market_capital":"1.37662941255E10","disnext_pay_date":"","convert_rate":"0.0","volume_ratio":"0.45","percent5m":"-0.15","pankou_ratio":"44.0%","psr":"8.7651"}}