{"list":[{"compcode":"80287994","publishdate":"20171030","reportdate":"20170930","reporttype":"100111","adjustdate":"20171030","accstacode":"2","accstaname":"新会计准则","curfds":8.8828713955E8,"tradfinasset":null,"notesrece":5.6616077079E8,"accorece":1.600311909E7,"prep":948565.35,"premrece":null,"interece":null,"dividrece":null,"otherrece":4403850.92,"expotaxrebarece":null,"subsrece":null,"margrece":null,"intelrece":null,"inve":1.68410303962E9,"prepexpe":null,"unseg":null,"expinoncurrasset":null,"othercurrasse":1.39E9,"currassetitse":null,"currasseform":null,"totcurrasset":4.54990648532E9,"lendandloan":null,"avaisellasse":null,"holdinvedue":null,"longrece":null,"equiinve":null,"otherlonginve":null,"inveprop":null,"fixedasseimmo":null,"accudepr":null,"fixedassenetw":null,"fixedasseimpa":null,"fixedassenet":1.16449448451E9,"consprog":3.1682926476E8,"engimate":4.64273808E7,"fixedasseclea":2.98812834E7,"prodasse":null,"comasse":null,"hydrasset":null,"intaasset":4.2242263519E8,"deveexpe":null,"goodwill":null,"logprepexpe":1194236.15,"tradshartrad":null,"defetaxasset":3.20790952E7,"othernoncasse":4.160211035E7,"noncasseitse":null,"noncasseform":null,"totalnoncassets":2.05493049036E9,"totassetitse":null,"totalasseform":null,"totasset":6.60483697568E9,"shorttermborr":null,"tradfinliab":null,"notespaya":3.39045E8,"accopaya":1.7511479517E8,"advapaym":5.4696696898E8,"copeworkersal":1.622318203E7,"taxespaya":3.5315757484E8,"intepaya":null,"divipaya":null,"otherfeepaya":null,"margrequ":null,"intelpay":null,"otherpay":2.5725293858E8,"accrexpe":null,"expecurrliab":null,"copewithreinrece":null,"inteticksett":null,"dometicksett":null,"defereve":null,"shorttermbdspaya":null,"duenoncliab":null,"othercurreliabi":null,"currliabitse":null,"currliabform":null,"totalcurrliab":1.6877604596E9,"longborr":null,"bdspaya":null,"longpaya":null,"specpaya":null,"expenoncliab":null,"longdefeinco":4.5E7,"defeincotaxliab":null,"othernoncliabi":null,"longliabitse":null,"longliabform":null,"totalnoncliab":4.5E7,"totliabitse":null,"totliabform":null,"totliab":1.7327604596E9,"paidincapi":6.0E8,"capisurp":9.7688236904E8,"treastk":null,"specrese":null,"rese":2.6626040988E8,"generiskrese":null,"unreinveloss":null,"undiprof":3.02893373716E9,"topaycashdivi":null,"curtrandiff":null,"sharrighitse":null,"sharrightform":null,"paresharrigh":4.87207651608E9,"minysharrigh":null,"righaggritse":null,"rightaggrform":null,"righaggr":4.87207651608E9,"rightotitse":null,"rightotform":null,"totliabsharequi":6.60483697568E9,"settresedepo":null,"plac":null,"derifinaasset":null,"reinrece":null,"reincontrese":null,"purcresaasset":null,"cenbankborr":null,"deposit":null,"fdsborr":null,"deriliab":null,"sellrepasse":null,"copepoun":null,"insucontrese":null,"actitradsecu":null,"actiundesecu":null},{"compcode":"80287994","publishdate":"20170825","reportdate":"20170630","reporttype":"100111","adjustdate":"20170825","accstacode":"2","accstaname":"新会计准则","curfds":7.5586295922E8,"tradfinasset":null,"notesrece":4.41625532E8,"accorece":1.630004828E7,"prep":1936065.3,"premrece":null,"interece":null,"dividrece":null,"otherrece":4074743.81,"expotaxrebarece":null,"subsrece":null,"margrece":null,"intelrece":null,"inve":1.68670424883E9,"prepexpe":null,"unseg":null,"expinoncurrasset":null,"othercurrasse":1.28635179815E9,"currassetitse":null,"currasseform":null,"totcurrasset":4.19285539559E9,"lendandloan":null,"avaisellasse":null,"holdinvedue":null,"longrece":null,"equiinve":null,"otherlonginve":null,"inveprop":null,"fixedasseimmo":1.64204785968E9,"accudepr":4.7395826179E8,"fixedassenetw":1.16808959789E9,"fixedasseimpa":null,"fixedassenet":1.16808959789E9,"consprog":2.4482744692E8,"engimate":4.64273808E7,"fixedasseclea":2.98812834E7,"prodasse":null,"comasse":null,"hydrasset":null,"intaasset":3.8444476436E8,"deveexpe":null,"goodwill":null,"logprepexpe":1317777.8,"tradshartrad":null,"defetaxasset":4.109278268E7,"othernoncasse":7.117679835E7,"noncasseitse":null,"noncasseform":null,"totalnoncassets":1.9872578322E9,"totassetitse":null,"totalasseform":null,"totasset":6.18011322779E9,"shorttermborr":null,"tradfinliab":null,"notespaya":2.21905E8,"accopaya":2.5127952471E8,"advapaym":4.5045974177E8,"copeworkersal":1.192723243E7,"taxespaya":1.5055943726E8,"intepaya":null,"divipaya":2.7E8,"otherfeepaya":null,"margrequ":null,"intelpay":null,"otherpay":2.8205100414E8,"accrexpe":null,"expecurrliab":null,"copewithreinrece":null,"inteticksett":null,"dometicksett":null,"defereve":null,"shorttermbdspaya":null,"duenoncliab":null,"othercurreliabi":null,"currliabitse":null,"currliabform":null,"totalcurrliab":1.63818194031E9,"longborr":null,"bdspaya":null,"longpaya":null,"specpaya":null,"expenoncliab":null,"longdefeinco":4.5E7,"defeincotaxliab":null,"othernoncliabi":null,"longliabitse":null,"longliabform":null,"totalnoncliab":4.5E7,"totliabitse":null,"totliabform":null,"totliab":1.68318194031E9,"paidincapi":6.0E8,"capisurp":9.7688236904E8,"treastk":null,"specrese":null,"rese":2.6626040988E8,"generiskrese":null,"unreinveloss":null,"undiprof":2.65378850856E9,"topaycashdivi":null,"curtrandiff":null,"sharrighitse":null,"sharrightform":null,"paresharrigh":4.49693128748E9,"minysharrigh":null,"righaggritse":null,"rightaggrform":null,"righaggr":4.49693128748E9,"rightotitse":null,"rightotform":null,"totliabsharequi":6.18011322779E9,"settresedepo":null,"plac":null,"derifinaasset":null,"reinrece":null,"reincontrese":null,"purcresaasset":null,"cenbankborr":null,"deposit":null,"fdsborr":null,"deriliab":null,"sellrepasse":null,"copepoun":null,"insucontrese":null,"actitradsecu":null,"actiundesecu":null},{"compcode":"80287994","publishdate":"20170428","reportdate":"20170331","reporttype":"100111","adjustdate":"20170428","accstacode":"2","accstaname":"新会计准则","curfds":7.729354596E8,"tradfinasset":null,"notesrece":3.80673093E8,"accorece":1.874450545E7,"prep":2354860.88,"premrece":null,"interece":null,"dividrece":null,"otherrece":2717943.34,"expotaxrebarece":null,"subsrece":null,"margrece":null,"intelrece":null,"inve":1.63506020456E9,"prepexpe":null,"unseg":null,"expinoncurrasset":null,"othercurrasse":1.19E9,"currassetitse":null,"currasseform":null,"totcurrasset":4.00248606683E9,"lendandloan":null,"avaisellasse":null,"holdinvedue":null,"longrece":null,"equiinve":null,"otherlonginve":null,"inveprop":null,"fixedasseimmo":null,"accudepr":null,"fixedassenetw":null,"fixedasseimpa":null,"fixedassenet":1.17939750432E9,"consprog":1.9434215317E8,"engimate":4.64273808E7,"fixedasseclea":2.767491712E7,"prodasse":null,"comasse":null,"hydrasset":null,"intaasset":3.4777253577E8,"deveexpe":null,"goodwill":null,"logprepexpe":1441319.45,"tradshartrad":null,"defetaxasset":3.691061988E7,"othernoncasse":8.84096435E7,"noncasseitse":null,"noncasseform":null,"totalnoncassets":1.92237607401E9,"totassetitse":null,"totalasseform":null,"totasset":5.92486214084E9,"shorttermborr":null,"tradfinliab":null,"notespaya":1.7693E8,"accopaya":2.766928791E8,"advapaym":3.6028223287E8,"copeworkersal":8675207.56,"taxespaya":2.251495706E8,"intepaya":null,"divipaya":null,"otherfeepaya":null,"margrequ":null,"intelpay":null,"otherpay":2.6403559639E8,"accrexpe":null,"expecurrliab":null,"copewithreinrece":null,"inteticksett":null,"dometicksett":null,"defereve":null,"shorttermbdspaya":null,"duenoncliab":null,"othercurreliabi":null,"currliabitse":null,"currliabform":null,"totalcurrliab":1.31176548652E9,"longborr":null,"bdspaya":null,"longpaya":null,"specpaya":null,"expenoncliab":null,"longdefeinco":4.5E7,"defeincotaxliab":null,"othernoncliabi":null,"longliabitse":null,"longliabform":null,"totalnoncliab":4.5E7,"totliabitse":null,"totliabform":null,"totliab":1.35676548652E9,"paidincapi":6.0E8,"capisurp":9.7688236904E8,"treastk":null,"specrese":null,"rese":2.6626040988E8,"generiskrese":null,"unreinveloss":null,"undiprof":2.7249538754E9,"topaycashdivi":null,"curtrandiff":null,"sharrighitse":null,"sharrightform":null,"paresharrigh":4.56809665432E9,"minysharrigh":null,"righaggritse":null,"rightaggrform":null,"righaggr":4.56809665432E9,"rightotitse":null,"rightotform":null,"totliabsharequi":5.92486214084E9,"settresedepo":null,"plac":null,"derifinaasset":null,"reinrece":null,"reincontrese":null,"purcresaasset":null,"cenbankborr":null,"deposit":null,"fdsborr":null,"deriliab":null,"sellrepasse":null,"copepoun":null,"insucontrese":null,"actitradsecu":null,"actiundesecu":null},{"compcode":"80287994","publishdate":"20170428","reportdate":"20161231","reporttype":"100111","adjustdate":"20170428","accstacode":"2","accstaname":"新会计准则","curfds":5.9208389764E8,"tradfinasset":null,"notesrece":3.18946541E8,"accorece":1.733968217E7,"prep":6174804.31,"premrece":null,"interece":null,"dividrece":null,"otherrece":2585722.0,"expotaxrebarece":null,"subsrece":null,"margrece":null,"intelrece":null,"inve":1.6758098461E9,"prepexpe":null,"unseg":null,"expinoncurrasset":null,"othercurrasse":1.19E9,"currassetitse":null,"currasseform":null,"totcurrasset":3.80294049322E9,"lendandloan":null,"avaisellasse":null,"holdinvedue":null,"longrece":null,"equiinve":null,"otherlonginve":null,"inveprop":null,"fixedasseimmo":1.59361987935E9,"accudepr":4.2906341379E8,"fixedassenetw":1.16455646556E9,"fixedasseimpa":null,"fixedassenet":1.16455646556E9,"consprog":1.950459247E8,"engimate":4.64273808E7,"fixedasseclea":2.767491712E7,"prodasse":null,"comasse":null,"hydrasset":null,"intaasset":3.4995071553E8,"deveexpe":null,"goodwill":null,"logprepexpe":null,"tradshartrad":null,"defetaxasset":3.827295982E7,"othernoncasse":6.517674312E7,"noncasseitse":null,"noncasseform":null,"totalnoncassets":1.88710510665E9,"totassetitse":null,"totalasseform":null,"totasset":5.69004559987E9,"shorttermborr":null,"tradfinliab":null,"notespaya":2.4045E8,"accopaya":1.9701678346E8,"advapaym":4.4380525819E8,"copeworkersal":3.080231524E7,"taxespaya":2.3574034751E8,"intepaya":null,"divipaya":null,"otherfeepaya":null,"margrequ":null,"intelpay":null,"otherpay":2.5615962503E8,"accrexpe":null,"expecurrliab":null,"copewithreinrece":null,"inteticksett":null,"dometicksett":null,"defereve":null,"shorttermbdspaya":null,"duenoncliab":null,"othercurreliabi":null,"currliabitse":null,"currliabform":null,"totalcurrliab":1.40397432943E9,"longborr":null,"bdspaya":null,"longpaya":null,"specpaya":null,"expenoncliab":null,"longdefeinco":4.5E7,"defeincotaxliab":null,"othernoncliabi":null,"longliabitse":null,"longliabform":null,"totalnoncliab":4.5E7,"totliabitse":null,"totliabform":null,"totliab":1.44897432943E9,"paidincapi":6.0E8,"capisurp":9.7688236904E8,"treastk":null,"specrese":null,"rese":2.6626040988E8,"generiskrese":null,"unreinveloss":null,"undiprof":2.39792849152E9,"topaycashdivi":null,"curtrandiff":null,"sharrighitse":null,"sharrightform":null,"paresharrigh":4.24107127044E9,"minysharrigh":null,"righaggritse":null,"rightaggrform":null,"righaggr":4.24107127044E9,"rightotitse":null,"rightotform":null,"totliabsharequi":5.69004559987E9,"settresedepo":null,"plac":null,"derifinaasset":null,"reinrece":null,"reincontrese":null,"purcresaasset":null,"cenbankborr":null,"deposit":null,"fdsborr":null,"deriliab":null,"sellrepasse":null,"copepoun":null,"insucontrese":null,"actitradsecu":null,"actiundesecu":null},{"compcode":"80287994","publishdate":"20161027","reportdate":"20160930","reporttype":"100111","adjustdate":"20161027","accstacode":"2","accstaname":"新会计准则","curfds":3.9771988403E8,"tradfinasset":null,"notesrece":4.65080835E8,"accorece":1.892523781E7,"prep":3185278.36,"premrece":null,"interece":null,"dividrece":null,"otherrece":6033433.16,"expotaxrebarece":null,"subsrece":null,"margrece":null,"intelrece":null,"inve":1.54486590925E9,"prepexpe":null,"unseg":null,"expinoncurrasset":null,"othercurrasse":1.1E9,"currassetitse":null,"currasseform":null,"totcurrasset":3.53581057761E9,"lendandloan":null,"avaisellasse":null,"holdinvedue":null,"longrece":null,"equiinve":null,"otherlonginve":null,"inveprop":null,"fixedasseimmo":null,"accudepr":null,"fixedassenetw":null,"fixedasseimpa":null,"fixedassenet":1.13501037713E9,"consprog":1.6951081111E8,"engimate":4.64273808E7,"fixedasseclea":2.685174263E7,"prodasse":null,"comasse":null,"hydrasset":null,"intaasset":3.5281720521E8,"deveexpe":null,"goodwill":null,"logprepexpe":null,"tradshartrad":null,"defetaxasset":2.570593096E7,"othernoncasse":6.55152E7,"noncasseitse":null,"noncasseform":null,"totalnoncassets":1.82183864784E9,"totassetitse":null,"totalasseform":null,"totasset":5.35764922545E9,"shorttermborr":null,"tradfinliab":null,"notespaya":2.5945E8,"accopaya":1.4584355622E8,"advapaym":1.8677839774E8,"copeworkersal":1.768870018E7,"taxespaya":2.7760690339E8,"intepaya":null,"divipaya":null,"otherfeepaya":null,"margrequ":null,"intelpay":null,"otherpay":2.5527886783E8,"accrexpe":null,"expecurrliab":null,"copewithreinrece":null,"inteticksett":null,"dometicksett":null,"defereve":null,"shorttermbdspaya":null,"duenoncliab":null,"othercurreliabi":null,"currliabitse":null,"currliabform":null,"totalcurrliab":1.14264642536E9,"longborr":null,"bdspaya":null,"longpaya":null,"specpaya":null,"expenoncliab":null,"longdefeinco":4.5E7,"defeincotaxliab":null,"othernoncliabi":null,"longliabitse":null,"longliabform":null,"totalnoncliab":4.5E7,"totliabitse":null,"totliabform":null,"totliab":1.18764642536E9,"paidincapi":6.0E8,"capisurp":9.7688236904E8,"treastk":null,"specrese":null,"rese":1.9849923593E8,"generiskrese":null,"unreinveloss":null,"undiprof":2.39462119512E9,"topaycashdivi":null,"curtrandiff":null,"sharrighitse":null,"sharrightform":null,"paresharrigh":4.17000280009E9,"minysharrigh":null,"righaggritse":null,"rightaggrform":null,"righaggr":4.17000280009E9,"rightotitse":null,"rightotform":null,"totliabsharequi":5.35764922545E9,"settresedepo":null,"plac":null,"derifinaasset":null,"reinrece":null,"reincontrese":null,"purcresaasset":null,"cenbankborr":null,"deposit":null,"fdsborr":null,"deriliab":null,"sellrepasse":null,"copepoun":null,"insucontrese":null,"actitradsecu":null,"actiundesecu":null},{"compcode":"80287994","publishdate":"20160825","reportdate":"20160630","reporttype":"100111","adjustdate":"20160825","accstacode":"2","accstaname":"新会计准则","curfds":4.1467285474E8,"tradfinasset":null,"notesrece":4.17309247E8,"accorece":1.433144408E7,"prep":795004.5,"premrece":null,"interece":null,"dividrece":null,"otherrece":4138928.93,"expotaxrebarece":null,"subsrece":null,"margrece":null,"intelrece":null,"inve":1.5460472054E9,"prepexpe":null,"unseg":null,"expinoncurrasset":null,"othercurrasse":8.0E8,"currassetitse":null,"currasseform":null,"totcurrasset":3.19729468465E9,"lendandloan":null,"avaisellasse":null,"holdinvedue":null,"longrece":null,"equiinve":null,"otherlonginve":null,"inveprop":null,"fixedasseimmo":1.53025662959E9,"accudepr":3.8566083444E8,"fixedassenetw":1.14459579515E9,"fixedasseimpa":null,"fixedassenet":1.14459579515E9,"consprog":1.5317236079E8,"engimate":4.64273808E7,"fixedasseclea":2.685184263E7,"prodasse":null,"comasse":null,"hydrasset":null,"intaasset":3.5430707505E8,"deveexpe":null,"goodwill":null,"logprepexpe":null,"tradshartrad":null,"defetaxasset":2.632244054E7,"othernoncasse":6.187874E7,"noncasseitse":null,"noncasseform":null,"totalnoncassets":1.81355563496E9,"totassetitse":null,"totalasseform":null,"totasset":5.01085031961E9,"shorttermborr":null,"tradfinliab":null,"notespaya":2.9271E8,"accopaya":1.6288979097E8,"advapaym":2.2859319753E8,"copeworkersal":1.144905995E7,"taxespaya":1.253654996E8,"intepaya":null,"divipaya":null,"otherfeepaya":null,"margrequ":null,"intelpay":null,"otherpay":2.6231378571E8,"accrexpe":null,"expecurrliab":null,"copewithreinrece":null,"inteticksett":null,"dometicksett":null,"defereve":null,"shorttermbdspaya":null,"duenoncliab":2.0E7,"othercurreliabi":null,"currliabitse":null,"currliabform":null,"totalcurrliab":1.10332133376E9,"longborr":null,"bdspaya":null,"longpaya":null,"specpaya":null,"expenoncliab":null,"longdefeinco":4.5E7,"defeincotaxliab":null,"othernoncliabi":null,"longliabitse":null,"longliabform":null,"totalnoncliab":4.5E7,"totliabitse":null,"totliabform":null,"totliab":1.14832133376E9,"paidincapi":6.0E8,"capisurp":9.7688236904E8,"treastk":null,"specrese":null,"rese":1.9849923593E8,"generiskrese":null,"unreinveloss":null,"undiprof":2.08714738088E9,"topaycashdivi":null,"curtrandiff":null,"sharrighitse":null,"sharrightform":null,"paresharrigh":3.86252898585E9,"minysharrigh":null,"righaggritse":null,"rightaggrform":null,"righaggr":3.86252898585E9,"rightotitse":null,"rightotform":null,"totliabsharequi":5.01085031961E9,"settresedepo":null,"plac":null,"derifinaasset":null,"reinrece":null,"reincontrese":null,"purcresaasset":null,"cenbankborr":null,"deposit":null,"fdsborr":null,"deriliab":null,"sellrepasse":null,"copepoun":null,"insucontrese":null,"actitradsecu":null,"actiundesecu":null},{"compcode":"80287994","publishdate":"20160428","reportdate":"20160331","reporttype":"100111","adjustdate":"20160428","accstacode":"2","accstaname":"新会计准则","curfds":6.3248356747E8,"tradfinasset":null,"notesrece":3.9697523E8,"accorece":2.01594596E7,"prep":1.504814056E7,"premrece":null,"interece":null,"dividrece":null,"otherrece":4475447.31,"expotaxrebarece":null,"subsrece":null,"margrece":null,"intelrece":null,"inve":1.50354014541E9,"prepexpe":null,"unseg":null,"expinoncurrasset":null,"othercurrasse":7.0177854E8,"currassetitse":null,"currasseform":null,"totcurrasset":3.27446053035E9,"lendandloan":null,"avaisellasse":null,"holdinvedue":null,"longrece":null,"equiinve":null,"otherlonginve":null,"inveprop":null,"fixedasseimmo":null,"accudepr":null,"fixedassenetw":null,"fixedasseimpa":null,"fixedassenet":9.3023771786E8,"consprog":3.2911540572E8,"engimate":4.64273808E7,"fixedasseclea":2.685184263E7,"prodasse":null,"comasse":null,"hydrasset":null,"intaasset":2.9361238054E8,"deveexpe":null,"goodwill":null,"logprepexpe":null,"tradshartrad":null,"defetaxasset":2.238081454E7,"othernoncasse":1.4916329877E8,"noncasseitse":null,"noncasseform":null,"totalnoncassets":1.79778884086E9,"totassetitse":null,"totalasseform":null,"totasset":5.07224937121E9,"shorttermborr":2.0E7,"tradfinliab":null,"notespaya":3.101E8,"accopaya":1.6943625635E8,"advapaym":2.0349536019E8,"copeworkersal":5184858.21,"taxespaya":1.5710949887E8,"intepaya":null,"divipaya":null,"otherfeepaya":null,"margrequ":null,"intelpay":null,"otherpay":2.4859898481E8,"accrexpe":null,"expecurrliab":null,"copewithreinrece":null,"inteticksett":null,"dometicksett":null,"defereve":null,"shorttermbdspaya":null,"duenoncliab":null,"othercurreliabi":null,"currliabitse":null,"currliabform":null,"totalcurrliab":1.11392495843E9,"longborr":2.0E7,"bdspaya":null,"longpaya":null,"specpaya":null,"expenoncliab":null,"longdefeinco":null,"defeincotaxliab":null,"othernoncliabi":null,"longliabitse":null,"longliabform":null,"totalnoncliab":2.0E7,"totliabitse":null,"totliabform":null,"totliab":1.13392495843E9,"paidincapi":6.0E8,"capisurp":9.7688236904E8,"treastk":null,"specrese":null,"rese":1.9849923593E8,"generiskrese":null,"unreinveloss":null,"undiprof":2.16294280781E9,"topaycashdivi":null,"curtrandiff":null,"sharrighitse":null,"sharrightform":null,"paresharrigh":3.93832441278E9,"minysharrigh":null,"righaggritse":null,"rightaggrform":null,"righaggr":3.93832441278E9,"rightotitse":null,"rightotform":null,"totliabsharequi":5.07224937121E9,"settresedepo":null,"plac":null,"derifinaasset":null,"reinrece":null,"reincontrese":null,"purcresaasset":null,"cenbankborr":null,"deposit":null,"fdsborr":null,"deriliab":null,"sellrepasse":null,"copepoun":null,"insucontrese":null,"actitradsecu":null,"actiundesecu":null},{"compcode":"80287994","publishdate":"20160428","reportdate":"20151231","reporttype":"100111","adjustdate":"20160428","accstacode":"2","accstaname":"新会计准则","curfds":8.8863184827E8,"tradfinasset":null,"notesrece":2.17209109E8,"accorece":1.554858299E7,"prep":4068433.46,"premrece":null,"interece":null,"dividrece":null,"otherrece":2835673.37,"expotaxrebarece":null,"subsrece":null,"margrece":null,"intelrece":null,"inve":1.494612646E9,"prepexpe":null,"unseg":null,"expinoncurrasset":null,"othercurrasse":6.9800470712E8,"currassetitse":null,"currasseform":null,"totcurrasset":3.32091100021E9,"lendandloan":null,"avaisellasse":null,"holdinvedue":null,"longrece":null,"equiinve":null,"otherlonginve":null,"inveprop":null,"fixedasseimmo":1.29208878936E9,"accudepr":3.4786595152E8,"fixedassenetw":9.4422283784E8,"fixedasseimpa":null,"fixedassenet":9.4422283784E8,"consprog":2.6589944566E8,"engimate":4.64273808E7,"fixedasseclea":2.941194191E7,"prodasse":null,"comasse":null,"hydrasset":null,"intaasset":2.9455472633E8,"deveexpe":null,"goodwill":null,"logprepexpe":null,"tradshartrad":null,"defetaxasset":2.396375134E7,"othernoncasse":5.1227999E7,"noncasseitse":null,"noncasseform":null,"totalnoncassets":1.65570808288E9,"totassetitse":null,"totalasseform":null,"totasset":4.97661908309E9,"shorttermborr":8.0E7,"tradfinliab":null,"notespaya":3.4966E8,"accopaya":1.8943066955E8,"advapaym":2.1327023852E8,"copeworkersal":2.378365435E7,"taxespaya":1.8470834686E8,"intepaya":null,"divipaya":null,"otherfeepaya":null,"margrequ":null,"intelpay":null,"otherpay":2.481590843E8,"accrexpe":null,"expecurrliab":null,"copewithreinrece":null,"inteticksett":null,"dometicksett":null,"defereve":null,"shorttermbdspaya":null,"duenoncliab":null,"othercurreliabi":null,"currliabitse":null,"currliabform":null,"totalcurrliab":1.28901199358E9,"longborr":2.0E7,"bdspaya":null,"longpaya":null,"specpaya":null,"expenoncliab":null,"longdefeinco":null,"defeincotaxliab":null,"othernoncliabi":null,"longliabitse":null,"longliabform":null,"totalnoncliab":2.0E7,"totliabitse":null,"totliabform":null,"totliab":1.30901199358E9,"paidincapi":6.0E8,"capisurp":9.7688236904E8,"treastk":null,"specrese":null,"rese":1.9849923593E8,"generiskrese":null,"unreinveloss":null,"undiprof":1.89222548454E9,"topaycashdivi":null,"curtrandiff":null,"sharrighitse":null,"sharrightform":null,"paresharrigh":3.66760708951E9,"minysharrigh":null,"righaggritse":null,"rightaggrform":null,"righaggr":3.66760708951E9,"rightotitse":null,"rightotform":null,"totliabsharequi":4.97661908309E9,"settresedepo":null,"plac":null,"derifinaasset":null,"reinrece":null,"reincontrese":null,"purcresaasset":null,"cenbankborr":null,"deposit":null,"fdsborr":null,"deriliab":null,"sellrepasse":null,"copepoun":null,"insucontrese":null,"actitradsecu":null,"actiundesecu":null},{"compcode":"80287994","publishdate":"20151029","reportdate":"20150930","reporttype":"100111","adjustdate":"20151029","accstacode":"2","accstaname":"新会计准则","curfds":9.812849147E8,"tradfinasset":null,"notesrece":3.80900619E8,"accorece":1.667457199E7,"prep":3.950561685E7,"premrece":null,"interece":null,"dividrece":null,"otherrece":1518010.62,"expotaxrebarece":null,"subsrece":null,"margrece":null,"intelrece":null,"inve":1.38535108598E9,"prepexpe":null,"unseg":null,"expinoncurrasset":null,"othercurrasse":4.0E8,"currassetitse":null,"currasseform":null,"totcurrasset":3.20523481914E9,"lendandloan":null,"avaisellasse":null,"holdinvedue":null,"longrece":null,"equiinve":null,"otherlonginve":null,"inveprop":null,"fixedasseimmo":null,"accudepr":null,"fixedassenetw":null,"fixedasseimpa":null,"fixedassenet":9.5624657977E8,"consprog":2.2824892066E8,"engimate":2.81923808E7,"fixedasseclea":2.767491712E7,"prodasse":null,"comasse":null,"hydrasset":null,"intaasset":2.4969444882E8,"deveexpe":null,"goodwill":null,"logprepexpe":null,"tradshartrad":null,"defetaxasset":2.323625874E7,"othernoncasse":6.86002E7,"noncasseitse":null,"noncasseform":null,"totalnoncassets":1.58189370591E9,"totassetitse":null,"totalasseform":null,"totasset":4.78712852505E9,"shorttermborr":8.0E7,"tradfinliab":null,"notespaya":2.8927E8,"accopaya":1.4579975456E8,"advapaym":1.4759219639E8,"copeworkersal":3654622.17,"taxespaya":2.3711242163E8,"intepaya":null,"divipaya":null,"otherfeepaya":null,"margrequ":null,"intelpay":null,"otherpay":2.6265922022E8,"accrexpe":null,"expecurrliab":null,"copewithreinrece":null,"inteticksett":null,"dometicksett":null,"defereve":null,"shorttermbdspaya":null,"duenoncliab":null,"othercurreliabi":null,"currliabitse":null,"currliabform":null,"totalcurrliab":1.16608821497E9,"longborr":2.0E7,"bdspaya":null,"longpaya":null,"specpaya":null,"expenoncliab":null,"longdefeinco":null,"defeincotaxliab":null,"othernoncliabi":null,"longliabitse":null,"longliabform":null,"totalnoncliab":2.0E7,"totliabitse":null,"totliabform":null,"totliab":1.18608821497E9,"paidincapi":6.0E8,"capisurp":9.7688236904E8,"treastk":null,"specrese":null,"rese":1.4897777487E8,"generiskrese":null,"unreinveloss":null,"undiprof":1.87518016617E9,"topaycashdivi":null,"curtrandiff":null,"sharrighitse":null,"sharrightform":null,"paresharrigh":3.60104031008E9,"minysharrigh":null,"righaggritse":null,"rightaggrform":null,"righaggr":3.60104031008E9,"rightotitse":null,"rightotform":null,"totliabsharequi":4.78712852505E9,"settresedepo":null,"plac":null,"derifinaasset":null,"reinrece":null,"reincontrese":null,"purcresaasset":null,"cenbankborr":null,"deposit":null,"fdsborr":null,"deriliab":null,"sellrepasse":null,"copepoun":null,"insucontrese":null,"actitradsecu":null,"actiundesecu":null},{"compcode":"80287994","publishdate":"20150826","reportdate":"20150630","reporttype":"100111","adjustdate":"20150826","accstacode":"2","accstaname":"新会计准则","curfds":1.44828175338E9,"tradfinasset":null,"notesrece":2.99438455E8,"accorece":1.79475121E7,"prep":2.240422879E7,"premrece":null,"interece":null,"dividrece":null,"otherrece":4251604.37,"expotaxrebarece":null,"subsrece":null,"margrece":null,"intelrece":null,"inve":1.35874660179E9,"prepexpe":null,"unseg":null,"expinoncurrasset":null,"othercurrasse":1076003.66,"currassetitse":null,"currasseform":null,"totcurrasset":3.15214615909E9,"lendandloan":null,"avaisellasse":null,"holdinvedue":null,"longrece":null,"equiinve":null,"otherlonginve":null,"inveprop":null,"fixedasseimmo":1.27414937988E9,"accudepr":3.1120024973E8,"fixedassenetw":9.6294913015E8,"fixedasseimpa":null,"fixedassenet":9.6294913015E8,"consprog":1.8685524783E8,"engimate":2.81923808E7,"fixedasseclea":2.767491712E7,"prodasse":null,"comasse":null,"hydrasset":null,"intaasset":2.5040379654E8,"deveexpe":null,"goodwill":null,"logprepexpe":null,"tradshartrad":null,"defetaxasset":2.291542188E7,"othernoncasse":4.71002E7,"noncasseitse":null,"noncasseform":null,"totalnoncassets":1.52609109432E9,"totassetitse":null,"totalasseform":null,"totasset":4.67823725341E9,"shorttermborr":2.0E8,"tradfinliab":null,"notespaya":2.1882E8,"accopaya":2.334918596E8,"advapaym":1.7254667263E8,"copeworkersal":5817270.41,"taxespaya":8.665562956E7,"intepaya":null,"divipaya":null,"otherfeepaya":null,"margrequ":null,"intelpay":null,"otherpay":2.4708806769E8,"accrexpe":null,"expecurrliab":null,"copewithreinrece":null,"inteticksett":null,"dometicksett":null,"defereve":null,"shorttermbdspaya":null,"duenoncliab":6.0E7,"othercurreliabi":null,"currliabitse":null,"currliabform":null,"totalcurrliab":1.22441949989E9,"longborr":1.2E8,"bdspaya":null,"longpaya":null,"specpaya":null,"expenoncliab":null,"longdefeinco":null,"defeincotaxliab":null,"othernoncliabi":null,"longliabitse":null,"longliabform":null,"totalnoncliab":1.2E8,"totliabitse":null,"totliabform":null,"totliab":1.34441949989E9,"paidincapi":6.0E8,"capisurp":9.7688236904E8,"treastk":null,"specrese":null,"rese":1.4897777487E8,"generiskrese":null,"unreinveloss":null,"undiprof":1.60795760961E9,"topaycashdivi":null,"curtrandiff":null,"sharrighitse":null,"sharrightform":null,"paresharrigh":3.33381775352E9,"minysharrigh":null,"righaggritse":null,"rightaggrform":null,"righaggr":3.33381775352E9,"rightotitse":null,"rightotform":null,"totliabsharequi":4.67823725341E9,"settresedepo":null,"plac":null,"derifinaasset":null,"reinrece":null,"reincontrese":null,"purcresaasset":null,"cenbankborr":null,"deposit":null,"fdsborr":null,"deriliab":null,"sellrepasse":null,"copepoun":null,"insucontrese":null,"actitradsecu":null,"actiundesecu":null},{"compcode":"80287994","publishdate":"20150610","reportdate":"20141231","reporttype":"100111","adjustdate":"20150610","accstacode":"2","accstaname":"新会计准则","curfds":6.0156126129E8,"tradfinasset":null,"notesrece":2.921279332E8,"accorece":6221105.9,"prep":1.96386465E7,"premrece":null,"interece":null,"dividrece":null,"otherrece":9977340.09,"expotaxrebarece":null,"subsrece":null,"margrece":null,"intelrece":null,"inve":1.27934337731E9,"prepexpe":null,"unseg":null,"expinoncurrasset":null,"othercurrasse":867133.2,"currassetitse":null,"currasseform":null,"totcurrasset":2.20973679749E9,"lendandloan":null,"avaisellasse":null,"holdinvedue":null,"longrece":null,"equiinve":null,"otherlonginve":null,"inveprop":null,"fixedasseimmo":1.08812069561E9,"accudepr":2.7844757059E8,"fixedassenetw":8.0967312502E8,"fixedasseimpa":null,"fixedassenet":8.0967312502E8,"consprog":2.6332826192E8,"engimate":2.9964E7,"fixedasseclea":2.767491712E7,"prodasse":null,"comasse":null,"hydrasset":null,"intaasset":2.5340795778E8,"deveexpe":null,"goodwill":null,"logprepexpe":null,"tradshartrad":null,"defetaxasset":2.073951606E7,"othernoncasse":4.71002E7,"noncasseitse":null,"noncasseform":null,"totalnoncassets":1.4518879779E9,"totassetitse":null,"totalasseform":null,"totasset":3.66162477539E9,"shorttermborr":1.8E8,"tradfinliab":null,"notespaya":2.5208E8,"accopaya":1.8839763749E8,"advapaym":1.700999956E8,"copeworkersal":7569975.28,"taxespaya":1.7629765864E8,"intepaya":null,"divipaya":null,"otherfeepaya":null,"margrequ":null,"intelpay":null,"otherpay":2.2834070969E8,"accrexpe":null,"expecurrliab":null,"copewithreinrece":null,"inteticksett":null,"dometicksett":null,"defereve":null,"shorttermbdspaya":null,"duenoncliab":6.0E7,"othercurreliabi":null,"currliabitse":null,"currliabform":null,"totalcurrliab":1.2627859767E9,"longborr":1.2E8,"bdspaya":null,"longpaya":null,"specpaya":null,"expenoncliab":null,"longdefeinco":null,"defeincotaxliab":null,"othernoncliabi":null,"longliabitse":null,"longliabform":null,"totalnoncliab":1.2E8,"totliabitse":null,"totliabform":null,"totliab":1.3827859767E9,"paidincapi":5.4E8,"capisurp":1.4551102311E8,"treastk":null,"specrese":null,"rese":1.4897777487E8,"generiskrese":null,"unreinveloss":null,"undiprof":1.44435000071E9,"topaycashdivi":null,"curtrandiff":null,"sharrighitse":null,"sharrightform":null,"paresharrigh":2.27883879869E9,"minysharrigh":null,"righaggritse":null,"rightaggrform":null,"righaggr":2.27883879869E9,"rightotitse":null,"rightotform":null,"totliabsharequi":3.66162477539E9,"settresedepo":null,"plac":null,"derifinaasset":null,"reinrece":null,"reincontrese":null,"purcresaasset":null,"cenbankborr":null,"deposit":null,"fdsborr":null,"deriliab":null,"sellrepasse":null,"copepoun":null,"insucontrese":null,"actitradsecu":null,"actiundesecu":null},{"compcode":"80287994","publishdate":"20150610","reportdate":"20131231","reporttype":"100111","adjustdate":"20150610","accstacode":"2","accstaname":"新会计准则","curfds":6.6420031248E8,"tradfinasset":null,"notesrece":4.51527961E8,"accorece":2.551177807E7,"prep":3.193125286E7,"premrece":null,"interece":null,"dividrece":null,"otherrece":1.122456398E7,"expotaxrebarece":null,"subsrece":null,"margrece":null,"intelrece":null,"inve":1.12720961917E9,"prepexpe":null,"unseg":null,"expinoncurrasset":null,"othercurrasse":40015.38,"currassetitse":null,"currasseform":null,"totcurrasset":2.31164550294E9,"lendandloan":null,"avaisellasse":null,"holdinvedue":null,"longrece":null,"equiinve":null,"otherlonginve":null,"inveprop":null,"fixedasseimmo":9.9754175147E8,"accudepr":2.3506372748E8,"fixedassenetw":7.6247802399E8,"fixedasseimpa":null,"fixedassenet":7.6247802399E8,"consprog":1.6329454068E8,"engimate":3.02752157E7,"fixedasseclea":null,"prodasse":null,"comasse":null,"hydrasset":null,"intaasset":2.756224637E8,"deveexpe":null,"goodwill":null,"logprepexpe":null,"tradshartrad":null,"defetaxasset":1.714981751E7,"othernoncasse":3.71002E7,"noncasseitse":null,"noncasseform":null,"totalnoncassets":1.28592026158E9,"totassetitse":null,"totalasseform":null,"totasset":3.59756576452E9,"shorttermborr":2.96E8,"tradfinliab":null,"notespaya":3.9304E8,"accopaya":2.0092390784E8,"advapaym":2.7670185474E8,"copeworkersal":7583136.72,"taxespaya":2.0875327661E8,"intepaya":null,"divipaya":null,"otherfeepaya":null,"margrequ":null,"intelpay":null,"otherpay":1.8986440321E8,"accrexpe":null,"expecurrliab":null,"copewithreinrece":null,"inteticksett":null,"dometicksett":null,"defereve":null,"shorttermbdspaya":null,"duenoncliab":null,"othercurreliabi":null,"currliabitse":null,"currliabform":null,"totalcurrliab":1.57286657912E9,"longborr":6.0E7,"bdspaya":null,"longpaya":null,"specpaya":null,"expenoncliab":null,"longdefeinco":null,"defeincotaxliab":null,"othernoncliabi":null,"longliabitse":null,"longliabform":null,"totalnoncliab":6.0E7,"totliabitse":null,"totliabform":null,"totliab":1.63286657912E9,"paidincapi":5.4E8,"capisurp":1.4551102311E8,"treastk":null,"specrese":null,"rese":1.0788501036E8,"generiskrese":null,"unreinveloss":null,"undiprof":1.17130315193E9,"topaycashdivi":null,"curtrandiff":null,"sharrighitse":null,"sharrightform":null,"paresharrigh":1.9646991854E9,"minysharrigh":null,"righaggritse":null,"rightaggrform":null,"righaggr":1.9646991854E9,"rightotitse":null,"rightotform":null,"totliabsharequi":3.59756576452E9,"settresedepo":null,"plac":null,"derifinaasset":null,"reinrece":null,"reincontrese":null,"purcresaasset":null,"cenbankborr":null,"deposit":null,"fdsborr":null,"deriliab":null,"sellrepasse":null,"copepoun":null,"insucontrese":null,"actitradsecu":null,"actiundesecu":null},{"compcode":"80287994","publishdate":"20150610","reportdate":"20121231","reporttype":"100111","adjustdate":"20150610","accstacode":"2","accstaname":"新会计准则","curfds":6.7952766291E8,"tradfinasset":null,"notesrece":3.6705063118E8,"accorece":2.885234026E7,"prep":2.664849773E7,"premrece":null,"interece":null,"dividrece":null,"otherrece":1.135097132E7,"expotaxrebarece":null,"subsrece":null,"margrece":null,"intelrece":null,"inve":9.0806117555E8,"prepexpe":null,"unseg":null,"expinoncurrasset":null,"othercurrasse":1848641.69,"currassetitse":null,"currasseform":null,"totcurrasset":2.02333992064E9,"lendandloan":null,"avaisellasse":null,"holdinvedue":null,"longrece":null,"equiinve":null,"otherlonginve":null,"inveprop":null,"fixedasseimmo":null,"accudepr":null,"fixedassenetw":null,"fixedasseimpa":null,"fixedassenet":7.1700433064E8,"consprog":4.159573728E7,"engimate":2424783.46,"fixedasseclea":null,"prodasse":null,"comasse":null,"hydrasset":null,"intaasset":2.1400422411E8,"deveexpe":null,"goodwill":null,"logprepexpe":null,"tradshartrad":null,"defetaxasset":1.158915705E7,"othernoncasse":7.411922472E7,"noncasseitse":null,"noncasseform":null,"totalnoncassets":1.06073745726E9,"totassetitse":null,"totalasseform":null,"totasset":3.0840773779E9,"shorttermborr":3.36E8,"tradfinliab":null,"notespaya":2.8667E8,"accopaya":1.9936019232E8,"advapaym":2.6587815999E8,"copeworkersal":9197381.17,"taxespaya":1.8030903893E8,"intepaya":null,"divipaya":null,"otherfeepaya":null,"margrequ":null,"intelpay":null,"otherpay":9.913044746E7,"accrexpe":null,"expecurrliab":null,"copewithreinrece":null,"inteticksett":null,"dometicksett":null,"defereve":null,"shorttermbdspaya":null,"duenoncliab":null,"othercurreliabi":null,"currliabitse":null,"currliabform":null,"totalcurrliab":1.37654521987E9,"longborr":6.0E7,"bdspaya":null,"longpaya":null,"specpaya":null,"expenoncliab":null,"longdefeinco":null,"defeincotaxliab":null,"othernoncliabi":null,"longliabitse":null,"longliabform":null,"totalnoncliab":6.0E7,"totliabitse":null,"totliabform":null,"totliab":1.43654521987E9,"paidincapi":5.4E8,"capisurp":1.4551102311E8,"treastk":null,"specrese":null,"rese":6.648970756E7,"generiskrese":null,"unreinveloss":null,"undiprof":8.9553142736E8,"topaycashdivi":null,"curtrandiff":null,"sharrighitse":null,"sharrightform":null,"paresharrigh":1.64753215803E9,"minysharrigh":null,"righaggritse":null,"rightaggrform":null,"righaggr":1.64753215803E9,"rightotitse":null,"rightotform":null,"totliabsharequi":3.0840773779E9,"settresedepo":null,"plac":null,"derifinaasset":null,"reinrece":null,"reincontrese":null,"purcresaasset":null,"cenbankborr":null,"deposit":null,"fdsborr":null,"deriliab":null,"sellrepasse":null,"copepoun":null,"insucontrese":null,"actitradsecu":null,"actiundesecu":null},{"compcode":"80287994","publishdate":"20140514","reportdate":"20111231","reporttype":"100111","adjustdate":"20140514","accstacode":"2","accstaname":"新会计准则","curfds":4.3460425897E8,"tradfinasset":null,"notesrece":3.7631523845E8,"accorece":2.702434004E7,"prep":2.676012961E7,"premrece":null,"interece":null,"dividrece":null,"otherrece":4698802.49,"expotaxrebarece":null,"subsrece":null,"margrece":null,"intelrece":null,"inve":6.8788785623E8,"prepexpe":null,"unseg":null,"expinoncurrasset":null,"othercurrasse":5940369.03,"currassetitse":null,"currasseform":null,"totcurrasset":1.56323099482E9,"lendandloan":null,"avaisellasse":null,"holdinvedue":null,"longrece":null,"equiinve":null,"otherlonginve":null,"inveprop":null,"fixedasseimmo":null,"accudepr":null,"fixedassenetw":null,"fixedasseimpa":null,"fixedassenet":6.3188428362E8,"consprog":1.983317796E7,"engimate":2434356.43,"fixedasseclea":null,"prodasse":null,"comasse":null,"hydrasset":null,"intaasset":1.481873695E8,"deveexpe":null,"goodwill":null,"logprepexpe":null,"tradshartrad":null,"defetaxasset":9507088.09,"othernoncasse":6.743165435E7,"noncasseitse":null,"noncasseform":null,"totalnoncassets":8.7927792995E8,"totassetitse":null,"totalasseform":null,"totasset":2.44250892477E9,"shorttermborr":2.86E8,"tradfinliab":null,"notespaya":3.997E8,"accopaya":1.6065617301E8,"advapaym":8.136263429E7,"copeworkersal":7210146.9,"taxespaya":1.9948808335E8,"intepaya":null,"divipaya":null,"otherfeepaya":null,"margrequ":null,"intelpay":null,"otherpay":6.253299864E7,"accrexpe":null,"expecurrliab":null,"copewithreinrece":null,"inteticksett":null,"dometicksett":null,"defereve":null,"shorttermbdspaya":null,"duenoncliab":null,"othercurreliabi":null,"currliabitse":null,"currliabform":null,"totalcurrliab":1.19695003619E9,"longborr":null,"bdspaya":null,"longpaya":null,"specpaya":null,"expenoncliab":null,"longdefeinco":null,"defeincotaxliab":null,"othernoncliabi":null,"longliabitse":null,"longliabform":null,"totalnoncliab":0.0,"totliabitse":null,"totliabform":null,"totliab":1.19695003619E9,"paidincapi":5.4E8,"capisurp":1.4551102311E8,"treastk":null,"specrese":null,"rese":3.24820435E7,"generiskrese":null,"unreinveloss":null,"undiprof":5.2756582197E8,"topaycashdivi":null,"curtrandiff":null,"sharrighitse":null,"sharrightform":null,"paresharrigh":1.24555888858E9,"minysharrigh":null,"righaggritse":null,"rightaggrform":null,"righaggr":1.24555888858E9,"rightotitse":null,"rightotform":null,"totliabsharequi":2.44250892477E9,"settresedepo":null,"plac":null,"derifinaasset":null,"reinrece":null,"reincontrese":null,"purcresaasset":null,"cenbankborr":null,"deposit":null,"fdsborr":null,"deriliab":null,"sellrepasse":null,"copepoun":null,"insucontrese":null,"actitradsecu":null,"actiundesecu":null}],"comptype":4,"name":"口子窖"}