{"list":[{"compcode":"80287994","publishdate":"20171030","begindate":"20170101","enddate":"20170930","reporttype":"100111","adjustdate":"20171030","accstacode":"2","accstaname":"新会计准则","biztotinco":2.71523124388E9,"bizinco":2.71523124388E9,"inteinco":null,"earnprem":null,"pouninco":null,"realsale":null,"otherbizinco":null,"biztotincoitse":null,"biztotincoform":null,"biztotcost":1.56289700989E9,"bizcost":7.5932440168E8,"inteexpe":null,"pounexpe":null,"realsalecost":null,"deveexpe":null,"surrgold":null,"compnetexpe":null,"contress":null,"polidiviexpe":null,"reinexpe":null,"otherbizcost":null,"biztax":4.7832825516E8,"salesexpe":2.040909363E8,"manaexpe":1.2770722844E8,"finexpe":-7862027.87,"asseimpaloss":1308216.18,"biztotcostitse":null,"biztotcostform":null,"valuechgloss":null,"inveinco":3.129850991E7,"assoinveprof":null,"exchggain":null,"futuloss":null,"custinco":null,"subsidyincome":null,"otherbizprof":null,"bizprofitse":null,"operprofform":null,"perprofit":1.1838082439E9,"nonoreve":3115397.45,"nonoexpe":859895.31,"noncassetsdisl":720900.87,"proftotitse":null,"proftotform":null,"totprofit":1.18606374604E9,"incotaxexpe":2.850585004E8,"unreinveloss":null,"netpro1itse":null,"netpro1form":null,"netprofit":9.0100524564E8,"parenetp":9.0100524564E8,"mergeformnetprof":null,"minysharrigh":null,"netpro2itse":null,"netpro2form":null,"basiceps":1.5,"dilutedeps":null,"othercompinco":null,"parecompinco":null,"minysharinco":null,"compincoamt":9.0100524564E8,"parecompincoamt":9.0100524564E8,"minysharincoamt":null,"earlyundiprof":null,"undisprofredu":null,"otherinto":null,"otherdistprof":null,"legalsurp":null,"welfare":null,"capitalreserve":null,"staffaward":null,"reservefund":null,"developfund":null,"profreturninvest":null,"supplycurcap":null,"avaidistshareprof":null,"preferredskdiv":null,"freesurplu":null,"dealwithdivi":null,"capitalizeddivi":null,"undisprofit":null,"selldepartgain":null,"natudisasterloss":null,"accpolicychg":null,"accestimatechg":null,"debtrestruloss":null,"othersupply":null},{"compcode":"80287994","publishdate":"20170825","begindate":"20170101","enddate":"20170630","reporttype":"100111","adjustdate":"20170825","accstacode":"2","accstaname":"新会计准则","biztotinco":1.74590982624E9,"bizinco":1.74590982624E9,"inteinco":null,"earnprem":null,"pouninco":null,"realsale":null,"otherbizinco":null,"biztotincoitse":null,"biztotincoform":null,"biztotcost":1.07970223921E9,"bizcost":4.9068455972E8,"inteexpe":null,"pounexpe":null,"realsalecost":null,"deveexpe":null,"surrgold":null,"compnetexpe":null,"contress":null,"polidiviexpe":null,"reinexpe":null,"otherbizcost":null,"biztax":3.2070473444E8,"salesexpe":1.8247833367E8,"manaexpe":8.712520762E7,"finexpe":-2747101.78,"asseimpaloss":1456505.54,"biztotcostitse":null,"biztotcostform":null,"valuechgloss":null,"inveinco":2.024874314E7,"assoinveprof":null,"exchggain":null,"futuloss":null,"custinco":null,"subsidyincome":null,"otherbizprof":null,"bizprofitse":null,"operprofform":null,"perprofit":6.8663183017E8,"nonoreve":536416.12,"nonoexpe":835754.24,"noncassetsdisl":720900.87,"proftotitse":null,"proftotform":null,"totprofit":6.8633249205E8,"incotaxexpe":1.6047247501E8,"unreinveloss":null,"netpro1itse":null,"netpro1form":null,"netprofit":5.2586001704E8,"parenetp":5.2586001704E8,"mergeformnetprof":null,"minysharrigh":null,"netpro2itse":null,"netpro2form":null,"basiceps":0.88,"dilutedeps":null,"othercompinco":null,"parecompinco":null,"minysharinco":null,"compincoamt":5.2586001704E8,"parecompincoamt":5.2586001704E8,"minysharincoamt":null,"earlyundiprof":null,"undisprofredu":null,"otherinto":null,"otherdistprof":null,"legalsurp":null,"welfare":null,"capitalreserve":null,"staffaward":null,"reservefund":null,"developfund":null,"profreturninvest":null,"supplycurcap":null,"avaidistshareprof":null,"preferredskdiv":null,"freesurplu":null,"dealwithdivi":null,"capitalizeddivi":null,"undisprofit":null,"selldepartgain":null,"natudisasterloss":null,"accpolicychg":null,"accestimatechg":null,"debtrestruloss":null,"othersupply":null},{"compcode":"80287994","publishdate":"20170428","begindate":"20170101","enddate":"20170331","reporttype":"100111","adjustdate":"20170428","accstacode":"2","accstaname":"新会计准则","biztotinco":1.03278509336E9,"bizinco":1.03278509336E9,"inteinco":null,"earnprem":null,"pouninco":null,"realsale":null,"otherbizinco":null,"biztotincoitse":null,"biztotincoform":null,"biztotcost":6.0542164576E8,"bizcost":2.809669727E8,"inteexpe":null,"pounexpe":null,"realsalecost":null,"deveexpe":null,"surrgold":null,"compnetexpe":null,"contress":null,"polidiviexpe":null,"reinexpe":null,"otherbizcost":null,"biztax":1.8163380033E8,"salesexpe":1.0424954685E8,"manaexpe":3.882936326E7,"finexpe":-1007110.86,"asseimpaloss":749073.48,"biztotcostitse":null,"biztotcostform":null,"valuechgloss":null,"inveinco":8684071.23,"assoinveprof":null,"exchggain":null,"futuloss":null,"custinco":null,"subsidyincome":null,"otherbizprof":null,"bizprofitse":null,"operprofform":null,"perprofit":4.3604751883E8,"nonoreve":510613.93,"nonoexpe":64853.37,"noncassetsdisl":null,"proftotitse":null,"proftotform":null,"totprofit":4.3649327939E8,"incotaxexpe":1.0946789551E8,"unreinveloss":null,"netpro1itse":null,"netpro1form":null,"netprofit":3.2702538388E8,"parenetp":3.2702538388E8,"mergeformnetprof":null,"minysharrigh":null,"netpro2itse":null,"netpro2form":null,"basiceps":0.55,"dilutedeps":null,"othercompinco":null,"parecompinco":null,"minysharinco":null,"compincoamt":3.2702538388E8,"parecompincoamt":3.2702538388E8,"minysharincoamt":null,"earlyundiprof":null,"undisprofredu":null,"otherinto":null,"otherdistprof":null,"legalsurp":null,"welfare":null,"capitalreserve":null,"staffaward":null,"reservefund":null,"developfund":null,"profreturninvest":null,"supplycurcap":null,"avaidistshareprof":null,"preferredskdiv":null,"freesurplu":null,"dealwithdivi":null,"capitalizeddivi":null,"undisprofit":null,"selldepartgain":null,"natudisasterloss":null,"accpolicychg":null,"accestimatechg":null,"debtrestruloss":null,"othersupply":null},{"compcode":"80287994","publishdate":"20170428","begindate":"20160101","enddate":"20161231","reporttype":"100111","adjustdate":"20170428","accstacode":"2","accstaname":"新会计准则","biztotinco":2.83017867027E9,"bizinco":2.83017867027E9,"inteinco":null,"earnprem":null,"pouninco":null,"realsale":null,"otherbizinco":null,"biztotincoitse":null,"biztotincoform":null,"biztotcost":1.7968035274E9,"bizcost":7.7996807704E8,"inteexpe":null,"pounexpe":null,"realsalecost":null,"deveexpe":null,"surrgold":null,"compnetexpe":null,"contress":null,"polidiviexpe":null,"reinexpe":null,"otherbizcost":null,"biztax":4.6748399687E8,"salesexpe":3.6082472747E8,"manaexpe":1.8741311552E8,"finexpe":-5338988.83,"asseimpaloss":6452599.33,"biztotcostitse":null,"biztotcostform":null,"valuechgloss":null,"inveinco":2.244851917E7,"assoinveprof":null,"exchggain":null,"futuloss":null,"custinco":null,"subsidyincome":null,"otherbizprof":null,"bizprofitse":null,"operprofform":null,"perprofit":1.05582366204E9,"nonoreve":5440024.68,"nonoexpe":1223396.5,"noncassetsdisl":1109070.09,"proftotitse":null,"proftotform":null,"totprofit":1.06004029022E9,"incotaxexpe":2.7657610929E8,"unreinveloss":null,"netpro1itse":null,"netpro1form":null,"netprofit":7.8346418093E8,"parenetp":7.8346418093E8,"mergeformnetprof":null,"minysharrigh":null,"netpro2itse":null,"netpro2form":null,"basiceps":1.31,"dilutedeps":null,"othercompinco":null,"parecompinco":null,"minysharinco":null,"compincoamt":7.8346418093E8,"parecompincoamt":7.8346418093E8,"minysharincoamt":null,"earlyundiprof":null,"undisprofredu":null,"otherinto":null,"otherdistprof":null,"legalsurp":null,"welfare":null,"capitalreserve":null,"staffaward":null,"reservefund":null,"developfund":null,"profreturninvest":null,"supplycurcap":null,"avaidistshareprof":null,"preferredskdiv":null,"freesurplu":null,"dealwithdivi":null,"capitalizeddivi":null,"undisprofit":null,"selldepartgain":null,"natudisasterloss":null,"accpolicychg":null,"accestimatechg":null,"debtrestruloss":null,"othersupply":null},{"compcode":"80287994","publishdate":"20161027","begindate":"20160101","enddate":"20160930","reporttype":"100111","adjustdate":"20161027","accstacode":"2","accstaname":"新会计准则","biztotinco":2.33496540153E9,"bizinco":2.33496540153E9,"inteinco":null,"earnprem":null,"pouninco":null,"realsale":null,"otherbizinco":null,"biztotincoitse":null,"biztotincoform":null,"biztotcost":1.40373757065E9,"bizcost":6.3968810107E8,"inteexpe":null,"pounexpe":null,"realsalecost":null,"deveexpe":null,"surrgold":null,"compnetexpe":null,"contress":null,"polidiviexpe":null,"reinexpe":null,"otherbizcost":null,"biztax":3.719481161E8,"salesexpe":2.5137827871E8,"manaexpe":1.4163898323E8,"finexpe":-4788852.08,"asseimpaloss":3872943.62,"biztotcostitse":null,"biztotcostform":null,"valuechgloss":null,"inveinco":1.558587671E7,"assoinveprof":null,"exchggain":null,"futuloss":null,"custinco":null,"subsidyincome":null,"otherbizprof":null,"bizprofitse":null,"operprofform":null,"perprofit":9.4681370759E8,"nonoreve":4842552.0,"nonoexpe":1061160.45,"noncassetsdisl":946834.04,"proftotitse":null,"proftotform":null,"totprofit":9.5059509914E8,"incotaxexpe":2.3819938856E8,"unreinveloss":null,"netpro1itse":null,"netpro1form":null,"netprofit":7.1239571058E8,"parenetp":7.1239571058E8,"mergeformnetprof":null,"minysharrigh":null,"netpro2itse":null,"netpro2form":null,"basiceps":1.19,"dilutedeps":1.19,"othercompinco":null,"parecompinco":null,"minysharinco":null,"compincoamt":7.1239571058E8,"parecompincoamt":7.1239571058E8,"minysharincoamt":null,"earlyundiprof":null,"undisprofredu":null,"otherinto":null,"otherdistprof":null,"legalsurp":null,"welfare":null,"capitalreserve":null,"staffaward":null,"reservefund":null,"developfund":null,"profreturninvest":null,"supplycurcap":null,"avaidistshareprof":null,"preferredskdiv":null,"freesurplu":null,"dealwithdivi":null,"capitalizeddivi":null,"undisprofit":null,"selldepartgain":null,"natudisasterloss":null,"accpolicychg":null,"accestimatechg":null,"debtrestruloss":null,"othersupply":null},{"compcode":"80287994","publishdate":"20160825","begindate":"20160101","enddate":"20160630","reporttype":"100111","adjustdate":"20160825","accstacode":"2","accstaname":"新会计准则","biztotinco":1.48256710623E9,"bizinco":1.48256710623E9,"inteinco":null,"earnprem":null,"pouninco":null,"realsale":null,"otherbizinco":null,"biztotincoitse":null,"biztotincoform":null,"biztotcost":9.5213083201E8,"bizcost":4.2243937877E8,"inteexpe":null,"pounexpe":null,"realsalecost":null,"deveexpe":null,"surrgold":null,"compnetexpe":null,"contress":null,"polidiviexpe":null,"reinexpe":null,"otherbizcost":null,"biztax":2.457323251E8,"salesexpe":1.8493572684E8,"manaexpe":9.717462305E7,"finexpe":-1708015.87,"asseimpaloss":3556794.12,"biztotcostitse":null,"biztotcostform":null,"valuechgloss":null,"inveinco":8491123.29,"assoinveprof":null,"exchggain":null,"futuloss":null,"custinco":null,"subsidyincome":null,"otherbizprof":null,"bizprofitse":null,"operprofform":null,"perprofit":5.3892739751E8,"nonoreve":3270405.0,"nonoexpe":996344.84,"noncassetsdisl":882018.43,"proftotitse":null,"proftotform":null,"totprofit":5.4120145767E8,"incotaxexpe":1.3627956133E8,"unreinveloss":null,"netpro1itse":null,"netpro1form":null,"netprofit":4.0492189634E8,"parenetp":4.0492189634E8,"mergeformnetprof":null,"minysharrigh":null,"netpro2itse":null,"netpro2form":null,"basiceps":0.67,"dilutedeps":0.67,"othercompinco":null,"parecompinco":null,"minysharinco":null,"compincoamt":4.0492189634E8,"parecompincoamt":4.0492189634E8,"minysharincoamt":null,"earlyundiprof":null,"undisprofredu":null,"otherinto":null,"otherdistprof":null,"legalsurp":null,"welfare":null,"capitalreserve":null,"staffaward":null,"reservefund":null,"developfund":null,"profreturninvest":null,"supplycurcap":null,"avaidistshareprof":null,"preferredskdiv":null,"freesurplu":null,"dealwithdivi":null,"capitalizeddivi":null,"undisprofit":null,"selldepartgain":null,"natudisasterloss":null,"accpolicychg":null,"accestimatechg":null,"debtrestruloss":null,"othersupply":null},{"compcode":"80287994","publishdate":"20160428","begindate":"20160101","enddate":"20160331","reporttype":"100111","adjustdate":"20160428","accstacode":"2","accstaname":"新会计准则","biztotinco":8.87790639E8,"bizinco":8.87790639E8,"inteinco":null,"earnprem":null,"pouninco":null,"realsale":null,"otherbizinco":null,"biztotincoitse":null,"biztotincoform":null,"biztotcost":5.2804596241E8,"bizcost":2.4691357203E8,"inteexpe":null,"pounexpe":null,"realsalecost":null,"deveexpe":null,"surrgold":null,"compnetexpe":null,"contress":null,"polidiviexpe":null,"reinexpe":null,"otherbizcost":null,"biztax":1.4636174427E8,"salesexpe":8.904646077E7,"manaexpe":4.68998615E7,"finexpe":-399099.35,"asseimpaloss":-776576.81,"biztotcostitse":null,"biztotcostform":null,"valuechgloss":null,"inveinco":3839452.05,"assoinveprof":null,"exchggain":null,"futuloss":null,"custinco":null,"subsidyincome":null,"otherbizprof":null,"bizprofitse":null,"operprofform":null,"perprofit":3.6358412864E8,"nonoreve":539581.35,"nonoexpe":28542.66,"noncassetsdisl":107787.28,"proftotitse":null,"proftotform":null,"totprofit":3.6409516733E8,"incotaxexpe":9.337784406E7,"unreinveloss":null,"netpro1itse":null,"netpro1form":null,"netprofit":2.7071732327E8,"parenetp":2.7071732327E8,"mergeformnetprof":null,"minysharrigh":null,"netpro2itse":null,"netpro2form":null,"basiceps":0.45,"dilutedeps":null,"othercompinco":null,"parecompinco":null,"minysharinco":null,"compincoamt":2.7071732327E8,"parecompincoamt":2.7071732327E8,"minysharincoamt":null,"earlyundiprof":null,"undisprofredu":null,"otherinto":null,"otherdistprof":null,"legalsurp":null,"welfare":null,"capitalreserve":null,"staffaward":null,"reservefund":null,"developfund":null,"profreturninvest":null,"supplycurcap":null,"avaidistshareprof":null,"preferredskdiv":null,"freesurplu":null,"dealwithdivi":null,"capitalizeddivi":null,"undisprofit":null,"selldepartgain":null,"natudisasterloss":null,"accpolicychg":null,"accestimatechg":null,"debtrestruloss":null,"othersupply":null},{"compcode":"80287994","publishdate":"20160428","begindate":"20150101","enddate":"20151231","reporttype":"100111","adjustdate":"20160428","accstacode":"2","accstaname":"新会计准则","biztotinco":2.58401248299E9,"bizinco":2.58401248299E9,"inteinco":null,"earnprem":null,"pouninco":null,"realsale":null,"otherbizinco":null,"biztotincoitse":null,"biztotincoform":null,"biztotcost":1.76462554104E9,"bizcost":7.795276489E8,"inteexpe":null,"pounexpe":null,"realsalecost":null,"deveexpe":null,"surrgold":null,"compnetexpe":null,"contress":null,"polidiviexpe":null,"reinexpe":null,"otherbizcost":null,"biztax":4.1063468523E8,"salesexpe":3.5811917961E8,"manaexpe":1.9187381804E8,"finexpe":6224313.21,"asseimpaloss":1.824589605E7,"biztotcostitse":null,"biztotcostform":null,"valuechgloss":null,"inveinco":302054.79,"assoinveprof":null,"exchggain":null,"futuloss":null,"custinco":null,"subsidyincome":null,"otherbizprof":null,"bizprofitse":null,"operprofform":null,"perprofit":8.1968899674E8,"nonoreve":4101083.41,"nonoexpe":3462481.73,"noncassetsdisl":785431.96,"proftotitse":null,"proftotform":null,"totprofit":8.2032759842E8,"incotaxexpe":2.1493065353E8,"unreinveloss":null,"netpro1itse":null,"netpro1form":null,"netprofit":6.0539694489E8,"parenetp":6.0539694489E8,"mergeformnetprof":null,"minysharrigh":null,"netpro2itse":null,"netpro2form":null,"basiceps":1.06,"dilutedeps":1.06,"othercompinco":null,"parecompinco":null,"minysharinco":null,"compincoamt":6.0539694489E8,"parecompincoamt":6.0539694489E8,"minysharincoamt":null,"earlyundiprof":null,"undisprofredu":null,"otherinto":null,"otherdistprof":null,"legalsurp":null,"welfare":null,"capitalreserve":null,"staffaward":null,"reservefund":null,"developfund":null,"profreturninvest":null,"supplycurcap":null,"avaidistshareprof":null,"preferredskdiv":null,"freesurplu":null,"dealwithdivi":null,"capitalizeddivi":null,"undisprofit":null,"selldepartgain":null,"natudisasterloss":null,"accpolicychg":null,"accestimatechg":null,"debtrestruloss":null,"othersupply":null},{"compcode":"80287994","publishdate":"20151029","begindate":"20150101","enddate":"20150930","reporttype":"100111","adjustdate":"20151029","accstacode":"2","accstaname":"新会计准则","biztotinco":2.11355495016E9,"bizinco":2.11355495016E9,"inteinco":null,"earnprem":null,"pouninco":null,"realsale":null,"otherbizinco":null,"biztotincoitse":null,"biztotincoform":null,"biztotcost":1.3973707483E9,"bizcost":6.3097128531E8,"inteexpe":null,"pounexpe":null,"realsalecost":null,"deveexpe":null,"surrgold":null,"compnetexpe":null,"contress":null,"polidiviexpe":null,"reinexpe":null,"otherbizcost":null,"biztax":3.345354385E8,"salesexpe":2.7377143392E8,"manaexpe":1.4546966662E8,"finexpe":8772672.98,"asseimpaloss":3850250.97,"biztotcostitse":null,"biztotcostform":null,"valuechgloss":null,"inveinco":null,"assoinveprof":null,"exchggain":null,"futuloss":null,"custinco":null,"subsidyincome":null,"otherbizprof":null,"bizprofitse":null,"operprofform":null,"perprofit":7.1618420186E8,"nonoreve":1962646.84,"nonoexpe":1476187.12,"noncassetsdisl":642915.96,"proftotitse":null,"proftotform":null,"totprofit":7.1667066158E8,"incotaxexpe":1.7784049612E8,"unreinveloss":null,"netpro1itse":null,"netpro1form":null,"netprofit":5.3883016546E8,"parenetp":5.3883016546E8,"mergeformnetprof":null,"minysharrigh":null,"netpro2itse":null,"netpro2form":null,"basiceps":0.96,"dilutedeps":0.96,"othercompinco":null,"parecompinco":null,"minysharinco":null,"compincoamt":5.3883016546E8,"parecompincoamt":5.3883016546E8,"minysharincoamt":null,"earlyundiprof":null,"undisprofredu":null,"otherinto":null,"otherdistprof":null,"legalsurp":null,"welfare":null,"capitalreserve":null,"staffaward":null,"reservefund":null,"developfund":null,"profreturninvest":null,"supplycurcap":null,"avaidistshareprof":null,"preferredskdiv":null,"freesurplu":null,"dealwithdivi":null,"capitalizeddivi":null,"undisprofit":null,"selldepartgain":null,"natudisasterloss":null,"accpolicychg":null,"accestimatechg":null,"debtrestruloss":null,"othersupply":null},{"compcode":"80287994","publishdate":"20150826","begindate":"20150101","enddate":"20150630","reporttype":"100111","adjustdate":"20150826","accstacode":"2","accstaname":"新会计准则","biztotinco":1.30857477752E9,"bizinco":1.30857477752E9,"inteinco":null,"earnprem":null,"pouninco":null,"realsale":null,"otherbizinco":null,"biztotincoitse":null,"biztotincoform":null,"biztotcost":9.3902424049E8,"bizcost":4.1495646664E8,"inteexpe":null,"pounexpe":null,"realsalecost":null,"deveexpe":null,"surrgold":null,"compnetexpe":null,"contress":null,"polidiviexpe":null,"reinexpe":null,"otherbizcost":null,"biztax":2.1687971977E8,"salesexpe":2.0107285916E8,"manaexpe":9.541272962E7,"finexpe":7191743.9,"asseimpaloss":3510721.4,"biztotcostitse":null,"biztotcostform":null,"valuechgloss":null,"inveinco":null,"assoinveprof":null,"exchggain":null,"futuloss":null,"custinco":null,"subsidyincome":null,"otherbizprof":null,"bizprofitse":null,"operprofform":null,"perprofit":3.6955053703E8,"nonoreve":1080180.84,"nonoexpe":726187.12,"noncassetsdisl":642915.96,"proftotitse":null,"proftotform":null,"totprofit":3.6990453075E8,"incotaxexpe":9.829692185E7,"unreinveloss":null,"netpro1itse":null,"netpro1form":null,"netprofit":2.716076089E8,"parenetp":2.716076089E8,"mergeformnetprof":null,"minysharrigh":null,"netpro2itse":null,"netpro2form":null,"basiceps":0.5,"dilutedeps":0.5,"othercompinco":null,"parecompinco":null,"minysharinco":null,"compincoamt":2.716076089E8,"parecompincoamt":2.716076089E8,"minysharincoamt":null,"earlyundiprof":null,"undisprofredu":null,"otherinto":null,"otherdistprof":null,"legalsurp":null,"welfare":null,"capitalreserve":null,"staffaward":null,"reservefund":null,"developfund":null,"profreturninvest":null,"supplycurcap":null,"avaidistshareprof":null,"preferredskdiv":null,"freesurplu":null,"dealwithdivi":null,"capitalizeddivi":null,"undisprofit":null,"selldepartgain":null,"natudisasterloss":null,"accpolicychg":null,"accestimatechg":null,"debtrestruloss":null,"othersupply":null},{"compcode":"80287994","publishdate":"20160428","begindate":"20150101","enddate":"20150331","reporttype":"100111","adjustdate":"20160428","accstacode":"2","accstaname":"新会计准则","biztotinco":7.3806893888E8,"bizinco":7.3806893888E8,"inteinco":null,"earnprem":null,"pouninco":null,"realsale":null,"otherbizinco":null,"biztotincoitse":null,"biztotincoform":null,"biztotcost":4.9741449202E8,"bizcost":2.2819902705E8,"inteexpe":null,"pounexpe":null,"realsalecost":null,"deveexpe":null,"surrgold":null,"compnetexpe":null,"contress":null,"polidiviexpe":null,"reinexpe":null,"otherbizcost":null,"biztax":1.1911731771E8,"salesexpe":9.53989988E7,"manaexpe":4.987907399E7,"finexpe":3774024.3,"asseimpaloss":1046050.17,"biztotcostitse":null,"biztotcostform":null,"valuechgloss":null,"inveinco":null,"assoinveprof":null,"exchggain":null,"futuloss":null,"custinco":null,"subsidyincome":null,"otherbizprof":null,"bizprofitse":null,"operprofform":null,"perprofit":2.4065444686E8,"nonoreve":1173639.83,"nonoexpe":286193.12,"noncassetsdisl":252921.96,"proftotitse":null,"proftotform":null,"totprofit":2.4154189357E8,"incotaxexpe":6.626330432E7,"unreinveloss":null,"netpro1itse":null,"netpro1form":null,"netprofit":1.7527858925E8,"parenetp":1.7527858925E8,"mergeformnetprof":null,"minysharrigh":null,"netpro2itse":null,"netpro2form":null,"basiceps":0.31,"dilutedeps":null,"othercompinco":null,"parecompinco":null,"minysharinco":null,"compincoamt":1.7527858925E8,"parecompincoamt":1.7527858925E8,"minysharincoamt":null,"earlyundiprof":null,"undisprofredu":null,"otherinto":null,"otherdistprof":null,"legalsurp":null,"welfare":null,"capitalreserve":null,"staffaward":null,"reservefund":null,"developfund":null,"profreturninvest":null,"supplycurcap":null,"avaidistshareprof":null,"preferredskdiv":null,"freesurplu":null,"dealwithdivi":null,"capitalizeddivi":null,"undisprofit":null,"selldepartgain":null,"natudisasterloss":null,"accpolicychg":null,"accestimatechg":null,"debtrestruloss":null,"othersupply":null},{"compcode":"80287994","publishdate":"20150610","begindate":"20140101","enddate":"20141231","reporttype":"100111","adjustdate":"20150610","accstacode":"2","accstaname":"新会计准则","biztotinco":2.25855383712E9,"bizinco":2.25855383712E9,"inteinco":null,"earnprem":null,"pouninco":null,"realsale":null,"otherbizinco":null,"biztotincoitse":null,"biztotincoform":null,"biztotcost":1.704377352E9,"bizcost":7.3201739819E8,"inteexpe":null,"pounexpe":null,"realsalecost":null,"deveexpe":null,"surrgold":null,"compnetexpe":null,"contress":null,"polidiviexpe":null,"reinexpe":null,"otherbizcost":null,"biztax":3.5521125049E8,"salesexpe":4.0516881095E8,"manaexpe":1.7862300136E8,"finexpe":1.736763221E7,"asseimpaloss":1.59892588E7,"biztotcostitse":null,"biztotcostform":null,"valuechgloss":null,"inveinco":5346440.33,"assoinveprof":null,"exchggain":null,"futuloss":null,"custinco":null,"subsidyincome":null,"otherbizprof":null,"bizprofitse":null,"operprofform":null,"perprofit":5.5952292545E8,"nonoreve":3991931.24,"nonoexpe":3464900.53,"noncassetsdisl":483918.84,"proftotitse":null,"proftotform":null,"totprofit":5.6004995616E8,"incotaxexpe":1.3791034287E8,"unreinveloss":null,"netpro1itse":null,"netpro1form":null,"netprofit":4.2213961329E8,"parenetp":4.2213961329E8,"mergeformnetprof":null,"minysharrigh":null,"netpro2itse":null,"netpro2form":null,"basiceps":0.78,"dilutedeps":0.78,"othercompinco":null,"parecompinco":null,"minysharinco":null,"compincoamt":4.2213961329E8,"parecompincoamt":4.2213961329E8,"minysharincoamt":null,"earlyundiprof":null,"undisprofredu":null,"otherinto":null,"otherdistprof":null,"legalsurp":null,"welfare":null,"capitalreserve":null,"staffaward":null,"reservefund":null,"developfund":null,"profreturninvest":null,"supplycurcap":null,"avaidistshareprof":null,"preferredskdiv":null,"freesurplu":null,"dealwithdivi":null,"capitalizeddivi":null,"undisprofit":null,"selldepartgain":null,"natudisasterloss":null,"accpolicychg":null,"accestimatechg":null,"debtrestruloss":null,"othersupply":null},{"compcode":"80287994","publishdate":"20151029","begindate":"20140101","enddate":"20140930","reporttype":"100111","adjustdate":"20151029","accstacode":"2","accstaname":"新会计准则","biztotinco":1.78337110464E9,"bizinco":1.78337110464E9,"inteinco":null,"earnprem":null,"pouninco":null,"realsale":null,"otherbizinco":null,"biztotincoitse":null,"biztotincoform":null,"biztotcost":1.32371937162E9,"bizcost":5.8537207861E8,"inteexpe":null,"pounexpe":null,"realsalecost":null,"deveexpe":null,"surrgold":null,"compnetexpe":null,"contress":null,"polidiviexpe":null,"reinexpe":null,"otherbizcost":null,"biztax":2.7974597233E8,"salesexpe":3.0149087885E8,"manaexpe":1.3272049009E8,"finexpe":1.230360611E7,"asseimpaloss":1.208634563E7,"biztotcostitse":null,"biztotcostform":null,"valuechgloss":null,"inveinco":4361010.33,"assoinveprof":null,"exchggain":null,"futuloss":null,"custinco":null,"subsidyincome":null,"otherbizprof":null,"bizprofitse":null,"operprofform":null,"perprofit":4.6401274335E8,"nonoreve":2180677.58,"nonoexpe":3144075.68,"noncassetsdisl":163093.99,"proftotitse":null,"proftotform":null,"totprofit":4.6304934525E8,"incotaxexpe":1.0979885038E8,"unreinveloss":null,"netpro1itse":null,"netpro1form":null,"netprofit":3.5325049487E8,"parenetp":3.5325049487E8,"mergeformnetprof":null,"minysharrigh":null,"netpro2itse":null,"netpro2form":null,"basiceps":0.65,"dilutedeps":0.65,"othercompinco":null,"parecompinco":null,"minysharinco":null,"compincoamt":3.5325049487E8,"parecompincoamt":3.5325049487E8,"minysharincoamt":null,"earlyundiprof":null,"undisprofredu":null,"otherinto":null,"otherdistprof":null,"legalsurp":null,"welfare":null,"capitalreserve":null,"staffaward":null,"reservefund":null,"developfund":null,"profreturninvest":null,"supplycurcap":null,"avaidistshareprof":null,"preferredskdiv":null,"freesurplu":null,"dealwithdivi":null,"capitalizeddivi":null,"undisprofit":null,"selldepartgain":null,"natudisasterloss":null,"accpolicychg":null,"accestimatechg":null,"debtrestruloss":null,"othersupply":null},{"compcode":"80287994","publishdate":"20150826","begindate":"20140101","enddate":"20140630","reporttype":"100111","adjustdate":"20150826","accstacode":"2","accstaname":"新会计准则","biztotinco":1.09881084204E9,"bizinco":1.09881084204E9,"inteinco":null,"earnprem":null,"pouninco":null,"realsale":null,"otherbizinco":null,"biztotincoitse":null,"biztotincoform":null,"biztotcost":8.719239091E8,"bizcost":3.7307678168E8,"inteexpe":null,"pounexpe":null,"realsalecost":null,"deveexpe":null,"surrgold":null,"compnetexpe":null,"contress":null,"polidiviexpe":null,"reinexpe":null,"otherbizcost":null,"biztax":1.7396795624E8,"salesexpe":2.1471270215E8,"manaexpe":9.052682191E7,"finexpe":7533284.56,"asseimpaloss":1.210636256E7,"biztotcostitse":null,"biztotcostform":null,"valuechgloss":null,"inveinco":2621862.73,"assoinveprof":null,"exchggain":null,"futuloss":null,"custinco":null,"subsidyincome":null,"otherbizprof":null,"bizprofitse":null,"operprofform":null,"perprofit":2.2950879567E8,"nonoreve":933586.39,"nonoexpe":1144054.85,"noncassetsdisl":163093.99,"proftotitse":null,"proftotform":null,"totprofit":2.2929832721E8,"incotaxexpe":5.686198014E7,"unreinveloss":null,"netpro1itse":null,"netpro1form":null,"netprofit":1.7243634707E8,"parenetp":1.7243634707E8,"mergeformnetprof":null,"minysharrigh":null,"netpro2itse":null,"netpro2form":null,"basiceps":0.32,"dilutedeps":0.32,"othercompinco":null,"parecompinco":null,"minysharinco":null,"compincoamt":1.7243634707E8,"parecompincoamt":1.7243634707E8,"minysharincoamt":null,"earlyundiprof":null,"undisprofredu":null,"otherinto":null,"otherdistprof":null,"legalsurp":null,"welfare":null,"capitalreserve":null,"staffaward":null,"reservefund":null,"developfund":null,"profreturninvest":null,"supplycurcap":null,"avaidistshareprof":null,"preferredskdiv":null,"freesurplu":null,"dealwithdivi":null,"capitalizeddivi":null,"undisprofit":null,"selldepartgain":null,"natudisasterloss":null,"accpolicychg":null,"accestimatechg":null,"debtrestruloss":null,"othersupply":null},{"compcode":"80287994","publishdate":"20150610","begindate":"20130101","enddate":"20131231","reporttype":"100111","adjustdate":"20150610","accstacode":"2","accstaname":"新会计准则","biztotinco":2.44715123339E9,"bizinco":2.44715123339E9,"inteinco":null,"earnprem":null,"pouninco":null,"realsale":null,"otherbizinco":null,"biztotincoitse":null,"biztotincoform":null,"biztotcost":1.89606023198E9,"bizcost":9.0723964251E8,"inteexpe":null,"pounexpe":null,"realsalecost":null,"deveexpe":null,"surrgold":null,"compnetexpe":null,"contress":null,"polidiviexpe":null,"reinexpe":null,"otherbizcost":null,"biztax":3.8938585413E8,"salesexpe":4.1573207019E8,"manaexpe":1.5531223544E8,"finexpe":1.310971371E7,"asseimpaloss":1.5280716E7,"biztotcostitse":null,"biztotcostform":null,"valuechgloss":null,"inveinco":null,"assoinveprof":null,"exchggain":null,"futuloss":null,"custinco":null,"subsidyincome":null,"otherbizprof":null,"bizprofitse":null,"operprofform":null,"perprofit":5.5109100141E8,"nonoreve":5805427.67,"nonoexpe":6955730.78,"noncassetsdisl":4010759.49,"proftotitse":null,"proftotform":null,"totprofit":5.499406983E8,"incotaxexpe":1.5177367093E8,"unreinveloss":null,"netpro1itse":null,"netpro1form":null,"netprofit":3.9816702737E8,"parenetp":3.9816702737E8,"mergeformnetprof":null,"minysharrigh":null,"netpro2itse":null,"netpro2form":null,"basiceps":0.74,"dilutedeps":0.74,"othercompinco":null,"parecompinco":null,"minysharinco":null,"compincoamt":3.9816702737E8,"parecompincoamt":3.9816702737E8,"minysharincoamt":null,"earlyundiprof":null,"undisprofredu":null,"otherinto":null,"otherdistprof":null,"legalsurp":null,"welfare":null,"capitalreserve":null,"staffaward":null,"reservefund":null,"developfund":null,"profreturninvest":null,"supplycurcap":null,"avaidistshareprof":null,"preferredskdiv":null,"freesurplu":null,"dealwithdivi":null,"capitalizeddivi":null,"undisprofit":null,"selldepartgain":null,"natudisasterloss":null,"accpolicychg":null,"accestimatechg":null,"debtrestruloss":null,"othersupply":null},{"compcode":"80287994","publishdate":"20150610","begindate":"20120101","enddate":"20121231","reporttype":"100111","adjustdate":"20150610","accstacode":"2","accstaname":"新会计准则","biztotinco":2.50654707995E9,"bizinco":2.50654707995E9,"inteinco":null,"earnprem":null,"pouninco":null,"realsale":null,"otherbizinco":null,"biztotincoitse":null,"biztotincoform":null,"biztotcost":1.89596784857E9,"bizcost":9.594991588E8,"inteexpe":null,"pounexpe":null,"realsalecost":null,"deveexpe":null,"surrgold":null,"compnetexpe":null,"contress":null,"polidiviexpe":null,"reinexpe":null,"otherbizcost":null,"biztax":4.1690953498E8,"salesexpe":3.6091093872E8,"manaexpe":1.3887206842E8,"finexpe":1.290486106E7,"asseimpaloss":6871286.59,"biztotcostitse":null,"biztotcostform":null,"valuechgloss":null,"inveinco":null,"assoinveprof":null,"exchggain":null,"futuloss":null,"custinco":null,"subsidyincome":null,"otherbizprof":null,"bizprofitse":null,"operprofform":null,"perprofit":6.1057923138E8,"nonoreve":8268143.6,"nonoexpe":3105747.96,"noncassetsdisl":934967.0,"proftotitse":null,"proftotform":null,"totprofit":6.1574162702E8,"incotaxexpe":1.5976835757E8,"unreinveloss":null,"netpro1itse":null,"netpro1form":null,"netprofit":4.5597326945E8,"parenetp":4.5597326945E8,"mergeformnetprof":null,"minysharrigh":null,"netpro2itse":null,"netpro2form":null,"basiceps":0.84,"dilutedeps":0.84,"othercompinco":null,"parecompinco":null,"minysharinco":null,"compincoamt":4.5597326945E8,"parecompincoamt":4.5597326945E8,"minysharincoamt":null,"earlyundiprof":null,"undisprofredu":null,"otherinto":null,"otherdistprof":null,"legalsurp":null,"welfare":null,"capitalreserve":null,"staffaward":null,"reservefund":null,"developfund":null,"profreturninvest":null,"supplycurcap":null,"avaidistshareprof":null,"preferredskdiv":null,"freesurplu":null,"dealwithdivi":null,"capitalizeddivi":null,"undisprofit":null,"selldepartgain":null,"natudisasterloss":null,"accpolicychg":null,"accestimatechg":null,"debtrestruloss":null,"othersupply":null},{"compcode":"80287994","publishdate":"20140514","begindate":"20110101","enddate":"20111231","reporttype":"100111","adjustdate":"20140514","accstacode":"2","accstaname":"新会计准则","biztotinco":2.09242096693E9,"bizinco":2.09242096693E9,"inteinco":null,"earnprem":null,"pouninco":null,"realsale":null,"otherbizinco":null,"biztotincoitse":null,"biztotincoform":null,"biztotcost":1.56145167106E9,"bizcost":7.9190894908E8,"inteexpe":null,"pounexpe":null,"realsalecost":null,"deveexpe":null,"surrgold":null,"compnetexpe":null,"contress":null,"polidiviexpe":null,"reinexpe":null,"otherbizcost":null,"biztax":3.310713971E8,"salesexpe":3.0855793713E8,"manaexpe":1.1656922369E8,"finexpe":1.246132714E7,"asseimpaloss":882836.92,"biztotcostitse":null,"biztotcostform":null,"valuechgloss":null,"inveinco":null,"assoinveprof":null,"exchggain":null,"futuloss":null,"custinco":null,"subsidyincome":null,"otherbizprof":null,"bizprofitse":null,"operprofform":null,"perprofit":5.3096929587E8,"nonoreve":2638194.04,"nonoexpe":4301974.1,"noncassetsdisl":null,"proftotitse":null,"proftotform":null,"totprofit":5.2930551581E8,"incotaxexpe":1.3262044429E8,"unreinveloss":null,"netpro1itse":null,"netpro1form":null,"netprofit":3.9668507152E8,"parenetp":3.9668507152E8,"mergeformnetprof":null,"minysharrigh":null,"netpro2itse":null,"netpro2form":null,"basiceps":0.73,"dilutedeps":null,"othercompinco":null,"parecompinco":null,"minysharinco":null,"compincoamt":3.9668507152E8,"parecompincoamt":3.9668507152E8,"minysharincoamt":null,"earlyundiprof":null,"undisprofredu":null,"otherinto":null,"otherdistprof":null,"legalsurp":null,"welfare":null,"capitalreserve":null,"staffaward":null,"reservefund":null,"developfund":null,"profreturninvest":null,"supplycurcap":null,"avaidistshareprof":null,"preferredskdiv":null,"freesurplu":null,"dealwithdivi":null,"capitalizeddivi":null,"undisprofit":null,"selldepartgain":null,"natudisasterloss":null,"accpolicychg":null,"accestimatechg":null,"debtrestruloss":null,"othersupply":null}],"comptype":4,"name":"口子窖"}