{"list":[{"bonusimpdate":"20170627","bonusyear":"2016","cur":"人民币","bonusskratio":null,"tranaddskraio":null,"recorddate":"20170703","exrightdate":"20170704","cdividend":4.5,"fdividendbh":0.0,"tranaddsklistdate":null,"bonussklistdate":null,"tranaddskaccday":null,"bonusskaccday":null,"symbol":null,"secode":"2010010655","divitype":"A","taxfdividendbh":0.0,"taxcdividend":4.5,"divibegdate":"20170704","summarize":"10派4.5"},{"bonusimpdate":"20160617","bonusyear":"2015","cur":"人民币","bonusskratio":null,"tranaddskraio":null,"recorddate":"20160623","exrightdate":"20160624","cdividend":3.5,"fdividendbh":0.0,"tranaddsklistdate":null,"bonussklistdate":null,"tranaddskaccday":null,"bonusskaccday":null,"symbol":null,"secode":"2010010655","divitype":"A","taxfdividendbh":0.0,"taxcdividend":3.5,"divibegdate":"20160624","summarize":"10派3.5"}]}