{"SH600690": {"redeem_type": "T", "kzz_convert_time": "", "code": "600690", "kzz_stock_name": "", "remain_year": "", "marketCapital": "1.0353389830446E11", "sale_rrg": "", "current": "16.98", "tick_size": "0.01", "fall_stop": "15.18", "outstandingamt": "", "after_hour_vol": "0", "kzz_covert_value": "0.0", "afterHoursTime": "Wed Oct 19 21:59:01 -0400 2011", "warrant": "", "due_date": "", "kzz_redempt_price": "0.0", "high52week": "17.47", "psr": "0.6728", "afterHoursPct": "0.0", "currency_unit": "CNY", "name": "\u9752\u5c9b\u6d77\u5c14", "yield": "1.47", "lot_size": "100", "low52week": "9.45", "convert_bond_ratio": "", "rate": "", "close": "16.98", "turnover_rate": "0.97%", "afterHoursChg": "0.0", "kzz_stock_percent": "", "percent5m": "0.0", "volume_ratio": "0.77", "exchange": "SH", "last_close": "16.87", "dividend": "0.25", "lot_volume": "594306.22", "change": "0.11", "publisher": "", "kzz_convert_price": "0.0", "hasexist": "", "amount": "1.012933834E9", "issue_type": "1", "has_warrant": "0", "pankou_ratio": "-55.89%", "pe_lyr": "20.5561", "benefit_before_tax": "0.0", "convert_rate": "0.0", "afterHours": "0.0", "par_value": "0.0", "maturitydate": "", "open": "16.82", "convertrate": "0.0", "kzz_stock_symbol": "", "pb": "3.43", "kzz_stock_current": "0.0", "low": "16.79", "time": "Fri Nov 03 14:59:59 +0800 2017", "percentage": "0.65", "type": "11", "rise_stop": "18.56", "kzz_cpr": "0.0", "benefit_after_tax": "0.0", "net_assets": "4.9538", "volume": "5.9430622E7", "flag": "1", "updateAt": "1509186970547", "totalissuescale": "", "circulation": "0.0", "amplitude": "3.20%", "release_date": "", "kzz_straight_price": "0.0", "interestrtmemo": "", "float_market_capital": "1.0353389828748E11", "high": "17.33", "pe_ttm": "15.0223", "market_status": "\u4f11\u5e02", "max_order_quantity": "0", "due_time": "0.0", "min_order_quantity": "0", "volumeAverage": "0", "bond_type": "", "symbol": "SH600690", "instOwn": "0.0", "rest_day": "", "beta": "0.0", "variable_tick_size": "", "eps": "0.93", "value_date": "", "float_shares": "6097402726", "totalShares": "6097402727", "disnext_pay_date": "", "kzz_putback_price": "0.0"}}