{
      "name" : "万和电气",
      "list" : [
            {
                  "reportdate" : "20161231",
                  "finstmtcomments" : "",
                  "acntfirm" : "",
                  "finstmtspecials" : "",
                  "sharecount" : 0.0,

                  "shorttermborrdetail" : "",
                  "longborrdetail" : "",
            
                  "curfds_cash" : 0.0,
                  "curfds_bank" : 0.0,
                  "curfds_other" : 0.0,
                  "curfds_limit" : 0.0,
                  
                  "notesrece_bank" : 0.0,
                  "notesrece_business" : 0.0,
                  "notesrece_other" : 0.0,
                  
                  "accorece_credit_tot" : 0.0,
                  "accorece_credit_bad" : 0.0,
                  "accorece_single_tot" : 0.0,
                  "accorece_single_bad" : 0.0,
                  "accorece_single_imp_tot" : 0.0,
                  "accorece_single_imp_bad" : 0.0,
                  "accorece_0_1_tot" : 0.0,
                  "accorece_0_1_bad" : 0.0,
                  "accorece_1_2_tot" : 0.0,
                  "accorece_1_2_bad" : 0.0,
                  "accorece_2_3_tot" : 0.0,
                  "accorece_2_3_bad" : 0.0,
                  "accorece_3_4_tot" : 0.0,
                  "accorece_3_4_bad" : 0.0,
                  "accorece_4_5_tot" : 0.0,
                  "accorece_4_5_bad" : 0.0,
                  "accorece_5_n_tot" : 0.0,
                  "accorece_5_n_bad" : 0.0,
                  "accorece_bad_standard" : "",

                  "prep_0_1" : 0.0,
                  "prep_1_n" : 0.0,

                  "otherrecedetail" : "",

                  "inverevvallossstandard" : "",
                  "inverevvallosstot" : 0.0,
                  "inveincal" : "",
                  "inveoutcal" : "",
                  "inve_prod" : 4386887,
                  "inve_sale" : 4951644,
                  "inve_save" : 671972,
                  "inve_unit" : "台",

                  "holdinvedue_inrate" : 0.0,
                  "holdinvedue_losscur" : 0.0,
                  "holdinvedue_lossback" : 0.0,

                  "avaisellassecur" : 0.0,
                  "avaisellassecost" : 0.0,

                  "invepropcal" : "",

                  "fixedassedepolicy" : "",
                  "intaassetdmopolicy" : "",
                  "findevexp" : 0.0,

                  "emplyescnt" : 0.0,
                  "equfinpubpri" : 0.0,
                  "debtfininrate" : 0.0
            },
            {
                  "reportdate" : "20151231",
                  "finstmtcomments" : "",
                  "acntfirm" : "",
                  "finstmtspecials" : "",
                  "sharecount" : 0.0,

                  "shorttermborrdetail" : "",
                  "longborrdetail" : "",
            
                  "curfds_cash" : 0.0,
                  "curfds_bank" : 0.0,
                  "curfds_other" : 0.0,
                  "curfds_limit" : 0.0,
                  
                  "notesrece_bank" : 0.0,
                  "notesrece_business" : 0.0,
                  "notesrece_other" : 0.0,
                  
                  "accorece_credit_tot" : 0.0,
                  "accorece_credit_bad" : 0.0,
                  "accorece_single_tot" : 0.0,
                  "accorece_single_bad" : 0.0,
                  "accorece_single_imp_tot" : 0.0,
                  "accorece_single_imp_bad" : 0.0,
                  "accorece_0_1_tot" : 0.0,
                  "accorece_0_1_bad" : 0.0,
                  "accorece_1_2_tot" : 0.0,
                  "accorece_1_2_bad" : 0.0,
                  "accorece_2_3_tot" : 0.0,
                  "accorece_2_3_bad" : 0.0,
                  "accorece_3_4_tot" : 0.0,
                  "accorece_3_4_bad" : 0.0,
                  "accorece_4_5_tot" : 0.0,
                  "accorece_4_5_bad" : 0.0,
                  "accorece_5_n_tot" : 0.0,
                  "accorece_5_n_bad" : 0.0,
                  "accorece_bad_standard" : "",

                  "prep_0_1" : 0.0,
                  "prep_1_n" : 0.0,

                  "otherrecedetail" : "",

                  "inverevvallossstandard" : "",
                  "inverevvallosstot" : 0.0,
                  "inveincal" : "",
                  "inveoutcal" : "",
                  "inve_prod" : 2720898,
                  "inve_sale" : 2977186,
                  "inve_save" : 512286,
                  "inve_unit" : "台",

                  "holdinvedue_inrate" : 0.0,
                  "holdinvedue_losscur" : 0.0,
                  "holdinvedue_lossback" : 0.0,

                  "avaisellassecur" : 0.0,
                  "avaisellassecost" : 0.0,

                  "invepropcal" : "",

                  "fixedassedepolicy" : "",
                  "intaassetdmopolicy" : "",
                  "findevexp" : 0.0,

                  "emplyescnt" : 0.0,
                  "equfinpubpri" : 0.0,
                  "debtfininrate" : 0.0
            },
            {
                  "reportdate" : "20141231",
                  "finstmtcomments" : "",
                  "acntfirm" : "",
                  "finstmtspecials" : "",
                  "sharecount" : 0.0,

                  "shorttermborrdetail" : "",
                  "longborrdetail" : "",
            
                  "curfds_cash" : 0.0,
                  "curfds_bank" : 0.0,
                  "curfds_other" : 0.0,
                  "curfds_limit" : 0.0,
                  
                  "notesrece_bank" : 0.0,
                  "notesrece_business" : 0.0,
                  "notesrece_other" : 0.0,
                  
                  "accorece_credit_tot" : 0.0,
                  "accorece_credit_bad" : 0.0,
                  "accorece_single_tot" : 0.0,
                  "accorece_single_bad" : 0.0,
                  "accorece_single_imp_tot" : 0.0,
                  "accorece_single_imp_bad" : 0.0,
                  "accorece_0_1_tot" : 0.0,
                  "accorece_0_1_bad" : 0.0,
                  "accorece_1_2_tot" : 0.0,
                  "accorece_1_2_bad" : 0.0,
                  "accorece_2_3_tot" : 0.0,
                  "accorece_2_3_bad" : 0.0,
                  "accorece_3_4_tot" : 0.0,
                  "accorece_3_4_bad" : 0.0,
                  "accorece_4_5_tot" : 0.0,
                  "accorece_4_5_bad" : 0.0,
                  "accorece_5_n_tot" : 0.0,
                  "accorece_5_n_bad" : 0.0,
                  "accorece_bad_standard" : "",

                  "prep_0_1" : 0.0,
                  "prep_1_n" : 0.0,

                  "otherrecedetail" : "",

                  "inverevvallossstandard" : "",
                  "inverevvallosstot" : 0.0,
                  "inveincal" : "",
                  "inveoutcal" : "",
                  "inve_prod" : 3491704,
                  "inve_sale" : 2863747,
                  "inve_save" : 586986,
                  "inve_unit" : "台",

                  "holdinvedue_inrate" : 0.0,
                  "holdinvedue_losscur" : 0.0,
                  "holdinvedue_lossback" : 0.0,

                  "avaisellassecur" : 0.0,
                  "avaisellassecost" : 0.0,

                  "invepropcal" : "",

                  "fixedassedepolicy" : "",
                  "intaassetdmopolicy" : "",
                  "findevexp" : 0.0,

                  "emplyescnt" : 0.0,
                  "equfinpubpri" : 0.0,
                  "debtfininrate" : 0.0
            },
            {
                  "reportdate" : "20131231",
                  "finstmtcomments" : "",
                  "acntfirm" : "",
                  "finstmtspecials" : "",
                  "sharecount" : 0.0,

                  "shorttermborrdetail" : "",
                  "longborrdetail" : "",
            
                  "curfds_cash" : 0.0,
                  "curfds_bank" : 0.0,
                  "curfds_other" : 0.0,
                  "curfds_limit" : 0.0,
                  
                  "notesrece_bank" : 0.0,
                  "notesrece_business" : 0.0,
                  "notesrece_other" : 0.0,
                  
                  "accorece_credit_tot" : 0.0,
                  "accorece_credit_bad" : 0.0,
                  "accorece_single_tot" : 0.0,
                  "accorece_single_bad" : 0.0,
                  "accorece_single_imp_tot" : 0.0,
                  "accorece_single_imp_bad" : 0.0,
                  "accorece_0_1_tot" : 0.0,
                  "accorece_0_1_bad" : 0.0,
                  "accorece_1_2_tot" : 0.0,
                  "accorece_1_2_bad" : 0.0,
                  "accorece_2_3_tot" : 0.0,
                  "accorece_2_3_bad" : 0.0,
                  "accorece_3_4_tot" : 0.0,
                  "accorece_3_4_bad" : 0.0,
                  "accorece_4_5_tot" : 0.0,
                  "accorece_4_5_bad" : 0.0,
                  "accorece_5_n_tot" : 0.0,
                  "accorece_5_n_bad" : 0.0,
                  "accorece_bad_standard" : "",

                  "prep_0_1" : 0.0,
                  "prep_1_n" : 0.0,

                  "otherrecedetail" : "",

                  "inverevvallossstandard" : "",
                  "inverevvallosstot" : 0.0,
                  "inveincal" : "",
                  "inveoutcal" : "",
                  "inve_prod" : 3270507,
                  "inve_sale" : 2918487,
                  "inve_save" : 648947,
                  "inve_unit" : "台",

                  "holdinvedue_inrate" : 0.0,
                  "holdinvedue_losscur" : 0.0,
                  "holdinvedue_lossback" : 0.0,

                  "avaisellassecur" : 0.0,
                  "avaisellassecost" : 0.0,

                  "invepropcal" : "",

                  "fixedassedepolicy" : "",
                  "intaassetdmopolicy" : "",
                  "findevexp" : 0.0,

                  "emplyescnt" : 0.0,
                  "equfinpubpri" : 0.0,
                  "debtfininrate" : 0.0
            },
            {
                  "reportdate" : "20121231",
                  "finstmtcomments" : "",
                  "acntfirm" : "",
                  "finstmtspecials" : "",
                  "sharecount" : 0.0,

                  "shorttermborrdetail" : "",
                  "longborrdetail" : "",
            
                  "curfds_cash" : 0.0,
                  "curfds_bank" : 0.0,
                  "curfds_other" : 0.0,
                  "curfds_limit" : 0.0,
                  
                  "notesrece_bank" : 0.0,
                  "notesrece_business" : 0.0,
                  "notesrece_other" : 0.0,
                  
                  "accorece_credit_tot" : 0.0,
                  "accorece_credit_bad" : 0.0,
                  "accorece_single_tot" : 0.0,
                  "accorece_single_bad" : 0.0,
                  "accorece_single_imp_tot" : 0.0,
                  "accorece_single_imp_bad" : 0.0,
                  "accorece_0_1_tot" : 0.0,
                  "accorece_0_1_bad" : 0.0,
                  "accorece_1_2_tot" : 0.0,
                  "accorece_1_2_bad" : 0.0,
                  "accorece_2_3_tot" : 0.0,
                  "accorece_2_3_bad" : 0.0,
                  "accorece_3_4_tot" : 0.0,
                  "accorece_3_4_bad" : 0.0,
                  "accorece_4_5_tot" : 0.0,
                  "accorece_4_5_bad" : 0.0,
                  "accorece_5_n_tot" : 0.0,
                  "accorece_5_n_bad" : 0.0,
                  "accorece_bad_standard" : "",

                  "prep_0_1" : 0.0,
                  "prep_1_n" : 0.0,

                  "otherrecedetail" : "",

                  "inverevvallossstandard" : "",
                  "inverevvallosstot" : 0.0,
                  "inveincal" : "",
                  "inveoutcal" : "",
                  "inve_prod" : 1187660,
                  "inve_sale" : 1275172,
                  "inve_save" : 213337,
                  "inve_unit" : "台",

                  "holdinvedue_inrate" : 0.0,
                  "holdinvedue_losscur" : 0.0,
                  "holdinvedue_lossback" : 0.0,

                  "avaisellassecur" : 0.0,
                  "avaisellassecost" : 0.0,

                  "invepropcal" : "",

                  "fixedassedepolicy" : "",
                  "intaassetdmopolicy" : "",
                  "findevexp" : 0.0,

                  "emplyescnt" : 0.0,
                  "equfinpubpri" : 0.0,
                  "debtfininrate" : 0.0
            },
            {
                  "reportdate" : "20111231",
                  "finstmtcomments" : "",
                  "acntfirm" : "",
                  "finstmtspecials" : "",
                  "sharecount" : 0.0,

                  "shorttermborrdetail" : "",
                  "longborrdetail" : "",
            
                  "curfds_cash" : 0.0,
                  "curfds_bank" : 0.0,
                  "curfds_other" : 0.0,
                  "curfds_limit" : 0.0,
                  
                  "notesrece_bank" : 0.0,
                  "notesrece_business" : 0.0,
                  "notesrece_other" : 0.0,
                  
                  "accorece_credit_tot" : 0.0,
                  "accorece_credit_bad" : 0.0,
                  "accorece_single_tot" : 0.0,
                  "accorece_single_bad" : 0.0,
                  "accorece_single_imp_tot" : 0.0,
                  "accorece_single_imp_bad" : 0.0,
                  "accorece_0_1_tot" : 0.0,
                  "accorece_0_1_bad" : 0.0,
                  "accorece_1_2_tot" : 0.0,
                  "accorece_1_2_bad" : 0.0,
                  "accorece_2_3_tot" : 0.0,
                  "accorece_2_3_bad" : 0.0,
                  "accorece_3_4_tot" : 0.0,
                  "accorece_3_4_bad" : 0.0,
                  "accorece_4_5_tot" : 0.0,
                  "accorece_4_5_bad" : 0.0,
                  "accorece_5_n_tot" : 0.0,
                  "accorece_5_n_bad" : 0.0,
                  "accorece_bad_standard" : "",

                  "prep_0_1" : 0.0,
                  "prep_1_n" : 0.0,

                  "otherrecedetail" : "",

                  "inverevvallossstandard" : "",
                  "inverevvallosstot" : 0.0,
                  "inveincal" : "",
                  "inveoutcal" : "",
                  "inve_prod" : 1098784,
                  "inve_sale" : 1235912,
                  "inve_save" : 202683,
                  "inve_unit" : "台",

                  "holdinvedue_inrate" : 0.0,
                  "holdinvedue_losscur" : 0.0,
                  "holdinvedue_lossback" : 0.0,

                  "avaisellassecur" : 0.0,
                  "avaisellassecost" : 0.0,

                  "invepropcal" : "",

                  "fixedassedepolicy" : "",
                  "intaassetdmopolicy" : "",
                  "findevexp" : 0.0,

                  "emplyescnt" : 0.0,
                  "equfinpubpri" : 0.0,
                  "debtfininrate" : 0.0
            }
    ]
}