{"SZ002543": {"redeem_type": "F", "kzz_convert_time": "", "code": "002543", "kzz_stock_name": "", "remain_year": "", "marketCapital": "8.8176E9", "sale_rrg": "", "current": "20.04", "tick_size": "0.01", "fall_stop": "18.32", "outstandingamt": "", "after_hour_vol": "0", "kzz_covert_value": "0.0", "afterHoursTime": "Wed Oct 19 21:59:01 -0400 2011", "warrant": "", "due_date": "", "kzz_redempt_price": "0.0", "high52week": "26.59", "psr": "1.5861", "afterHoursPct": "0.0", "currency_unit": "CNY", "name": "\u4e07\u548c\u7535\u6c14", "yield": "6.04", "lot_size": "100", "low52week": "15.15", "convert_bond_ratio": "", "rate": "", "close": "20.04", "turnover_rate": "1.18%", "afterHoursChg": "0.0", "kzz_stock_percent": "", "percent5m": "-0.05", "volume_ratio": "1.02", "exchange": "SZ", "last_close": "20.35", "dividend": "1.23", "lot_volume": "44119.14", "change": "-0.31", "publisher": "", "kzz_convert_price": "0.0", "hasexist": "", "amount": "8.8088766E7", "issue_type": "", "has_warrant": "0", "pankou_ratio": "41.22%", "pe_lyr": "20.4505", "benefit_before_tax": "0.0", "convert_rate": "0.0", "afterHours": "0.0", "par_value": "0.0", "maturitydate": "", "open": "20.22", "convertrate": "0.0", "kzz_stock_symbol": "", "pb": "3.13", "kzz_stock_current": "0.0", "low": "19.81", "time": "Mon Oct 23 15:04:03 +0800 2017", "percentage": "-1.52", "type": "11", "rise_stop": "22.39", "kzz_cpr": "0.0", "benefit_after_tax": "0.0", "net_assets": "6.4002", "volume": "4411914.0", "flag": "1", "updateAt": "1493007251215", "totalissuescale": "", "circulation": "0.0", "amplitude": "2.41%", "release_date": "", "kzz_straight_price": "0.0", "interestrtmemo": "", "float_market_capital": "7.48048611E9", "high": "20.3", "pe_ttm": "21.2684", "market_status": "\u5df2\u6536\u76d8", "max_order_quantity": "0", "due_time": "0.0", "min_order_quantity": "0", "volumeAverage": "11243993", "bond_type": "", "symbol": "SZ002543", "instOwn": "0.0", "rest_day": "", "beta": "0.0", "variable_tick_size": "", "eps": "0.49", "value_date": "", "float_shares": "373277750", "totalShares": "440000000", "disnext_pay_date": "", "kzz_putback_price": "0.0"}}