{"list": [{"laborgetcash": 2720489983.32, "inveredu": -54697845.55, "unreinveloss": null, "bizcashinfl": 2887103146.25, "diviprofpaycash": 321383358.56, "invcashoutf": 379684998.38, "accrexpeincr": null, "subspaynetcash": null, "finrelacash": null, "payworkcash": 309058571.53, "subspaydivid": null, "chgexchgchgs": -2057763.38, "finnetcflow": -168083358.56, "receotherbizcash": 133884694.15, "longdefeexpenamor": 5441154.28, "acquassetcash": 179684998.38, "recefincash": null, "inspremcash": null, "netcashform": null, "bizcashoutf": 2504530734.26, "fininstnetr": null, "invrececash": 153300000.0, "defetaxassetdecr": -1827567.0, "inicashbala": 1070653801.96, "invcashinfl": 6663273.53, "paydivicash": null, "netcashscheitse": null, "defeincoincr": null, "disptradnetincr": null, "mananetr": 382572411.99, "debtintocapi": null, "defetaxliabincr": null, "adjustdate": "20170826", "enddate": "20170630", "assedepr": 50135398.13, "biznetscheitse": null, "biznetform": null, "equfinalbala": 12000000.0, "finoutfitse": null, "cashfinalbala": 898063367.16, "fixedassetnetc": 1069396.0, "cashfinalitse": null, "payintecash": null, "unfiparachg": null, "loansnetr": null, "incrcashpled": null, "biznetcflow": 382572411.99, "asseimpa": 11804095.63, "reducashpled": null, "invinffrom": null, "netprofit": 213294919.19, "minysharrigh": null, "equopenbala": null, "inveloss": 39202032.12, "valuechgloss": -27.41, "receinvcash": null, "bizoutfform": null, "biznetscheform": null, "finexpe": 328250.0, "intaasseamor": 4367738.3, "taxrefd": 32728468.78, "biznetitse": null, "finnetitse": null, "invinflitse": null, "subsnetc": null, "unseparachg": null, "finoutfform": null, "recefromloan": null, "netinvitse": null, "estidebts": null, "payaincr": 348051976.73, "fdsborrnetr": null, "realestadep": null, "reporttype": "100111", "dispfixedassetloss": 110204.66, "fininflitse": null, "finalcashbala": 910063367.16, "cashfinalform": null, "invoutfitse": null, "netcashitse": null, "payinvecash": null, "fixedassescraloss": null, "savinetr": null, "subsrececash": null, "accstacode": "2", "fincashoutf": 321383358.56, "charintecash": null, "finfixedasset": null, "labopayc": 1522500069.57, "expiconvbd": null, "paycompgold": null, "inveretugetcash": 5567464.58, "compcode": "80166381", "prepexpedecr": null, "repnetincr": null, "issbdrececash": null, "loannetr": null, "withinvgetcash": 26412.95, "invpayc": 200000000.0, "debtpaycash": null, "fincashinfl": 153300000.0, "cashopenbala": 1070653801.96, "netcashscheform": null, "begindate": "20170101", "bizoutfitse": null, "bizinflitse": null, "insnetc": null, "bankloannetincr": null, "receredu": -233637917.09, "publishdate": "20170826", "other": null, "deponetr": null, "paytax": 183161819.36, "bizinflform": null, "tradepaymnetr": null, "cashneti": -160590434.8, "accstaname": "\u65b0\u4f1a\u8ba1\u51c6\u5219", "cashnetr": -160590434.8, "invnetcashflow": -373021724.85, "netinvform": null, "finnetform": null, "payacticash": 489810273.8, "fininflform": null, "invoutfform": null}, {"laborgetcash": 1476194996.75, "inveredu": null, "unreinveloss": null, "bizcashinfl": 1575362131.22, "diviprofpaycash": 90671.82, "invcashoutf": 87000925.19, "accrexpeincr": null, "subspaynetcash": null, "finrelacash": null, "payworkcash": 165625567.42, "subspaydivid": null, "chgexchgchgs": -315225.34, "finnetcflow": 2909328.18, "receotherbizcash": 82669012.34, "longdefeexpenamor": null, "acquassetcash": 78500925.19, "recefincash": null, "inspremcash": null, "netcashform": null, "bizcashoutf": 1296021453.79, "fininstnetr": null, "invrececash": 3000000.0, "defetaxassetdecr": null, "inicashbala": 1070653801.96, "invcashinfl": 11292965.93, "paydivicash": null, "netcashscheitse": null, "defeincoincr": null, "disptradnetincr": null, "mananetr": 279340677.43, "debtintocapi": null, "defetaxliabincr": null, "adjustdate": "20170420", "enddate": "20170331", "assedepr": null, "biznetscheitse": null, "biznetform": null, "equfinalbala": null, "finoutfitse": null, "cashfinalbala": 1276880622.97, "fixedassetnetc": 463396.0, "cashfinalitse": null, "payintecash": null, "unfiparachg": null, "loansnetr": null, "incrcashpled": null, "biznetcflow": null, "asseimpa": null, "reducashpled": null, "invinffrom": null, "netprofit": null, "minysharrigh": null, "equopenbala": null, "inveloss": null, "valuechgloss": null, "receinvcash": null, "bizoutfform": null, "biznetscheform": null, "finexpe": null, "intaasseamor": null, "taxrefd": 16498122.13, "biznetitse": null, "finnetitse": null, "invinflitse": null, "subsnetc": null, "unseparachg": null, "finoutfform": null, "recefromloan": null, "netinvitse": null, "estidebts": null, "payaincr": null, "fdsborrnetr": null, "realestadep": null, "reporttype": "100111", "dispfixedassetloss": null, "fininflitse": null, "finalcashbala": 1276880622.97, "cashfinalform": null, "invoutfitse": null, "netcashitse": null, "payinvecash": null, "fixedassescraloss": null, "savinetr": null, "subsrececash": null, "accstacode": "2", "fincashoutf": 90671.82, "charintecash": null, "finfixedasset": null, "labopayc": 778632872.09, "expiconvbd": null, "paycompgold": null, "inveretugetcash": 2314500.58, "compcode": "80166381", "prepexpedecr": null, "repnetincr": null, "issbdrececash": null, "loannetr": null, "withinvgetcash": 8515069.35, "invpayc": 8500000.0, "debtpaycash": null, "fincashinfl": 3000000.0, "cashopenbala": 1070653801.96, "netcashscheform": null, "begindate": "20170101", "bizoutfitse": null, "bizinflitse": null, "insnetc": null, "bankloannetincr": null, "receredu": null, "publishdate": "20170420", "other": null, "deponetr": null, "paytax": 88460955.46, "bizinflform": null, "tradepaymnetr": null, "cashneti": 206226821.01, "accstaname": "\u65b0\u4f1a\u8ba1\u51c6\u5219", "cashnetr": 206226821.01, "invnetcashflow": -75707959.26, "netinvform": null, "finnetform": null, "payacticash": 263302058.82, "fininflform": null, "invoutfform": null}, {"laborgetcash": 4532274599.33, "inveredu": -82162621.08, "unreinveloss": null, "bizcashinfl": 4761363205.65, "diviprofpaycash": 330457970.86, "invcashoutf": 3965597934.85, "accrexpeincr": null, "subspaynetcash": null, "finrelacash": null, "payworkcash": 469186651.53, "subspaydivid": null, "chgexchgchgs": 8894130.66, "finnetcflow": -310291389.23, "receotherbizcash": 169613041.41, "longdefeexpenamor": 35538306.36, "acquassetcash": 402731763.32, "recefincash": null, "inspremcash": null, "netcashform": null, "bizcashoutf": 3877377350.24, "fininstnetr": null, "invrececash": 1000.0, "defetaxassetdecr": 1543369.85, "inicashbala": 527590525.61, "invcashinfl": 3926072614.36, "paydivicash": null, "netcashscheitse": null, "defeincoincr": null, "disptradnetincr": null, "mananetr": 883985855.41, "debtintocapi": null, "defetaxliabincr": null, "adjustdate": "20170420", "enddate": "20161231", "assedepr": 97080026.58, "biznetscheitse": null, "biznetform": null, "equfinalbala": null, "finoutfitse": null, "cashfinalbala": 1070653801.96, "fixedassetnetc": 464361.33, "cashfinalitse": null, "payintecash": null, "unfiparachg": null, "loansnetr": null, "incrcashpled": null, "biznetcflow": 883985855.41, "asseimpa": 3495517.52, "reducashpled": null, "invinffrom": null, "netprofit": 430312933.83, "minysharrigh": null, "equopenbala": null, "inveloss": -24983513.32, "valuechgloss": -433719.88, "receinvcash": null, "bizoutfform": null, "biznetscheform": null, "finexpe": -10383155.17, "intaasseamor": 8197577.68, "taxrefd": 59475564.91, "biznetitse": null, "finnetitse": null, "invinflitse": null, "subsnetc": null, "unseparachg": null, "finoutfform": null, "recefromloan": 50567597.66, "netinvitse": null, "estidebts": null, "payaincr": 570967809.84, "fdsborrnetr": null, "realestadep": null, "reporttype": "100111", "dispfixedassetloss": 800006.13, "fininflitse": null, "finalcashbala": 1070653801.96, "cashfinalform": null, "invoutfitse": null, "netcashitse": null, "payinvecash": null, "fixedassescraloss": null, "savinetr": null, "subsrececash": null, "accstacode": "2", "fincashoutf": 360859986.89, "charintecash": null, "finfixedasset": null, "labopayc": 2306184675.49, "expiconvbd": null, "paycompgold": null, "inveretugetcash": 12268930.69, "compcode": "80166381", "prepexpedecr": null, "repnetincr": null, "issbdrececash": null, "loannetr": null, "withinvgetcash": 3913339322.34, "invpayc": 3562866171.53, "debtpaycash": 30402016.03, "fincashinfl": 50568597.66, "cashopenbala": 527590525.61, "netcashscheform": null, "begindate": "20160101", "bizoutfitse": null, "bizinflitse": null, "insnetc": null, "bankloannetincr": null, "receredu": -145986682.93, "publishdate": "20170420", "other": null, "deponetr": null, "paytax": 271569814.7, "bizinflform": null, "tradepaymnetr": null, "cashneti": 543063276.35, "accstaname": "\u65b0\u4f1a\u8ba1\u51c6\u5219", "cashnetr": 543063276.35, "invnetcashflow": -39525320.49, "netinvform": null, "finnetform": null, "payacticash": 830436208.52, "fininflform": null, "invoutfform": null}, {"laborgetcash": 4181035975.81, "inveredu": null, "unreinveloss": null, "bizcashinfl": 4717805879.54, "diviprofpaycash": 330290622.7, "invcashoutf": 3757875731.31, "accrexpeincr": null, "subspaynetcash": null, "finrelacash": null, "payworkcash": 363562651.74, "subspaydivid": null, "chgexchgchgs": 556416.7, "finnetcflow": -330473290.7, "receotherbizcash": 489902311.2, "longdefeexpenamor": null, "acquassetcash": 245412802.84, "recefincash": null, "inspremcash": null, "netcashform": null, "bizcashoutf": 3911620465.96, "fininstnetr": null, "invrececash": 1000.0, "defetaxassetdecr": null, "inicashbala": 527590525.61, "invcashinfl": 3865628297.05, "paydivicash": null, "netcashscheitse": null, "defeincoincr": null, "disptradnetincr": null, "mananetr": 806185413.58, "debtintocapi": null, "defetaxliabincr": null, "adjustdate": "20161026", "enddate": "20160930", "assedepr": null, "biznetscheitse": null, "biznetform": null, "equfinalbala": null, "finoutfitse": null, "cashfinalbala": 1111611630.93, "fixedassetnetc": 267761.33, "cashfinalitse": null, "payintecash": null, "unfiparachg": null, "loansnetr": null, "incrcashpled": null, "biznetcflow": null, "asseimpa": null, "reducashpled": null, "invinffrom": null, "netprofit": null, "minysharrigh": null, "equopenbala": null, "inveloss": null, "valuechgloss": null, "receinvcash": null, "bizoutfform": null, "biznetscheform": null, "finexpe": null, "intaasseamor": null, "taxrefd": 46867592.53, "biznetitse": null, "finnetitse": null, "invinflitse": null, "subsnetc": null, "unseparachg": null, "finoutfform": null, "recefromloan": 90729412.38, "netinvitse": null, "estidebts": null, "payaincr": null, "fdsborrnetr": null, "realestadep": null, "reporttype": "100111", "dispfixedassetloss": null, "fininflitse": null, "finalcashbala": 1111611630.93, "cashfinalform": null, "invoutfitse": null, "netcashitse": null, "payinvecash": 204068.39, "fixedassescraloss": null, "savinetr": null, "subsrececash": null, "accstacode": "2", "fincashoutf": 421203703.08, "charintecash": null, "finfixedasset": null, "labopayc": 2493152541.17, "expiconvbd": null, "paycompgold": null, "inveretugetcash": 12116154.38, "compcode": "80166381", "prepexpedecr": null, "repnetincr": null, "issbdrececash": null, "loannetr": null, "withinvgetcash": 3853244381.34, "invpayc": 3512258860.08, "debtpaycash": 90913080.38, "fincashinfl": 90730412.38, "cashopenbala": 527590525.61, "netcashscheform": null, "begindate": "20160101", "bizoutfitse": null, "bizinflitse": null, "insnetc": null, "bankloannetincr": null, "receredu": null, "publishdate": "20161026", "other": null, "deponetr": null, "paytax": 205749972.48, "bizinflform": null, "tradepaymnetr": null, "cashneti": 584021105.32, "accstaname": "\u65b0\u4f1a\u8ba1\u51c6\u5219", "cashnetr": 584021105.32, "invnetcashflow": 107752565.74, "netinvform": null, "finnetform": null, "payacticash": 849155300.57, "fininflform": null, "invoutfform": null}, {"laborgetcash": 2321106261.45, "inveredu": 105044252.63, "unreinveloss": null, "bizcashinfl": 2461372414.18, "diviprofpaycash": 110193772.45, "invcashoutf": 2721857375.32, "accrexpeincr": null, "subspaynetcash": null, "finrelacash": null, "payworkcash": 249730984.3, "subspaydivid": null, "chgexchgchgs": 2240322.66, "finnetcflow": -80150375.04, "receotherbizcash": 115742660.6, "longdefeexpenamor": 23258216.44, "acquassetcash": 130994461.56, "recefincash": null, "inspremcash": null, "netcashform": null, "bizcashoutf": 1827604304.04, "fininstnetr": null, "invrececash": 1000.0, "defetaxassetdecr": -2141952.73, "inicashbala": 527590525.61, "invcashinfl": 2757107628.92, "paydivicash": null, "netcashscheitse": null, "defeincoincr": null, "disptradnetincr": null, "mananetr": 633768110.14, "debtintocapi": null, "defetaxliabincr": null, "adjustdate": "20160823", "enddate": "20160630", "assedepr": 48553179.44, "biznetscheitse": null, "biznetform": null, "equfinalbala": null, "finoutfitse": null, "cashfinalbala": 1118698836.97, "fixedassetnetc": 247000.0, "cashfinalitse": null, "payintecash": null, "unfiparachg": null, "loansnetr": null, "incrcashpled": null, "biznetcflow": 633768110.14, "asseimpa": 9476729.14, "reducashpled": null, "invinffrom": null, "netprofit": 229961868.0, "minysharrigh": null, "equopenbala": null, "inveloss": -12986115.46, "valuechgloss": 6701005.61, "receinvcash": null, "bizoutfform": null, "biznetscheform": null, "finexpe": -3134136.46, "intaasseamor": 4044450.57, "taxrefd": 24523492.13, "biznetitse": null, "finnetitse": null, "invinflitse": null, "subsnetc": null, "unseparachg": null, "finoutfform": null, "recefromloan": 60143728.35, "netinvitse": null, "estidebts": null, "payaincr": 165910435.61, "fdsborrnetr": null, "realestadep": null, "reporttype": "100111", "dispfixedassetloss": 675636.02, "fininflitse": null, "finalcashbala": 1118698836.97, "cashfinalform": null, "invoutfitse": null, "netcashitse": null, "payinvecash": null, "fixedassescraloss": null, "savinetr": null, "subsrececash": 1000.0, "accstacode": "2", "fincashoutf": 140295103.39, "charintecash": null, "finfixedasset": null, "labopayc": 1027625187.74, "expiconvbd": null, "paycompgold": null, "inveretugetcash": 9098568.42, "compcode": "80166381", "prepexpedecr": null, "repnetincr": null, "issbdrececash": null, "loannetr": null, "withinvgetcash": 2747762060.5, "invpayc": 2590862913.76, "debtpaycash": 30101330.94, "fincashinfl": 60144728.35, "cashopenbala": 527590525.61, "netcashscheform": null, "begindate": "20160101", "bizoutfitse": null, "bizinflitse": null, "insnetc": null, "bankloannetincr": null, "receredu": 58404541.33, "publishdate": "20160823", "other": null, "deponetr": null, "paytax": 136591002.43, "bizinflform": null, "tradepaymnetr": null, "cashneti": 591108311.36, "accstaname": "\u65b0\u4f1a\u8ba1\u51c6\u5219", "cashnetr": 591108311.36, "invnetcashflow": 35250253.6, "netinvform": null, "finnetform": null, "payacticash": 413657129.57, "fininflform": null, "invoutfform": null}, {"laborgetcash": 1175785408.2, "inveredu": null, "unreinveloss": null, "bizcashinfl": 1208648461.49, "diviprofpaycash": 96356.79, "invcashoutf": 599022545.34, "accrexpeincr": null, "subspaynetcash": null, "finrelacash": null, "payworkcash": 133428725.41, "subspaydivid": null, "chgexchgchgs": 20111.73, "finnetcflow": -95356.79, "receotherbizcash": 16113346.28, "longdefeexpenamor": null, "acquassetcash": 64273312.15, "recefincash": null, "inspremcash": null, "netcashform": null, "bizcashoutf": 855784316.64, "fininstnetr": null, "invrececash": 1000.0, "defetaxassetdecr": null, "inicashbala": 527590525.61, "invcashinfl": 527867629.0, "paydivicash": null, "netcashscheitse": null, "defeincoincr": null, "disptradnetincr": null, "mananetr": 352864144.85, "debtintocapi": null, "defetaxliabincr": null, "adjustdate": "20160426", "enddate": "20160331", "assedepr": null, "biznetscheitse": null, "biznetform": null, "equfinalbala": null, "finoutfitse": null, "cashfinalbala": 809224509.06, "fixedassetnetc": 58000.0, "cashfinalitse": null, "payintecash": null, "unfiparachg": null, "loansnetr": null, "incrcashpled": null, "biznetcflow": null, "asseimpa": null, "reducashpled": null, "invinffrom": null, "netprofit": null, "minysharrigh": null, "equopenbala": null, "inveloss": null, "valuechgloss": null, "receinvcash": null, "bizoutfform": null, "biznetscheform": null, "finexpe": null, "intaasseamor": null, "taxrefd": 16749707.01, "biznetitse": null, "finnetitse": null, "invinflitse": null, "subsnetc": null, "unseparachg": null, "finoutfform": null, "recefromloan": null, "netinvitse": null, "estidebts": null, "payaincr": null, "fdsborrnetr": null, "realestadep": null, "reporttype": "100111", "dispfixedassetloss": null, "fininflitse": null, "finalcashbala": 809224509.06, "cashfinalform": null, "invoutfitse": null, "netcashitse": null, "payinvecash": 131262.21, "fixedassescraloss": null, "savinetr": null, "subsrececash": null, "accstacode": "2", "fincashoutf": 96356.79, "charintecash": null, "finfixedasset": null, "labopayc": 521453890.15, "expiconvbd": null, "paycompgold": null, "inveretugetcash": 1872713.72, "compcode": "80166381", "prepexpedecr": null, "repnetincr": null, "issbdrececash": null, "loannetr": null, "withinvgetcash": 525936915.28, "invpayc": 534617970.98, "debtpaycash": null, "fincashinfl": 1000.0, "cashopenbala": 527590525.61, "netcashscheform": null, "begindate": "20160101", "bizoutfitse": null, "bizinflitse": null, "insnetc": null, "bankloannetincr": null, "receredu": null, "publishdate": "20160426", "other": null, "deponetr": null, "paytax": 45684890.29, "bizinflform": null, "tradepaymnetr": null, "cashneti": 281633983.45, "accstaname": "\u65b0\u4f1a\u8ba1\u51c6\u5219", "cashnetr": 281633983.45, "invnetcashflow": -71154916.34, "netinvform": null, "finnetform": null, "payacticash": 155216810.79, "fininflform": null, "invoutfform": null}, {"laborgetcash": 3628092251.24, "inveredu": 4963102.36, "unreinveloss": null, "bizcashinfl": 3830636981.75, "diviprofpaycash": 79374051.0, "invcashoutf": 1257808370.23, "accrexpeincr": null, "subspaynetcash": null, "finrelacash": 0.0, "payworkcash": 337586293.35, "subspaydivid": 0.0, "chgexchgchgs": 7491621.22, "finnetcflow": -70923702.6, "receotherbizcash": 143391090.38, "longdefeexpenamor": 105227145.37, "acquassetcash": 218089327.34, "recefincash": null, "inspremcash": null, "netcashform": null, "bizcashoutf": 3151974264.26, "fininstnetr": null, "invrececash": 659000.0, "defetaxassetdecr": 4383137.4, "inicashbala": 483108923.68, "invcashinfl": 687059336.05, "paydivicash": null, "netcashscheitse": null, "defeincoincr": null, "disptradnetincr": null, "mananetr": 678662717.49, "debtintocapi": null, "defetaxliabincr": null, "adjustdate": "20160331", "enddate": "20151231", "assedepr": 88533321.36, "biznetscheitse": null, "biznetform": null, "equfinalbala": 0.0, "finoutfitse": null, "cashfinalbala": 527590525.61, "fixedassetnetc": 30626.0, "cashfinalitse": null, "payintecash": null, "unfiparachg": null, "loansnetr": null, "incrcashpled": null, "biznetcflow": 678662717.49, "asseimpa": 7353595.39, "reducashpled": null, "invinffrom": null, "netprofit": 319028975.36, "minysharrigh": null, "equopenbala": 0.0, "inveloss": -23241875.84, "valuechgloss": 433747.29, "receinvcash": null, "bizoutfform": null, "biznetscheform": null, "finexpe": -7411789.72, "intaasseamor": 7983336.06, "taxrefd": 59153640.13, "biznetitse": null, "finnetitse": null, "invinflitse": null, "subsnetc": null, "unseparachg": null, "finoutfform": null, "recefromloan": 17807748.4, "netinvitse": null, "estidebts": null, "payaincr": 230789819.5, "fdsborrnetr": null, "realestadep": null, "reporttype": "100111", "dispfixedassetloss": 786614.43, "fininflitse": null, "finalcashbala": 527590525.61, "cashfinalform": null, "invoutfitse": null, "netcashitse": null, "payinvecash": null, "fixedassescraloss": null, "savinetr": null, "subsrececash": 659000.0, "accstacode": "2", "fincashoutf": 89390451.0, "charintecash": null, "finfixedasset": null, "labopayc": 1805042984.13, "expiconvbd": null, "paycompgold": null, "inveretugetcash": 13562449.57, "compcode": "80166381", "prepexpedecr": null, "repnetincr": null, "issbdrececash": null, "loannetr": null, "withinvgetcash": 673466260.48, "invpayc": 1039719042.89, "debtpaycash": 10016400.0, "fincashinfl": 18466748.4, "cashopenbala": 483108923.68, "netcashscheform": null, "begindate": "20150101", "bizoutfitse": null, "bizinflitse": null, "insnetc": null, "bankloannetincr": null, "receredu": -60166411.47, "publishdate": "20160331", "other": null, "deponetr": null, "paytax": 250737466.09, "bizinflform": null, "tradepaymnetr": null, "cashneti": 44481601.93, "accstaname": "\u65b0\u4f1a\u8ba1\u51c6\u5219", "cashnetr": 44481601.93, "invnetcashflow": -570749034.18, "netinvform": null, "finnetform": null, "payacticash": 758607520.69, "fininflform": null, "invoutfform": null}, {"laborgetcash": 2720469955.7, "inveredu": null, "unreinveloss": null, "bizcashinfl": 2887015986.56, "diviprofpaycash": 79200000.0, "invcashoutf": 381281703.07, "accrexpeincr": null, "subspaynetcash": null, "finrelacash": null, "payworkcash": 323347002.41, "subspaydivid": null, "chgexchgchgs": 4821777.53, "finnetcflow": -61392251.6, "receotherbizcash": 124432241.04, "longdefeexpenamor": null, "acquassetcash": 156618407.07, "recefincash": null, "inspremcash": null, "netcashform": null, "bizcashoutf": 2228423075.99, "fininstnetr": null, "invrececash": null, "defetaxassetdecr": null, "inicashbala": 483108923.68, "invcashinfl": 11945906.0, "paydivicash": null, "netcashscheitse": null, "defeincoincr": null, "disptradnetincr": null, "mananetr": 658592910.57, "debtintocapi": null, "defetaxliabincr": null, "adjustdate": "20151029", "enddate": "20150930", "assedepr": null, "biznetscheitse": null, "biznetform": null, "equfinalbala": null, "finoutfitse": null, "cashfinalbala": 715795563.11, "fixedassetnetc": 64786.0, "cashfinalitse": null, "payintecash": null, "unfiparachg": null, "loansnetr": null, "incrcashpled": null, "biznetcflow": null, "asseimpa": null, "reducashpled": null, "invinffrom": null, "netprofit": null, "minysharrigh": null, "equopenbala": null, "inveloss": null, "valuechgloss": null, "receinvcash": null, "bizoutfform": null, "biznetscheform": null, "finexpe": null, "intaasseamor": null, "taxrefd": 42113789.82, "biznetitse": null, "finnetitse": null, "invinflitse": null, "subsnetc": null, "unseparachg": null, "finoutfform": null, "recefromloan": 17807748.4, "netinvitse": null, "estidebts": null, "payaincr": null, "fdsborrnetr": null, "realestadep": null, "reporttype": "100111", "dispfixedassetloss": null, "fininflitse": null, "finalcashbala": 715795563.11, "cashfinalform": null, "invoutfitse": null, "netcashitse": null, "payinvecash": null, "fixedassescraloss": null, "savinetr": null, "subsrececash": null, "accstacode": "2", "fincashoutf": 79200000.0, "charintecash": null, "finfixedasset": null, "labopayc": 1306702159.39, "expiconvbd": null, "paycompgold": null, "inveretugetcash": 11881120.0, "compcode": "80166381", "prepexpedecr": null, "repnetincr": null, "issbdrececash": null, "loannetr": null, "withinvgetcash": null, "invpayc": 224663296.0, "debtpaycash": null, "fincashinfl": 17807748.4, "cashopenbala": 483108923.68, "netcashscheform": null, "begindate": "20150101", "bizoutfitse": null, "bizinflitse": null, "insnetc": null, "bankloannetincr": null, "receredu": null, "publishdate": "20151029", "other": null, "deponetr": null, "paytax": 180970867.18, "bizinflform": null, "tradepaymnetr": null, "cashneti": 232686639.43, "accstaname": "\u65b0\u4f1a\u8ba1\u51c6\u5219", "cashnetr": 232686639.43, "invnetcashflow": -369335797.07, "netinvform": null, "finnetform": null, "payacticash": 417403047.01, "fininflform": null, "invoutfform": null}, {"laborgetcash": 1886967160.67, "inveredu": 227368578.57, "unreinveloss": null, "bizcashinfl": 1994256862.47, "diviprofpaycash": 77744700.0, "invcashoutf": 290538756.95, "accrexpeincr": null, "subspaynetcash": null, "finrelacash": null, "payworkcash": 217065745.08, "subspaydivid": 28726189.61, "chgexchgchgs": 2499227.14, "finnetcflow": -77744700.0, "receotherbizcash": 84570314.58, "longdefeexpenamor": 37034808.87, "acquassetcash": 90538756.95, "recefincash": null, "inspremcash": null, "netcashform": null, "bizcashoutf": 1440287225.44, "fininstnetr": null, "invrececash": null, "defetaxassetdecr": 1094488.55, "inicashbala": 483108923.68, "invcashinfl": 11905406.0, "paydivicash": null, "netcashscheitse": null, "defeincoincr": null, "disptradnetincr": null, "mananetr": 553969637.03, "debtintocapi": null, "defetaxliabincr": null, "adjustdate": "20150828", "enddate": "20150630", "assedepr": 43342205.76, "biznetscheitse": null, "biznetform": null, "equfinalbala": null, "finoutfitse": null, "cashfinalbala": 683199736.9, "fixedassetnetc": 24286.0, "cashfinalitse": null, "payintecash": null, "unfiparachg": null, "loansnetr": null, "incrcashpled": null, "biznetcflow": 553969637.03, "asseimpa": -482570.59, "reducashpled": null, "invinffrom": null, "netprofit": 200871779.77, "minysharrigh": null, "equopenbala": null, "inveloss": -9642784.22, "valuechgloss": null, "receinvcash": null, "bizoutfform": null, "biznetscheform": null, "finexpe": -8004621.01, "intaasseamor": 3733892.43, "taxrefd": 22719387.22, "biznetitse": null, "finnetitse": null, "invinflitse": null, "subsnetc": null, "unseparachg": null, "finoutfform": null, "recefromloan": null, "netinvitse": null, "estidebts": null, "payaincr": -24221477.96, "fdsborrnetr": null, "realestadep": null, "reporttype": "100111", "dispfixedassetloss": -595565.37, "fininflitse": null, "finalcashbala": 683199736.9, "cashfinalform": null, "invoutfitse": null, "netcashitse": null, "payinvecash": null, "fixedassescraloss": null, "savinetr": null, "subsrececash": null, "accstacode": "2", "fincashoutf": 77744700.0, "charintecash": null, "finfixedasset": null, "labopayc": 878169114.03, "expiconvbd": null, "paycompgold": null, "inveretugetcash": 11881120.0, "compcode": "80166381", "prepexpedecr": null, "repnetincr": null, "issbdrececash": null, "loannetr": null, "withinvgetcash": null, "invpayc": 200000000.0, "debtpaycash": null, "fincashinfl": 0.0, "cashopenbala": 483108923.68, "netcashscheform": null, "begindate": "20150101", "bizoutfitse": null, "bizinflitse": null, "insnetc": null, "bankloannetincr": null, "receredu": 83470902.23, "publishdate": "20150828", "other": null, "deponetr": null, "paytax": 104591706.98, "bizinflform": null, "tradepaymnetr": null, "cashneti": 200090813.22, "accstaname": "\u65b0\u4f1a\u8ba1\u51c6\u5219", "cashnetr": 200090813.22, "invnetcashflow": -278633350.95, "netinvform": null, "finnetform": null, "payacticash": 240460659.35, "fininflform": null, "invoutfform": null}, {"laborgetcash": 885273437.62, "inveredu": null, "unreinveloss": null, "bizcashinfl": 933256223.71, "diviprofpaycash": null, "invcashoutf": 54377928.1, "accrexpeincr": null, "subspaynetcash": null, "finrelacash": null, "payworkcash": 119304110.98, "subspaydivid": null, "chgexchgchgs": 1439369.61, "finnetcflow": 0.0, "receotherbizcash": 32077018.0, "longdefeexpenamor": null, "acquassetcash": 54377928.1, "recefincash": null, "inspremcash": null, "netcashform": null, "bizcashoutf": 732991707.17, "fininstnetr": null, "invrececash": null, "defetaxassetdecr": null, "inicashbala": 483108923.68, "invcashinfl": 1874236.0, "paydivicash": null, "netcashscheitse": null, "defeincoincr": null, "disptradnetincr": null, "mananetr": 200264516.54, "debtintocapi": null, "defetaxliabincr": null, "adjustdate": "20150424", "enddate": "20150331", "assedepr": null, "biznetscheitse": null, "biznetform": null, "equfinalbala": null, "finoutfitse": null, "cashfinalbala": 632309117.73, "fixedassetnetc": 2236.0, "cashfinalitse": null, "payintecash": null, "unfiparachg": null, "loansnetr": null, "incrcashpled": null, "biznetcflow": null, "asseimpa": null, "reducashpled": null, "invinffrom": null, "netprofit": null, "minysharrigh": null, "equopenbala": null, "inveloss": null, "valuechgloss": null, "receinvcash": null, "bizoutfform": null, "biznetscheform": null, "finexpe": null, "intaasseamor": null, "taxrefd": 15905768.09, "biznetitse": null, "finnetitse": null, "invinflitse": null, "subsnetc": null, "unseparachg": null, "finoutfform": null, "recefromloan": null, "netinvitse": null, "estidebts": null, "payaincr": null, "fdsborrnetr": null, "realestadep": null, "reporttype": "100111", "dispfixedassetloss": null, "fininflitse": null, "finalcashbala": 632309117.73, "cashfinalform": null, "invoutfitse": null, "netcashitse": null, "payinvecash": null, "fixedassescraloss": null, "savinetr": null, "subsrececash": null, "accstacode": "2", "fincashoutf": 0.0, "charintecash": null, "finfixedasset": null, "labopayc": 442079762.5, "expiconvbd": null, "paycompgold": null, "inveretugetcash": 1872000.0, "compcode": "80166381", "prepexpedecr": null, "repnetincr": null, "issbdrececash": null, "loannetr": null, "withinvgetcash": null, "invpayc": null, "debtpaycash": null, "fincashinfl": 0.0, "cashopenbala": 483108923.68, "netcashscheform": null, "begindate": "20150101", "bizoutfitse": null, "bizinflitse": null, "insnetc": null, "bankloannetincr": null, "receredu": null, "publishdate": "20150424", "other": null, "deponetr": null, "paytax": 46326821.19, "bizinflform": null, "tradepaymnetr": null, "cashneti": 149200194.05, "accstaname": "\u65b0\u4f1a\u8ba1\u51c6\u5219", "cashnetr": 149200194.05, "invnetcashflow": -52503692.1, "netinvform": null, "finnetform": null, "payacticash": 125281012.5, "fininflform": null, "invoutfform": null}, {"laborgetcash": 3285307364.42, "inveredu": -103118190.01, "unreinveloss": null, "bizcashinfl": 3494547139.83, "diviprofpaycash": 198726189.61, "invcashoutf": 226444262.17, "accrexpeincr": null, "subspaynetcash": null, "finrelacash": 22410360.0, "payworkcash": 301949677.31, "subspaydivid": 28726189.61, "chgexchgchgs": 1352024.37, "finnetcflow": -221136549.61, "receotherbizcash": 172946053.97, "longdefeexpenamor": 83833003.58, "acquassetcash": 196960262.17, "recefincash": 0.0, "inspremcash": null, "netcashform": null, "bizcashoutf": 3287298041.46, "fininstnetr": null, "invrececash": null, "defetaxassetdecr": -5309846.16, "inicashbala": 717567040.72, "invcashinfl": 4521572.0, "paydivicash": null, "netcashscheitse": null, "defeincoincr": null, "disptradnetincr": null, "mananetr": 207249098.37, "debtintocapi": null, "defetaxliabincr": null, "adjustdate": "20150424", "enddate": "20141231", "assedepr": 77651632.39, "biznetscheitse": null, "biznetform": null, "equfinalbala": null, "finoutfitse": null, "cashfinalbala": 483108923.68, "fixedassetnetc": 385572.0, "cashfinalitse": null, "payintecash": null, "unfiparachg": null, "loansnetr": null, "incrcashpled": null, "biznetcflow": 207249098.37, "asseimpa": 7620592.01, "reducashpled": null, "invinffrom": null, "netprofit": 266886355.22, "minysharrigh": null, "equopenbala": null, "inveloss": -21987072.06, "valuechgloss": null, "receinvcash": null, "bizoutfform": null, "biznetscheform": null, "finexpe": -1352024.37, "intaasseamor": 6878897.93, "taxrefd": 36293721.44, "biznetitse": null, "finnetitse": null, "invinflitse": null, "subsnetc": null, "unseparachg": null, "finoutfform": null, "recefromloan": 0.0, "netinvitse": null, "estidebts": null, "payaincr": 50357961.74, "fdsborrnetr": null, "realestadep": null, "reporttype": "100111", "dispfixedassetloss": 47115.38, "fininflitse": null, "finalcashbala": 483108923.68, "cashfinalform": null, "invoutfitse": null, "netcashitse": null, "payinvecash": null, "fixedassescraloss": null, "savinetr": null, "subsrececash": null, "accstacode": "2", "fincashoutf": 221136549.61, "charintecash": null, "finfixedasset": null, "labopayc": 1929055146.21, "expiconvbd": null, "paycompgold": null, "inveretugetcash": 4136000.0, "compcode": "80166381", "prepexpedecr": null, "repnetincr": null, "issbdrececash": null, "loannetr": 0.0, "withinvgetcash": 0.0, "invpayc": 29484000.0, "debtpaycash": 0.0, "fincashinfl": 0.0, "cashopenbala": 717567040.72, "netcashscheform": null, "begindate": "20140101", "bizoutfitse": null, "bizinflitse": null, "insnetc": null, "bankloannetincr": null, "receredu": -154259327.28, "publishdate": "20150424", "other": null, "deponetr": null, "paytax": 235137082.07, "bizinflform": null, "tradepaymnetr": null, "cashneti": -234458117.04, "accstaname": "\u65b0\u4f1a\u8ba1\u51c6\u5219", "cashnetr": -234458117.04, "invnetcashflow": -221922690.17, "netinvform": null, "finnetform": null, "payacticash": 821156135.87, "fininflform": null, "invoutfform": null}, {"laborgetcash": 2534828192.81, "inveredu": null, "unreinveloss": null, "bizcashinfl": 2727430077.27, "diviprofpaycash": 89150501.35, "invcashoutf": 184065161.86, "accrexpeincr": null, "subspaynetcash": null, "finrelacash": 84688.49, "payworkcash": 314401388.37, "subspaydivid": null, "chgexchgchgs": 1387723.69, "finnetcflow": -84488272.92, "receotherbizcash": 162719652.46, "longdefeexpenamor": null, "acquassetcash": 161654801.86, "recefincash": 4746916.92, "inspremcash": null, "netcashform": null, "bizcashoutf": 2395527643.86, "fininstnetr": null, "invrececash": null, "defetaxassetdecr": null, "inicashbala": 717567040.72, "invcashinfl": 4522129.87, "paydivicash": null, "netcashscheitse": null, "defeincoincr": null, "disptradnetincr": null, "mananetr": 331902433.41, "debtintocapi": null, "defetaxliabincr": null, "adjustdate": "20141023", "enddate": "20140930", "assedepr": null, "biznetscheitse": null, "biznetform": null, "equfinalbala": null, "finoutfitse": null, "cashfinalbala": 786825892.91, "fixedassetnetc": 386129.87, "cashfinalitse": null, "payintecash": null, "unfiparachg": null, "loansnetr": null, "incrcashpled": null, "biznetcflow": null, "asseimpa": null, "reducashpled": null, "invinffrom": null, "netprofit": null, "minysharrigh": null, "equopenbala": null, "inveloss": null, "valuechgloss": null, "receinvcash": null, "bizoutfform": null, "biznetscheform": null, "finexpe": null, "intaasseamor": null, "taxrefd": 29882232.0, "biznetitse": null, "finnetitse": null, "invinflitse": null, "subsnetc": null, "unseparachg": null, "finoutfform": null, "recefromloan": null, "netinvitse": null, "estidebts": null, "payaincr": null, "fdsborrnetr": null, "realestadep": null, "reporttype": "100111", "dispfixedassetloss": null, "fininflitse": null, "finalcashbala": 786825892.91, "cashfinalform": null, "invoutfitse": null, "netcashitse": null, "payinvecash": null, "fixedassescraloss": null, "savinetr": null, "subsrececash": null, "accstacode": "2", "fincashoutf": 89235189.84, "charintecash": null, "finfixedasset": null, "labopayc": 1422340635.49, "expiconvbd": null, "paycompgold": null, "inveretugetcash": 4136000.0, "compcode": "80166381", "prepexpedecr": null, "repnetincr": null, "issbdrececash": null, "loannetr": null, "withinvgetcash": null, "invpayc": 22410360.0, "debtpaycash": null, "fincashinfl": 4746916.92, "cashopenbala": 717567040.72, "netcashscheform": null, "begindate": "20140101", "bizoutfitse": null, "bizinflitse": null, "insnetc": null, "bankloannetincr": null, "receredu": null, "publishdate": "20141023", "other": null, "deponetr": null, "paytax": 189263814.66, "bizinflform": null, "tradepaymnetr": null, "cashneti": 69258852.19, "accstaname": "\u65b0\u4f1a\u8ba1\u51c6\u5219", "cashnetr": 69258852.19, "invnetcashflow": -179543031.99, "netinvform": null, "finnetform": null, "payacticash": 469521805.34, "fininflform": null, "invoutfform": null}, {"laborgetcash": 1724360352.1, "inveredu": 68562380.91, "unreinveloss": null, "bizcashinfl": 1825723886.91, "diviprofpaycash": 89150501.35, "invcashoutf": 65713504.73, "accrexpeincr": null, "subspaynetcash": null, "finrelacash": null, "payworkcash": 220964142.61, "subspaydivid": 29150501.35, "chgexchgchgs": 2095390.71, "finnetcflow": -87601922.87, "receotherbizcash": 81318511.68, "longdefeexpenamor": 42077186.97, "acquassetcash": 65713504.73, "recefincash": 1548578.48, "inspremcash": null, "netcashform": null, "bizcashoutf": 1537714661.6, "fininstnetr": null, "invrececash": null, "defetaxassetdecr": -1590819.71, "inicashbala": 717567040.72, "invcashinfl": 4348969.87, "paydivicash": null, "netcashscheitse": null, "defeincoincr": null, "disptradnetincr": null, "mananetr": 288009225.31, "debtintocapi": null, "defetaxliabincr": null, "adjustdate": "20140822", "enddate": "20140630", "assedepr": 38521737.24, "biznetscheitse": null, "biznetform": null, "equfinalbala": null, "finoutfitse": null, "cashfinalbala": 858705199.01, "fixedassetnetc": 212969.87, "cashfinalitse": null, "payintecash": null, "unfiparachg": null, "loansnetr": null, "incrcashpled": null, "biznetcflow": 288009225.31, "asseimpa": 5408319.78, "reducashpled": null, "invinffrom": null, "netprofit": 168637059.91, "minysharrigh": null, "equopenbala": null, "inveloss": -8608715.17, "valuechgloss": null, "receinvcash": null, "bizoutfform": null, "biznetscheform": null, "finexpe": -2282412.52, "intaasseamor": 3265689.53, "taxrefd": 20045023.13, "biznetitse": null, "finnetitse": null, "invinflitse": null, "subsnetc": null, "unseparachg": null, "finoutfform": null, "recefromloan": null, "netinvitse": null, "estidebts": null, "payaincr": 119009093.68, "fdsborrnetr": null, "realestadep": null, "reporttype": "100111", "dispfixedassetloss": -31027.16, "fininflitse": null, "finalcashbala": 858705199.01, "cashfinalform": null, "invoutfitse": null, "netcashitse": null, "payinvecash": null, "fixedassescraloss": null, "savinetr": null, "subsrececash": null, "accstacode": "2", "fincashoutf": 89150501.35, "charintecash": null, "finfixedasset": null, "labopayc": 935962391.33, "expiconvbd": null, "paycompgold": null, "inveretugetcash": 4136000.0, "compcode": "80166381", "prepexpedecr": null, "repnetincr": null, "issbdrececash": null, "loannetr": null, "withinvgetcash": null, "invpayc": null, "debtpaycash": null, "fincashinfl": 1548578.48, "cashopenbala": 717567040.72, "netcashscheform": null, "begindate": "20140101", "bizoutfitse": null, "bizinflitse": null, "insnetc": null, "bankloannetincr": null, "receredu": -144959268.15, "publishdate": "20140822", "other": null, "deponetr": null, "paytax": 122042953.74, "bizinflform": null, "tradepaymnetr": null, "cashneti": 141138158.29, "accstaname": "\u65b0\u4f1a\u8ba1\u51c6\u5219", "cashnetr": 141138158.29, "invnetcashflow": -61364534.86, "netinvform": null, "finnetform": null, "payacticash": 258745173.92, "fininflform": null, "invoutfform": null}, {"laborgetcash": 828561625.36, "inveredu": null, "unreinveloss": null, "bizcashinfl": 857680405.34, "diviprofpaycash": null, "invcashoutf": 43086397.86, "accrexpeincr": null, "subspaynetcash": null, "finrelacash": 1602.5, "payworkcash": 114994658.07, "subspaydivid": null, "chgexchgchgs": 122553.38, "finnetcflow": 934055.16, "receotherbizcash": 16638828.98, "longdefeexpenamor": null, "acquassetcash": 43086397.86, "recefincash": 935657.66, "inspremcash": null, "netcashform": null, "bizcashoutf": 704875852.14, "fininstnetr": null, "invrececash": null, "defetaxassetdecr": null, "inicashbala": 717567040.72, "invcashinfl": 0.0, "paydivicash": null, "netcashscheitse": null, "defeincoincr": null, "disptradnetincr": null, "mananetr": 152804553.2, "debtintocapi": null, "defetaxliabincr": null, "adjustdate": "20140424", "enddate": "20140331", "assedepr": null, "biznetscheitse": null, "biznetform": null, "equfinalbala": null, "finoutfitse": null, "cashfinalbala": 828341804.6, "fixedassetnetc": null, "cashfinalitse": null, "payintecash": null, "unfiparachg": null, "loansnetr": null, "incrcashpled": null, "biznetcflow": null, "asseimpa": null, "reducashpled": null, "invinffrom": null, "netprofit": null, "minysharrigh": null, "equopenbala": null, "inveloss": null, "valuechgloss": null, "receinvcash": null, "bizoutfform": null, "biznetscheform": null, "finexpe": null, "intaasseamor": null, "taxrefd": 12479951.0, "biznetitse": null, "finnetitse": null, "invinflitse": null, "subsnetc": null, "unseparachg": null, "finoutfform": null, "recefromloan": null, "netinvitse": null, "estidebts": null, "payaincr": null, "fdsborrnetr": null, "realestadep": null, "reporttype": "100111", "dispfixedassetloss": null, "fininflitse": null, "finalcashbala": 828341804.6, "cashfinalform": null, "invoutfitse": null, "netcashitse": null, "payinvecash": null, "fixedassescraloss": null, "savinetr": null, "subsrececash": null, "accstacode": "2", "fincashoutf": 1602.5, "charintecash": null, "finfixedasset": null, "labopayc": 449225271.85, "expiconvbd": null, "paycompgold": null, "inveretugetcash": null, "compcode": "80166381", "prepexpedecr": null, "repnetincr": null, "issbdrececash": null, "loannetr": null, "withinvgetcash": null, "invpayc": null, "debtpaycash": null, "fincashinfl": 935657.66, "cashopenbala": 717567040.72, "netcashscheform": null, "begindate": "20140101", "bizoutfitse": null, "bizinflitse": null, "insnetc": null, "bankloannetincr": null, "receredu": null, "publishdate": "20140424", "other": null, "deponetr": null, "paytax": 52022429.62, "bizinflform": null, "tradepaymnetr": null, "cashneti": 110774763.88, "accstaname": "\u65b0\u4f1a\u8ba1\u51c6\u5219", "cashnetr": 110774763.88, "invnetcashflow": -43086397.86, "netinvform": null, "finnetform": null, "payacticash": 88633492.6, "fininflform": null, "invoutfform": null}, {"laborgetcash": 2897360256.82, "inveredu": -172360565.1, "unreinveloss": null, "bizcashinfl": 3057490317.51, "diviprofpaycash": 60231969.03, "invcashoutf": 446025917.03, "accrexpeincr": null, "subspaynetcash": 100768000.0, "finrelacash": null, "payworkcash": 382206067.12, "subspaydivid": null, "chgexchgchgs": -9816167.23, "finnetcflow": -54365641.54, "receotherbizcash": 105243110.27, "longdefeexpenamor": 78708711.32, "acquassetcash": 225757917.03, "recefincash": 6084487.86, "inspremcash": null, "netcashform": null, "bizcashoutf": 2738795296.61, "fininstnetr": null, "invrececash": null, "defetaxassetdecr": 81434.16, "inicashbala": 786761121.39, "invcashinfl": 122318624.23, "paydivicash": null, "netcashscheitse": null, "defeincoincr": null, "disptradnetincr": null, "mananetr": 318695020.9, "debtintocapi": null, "defetaxliabincr": null, "adjustdate": "20140424", "enddate": "20131231", "assedepr": 64712031.46, "biznetscheitse": null, "biznetform": null, "equfinalbala": null, "finoutfitse": null, "cashfinalbala": 717567040.72, "fixedassetnetc": 205845.35, "cashfinalitse": null, "payintecash": null, "unfiparachg": null, "loansnetr": null, "incrcashpled": null, "biznetcflow": 318695020.9, "asseimpa": 4521317.97, "reducashpled": null, "invinffrom": null, "netprofit": 248153477.33, "minysharrigh": null, "equopenbala": null, "inveloss": -18296423.55, "valuechgloss": null, "receinvcash": null, "bizoutfform": null, "biznetscheform": null, "finexpe": 3896683.15, "intaasseamor": 5958747.9, "taxrefd": 54886950.42, "biznetitse": null, "finnetitse": null, "invinflitse": null, "subsnetc": null, "unseparachg": null, "finoutfform": null, "recefromloan": 30625140.0, "netinvitse": null, "estidebts": null, "payaincr": 212075434.39, "fdsborrnetr": null, "realestadep": null, "reporttype": "100111", "dispfixedassetloss": 229372.18, "fininflitse": null, "finalcashbala": 717567040.72, "cashfinalform": null, "invoutfitse": null, "netcashitse": null, "payinvecash": null, "fixedassescraloss": null, "savinetr": null, "subsrececash": null, "accstacode": "2", "fincashoutf": 91075269.4, "charintecash": null, "finfixedasset": null, "labopayc": 1695184704.11, "expiconvbd": null, "paycompgold": null, "inveretugetcash": 2612778.88, "compcode": "80166381", "prepexpedecr": null, "repnetincr": null, "issbdrececash": null, "loannetr": null, "withinvgetcash": 119500000.0, "invpayc": 119500000.0, "debtpaycash": 30843300.37, "fincashinfl": 36709627.86, "cashopenbala": 786761121.39, "netcashscheform": null, "begindate": "20130101", "bizoutfitse": null, "bizinflitse": null, "insnetc": null, "bankloannetincr": null, "receredu": -108985200.31, "publishdate": "20140424", "other": null, "deponetr": null, "paytax": 178343021.02, "bizinflform": null, "tradepaymnetr": null, "cashneti": -69194080.67, "accstaname": "\u65b0\u4f1a\u8ba1\u51c6\u5219", "cashnetr": -69194080.67, "invnetcashflow": -323707292.8, "netinvform": null, "finnetform": null, "payacticash": 483061504.36, "fininflform": null, "invoutfform": null}, {"laborgetcash": 2177498196.14, "inveredu": null, "unreinveloss": null, "bizcashinfl": 2299613538.0, "diviprofpaycash": 60243385.64, "invcashoutf": 385876158.22, "accrexpeincr": null, "subspaynetcash": null, "finrelacash": 796.0, "payworkcash": 288465492.78, "subspaydivid": null, "chgexchgchgs": -9520297.86, "finnetcflow": -25398758.92, "receotherbizcash": 75146399.67, "longdefeexpenamor": null, "acquassetcash": 165608158.22, "recefincash": 4583070.09, "inspremcash": null, "netcashform": null, "bizcashoutf": 1915714247.86, "fininstnetr": null, "invrececash": null, "defetaxassetdecr": null, "inicashbala": 786761121.39, "invcashinfl": 122265497.54, "paydivicash": null, "netcashscheitse": null, "defeincoincr": null, "disptradnetincr": null, "mananetr": 383899290.14, "debtintocapi": null, "defetaxliabincr": null, "adjustdate": "20131029", "enddate": "20130930", "assedepr": null, "biznetscheitse": null, "biznetform": null, "equfinalbala": null, "finoutfitse": null, "cashfinalbala": 872130694.07, "fixedassetnetc": 152718.66, "cashfinalitse": null, "payintecash": null, "unfiparachg": null, "loansnetr": null, "incrcashpled": null, "biznetcflow": null, "asseimpa": null, "reducashpled": null, "invinffrom": null, "netprofit": null, "minysharrigh": null, "equopenbala": null, "inveloss": null, "valuechgloss": null, "receinvcash": null, "bizoutfform": null, "biznetscheform": null, "finexpe": null, "intaasseamor": null, "taxrefd": 46968942.19, "biznetitse": null, "finnetitse": null, "invinflitse": null, "subsnetc": null, "unseparachg": null, "finoutfform": null, "recefromloan": 30625140.0, "netinvitse": null, "estidebts": null, "payaincr": null, "fdsborrnetr": null, "realestadep": null, "reporttype": "100111", "dispfixedassetloss": null, "fininflitse": null, "finalcashbala": 872130694.07, "cashfinalform": null, "invoutfitse": null, "netcashitse": null, "payinvecash": null, "fixedassescraloss": null, "savinetr": null, "subsrececash": null, "accstacode": "2", "fincashoutf": 60606969.01, "charintecash": null, "finfixedasset": null, "labopayc": 1165516025.09, "expiconvbd": null, "paycompgold": null, "inveretugetcash": 101488.46, "compcode": "80166381", "prepexpedecr": null, "repnetincr": null, "issbdrececash": null, "loannetr": null, "withinvgetcash": 122011290.42, "invpayc": 220268000.0, "debtpaycash": 362787.37, "fincashinfl": 35208210.09, "cashopenbala": 786761121.39, "netcashscheform": null, "begindate": "20130101", "bizoutfitse": null, "bizinflitse": null, "insnetc": null, "bankloannetincr": null, "receredu": null, "publishdate": "20131029", "other": null, "deponetr": null, "paytax": 127081751.55, "bizinflform": null, "tradepaymnetr": null, "cashneti": 85369572.68, "accstaname": "\u65b0\u4f1a\u8ba1\u51c6\u5219", "cashnetr": 85369572.68, "invnetcashflow": -263610660.68, "netinvform": null, "finnetform": null, "payacticash": 334650978.44, "fininflform": null, "invoutfform": null}, {"laborgetcash": 1399002282.76, "inveredu": 38687935.98, "unreinveloss": null, "bizcashinfl": 1483230565.27, "diviprofpaycash": 60243385.64, "invcashoutf": 323873783.49, "accrexpeincr": null, "subspaynetcash": null, "finrelacash": null, "payworkcash": 197697115.27, "subspaydivid": null, "chgexchgchgs": -6655971.33, "finnetcflow": -26220743.52, "receotherbizcash": 59069122.01, "longdefeexpenamor": 38117720.93, "acquassetcash": 121605783.49, "recefincash": 3760289.49, "inspremcash": null, "netcashform": null, "bizcashoutf": 1257214165.84, "fininstnetr": null, "invrececash": null, "defetaxassetdecr": 2686229.37, "inicashbala": 786761121.39, "invcashinfl": 63045453.7, "paydivicash": null, "netcashscheitse": null, "defeincoincr": null, "disptradnetincr": null, "mananetr": 226016399.43, "debtintocapi": null, "defetaxliabincr": null, "adjustdate": "20130827", "enddate": "20130630", "assedepr": 33386653.07, "biznetscheitse": null, "biznetform": null, "equfinalbala": null, "finoutfitse": null, "cashfinalbala": 719072476.18, "fixedassetnetc": 152718.66, "cashfinalitse": null, "payintecash": null, "unfiparachg": null, "loansnetr": null, "incrcashpled": null, "biznetcflow": 226016399.43, "asseimpa": 8683073.18, "reducashpled": null, "invinffrom": null, "netprofit": 146235702.36, "minysharrigh": null, "equopenbala": null, "inveloss": -11633531.59, "valuechgloss": null, "receinvcash": null, "bizoutfform": null, "biznetscheform": null, "finexpe": 2862029.12, "intaasseamor": 2581721.73, "taxrefd": 25159160.5, "biznetitse": null, "finnetitse": null, "invinflitse": null, "subsnetc": null, "unseparachg": null, "finoutfform": null, "recefromloan": 30625140.0, "netinvitse": null, "estidebts": null, "payaincr": 19094202.2, "fdsborrnetr": null, "realestadep": null, "reporttype": "100111", "dispfixedassetloss": 171466.02, "fininflitse": null, "finalcashbala": 719072476.18, "cashfinalform": null, "invoutfitse": null, "netcashitse": null, "payinvecash": null, "fixedassescraloss": null, "savinetr": null, "subsrececash": null, "accstacode": "2", "fincashoutf": 60606173.01, "charintecash": null, "finfixedasset": null, "labopayc": 757169337.01, "expiconvbd": null, "paycompgold": null, "inveretugetcash": 88337.78, "compcode": "80166381", "prepexpedecr": null, "repnetincr": null, "issbdrececash": null, "loannetr": null, "withinvgetcash": 62804397.26, "invpayc": 202268000.0, "debtpaycash": 362787.37, "fincashinfl": 34385429.49, "cashopenbala": 786761121.39, "netcashscheform": null, "begindate": "20130101", "bizoutfitse": null, "bizinflitse": null, "insnetc": null, "bankloannetincr": null, "receredu": -54856802.94, "publishdate": "20130827", "other": null, "deponetr": null, "paytax": 82962207.73, "bizinflform": null, "tradepaymnetr": null, "cashneti": -67688645.21, "accstaname": "\u65b0\u4f1a\u8ba1\u51c6\u5219", "cashnetr": -67688645.21, "invnetcashflow": -260828329.79, "netinvform": null, "finnetform": null, "payacticash": 219385505.83, "fininflform": null, "invoutfform": null}, {"laborgetcash": 759017584.05, "inveredu": null, "unreinveloss": null, "bizcashinfl": 777623437.75, "diviprofpaycash": null, "invcashoutf": 177398017.28, "accrexpeincr": null, "subspaynetcash": null, "finrelacash": null, "payworkcash": 74987318.93, "subspaydivid": null, "chgexchgchgs": -3057689.42, "finnetcflow": 1695208.95, "receotherbizcash": 13172190.62, "longdefeexpenamor": null, "acquassetcash": 76630017.28, "recefincash": 2057996.32, "inspremcash": null, "netcashform": null, "bizcashoutf": 578753843.05, "fininstnetr": null, "invrececash": null, "defetaxassetdecr": null, "inicashbala": 786761121.39, "invcashinfl": 0.0, "paydivicash": null, "netcashscheitse": null, "defeincoincr": null, "disptradnetincr": null, "mananetr": 198869594.7, "debtintocapi": null, "defetaxliabincr": null, "adjustdate": "20130425", "enddate": "20130331", "assedepr": null, "biznetscheitse": null, "biznetform": null, "equfinalbala": null, "finoutfitse": null, "cashfinalbala": 806870218.34, "fixedassetnetc": null, "cashfinalitse": null, "payintecash": null, "unfiparachg": null, "loansnetr": null, "incrcashpled": null, "biznetcflow": null, "asseimpa": null, "reducashpled": null, "invinffrom": null, "netprofit": null, "minysharrigh": null, "equopenbala": null, "inveloss": null, "valuechgloss": null, "receinvcash": null, "bizoutfform": null, "biznetscheform": null, "finexpe": null, "intaasseamor": null, "taxrefd": 5433663.08, "biznetitse": null, "finnetitse": null, "invinflitse": null, "subsnetc": null, "unseparachg": null, "finoutfform": null, "recefromloan": null, "netinvitse": null, "estidebts": null, "payaincr": null, "fdsborrnetr": null, "realestadep": null, "reporttype": "100111", "dispfixedassetloss": null, "fininflitse": null, "finalcashbala": 806870218.34, "cashfinalform": null, "invoutfitse": null, "netcashitse": null, "payinvecash": null, "fixedassescraloss": null, "savinetr": null, "subsrececash": null, "accstacode": "2", "fincashoutf": 362787.37, "charintecash": null, "finfixedasset": null, "labopayc": 395289765.57, "expiconvbd": null, "paycompgold": null, "inveretugetcash": null, "compcode": "80166381", "prepexpedecr": null, "repnetincr": null, "issbdrececash": null, "loannetr": null, "withinvgetcash": null, "invpayc": 100768000.0, "debtpaycash": 362787.37, "fincashinfl": 2057996.32, "cashopenbala": 786761121.39, "netcashscheform": null, "begindate": "20130101", "bizoutfitse": null, "bizinflitse": null, "insnetc": null, "bankloannetincr": null, "receredu": null, "publishdate": "20130425", "other": null, "deponetr": null, "paytax": 36573665.63, "bizinflform": null, "tradepaymnetr": null, "cashneti": 20109096.95, "accstaname": "\u65b0\u4f1a\u8ba1\u51c6\u5219", "cashnetr": 20109096.95, "invnetcashflow": -177398017.28, "netinvform": null, "finnetform": null, "payacticash": 71903092.92, "fininflform": null, "invoutfform": null}, {"laborgetcash": 2271603604.3, "inveredu": -49059301.06, "unreinveloss": null, "bizcashinfl": 2342720644.76, "diviprofpaycash": 60088111.11, "invcashoutf": 301400988.71, "accrexpeincr": null, "subspaynetcash": null, "finrelacash": null, "payworkcash": 305807355.03, "subspaydivid": null, "chgexchgchgs": -1214931.0, "finnetcflow": -43702290.3, "receotherbizcash": 41894446.01, "longdefeexpenamor": 53309587.74, "acquassetcash": 298920988.71, "recefincash": 16385820.81, "inspremcash": null, "netcashform": null, "bizcashoutf": 2183188672.5, "fininstnetr": null, "invrececash": null, "defetaxassetdecr": -5663489.58, "inicashbala": 973175196.38, "invcashinfl": 372162.76, "paydivicash": null, "netcashscheitse": null, "defeincoincr": null, "disptradnetincr": null, "mananetr": 159531972.26, "debtintocapi": null, "defetaxliabincr": null, "adjustdate": "20130425", "enddate": "20121231", "assedepr": 48406176.24, "biznetscheitse": null, "biznetform": null, "equfinalbala": null, "finoutfitse": null, "cashfinalbala": 786761121.39, "fixedassetnetc": 372162.76, "cashfinalitse": null, "payintecash": null, "unfiparachg": null, "loansnetr": null, "incrcashpled": null, "biznetcflow": 159531972.26, "asseimpa": 4876029.28, "reducashpled": null, "invinffrom": null, "netprofit": 220694651.92, "minysharrigh": null, "equopenbala": null, "inveloss": 141036.07, "valuechgloss": null, "receinvcash": null, "bizoutfform": null, "biznetscheform": null, "finexpe": -16297709.7, "intaasseamor": 4630584.96, "taxrefd": 29222594.45, "biznetitse": null, "finnetitse": null, "invinflitse": null, "subsnetc": null, "unseparachg": null, "finoutfform": null, "recefromloan": 20000000.0, "netinvitse": null, "estidebts": null, "payaincr": 151888754.63, "fdsborrnetr": null, "realestadep": null, "reporttype": "100111", "dispfixedassetloss": -142652.92, "fininflitse": null, "finalcashbala": 786761121.39, "cashfinalform": null, "invoutfitse": null, "netcashitse": null, "payinvecash": null, "fixedassescraloss": null, "savinetr": null, "subsrececash": null, "accstacode": "2", "fincashoutf": 80088111.11, "charintecash": null, "finfixedasset": null, "labopayc": 1344792563.62, "expiconvbd": null, "paycompgold": null, "inveretugetcash": null, "compcode": "80166381", "prepexpedecr": null, "repnetincr": null, "issbdrececash": null, "loannetr": null, "withinvgetcash": null, "invpayc": 2480000.0, "debtpaycash": 20000000.0, "fincashinfl": 36385820.81, "cashopenbala": 973175196.38, "netcashscheform": null, "begindate": "20120101", "bizoutfitse": null, "bizinflitse": null, "insnetc": null, "bankloannetincr": null, "receredu": -253251695.32, "publishdate": "20130425", "other": null, "deponetr": null, "paytax": 146679583.96, "bizinflform": null, "tradepaymnetr": null, "cashneti": -186414074.99, "accstaname": "\u65b0\u4f1a\u8ba1\u51c6\u5219", "cashnetr": -186414074.99, "invnetcashflow": -301028825.95, "netinvform": null, "finnetform": null, "payacticash": 385909169.89, "fininflform": null, "invoutfform": null}, {"laborgetcash": 1671939163.44, "inveredu": null, "unreinveloss": null, "bizcashinfl": 1728973126.13, "diviprofpaycash": 60088111.11, "invcashoutf": 261802421.25, "accrexpeincr": null, "subspaynetcash": null, "finrelacash": null, "payworkcash": 187168089.19, "subspaydivid": null, "chgexchgchgs": 1232573.13, "finnetcflow": -47243374.81, "receotherbizcash": 31016400.45, "longdefeexpenamor": null, "acquassetcash": 259322421.25, "recefincash": 12844736.3, "inspremcash": null, "netcashform": null, "bizcashoutf": 1566266286.23, "fininstnetr": null, "invrececash": null, "defetaxassetdecr": null, "inicashbala": 973175196.38, "invcashinfl": 294066.89, "paydivicash": null, "netcashscheitse": null, "defeincoincr": null, "disptradnetincr": null, "mananetr": 162706839.9, "debtintocapi": null, "defetaxliabincr": null, "adjustdate": "20121029", "enddate": "20120930", "assedepr": null, "biznetscheitse": null, "biznetform": null, "equfinalbala": null, "finoutfitse": null, "cashfinalbala": 828362880.24, "fixedassetnetc": 294066.89, "cashfinalitse": null, "payintecash": null, "unfiparachg": null, "loansnetr": null, "incrcashpled": null, "biznetcflow": null, "asseimpa": null, "reducashpled": null, "invinffrom": null, "netprofit": null, "minysharrigh": null, "equopenbala": null, "inveloss": null, "valuechgloss": null, "receinvcash": null, "bizoutfform": null, "biznetscheform": null, "finexpe": null, "intaasseamor": null, "taxrefd": 26017562.24, "biznetitse": null, "finnetitse": null, "invinflitse": null, "subsnetc": null, "unseparachg": null, "finoutfform": null, "recefromloan": 20000000.0, "netinvitse": null, "estidebts": null, "payaincr": null, "fdsborrnetr": null, "realestadep": null, "reporttype": "100111", "dispfixedassetloss": null, "fininflitse": null, "finalcashbala": 828362880.24, "cashfinalform": null, "invoutfitse": null, "netcashitse": null, "payinvecash": null, "fixedassescraloss": null, "savinetr": null, "subsrececash": null, "accstacode": "2", "fincashoutf": 80088111.11, "charintecash": null, "finfixedasset": null, "labopayc": 1011841104.82, "expiconvbd": null, "paycompgold": null, "inveretugetcash": null, "compcode": "80166381", "prepexpedecr": null, "repnetincr": null, "issbdrececash": null, "loannetr": null, "withinvgetcash": null, "invpayc": 2480000.0, "debtpaycash": 20000000.0, "fincashinfl": 32844736.3, "cashopenbala": 973175196.38, "netcashscheform": null, "begindate": "20120101", "bizoutfitse": null, "bizinflitse": null, "insnetc": null, "bankloannetincr": null, "receredu": null, "publishdate": "20121029", "other": null, "deponetr": null, "paytax": 107272824.79, "bizinflform": null, "tradepaymnetr": null, "cashneti": -144812316.14, "accstaname": "\u65b0\u4f1a\u8ba1\u51c6\u5219", "cashnetr": -144812316.14, "invnetcashflow": -261508354.36, "netinvform": null, "finnetform": null, "payacticash": 259984267.43, "fininflform": null, "invoutfform": null}, {"laborgetcash": 1062679904.85, "inveredu": 50422347.13, "unreinveloss": null, "bizcashinfl": 1106976568.24, "diviprofpaycash": 88111.11, "invcashoutf": 200617099.86, "accrexpeincr": null, "subspaynetcash": null, "finrelacash": null, "payworkcash": 126770558.15, "subspaydivid": null, "chgexchgchgs": 891279.18, "finnetcflow": 9490087.14, "receotherbizcash": 27393447.16, "longdefeexpenamor": 20290953.13, "acquassetcash": 198137099.86, "recefincash": 9578198.25, "inspremcash": null, "netcashform": null, "bizcashoutf": 1018057062.78, "fininstnetr": null, "invrececash": null, "defetaxassetdecr": 788043.86, "inicashbala": 973175196.38, "invcashinfl": 53066.89, "paydivicash": null, "netcashscheitse": null, "defeincoincr": null, "disptradnetincr": null, "mananetr": 88919505.46, "debtintocapi": null, "defetaxliabincr": null, "adjustdate": "20120829", "enddate": "20120630", "assedepr": 21201061.84, "biznetscheitse": null, "biznetform": null, "equfinalbala": null, "finoutfitse": null, "cashfinalbala": 871912035.19, "fixedassetnetc": 53066.89, "cashfinalitse": null, "payintecash": null, "unfiparachg": null, "loansnetr": null, "incrcashpled": null, "biznetcflow": 88919505.46, "asseimpa": 1790271.79, "reducashpled": null, "invinffrom": null, "netprofit": 129208054.3, "minysharrigh": null, "equopenbala": null, "inveloss": 165588.69, "valuechgloss": null, "receinvcash": null, "bizoutfform": null, "biznetscheform": null, "finexpe": -10851893.95, "intaasseamor": 1956710.92, "taxrefd": 16903216.23, "biznetitse": null, "finnetitse": null, "invinflitse": null, "subsnetc": null, "unseparachg": null, "finoutfform": null, "recefromloan": 20000000.0, "netinvitse": null, "estidebts": null, "payaincr": 64684036.61, "fdsborrnetr": null, "realestadep": null, "reporttype": "100111", "dispfixedassetloss": 162085.05, "fininflitse": null, "finalcashbala": 871912035.19, "cashfinalform": null, "invoutfitse": null, "netcashitse": null, "payinvecash": null, "fixedassescraloss": null, "savinetr": null, "subsrececash": null, "accstacode": "2", "fincashoutf": 20088111.11, "charintecash": null, "finfixedasset": null, "labopayc": 668549450.84, "expiconvbd": null, "paycompgold": null, "inveretugetcash": null, "compcode": "80166381", "prepexpedecr": null, "repnetincr": null, "issbdrececash": null, "loannetr": null, "withinvgetcash": null, "invpayc": 2480000.0, "debtpaycash": 20000000.0, "fincashinfl": 29578198.25, "cashopenbala": 973175196.38, "netcashscheform": null, "begindate": "20120101", "bizoutfitse": null, "bizinflitse": null, "insnetc": null, "bankloannetincr": null, "receredu": -190897753.91, "publishdate": "20120829", "other": null, "deponetr": null, "paytax": 68622781.58, "bizinflform": null, "tradepaymnetr": null, "cashneti": -101263161.19, "accstaname": "\u65b0\u4f1a\u8ba1\u51c6\u5219", "cashnetr": -101263161.19, "invnetcashflow": -200564032.97, "netinvform": null, "finnetform": null, "payacticash": 154114272.21, "fininflform": null, "invoutfform": null}, {"laborgetcash": 536236071.67, "inveredu": null, "unreinveloss": null, "bizcashinfl": 565101435.72, "diviprofpaycash": null, "invcashoutf": 131627333.95, "accrexpeincr": null, "subspaynetcash": null, "finrelacash": null, "payworkcash": 62578514.91, "subspaydivid": null, "chgexchgchgs": -172904.87, "finnetcflow": 3208065.36, "receotherbizcash": 18305377.52, "longdefeexpenamor": null, "acquassetcash": 131627333.95, "recefincash": 3208065.36, "inspremcash": null, "netcashform": null, "bizcashoutf": 519359629.17, "fininstnetr": null, "invrececash": null, "defetaxassetdecr": null, "inicashbala": 973175196.38, "invcashinfl": 104333.4, "paydivicash": null, "netcashscheitse": null, "defeincoincr": null, "disptradnetincr": null, "mananetr": 45741806.55, "debtintocapi": null, "defetaxliabincr": null, "adjustdate": "20120423", "enddate": "20120331", "assedepr": null, "biznetscheitse": null, "biznetform": null, "equfinalbala": null, "finoutfitse": null, "cashfinalbala": 890429162.87, "fixedassetnetc": 104333.4, "cashfinalitse": null, "payintecash": null, "unfiparachg": null, "loansnetr": null, "incrcashpled": null, "biznetcflow": null, "asseimpa": null, "reducashpled": null, "invinffrom": null, "netprofit": null, "minysharrigh": null, "equopenbala": null, "inveloss": null, "valuechgloss": null, "receinvcash": null, "bizoutfform": null, "biznetscheform": null, "finexpe": null, "intaasseamor": null, "taxrefd": 10559986.53, "biznetitse": null, "finnetitse": null, "invinflitse": null, "subsnetc": null, "unseparachg": null, "finoutfform": null, "recefromloan": null, "netinvitse": null, "estidebts": null, "payaincr": null, "fdsborrnetr": null, "realestadep": null, "reporttype": "100111", "dispfixedassetloss": null, "fininflitse": null, "finalcashbala": 890429162.87, "cashfinalform": null, "invoutfitse": null, "netcashitse": null, "payinvecash": null, "fixedassescraloss": null, "savinetr": null, "subsrececash": null, "accstacode": "2", "fincashoutf": 0.0, "charintecash": null, "finfixedasset": null, "labopayc": 344079463.17, "expiconvbd": null, "paycompgold": null, "inveretugetcash": null, "compcode": "80166381", "prepexpedecr": null, "repnetincr": null, "issbdrececash": null, "loannetr": null, "withinvgetcash": null, "invpayc": null, "debtpaycash": null, "fincashinfl": 3208065.36, "cashopenbala": 973175196.38, "netcashscheform": null, "begindate": "20120101", "bizoutfitse": null, "bizinflitse": null, "insnetc": null, "bankloannetincr": null, "receredu": null, "publishdate": "20120423", "other": null, "deponetr": null, "paytax": 27342434.44, "bizinflform": null, "tradepaymnetr": null, "cashneti": -82746033.51, "accstaname": "\u65b0\u4f1a\u8ba1\u51c6\u5219", "cashnetr": -82746033.51, "invnetcashflow": -131523000.55, "netinvform": null, "finnetform": null, "payacticash": 85359216.65, "fininflform": null, "invoutfform": null}, {"laborgetcash": 1960143368.71, "inveredu": -66407964.97, "unreinveloss": null, "bizcashinfl": 2037810738.24, "diviprofpaycash": 51867359.18, "invcashoutf": 353403938.87, "accrexpeincr": null, "subspaynetcash": null, "finrelacash": null, "payworkcash": 220607164.7, "subspaydivid": null, "chgexchgchgs": -3353624.08, "finnetcflow": 1372240964.08, "receotherbizcash": 51808958.8, "longdefeexpenamor": 27053476.75, "acquassetcash": 233403938.87, "recefincash": 16116005.26, "inspremcash": null, "netcashform": null, "bizcashoutf": 2237386430.88, "fininstnetr": null, "invrececash": 1421492318.0, "defetaxassetdecr": -5007741.75, "inicashbala": 41318628.42, "invcashinfl": 115948859.47, "paydivicash": null, "netcashscheitse": null, "defeincoincr": null, "disptradnetincr": null, "mananetr": -199575692.64, "debtintocapi": null, "defetaxliabincr": null, "adjustdate": "20120423", "enddate": "20111231", "assedepr": 34570224.46, "biznetscheitse": null, "biznetform": null, "equfinalbala": null, "finoutfitse": null, "cashfinalbala": 973175196.38, "fixedassetnetc": 799846.15, "cashfinalitse": null, "payintecash": null, "unfiparachg": null, "loansnetr": null, "incrcashpled": null, "biznetcflow": -199575692.64, "asseimpa": 5013841.39, "reducashpled": null, "invinffrom": null, "netprofit": 212550805.3, "minysharrigh": null, "equopenbala": null, "inveloss": -69357.55, "valuechgloss": null, "receinvcash": null, "bizoutfform": null, "biznetscheform": null, "finexpe": -5115266.51, "intaasseamor": 3262964.09, "taxrefd": 25858410.73, "biznetitse": null, "finnetitse": null, "invinflitse": null, "subsnetc": null, "unseparachg": null, "finoutfform": null, "recefromloan": 28980000.0, "netinvitse": null, "estidebts": null, "payaincr": -722041880.49, "fdsborrnetr": null, "realestadep": null, "reporttype": "100111", "dispfixedassetloss": 118489.26, "fininflitse": null, "finalcashbala": 973175196.38, "cashfinalform": null, "invoutfitse": null, "netcashitse": null, "payinvecash": null, "fixedassescraloss": null, "savinetr": null, "subsrececash": null, "accstacode": "2", "fincashoutf": 94347359.18, "charintecash": null, "finfixedasset": null, "labopayc": 1519196788.01, "expiconvbd": null, "paycompgold": null, "inveretugetcash": 149013.32, "compcode": "80166381", "prepexpedecr": null, "repnetincr": null, "issbdrececash": null, "loannetr": null, "withinvgetcash": 115000000.0, "invpayc": 120000000.0, "debtpaycash": 42480000.0, "fincashinfl": 1466588323.26, "cashopenbala": 41318628.42, "netcashscheform": null, "begindate": "20110101", "bizoutfitse": null, "bizinflitse": null, "insnetc": null, "bankloannetincr": null, "receredu": 316581638.94, "publishdate": "20120423", "other": -84921.56, "deponetr": null, "paytax": 148656063.56, "bizinflform": null, "tradepaymnetr": null, "cashneti": 931856567.96, "accstaname": "\u65b0\u4f1a\u8ba1\u51c6\u5219", "cashnetr": 931856567.96, "invnetcashflow": -237455079.4, "netinvform": null, "finnetform": null, "payacticash": 348926414.61, "fininflform": null, "invoutfform": null}, {"laborgetcash": 1495884251.33, "inveredu": null, "unreinveloss": null, "bizcashinfl": 1579991347.68, "diviprofpaycash": 51925823.18, "invcashoutf": 240501255.49, "accrexpeincr": null, "subspaynetcash": null, "finrelacash": null, "payworkcash": 152686563.61, "subspaydivid": null, "chgexchgchgs": -2726618.47, "finnetcflow": 1365990922.08, "receotherbizcash": 63158685.18, "longdefeexpenamor": null, "acquassetcash": 120501255.49, "recefincash": 9924427.26, "inspremcash": null, "netcashform": null, "bizcashoutf": 1678815747.31, "fininstnetr": null, "invrececash": 1421492318.0, "defetaxassetdecr": null, "inicashbala": 41318628.42, "invcashinfl": 115253813.32, "paydivicash": null, "netcashscheitse": null, "defeincoincr": null, "disptradnetincr": null, "mananetr": -98824399.63, "debtintocapi": null, "defetaxliabincr": null, "adjustdate": "20111027", "enddate": "20110930", "assedepr": null, "biznetscheitse": null, "biznetform": null, "equfinalbala": null, "finoutfitse": null, "cashfinalbala": 1180511090.23, "fixedassetnetc": 104800.0, "cashfinalitse": null, "payintecash": null, "unfiparachg": null, "loansnetr": null, "incrcashpled": null, "biznetcflow": null, "asseimpa": null, "reducashpled": null, "invinffrom": null, "netprofit": null, "minysharrigh": null, "equopenbala": null, "inveloss": null, "valuechgloss": null, "receinvcash": null, "bizoutfform": null, "biznetscheform": null, "finexpe": null, "intaasseamor": null, "taxrefd": 20948411.17, "biznetitse": null, "finnetitse": null, "invinflitse": null, "subsnetc": null, "unseparachg": null, "finoutfform": null, "recefromloan": null, "netinvitse": null, "estidebts": null, "payaincr": null, "fdsborrnetr": null, "realestadep": null, "reporttype": "100111", "dispfixedassetloss": null, "fininflitse": null, "finalcashbala": 1180511090.23, "cashfinalform": null, "invoutfitse": null, "netcashitse": null, "payinvecash": null, "fixedassescraloss": null, "savinetr": null, "subsrececash": null, "accstacode": "2", "fincashoutf": 65425823.18, "charintecash": null, "finfixedasset": null, "labopayc": 1175466598.63, "expiconvbd": null, "paycompgold": null, "inveretugetcash": 149013.32, "compcode": "80166381", "prepexpedecr": null, "repnetincr": null, "issbdrececash": null, "loannetr": null, "withinvgetcash": 115000000.0, "invpayc": 120000000.0, "debtpaycash": 13500000.0, "fincashinfl": 1431416745.26, "cashopenbala": 41318628.42, "netcashscheform": null, "begindate": "20110101", "bizoutfitse": null, "bizinflitse": null, "insnetc": null, "bankloannetincr": null, "receredu": null, "publishdate": "20111027", "other": null, "deponetr": null, "paytax": 108850662.0, "bizinflform": null, "tradepaymnetr": null, "cashneti": 1139192461.81, "accstaname": "\u65b0\u4f1a\u8ba1\u51c6\u5219", "cashnetr": 1139192461.81, "invnetcashflow": -125247442.17, "netinvform": null, "finnetform": null, "payacticash": 241811923.07, "fininflform": null, "invoutfform": null}, {"laborgetcash": 1028618467.3, "inveredu": 85058328.38, "unreinveloss": null, "bizcashinfl": 1084995310.42, "diviprofpaycash": 51925823.18, "invcashoutf": 192368691.44, "accrexpeincr": null, "subspaynetcash": null, "finrelacash": null, "payworkcash": 102597993.76, "subspaydivid": null, "chgexchgchgs": -1766089.55, "finnetcflow": 1361911247.41, "receotherbizcash": 38882137.36, "longdefeexpenamor": 4073089.44, "acquassetcash": 72368691.44, "recefincash": 5844752.59, "inspremcash": null, "netcashform": null, "bizcashoutf": 1124897540.65, "fininstnetr": null, "invrececash": 1421492318.0, "defetaxassetdecr": 54332.23, "inicashbala": 41318628.42, "invcashinfl": 115253813.32, "paydivicash": null, "netcashscheitse": null, "defeincoincr": null, "disptradnetincr": null, "mananetr": -39902230.23, "debtintocapi": null, "defetaxliabincr": null, "adjustdate": "20110822", "enddate": "20110630", "assedepr": 16594493.64, "biznetscheitse": null, "biznetform": null, "equfinalbala": null, "finoutfitse": null, "cashfinalbala": 1284446677.93, "fixedassetnetc": 104800.0, "cashfinalitse": null, "payintecash": null, "unfiparachg": null, "loansnetr": null, "incrcashpled": null, "biznetcflow": -39902230.23, "asseimpa": 34483.88, "reducashpled": null, "invinffrom": null, "netprofit": 124496582.92, "minysharrigh": null, "equopenbala": null, "inveloss": -114765.62, "valuechgloss": null, "receinvcash": null, "bizoutfform": null, "biznetscheform": null, "finexpe": -2239716.38, "intaasseamor": 1606153.34, "taxrefd": 17494705.76, "biznetitse": null, "finnetitse": null, "invinflitse": null, "subsnetc": null, "unseparachg": null, "finoutfform": null, "recefromloan": null, "netinvitse": null, "estidebts": null, "payaincr": 71736315.61, "fdsborrnetr": null, "realestadep": null, "reporttype": "100111", "dispfixedassetloss": 5134.22, "fininflitse": null, "finalcashbala": 1284446677.93, "cashfinalform": null, "invoutfitse": null, "netcashitse": null, "payinvecash": null, "fixedassescraloss": null, "savinetr": null, "subsrececash": null, "accstacode": "2", "fincashoutf": 65425823.18, "charintecash": null, "finfixedasset": null, "labopayc": 790584827.77, "expiconvbd": null, "paycompgold": null, "inveretugetcash": 149013.32, "compcode": "80166381", "prepexpedecr": null, "repnetincr": null, "issbdrececash": null, "loannetr": null, "withinvgetcash": 115000000.0, "invpayc": 120000000.0, "debtpaycash": 13500000.0, "fincashinfl": 1427337070.59, "cashopenbala": 41318628.42, "netcashscheform": null, "begindate": "20110101", "bizoutfitse": null, "bizinflitse": null, "insnetc": null, "bankloannetincr": null, "receredu": -341206661.89, "publishdate": "20110822", "other": null, "deponetr": null, "paytax": 80115526.03, "bizinflform": null, "tradepaymnetr": null, "cashneti": 1243128049.51, "accstaname": "\u65b0\u4f1a\u8ba1\u51c6\u5219", "cashnetr": 1243128049.51, "invnetcashflow": -77114878.12, "netinvform": null, "finnetform": null, "payacticash": 151599193.09, "fininflform": null, "invoutfform": null}, {"laborgetcash": 552262713.8, "inveredu": null, "unreinveloss": null, "bizcashinfl": 589871416.71, "diviprofpaycash": 123192.0, "invcashoutf": 33814531.09, "accrexpeincr": null, "subspaynetcash": null, "finrelacash": 6038000.0, "payworkcash": 57355400.14, "subspaydivid": null, "chgexchgchgs": -362765.08, "finnetcflow": 1421488808.0, "receotherbizcash": 25339278.09, "longdefeexpenamor": null, "acquassetcash": 33814531.09, "recefincash": 6157682.0, "inspremcash": null, "netcashform": null, "bizcashoutf": 530127956.46, "fininstnetr": null, "invrececash": 1421492318.0, "defetaxassetdecr": null, "inicashbala": 41318628.42, "invcashinfl": 100000.0, "paydivicash": null, "netcashscheitse": null, "defeincoincr": null, "disptradnetincr": null, "mananetr": 59743460.25, "debtintocapi": null, "defetaxliabincr": null, "adjustdate": "20110422", "enddate": "20110331", "assedepr": null, "biznetscheitse": null, "biznetform": null, "equfinalbala": null, "finoutfitse": null, "cashfinalbala": 1488473600.5, "fixedassetnetc": 100000.0, "cashfinalitse": null, "payintecash": null, "unfiparachg": null, "loansnetr": null, "incrcashpled": null, "biznetcflow": null, "asseimpa": null, "reducashpled": null, "invinffrom": null, "netprofit": null, "minysharrigh": null, "equopenbala": null, "inveloss": null, "valuechgloss": null, "receinvcash": null, "bizoutfform": null, "biznetscheform": null, "finexpe": null, "intaasseamor": null, "taxrefd": 12269424.82, "biznetitse": null, "finnetitse": null, "invinflitse": null, "subsnetc": null, "unseparachg": null, "finoutfform": null, "recefromloan": null, "netinvitse": null, "estidebts": null, "payaincr": null, "fdsborrnetr": null, "realestadep": null, "reporttype": "100111", "dispfixedassetloss": null, "fininflitse": null, "finalcashbala": 1488473600.5, "cashfinalform": null, "invoutfitse": null, "netcashitse": null, "payinvecash": null, "fixedassescraloss": null, "savinetr": null, "subsrececash": null, "accstacode": "2", "fincashoutf": 6161192.0, "charintecash": null, "finfixedasset": null, "labopayc": 362157666.19, "expiconvbd": null, "paycompgold": null, "inveretugetcash": null, "compcode": "80166381", "prepexpedecr": null, "repnetincr": null, "issbdrececash": null, "loannetr": null, "withinvgetcash": null, "invpayc": null, "debtpaycash": null, "fincashinfl": 1427650000.0, "cashopenbala": 41318628.42, "netcashscheform": null, "begindate": "20110101", "bizoutfitse": null, "bizinflitse": null, "insnetc": null, "bankloannetincr": null, "receredu": null, "publishdate": "20110422", "other": null, "deponetr": null, "paytax": 22995154.47, "bizinflform": null, "tradepaymnetr": null, "cashneti": 1447154972.08, "accstaname": "\u65b0\u4f1a\u8ba1\u51c6\u5219", "cashnetr": 1447154972.08, "invnetcashflow": -33714531.09, "netinvform": null, "finnetform": null, "payacticash": 87619735.66, "fininflform": null, "invoutfform": null}, {"laborgetcash": 1976934986.5, "inveredu": -118324350.08, "unreinveloss": null, "bizcashinfl": 2011807046.17, "diviprofpaycash": 741037.41, "invcashoutf": 115370488.36, "accrexpeincr": null, "subspaynetcash": null, "finrelacash": null, "payworkcash": 199079704.17, "subspaydivid": null, "chgexchgchgs": -1939350.47, "finnetcflow": -17241037.41, "receotherbizcash": 15454835.91, "longdefeexpenamor": 7310975.35, "acquassetcash": 115370488.36, "recefincash": null, "inspremcash": null, "netcashform": null, "bizcashoutf": 1921126881.68, "fininstnetr": null, "invrececash": null, "defetaxassetdecr": 107416.77, "inicashbala": 85121340.17, "invcashinfl": 68000.0, "paydivicash": null, "netcashscheitse": null, "defeincoincr": null, "disptradnetincr": null, "mananetr": 90680164.49, "debtintocapi": null, "defetaxliabincr": null, "adjustdate": "20110301", "enddate": "20101231", "assedepr": 29353994.39, "biznetscheitse": null, "biznetform": null, "equfinalbala": null, "finoutfitse": null, "cashfinalbala": 41318628.42, "fixedassetnetc": 68000.0, "cashfinalitse": null, "payintecash": null, "unfiparachg": null, "loansnetr": null, "incrcashpled": null, "biznetcflow": 90680164.49, "asseimpa": -1117600.29, "reducashpled": null, "invinffrom": null, "netprofit": 198081800.05, "minysharrigh": null, "equopenbala": null, "inveloss": null, "valuechgloss": null, "receinvcash": null, "bizoutfform": null, "biznetscheform": null, "finexpe": 741037.41, "intaasseamor": 3141376.79, "taxrefd": 19417223.76, "biznetitse": null, "finnetitse": null, "invinflitse": null, "subsnetc": null, "unseparachg": null, "finoutfform": null, "recefromloan": 14122800.0, "netinvitse": null, "estidebts": null, "payaincr": 53758634.65, "fdsborrnetr": null, "realestadep": null, "reporttype": "100111", "dispfixedassetloss": 347398.7, "fininflitse": null, "finalcashbala": 41318628.42, "cashfinalform": null, "invoutfitse": null, "netcashitse": null, "payinvecash": null, "fixedassescraloss": null, "savinetr": null, "subsrececash": null, "accstacode": "2", "fincashoutf": 31363837.41, "charintecash": null, "finfixedasset": null, "labopayc": 1333882527.09, "expiconvbd": null, "paycompgold": null, "inveretugetcash": null, "compcode": "80166381", "prepexpedecr": null, "repnetincr": null, "issbdrececash": null, "loannetr": null, "withinvgetcash": null, "invpayc": null, "debtpaycash": 30622800.0, "fincashinfl": 14122800.0, "cashopenbala": 85121340.17, "netcashscheform": null, "begindate": "20100101", "bizoutfitse": null, "bizinflitse": null, "insnetc": null, "bankloannetincr": null, "receredu": -85113333.18, "publishdate": "20110301", "other": 2392813.93, "deponetr": null, "paytax": 121492118.4, "bizinflform": null, "tradepaymnetr": null, "cashneti": -43802711.75, "accstaname": "\u65b0\u4f1a\u8ba1\u51c6\u5219", "cashnetr": -43802711.75, "invnetcashflow": -115302488.36, "netinvform": null, "finnetform": null, "payacticash": 266672532.02, "fininflform": null, "invoutfform": null}, {"laborgetcash": 1481656975.06, "inveredu": 0.0, "unreinveloss": 0.0, "bizcashinfl": 1529757663.59, "diviprofpaycash": 741037.41, "invcashoutf": 80257679.74, "accrexpeincr": 0.0, "subspaynetcash": 0.0, "finrelacash": 0.0, "payworkcash": 138269548.54, "subspaydivid": 0.0, "chgexchgchgs": 1362.32, "finnetcflow": -30741037.41, "receotherbizcash": 40441584.19, "longdefeexpenamor": 0.0, "acquassetcash": 80257679.74, "recefincash": 0.0, "inspremcash": 0.0, "netcashform": 0.0, "bizcashoutf": 1387609711.84, "fininstnetr": 0.0, "invrececash": 0.0, "defetaxassetdecr": 0.0, "inicashbala": 85121340.17, "invcashinfl": 212675.0, "paydivicash": 0.0, "netcashscheitse": 0.0, "defeincoincr": 0.0, "disptradnetincr": 0.0, "mananetr": 142147951.75, "debtintocapi": 0.0, "defetaxliabincr": 0.0, "adjustdate": "19000101", "enddate": "20100930", "assedepr": 0.0, "biznetscheitse": 0.0, "biznetform": 0.0, "equfinalbala": 0.0, "finoutfitse": 0.0, "cashfinalbala": 116484612.09, "fixedassetnetc": 212675.0, "cashfinalitse": 0.0, "payintecash": 0.0, "unfiparachg": 0.0, "loansnetr": 0.0, "incrcashpled": 0.0, "biznetcflow": 0.0, "asseimpa": 0.0, "reducashpled": 0.0, "invinffrom": 0.0, "netprofit": 0.0, "minysharrigh": 0.0, "equopenbala": 0.0, "inveloss": 0.0, "valuechgloss": 0.0, "receinvcash": 0.0, "bizoutfform": 0.0, "biznetscheform": 0.0, "finexpe": 0.0, "intaasseamor": 0.0, "taxrefd": 7659104.34, "biznetitse": 0.0, "finnetitse": 0.0, "invinflitse": 0.0, "subsnetc": 0.0, "unseparachg": 0.0, "finoutfform": 0.0, "recefromloan": 622800.0, "netinvitse": 0.0, "estidebts": 0.0, "payaincr": 0.0, "fdsborrnetr": 0.0, "realestadep": 0.0, "reporttype": "100111", "dispfixedassetloss": 0.0, "fininflitse": 0.0, "finalcashbala": 116484612.09, "cashfinalform": 0.0, "invoutfitse": 0.0, "netcashitse": 0.0, "payinvecash": 0.0, "fixedassescraloss": 0.0, "savinetr": 0.0, "subsrececash": 0.0, "accstacode": "2", "fincashoutf": 31363837.41, "charintecash": 0.0, "finfixedasset": 0.0, "labopayc": 981958960.73, "expiconvbd": 0.0, "paycompgold": 0.0, "inveretugetcash": 0.0, "compcode": "80166381", "prepexpedecr": 0.0, "repnetincr": 0.0, "issbdrececash": 0.0, "loannetr": 0.0, "withinvgetcash": 0.0, "invpayc": 0.0, "debtpaycash": 30622800.0, "fincashinfl": 622800.0, "cashopenbala": 85121340.17, "netcashscheform": 0.0, "begindate": "20100101", "bizoutfitse": 0.0, "bizinflitse": 0.0, "insnetc": 0.0, "bankloannetincr": 0.0, "receredu": 0.0, "publishdate": "20110127", "other": 0.0, "deponetr": 0.0, "paytax": 83660283.64, "bizinflform": 0.0, "tradepaymnetr": 0.0, "cashneti": 31363271.92, "accstaname": "\u65b0\u4f1a\u8ba1\u51c6\u5219", "cashnetr": 31363271.92, "invnetcashflow": -80045004.74, "netinvform": 0.0, "finnetform": 0.0, "payacticash": 183720918.93, "fininflform": 0.0, "invoutfform": 0.0}, {"laborgetcash": 928972211.54, "inveredu": -7687652.81, "unreinveloss": 0.0, "bizcashinfl": 941006730.03, "diviprofpaycash": 738010.6, "invcashoutf": 53372754.39, "accrexpeincr": 0.0, "subspaynetcash": 0.0, "finrelacash": 0.0, "payworkcash": 95812919.81, "subspaydivid": 0.0, "chgexchgchgs": -207675.96, "finnetcflow": -30115210.6, "receotherbizcash": 6763306.06, "longdefeexpenamor": 3722808.08, "acquassetcash": 53372754.39, "recefincash": 0.0, "inspremcash": 0.0, "netcashform": 0.0, "bizcashoutf": 863512319.49, "fininstnetr": 0.0, "invrececash": 0.0, "defetaxassetdecr": -577017.99, "inicashbala": 85121340.17, "invcashinfl": 212675.0, "paydivicash": 0.0, "netcashscheitse": 0.0, "defeincoincr": 0.0, "disptradnetincr": 0.0, "mananetr": 77494410.54, "debtintocapi": 0.0, "defetaxliabincr": 0.0, "adjustdate": "19000101", "enddate": "20100630", "assedepr": 13708650.27, "biznetscheitse": 0.0, "biznetform": 0.0, "equfinalbala": 0.0, "finoutfitse": 0.0, "cashfinalbala": 79132784.76, "fixedassetnetc": 212675.0, "cashfinalitse": 0.0, "payintecash": 0.0, "unfiparachg": 0.0, "loansnetr": 0.0, "incrcashpled": 0.0, "biznetcflow": 77494410.54, "asseimpa": 4182740.34, "reducashpled": 0.0, "invinffrom": 0.0, "netprofit": 96825893.61, "minysharrigh": 0.0, "equopenbala": 0.0, "inveloss": 521.12, "valuechgloss": 0.0, "receinvcash": 0.0, "bizoutfform": 0.0, "biznetscheform": 0.0, "finexpe": 1066677.26, "intaasseamor": 1557019.31, "taxrefd": 5271212.43, "biznetitse": 0.0, "finnetitse": 0.0, "invinflitse": 0.0, "subsnetc": 0.0, "unseparachg": 0.0, "finoutfform": 0.0, "recefromloan": 622800.0, "netinvitse": 0.0, "estidebts": 0.0, "payaincr": 43983843.08, "fdsborrnetr": 0.0, "realestadep": 0.0, "reporttype": "100111", "dispfixedassetloss": 0.0, "fininflitse": 0.0, "finalcashbala": 79132784.76, "cashfinalform": 0.0, "invoutfitse": 0.0, "netcashitse": 0.0, "payinvecash": 0.0, "fixedassescraloss": 0.0, "savinetr": 0.0, "subsrececash": 0.0, "accstacode": "2", "fincashoutf": 30738010.6, "charintecash": 0.0, "finfixedasset": 0.0, "labopayc": 596676724.54, "expiconvbd": 0.0, "paycompgold": 0.0, "inveretugetcash": 0.0, "compcode": "80166381", "prepexpedecr": 0.0, "repnetincr": 0.0, "issbdrececash": 0.0, "loannetr": 0.0, "withinvgetcash": 0.0, "invpayc": 0.0, "debtpaycash": 30000000.0, "fincashinfl": 622800.0, "cashopenbala": 85121340.17, "netcashscheform": 0.0, "begindate": "20100101", "bizoutfitse": 0.0, "bizinflitse": 0.0, "insnetc": 0.0, "bankloannetincr": 0.0, "receredu": -80092695.3, "publishdate": "20110111", "other": 803623.57, "deponetr": 0.0, "paytax": 51043459.01, "bizinflform": 0.0, "tradepaymnetr": 0.0, "cashneti": -5988555.41, "accstaname": "\u65b0\u4f1a\u8ba1\u51c6\u5219", "cashnetr": -5988555.41, "invnetcashflow": -53160079.39, "netinvform": 0.0, "finnetform": 0.0, "payacticash": 119979216.13, "fininflform": 0.0, "invoutfform": 0.0}, {"laborgetcash": 1643264922.4, "inveredu": -15137785.86, "unreinveloss": 0.0, "bizcashinfl": 1663675017.17, "diviprofpaycash": 5852737.5, "invcashoutf": 110230759.87, "accrexpeincr": 0.0, "subspaynetcash": 0.0, "finrelacash": 0.0, "payworkcash": 142360216.7, "subspaydivid": 0.0, "chgexchgchgs": -110077.05, "finnetcflow": -205852737.5, "receotherbizcash": 13432013.95, "longdefeexpenamor": 6585599.62, "acquassetcash": 106480759.87, "recefincash": 0.0, "inspremcash": 0.0, "netcashform": 0.0, "bizcashoutf": 1361498579.39, "fininstnetr": 0.0, "invrececash": 0.0, "defetaxassetdecr": -384346.5, "inicashbala": 98743476.81, "invcashinfl": 395000.0, "paydivicash": 0.0, "netcashscheitse": 0.0, "defeincoincr": 0.0, "disptradnetincr": 0.0, "mananetr": 302176437.78, "debtintocapi": 0.0, "defetaxliabincr": 0.0, "adjustdate": "19000101", "enddate": "20091231", "assedepr": 24652156.76, "biznetscheitse": 0.0, "biznetform": 0.0, "equfinalbala": 0.0, "finoutfitse": 0.0, "cashfinalbala": 85121340.17, "fixedassetnetc": 395000.0, "cashfinalitse": 0.0, "payintecash": 0.0, "unfiparachg": 0.0, "loansnetr": 0.0, "incrcashpled": 0.0, "biznetcflow": 302176437.78, "asseimpa": 2387390.29, "reducashpled": 0.0, "invinffrom": 0.0, "netprofit": 132753477.14, "minysharrigh": 0.0, "equopenbala": 0.0, "inveloss": 32417.01, "valuechgloss": 0.0, "receinvcash": 0.0, "bizoutfform": 0.0, "biznetscheform": 0.0, "finexpe": 5852737.5, "intaasseamor": 2079122.63, "taxrefd": 6978080.82, "biznetitse": 0.0, "finnetitse": 0.0, "invinflitse": 0.0, "subsnetc": 0.0, "unseparachg": 0.0, "finoutfform": 0.0, "recefromloan": 250000000.0, "netinvitse": 0.0, "estidebts": 0.0, "payaincr": 165371121.99, "fdsborrnetr": 0.0, "realestadep": 0.0, "reporttype": "100111", "dispfixedassetloss": 674038.91, "fininflitse": 0.0, "finalcashbala": 85121340.17, "cashfinalform": 0.0, "invoutfitse": 0.0, "netcashitse": 0.0, "payinvecash": 0.0, "fixedassescraloss": 0.0, "savinetr": 0.0, "subsrececash": 0.0, "accstacode": "2", "fincashoutf": 455852737.5, "charintecash": 0.0, "finfixedasset": 0.0, "labopayc": 893769489.29, "expiconvbd": 0.0, "paycompgold": 0.0, "inveretugetcash": 0.0, "compcode": "80166381", "prepexpedecr": 0.0, "repnetincr": 0.0, "issbdrececash": 0.0, "loannetr": 0.0, "withinvgetcash": 0.0, "invpayc": 3750000.0, "debtpaycash": 450000000.0, "fincashinfl": 250000000.0, "cashopenbala": 98743476.81, "netcashscheform": 0.0, "begindate": "20090101", "bizoutfitse": 0.0, "bizinflitse": 0.0, "insnetc": 0.0, "bankloannetincr": 0.0, "receredu": -22638956.77, "publishdate": "20110111", "other": -50534.94, "deponetr": 0.0, "paytax": 109760412.16, "bizinflform": 0.0, "tradepaymnetr": 0.0, "cashneti": -13622136.64, "accstaname": "\u65b0\u4f1a\u8ba1\u51c6\u5219", "cashnetr": -13622136.64, "invnetcashflow": -109835759.87, "netinvform": 0.0, "finnetform": 0.0, "payacticash": 215608461.24, "fininflform": 0.0, "invoutfform": 0.0}, {"laborgetcash": 1207832422.94, "inveredu": 0.0, "unreinveloss": 0.0, "bizcashinfl": 1268902156.76, "diviprofpaycash": 5734882.5, "invcashoutf": 57496786.37, "accrexpeincr": 0.0, "subspaynetcash": 0.0, "finrelacash": 0.0, "payworkcash": 100913129.09, "subspaydivid": 0.0, "chgexchgchgs": 97331.8, "finnetcflow": -185734882.5, "receotherbizcash": 56690084.35, "longdefeexpenamor": 0.0, "acquassetcash": 39861788.97, "recefincash": 0.0, "inspremcash": 0.0, "netcashform": 0.0, "bizcashoutf": 941196785.7, "fininstnetr": 0.0, "invrececash": 0.0, "defetaxassetdecr": 0.0, "inicashbala": 98743476.81, "invcashinfl": 0.0, "paydivicash": 0.0, "netcashscheitse": 0.0, "defeincoincr": 0.0, "disptradnetincr": 0.0, "mananetr": 327705371.06, "debtintocapi": 0.0, "defetaxliabincr": 0.0, "adjustdate": "19000101", "enddate": "20090930", "assedepr": 0.0, "biznetscheitse": 0.0, "biznetform": 0.0, "equfinalbala": 0.0, "finoutfitse": 0.0, "cashfinalbala": 183314510.8, "fixedassetnetc": 0.0, "cashfinalitse": 0.0, "payintecash": 0.0, "unfiparachg": 0.0, "loansnetr": 0.0, "incrcashpled": 0.0, "biznetcflow": 0.0, "asseimpa": 0.0, "reducashpled": 0.0, "invinffrom": 0.0, "netprofit": 0.0, "minysharrigh": 0.0, "equopenbala": 0.0, "inveloss": 0.0, "valuechgloss": 0.0, "receinvcash": 0.0, "bizoutfform": 0.0, "biznetscheform": 0.0, "finexpe": 0.0, "intaasseamor": 0.0, "taxrefd": 4379649.47, "biznetitse": 0.0, "finnetitse": 0.0, "invinflitse": 0.0, "subsnetc": 0.0, "unseparachg": 0.0, "finoutfform": 0.0, "recefromloan": 220000000.0, "netinvitse": 0.0, "estidebts": 0.0, "payaincr": 0.0, "fdsborrnetr": 0.0, "realestadep": 0.0, "reporttype": "100111", "dispfixedassetloss": 0.0, "fininflitse": 0.0, "finalcashbala": 183314510.8, "cashfinalform": 0.0, "invoutfitse": 0.0, "netcashitse": 0.0, "payinvecash": 0.0, "fixedassescraloss": 0.0, "savinetr": 0.0, "subsrececash": 0.0, "accstacode": "2", "fincashoutf": 405734882.5, "charintecash": 0.0, "finfixedasset": 0.0, "labopayc": 618468435.23, "expiconvbd": 0.0, "paycompgold": 0.0, "inveretugetcash": 0.0, "compcode": "80166381", "prepexpedecr": 0.0, "repnetincr": 0.0, "issbdrececash": 0.0, "loannetr": 0.0, "withinvgetcash": 0.0, "invpayc": 17634997.4, "debtpaycash": 400000000.0, "fincashinfl": 220000000.0, "cashopenbala": 98743476.81, "netcashscheform": 0.0, "begindate": "20090101", "bizoutfitse": 0.0, "bizinflitse": 0.0, "insnetc": 0.0, "bankloannetincr": 0.0, "receredu": 0.0, "publishdate": "20110127", "other": 0.0, "deponetr": 0.0, "paytax": 87993449.21, "bizinflform": 0.0, "tradepaymnetr": 0.0, "cashneti": 84571033.99, "accstaname": "\u65b0\u4f1a\u8ba1\u51c6\u5219", "cashnetr": 84571033.99, "invnetcashflow": -57496786.37, "netinvform": 0.0, "finnetform": 0.0, "payacticash": 133821772.17, "fininflform": 0.0, "invoutfform": 0.0}, {"laborgetcash": 1320917064.61, "inveredu": 124571503.52, "unreinveloss": null, "bizcashinfl": 1372452729.08, "diviprofpaycash": 6883337.86, "invcashoutf": 200969122.05, "accrexpeincr": null, "subspaynetcash": null, "finrelacash": 657785856.51, "payworkcash": 115014906.15, "subspaydivid": null, "chgexchgchgs": -2293267.38, "finnetcflow": 75581636.09, "receotherbizcash": 22118611.3, "longdefeexpenamor": 5064058.67, "acquassetcash": 26389748.87, "recefincash": 419250830.46, "inspremcash": null, "netcashform": null, "bizcashoutf": 1247879644.05, "fininstnetr": null, "invrececash": 121000000.0, "defetaxassetdecr": -722187.01, "inicashbala": 102701584.34, "invcashinfl": 2297156.3, "paydivicash": null, "netcashscheitse": null, "defeincoincr": null, "disptradnetincr": null, "mananetr": 124573085.03, "debtintocapi": null, "defetaxliabincr": null, "adjustdate": "20110111", "enddate": "20081231", "assedepr": 16687053.7, "biznetscheitse": null, "biznetform": null, "equfinalbala": null, "finoutfitse": null, "cashfinalbala": 98743476.81, "fixedassetnetc": -3703051.92, "cashfinalitse": null, "payintecash": null, "unfiparachg": null, "loansnetr": null, "incrcashpled": null, "biznetcflow": 124573085.03, "asseimpa": 603807.94, "reducashpled": null, "invinffrom": null, "netprofit": 53628196.74, "minysharrigh": null, "equopenbala": null, "inveloss": null, "valuechgloss": null, "receinvcash": 6000208.22, "bizoutfform": null, "biznetscheform": null, "finexpe": 6883337.86, "intaasseamor": 497067.71, "taxrefd": 29417053.17, "biznetitse": null, "finnetitse": null, "invinflitse": null, "subsnetc": null, "unseparachg": null, "finoutfform": null, "recefromloan": 330000000.0, "netinvitse": null, "estidebts": null, "payaincr": -49055665.71, "fdsborrnetr": null, "realestadep": null, "reporttype": "100111", "dispfixedassetloss": 324797.97, "fininflitse": null, "finalcashbala": 98743476.81, "cashfinalform": null, "invoutfitse": null, "netcashitse": null, "payinvecash": 7000000.0, "fixedassescraloss": -140575.47, "savinetr": null, "subsrececash": null, "accstacode": "2", "fincashoutf": 794669194.37, "charintecash": null, "finfixedasset": null, "labopayc": 915054002.57, "expiconvbd": null, "paycompgold": null, "inveretugetcash": null, "compcode": "80166381", "prepexpedecr": null, "repnetincr": null, "issbdrececash": null, "loannetr": null, "withinvgetcash": null, "invpayc": 167579373.18, "debtpaycash": 130000000.0, "fincashinfl": 870250830.46, "cashopenbala": 102701584.34, "netcashscheform": null, "begindate": "20080101", "bizoutfitse": null, "bizinflitse": null, "insnetc": null, "bankloannetincr": null, "receredu": -37359522.59, "publishdate": "20110111", "other": 320170.29, "deponetr": null, "paytax": 55827610.65, "bizinflform": null, "tradepaymnetr": null, "cashneti": -3958107.53, "accstaname": "\u65b0\u4f1a\u8ba1\u51c6\u5219", "cashnetr": -3958107.53, "invnetcashflow": -198671965.75, "netinvform": 0.0, "finnetform": 0.0, "payacticash": 161983124.68, "fininflform": null, "invoutfform": null}, {"laborgetcash": 1228199665.13, "inveredu": -319556635.37, "unreinveloss": 0.0, "bizcashinfl": 1267520922.21, "diviprofpaycash": 1173802.5, "invcashoutf": 64493079.69, "accrexpeincr": 0.0, "subspaynetcash": 0.0, "finrelacash": 446427031.78, "payworkcash": 90874967.99, "subspaydivid": 0.0, "chgexchgchgs": -1776565.13, "finnetcflow": 204678416.55, "receotherbizcash": 11037527.23, "longdefeexpenamor": 5990717.43, "acquassetcash": 64493079.69, "recefincash": 538833700.83, "inspremcash": 0.0, "netcashform": -110614056.04, "bizcashoutf": 1205891601.09, "fininstnetr": 0.0, "invrececash": 83445550.0, "defetaxassetdecr": -16628.56, "inicashbala": 13277547.53, "invcashinfl": 0.0, "paydivicash": 0.0, "netcashscheitse": 0.0, "defeincoincr": 0.0, "disptradnetincr": 0.0, "mananetr": 61629321.12, "debtintocapi": 0.0, "defetaxliabincr": 0.0, "adjustdate": "19000101", "enddate": "20071231", "assedepr": 11011915.58, "biznetscheitse": 0.0, "biznetform": 0.0, "equfinalbala": 0.0, "finoutfitse": 0.0, "cashfinalbala": 102701584.34, "fixedassetnetc": 0.0, "cashfinalitse": 0.0, "payintecash": 0.0, "unfiparachg": 0.0, "loansnetr": 0.0, "incrcashpled": 0.0, "biznetcflow": 61629321.12, "asseimpa": 3253282.08, "reducashpled": 0.0, "invinffrom": 0.0, "netprofit": 25322513.51, "minysharrigh": 0.0, "equopenbala": 0.0, "inveloss": 0.0, "valuechgloss": 0.0, "receinvcash": 0.0, "bizoutfform": 0.0, "biznetscheform": 112440865.88, "finexpe": 1173802.5, "intaasseamor": 406661.12, "taxrefd": 28283729.85, "biznetitse": 0.0, "finnetitse": 0.0, "invinflitse": 0.0, "subsnetc": 0.0, "unseparachg": 0.0, "finoutfform": 0.0, "recefromloan": 60000000.0, "netinvitse": 0.0, "estidebts": 0.0, "payaincr": 378172889.64, "fdsborrnetr": 0.0, "realestadep": 0.0, "reporttype": "100111", "dispfixedassetloss": 0.0, "fininflitse": 0.0, "finalcashbala": 102701584.34, "cashfinalform": 0.0, "invoutfitse": 0.0, "netcashitse": 0.0, "payinvecash": 0.0, "fixedassescraloss": 0.0, "savinetr": 0.0, "subsrececash": 0.0, "accstacode": "2", "fincashoutf": 477600834.28, "charintecash": 0.0, "finfixedasset": 0.0, "labopayc": 989439054.86, "expiconvbd": 0.0, "paycompgold": 0.0, "inveretugetcash": 0.0, "compcode": "80166381", "prepexpedecr": 0.0, "repnetincr": 0.0, "issbdrececash": 0.0, "loannetr": 0.0, "withinvgetcash": 0.0, "invpayc": 0.0, "debtpaycash": 30000000.0, "fincashinfl": 682279250.83, "cashopenbala": 13277547.53, "netcashscheform": 0.0, "begindate": "20070101", "bizoutfitse": 0.0, "bizinflitse": 0.0, "insnetc": 0.0, "bankloannetincr": 0.0, "receredu": -158770876.25, "publishdate": "20110111", "other": 2200813.56, "deponetr": 0.0, "paytax": 28693618.56, "bizinflform": 0.0, "tradepaymnetr": 0.0, "cashneti": 89424036.81, "accstaname": "\u65b0\u4f1a\u8ba1\u51c6\u5219", "cashnetr": 89424036.81, "invnetcashflow": -64493079.69, "netinvform": 0.0, "finnetform": 0.0, "payacticash": 96883959.68, "fininflform": 0.0, "invoutfform": 0.0}], "comptype": 4, "name": "\u4e07\u548c\u7535\u6c14"}