{"list": [{"unreinveloss": null, "specrese": null, "righaggritse": null, "righaggr": 1751126011.17, "otherlonginve": null, "topaycashdivi": null, "minysharrigh": null, "rese": 58938651.14, "intelrece": null, "taxespaya": 43099486.05, "othernoncasse": 4244965.0, "tradshartrad": null, "totcurrasset": 726904498.28, "otherrece": 3142655.02, "accrexpe": null, "expenoncliab": null, "fixedasseclea": null, "currliabitse": null, "consprog": 144659344.14, "engimate": null, "copepoun": null, "longliabform": null, "bdspaya": null, "specpaya": null, "hydrasset": null, "adjustdate": "20171027", "totliabsharequi": 2129133510.51, "inveprop": null, "cenbankborr": null, "capisurp": 653978266.22, "currliabform": null, "intelpay": null, "shorttermborr": null, "shorttermbdspaya": null, "reinrece": null, "totalasseform": null, "sharrighitse": null, "accorece": 9675135.85, "totalnoncassets": 1402229012.23, "accopaya": 84268238.21, "othercurreliabi": null, "purcresaasset": null, "intaasset": 173440925.15, "inve": 408649871.3, "totalcurrliab": 372592499.34, "sharrightform": null, "expinoncurrasset": null, "tradfinliab": null, "fixedasseimpa": null, "fixedassenetw": null, "fixedasseimmo": null, "equiinve": null, "paresharrigh": 1751126011.17, "currassetitse": null, "fdsborr": null, "expotaxrebarece": null, "totassetitse": null, "subsrece": null, "comasse": null, "tradfinasset": null, "actiundesecu": null, "noncasseitse": null, "intepaya": null, "prepexpe": null, "reportdate": "20170930", "otherfeepaya": null, "rightotitse": null, "derifinaasset": null, "dometicksett": null, "generiskrese": null, "dividrece": null, "interece": null, "rightotform": null, "treastk": null, "undiprof": 674209093.81, "avaisellasse": null, "totliabform": null, "rightaggrform": null, "paidincapi": 364000000.0, "longliabitse": null, "accstacode": "2", "totliabitse": null, "longborr": null, "premrece": null, "noncasseform": null, "curtrandiff": null, "prep": 9349335.56, "defetaxasset": 2355107.96, "compcode": "80400931", "expecurrliab": null, "copewithreinrece": null, "divipaya": null, "notespaya": null, "currasseform": null, "margrequ": null, "totasset": 2129133510.51, "reincontrese": null, "totalnoncliab": 5415000.0, "notesrece": null, "totliab": 378007499.34, "duenoncliab": 15000000.0, "holdinvedue": null, "accudepr": null, "insucontrese": null, "deveexpe": null, "settresedepo": null, "defereve": null, "othernoncliabi": null, "lendandloan": null, "longdefeinco": 5415000.0, "publishdate": "20171027", "advapaym": 115667296.29, "margrece": null, "defeincotaxliab": null, "logprepexpe": null, "prodasse": null, "othercurrasse": 3160291.41, "longrece": null, "accstaname": "\u65b0\u4f1a\u8ba1\u51c6\u5219", "reporttype": "100111", "deriliab": null, "plac": null, "sellrepasse": null, "inteticksett": null, "longpaya": null, "copeworkersal": 39897283.68, "goodwill": null, "unseg": null, "actitradsecu": null, "otherpay": 74660195.11, "deposit": null, "fixedassenet": 1077528669.98, "curfds": 292927209.14}, {"unreinveloss": null, "specrese": null, "righaggritse": null, "righaggr": 1716243058.54, "otherlonginve": null, "topaycashdivi": null, "minysharrigh": null, "rese": 58938651.14, "intelrece": null, "taxespaya": 26739241.85, "othernoncasse": 1443054.4, "tradshartrad": null, "totcurrasset": 745990668.56, "otherrece": 2349840.53, "accrexpe": null, "expenoncliab": null, "fixedasseclea": null, "currliabitse": null, "consprog": 215679205.75, "engimate": 2070940.16, "copepoun": null, "longliabform": null, "bdspaya": null, "specpaya": null, "hydrasset": null, "adjustdate": "20170728", "totliabsharequi": 2098879322.38, "inveprop": null, "cenbankborr": null, "capisurp": 653978266.22, "currliabform": null, "intelpay": null, "shorttermborr": null, "shorttermbdspaya": null, "reinrece": null, "totalasseform": null, "sharrighitse": null, "accorece": 8222088.79, "totalnoncassets": 1352888653.82, "accopaya": 91008887.2, "othercurreliabi": null, "purcresaasset": null, "intaasset": 166191828.75, "inve": 365755664.11, "totalcurrliab": 377023263.84, "sharrightform": null, "expinoncurrasset": null, "tradfinliab": null, "fixedasseimpa": 2834160.21, "fixedassenetw": 967225602.36, "fixedasseimmo": 1185244051.25, "equiinve": null, "paresharrigh": 1716243058.54, "currassetitse": null, "fdsborr": null, "expotaxrebarece": null, "totassetitse": null, "subsrece": null, "comasse": null, "tradfinasset": null, "actiundesecu": null, "noncasseitse": null, "intepaya": null, "prepexpe": null, "reportdate": "20170630", "otherfeepaya": null, "rightotitse": null, "derifinaasset": null, "dometicksett": null, "generiskrese": null, "dividrece": null, "interece": null, "rightotform": null, "treastk": null, "undiprof": 639326141.18, "avaisellasse": null, "totliabform": null, "rightaggrform": null, "paidincapi": 364000000.0, "longliabitse": null, "accstacode": "2", "totliabitse": null, "longborr": null, "premrece": null, "noncasseform": null, "curtrandiff": null, "prep": 5946540.19, "defetaxasset": 3112182.61, "compcode": "80400931", "expecurrliab": null, "copewithreinrece": null, "divipaya": null, "notespaya": null, "currasseform": null, "margrequ": null, "totasset": 2098879322.38, "reincontrese": null, "totalnoncliab": 5613000.0, "notesrece": null, "totliab": 382636263.84, "duenoncliab": 15000000.0, "holdinvedue": null, "accudepr": 218018448.89, "insucontrese": null, "deveexpe": null, "settresedepo": null, "defereve": null, "othernoncliabi": null, "lendandloan": null, "longdefeinco": 5613000.0, "publishdate": "20170728", "advapaym": 122070014.97, "margrece": null, "defeincotaxliab": null, "logprepexpe": null, "prodasse": null, "othercurrasse": 45567915.01, "longrece": null, "accstaname": "\u65b0\u4f1a\u8ba1\u51c6\u5219", "reporttype": "100111", "deriliab": null, "plac": null, "sellrepasse": null, "inteticksett": null, "longpaya": null, "copeworkersal": 32544123.8, "goodwill": null, "unseg": null, "actitradsecu": null, "otherpay": 89660996.02, "deposit": null, "fixedassenet": 964391442.15, "curfds": 318148619.93}, {"unreinveloss": null, "specrese": null, "righaggritse": null, "righaggr": 1755290139.24, "otherlonginve": null, "topaycashdivi": null, "minysharrigh": null, "rese": 58938651.14, "intelrece": null, "taxespaya": 50413519.08, "othernoncasse": 565012.83, "tradshartrad": null, "totcurrasset": 880630700.42, "otherrece": 2608521.7, "accrexpe": null, "expenoncliab": null, "fixedasseclea": null, "currliabitse": null, "consprog": 147815786.99, "engimate": null, "copepoun": null, "longliabform": null, "bdspaya": null, "specpaya": null, "hydrasset": null, "adjustdate": "20170429", "totliabsharequi": 2172923435.98, "inveprop": null, "cenbankborr": null, "capisurp": 737978266.22, "currliabform": null, "intelpay": null, "shorttermborr": null, "shorttermbdspaya": null, "reinrece": null, "totalasseform": null, "sharrighitse": null, "accorece": 12854206.05, "totalnoncassets": 1292292735.56, "accopaya": 108081545.39, "othercurreliabi": null, "purcresaasset": null, "intaasset": 167144804.28, "inve": 364965358.12, "totalcurrliab": 411822296.74, "sharrightform": null, "expinoncurrasset": null, "tradfinliab": null, "fixedasseimpa": null, "fixedassenetw": null, "fixedasseimmo": null, "equiinve": null, "paresharrigh": 1755290139.24, "currassetitse": null, "fdsborr": null, "expotaxrebarece": null, "totassetitse": null, "subsrece": null, "comasse": null, "tradfinasset": null, "actiundesecu": null, "noncasseitse": null, "intepaya": null, "prepexpe": null, "reportdate": "20170331", "otherfeepaya": null, "rightotitse": null, "derifinaasset": null, "dometicksett": null, "generiskrese": null, "dividrece": null, "interece": null, "rightotform": null, "treastk": null, "undiprof": 678373221.88, "avaisellasse": null, "totliabform": null, "rightaggrform": null, "paidincapi": 280000000.0, "longliabitse": null, "accstacode": "2", "totliabitse": null, "longborr": null, "premrece": null, "noncasseform": null, "curtrandiff": null, "prep": 1784777.59, "defetaxasset": 2687643.39, "compcode": "80400931", "expecurrliab": null, "copewithreinrece": null, "divipaya": null, "notespaya": null, "currasseform": null, "margrequ": null, "totasset": 2172923435.98, "reincontrese": null, "totalnoncliab": 5811000.0, "notesrece": null, "totliab": 417633296.74, "duenoncliab": 15000000.0, "holdinvedue": null, "accudepr": null, "insucontrese": null, "deveexpe": null, "settresedepo": null, "defereve": null, "othernoncliabi": null, "lendandloan": null, "longdefeinco": 5811000.0, "publishdate": "20170429", "advapaym": 155140989.22, "margrece": null, "defeincotaxliab": null, "logprepexpe": null, "prodasse": null, "othercurrasse": 59258933.56, "longrece": null, "accstaname": "\u65b0\u4f1a\u8ba1\u51c6\u5219", "reporttype": "100111", "deriliab": null, "plac": null, "sellrepasse": null, "inteticksett": null, "longpaya": null, "copeworkersal": 28662810.41, "goodwill": null, "unseg": null, "actitradsecu": null, "otherpay": 54523432.64, "deposit": null, "fixedassenet": 974079488.07, "curfds": 439158903.4}, {"unreinveloss": null, "specrese": null, "righaggritse": null, "righaggr": 1641634624.02, "otherlonginve": null, "topaycashdivi": null, "minysharrigh": null, "rese": 58938651.14, "intelrece": null, "taxespaya": 22683965.47, "othernoncasse": 329570.0, "tradshartrad": null, "totcurrasset": 978762816.28, "otherrece": 1375868.58, "accrexpe": null, "expenoncliab": null, "fixedasseclea": null, "currliabitse": null, "consprog": 124499794.71, "engimate": null, "copepoun": null, "longliabform": null, "bdspaya": null, "specpaya": null, "hydrasset": null, "adjustdate": "20170429", "totliabsharequi": 2258257343.61, "inveprop": null, "cenbankborr": null, "capisurp": 737978266.22, "currliabform": null, "intelpay": null, "shorttermborr": 12000000.0, "shorttermbdspaya": null, "reinrece": null, "totalasseform": null, "sharrighitse": null, "accorece": 9671395.68, "totalnoncassets": 1279494527.33, "accopaya": 102165281.9, "othercurreliabi": null, "purcresaasset": null, "intaasset": 168097779.81, "inve": 381650157.98, "totalcurrliab": 610613719.59, "sharrightform": null, "expinoncurrasset": null, "tradfinliab": null, "fixedasseimpa": 2834160.21, "fixedassenetw": 986165381.33, "fixedasseimmo": 1175952143.63, "equiinve": null, "paresharrigh": 1641634624.02, "currassetitse": null, "fdsborr": null, "expotaxrebarece": null, "totassetitse": null, "subsrece": null, "comasse": null, "tradfinasset": null, "actiundesecu": null, "noncasseitse": null, "intepaya": null, "prepexpe": null, "reportdate": "20161231", "otherfeepaya": null, "rightotitse": null, "derifinaasset": null, "dometicksett": null, "generiskrese": null, "dividrece": null, "interece": null, "rightotform": null, "treastk": null, "undiprof": 564717706.66, "avaisellasse": null, "totliabform": null, "rightaggrform": null, "paidincapi": 280000000.0, "longliabitse": null, "accstacode": "2", "totliabitse": null, "longborr": null, "premrece": null, "noncasseform": null, "curtrandiff": null, "prep": 1816367.37, "defetaxasset": 3236161.69, "compcode": "80400931", "expecurrliab": null, "copewithreinrece": null, "divipaya": null, "notespaya": null, "currasseform": null, "margrequ": null, "totasset": 2258257343.61, "reincontrese": null, "totalnoncliab": 6009000.0, "notesrece": null, "totliab": 616622719.59, "duenoncliab": 15000000.0, "holdinvedue": null, "accudepr": 189786762.3, "insucontrese": null, "deveexpe": null, "settresedepo": null, "defereve": null, "othernoncliabi": null, "lendandloan": null, "longdefeinco": 6009000.0, "publishdate": "20170429", "advapaym": 354753590.44, "margrece": null, "defeincotaxliab": null, "logprepexpe": null, "prodasse": null, "othercurrasse": 106008364.0, "longrece": null, "accstaname": "\u65b0\u4f1a\u8ba1\u51c6\u5219", "reporttype": "100111", "deriliab": null, "plac": null, "sellrepasse": null, "inteticksett": null, "longpaya": null, "copeworkersal": 44446175.34, "goodwill": null, "unseg": null, "actitradsecu": null, "otherpay": 59564706.44, "deposit": null, "fixedassenet": 983331221.12, "curfds": 478240662.67}, {"unreinveloss": null, "specrese": null, "righaggritse": null, "righaggr": 1580145182.6, "otherlonginve": null, "topaycashdivi": null, "minysharrigh": null, "rese": 40981455.42, "intelrece": null, "taxespaya": 42084435.42, "othernoncasse": null, "tradshartrad": null, "totcurrasset": 662776533.01, "otherrece": 2488530.94, "accrexpe": null, "expenoncliab": null, "fixedasseclea": null, "currliabitse": null, "consprog": 138069191.68, "engimate": null, "copepoun": null, "longliabform": null, "bdspaya": null, "specpaya": null, "hydrasset": null, "adjustdate": "20161028", "totliabsharequi": 1942364843.32, "inveprop": null, "cenbankborr": null, "capisurp": 737978266.22, "currliabform": null, "intelpay": null, "shorttermborr": null, "shorttermbdspaya": null, "reinrece": null, "totalasseform": null, "sharrighitse": null, "accorece": 8321004.78, "totalnoncassets": 1279588310.31, "accopaya": 89828723.86, "othercurreliabi": null, "purcresaasset": null, "intaasset": 169050755.34, "inve": 331371085.37, "totalcurrliab": 355125160.72, "sharrightform": null, "expinoncurrasset": null, "tradfinliab": null, "fixedasseimpa": null, "fixedassenetw": null, "fixedasseimmo": null, "equiinve": null, "paresharrigh": 1580145182.6, "currassetitse": null, "fdsborr": null, "expotaxrebarece": null, "totassetitse": null, "subsrece": null, "comasse": null, "tradfinasset": null, "actiundesecu": null, "noncasseitse": null, "intepaya": null, "prepexpe": null, "reportdate": "20160930", "otherfeepaya": null, "rightotitse": null, "derifinaasset": null, "dometicksett": null, "generiskrese": null, "dividrece": null, "interece": null, "rightotform": null, "treastk": null, "undiprof": 521185460.96, "avaisellasse": null, "totliabform": null, "rightaggrform": null, "paidincapi": 280000000.0, "longliabitse": null, "accstacode": "2", "totliabitse": null, "longborr": 3000000.0, "premrece": null, "noncasseform": null, "curtrandiff": null, "prep": 2907029.81, "defetaxasset": 2203434.66, "compcode": "80400931", "expecurrliab": null, "copewithreinrece": null, "divipaya": null, "notespaya": null, "currasseform": null, "margrequ": null, "totasset": 1942364843.32, "reincontrese": null, "totalnoncliab": 7094500.0, "notesrece": null, "totliab": 362219660.72, "duenoncliab": 12000000.0, "holdinvedue": null, "accudepr": null, "insucontrese": null, "deveexpe": null, "settresedepo": null, "defereve": null, "othernoncliabi": null, "lendandloan": null, "longdefeinco": 4094500.0, "publishdate": "20161028", "advapaym": 107887785.69, "margrece": null, "defeincotaxliab": null, "logprepexpe": null, "prodasse": null, "othercurrasse": 1890835.32, "longrece": null, "accstaname": "\u65b0\u4f1a\u8ba1\u51c6\u5219", "reporttype": "100111", "deriliab": null, "plac": null, "sellrepasse": null, "inteticksett": null, "longpaya": null, "copeworkersal": 35787427.97, "goodwill": null, "unseg": null, "actitradsecu": null, "otherpay": 67536787.78, "deposit": null, "fixedassenet": 970264928.63, "curfds": 315798046.79}, {"unreinveloss": null, "specrese": null, "righaggritse": null, "righaggr": 1534179568.42, "otherlonginve": null, "topaycashdivi": null, "minysharrigh": null, "rese": 40981455.42, "intelrece": null, "taxespaya": 20755015.78, "othernoncasse": null, "tradshartrad": null, "totcurrasset": 829470341.07, "otherrece": 2146331.93, "accrexpe": null, "expenoncliab": null, "fixedasseclea": null, "currliabitse": null, "consprog": 117550999.55, "engimate": null, "copepoun": null, "longliabform": null, "bdspaya": null, "specpaya": null, "hydrasset": null, "adjustdate": "20160829", "totliabsharequi": 2098064710.43, "inveprop": null, "cenbankborr": null, "capisurp": 737978266.22, "currliabform": null, "intelpay": null, "shorttermborr": null, "shorttermbdspaya": null, "reinrece": null, "totalasseform": null, "sharrighitse": null, "accorece": 8310577.73, "totalnoncassets": 1268594369.36, "accopaya": 93417674.58, "othercurreliabi": null, "purcresaasset": null, "intaasset": 170003730.87, "inve": 294070743.76, "totalcurrliab": 476605142.01, "sharrightform": null, "expinoncurrasset": null, "tradfinliab": null, "fixedasseimpa": 6832967.48, "fixedassenetw": 985566359.66, "fixedasseimmo": 1150872825.91, "equiinve": null, "paresharrigh": 1534179568.42, "currassetitse": null, "fdsborr": null, "expotaxrebarece": null, "totassetitse": null, "subsrece": null, "comasse": null, "tradfinasset": null, "actiundesecu": null, "noncasseitse": null, "intepaya": null, "prepexpe": null, "reportdate": "20160630", "otherfeepaya": null, "rightotitse": null, "derifinaasset": null, "dometicksett": null, "generiskrese": null, "dividrece": null, "interece": null, "rightotform": null, "treastk": null, "undiprof": 475219846.78, "avaisellasse": null, "totliabform": null, "rightaggrform": null, "paidincapi": 280000000.0, "longliabitse": null, "accstacode": "2", "totliabitse": null, "longborr": 83000000.0, "premrece": null, "noncasseform": null, "curtrandiff": null, "prep": 3671683.44, "defetaxasset": 2306246.76, "compcode": "80400931", "expecurrliab": null, "copewithreinrece": null, "divipaya": null, "notespaya": null, "currasseform": null, "margrequ": null, "totasset": 2098064710.43, "reincontrese": null, "totalnoncliab": 87280000.0, "notesrece": null, "totliab": 563885142.01, "duenoncliab": 132000000.0, "holdinvedue": null, "accudepr": 165306466.25, "insucontrese": null, "deveexpe": null, "settresedepo": null, "defereve": null, "othernoncliabi": null, "lendandloan": null, "longdefeinco": 4280000.0, "publishdate": "20160829", "advapaym": 131652589.81, "margrece": null, "defeincotaxliab": null, "logprepexpe": null, "prodasse": null, "othercurrasse": 1674079.7, "longrece": null, "accstaname": "\u65b0\u4f1a\u8ba1\u51c6\u5219", "reporttype": "100111", "deriliab": null, "plac": null, "sellrepasse": null, "inteticksett": null, "longpaya": null, "copeworkersal": 25821293.27, "goodwill": null, "unseg": null, "actitradsecu": null, "otherpay": 72958568.57, "deposit": null, "fixedassenet": 978733392.18, "curfds": 519596924.51}, {"unreinveloss": null, "specrese": null, "righaggritse": null, "righaggr": 1512162258.73, "otherlonginve": null, "topaycashdivi": null, "minysharrigh": null, "rese": 40981455.42, "intelrece": null, "taxespaya": 45351819.38, "othernoncasse": null, "tradshartrad": null, "totcurrasset": 1017315346.53, "otherrece": 2050483.58, "accrexpe": null, "expenoncliab": null, "fixedasseclea": null, "currliabitse": null, "consprog": 393921113.35, "engimate": 897435.9, "copepoun": null, "longliabform": null, "bdspaya": null, "specpaya": null, "hydrasset": null, "adjustdate": "20160422", "totliabsharequi": 2262230699.59, "inveprop": null, "cenbankborr": null, "capisurp": 737978266.22, "currliabform": null, "intelpay": null, "shorttermborr": null, "shorttermbdspaya": null, "reinrece": null, "totalasseform": null, "sharrighitse": null, "accorece": 13006552.22, "totalnoncassets": 1244915353.06, "accopaya": 120157334.51, "othercurreliabi": null, "purcresaasset": null, "intaasset": 170956706.4, "inve": 295602102.94, "totalcurrliab": 662602940.86, "sharrightform": null, "expinoncurrasset": null, "tradfinliab": null, "fixedasseimpa": null, "fixedassenetw": null, "fixedasseimmo": null, "equiinve": null, "paresharrigh": 1512162258.73, "currassetitse": null, "fdsborr": null, "expotaxrebarece": null, "totassetitse": null, "subsrece": null, "comasse": null, "tradfinasset": null, "actiundesecu": null, "noncasseitse": null, "intepaya": null, "prepexpe": null, "reportdate": "20160331", "otherfeepaya": null, "rightotitse": null, "derifinaasset": null, "dometicksett": null, "generiskrese": null, "dividrece": null, "interece": null, "rightotform": null, "treastk": null, "undiprof": 453202537.09, "avaisellasse": null, "totliabform": null, "rightaggrform": null, "paidincapi": 280000000.0, "longliabitse": null, "accstacode": "2", "totliabitse": null, "longborr": 83000000.0, "premrece": null, "noncasseform": null, "curtrandiff": null, "prep": 1534095.07, "defetaxasset": 3882896.46, "compcode": "80400931", "expecurrliab": null, "copewithreinrece": null, "divipaya": null, "notespaya": null, "currasseform": null, "margrequ": null, "totasset": 2262230699.59, "reincontrese": null, "totalnoncliab": 87465500.0, "notesrece": null, "totliab": 750068440.86, "duenoncliab": 282000000.0, "holdinvedue": null, "accudepr": null, "insucontrese": null, "deveexpe": null, "settresedepo": null, "defereve": null, "othernoncliabi": 4465500.0, "lendandloan": null, "longdefeinco": null, "publishdate": "20160422", "advapaym": 138611239.89, "margrece": null, "defeincotaxliab": null, "logprepexpe": null, "prodasse": null, "othercurrasse": 2809599.33, "longrece": null, "accstaname": "\u65b0\u4f1a\u8ba1\u51c6\u5219", "reporttype": "100111", "deriliab": null, "plac": null, "sellrepasse": null, "inteticksett": null, "longpaya": null, "copeworkersal": 18466299.07, "goodwill": null, "unseg": null, "actitradsecu": null, "otherpay": 58016248.01, "deposit": null, "fixedassenet": 675257200.95, "curfds": 702312513.39}, {"unreinveloss": null, "specrese": null, "righaggritse": null, "righaggr": 768166688.93, "otherlonginve": null, "topaycashdivi": null, "minysharrigh": null, "rese": 40981455.42, "intelrece": null, "taxespaya": 31979817.32, "othernoncasse": null, "tradshartrad": null, "totcurrasset": 651874647.5, "otherrece": 1210298.93, "accrexpe": null, "expenoncliab": null, "fixedasseclea": null, "currliabitse": null, "consprog": 339345553.47, "engimate": null, "copepoun": null, "longliabform": null, "bdspaya": null, "specpaya": null, "hydrasset": null, "adjustdate": "20160222", "totliabsharequi": 1853292656.07, "inveprop": null, "cenbankborr": null, "capisurp": 97576134.15, "currliabform": null, "intelpay": null, "shorttermborr": null, "shorttermbdspaya": null, "reinrece": null, "totalasseform": null, "sharrighitse": null, "accorece": 9121669.74, "totalnoncassets": 1201418008.57, "accopaya": 98473404.29, "othercurreliabi": null, "purcresaasset": null, "intaasset": 171909681.93, "inve": 313955133.73, "totalcurrliab": 899474967.14, "sharrightform": null, "expinoncurrasset": null, "tradfinliab": null, "fixedasseimpa": 6832967.48, "fixedassenetw": 690461229.29, "fixedasseimmo": 834042041.24, "equiinve": null, "paresharrigh": 768166688.93, "currassetitse": null, "fdsborr": null, "expotaxrebarece": null, "totassetitse": null, "subsrece": null, "comasse": null, "tradfinasset": null, "actiundesecu": null, "noncasseitse": null, "intepaya": null, "prepexpe": null, "reportdate": "20151231", "otherfeepaya": null, "rightotitse": null, "derifinaasset": null, "dometicksett": null, "generiskrese": null, "dividrece": null, "interece": null, "rightotform": null, "treastk": null, "undiprof": 419609099.36, "avaisellasse": null, "totliabform": null, "rightaggrform": null, "paidincapi": 210000000.0, "longliabitse": null, "accstacode": "2", "totliabitse": null, "longborr": 183000000.0, "premrece": null, "noncasseform": null, "curtrandiff": null, "prep": 1730707.24, "defetaxasset": 6534511.36, "compcode": "80400931", "expecurrliab": null, "copewithreinrece": null, "divipaya": null, "notespaya": null, "currasseform": null, "margrequ": null, "totasset": 1853292656.07, "reincontrese": null, "totalnoncliab": 185651000.0, "notesrece": null, "totliab": 1085125967.14, "duenoncliab": 467000000.0, "holdinvedue": null, "accudepr": 143580811.95, "insucontrese": null, "deveexpe": null, "settresedepo": null, "defereve": null, "othernoncliabi": null, "lendandloan": null, "longdefeinco": 2651000.0, "publishdate": "20160222", "advapaym": 202528533.31, "margrece": null, "defeincotaxliab": null, "logprepexpe": null, "prodasse": null, "othercurrasse": 1557692.35, "longrece": null, "accstaname": "\u65b0\u4f1a\u8ba1\u51c6\u5219", "reporttype": "100111", "deriliab": null, "plac": null, "sellrepasse": null, "inteticksett": null, "longpaya": null, "copeworkersal": 35381552.96, "goodwill": null, "unseg": null, "actitradsecu": null, "otherpay": 64111659.26, "deposit": null, "fixedassenet": 683628261.81, "curfds": 324299145.51}, {"unreinveloss": null, "specrese": null, "righaggritse": null, "righaggr": 640160875.29, "otherlonginve": null, "topaycashdivi": null, "minysharrigh": null, "rese": 28083153.58, "intelrece": null, "taxespaya": 43489009.65, "othernoncasse": null, "tradshartrad": null, "totcurrasset": 513588029.88, "otherrece": 1375054.62, "accrexpe": null, "expenoncliab": null, "fixedasseclea": null, "currliabitse": null, "consprog": 404549304.11, "engimate": null, "copepoun": null, "longliabform": null, "bdspaya": null, "specpaya": null, "hydrasset": null, "adjustdate": "20160222", "totliabsharequi": 1557798915.27, "inveprop": null, "cenbankborr": null, "capisurp": 97576134.15, "currliabform": null, "intelpay": null, "shorttermborr": null, "shorttermbdspaya": null, "reinrece": null, "totalasseform": null, "sharrighitse": null, "accorece": 10870294.35, "totalnoncassets": 1044210885.39, "accopaya": 107997847.62, "othercurreliabi": null, "purcresaasset": null, "intaasset": 176857592.27, "inve": 276433429.44, "totalcurrliab": 497095039.98, "sharrightform": null, "expinoncurrasset": null, "tradfinliab": null, "fixedasseimpa": 10044015.06, "fixedassenetw": 467633600.68, "fixedasseimmo": 575432469.3, "equiinve": null, "paresharrigh": 640160875.29, "currassetitse": null, "fdsborr": null, "expotaxrebarece": null, "totassetitse": null, "subsrece": null, "comasse": null, "tradfinasset": null, "actiundesecu": null, "noncasseitse": null, "intepaya": null, "prepexpe": null, "reportdate": "20141231", "otherfeepaya": null, "rightotitse": null, "derifinaasset": null, "dometicksett": null, "generiskrese": null, "dividrece": null, "interece": null, "rightotform": null, "treastk": null, "undiprof": 304501587.56, "avaisellasse": null, "totliabform": null, "rightaggrform": null, "paidincapi": 210000000.0, "longliabitse": null, "accstacode": "2", "totliabitse": null, "longborr": 418000000.0, "premrece": null, "noncasseform": null, "curtrandiff": null, "prep": 1463126.55, "defetaxasset": 5214403.39, "compcode": "80400931", "expecurrliab": null, "copewithreinrece": null, "divipaya": null, "notespaya": null, "currasseform": null, "margrequ": null, "totasset": 1557798915.27, "reincontrese": null, "totalnoncliab": 420543000.0, "notesrece": null, "totliab": 917638039.98, "duenoncliab": 147000000.0, "holdinvedue": null, "accudepr": 107798868.62, "insucontrese": null, "deveexpe": null, "settresedepo": null, "defereve": null, "othernoncliabi": null, "lendandloan": null, "longdefeinco": 2543000.0, "publishdate": "20160222", "advapaym": 125911842.8, "margrece": null, "defeincotaxliab": null, "logprepexpe": null, "prodasse": null, "othercurrasse": 388567.36, "longrece": null, "accstaname": "\u65b0\u4f1a\u8ba1\u51c6\u5219", "reporttype": "100111", "deriliab": null, "plac": null, "sellrepasse": null, "inteticksett": null, "longpaya": null, "copeworkersal": 21239901.3, "goodwill": null, "unseg": null, "actitradsecu": null, "otherpay": 51456438.61, "deposit": null, "fixedassenet": 457589585.62, "curfds": 223057557.56}, {"unreinveloss": null, "specrese": null, "righaggritse": null, "righaggr": 547996780.06, "otherlonginve": null, "topaycashdivi": null, "minysharrigh": null, "rese": 18666270.19, "intelrece": null, "taxespaya": 49791008.86, "othernoncasse": null, "tradshartrad": null, "totcurrasset": 502631684.07, "otherrece": 928215.13, "accrexpe": null, "expenoncliab": null, "fixedasseclea": null, "currliabitse": null, "consprog": 36246246.44, "engimate": 8219784.0, "copepoun": null, "longliabform": null, "bdspaya": null, "specpaya": null, "hydrasset": null, "adjustdate": "20160222", "totliabsharequi": 1207250894.31, "inveprop": null, "cenbankborr": null, "capisurp": 97576134.15, "currliabform": null, "intelpay": null, "shorttermborr": 20000000.0, "shorttermbdspaya": null, "reinrece": null, "totalasseform": null, "sharrighitse": null, "accorece": 10416112.23, "totalnoncassets": 704619210.24, "accopaya": 98947049.48, "othercurreliabi": null, "purcresaasset": null, "intaasset": 179875220.16, "inve": 262180462.24, "totalcurrliab": 556799114.25, "sharrightform": null, "expinoncurrasset": null, "tradfinliab": null, "fixedasseimpa": 10046300.0, "fixedassenetw": 484692900.0, "fixedasseimmo": 556568000.0, "equiinve": null, "paresharrigh": 547996780.06, "currassetitse": null, "fdsborr": null, "expotaxrebarece": null, "totassetitse": null, "subsrece": null, "comasse": null, "tradfinasset": null, "actiundesecu": null, "noncasseitse": null, "intepaya": null, "prepexpe": null, "reportdate": "20131231", "otherfeepaya": null, "rightotitse": null, "derifinaasset": null, "dometicksett": null, "generiskrese": null, "dividrece": null, "interece": null, "rightotform": null, "treastk": null, "undiprof": 221754375.72, "avaisellasse": null, "totliabform": null, "rightaggrform": null, "paidincapi": 210000000.0, "longliabitse": null, "accstacode": "2", "totliabitse": null, "longborr": 100000000.0, "premrece": null, "noncasseform": null, "curtrandiff": null, "prep": 3796265.7, "defetaxasset": 5631351.85, "compcode": "80400931", "expecurrliab": null, "copewithreinrece": null, "divipaya": null, "notespaya": null, "currasseform": null, "margrequ": null, "totasset": 1207250894.31, "reincontrese": null, "totalnoncliab": 102455000.0, "notesrece": null, "totliab": 659254114.25, "duenoncliab": 241000000.0, "holdinvedue": null, "accudepr": 71875100.0, "insucontrese": null, "deveexpe": null, "settresedepo": null, "defereve": null, "othernoncliabi": null, "lendandloan": null, "longdefeinco": 2455000.0, "publishdate": "20160222", "advapaym": 80956613.86, "margrece": null, "defeincotaxliab": null, "logprepexpe": null, "prodasse": null, "othercurrasse": 1513848.65, "longrece": null, "accstaname": "\u65b0\u4f1a\u8ba1\u51c6\u5219", "reporttype": "100111", "deriliab": null, "plac": null, "sellrepasse": null, "inteticksett": null, "longpaya": null, "copeworkersal": 20054476.23, "goodwill": null, "unseg": null, "actitradsecu": null, "otherpay": 46049965.82, "deposit": null, "fixedassenet": 474646607.79, "curfds": 223796780.12}, {"unreinveloss": null, "specrese": null, "righaggritse": null, "righaggr": 464948330.84, "otherlonginve": null, "topaycashdivi": null, "minysharrigh": null, "rese": 9194517.85, "intelrece": null, "taxespaya": 81748574.69, "othernoncasse": 5381810.0, "tradshartrad": null, "totcurrasset": 638888721.25, "otherrece": 644431.96, "accrexpe": null, "expenoncliab": null, "fixedasseclea": null, "currliabitse": null, "consprog": 24972325.74, "engimate": null, "copepoun": null, "longliabform": null, "bdspaya": null, "specpaya": null, "hydrasset": null, "adjustdate": "20140505", "totliabsharequi": 1242873910.0, "inveprop": null, "cenbankborr": null, "capisurp": 185466134.15, "currliabform": null, "intelpay": null, "shorttermborr": 85000000.0, "shorttermbdspaya": null, "reinrece": null, "totalasseform": null, "sharrighitse": null, "accorece": 13562092.17, "totalnoncassets": 603985188.75, "accopaya": 140685009.63, "othercurreliabi": null, "purcresaasset": null, "intaasset": 107575505.89, "inve": 301146539.29, "totalcurrliab": 525558579.16, "sharrightform": null, "expinoncurrasset": null, "tradfinliab": null, "fixedasseimpa": 13949200.0, "fixedassenetw": 476197000.0, "fixedasseimmo": 516069600.0, "equiinve": null, "paresharrigh": 464948330.84, "currassetitse": null, "fdsborr": null, "expotaxrebarece": null, "totassetitse": null, "subsrece": null, "comasse": null, "tradfinasset": null, "actiundesecu": null, "noncasseitse": null, "intepaya": null, "prepexpe": null, "reportdate": "20121231", "otherfeepaya": null, "rightotitse": null, "derifinaasset": null, "dometicksett": null, "generiskrese": null, "dividrece": null, "interece": null, "rightotform": null, "treastk": null, "undiprof": 148177678.84, "avaisellasse": null, "totliabform": null, "rightaggrform": null, "paidincapi": 122110000.0, "longliabitse": null, "accstacode": "2", "totliabitse": null, "longborr": 250000000.0, "premrece": null, "noncasseform": null, "curtrandiff": null, "prep": 12393753.24, "defetaxasset": 3807696.51, "compcode": "80400931", "expecurrliab": null, "copewithreinrece": null, "divipaya": null, "notespaya": null, "currasseform": null, "margrequ": null, "totasset": 1242873910.0, "reincontrese": null, "totalnoncliab": 252367000.0, "notesrece": null, "totliab": 777925579.16, "duenoncliab": 87000000.0, "holdinvedue": null, "accudepr": 39872600.0, "insucontrese": null, "deveexpe": null, "settresedepo": null, "defereve": null, "othernoncliabi": 2367000.0, "lendandloan": null, "longdefeinco": null, "publishdate": "20140505", "advapaym": 101262994.59, "margrece": null, "defeincotaxliab": null, "logprepexpe": null, "prodasse": null, "othercurrasse": null, "longrece": null, "accstaname": "\u65b0\u4f1a\u8ba1\u51c6\u5219", "reporttype": "100111", "deriliab": null, "plac": null, "sellrepasse": null, "inteticksett": null, "longpaya": null, "copeworkersal": 21157421.81, "goodwill": null, "unseg": null, "actitradsecu": null, "otherpay": 8704578.44, "deposit": null, "fixedassenet": 462247850.61, "curfds": 311141904.59}, {"unreinveloss": null, "specrese": null, "righaggritse": null, "righaggr": 158501308.37, "otherlonginve": null, "topaycashdivi": null, "minysharrigh": null, "rese": 9685798.41, "intelrece": null, "taxespaya": 83323548.74, "othernoncasse": null, "tradshartrad": null, "totcurrasset": 332088470.85, "otherrece": 25646754.59, "accrexpe": null, "expenoncliab": null, "fixedasseclea": null, "currliabitse": null, "consprog": 256391633.45, "engimate": 305914.53, "copepoun": null, "longliabform": null, "bdspaya": null, "specpaya": null, "hydrasset": null, "adjustdate": "20140505", "totliabsharequi": 812728251.63, "inveprop": null, "cenbankborr": null, "capisurp": null, "currliabform": null, "intelpay": null, "shorttermborr": null, "shorttermbdspaya": null, "reinrece": null, "totalasseform": null, "sharrighitse": null, "accorece": 16328666.4, "totalnoncassets": 480639780.78, "accopaya": 55001118.57, "othercurreliabi": null, "purcresaasset": null, "intaasset": 43745839.45, "inve": 158081306.17, "totalcurrliab": 542226943.26, "sharrightform": null, "expinoncurrasset": null, "tradfinliab": null, "fixedasseimpa": 13949200.0, "fixedassenetw": 190658900.0, "fixedasseimmo": 214076400.0, "equiinve": null, "paresharrigh": 158501308.37, "currassetitse": null, "fdsborr": null, "expotaxrebarece": null, "totassetitse": null, "subsrece": null, "comasse": null, "tradfinasset": null, "actiundesecu": null, "noncasseitse": null, "intepaya": null, "prepexpe": null, "reportdate": "20111231", "otherfeepaya": null, "rightotitse": null, "derifinaasset": null, "dometicksett": null, "generiskrese": null, "dividrece": null, "interece": null, "rightotform": null, "treastk": null, "undiprof": 48815509.96, "avaisellasse": null, "totliabform": null, "rightaggrform": null, "paidincapi": 100000000.0, "longliabitse": null, "accstacode": "2", "totliabitse": null, "longborr": 112000000.0, "premrece": null, "noncasseform": null, "curtrandiff": null, "prep": 15660786.75, "defetaxasset": 3486699.68, "compcode": "80400931", "expecurrliab": null, "copewithreinrece": null, "divipaya": null, "notespaya": null, "currasseform": null, "margrequ": null, "totasset": 812728251.63, "reincontrese": null, "totalnoncliab": 112000000.0, "notesrece": null, "totliab": 654226943.26, "duenoncliab": 300000000.0, "holdinvedue": null, "accudepr": 23417500.0, "insucontrese": null, "deveexpe": null, "settresedepo": null, "defereve": null, "othernoncliabi": null, "lendandloan": null, "longdefeinco": null, "publishdate": "20140505", "advapaym": 84230960.71, "margrece": null, "defeincotaxliab": null, "logprepexpe": null, "prodasse": null, "othercurrasse": null, "longrece": null, "accstaname": "\u65b0\u4f1a\u8ba1\u51c6\u5219", "reporttype": "100111", "deriliab": null, "plac": null, "sellrepasse": null, "inteticksett": null, "longpaya": null, "copeworkersal": 10086237.96, "goodwill": null, "unseg": null, "actitradsecu": null, "otherpay": 9585077.28, "deposit": null, "fixedassenet": 176709693.67, "curfds": 116370956.94}], "comptype": 4, "name": "\u91d1\u5fbd\u9152"}