{"list": [{"unreinveloss": null, "specrese": null, "righaggritse": null, "righaggr": 2968598760.78, "otherlonginve": null, "topaycashdivi": null, "minysharrigh": 152520629.55, "rese": 132840405.26, "intelrece": null, "taxespaya": 43708692.42, "othernoncasse": 130921526.7, "tradshartrad": null, "totcurrasset": 3605733558.09, "otherrece": 28785392.5, "accrexpe": null, "expenoncliab": 5735391.8, "fixedasseclea": null, "currliabitse": null, "consprog": 159773836.7, "engimate": null, "copepoun": null, "longliabform": null, "bdspaya": null, "specpaya": null, "hydrasset": null, "adjustdate": "20170826", "totliabsharequi": 5456596317.62, "inveprop": null, "cenbankborr": null, "capisurp": 1249054130.72, "currliabform": null, "intelpay": null, "shorttermborr": 20275121.88, "shorttermbdspaya": null, "reinrece": null, "totalasseform": null, "sharrighitse": null, "accorece": 802132009.02, "totalnoncassets": 1850862759.53, "accopaya": 1019530031.37, "othercurreliabi": 224417789.38, "purcresaasset": null, "intaasset": 324916220.63, "inve": 930187941.6, "totalcurrliab": 2404330005.25, "sharrightform": null, "expinoncurrasset": null, "tradfinliab": null, "fixedasseimpa": null, "fixedassenetw": 842083172.14, "fixedasseimmo": 1280572941.04, "equiinve": 124868705.15, "paresharrigh": 2816078131.23, "currassetitse": null, "fdsborr": null, "expotaxrebarece": null, "totassetitse": null, "subsrece": null, "comasse": null, "tradfinasset": 0.0, "actiundesecu": null, "noncasseitse": null, "intepaya": 457726.39, "prepexpe": null, "reportdate": "20170630", "otherfeepaya": null, "rightotitse": null, "derifinaasset": null, "dometicksett": null, "generiskrese": null, "dividrece": null, "interece": null, "rightotform": null, "treastk": null, "undiprof": 994133362.83, "avaisellasse": 244146296.0, "totliabform": null, "rightaggrform": null, "paidincapi": 440000000.0, "longliabitse": null, "accstacode": "2", "totliabitse": null, "longborr": 7791348.4, "premrece": null, "noncasseform": null, "curtrandiff": null, "prep": 93602649.07, "defetaxasset": 13352063.46, "compcode": "80166381", "expecurrliab": null, "copewithreinrece": null, "divipaya": null, "notespaya": 544652331.41, "currasseform": null, "margrequ": null, "totasset": 5456596317.62, "reincontrese": null, "totalnoncliab": 83667551.59, "notesrece": 706279559.49, "totliab": 2487997556.84, "duenoncliab": null, "holdinvedue": null, "accudepr": 438489768.9, "insucontrese": null, "deveexpe": null, "settresedepo": null, "defereve": null, "othernoncliabi": null, "lendandloan": null, "longdefeinco": 70140811.39, "publishdate": "20170826", "advapaym": 290306482.07, "margrece": null, "defeincotaxliab": null, "logprepexpe": 10800938.75, "prodasse": null, "othercurrasse": 34098631.47, "longrece": null, "accstaname": "\u65b0\u4f1a\u8ba1\u51c6\u5219", "reporttype": "100111", "deriliab": null, "plac": null, "sellrepasse": null, "inteticksett": null, "longpaya": null, "copeworkersal": 45317667.61, "goodwill": null, "unseg": null, "actitradsecu": null, "otherpay": 215664162.72, "deposit": null, "fixedassenet": 842083172.14, "curfds": 1010647374.94}, {"unreinveloss": null, "specrese": null, "righaggritse": null, "righaggr": 3051139522.17, "otherlonginve": null, "topaycashdivi": null, "minysharrigh": 1648262.49, "rese": 120124169.05, "intelrece": null, "taxespaya": 25427714.89, "othernoncasse": 95000354.94, "tradshartrad": null, "totcurrasset": 3693743337.67, "otherrece": 57148981.09, "accrexpe": null, "expenoncliab": 4756726.86, "fixedasseclea": null, "currliabitse": null, "consprog": 216682208.74, "engimate": null, "copepoun": null, "longliabform": null, "bdspaya": null, "specpaya": null, "hydrasset": null, "adjustdate": "20170420", "totliabsharequi": 5344861666.49, "inveprop": null, "cenbankborr": null, "capisurp": 1249054130.72, "currliabform": null, "intelpay": null, "shorttermborr": 20648935.46, "shorttermbdspaya": null, "reinrece": null, "totalasseform": null, "sharrighitse": null, "accorece": 580399916.76, "totalnoncassets": 1651118328.82, "accopaya": 864024044.01, "othercurreliabi": 237652586.35, "purcresaasset": null, "intaasset": 325582979.09, "inve": 850077979.1, "totalcurrliab": 2209054120.74, "sharrightform": null, "expinoncurrasset": null, "tradfinliab": null, "fixedasseimpa": null, "fixedassenetw": null, "fixedasseimmo": null, "equiinve": 171757139.89, "paresharrigh": 3049491259.68, "currassetitse": null, "fdsborr": null, "expotaxrebarece": null, "totassetitse": null, "subsrece": null, "comasse": null, "tradfinasset": null, "actiundesecu": null, "noncasseitse": null, "intepaya": 129476.39, "prepexpe": null, "reportdate": "20170331", "otherfeepaya": null, "rightotitse": null, "derifinaasset": null, "dometicksett": null, "generiskrese": null, "dividrece": null, "interece": null, "rightotform": null, "treastk": null, "undiprof": 1240285553.75, "avaisellasse": 44146296.0, "totliabform": null, "rightaggrform": null, "paidincapi": 440000000.0, "longliabitse": null, "accstacode": "2", "totliabitse": null, "longborr": 7791348.4, "premrece": null, "noncasseform": null, "curtrandiff": null, "prep": 69821722.47, "defetaxasset": 11530363.45, "compcode": "80166381", "expecurrliab": null, "copewithreinrece": null, "divipaya": null, "notespaya": 513622769.74, "currasseform": null, "margrequ": null, "totasset": 5344861666.49, "reincontrese": null, "totalnoncliab": 84668023.58, "notesrece": 673021474.04, "totliab": 2293722144.32, "duenoncliab": null, "holdinvedue": null, "accudepr": null, "insucontrese": null, "deveexpe": null, "settresedepo": null, "defereve": null, "othernoncliabi": null, "lendandloan": null, "longdefeinco": 72119948.32, "publishdate": "20170420", "advapaym": 276215196.16, "margrece": null, "defeincotaxliab": null, "logprepexpe": 11942816.53, "prodasse": null, "othercurrasse": 2184818.44, "longrece": null, "accstaname": "\u65b0\u4f1a\u8ba1\u51c6\u5219", "reporttype": "100111", "deriliab": null, "plac": null, "sellrepasse": null, "inteticksett": null, "longpaya": null, "copeworkersal": 40284224.67, "goodwill": null, "unseg": null, "actitradsecu": null, "otherpay": 231049173.07, "deposit": null, "fixedassenet": 774476170.18, "curfds": 1461088445.77}, {"unreinveloss": null, "specrese": null, "righaggritse": null, "righaggr": 2923101697.25, "otherlonginve": null, "topaycashdivi": null, "minysharrigh": -345574.64, "rese": 120124169.05, "intelrece": null, "taxespaya": 64613941.22, "othernoncasse": 151587231.19, "tradshartrad": null, "totcurrasset": 3470898932.31, "otherrece": 26480538.1, "accrexpe": null, "expenoncliab": 3058942.99, "fixedasseclea": null, "currliabitse": null, "consprog": 195152903.47, "engimate": null, "copepoun": null, "longliabform": null, "bdspaya": null, "specpaya": null, "hydrasset": null, "adjustdate": "20170420", "totliabsharequi": 5090434610.49, "inveprop": null, "cenbankborr": null, "capisurp": 1249054130.72, "currliabform": null, "intelpay": null, "shorttermborr": 20761767.9, "shorttermbdspaya": null, "reinrece": null, "totalasseform": null, "sharrighitse": null, "accorece": 606623492.87, "totalnoncassets": 1619535678.18, "accopaya": 922549986.16, "othercurreliabi": 194953869.91, "purcresaasset": null, "intaasset": 255736764.5, "inve": 875261669.44, "totalcurrliab": 2084134923.52, "sharrightform": null, "expinoncurrasset": null, "tradfinliab": null, "fixedasseimpa": null, "fixedassenetw": 781148672.86, "fixedasseimmo": 1262072981.56, "equiinve": 169638157.15, "paresharrigh": 2923447271.89, "currassetitse": null, "fdsborr": null, "expotaxrebarece": null, "totassetitse": null, "subsrece": null, "comasse": null, "tradfinasset": 509.02, "actiundesecu": null, "noncasseitse": null, "intepaya": 129476.39, "prepexpe": null, "reportdate": "20161231", "otherfeepaya": null, "rightotitse": null, "derifinaasset": null, "dometicksett": null, "generiskrese": null, "dividrece": null, "interece": null, "rightotform": null, "treastk": null, "undiprof": 1114320884.04, "avaisellasse": 44146296.0, "totliabform": null, "rightaggrform": null, "paidincapi": 440000000.0, "longliabitse": null, "accstacode": "2", "totliabitse": null, "longborr": 7791348.4, "premrece": null, "noncasseform": null, "curtrandiff": null, "prep": 57778102.53, "defetaxasset": 11524496.46, "compcode": "80166381", "expecurrliab": null, "copewithreinrece": null, "divipaya": null, "notespaya": 419207383.16, "currasseform": null, "margrequ": null, "totasset": 5090434610.49, "reincontrese": null, "totalnoncliab": 83197989.72, "notesrece": 683082400.65, "totliab": 2167332913.24, "duenoncliab": null, "holdinvedue": null, "accudepr": 480924308.7, "insucontrese": null, "deveexpe": null, "settresedepo": null, "defereve": null, "othernoncliabi": null, "lendandloan": null, "longdefeinco": 72347698.33, "publishdate": "20170420", "advapaym": 222262519.75, "margrece": null, "defeincotaxliab": null, "logprepexpe": 10601156.55, "prodasse": null, "othercurrasse": 13182198.12, "longrece": null, "accstaname": "\u65b0\u4f1a\u8ba1\u51c6\u5219", "reporttype": "100111", "deriliab": null, "plac": null, "sellrepasse": null, "inteticksett": null, "longpaya": null, "copeworkersal": 59910424.97, "goodwill": null, "unseg": null, "actitradsecu": null, "otherpay": 179745554.06, "deposit": null, "fixedassenet": 781148672.86, "curfds": 1208490021.58}, {"unreinveloss": null, "specrese": null, "righaggritse": null, "righaggr": 2785793866.59, "otherlonginve": null, "topaycashdivi": null, "minysharrigh": 139695.86, "rese": 96984250.14, "intelrece": null, "taxespaya": 62610798.04, "othernoncasse": 73775988.83, "tradshartrad": null, "totcurrasset": 3041978385.66, "otherrece": 33647518.74, "accrexpe": null, "expenoncliab": 4458024.82, "fixedasseclea": null, "currliabitse": null, "consprog": 180922543.28, "engimate": null, "copepoun": null, "longliabform": null, "bdspaya": null, "specpaya": null, "hydrasset": null, "adjustdate": "20161026", "totliabsharequi": 4579424602.0, "inveprop": null, "cenbankborr": null, "capisurp": 1248973036.56, "currliabform": null, "intelpay": null, "shorttermborr": null, "shorttermbdspaya": null, "reinrece": null, "totalasseform": null, "sharrighitse": null, "accorece": 54105511.59, "totalnoncassets": 1537446216.34, "accopaya": 639263533.33, "othercurreliabi": 385673096.04, "purcresaasset": null, "intaasset": 253032006.26, "inve": 752221314.67, "totalcurrliab": 1712225376.65, "sharrightform": null, "expinoncurrasset": 16730306.01, "tradfinliab": null, "fixedasseimpa": null, "fixedassenetw": null, "fixedasseimmo": null, "equiinve": 166248737.48, "paresharrigh": 2785654170.73, "currassetitse": null, "fdsborr": null, "expotaxrebarece": null, "totassetitse": null, "subsrece": null, "comasse": null, "tradfinasset": 509.02, "actiundesecu": null, "noncasseitse": null, "intepaya": null, "prepexpe": null, "reportdate": "20160930", "otherfeepaya": null, "rightotitse": null, "derifinaasset": 661192515.47, "dometicksett": null, "generiskrese": null, "dividrece": null, "interece": null, "rightotform": null, "treastk": null, "undiprof": 999975808.03, "avaisellasse": 44146296.0, "totliabform": null, "rightaggrform": null, "paidincapi": 440000000.0, "longliabitse": null, "accstacode": "2", "totliabitse": null, "longborr": 7791348.4, "premrece": null, "noncasseform": null, "curtrandiff": null, "prep": null, "defetaxasset": 15209819.04, "compcode": "80166381", "expecurrliab": null, "copewithreinrece": null, "divipaya": null, "notespaya": 352248202.59, "currasseform": null, "margrequ": null, "totasset": 4579424602.0, "reincontrese": null, "totalnoncliab": 81405358.76, "notesrece": 340710478.12, "totliab": 1793630735.41, "duenoncliab": null, "holdinvedue": null, "accudepr": null, "insucontrese": null, "deveexpe": null, "settresedepo": null, "defereve": null, "othernoncliabi": null, "lendandloan": null, "longdefeinco": 69155985.54, "publishdate": "20161026", "advapaym": 162622739.48, "margrece": null, "defeincotaxliab": null, "logprepexpe": 35698729.3, "prodasse": null, "othercurrasse": null, "longrece": null, "accstaname": "\u65b0\u4f1a\u8ba1\u51c6\u5219", "reporttype": "100111", "deriliab": null, "plac": null, "sellrepasse": null, "inteticksett": null, "longpaya": null, "copeworkersal": 31391708.5, "goodwill": null, "unseg": null, "actitradsecu": null, "otherpay": 78415298.67, "deposit": null, "fixedassenet": 768412096.15, "curfds": 1183370232.04}, {"unreinveloss": null, "specrese": null, "righaggritse": null, "righaggr": 2941295003.9, "otherlonginve": null, "topaycashdivi": null, "minysharrigh": 243589.22, "rese": 96984250.14, "intelrece": null, "taxespaya": 51205415.22, "othernoncasse": 54651040.85, "tradshartrad": null, "totcurrasset": 3130567268.7, "otherrece": 25900777.39, "accrexpe": null, "expenoncliab": 3868556.92, "fixedasseclea": null, "currliabitse": null, "consprog": 135674320.03, "engimate": null, "copepoun": null, "longliabform": null, "bdspaya": null, "specpaya": null, "hydrasset": null, "adjustdate": "20160823", "totliabsharequi": 4602168207.32, "inveprop": null, "cenbankborr": null, "capisurp": 1248973036.56, "currliabform": null, "intelpay": null, "shorttermborr": 30042397.41, "shorttermbdspaya": null, "reinrece": null, "totalasseform": null, "sharrighitse": null, "accorece": 417348227.83, "totalnoncassets": 1471600938.62, "accopaya": 632561533.38, "othercurreliabi": 269062217.12, "purcresaasset": null, "intaasset": 254336552.66, "inve": 689169699.18, "totalcurrliab": 1579829562.55, "sharrightform": null, "expinoncurrasset": null, "tradfinliab": null, "fixedasseimpa": null, "fixedassenetw": 779257423.14, "fixedasseimmo": 1216468430.36, "equiinve": 160791216.33, "paresharrigh": 2941051414.68, "currassetitse": null, "fdsborr": null, "expotaxrebarece": null, "totassetitse": null, "subsrece": null, "comasse": null, "tradfinasset": 129213935.89, "actiundesecu": null, "noncasseitse": null, "intepaya": null, "prepexpe": null, "reportdate": "20160630", "otherfeepaya": null, "rightotitse": null, "derifinaasset": null, "dometicksett": null, "generiskrese": null, "dividrece": null, "interece": null, "rightotform": null, "treastk": null, "undiprof": 1156601667.42, "avaisellasse": 44146296.0, "totliabform": null, "rightaggrform": null, "paidincapi": 440000000.0, "longliabitse": null, "accstacode": "2", "totliabitse": null, "longborr": 7791348.4, "premrece": null, "noncasseform": null, "curtrandiff": null, "prep": 43241904.02, "defetaxasset": 15209819.04, "compcode": "80166381", "expecurrliab": null, "copewithreinrece": null, "divipaya": null, "notespaya": 341473383.75, "currasseform": null, "margrequ": null, "totasset": 4602168207.32, "reincontrese": null, "totalnoncliab": 81043640.87, "notesrece": 539658124.62, "totliab": 1660873203.42, "duenoncliab": null, "holdinvedue": null, "accudepr": 437211007.22, "insucontrese": null, "deveexpe": null, "settresedepo": null, "defereve": null, "othernoncliabi": null, "lendandloan": null, "longdefeinco": 69383735.55, "publishdate": "20160823", "advapaym": 148574341.13, "margrece": null, "defeincotaxliab": null, "logprepexpe": 27534270.57, "prodasse": null, "othercurrasse": 62504124.26, "longrece": null, "accstaname": "\u65b0\u4f1a\u8ba1\u51c6\u5219", "reporttype": "100111", "deriliab": null, "plac": null, "sellrepasse": null, "inteticksett": null, "longpaya": null, "copeworkersal": 30528642.18, "goodwill": null, "unseg": null, "actitradsecu": null, "otherpay": 76381632.36, "deposit": null, "fixedassenet": 779257423.14, "curfds": 1223530475.51}, {"unreinveloss": null, "specrese": null, "righaggritse": null, "righaggr": 2928349874.15, "otherlonginve": null, "topaycashdivi": null, "minysharrigh": 594719.74, "rese": 96984250.14, "intelrece": null, "taxespaya": 61293696.88, "othernoncasse": 41289692.61, "tradshartrad": null, "totcurrasset": 2964490111.67, "otherrece": 35220871.04, "accrexpe": null, "expenoncliab": 3850467.38, "fixedasseclea": null, "currliabitse": null, "consprog": 94114611.57, "engimate": null, "copepoun": null, "longliabform": null, "bdspaya": null, "specpaya": null, "hydrasset": null, "adjustdate": "20160426", "totliabsharequi": 4397081504.54, "inveprop": null, "cenbankborr": null, "capisurp": 1248973036.56, "currliabform": null, "intelpay": null, "shorttermborr": null, "shorttermbdspaya": null, "reinrece": null, "totalasseform": null, "sharrighitse": null, "accorece": 551221984.37, "totalnoncassets": 1432591392.87, "accopaya": 522389937.28, "othercurreliabi": 211146182.66, "purcresaasset": null, "intaasset": 255913621.06, "inve": 611819550.99, "totalcurrliab": 1387478329.05, "sharrightform": null, "expinoncurrasset": null, "tradfinliab": null, "fixedasseimpa": null, "fixedassenetw": null, "fixedasseimmo": null, "equiinve": 157838937.57, "paresharrigh": 2927755154.41, "currassetitse": null, "fdsborr": null, "expotaxrebarece": null, "totassetitse": null, "subsrece": null, "comasse": null, "tradfinasset": 108332554.5, "actiundesecu": null, "noncasseitse": null, "intepaya": null, "prepexpe": null, "reportdate": "20160331", "otherfeepaya": null, "rightotitse": null, "derifinaasset": null, "dometicksett": null, "generiskrese": null, "dividrece": null, "interece": null, "rightotform": null, "treastk": null, "undiprof": 1142857420.97, "avaisellasse": 44146296.0, "totliabform": null, "rightaggrform": null, "paidincapi": 440000000.0, "longliabitse": null, "accstacode": "2", "totliabitse": null, "longborr": 7791348.4, "premrece": null, "noncasseform": null, "curtrandiff": null, "prep": 36685047.87, "defetaxasset": 13067866.31, "compcode": "80166381", "expecurrliab": null, "copewithreinrece": null, "divipaya": null, "notespaya": 337328974.04, "currasseform": null, "margrequ": null, "totasset": 4397081504.54, "reincontrese": null, "totalnoncliab": 81253301.34, "notesrece": 481640504.81, "totliab": 1468731630.39, "duenoncliab": null, "holdinvedue": null, "accudepr": null, "insucontrese": null, "deveexpe": null, "settresedepo": null, "defereve": null, "othernoncliabi": null, "lendandloan": null, "longdefeinco": 69611485.56, "publishdate": "20160426", "advapaym": 128454140.99, "margrece": null, "defeincotaxliab": null, "logprepexpe": 30646652.39, "prodasse": null, "othercurrasse": 224465008.13, "longrece": null, "accstaname": "\u65b0\u4f1a\u8ba1\u51c6\u5219", "reporttype": "100111", "deriliab": null, "plac": null, "sellrepasse": null, "inteticksett": null, "longpaya": null, "copeworkersal": 38621273.37, "goodwill": null, "unseg": null, "actitradsecu": null, "otherpay": 88244123.83, "deposit": null, "fixedassenet": 795573715.36, "curfds": 915104589.96}, {"unreinveloss": null, "specrese": null, "righaggritse": null, "righaggr": 2821107896.61, "otherlonginve": null, "topaycashdivi": null, "minysharrigh": 589290.44, "rese": 96984250.14, "intelrece": null, "taxespaya": 18858011.98, "othernoncasse": 43151422.0, "tradshartrad": null, "totcurrasset": 2826918240.68, "otherrece": 31666683.14, "accrexpe": null, "expenoncliab": 3883941.71, "fixedasseclea": null, "currliabitse": null, "consprog": 86857287.32, "engimate": null, "copepoun": null, "longliabform": null, "bdspaya": null, "specpaya": null, "hydrasset": null, "adjustdate": "20160331", "totliabsharequi": 4255957722.34, "inveprop": 0.0, "cenbankborr": null, "capisurp": 1248973036.56, "currliabform": null, "intelpay": null, "shorttermborr": 0.0, "shorttermbdspaya": null, "reinrece": null, "totalasseform": null, "sharrighitse": null, "accorece": 487237092.31, "totalnoncassets": 1429039481.66, "accopaya": 696521114.63, "othercurreliabi": 86338634.0, "purcresaasset": null, "intaasset": 257809523.34, "inve": 794436879.21, "totalcurrliab": 1353335300.05, "sharrightform": null, "expinoncurrasset": null, "tradfinliab": null, "fixedasseimpa": null, "fixedassenetw": 787152902.82, "fixedasseimmo": 1180480498.16, "equiinve": 156719506.13, "paresharrigh": 2820518606.17, "currassetitse": null, "fdsborr": null, "expotaxrebarece": null, "totassetitse": null, "subsrece": null, "comasse": null, "tradfinasset": 132284251.4, "actiundesecu": null, "noncasseitse": null, "intepaya": null, "prepexpe": null, "reportdate": "20151231", "otherfeepaya": null, "rightotitse": null, "derifinaasset": null, "dometicksett": null, "generiskrese": null, "dividrece": null, "interece": null, "rightotform": null, "treastk": null, "undiprof": 1036293098.2, "avaisellasse": 44146296.0, "totliabform": null, "rightaggrform": null, "paidincapi": 440000000.0, "longliabitse": null, "accstacode": "2", "totliabitse": null, "longborr": 7791348.4, "premrece": null, "noncasseform": null, "curtrandiff": null, "prep": 25991675.12, "defetaxasset": 13067866.31, "compcode": "80166381", "expecurrliab": null, "copewithreinrece": null, "divipaya": null, "notespaya": 257480587.59, "currasseform": null, "margrequ": null, "totasset": 4255957722.34, "reincontrese": null, "totalnoncliab": 81514525.68, "notesrece": 528121863.17, "totliab": 1434849825.73, "duenoncliab": null, "holdinvedue": null, "accudepr": 393327595.34, "insucontrese": null, "deveexpe": null, "settresedepo": null, "defereve": null, "othernoncliabi": null, "lendandloan": null, "longdefeinco": 69839235.57, "publishdate": "20160331", "advapaym": 149798281.17, "margrece": null, "defeincotaxliab": null, "logprepexpe": 40134677.74, "prodasse": null, "othercurrasse": 237029799.07, "longrece": null, "accstaname": "\u65b0\u4f1a\u8ba1\u51c6\u5219", "reporttype": "100111", "deriliab": null, "plac": null, "sellrepasse": null, "inteticksett": null, "longpaya": null, "copeworkersal": 51182228.53, "goodwill": null, "unseg": null, "actitradsecu": null, "otherpay": 93156442.15, "deposit": null, "fixedassenet": 787152902.82, "curfds": 590149997.26}, {"unreinveloss": null, "specrese": null, "righaggritse": null, "righaggr": 2758041268.78, "otherlonginve": null, "topaycashdivi": null, "minysharrigh": null, "rese": 80981912.59, "intelrece": null, "taxespaya": 55176693.74, "othernoncasse": 70827805.31, "tradshartrad": null, "totcurrasset": 2586115240.76, "otherrece": 29532678.63, "accrexpe": null, "expenoncliab": 3668194.29, "fixedasseclea": null, "currliabitse": null, "consprog": 60760547.63, "engimate": null, "copepoun": null, "longliabform": null, "bdspaya": null, "specpaya": null, "hydrasset": null, "adjustdate": "20151029", "totliabsharequi": 4026182456.23, "inveprop": null, "cenbankborr": null, "capisurp": 1248973036.56, "currliabform": null, "intelpay": null, "shorttermborr": null, "shorttermbdspaya": null, "reinrece": null, "totalasseform": null, "sharrighitse": null, "accorece": 328219402.86, "totalnoncassets": 1440067215.47, "accopaya": 600838916.88, "othercurreliabi": 187688374.75, "purcresaasset": null, "intaasset": 258918250.1, "inve": 657852390.77, "totalcurrliab": 1186177157.46, "sharrightform": null, "expinoncurrasset": null, "tradfinliab": null, "fixedasseimpa": null, "fixedassenetw": null, "fixedasseimmo": null, "equiinve": 152163602.37, "paresharrigh": 2758041268.78, "currassetitse": null, "fdsborr": null, "expotaxrebarece": null, "totassetitse": null, "subsrece": null, "comasse": null, "tradfinasset": null, "actiundesecu": null, "noncasseitse": null, "intepaya": null, "prepexpe": null, "reportdate": "20150930", "otherfeepaya": null, "rightotitse": null, "derifinaasset": null, "dometicksett": null, "generiskrese": null, "dividrece": null, "interece": null, "rightotform": null, "treastk": null, "undiprof": 989367849.59, "avaisellasse": 44146296.0, "totliabform": null, "rightaggrform": null, "paidincapi": 440000000.0, "longliabitse": null, "accstacode": "2", "totliabitse": null, "longborr": 7791348.4, "premrece": null, "noncasseform": null, "curtrandiff": null, "prep": 32599156.82, "defetaxasset": 16210991.99, "compcode": "80166381", "expecurrliab": null, "copewithreinrece": null, "divipaya": null, "notespaya": 141816023.07, "currasseform": null, "margrequ": null, "totasset": 4026182456.23, "reincontrese": null, "totalnoncliab": 81964029.99, "notesrece": 561359005.76, "totliab": 1268141187.45, "duenoncliab": null, "holdinvedue": null, "accudepr": null, "insucontrese": null, "deveexpe": null, "settresedepo": null, "defereve": null, "othernoncliabi": null, "lendandloan": null, "longdefeinco": 70504487.3, "publishdate": "20151029", "advapaym": 108021162.78, "margrece": null, "defeincotaxliab": null, "logprepexpe": 61298990.44, "prodasse": null, "othercurrasse": 215110194.09, "longrece": null, "accstaname": "\u65b0\u4f1a\u8ba1\u51c6\u5219", "reporttype": "100111", "deriliab": null, "plac": null, "sellrepasse": null, "inteticksett": null, "longpaya": null, "copeworkersal": 23830654.76, "goodwill": null, "unseg": null, "actitradsecu": null, "otherpay": 68805331.48, "deposit": null, "fixedassenet": 775740731.63, "curfds": 761442411.83}, {"unreinveloss": null, "specrese": null, "righaggritse": null, "righaggr": 2703081166.89, "otherlonginve": null, "topaycashdivi": null, "minysharrigh": null, "rese": 80981912.59, "intelrece": null, "taxespaya": 63444614.73, "othernoncasse": 82221777.92, "tradshartrad": null, "totcurrasset": 2494978158.99, "otherrece": 24838043.02, "accrexpe": null, "expenoncliab": 3517768.6, "fixedasseclea": null, "currliabitse": null, "consprog": 32675650.28, "engimate": null, "copepoun": null, "longliabform": null, "bdspaya": null, "specpaya": null, "hydrasset": null, "adjustdate": "20150828", "totliabsharequi": 3898170533.66, "inveprop": null, "cenbankborr": null, "capisurp": 1248973036.56, "currliabform": null, "intelpay": null, "shorttermborr": null, "shorttermbdspaya": null, "reinrece": null, "totalasseform": null, "sharrighitse": null, "accorece": 348050432.89, "totalnoncassets": 1403192374.67, "accopaya": 520143504.25, "othercurreliabi": 128544414.54, "purcresaasset": null, "intaasset": 260595640.05, "inve": 568165175.64, "totalcurrliab": 1120839360.86, "sharrightform": null, "expinoncurrasset": null, "tradfinliab": null, "fixedasseimpa": null, "fixedassenetw": 777360541.49, "fixedasseimmo": 1125732620.61, "equiinve": 144292256.36, "paresharrigh": 2703081166.89, "currassetitse": null, "fdsborr": null, "expotaxrebarece": null, "totassetitse": null, "subsrece": null, "comasse": null, "tradfinasset": null, "actiundesecu": null, "noncasseitse": null, "intepaya": null, "prepexpe": null, "reportdate": "20150630", "otherfeepaya": null, "rightotitse": null, "derifinaasset": null, "dometicksett": null, "generiskrese": null, "dividrece": null, "interece": null, "rightotform": null, "treastk": null, "undiprof": 934068530.6, "avaisellasse": 29484000.0, "totliabform": null, "rightaggrform": null, "paidincapi": 440000000.0, "longliabitse": null, "accstacode": "2", "totliabitse": null, "longborr": null, "premrece": null, "noncasseform": null, "curtrandiff": null, "prep": 28369660.96, "defetaxasset": 16356515.16, "compcode": "80166381", "expecurrliab": null, "copewithreinrece": null, "divipaya": null, "notespaya": 218839338.91, "currasseform": null, "margrequ": null, "totasset": 3898170533.66, "reincontrese": null, "totalnoncliab": 74250005.91, "notesrece": 604190161.04, "totliab": 1195089366.77, "duenoncliab": null, "holdinvedue": null, "accudepr": 348372079.12, "insucontrese": null, "deveexpe": null, "settresedepo": null, "defereve": null, "othernoncliabi": null, "lendandloan": null, "longdefeinco": 70732237.31, "publishdate": "20150828", "advapaym": 96869266.01, "margrece": null, "defeincotaxliab": null, "logprepexpe": 60205993.41, "prodasse": null, "othercurrasse": 214589950.89, "longrece": null, "accstaname": "\u65b0\u4f1a\u8ba1\u51c6\u5219", "reporttype": "100111", "deriliab": null, "plac": null, "sellrepasse": null, "inteticksett": null, "longpaya": null, "copeworkersal": 21345946.95, "goodwill": null, "unseg": null, "actitradsecu": null, "otherpay": 71652275.47, "deposit": null, "fixedassenet": 777360541.49, "curfds": 706774734.55}, {"unreinveloss": null, "specrese": null, "righaggritse": null, "righaggr": 2683299636.94, "otherlonginve": null, "topaycashdivi": null, "minysharrigh": null, "rese": 80981912.59, "intelrece": null, "taxespaya": 38003516.82, "othernoncasse": 75450220.79, "tradshartrad": null, "totcurrasset": 2414887253.06, "otherrece": 29643533.43, "accrexpe": null, "expenoncliab": 3400524.26, "fixedasseclea": null, "currliabitse": null, "consprog": 84731962.84, "engimate": null, "copepoun": null, "longliabform": null, "bdspaya": null, "specpaya": null, "hydrasset": null, "adjustdate": "20150424", "totliabsharequi": 3794621198.51, "inveprop": null, "cenbankborr": null, "capisurp": 1248973036.56, "currliabform": null, "intelpay": null, "shorttermborr": null, "shorttermbdspaya": null, "reinrece": null, "totalasseform": null, "sharrighitse": null, "accorece": 535145328.38, "totalnoncassets": 1379733945.45, "accopaya": 461500934.04, "othercurreliabi": 107016015.91, "purcresaasset": null, "intaasset": 262196092.99, "inve": 595157870.42, "totalcurrliab": 1036961049.99, "sharrightform": null, "expinoncurrasset": null, "tradfinliab": null, "fixedasseimpa": null, "fixedassenetw": null, "fixedasseimmo": null, "equiinve": 150157626.12, "paresharrigh": 2683299636.94, "currassetitse": null, "fdsborr": null, "expotaxrebarece": null, "totassetitse": null, "subsrece": null, "comasse": null, "tradfinasset": null, "actiundesecu": null, "noncasseitse": null, "intepaya": null, "prepexpe": null, "reportdate": "20150331", "otherfeepaya": null, "rightotitse": null, "derifinaasset": null, "dometicksett": null, "generiskrese": null, "dividrece": null, "interece": null, "rightotform": null, "treastk": null, "undiprof": 915563855.76, "avaisellasse": 29484000.0, "totliabform": null, "rightaggrform": null, "paidincapi": 440000000.0, "longliabitse": null, "accstacode": "2", "totliabitse": null, "longborr": null, "premrece": null, "noncasseform": null, "curtrandiff": null, "prep": 31683869.57, "defetaxasset": 17451003.71, "compcode": "80166381", "expecurrliab": null, "copewithreinrece": null, "divipaya": null, "notespaya": 232243953.78, "currasseform": null, "margrequ": null, "totasset": 3794621198.51, "reincontrese": null, "totalnoncliab": 74360511.58, "notesrece": 507474547.46, "totliab": 1111321561.57, "duenoncliab": null, "holdinvedue": null, "accudepr": null, "insucontrese": null, "deveexpe": null, "settresedepo": null, "defereve": null, "othernoncliabi": null, "lendandloan": null, "longdefeinco": 70959987.32, "publishdate": "20150424", "advapaym": 98060803.67, "margrece": null, "defeincotaxliab": null, "logprepexpe": 74797654.54, "prodasse": null, "othercurrasse": 20879717.32, "longrece": null, "accstaname": "\u65b0\u4f1a\u8ba1\u51c6\u5219", "reporttype": "100111", "deriliab": null, "plac": null, "sellrepasse": null, "inteticksett": null, "longpaya": null, "copeworkersal": 20642854.54, "goodwill": null, "unseg": null, "actitradsecu": null, "otherpay": 79492971.23, "deposit": null, "fixedassenet": 685465384.46, "curfds": 694902386.48}, {"unreinveloss": null, "specrese": null, "righaggritse": null, "righaggr": 2580477072.89, "otherlonginve": null, "topaycashdivi": null, "minysharrigh": null, "rese": 80981912.59, "intelrece": null, "taxespaya": 19649053.12, "othernoncasse": 62505244.52, "tradshartrad": null, "totcurrasset": 2389113690.51, "otherrece": 35462598.67, "accrexpe": null, "expenoncliab": 2219509.16, "fixedasseclea": null, "currliabitse": null, "consprog": 69787871.46, "engimate": null, "copepoun": null, "longliabform": null, "bdspaya": null, "specpaya": null, "hydrasset": null, "adjustdate": "20150424", "totliabsharequi": 3756203890.9, "inveprop": null, "cenbankborr": null, "capisurp": 1248973036.56, "currliabform": null, "intelpay": null, "shorttermborr": null, "shorttermbdspaya": null, "reinrece": null, "totalasseform": null, "sharrighitse": null, "accorece": 414325165.89, "totalnoncassets": 1367090200.39, "accopaya": 572134091.35, "othercurreliabi": 40163694.05, "purcresaasset": null, "intaasset": 262638746.06, "inve": 799399981.57, "totalcurrliab": 1102319571.52, "sharrightform": null, "expinoncurrasset": null, "tradfinliab": null, "fixedasseimpa": null, "fixedassenetw": 695990318.5, "fixedasseimmo": 1001703520.47, "equiinve": 146530592.14, "paresharrigh": 2580477072.89, "currassetitse": null, "fdsborr": null, "expotaxrebarece": null, "totassetitse": null, "subsrece": null, "comasse": null, "tradfinasset": null, "actiundesecu": null, "noncasseitse": null, "intepaya": null, "prepexpe": null, "reportdate": "20141231", "otherfeepaya": null, "rightotitse": null, "derifinaasset": null, "dometicksett": null, "generiskrese": null, "dividrece": null, "interece": null, "rightotform": null, "treastk": null, "undiprof": 812396750.83, "avaisellasse": 29484000.0, "totliabform": null, "rightaggrform": null, "paidincapi": 440000000.0, "longliabitse": null, "accstacode": "2", "totliabitse": null, "longborr": null, "premrece": null, "noncasseform": null, "curtrandiff": null, "prep": 34941274.54, "defetaxasset": 17451003.71, "compcode": "80166381", "expecurrliab": null, "copewithreinrece": null, "divipaya": null, "notespaya": 219566441.89, "currasseform": null, "margrequ": null, "totasset": 3756203890.9, "reincontrese": null, "totalnoncliab": 73407246.49, "notesrece": 545894546.97, "totliab": 1175726818.01, "duenoncliab": null, "holdinvedue": null, "accudepr": 305713201.97, "insucontrese": null, "deveexpe": null, "settresedepo": null, "defereve": null, "othernoncliabi": null, "lendandloan": null, "longdefeinco": 71187737.33, "publishdate": "20150424", "advapaym": 135802246.29, "margrece": null, "defeincotaxliab": null, "logprepexpe": 82702424.0, "prodasse": null, "othercurrasse": 21022772.75, "longrece": null, "accstaname": "\u65b0\u4f1a\u8ba1\u51c6\u5219", "reporttype": "100111", "deriliab": null, "plac": null, "sellrepasse": null, "inteticksett": null, "longpaya": null, "copeworkersal": 40856117.93, "goodwill": null, "unseg": null, "actitradsecu": null, "otherpay": 74147926.89, "deposit": null, "fixedassenet": 695990318.5, "curfds": 538067350.12}, {"unreinveloss": null, "specrese": null, "righaggritse": null, "righaggr": 2650040325.8, "otherlonginve": null, "topaycashdivi": null, "minysharrigh": null, "rese": 73749422.5, "intelrece": null, "taxespaya": 8821882.89, "othernoncasse": null, "tradshartrad": null, "totcurrasset": 2541713993.24, "otherrece": 36831023.95, "accrexpe": null, "expenoncliab": 3439821.66, "fixedasseclea": null, "currliabitse": null, "consprog": 46431928.82, "engimate": null, "copepoun": null, "longliabform": null, "bdspaya": null, "specpaya": null, "hydrasset": null, "adjustdate": "20141023", "totliabsharequi": 3749519203.24, "inveprop": null, "cenbankborr": null, "capisurp": 1248480033.66, "currliabform": null, "intelpay": null, "shorttermborr": null, "shorttermbdspaya": null, "reinrece": null, "totalasseform": null, "sharrighitse": null, "accorece": 318911278.4, "totalnoncassets": 1207805210.0, "accopaya": 596329501.39, "othercurreliabi": 752182.93, "purcresaasset": null, "intaasset": 263932251.43, "inve": 665035315.03, "totalcurrliab": 1024580933.68, "sharrightform": null, "expinoncurrasset": null, "tradfinliab": null, "fixedasseimpa": null, "fixedassenetw": null, "fixedasseimmo": null, "equiinve": 135390413.93, "paresharrigh": 2650040325.8, "currassetitse": null, "fdsborr": null, "expotaxrebarece": null, "totassetitse": null, "subsrece": null, "comasse": null, "tradfinasset": null, "actiundesecu": null, "noncasseitse": null, "intepaya": null, "prepexpe": null, "reportdate": "20140930", "otherfeepaya": null, "rightotitse": null, "derifinaasset": null, "dometicksett": null, "generiskrese": null, "dividrece": null, "interece": null, "rightotform": null, "treastk": null, "undiprof": 889336823.88, "avaisellasse": null, "totliabform": null, "rightaggrform": null, "paidincapi": 440000000.0, "longliabitse": null, "accstacode": "2", "totliabitse": null, "longborr": null, "premrece": null, "noncasseform": null, "curtrandiff": -1525954.24, "prep": 105896913.5, "defetaxasset": 13398912.65, "compcode": "80166381", "expecurrliab": null, "copewithreinrece": null, "divipaya": null, "notespaya": 247049207.02, "currasseform": null, "margrequ": null, "totasset": 3749519203.24, "reincontrese": null, "totalnoncliab": 74897943.76, "notesrece": 580141695.67, "totliab": 1099478877.44, "duenoncliab": null, "holdinvedue": null, "accudepr": null, "insucontrese": null, "deveexpe": null, "settresedepo": null, "defereve": null, "othernoncliabi": 71458122.1, "lendandloan": null, "longdefeinco": null, "publishdate": "20141023", "advapaym": 93165358.49, "margrece": null, "defeincotaxliab": null, "logprepexpe": 59756817.96, "prodasse": null, "othercurrasse": null, "longrece": null, "accstaname": "\u65b0\u4f1a\u8ba1\u51c6\u5219", "reporttype": "100111", "deriliab": null, "plac": null, "sellrepasse": null, "inteticksett": null, "longpaya": null, "copeworkersal": 20793565.51, "goodwill": null, "unseg": null, "actitradsecu": null, "otherpay": 57669235.45, "deposit": null, "fixedassenet": 688894885.21, "curfds": 834897766.69}, {"unreinveloss": null, "specrese": null, "righaggritse": null, "righaggr": 2614633131.25, "otherlonginve": null, "topaycashdivi": null, "minysharrigh": 10281285.7, "rese": 73749422.5, "intelrece": null, "taxespaya": 9887418.14, "othernoncasse": null, "tradshartrad": null, "totcurrasset": 2621322390.62, "otherrece": 38132007.7, "accrexpe": null, "expenoncliab": 3090651.71, "fixedasseclea": null, "currliabitse": null, "consprog": 26121978.82, "engimate": null, "copepoun": null, "longliabform": null, "bdspaya": null, "specpaya": null, "hydrasset": null, "adjustdate": "20140822", "totliabsharequi": 3771589277.8, "inveprop": null, "cenbankborr": null, "capisurp": 1262884251.23, "currliabform": null, "intelpay": null, "shorttermborr": null, "shorttermbdspaya": null, "reinrece": null, "totalasseform": null, "sharrighitse": null, "accorece": 367915926.33, "totalnoncassets": 1150266887.18, "accopaya": 584890826.7, "othercurreliabi": 719736.28, "purcresaasset": null, "intaasset": 210526526.92, "inve": 627611682.91, "totalcurrliab": 1082179622.73, "sharrightform": null, "expinoncurrasset": null, "tradfinliab": null, "fixedasseimpa": null, "fixedassenetw": 689652752.8, "fixedasseimmo": 960008040.48, "equiinve": 133152235.25, "paresharrigh": 2604351845.55, "currassetitse": null, "fdsborr": null, "expotaxrebarece": null, "totassetitse": null, "subsrece": null, "comasse": null, "tradfinasset": null, "actiundesecu": null, "noncasseitse": null, "intepaya": null, "prepexpe": null, "reportdate": "20140630", "otherfeepaya": null, "rightotitse": null, "derifinaasset": null, "dometicksett": null, "generiskrese": null, "dividrece": null, "interece": null, "rightotform": null, "treastk": null, "undiprof": 829597805.24, "avaisellasse": null, "totliabform": null, "rightaggrform": null, "paidincapi": 440000000.0, "longliabitse": null, "accstacode": "2", "totliabitse": null, "longborr": null, "premrece": null, "noncasseform": null, "curtrandiff": -1879633.42, "prep": 95605378.95, "defetaxasset": 13731977.26, "compcode": "80166381", "expecurrliab": null, "copewithreinrece": null, "divipaya": null, "notespaya": 258642130.6, "currasseform": null, "margrequ": null, "totasset": 3771589277.8, "reincontrese": null, "totalnoncliab": 74776523.82, "notesrece": 594136530.88, "totliab": 1156956146.55, "duenoncliab": null, "holdinvedue": null, "accudepr": 270355287.68, "insucontrese": null, "deveexpe": null, "settresedepo": null, "defereve": null, "othernoncliabi": 71685872.11, "lendandloan": null, "longdefeinco": null, "publishdate": "20140822", "advapaym": 123406668.25, "margrece": null, "defeincotaxliab": null, "logprepexpe": 77081416.13, "prodasse": null, "othercurrasse": null, "longrece": null, "accstaname": "\u65b0\u4f1a\u8ba1\u51c6\u5219", "reporttype": "100111", "deriliab": null, "plac": null, "sellrepasse": null, "inteticksett": null, "longpaya": null, "copeworkersal": 20521736.59, "goodwill": null, "unseg": null, "actitradsecu": null, "otherpay": 84111106.17, "deposit": null, "fixedassenet": 689652752.8, "curfds": 897920863.85}, {"unreinveloss": null, "specrese": null, "righaggritse": null, "righaggr": 2618825208.9, "otherlonginve": null, "topaycashdivi": null, "minysharrigh": 38857777.79, "rese": 56190302.34, "intelrece": null, "taxespaya": 38636191.41, "othernoncasse": null, "tradshartrad": null, "totcurrasset": 2509646018.2, "otherrece": 30333906.23, "accrexpe": null, "expenoncliab": 3048094.39, "fixedasseclea": null, "currliabitse": null, "consprog": 8625770.82, "engimate": null, "copepoun": null, "longliabform": null, "bdspaya": null, "specpaya": null, "hydrasset": null, "adjustdate": "20140424", "totliabsharequi": 3654844496.76, "inveprop": null, "cenbankborr": null, "capisurp": 1302884251.23, "currliabform": null, "intelpay": null, "shorttermborr": null, "shorttermbdspaya": null, "reinrece": null, "totalasseform": null, "sharrighitse": null, "accorece": 478166631.78, "totalnoncassets": 1145198478.56, "accopaya": 500251929.17, "othercurreliabi": 56387371.07, "purcresaasset": null, "intaasset": 210891383.46, "inve": 555951271.19, "totalcurrliab": 981057571.35, "sharrightform": null, "expinoncurrasset": null, "tradfinliab": null, "fixedasseimpa": null, "fixedassenetw": null, "fixedasseimmo": null, "equiinve": 135079038.22, "paresharrigh": 2579967431.11, "currassetitse": null, "fdsborr": null, "expotaxrebarece": null, "totassetitse": null, "subsrece": null, "comasse": null, "tradfinasset": null, "actiundesecu": null, "noncasseitse": null, "intepaya": null, "prepexpe": null, "reportdate": "20140331", "otherfeepaya": null, "rightotitse": null, "derifinaasset": null, "dometicksett": null, "generiskrese": null, "dividrece": null, "interece": null, "rightotform": null, "treastk": null, "undiprof": 822559879.32, "avaisellasse": null, "totliabform": null, "rightaggrform": null, "paidincapi": 400000000.0, "longliabitse": null, "accstacode": "2", "totliabitse": null, "longborr": null, "premrece": null, "noncasseform": null, "curtrandiff": -1667001.78, "prep": 88947737.09, "defetaxasset": 12141157.55, "compcode": "80166381", "expecurrliab": null, "copewithreinrece": null, "divipaya": null, "notespaya": 229979218.55, "currasseform": null, "margrequ": null, "totasset": 3654844496.76, "reincontrese": null, "totalnoncliab": 54961716.51, "notesrece": 493355046.77, "totliab": 1036019287.86, "duenoncliab": null, "holdinvedue": null, "accudepr": null, "insucontrese": null, "deveexpe": null, "settresedepo": null, "defereve": null, "othernoncliabi": 51913622.12, "lendandloan": null, "longdefeinco": null, "publishdate": "20140424", "advapaym": 83929472.57, "margrece": null, "defeincotaxliab": null, "logprepexpe": 81015651.95, "prodasse": null, "othercurrasse": null, "longrece": null, "accstaname": "\u65b0\u4f1a\u8ba1\u51c6\u5219", "reporttype": "100111", "deriliab": null, "plac": null, "sellrepasse": null, "inteticksett": null, "longpaya": null, "copeworkersal": 19011605.3, "goodwill": null, "unseg": null, "actitradsecu": null, "otherpay": 52861783.28, "deposit": null, "fixedassenet": 697445476.56, "curfds": 862891425.14}, {"unreinveloss": null, "specrese": null, "righaggritse": null, "righaggr": 2535125155.64, "otherlonginve": null, "topaycashdivi": null, "minysharrigh": 37649646.68, "rese": 56190302.34, "intelrece": null, "taxespaya": 15536857.29, "othernoncasse": null, "tradshartrad": null, "totcurrasset": 2405103066.27, "otherrece": 31523381.24, "accrexpe": null, "expenoncliab": 1747216.08, "fixedasseclea": null, "currliabitse": null, "consprog": 3857350.32, "engimate": null, "copepoun": null, "longliabform": null, "bdspaya": null, "specpaya": null, "hydrasset": null, "adjustdate": "20140424", "totliabsharequi": 3557761649.84, "inveprop": null, "cenbankborr": null, "capisurp": 1302884251.23, "currliabform": null, "intelpay": null, "shorttermborr": 0.0, "shorttermbdspaya": null, "reinrece": null, "totalasseform": null, "sharrighitse": null, "accorece": 336002699.76, "totalnoncassets": 1152658583.57, "accopaya": 573001866.91, "othercurreliabi": 808135.72, "purcresaasset": null, "intaasset": 211411972.45, "inve": 696229513.38, "totalcurrliab": 975097905.99, "sharrightform": null, "expinoncurrasset": null, "tradfinliab": null, "fixedasseimpa": null, "fixedassenetw": 700665653.98, "fixedasseimmo": 932859545.73, "equiinve": 128679520.08, "paresharrigh": 2497475508.96, "currassetitse": null, "fdsborr": null, "expotaxrebarece": null, "totassetitse": null, "subsrece": null, "comasse": null, "tradfinasset": null, "actiundesecu": null, "noncasseitse": null, "intepaya": null, "prepexpe": null, "reportdate": "20131231", "otherfeepaya": null, "rightotitse": null, "derifinaasset": null, "dometicksett": null, "generiskrese": null, "dividrece": null, "interece": null, "rightotform": null, "treastk": null, "undiprof": 740302005.86, "avaisellasse": null, "totliabform": null, "rightaggrform": null, "paidincapi": 400000000.0, "longliabitse": null, "accstacode": "2", "totliabitse": null, "longborr": null, "premrece": null, "noncasseform": null, "curtrandiff": -1901050.47, "prep": 82984184.43, "defetaxasset": 12141157.55, "compcode": "80166381", "expecurrliab": null, "copewithreinrece": null, "divipaya": null, "notespaya": 190342728.41, "currasseform": null, "margrequ": null, "totasset": 3557761649.84, "reincontrese": null, "totalnoncliab": 47538588.21, "notesrece": 499410585.92, "totliab": 1022636494.2, "duenoncliab": null, "holdinvedue": null, "accudepr": 232193891.75, "insucontrese": null, "deveexpe": null, "settresedepo": null, "defereve": null, "othernoncliabi": 45791372.13, "lendandloan": null, "longdefeinco": null, "publishdate": "20140424", "advapaym": 97144067.72, "margrece": null, "defeincotaxliab": null, "logprepexpe": 95902929.19, "prodasse": null, "othercurrasse": null, "longrece": null, "accstaname": "\u65b0\u4f1a\u8ba1\u51c6\u5219", "reporttype": "100111", "deriliab": null, "plac": null, "sellrepasse": null, "inteticksett": null, "longpaya": null, "copeworkersal": 34289108.5, "goodwill": null, "unseg": null, "actitradsecu": null, "otherpay": 63975141.44, "deposit": null, "fixedassenet": 700665653.98, "curfds": 758952701.54}, {"unreinveloss": null, "specrese": null, "righaggritse": null, "righaggr": 2492654367.75, "otherlonginve": null, "topaycashdivi": null, "minysharrigh": 37496373.3, "rese": 41857546.71, "intelrece": null, "taxespaya": 30515533.18, "othernoncasse": null, "tradshartrad": null, "totcurrasset": 2377847845.99, "otherrece": 31909264.24, "accrexpe": null, "expenoncliab": 3138526.6, "fixedasseclea": null, "currliabitse": null, "consprog": 8811693.23, "engimate": null, "copepoun": null, "longliabform": null, "bdspaya": null, "specpaya": null, "hydrasset": null, "adjustdate": "20131029", "totliabsharequi": 3484557868.25, "inveprop": null, "cenbankborr": null, "capisurp": 1302884251.23, "currliabform": null, "intelpay": null, "shorttermborr": 30555560.0, "shorttermbdspaya": null, "reinrece": null, "totalasseform": null, "sharrighitse": null, "accorece": 308643584.59, "totalnoncassets": 1106710022.26, "accopaya": 508292539.97, "othercurreliabi": 42665449.54, "purcresaasset": null, "intaasset": 210973528.07, "inve": 555131582.75, "totalcurrliab": 942519330.6, "sharrightform": null, "expinoncurrasset": null, "tradfinliab": null, "fixedasseimpa": null, "fixedassenetw": null, "fixedasseimmo": null, "equiinve": 124254235.6, "paresharrigh": 2455157994.45, "currassetitse": null, "fdsborr": null, "expotaxrebarece": null, "totassetitse": null, "subsrece": null, "comasse": null, "tradfinasset": null, "actiundesecu": null, "noncasseitse": null, "intepaya": null, "prepexpe": null, "reportdate": "20130930", "otherfeepaya": null, "rightotitse": null, "derifinaasset": null, "dometicksett": null, "generiskrese": null, "dividrece": null, "interece": null, "rightotform": null, "treastk": null, "undiprof": 712185820.2, "avaisellasse": null, "totliabform": null, "rightaggrform": null, "paidincapi": 400000000.0, "longliabitse": null, "accstacode": "2", "totliabitse": null, "longborr": null, "premrece": null, "noncasseform": null, "curtrandiff": -1769623.69, "prep": 107112309.48, "defetaxasset": 12293450.62, "compcode": "80166381", "expecurrliab": null, "copewithreinrece": null, "divipaya": null, "notespaya": 172286166.05, "currasseform": null, "margrequ": null, "totasset": 3484557868.25, "reincontrese": null, "totalnoncliab": 49384169.9, "notesrece": 446329521.84, "totliab": 991903500.5, "duenoncliab": null, "holdinvedue": null, "accudepr": null, "insucontrese": null, "deveexpe": null, "settresedepo": null, "defereve": null, "othernoncliabi": 46245643.3, "lendandloan": null, "longdefeinco": null, "publishdate": "20131029", "advapaym": 98048307.75, "margrece": null, "defeincotaxliab": null, "logprepexpe": 82637651.14, "prodasse": null, "othercurrasse": null, "longrece": null, "accstaname": "\u65b0\u4f1a\u8ba1\u51c6\u5219", "reporttype": "100111", "deriliab": null, "plac": null, "sellrepasse": null, "inteticksett": null, "longpaya": null, "copeworkersal": 15941736.68, "goodwill": null, "unseg": null, "actitradsecu": null, "otherpay": 44214037.43, "deposit": null, "fixedassenet": 667739463.6, "curfds": 928721583.09}, {"unreinveloss": null, "specrese": null, "righaggritse": null, "righaggr": 2433480152.15, "otherlonginve": null, "topaycashdivi": null, "minysharrigh": 36891387.82, "rese": 41857546.71, "intelrece": null, "taxespaya": 15829423.66, "othernoncasse": 40182252.0, "tradshartrad": null, "totcurrasset": 2202854211.71, "otherrece": 33447204.15, "accrexpe": null, "expenoncliab": 1155898.84, "fixedasseclea": null, "currliabitse": null, "consprog": 4759487.11, "engimate": null, "copepoun": null, "longliabform": null, "bdspaya": null, "specpaya": null, "hydrasset": null, "adjustdate": "20130827", "totliabsharequi": 3291154103.33, "inveprop": null, "cenbankborr": null, "capisurp": 1302884251.23, "currliabform": null, "intelpay": null, "shorttermborr": 30708139.0, "shorttermbdspaya": null, "reinrece": null, "totalasseform": null, "sharrighitse": null, "accorece": 393835609.31, "totalnoncassets": 1088299891.62, "accopaya": 497912012.93, "othercurreliabi": 865525.41, "purcresaasset": null, "intaasset": 169305613.54, "inve": 485553983.09, "totalcurrliab": 810067819.03, "sharrightform": null, "expinoncurrasset": null, "tradfinliab": null, "fixedasseimpa": null, "fixedassenetw": 661396007.24, "fixedasseimmo": 862637079.83, "equiinve": 122236671.96, "paresharrigh": 2396588764.33, "currassetitse": null, "fdsborr": null, "expotaxrebarece": null, "totassetitse": null, "subsrece": null, "comasse": null, "tradfinasset": null, "actiundesecu": null, "noncasseitse": null, "intepaya": null, "prepexpe": null, "reportdate": "20130630", "otherfeepaya": null, "rightotitse": null, "derifinaasset": null, "dometicksett": null, "generiskrese": null, "dividrece": null, "interece": null, "rightotform": null, "treastk": null, "undiprof": 653475245.38, "avaisellasse": null, "totliabform": null, "rightaggrform": null, "paidincapi": 400000000.0, "longliabitse": null, "accstacode": "2", "totliabitse": null, "longborr": null, "premrece": null, "noncasseform": null, "curtrandiff": -1628278.99, "prep": 67579810.74, "defetaxasset": 9536362.34, "compcode": "80166381", "expecurrliab": null, "copewithreinrece": null, "divipaya": null, "notespaya": 127473172.91, "currasseform": null, "margrequ": null, "totasset": 3291154103.33, "reincontrese": null, "totalnoncliab": 47606132.15, "notesrece": 413002978.54, "totliab": 857673951.18, "duenoncliab": null, "holdinvedue": null, "accudepr": 201241072.59, "insucontrese": null, "deveexpe": null, "settresedepo": null, "defereve": null, "othernoncliabi": 46450233.31, "lendandloan": null, "longdefeinco": null, "publishdate": "20130827", "advapaym": 82664700.5, "margrece": null, "defeincotaxliab": null, "logprepexpe": 80883497.43, "prodasse": null, "othercurrasse": 41000000.0, "longrece": null, "accstaname": "\u65b0\u4f1a\u8ba1\u51c6\u5219", "reporttype": "100111", "deriliab": null, "plac": null, "sellrepasse": null, "inteticksett": null, "longpaya": null, "copeworkersal": 15471497.43, "goodwill": null, "unseg": null, "actitradsecu": null, "otherpay": 39143347.19, "deposit": null, "fixedassenet": 661396007.24, "curfds": 768434625.88}, {"unreinveloss": null, "specrese": null, "righaggritse": null, "righaggr": 2412847685.01, "otherlonginve": null, "topaycashdivi": null, "minysharrigh": 36488788.9, "rese": 41857546.71, "intelrece": null, "taxespaya": 4909380.23, "othernoncasse": null, "tradshartrad": null, "totcurrasset": 2093042004.34, "otherrece": 11106740.36, "accrexpe": null, "expenoncliab": 2392194.13, "fixedasseclea": null, "currliabitse": null, "consprog": 3255218.28, "engimate": null, "copepoun": null, "longliabform": null, "bdspaya": null, "specpaya": null, "hydrasset": null, "adjustdate": "20130425", "totliabsharequi": 3148010420.6, "inveprop": null, "cenbankborr": null, "capisurp": 1502884251.23, "currliabform": null, "intelpay": null, "shorttermborr": null, "shorttermbdspaya": null, "reinrece": null, "totalasseform": null, "sharrighitse": null, "accorece": 239425148.77, "totalnoncassets": 1054968416.26, "accopaya": 456846106.57, "othercurreliabi": 30849639.55, "purcresaasset": null, "intaasset": 170504510.72, "inve": 500081245.32, "totalcurrliab": 724137918.13, "sharrightform": null, "expinoncurrasset": null, "tradfinliab": null, "fixedasseimpa": null, "fixedassenetw": null, "fixedasseimmo": null, "equiinve": 120144119.08, "paresharrigh": 2376358896.11, "currassetitse": null, "fdsborr": null, "expotaxrebarece": null, "totassetitse": null, "subsrece": null, "comasse": null, "tradfinasset": null, "actiundesecu": null, "noncasseitse": null, "intepaya": null, "prepexpe": null, "reportdate": "20130331", "otherfeepaya": null, "rightotitse": null, "derifinaasset": null, "dometicksett": null, "generiskrese": null, "dividrece": null, "interece": null, "rightotform": null, "treastk": null, "undiprof": 633054164.63, "avaisellasse": null, "totliabform": null, "rightaggrform": null, "paidincapi": 200000000.0, "longliabitse": null, "accstacode": "2", "totliabitse": null, "longborr": null, "premrece": null, "noncasseform": null, "curtrandiff": -1437066.46, "prep": 113387953.17, "defetaxasset": 12222591.71, "compcode": "80166381", "expecurrliab": null, "copewithreinrece": null, "divipaya": null, "notespaya": 83105558.99, "currasseform": null, "margrequ": null, "totasset": 3148010420.6, "reincontrese": null, "totalnoncliab": 11024817.46, "notesrece": 407845151.89, "totliab": 735162735.59, "duenoncliab": null, "holdinvedue": null, "accudepr": null, "insucontrese": null, "deveexpe": null, "settresedepo": null, "defereve": null, "othernoncliabi": 8632623.33, "lendandloan": null, "longdefeinco": null, "publishdate": "20130425", "advapaym": 96606143.33, "margrece": null, "defeincotaxliab": null, "logprepexpe": 82865346.37, "prodasse": null, "othercurrasse": null, "longrece": null, "accstaname": "\u65b0\u4f1a\u8ba1\u51c6\u5219", "reporttype": "100111", "deriliab": null, "plac": null, "sellrepasse": null, "inteticksett": null, "longpaya": null, "copeworkersal": 15996050.61, "goodwill": null, "unseg": null, "actitradsecu": null, "otherpay": 35825038.85, "deposit": null, "fixedassenet": 665976630.1, "curfds": 821195764.83}, {"unreinveloss": null, "specrese": null, "righaggritse": null, "righaggr": 2347442481.25, "otherlonginve": null, "topaycashdivi": null, "minysharrigh": 37213258.52, "rese": 41857546.71, "intelrece": null, "taxespaya": 1265119.99, "othernoncasse": null, "tradshartrad": null, "totcurrasset": 2191963692.14, "otherrece": 6899072.88, "accrexpe": null, "expenoncliab": 1610358.02, "fixedasseclea": null, "currliabitse": null, "consprog": 395897.1, "engimate": null, "copepoun": null, "longliabform": null, "bdspaya": null, "specpaya": null, "hydrasset": null, "adjustdate": "20130425", "totliabsharequi": 3126389956.82, "inveprop": null, "cenbankborr": null, "capisurp": 1502884251.23, "currliabform": null, "intelpay": null, "shorttermborr": 362787.37, "shorttermbdspaya": null, "reinrece": null, "totalasseform": null, "sharrighitse": null, "accorece": 265581219.72, "totalnoncassets": 934426264.68, "accopaya": 520968469.79, "othercurreliabi": 1086188.69, "purcresaasset": null, "intaasset": 171143232.66, "inve": 524010811.67, "totalcurrliab": 768499904.21, "sharrightform": null, "expinoncurrasset": null, "tradfinliab": null, "fixedasseimpa": null, "fixedassenetw": 644506140.62, "fixedasseimmo": 813120754.67, "equiinve": 12227875.41, "paresharrigh": 2310229222.73, "currassetitse": null, "fdsborr": null, "expotaxrebarece": null, "totassetitse": null, "subsrece": null, "comasse": null, "tradfinasset": null, "actiundesecu": null, "noncasseitse": null, "intepaya": null, "prepexpe": null, "reportdate": "20121231", "otherfeepaya": null, "rightotitse": null, "derifinaasset": null, "dometicksett": null, "generiskrese": null, "dividrece": null, "interece": null, "rightotform": null, "treastk": null, "undiprof": 566917672.32, "avaisellasse": null, "totliabform": null, "rightaggrform": null, "paidincapi": 200000000.0, "longliabitse": null, "accstacode": "2", "totliabitse": null, "longborr": 0.0, "premrece": null, "noncasseform": null, "curtrandiff": -1430247.53, "prep": 88244507.63, "defetaxasset": 12222591.71, "compcode": "80166381", "expecurrliab": null, "copewithreinrece": null, "divipaya": null, "notespaya": 83544097.21, "currasseform": null, "margrequ": null, "totasset": 3126389956.82, "reincontrese": null, "totalnoncliab": 10447571.36, "notesrece": 488907834.79, "totliab": 778947475.57, "duenoncliab": null, "holdinvedue": null, "accudepr": 168614614.05, "insucontrese": null, "deveexpe": null, "settresedepo": null, "defereve": null, "othernoncliabi": 8837213.34, "lendandloan": null, "longdefeinco": null, "publishdate": "20130425", "advapaym": 99680062.13, "margrece": null, "defeincotaxliab": 0.0, "logprepexpe": 93930527.18, "prodasse": null, "othercurrasse": null, "longrece": null, "accstaname": "\u65b0\u4f1a\u8ba1\u51c6\u5219", "reporttype": "100111", "deriliab": null, "plac": null, "sellrepasse": null, "inteticksett": null, "longpaya": null, "copeworkersal": 23079669.07, "goodwill": null, "unseg": null, "actitradsecu": null, "otherpay": 38513509.96, "deposit": null, "fixedassenet": 644506140.62, "curfds": 818320245.45}, {"unreinveloss": null, "specrese": null, "righaggritse": null, "righaggr": 2307472572.18, "otherlonginve": null, "topaycashdivi": null, "minysharrigh": 37152568.57, "rese": 37058056.77, "intelrece": null, "taxespaya": 12201340.58, "othernoncasse": null, "tradshartrad": null, "totcurrasset": 2101114442.7, "otherrece": 9498985.77, "accrexpe": null, "expenoncliab": 2894353.09, "fixedasseclea": null, "currliabitse": null, "consprog": 49973368.71, "engimate": null, "copepoun": null, "longliabform": null, "bdspaya": null, "specpaya": null, "hydrasset": null, "adjustdate": "20121029", "totliabsharequi": 2959344091.54, "inveprop": null, "cenbankborr": null, "capisurp": 1502884251.23, "currliabform": null, "intelpay": null, "shorttermborr": null, "shorttermbdspaya": null, "reinrece": null, "totalasseform": null, "sharrighitse": null, "accorece": 202931567.09, "totalnoncassets": 858229648.84, "accopaya": 414260293.08, "othercurreliabi": 3426530.75, "purcresaasset": null, "intaasset": 170595065.47, "inve": 426050574.96, "totalcurrliab": 648977166.27, "sharrightform": null, "expinoncurrasset": null, "tradfinliab": null, "fixedasseimpa": null, "fixedassenetw": null, "fixedasseimmo": null, "equiinve": 12203322.79, "paresharrigh": 2270320003.61, "currassetitse": null, "fdsborr": null, "expotaxrebarece": null, "totassetitse": null, "subsrece": null, "comasse": null, "tradfinasset": null, "actiundesecu": null, "noncasseitse": null, "intepaya": null, "prepexpe": null, "reportdate": "20120930", "otherfeepaya": null, "rightotitse": null, "derifinaasset": null, "dometicksett": null, "generiskrese": null, "dividrece": null, "interece": null, "rightotform": null, "treastk": null, "undiprof": 531785882.94, "avaisellasse": null, "totliabform": null, "rightaggrform": null, "paidincapi": 200000000.0, "longliabitse": null, "accstacode": "2", "totliabitse": null, "longborr": null, "premrece": null, "noncasseform": null, "curtrandiff": -1408187.33, "prep": 117154012.12, "defetaxasset": 7057439.95, "compcode": "80166381", "expecurrliab": null, "copewithreinrece": null, "divipaya": null, "notespaya": 73652704.43, "currasseform": null, "margrequ": null, "totasset": 2959344091.54, "reincontrese": null, "totalnoncliab": 2894353.09, "notesrece": 506778871.53, "totliab": 651871519.36, "duenoncliab": null, "holdinvedue": null, "accudepr": null, "insucontrese": null, "deveexpe": 1500000.0, "settresedepo": null, "defereve": null, "othernoncliabi": null, "lendandloan": null, "longdefeinco": null, "publishdate": "20121029", "advapaym": 100139611.32, "margrece": null, "defeincotaxliab": null, "logprepexpe": 72644068.68, "prodasse": null, "othercurrasse": null, "longrece": null, "accstaname": "\u65b0\u4f1a\u8ba1\u51c6\u5219", "reporttype": "100111", "deriliab": null, "plac": null, "sellrepasse": null, "inteticksett": null, "longpaya": null, "copeworkersal": 13994764.54, "goodwill": null, "unseg": null, "actitradsecu": null, "otherpay": 31301921.57, "deposit": null, "fixedassenet": 544256383.24, "curfds": 838700431.23}, {"unreinveloss": null, "specrese": null, "righaggritse": null, "righaggr": 2256058938.63, "otherlonginve": null, "topaycashdivi": null, "minysharrigh": 35813845.89, "rese": 37058056.77, "intelrece": null, "taxespaya": 7689802.36, "othernoncasse": null, "tradshartrad": null, "totcurrasset": 2146215092.79, "otherrece": 11249585.38, "accrexpe": null, "expenoncliab": 2356659.4, "fixedasseclea": null, "currliabitse": null, "consprog": 126080634.76, "engimate": null, "copepoun": null, "longliabform": null, "bdspaya": null, "specpaya": null, "hydrasset": null, "adjustdate": "20120829", "totliabsharequi": 2956980494.6, "inveprop": null, "cenbankborr": null, "capisurp": 1502884251.23, "currliabform": null, "intelpay": null, "shorttermborr": null, "shorttermbdspaya": null, "reinrece": null, "totalasseform": null, "sharrighitse": null, "accorece": 228125596.38, "totalnoncassets": 810765401.81, "accopaya": 415144435.91, "othercurreliabi": 447598.09, "purcresaasset": null, "intaasset": 170354367.58, "inve": 424848079.7, "totalcurrliab": 698564896.57, "sharrightform": null, "expinoncurrasset": null, "tradfinliab": null, "fixedasseimpa": null, "fixedassenetw": 434161968.47, "fixedasseimmo": 576373596.97, "equiinve": 12203322.79, "paresharrigh": 2220245092.74, "currassetitse": null, "fdsborr": null, "expotaxrebarece": null, "totassetitse": null, "subsrece": null, "comasse": null, "tradfinasset": null, "actiundesecu": null, "noncasseitse": null, "intepaya": null, "prepexpe": null, "reportdate": "20120630", "otherfeepaya": null, "rightotitse": null, "derifinaasset": null, "dometicksett": null, "generiskrese": null, "dividrece": null, "interece": null, "rightotform": null, "treastk": null, "undiprof": 481629977.27, "avaisellasse": null, "totliabform": null, "rightaggrform": null, "paidincapi": 200000000.0, "longliabitse": null, "accstacode": "2", "totliabitse": null, "longborr": null, "premrece": null, "noncasseform": null, "curtrandiff": -1327192.53, "prep": 106705620.41, "defetaxasset": 6124557.18, "compcode": "80166381", "expecurrliab": null, "copewithreinrece": null, "divipaya": 60000000.0, "notespaya": 69674754.53, "currasseform": null, "margrequ": null, "totasset": 2956980494.6, "reincontrese": null, "totalnoncliab": 2356659.4, "notesrece": 487485855.77, "totliab": 700921555.97, "duenoncliab": null, "holdinvedue": null, "accudepr": 142211628.5, "insucontrese": null, "deveexpe": null, "settresedepo": null, "defereve": null, "othernoncliabi": null, "lendandloan": null, "longdefeinco": null, "publishdate": "20120829", "advapaym": 97850814.41, "margrece": null, "defeincotaxliab": null, "logprepexpe": 61840551.03, "prodasse": null, "othercurrasse": null, "longrece": null, "accstaname": "\u65b0\u4f1a\u8ba1\u51c6\u5219", "reporttype": "100111", "deriliab": null, "plac": null, "sellrepasse": null, "inteticksett": null, "longpaya": null, "copeworkersal": 13516786.4, "goodwill": null, "unseg": null, "actitradsecu": null, "otherpay": 34240704.87, "deposit": null, "fixedassenet": 434161968.47, "curfds": 887800355.15}, {"unreinveloss": null, "specrese": null, "righaggritse": null, "righaggr": 2247408247.45, "otherlonginve": null, "topaycashdivi": null, "minysharrigh": 34648559.79, "rese": 29014784.41, "intelrece": null, "taxespaya": 21652127.08, "othernoncasse": null, "tradshartrad": null, "totcurrasset": 2146312239.26, "otherrece": 12066446.9, "accrexpe": null, "expenoncliab": null, "fixedasseclea": null, "currliabitse": null, "consprog": 110587001.62, "engimate": null, "copepoun": null, "longliabform": null, "bdspaya": null, "specpaya": null, "hydrasset": null, "adjustdate": "20120423", "totliabsharequi": 2892831229.46, "inveprop": null, "cenbankborr": null, "capisurp": 1502884251.23, "currliabform": null, "intelpay": null, "shorttermborr": null, "shorttermbdspaya": null, "reinrece": null, "totalasseform": null, "sharrighitse": null, "accorece": 248494460.6, "totalnoncassets": 746518990.2, "accopaya": 387935433.67, "othercurreliabi": 30755196.34, "purcresaasset": null, "intaasset": 171307240.46, "inve": 402507320.22, "totalcurrliab": 645422982.01, "sharrightform": null, "expinoncurrasset": null, "tradfinliab": null, "fixedasseimpa": null, "fixedassenetw": null, "fixedasseimmo": null, "equiinve": 9824467.49, "paresharrigh": 2212759687.66, "currassetitse": null, "fdsborr": null, "expotaxrebarece": null, "totassetitse": null, "subsrece": null, "comasse": null, "tradfinasset": null, "actiundesecu": null, "noncasseitse": null, "intepaya": null, "prepexpe": null, "reportdate": "20120331", "otherfeepaya": null, "rightotitse": null, "derifinaasset": null, "dometicksett": null, "generiskrese": null, "dividrece": null, "interece": null, "rightotform": null, "treastk": null, "undiprof": 482289121.76, "avaisellasse": null, "totliabform": null, "rightaggrform": null, "paidincapi": 200000000.0, "longliabitse": null, "accstacode": "2", "totliabitse": null, "longborr": null, "premrece": null, "noncasseform": null, "curtrandiff": -1428469.74, "prep": 117631142.93, "defetaxasset": 6559102.13, "compcode": "80166381", "expecurrliab": null, "copewithreinrece": null, "divipaya": null, "notespaya": 94898983.2, "currasseform": null, "margrequ": null, "totasset": 2892831229.46, "reincontrese": null, "totalnoncliab": 0.0, "notesrece": 450129807.76, "totliab": 645422982.01, "duenoncliab": null, "holdinvedue": null, "accudepr": null, "insucontrese": null, "deveexpe": null, "settresedepo": null, "defereve": null, "othernoncliabi": null, "lendandloan": null, "longdefeinco": null, "publishdate": "20120423", "advapaym": 66557698.59, "margrece": null, "defeincotaxliab": null, "logprepexpe": 60623952.16, "prodasse": null, "othercurrasse": null, "longrece": null, "accstaname": "\u65b0\u4f1a\u8ba1\u51c6\u5219", "reporttype": "100111", "deriliab": null, "plac": null, "sellrepasse": null, "inteticksett": null, "longpaya": null, "copeworkersal": 12383296.28, "goodwill": null, "unseg": null, "actitradsecu": null, "otherpay": 31240246.85, "deposit": null, "fixedassenet": 387617226.34, "curfds": 915483060.85}, {"unreinveloss": null, "specrese": null, "righaggritse": null, "righaggr": 2186747829.34, "otherlonginve": null, "topaycashdivi": null, "minysharrigh": 33262133.15, "rese": 29014784.41, "intelrece": null, "taxespaya": -5215872.16, "othernoncasse": null, "tradshartrad": null, "totcurrasset": 2107369209.08, "otherrece": 9075412.07, "accrexpe": null, "expenoncliab": null, "fixedasseclea": null, "currliabitse": null, "consprog": 79005966.22, "engimate": null, "copepoun": null, "longliabform": null, "bdspaya": null, "specpaya": null, "hydrasset": null, "adjustdate": "20120423", "totliabsharequi": 2759024566.38, "inveprop": null, "cenbankborr": null, "capisurp": 1502884251.23, "currliabform": null, "intelpay": null, "shorttermborr": null, "shorttermbdspaya": null, "reinrece": null, "totalasseform": null, "sharrighitse": null, "accorece": 226815565.63, "totalnoncassets": 651655357.3, "accopaya": 443889203.4, "othercurreliabi": 1096612.18, "purcresaasset": null, "intaasset": 122514300.68, "inve": 475336096.95, "totalcurrliab": 572276737.04, "sharrightform": null, "expinoncurrasset": null, "tradfinliab": null, "fixedasseimpa": null, "fixedassenetw": 377678978.6, "fixedasseimmo": 499309863.94, "equiinve": 9888911.48, "paresharrigh": 2153485696.19, "currassetitse": null, "fdsborr": null, "expotaxrebarece": null, "totassetitse": null, "subsrece": null, "comasse": null, "tradfinasset": null, "actiundesecu": null, "noncasseitse": null, "intepaya": null, "prepexpe": null, "reportdate": "20111231", "otherfeepaya": null, "rightotitse": null, "derifinaasset": null, "dometicksett": null, "generiskrese": null, "dividrece": null, "interece": null, "rightotform": null, "treastk": null, "undiprof": 423016908.07, "avaisellasse": null, "totliabform": null, "rightaggrform": null, "paidincapi": 200000000.0, "longliabitse": null, "accstacode": "2", "totliabitse": null, "longborr": null, "premrece": null, "noncasseform": null, "curtrandiff": -1430247.52, "prep": 94478097.33, "defetaxasset": 6559102.13, "compcode": "80166381", "expecurrliab": null, "copewithreinrece": null, "divipaya": null, "notespaya": 33779826.43, "currasseform": null, "margrequ": null, "totasset": 2759024566.38, "reincontrese": null, "totalnoncliab": 0.0, "notesrece": 323155082.43, "totliab": 572276737.04, "duenoncliab": null, "holdinvedue": null, "accudepr": 121630885.34, "insucontrese": null, "deveexpe": null, "settresedepo": null, "defereve": null, "othernoncliabi": null, "lendandloan": null, "longdefeinco": null, "publishdate": "20120423", "advapaym": 60489406.97, "margrece": null, "defeincotaxliab": null, "logprepexpe": 56008098.19, "prodasse": null, "othercurrasse": null, "longrece": null, "accstaname": "\u65b0\u4f1a\u8ba1\u51c6\u5219", "reporttype": "100111", "deriliab": null, "plac": null, "sellrepasse": null, "inteticksett": null, "longpaya": null, "copeworkersal": 13979215.95, "goodwill": null, "unseg": null, "actitradsecu": null, "otherpay": 24258344.27, "deposit": null, "fixedassenet": 377678978.6, "curfds": 978508954.67}, {"unreinveloss": null, "specrese": null, "righaggritse": null, "righaggr": 2149616053.27, "otherlonginve": null, "topaycashdivi": null, "minysharrigh": 31571005.76, "rese": 16560872.56, "intelrece": null, "taxespaya": 16185184.61, "othernoncasse": null, "tradshartrad": null, "totcurrasset": 2151941452.51, "otherrece": 13113272.87, "accrexpe": null, "expenoncliab": null, "fixedasseclea": 87579.17, "currliabitse": null, "consprog": 64979718.87, "engimate": null, "copepoun": null, "longliabform": null, "bdspaya": null, "specpaya": null, "hydrasset": null, "adjustdate": "20111027", "totliabsharequi": 2693023662.49, "inveprop": null, "cenbankborr": null, "capisurp": 1502884251.23, "currliabform": null, "intelpay": null, "shorttermborr": null, "shorttermbdspaya": null, "reinrece": null, "totalasseform": null, "sharrighitse": null, "accorece": 187729058.76, "totalnoncassets": 541082209.98, "accopaya": 383417272.99, "othercurreliabi": 4915481.61, "purcresaasset": null, "intaasset": 118664860.59, "inve": 347405540.08, "totalcurrliab": 543407609.22, "sharrightform": null, "expinoncurrasset": null, "tradfinliab": null, "fixedasseimpa": null, "fixedassenetw": null, "fixedasseimmo": null, "equiinve": 9934319.55, "paresharrigh": 2118045047.51, "currassetitse": null, "fdsborr": null, "expotaxrebarece": null, "totassetitse": null, "subsrece": null, "comasse": null, "tradfinasset": null, "actiundesecu": null, "noncasseitse": null, "intepaya": null, "prepexpe": null, "reportdate": "20110930", "otherfeepaya": null, "rightotitse": null, "derifinaasset": null, "dometicksett": null, "generiskrese": null, "dividrece": null, "interece": null, "rightotform": null, "treastk": null, "undiprof": 398829630.22, "avaisellasse": null, "totliabform": null, "rightaggrform": null, "paidincapi": 200000000.0, "longliabitse": null, "accstacode": "2", "totliabitse": null, "longborr": null, "premrece": null, "noncasseform": null, "curtrandiff": -229706.5, "prep": 69208907.84, "defetaxasset": 1497028.15, "compcode": "80166381", "expecurrliab": null, "copewithreinrece": null, "divipaya": null, "notespaya": 62799676.49, "currasseform": null, "margrequ": null, "totasset": 2693023662.49, "reincontrese": null, "totalnoncliab": 0.0, "notesrece": 351517886.08, "totliab": 543407609.22, "duenoncliab": null, "holdinvedue": null, "accudepr": null, "insucontrese": null, "deveexpe": null, "settresedepo": null, "defereve": null, "othernoncliabi": null, "lendandloan": null, "longdefeinco": null, "publishdate": "20111027", "advapaym": 39633504.9, "margrece": null, "defeincotaxliab": null, "logprepexpe": 34753579.07, "prodasse": null, "othercurrasse": 2502500.06, "longrece": null, "accstaname": "\u65b0\u4f1a\u8ba1\u51c6\u5219", "reporttype": "100111", "deriliab": null, "plac": null, "sellrepasse": null, "inteticksett": null, "longpaya": null, "copeworkersal": 13764887.18, "goodwill": null, "unseg": null, "actitradsecu": null, "otherpay": 22691601.44, "deposit": null, "fixedassenet": 311165124.58, "curfds": 1180464286.82}, {"unreinveloss": null, "specrese": null, "righaggritse": null, "righaggr": 2099935573.17, "otherlonginve": null, "topaycashdivi": null, "minysharrigh": 30328390.67, "rese": 16560872.56, "intelrece": null, "taxespaya": 7666453.06, "othernoncasse": null, "tradshartrad": null, "totcurrasset": 2165350278.45, "otherrece": 4116325.0, "accrexpe": null, "expenoncliab": null, "fixedasseclea": 87579.17, "currliabitse": null, "consprog": 46971085.52, "engimate": null, "copepoun": null, "longliabform": null, "bdspaya": null, "specpaya": null, "hydrasset": null, "adjustdate": "20110822", "totliabsharequi": 2662750210.34, "inveprop": null, "cenbankborr": null, "capisurp": 1502884251.23, "currliabform": null, "intelpay": null, "shorttermborr": null, "shorttermbdspaya": null, "reinrece": null, "totalasseform": null, "sharrighitse": null, "accorece": 159296191.9, "totalnoncassets": 497399931.89, "accopaya": 313183566.46, "othercurreliabi": 819303.01, "purcresaasset": null, "intaasset": 119470256.71, "inve": 326377663.51, "totalcurrliab": 562814637.17, "sharrightform": null, "expinoncurrasset": null, "tradfinliab": null, "fixedasseimpa": null, "fixedassenetw": 305302280.41, "fixedasseimmo": 405238329.17, "equiinve": 9934319.55, "paresharrigh": 2069607182.5, "currassetitse": null, "fdsborr": null, "expotaxrebarece": null, "totassetitse": null, "subsrece": null, "comasse": null, "tradfinasset": null, "actiundesecu": null, "noncasseitse": null, "intepaya": null, "prepexpe": null, "reportdate": "20110630", "otherfeepaya": null, "rightotitse": null, "derifinaasset": null, "dometicksett": null, "generiskrese": null, "dividrece": null, "interece": null, "rightotform": null, "treastk": null, "undiprof": 350350340.02, "avaisellasse": null, "totliabform": null, "rightaggrform": null, "paidincapi": 200000000.0, "longliabitse": null, "accstacode": "2", "totliabitse": null, "longborr": null, "premrece": null, "noncasseform": null, "curtrandiff": -188281.31, "prep": 71774037.6, "defetaxasset": 1497028.15, "compcode": "80166381", "expecurrliab": null, "copewithreinrece": null, "divipaya": null, "notespaya": 124615553.69, "currasseform": null, "margrequ": null, "totasset": 2662750210.34, "reincontrese": null, "totalnoncliab": 0.0, "notesrece": 314334382.47, "totliab": 562814637.17, "duenoncliab": null, "holdinvedue": null, "accudepr": 99936048.76, "insucontrese": null, "deveexpe": null, "settresedepo": null, "defereve": null, "othernoncliabi": null, "lendandloan": null, "longdefeinco": null, "publishdate": "20110822", "advapaym": 76309394.48, "margrece": null, "defeincotaxliab": null, "logprepexpe": 14137382.38, "prodasse": null, "othercurrasse": 5005000.04, "longrece": null, "accstaname": "\u65b0\u4f1a\u8ba1\u51c6\u5219", "reporttype": "100111", "deriliab": null, "plac": null, "sellrepasse": null, "inteticksett": null, "longpaya": null, "copeworkersal": 12850418.83, "goodwill": null, "unseg": null, "actitradsecu": null, "otherpay": 27369947.64, "deposit": null, "fixedassenet": 305302280.41, "curfds": 1284446677.93}, {"unreinveloss": null, "specrese": null, "righaggritse": null, "righaggr": 2085546233.57, "otherlonginve": null, "topaycashdivi": null, "minysharrigh": 28186002.26, "rese": 16560872.56, "intelrece": null, "taxespaya": 13083622.08, "othernoncasse": null, "tradshartrad": null, "totcurrasset": 2286917838.04, "otherrece": 9867723.84, "accrexpe": null, "expenoncliab": null, "fixedasseclea": null, "currliabitse": null, "consprog": 30483480.0, "engimate": null, "copepoun": null, "longliabform": null, "bdspaya": null, "specpaya": null, "hydrasset": null, "adjustdate": "20110422", "totliabsharequi": 2767387880.32, "inveprop": null, "cenbankborr": null, "capisurp": 1502884251.23, "currliabform": null, "intelpay": null, "shorttermborr": 13500000.0, "shorttermbdspaya": null, "reinrece": null, "totalasseform": null, "sharrighitse": null, "accorece": 183297508.33, "totalnoncassets": 480470042.28, "accopaya": 326917442.0, "othercurreliabi": 23641349.67, "purcresaasset": null, "intaasset": 120258291.71, "inve": 340251226.33, "totalcurrliab": 681841646.75, "sharrightform": null, "expinoncurrasset": null, "tradfinliab": null, "fixedasseimpa": null, "fixedassenetw": null, "fixedasseimmo": null, "equiinve": 4968567.25, "paresharrigh": 2057360231.31, "currassetitse": null, "fdsborr": null, "expotaxrebarece": null, "totassetitse": null, "subsrece": null, "comasse": null, "tradfinasset": null, "actiundesecu": null, "noncasseitse": null, "intepaya": null, "prepexpe": null, "reportdate": "20110331", "otherfeepaya": null, "rightotitse": null, "derifinaasset": null, "dometicksett": null, "generiskrese": null, "dividrece": null, "interece": null, "rightotform": null, "treastk": null, "undiprof": 338700058.38, "avaisellasse": null, "totliabform": null, "rightaggrform": null, "paidincapi": 200000000.0, "longliabitse": null, "accstacode": "2", "totliabitse": null, "longborr": null, "premrece": null, "noncasseform": null, "curtrandiff": -784950.86, "prep": 59577020.84, "defetaxasset": 1551360.38, "compcode": "80166381", "expecurrliab": null, "copewithreinrece": null, "divipaya": null, "notespaya": 136425833.2, "currasseform": null, "margrequ": null, "totasset": 2767387880.32, "reincontrese": null, "totalnoncliab": 0.0, "notesrece": 205450758.2, "totliab": 681841646.75, "duenoncliab": null, "holdinvedue": null, "accudepr": null, "insucontrese": null, "deveexpe": null, "settresedepo": null, "defereve": null, "othernoncliabi": null, "lendandloan": null, "longdefeinco": null, "publishdate": "20110422", "advapaym": 123743543.9, "margrece": null, "defeincotaxliab": null, "logprepexpe": 20298030.17, "prodasse": null, "othercurrasse": null, "longrece": null, "accstaname": "\u65b0\u4f1a\u8ba1\u51c6\u5219", "reporttype": "100111", "deriliab": null, "plac": null, "sellrepasse": null, "inteticksett": null, "longpaya": null, "copeworkersal": 12149380.96, "goodwill": null, "unseg": null, "actitradsecu": null, "otherpay": 32380474.94, "deposit": null, "fixedassenet": 302910312.77, "curfds": 1488473600.5}, {"unreinveloss": null, "specrese": null, "righaggritse": null, "righaggr": 603522073.91, "otherlonginve": null, "topaycashdivi": null, "minysharrigh": 24998690.59, "rese": 16560872.56, "intelrece": null, "taxespaya": 2066693.01, "othernoncasse": null, "tradshartrad": null, "totcurrasset": 850526532.53, "otherrece": 15999748.84, "accrexpe": null, "expenoncliab": null, "fixedasseclea": null, "currliabitse": null, "consprog": 21708433.31, "engimate": null, "copepoun": null, "longliabform": null, "bdspaya": null, "specpaya": null, "hydrasset": null, "adjustdate": "20110301", "totliabsharequi": 1302918805.41, "inveprop": null, "cenbankborr": null, "capisurp": 131391933.23, "currliabform": null, "intelpay": null, "shorttermborr": 13500000.0, "shorttermbdspaya": null, "reinrece": null, "totalasseform": null, "sharrighitse": null, "accorece": 145460804.9, "totalnoncassets": 452392272.88, "accopaya": 428676205.9, "othercurreliabi": 961877.96, "purcresaasset": null, "intaasset": 120669743.38, "inve": 409837637.7, "totalcurrliab": 699396731.5, "sharrightform": null, "expinoncurrasset": null, "tradfinliab": null, "fixedasseimpa": null, "fixedassenetw": 290764312.03, "fixedasseimmo": 378022832.61, "equiinve": 4968567.25, "paresharrigh": 578523383.32, "currassetitse": null, "fdsborr": null, "expotaxrebarece": null, "totassetitse": null, "subsrece": null, "comasse": null, "tradfinasset": null, "actiundesecu": null, "noncasseitse": null, "intepaya": null, "prepexpe": null, "reportdate": "20101231", "otherfeepaya": null, "rightotitse": null, "derifinaasset": null, "dometicksett": null, "generiskrese": null, "dividrece": null, "interece": null, "rightotform": null, "treastk": null, "undiprof": 281183457.18, "avaisellasse": null, "totliabform": null, "rightaggrform": null, "paidincapi": 150000000.0, "longliabitse": null, "accstacode": "2", "totliabitse": null, "longborr": null, "premrece": null, "noncasseform": null, "curtrandiff": -612879.65, "prep": 60694494.58, "defetaxasset": 1551360.38, "compcode": "80166381", "expecurrliab": null, "copewithreinrece": null, "divipaya": null, "notespaya": 82707943.22, "currasseform": null, "margrequ": null, "totasset": 1302918805.41, "reincontrese": null, "totalnoncliab": 0.0, "notesrece": 177215218.09, "totliab": 699396731.5, "duenoncliab": null, "holdinvedue": null, "accudepr": 87258520.58, "insucontrese": null, "deveexpe": null, "settresedepo": null, "defereve": null, "othernoncliabi": null, "lendandloan": null, "longdefeinco": null, "publishdate": "20110301", "advapaym": 110412860.26, "margrece": null, "defeincotaxliab": null, "logprepexpe": 12729856.53, "prodasse": null, "othercurrasse": null, "longrece": null, "accstaname": "\u65b0\u4f1a\u8ba1\u51c6\u5219", "reporttype": "100111", "deriliab": null, "plac": null, "sellrepasse": null, "inteticksett": null, "longpaya": null, "copeworkersal": 19392402.39, "goodwill": null, "unseg": null, "actitradsecu": null, "otherpay": 41678748.76, "deposit": null, "fixedassenet": 290764312.03, "curfds": 41318628.42}, {"unreinveloss": 0.0, "specrese": 0.0, "righaggritse": 0.0, "righaggr": 553153048.13, "otherlonginve": 0.0, "topaycashdivi": 0.0, "minysharrigh": 23070984.04, "rese": 5952801.88, "intelrece": 0.0, "taxespaya": 11185703.06, "othernoncasse": 0.0, "tradshartrad": 0.0, "totcurrasset": 861480095.52, "otherrece": 8314057.96, "accrexpe": 0.0, "expenoncliab": 0.0, "fixedasseclea": 117387.25, "currliabitse": 0.0, "consprog": 15234412.11, "engimate": 0.0, "copepoun": 0.0, "longliabform": 0.0, "bdspaya": 0.0, "specpaya": 0.0, "hydrasset": 0.0, "adjustdate": "19000101", "totliabsharequi": 1297575003.38, "inveprop": 0.0, "cenbankborr": 0.0, "capisurp": 131391933.23, "currliabform": 0.0, "intelpay": 0.0, "shorttermborr": 0.0, "shorttermbdspaya": 0.0, "reinrece": 0.0, "totalasseform": 0.0, "sharrighitse": 0.0, "accorece": 142471849.77, "totalnoncassets": 436094907.86, "accopaya": 391363308.02, "othercurreliabi": 26097660.0, "purcresaasset": 0.0, "intaasset": 121464695.05, "inve": 339845961.09, "totalcurrliab": 744421955.25, "sharrightform": 0.0, "expinoncurrasset": 0.0, "tradfinliab": 0.0, "fixedasseimpa": 0.0, "fixedassenetw": 0.0, "fixedasseimmo": 0.0, "equiinve": 4967061.87, "paresharrigh": 530082064.09, "currassetitse": 0.0, "fdsborr": 0.0, "expotaxrebarece": 0.0, "totassetitse": 0.0, "subsrece": 0.0, "comasse": 0.0, "tradfinasset": 0.0, "actiundesecu": 0.0, "noncasseitse": 0.0, "intepaya": 0.0, "prepexpe": 0.0, "reportdate": "20100930", "otherfeepaya": 0.0, "rightotitse": 0.0, "derifinaasset": 0.0, "dometicksett": 0.0, "generiskrese": 0.0, "dividrece": 0.0, "interece": 0.0, "rightotform": 0.0, "treastk": 0.0, "undiprof": 242923968.97, "avaisellasse": 0.0, "totliabform": 0.0, "rightaggrform": 0.0, "paidincapi": 150000000.0, "longliabitse": 0.0, "accstacode": "2", "totliabitse": 0.0, "longborr": 0.0, "premrece": 0.0, "noncasseform": 0.0, "curtrandiff": -186639.99, "prep": 74278096.14, "defetaxasset": 2024603.34, "compcode": "80166381", "expecurrliab": 0.0, "copewithreinrece": 0.0, "divipaya": 0.0, "notespaya": 116744350.92, "currasseform": 0.0, "margrequ": 0.0, "totasset": 1297575003.38, "reincontrese": 0.0, "totalnoncliab": 0.0, "notesrece": 180085518.47, "totliab": 744421955.25, "duenoncliab": 0.0, "holdinvedue": 0.0, "accudepr": 0.0, "insucontrese": 0.0, "deveexpe": 0.0, "settresedepo": 0.0, "defereve": 0.0, "othernoncliabi": 0.0, "lendandloan": 0.0, "longdefeinco": 0.0, "publishdate": "20110127", "advapaym": 145559479.29, "margrece": 0.0, "defeincotaxliab": 0.0, "logprepexpe": 10899962.85, "prodasse": 0.0, "othercurrasse": 0.0, "longrece": 0.0, "accstaname": "\u65b0\u4f1a\u8ba1\u51c6\u5219", "reporttype": "100111", "deriliab": 0.0, "plac": 0.0, "sellrepasse": 0.0, "inteticksett": 0.0, "longpaya": 0.0, "copeworkersal": 11529281.4, "goodwill": 0.0, "unseg": 0.0, "actitradsecu": 0.0, "otherpay": 41942172.56, "deposit": 0.0, "fixedassenet": 281386785.39, "curfds": 116484612.09}, {"unreinveloss": 0.0, "specrese": 0.0, "righaggritse": 0.0, "righaggr": 502692407.13, "otherlonginve": 0.0, "topaycashdivi": 0.0, "minysharrigh": 19168087.37, "rese": 5952801.88, "intelrece": 0.0, "taxespaya": 13997583.91, "othernoncasse": 0.0, "tradshartrad": 0.0, "totcurrasset": 765656396.97, "otherrece": 6273417.46, "accrexpe": 0.0, "expenoncliab": 0.0, "fixedasseclea": 0.0, "currliabitse": 0.0, "consprog": 10541663.4, "engimate": 0.0, "copepoun": 0.0, "longliabform": 0.0, "bdspaya": 0.0, "specpaya": 0.0, "hydrasset": 0.0, "adjustdate": "19000101", "totliabsharequi": 1184631804.35, "inveprop": 0.0, "cenbankborr": 0.0, "capisurp": 131391933.23, "currliabform": 0.0, "intelpay": 0.0, "shorttermborr": 0.0, "shorttermbdspaya": 0.0, "reinrece": 0.0, "totalasseform": 0.0, "sharrighitse": 0.0, "accorece": 149324940.61, "totalnoncassets": 418975407.38, "accopaya": 379335944.61, "othercurreliabi": 5619434.41, "purcresaasset": 0.0, "intaasset": 121639297.45, "inve": 299070021.06, "totalcurrliab": 681316597.22, "sharrightform": 0.0, "expinoncurrasset": 0.0, "tradfinliab": 0.0, "fixedasseimpa": 0.0, "fixedassenetw": 267442675.87, "fixedasseimmo": 339275426.09, "equiinve": 4967061.87, "paresharrigh": 483524319.76, "currassetitse": 0.0, "fdsborr": 0.0, "expotaxrebarece": 0.0, "totassetitse": 0.0, "subsrece": 0.0, "comasse": 0.0, "tradfinasset": 0.0, "actiundesecu": 0.0, "noncasseitse": 0.0, "intepaya": 0.0, "prepexpe": 0.0, "reportdate": "20100630", "otherfeepaya": 0.0, "rightotitse": 0.0, "derifinaasset": 0.0, "dometicksett": 0.0, "generiskrese": 0.0, "dividrece": 0.0, "interece": 0.0, "rightotform": 0.0, "treastk": 0.0, "undiprof": 196366224.64, "avaisellasse": 0.0, "totliabform": 0.0, "rightaggrform": 0.0, "paidincapi": 150000000.0, "longliabitse": 0.0, "accstacode": "2", "totliabitse": 0.0, "longborr": 622800.0, "premrece": 0.0, "noncasseform": 0.0, "curtrandiff": -186639.99, "prep": 53809096.47, "defetaxasset": 2235795.14, "compcode": "80166381", "expecurrliab": 0.0, "copewithreinrece": 0.0, "divipaya": 0.0, "notespaya": 74463659.13, "currasseform": 0.0, "margrequ": 0.0, "totasset": 1184631804.35, "reincontrese": 0.0, "totalnoncliab": 622800.0, "notesrece": 178046136.61, "totliab": 681939397.22, "duenoncliab": 0.0, "holdinvedue": 0.0, "accudepr": 71832750.22, "insucontrese": 0.0, "deveexpe": 0.0, "settresedepo": 0.0, "defereve": 0.0, "othernoncliabi": 0.0, "lendandloan": 0.0, "longdefeinco": 0.0, "publishdate": "20110111", "advapaym": 135061915.28, "margrece": 0.0, "defeincotaxliab": 0.0, "logprepexpe": 12148913.65, "prodasse": 0.0, "othercurrasse": 0.0, "longrece": 0.0, "accstaname": "\u65b0\u4f1a\u8ba1\u51c6\u5219", "reporttype": "100111", "deriliab": 0.0, "plac": 0.0, "sellrepasse": 0.0, "inteticksett": 0.0, "longpaya": 0.0, "copeworkersal": 11550179.96, "goodwill": 0.0, "unseg": 0.0, "actitradsecu": 0.0, "otherpay": 61287879.92, "deposit": 0.0, "fixedassenet": 267442675.87, "curfds": 79132784.76}, {"unreinveloss": 0.0, "specrese": 0.0, "righaggritse": 0.0, "righaggr": 406007649.11, "otherlonginve": 0.0, "topaycashdivi": 0.0, "minysharrigh": 12786271.42, "rese": 5952801.88, "intelrece": 0.0, "taxespaya": 6388800.5, "othernoncasse": 0.0, "tradshartrad": 0.0, "totcurrasset": 686113149.57, "otherrece": 4860954.03, "accrexpe": 0.0, "expenoncliab": 0.0, "fixedasseclea": 0.0, "currliabitse": 0.0, "consprog": 117228.4, "engimate": 0.0, "copepoun": 0.0, "longliabform": 0.0, "bdspaya": 0.0, "specpaya": 0.0, "hydrasset": 0.0, "adjustdate": "19000101", "totliabsharequi": 1096570753.27, "inveprop": 0.0, "cenbankborr": 0.0, "capisurp": 131391933.23, "currliabform": 0.0, "intelpay": 0.0, "shorttermborr": 30000000.0, "shorttermbdspaya": 0.0, "reinrece": 0.0, "totalasseform": 0.0, "sharrighitse": 0.0, "accorece": 120846108.52, "totalnoncassets": 410457603.7, "accopaya": 358988591.84, "othercurreliabi": 1407665.34, "purcresaasset": 0.0, "intaasset": 121426009.44, "inve": 291513287.62, "totalcurrliab": 690563104.16, "sharrightform": 0.0, "expinoncurrasset": 0.0, "tradfinliab": 0.0, "fixedasseimpa": 0.0, "fixedassenetw": 271218943.14, "fixedasseimmo": 329343043.09, "equiinve": 4967582.99, "paresharrigh": 393221377.69, "currassetitse": 0.0, "fdsborr": 0.0, "expotaxrebarece": 0.0, "totassetitse": 0.0, "subsrece": 0.0, "comasse": 0.0, "tradfinasset": 0.0, "actiundesecu": 0.0, "noncasseitse": 0.0, "intepaya": 0.0, "prepexpe": 0.0, "reportdate": "20091231", "otherfeepaya": 0.0, "rightotitse": 0.0, "derifinaasset": 0.0, "dometicksett": 0.0, "generiskrese": 0.0, "dividrece": 0.0, "interece": 0.0, "rightotform": 0.0, "treastk": 0.0, "undiprof": 105902007.02, "avaisellasse": 0.0, "totliabform": 0.0, "rightaggrform": 0.0, "paidincapi": 150000000.0, "longliabitse": 0.0, "accstacode": "2", "totliabitse": 0.0, "longborr": 0.0, "premrece": 0.0, "noncasseform": 0.0, "curtrandiff": -25364.44, "prep": 24305934.29, "defetaxasset": 1658777.15, "compcode": "80166381", "expecurrliab": 0.0, "copewithreinrece": 0.0, "divipaya": 0.0, "notespaya": 68772095.17, "currasseform": 0.0, "margrequ": 0.0, "totasset": 1096570753.27, "reincontrese": 0.0, "totalnoncliab": 0.0, "notesrece": 159465524.94, "totliab": 690563104.16, "duenoncliab": 0.0, "holdinvedue": 0.0, "accudepr": 58124099.95, "insucontrese": 0.0, "deveexpe": 0.0, "settresedepo": 0.0, "defereve": 0.0, "othernoncliabi": 0.0, "lendandloan": 0.0, "longdefeinco": 0.0, "publishdate": "20110111", "advapaym": 137032638.41, "margrece": 0.0, "defeincotaxliab": 0.0, "logprepexpe": 11069062.58, "prodasse": 0.0, "othercurrasse": 0.0, "longrece": 0.0, "accstaname": "\u65b0\u4f1a\u8ba1\u51c6\u5219", "reporttype": "100111", "deriliab": 0.0, "plac": 0.0, "sellrepasse": 0.0, "inteticksett": 0.0, "longpaya": 0.0, "copeworkersal": 15351877.59, "goodwill": 0.0, "unseg": 0.0, "actitradsecu": 0.0, "otherpay": 72621435.31, "deposit": 0.0, "fixedassenet": 271218943.14, "curfds": 85121340.17}, {"unreinveloss": 0.0, "specrese": 0.0, "righaggritse": 0.0, "righaggr": 273279536.41, "otherlonginve": 0.0, "topaycashdivi": 0.0, "minysharrigh": 5825219.53, "rese": 6132260.24, "intelrece": 0.0, "taxespaya": -3145664.98, "othernoncasse": 0.0, "tradshartrad": 0.0, "totcurrasset": 640586164.39, "otherrece": 7295502.09, "accrexpe": 0.0, "expenoncliab": 0.0, "fixedasseclea": 0.0, "currliabitse": 0.0, "consprog": 3800.0, "engimate": 0.0, "copepoun": 0.0, "longliabform": 0.0, "bdspaya": 0.0, "specpaya": 0.0, "hydrasset": 0.0, "adjustdate": "19000101", "totliabsharequi": 985523700.65, "inveprop": 0.0, "cenbankborr": 0.0, "capisurp": 50004050.0, "currliabform": 0.0, "intelpay": 0.0, "shorttermborr": 230000000.0, "shorttermbdspaya": 0.0, "reinrece": 0.0, "totalasseform": 0.0, "sharrighitse": 0.0, "accorece": 93811842.4, "totalnoncassets": 344937536.26, "accopaya": 251506247.66, "othercurreliabi": 766040.81, "purcresaasset": 0.0, "intaasset": 75610999.53, "inve": 276249737.76, "totalcurrliab": 712244164.24, "sharrightform": 0.0, "expinoncurrasset": 0.0, "tradfinliab": 0.0, "fixedasseimpa": 0.0, "fixedassenetw": 0.0, "fixedasseimmo": 0.0, "equiinve": 1250000.0, "paresharrigh": 267454316.88, "currassetitse": 0.0, "fdsborr": 0.0, "expotaxrebarece": 0.0, "totassetitse": 0.0, "subsrece": 0.0, "comasse": 0.0, "tradfinasset": 0.0, "actiundesecu": 0.0, "noncasseitse": 0.0, "intepaya": 0.0, "prepexpe": 0.0, "reportdate": "20081231", "otherfeepaya": 0.0, "rightotitse": 0.0, "derifinaasset": 0.0, "dometicksett": 0.0, "generiskrese": 0.0, "dividrece": 0.0, "interece": 0.0, "rightotform": 0.0, "treastk": 0.0, "undiprof": 61318006.64, "avaisellasse": 0.0, "totliabform": 0.0, "rightaggrform": 0.0, "paidincapi": 150000000.0, "longliabitse": 0.0, "accstacode": "2", "totliabitse": 0.0, "longborr": 0.0, "premrece": 0.0, "noncasseform": 0.0, "curtrandiff": 0.0, "prep": 18631228.87, "defetaxasset": 1274430.65, "compcode": "80166381", "expecurrliab": 0.0, "copewithreinrece": 0.0, "divipaya": 0.0, "notespaya": 56208381.51, "currasseform": 0.0, "margrequ": 0.0, "totasset": 985523700.65, "reincontrese": 0.0, "totalnoncliab": 0.0, "notesrece": 145854376.46, "totliab": 712244164.24, "duenoncliab": 0.0, "holdinvedue": 0.0, "accudepr": 0.0, "insucontrese": 0.0, "deveexpe": 0.0, "settresedepo": 0.0, "defereve": 0.0, "othernoncliabi": 0.0, "lendandloan": 0.0, "longdefeinco": 0.0, "publishdate": "20110111", "advapaym": 134354720.53, "margrece": 0.0, "defeincotaxliab": 0.0, "logprepexpe": 9400967.59, "prodasse": 0.0, "othercurrasse": 0.0, "longrece": 0.0, "accstaname": "\u65b0\u4f1a\u8ba1\u51c6\u5219", "reporttype": "100111", "deriliab": 0.0, "plac": 0.0, "sellrepasse": 0.0, "inteticksett": 0.0, "longpaya": 0.0, "copeworkersal": 14893759.91, "goodwill": 0.0, "unseg": 0.0, "actitradsecu": 0.0, "otherpay": 27660678.8, "deposit": 0.0, "fixedassenet": 257397338.49, "curfds": 98743476.81}, {"unreinveloss": 0.0, "specrese": 0.0, "righaggritse": 0.0, "righaggr": 134993897.71, "otherlonginve": 0.0, "topaycashdivi": 0.0, "minysharrigh": 2295511.28, "rese": 2353321.34, "intelrece": 0.0, "taxespaya": -26588328.61, "othernoncasse": 0.0, "tradshartrad": 0.0, "totcurrasset": 714583870.69, "otherrece": 25164695.05, "accrexpe": 0.0, "expenoncliab": 0.0, "fixedasseclea": 0.0, "currliabitse": 0.0, "consprog": 32000.0, "engimate": 0.0, "copepoun": 0.0, "longliabform": 0.0, "bdspaya": 0.0, "specpaya": 0.0, "hydrasset": 0.0, "adjustdate": "19000101", "totliabsharequi": 923206001.5, "inveprop": 0.0, "cenbankborr": 0.0, "capisurp": 12522014.58, "currliabform": 0.0, "intelpay": 0.0, "shorttermborr": 30000000.0, "shorttermbdspaya": 0.0, "reinrece": 0.0, "totalasseform": 0.0, "sharrighitse": 0.0, "accorece": 103267952.47, "totalnoncassets": 208622130.81, "accopaya": 228504021.2, "othercurreliabi": 279195.28, "purcresaasset": 0.0, "intaasset": 16689151.24, "inve": 401312692.16, "totalcurrliab": 788212103.79, "sharrightform": 0.0, "expinoncurrasset": 0.0, "tradfinliab": 0.0, "fixedasseimpa": 0.0, "fixedassenetw": 0.0, "fixedasseimmo": 0.0, "equiinve": 0.0, "paresharrigh": 132698386.43, "currassetitse": 0.0, "fdsborr": 0.0, "expotaxrebarece": 0.0, "totassetitse": 0.0, "subsrece": 0.0, "comasse": 0.0, "tradfinasset": 0.0, "actiundesecu": 0.0, "noncasseitse": 0.0, "intepaya": 0.0, "prepexpe": 0.0, "reportdate": "20071231", "otherfeepaya": 0.0, "rightotitse": 0.0, "derifinaasset": 0.0, "dometicksett": 0.0, "generiskrese": 0.0, "dividrece": 0.0, "interece": 0.0, "rightotform": 0.0, "treastk": 0.0, "undiprof": 17823050.51, "avaisellasse": 0.0, "totliabform": 0.0, "rightaggrform": 0.0, "paidincapi": 100000000.0, "longliabitse": 0.0, "accstacode": "2", "totliabitse": 0.0, "longborr": 0.0, "premrece": 0.0, "noncasseform": 0.0, "curtrandiff": 0.0, "prep": 45482481.09, "defetaxasset": 552243.64, "compcode": "80166381", "expecurrliab": 0.0, "copewithreinrece": 0.0, "divipaya": 0.0, "notespaya": 160498445.83, "currasseform": 0.0, "margrequ": 0.0, "totasset": 923206001.5, "reincontrese": 0.0, "totalnoncliab": 0.0, "notesrece": 36654465.58, "totliab": 788212103.79, "duenoncliab": 0.0, "holdinvedue": 0.0, "accudepr": 0.0, "insucontrese": 0.0, "deveexpe": 0.0, "settresedepo": 0.0, "defereve": 0.0, "othernoncliabi": 0.0, "lendandloan": 0.0, "longdefeinco": 0.0, "publishdate": "20110111", "advapaym": 159055651.43, "margrece": 0.0, "defeincotaxliab": 0.0, "logprepexpe": 9147660.86, "prodasse": 0.0, "othercurrasse": 0.0, "longrece": 0.0, "accstaname": "\u65b0\u4f1a\u8ba1\u51c6\u5219", "reporttype": "100111", "deriliab": 0.0, "plac": 0.0, "sellrepasse": 0.0, "inteticksett": 0.0, "longpaya": 0.0, "copeworkersal": 12581801.49, "goodwill": 0.0, "unseg": 0.0, "actitradsecu": 0.0, "otherpay": 223881317.17, "deposit": 0.0, "fixedassenet": 182201075.07, "curfds": 102701584.34}], "comptype": 4, "name": "\u4e07\u548c\u7535\u6c14"}