{"list":[{"compcode":"80155110","publishdate":"20171031","begindate":"20170101","enddate":"20170930","reporttype":"100111","adjustdate":"20171031","accstacode":"2","accstaname":"新会计准则","biztotinco":3.35213378661E9,"bizinco":3.35213378661E9,"inteinco":null,"earnprem":null,"pouninco":null,"realsale":null,"otherbizinco":null,"biztotincoitse":null,"biztotincoform":null,"biztotcost":3.06274131213E9,"bizcost":2.15335826373E9,"inteexpe":null,"pounexpe":null,"realsalecost":null,"deveexpe":null,"surrgold":null,"compnetexpe":null,"contress":null,"polidiviexpe":null,"reinexpe":null,"otherbizcost":null,"biztax":2.746600453E7,"salesexpe":6.7025524251E8,"manaexpe":1.8162686343E8,"finexpe":3.389323047E7,"asseimpaloss":-3858292.54,"biztotcostitse":null,"biztotcostform":null,"valuechgloss":null,"inveinco":956792.29,"assoinveprof":null,"exchggain":null,"futuloss":null,"custinco":null,"subsidyincome":null,"otherbizprof":null,"bizprofitse":null,"operprofform":null,"perprofit":2.9034926677E8,"nonoreve":2.150245348E7,"nonoexpe":1601574.38,"noncassetsdisl":1025036.08,"proftotitse":null,"proftotform":null,"totprofit":3.1025014587E8,"incotaxexpe":6.364610728E7,"unreinveloss":null,"netpro1itse":null,"netpro1form":null,"netprofit":2.4660403859E8,"parenetp":2.4660403859E8,"mergeformnetprof":null,"minysharrigh":null,"netpro2itse":null,"netpro2form":null,"basiceps":0.33,"dilutedeps":0.33,"othercompinco":null,"parecompinco":null,"minysharinco":null,"compincoamt":2.4660403859E8,"parecompincoamt":2.4660403859E8,"minysharincoamt":null,"earlyundiprof":null,"undisprofredu":null,"otherinto":null,"otherdistprof":null,"legalsurp":null,"welfare":null,"capitalreserve":null,"staffaward":null,"reservefund":null,"developfund":null,"profreturninvest":null,"supplycurcap":null,"avaidistshareprof":null,"preferredskdiv":null,"freesurplu":null,"dealwithdivi":null,"capitalizeddivi":null,"undisprofit":null,"selldepartgain":null,"natudisasterloss":null,"accpolicychg":null,"accestimatechg":null,"debtrestruloss":null,"othersupply":null},{"compcode":"80155110","publishdate":"20170818","begindate":"20170101","enddate":"20170630","reporttype":"100111","adjustdate":"20170818","accstacode":"2","accstaname":"新会计准则","biztotinco":2.12321642896E9,"bizinco":2.12321642896E9,"inteinco":null,"earnprem":null,"pouninco":null,"realsale":null,"otherbizinco":null,"biztotincoitse":null,"biztotincoform":null,"biztotcost":1.93860225197E9,"bizcost":1.35548400086E9,"inteexpe":null,"pounexpe":null,"realsalecost":null,"deveexpe":null,"surrgold":null,"compnetexpe":null,"contress":null,"polidiviexpe":null,"reinexpe":null,"otherbizcost":null,"biztax":1.681278465E7,"salesexpe":4.2306594115E8,"manaexpe":1.2026129752E8,"finexpe":2.413749175E7,"asseimpaloss":-1159263.96,"biztotcostitse":null,"biztotcostform":null,"valuechgloss":null,"inveinco":60022.85,"assoinveprof":null,"exchggain":null,"futuloss":null,"custinco":null,"subsidyincome":null,"otherbizprof":null,"bizprofitse":null,"operprofform":null,"perprofit":1.8467419984E8,"nonoreve":1.522862327E7,"nonoexpe":1061175.15,"noncassetsdisl":752520.36,"proftotitse":null,"proftotform":null,"totprofit":1.9884164796E8,"incotaxexpe":4.243119548E7,"unreinveloss":null,"netpro1itse":null,"netpro1form":null,"netprofit":1.5641045248E8,"parenetp":1.5641045248E8,"mergeformnetprof":null,"minysharrigh":null,"netpro2itse":null,"netpro2form":null,"basiceps":0.21,"dilutedeps":0.21,"othercompinco":null,"parecompinco":null,"minysharinco":null,"compincoamt":1.5641045248E8,"parecompincoamt":1.5641045248E8,"minysharincoamt":null,"earlyundiprof":null,"undisprofredu":null,"otherinto":null,"otherdistprof":null,"legalsurp":null,"welfare":null,"capitalreserve":null,"staffaward":null,"reservefund":null,"developfund":null,"profreturninvest":null,"supplycurcap":null,"avaidistshareprof":null,"preferredskdiv":null,"freesurplu":null,"dealwithdivi":null,"capitalizeddivi":null,"undisprofit":null,"selldepartgain":null,"natudisasterloss":null,"accpolicychg":null,"accestimatechg":null,"debtrestruloss":null,"othersupply":null},{"compcode":"80155110","publishdate":"20170419","begindate":"20170101","enddate":"20170331","reporttype":"100111","adjustdate":"20170419","accstacode":"2","accstaname":"新会计准则","biztotinco":1.03224669885E9,"bizinco":1.03224669885E9,"inteinco":null,"earnprem":null,"pouninco":null,"realsale":null,"otherbizinco":null,"biztotincoitse":null,"biztotincoform":null,"biztotcost":9.4126206213E8,"bizcost":6.565489287E8,"inteexpe":null,"pounexpe":null,"realsalecost":null,"deveexpe":null,"surrgold":null,"compnetexpe":null,"contress":null,"polidiviexpe":null,"reinexpe":null,"otherbizcost":null,"biztax":7903148.72,"salesexpe":2.1144133624E8,"manaexpe":5.376708418E7,"finexpe":1.114055897E7,"asseimpaloss":461005.32,"biztotcostitse":null,"biztotcostform":null,"valuechgloss":null,"inveinco":63624.22,"assoinveprof":null,"exchggain":null,"futuloss":null,"custinco":null,"subsidyincome":null,"otherbizprof":null,"bizprofitse":null,"operprofform":null,"perprofit":9.104826094E7,"nonoreve":5955744.12,"nonoexpe":193771.87,"noncassetsdisl":130830.49,"proftotitse":null,"proftotform":null,"totprofit":9.681023319E7,"incotaxexpe":2.15321538E7,"unreinveloss":null,"netpro1itse":null,"netpro1form":null,"netprofit":7.527807939E7,"parenetp":7.527807939E7,"mergeformnetprof":null,"minysharrigh":null,"netpro2itse":null,"netpro2form":null,"basiceps":0.15,"dilutedeps":0.15,"othercompinco":null,"parecompinco":null,"minysharinco":null,"compincoamt":7.527807939E7,"parecompincoamt":7.527807939E7,"minysharincoamt":null,"earlyundiprof":null,"undisprofredu":null,"otherinto":null,"otherdistprof":null,"legalsurp":null,"welfare":null,"capitalreserve":null,"staffaward":null,"reservefund":null,"developfund":null,"profreturninvest":null,"supplycurcap":null,"avaidistshareprof":null,"preferredskdiv":null,"freesurplu":null,"dealwithdivi":null,"capitalizeddivi":null,"undisprofit":null,"selldepartgain":null,"natudisasterloss":null,"accpolicychg":null,"accestimatechg":null,"debtrestruloss":null,"othersupply":null},{"compcode":"80155110","publishdate":"20170419","begindate":"20160101","enddate":"20161231","reporttype":"100111","adjustdate":"20170419","accstacode":"2","accstaname":"新会计准则","biztotinco":3.80934907213E9,"bizinco":3.80934907213E9,"inteinco":null,"earnprem":null,"pouninco":null,"realsale":null,"otherbizinco":null,"biztotincoitse":null,"biztotincoform":null,"biztotcost":3.48714509819E9,"bizcost":2.44119315859E9,"inteexpe":null,"pounexpe":null,"realsalecost":null,"deveexpe":null,"surrgold":null,"compnetexpe":null,"contress":null,"polidiviexpe":null,"reinexpe":null,"otherbizcost":null,"biztax":3.451326367E7,"salesexpe":7.2119082805E8,"manaexpe":2.0515119596E8,"finexpe":5.918906926E7,"asseimpaloss":2.590758266E7,"biztotcostitse":null,"biztotcostform":null,"valuechgloss":null,"inveinco":1930208.87,"assoinveprof":null,"exchggain":null,"futuloss":null,"custinco":null,"subsidyincome":null,"otherbizprof":null,"bizprofitse":null,"operprofform":null,"perprofit":3.2413418281E8,"nonoreve":1.273670611E7,"nonoexpe":2053539.82,"noncassetsdisl":1690694.83,"proftotitse":null,"proftotform":null,"totprofit":3.348173491E8,"incotaxexpe":7.440076987E7,"unreinveloss":null,"netpro1itse":null,"netpro1form":null,"netprofit":2.6041657923E8,"parenetp":2.6041657923E8,"mergeformnetprof":null,"minysharrigh":null,"netpro2itse":null,"netpro2form":null,"basiceps":0.54,"dilutedeps":0.52,"othercompinco":null,"parecompinco":null,"minysharinco":null,"compincoamt":2.6041657923E8,"parecompincoamt":2.6041657923E8,"minysharincoamt":null,"earlyundiprof":null,"undisprofredu":null,"otherinto":null,"otherdistprof":null,"legalsurp":null,"welfare":null,"capitalreserve":null,"staffaward":null,"reservefund":null,"developfund":null,"profreturninvest":null,"supplycurcap":null,"avaidistshareprof":null,"preferredskdiv":null,"freesurplu":null,"dealwithdivi":null,"capitalizeddivi":null,"undisprofit":null,"selldepartgain":null,"natudisasterloss":null,"accpolicychg":null,"accestimatechg":null,"debtrestruloss":null,"othersupply":null},{"compcode":"80155110","publishdate":"20161026","begindate":"20160101","enddate":"20160930","reporttype":"100111","adjustdate":"20161026","accstacode":"2","accstaname":"新会计准则","biztotinco":2.740959078E9,"bizinco":2.740959078E9,"inteinco":null,"earnprem":null,"pouninco":null,"realsale":null,"otherbizinco":null,"biztotincoitse":null,"biztotincoform":null,"biztotcost":2.52078864906E9,"bizcost":1.76867545292E9,"inteexpe":null,"pounexpe":null,"realsalecost":null,"deveexpe":null,"surrgold":null,"compnetexpe":null,"contress":null,"polidiviexpe":null,"reinexpe":null,"otherbizcost":null,"biztax":1.644988386E7,"salesexpe":5.0425499868E8,"manaexpe":1.5883157271E8,"finexpe":5.196792694E7,"asseimpaloss":2.060881395E7,"biztotcostitse":null,"biztotcostform":null,"valuechgloss":null,"inveinco":436836.09,"assoinveprof":null,"exchggain":null,"futuloss":null,"custinco":null,"subsidyincome":null,"otherbizprof":null,"bizprofitse":null,"operprofform":null,"perprofit":2.2060726503E8,"nonoreve":8969990.37,"nonoexpe":1025382.0,"noncassetsdisl":791098.68,"proftotitse":null,"proftotform":null,"totprofit":2.285518734E8,"incotaxexpe":4.741956569E7,"unreinveloss":null,"netpro1itse":null,"netpro1form":null,"netprofit":1.8113230771E8,"parenetp":1.8113230771E8,"mergeformnetprof":null,"minysharrigh":null,"netpro2itse":null,"netpro2form":null,"basiceps":0.37,"dilutedeps":0.37,"othercompinco":null,"parecompinco":null,"minysharinco":null,"compincoamt":1.8113230771E8,"parecompincoamt":1.8113230771E8,"minysharincoamt":null,"earlyundiprof":null,"undisprofredu":null,"otherinto":null,"otherdistprof":null,"legalsurp":null,"welfare":null,"capitalreserve":null,"staffaward":null,"reservefund":null,"developfund":null,"profreturninvest":null,"supplycurcap":null,"avaidistshareprof":null,"preferredskdiv":null,"freesurplu":null,"dealwithdivi":null,"capitalizeddivi":null,"undisprofit":null,"selldepartgain":null,"natudisasterloss":null,"accpolicychg":null,"accestimatechg":null,"debtrestruloss":null,"othersupply":null},{"compcode":"80155110","publishdate":"20160810","begindate":"20160101","enddate":"20160630","reporttype":"100111","adjustdate":"20160810","accstacode":"2","accstaname":"新会计准则","biztotinco":1.77155266077E9,"bizinco":1.77155266077E9,"inteinco":null,"earnprem":null,"pouninco":null,"realsale":null,"otherbizinco":null,"biztotincoitse":null,"biztotincoform":null,"biztotcost":1.6463983584E9,"bizcost":1.1579772037E9,"inteexpe":null,"pounexpe":null,"realsalecost":null,"deveexpe":null,"surrgold":null,"compnetexpe":null,"contress":null,"polidiviexpe":null,"reinexpe":null,"otherbizcost":null,"biztax":9588539.36,"salesexpe":3.2018170297E8,"manaexpe":1.0400885629E8,"finexpe":3.823860671E7,"asseimpaloss":1.640344937E7,"biztotcostitse":null,"biztotcostform":null,"valuechgloss":null,"inveinco":436836.09,"assoinveprof":null,"exchggain":null,"futuloss":null,"custinco":null,"subsidyincome":null,"otherbizprof":null,"bizprofitse":null,"operprofform":null,"perprofit":1.2559113846E8,"nonoreve":5449975.6,"nonoexpe":317468.89,"noncassetsdisl":126988.2,"proftotitse":null,"proftotform":null,"totprofit":1.3072364517E8,"incotaxexpe":2.490862487E7,"unreinveloss":null,"netpro1itse":null,"netpro1form":null,"netprofit":1.058150203E8,"parenetp":1.058150203E8,"mergeformnetprof":null,"minysharrigh":null,"netpro2itse":null,"netpro2form":null,"basiceps":0.22,"dilutedeps":0.21,"othercompinco":null,"parecompinco":null,"minysharinco":null,"compincoamt":1.058150203E8,"parecompincoamt":1.058150203E8,"minysharincoamt":null,"earlyundiprof":null,"undisprofredu":null,"otherinto":null,"otherdistprof":null,"legalsurp":null,"welfare":null,"capitalreserve":null,"staffaward":null,"reservefund":null,"developfund":null,"profreturninvest":null,"supplycurcap":null,"avaidistshareprof":null,"preferredskdiv":null,"freesurplu":null,"dealwithdivi":null,"capitalizeddivi":null,"undisprofit":null,"selldepartgain":null,"natudisasterloss":null,"accpolicychg":null,"accestimatechg":null,"debtrestruloss":null,"othersupply":null},{"compcode":"80155110","publishdate":"20160426","begindate":"20160101","enddate":"20160331","reporttype":"100111","adjustdate":"20160426","accstacode":"2","accstaname":"新会计准则","biztotinco":8.5409075285E8,"bizinco":8.5409075285E8,"inteinco":null,"earnprem":null,"pouninco":null,"realsale":null,"otherbizinco":null,"biztotincoitse":null,"biztotincoform":null,"biztotcost":8.0007962447E8,"bizcost":5.7513230237E8,"inteexpe":null,"pounexpe":null,"realsalecost":null,"deveexpe":null,"surrgold":null,"compnetexpe":null,"contress":null,"polidiviexpe":null,"reinexpe":null,"otherbizcost":null,"biztax":3051945.92,"salesexpe":1.4517351837E8,"manaexpe":5.426284244E7,"finexpe":2.218524786E7,"asseimpaloss":273767.51,"biztotcostitse":null,"biztotcostform":null,"valuechgloss":null,"inveinco":436836.09,"assoinveprof":null,"exchggain":null,"futuloss":null,"custinco":null,"subsidyincome":null,"otherbizprof":null,"bizprofitse":null,"operprofform":null,"perprofit":5.444796447E7,"nonoreve":2395538.34,"nonoexpe":50379.38,"noncassetsdisl":44368.33,"proftotitse":null,"proftotform":null,"totprofit":5.679312343E7,"incotaxexpe":1.123267453E7,"unreinveloss":null,"netpro1itse":null,"netpro1form":null,"netprofit":4.55604489E7,"parenetp":4.55604489E7,"mergeformnetprof":null,"minysharrigh":null,"netpro2itse":null,"netpro2form":null,"basiceps":0.09,"dilutedeps":0.09,"othercompinco":null,"parecompinco":null,"minysharinco":null,"compincoamt":4.55604489E7,"parecompincoamt":4.55604489E7,"minysharincoamt":null,"earlyundiprof":null,"undisprofredu":null,"otherinto":null,"otherdistprof":null,"legalsurp":null,"welfare":null,"capitalreserve":null,"staffaward":null,"reservefund":null,"developfund":null,"profreturninvest":null,"supplycurcap":null,"avaidistshareprof":null,"preferredskdiv":null,"freesurplu":null,"dealwithdivi":null,"capitalizeddivi":null,"undisprofit":null,"selldepartgain":null,"natudisasterloss":null,"accpolicychg":null,"accestimatechg":null,"debtrestruloss":null,"othersupply":null},{"compcode":"80155110","publishdate":"20160426","begindate":"20150101","enddate":"20151231","reporttype":"100111","adjustdate":"20160426","accstacode":"2","accstaname":"新会计准则","biztotinco":2.958976614E9,"bizinco":2.958976614E9,"inteinco":null,"earnprem":null,"pouninco":null,"realsale":null,"otherbizinco":null,"biztotincoitse":null,"biztotincoform":null,"biztotcost":2.86552034023E9,"bizcost":2.01126973007E9,"inteexpe":null,"pounexpe":null,"realsalecost":null,"deveexpe":null,"surrgold":null,"compnetexpe":null,"contress":null,"polidiviexpe":null,"reinexpe":null,"otherbizcost":null,"biztax":1.277866626E7,"salesexpe":5.1704988772E8,"manaexpe":1.9811735424E8,"finexpe":1.0460326563E8,"asseimpaloss":2.170143631E7,"biztotcostitse":null,"biztotcostform":null,"valuechgloss":null,"inveinco":6429037.66,"assoinveprof":null,"exchggain":null,"futuloss":null,"custinco":null,"subsidyincome":null,"otherbizprof":null,"bizprofitse":null,"operprofform":null,"perprofit":9.988531143E7,"nonoreve":2.251282934E7,"nonoexpe":4796825.06,"noncassetsdisl":4076290.49,"proftotitse":null,"proftotform":null,"totprofit":1.1760131571E8,"incotaxexpe":2.940519924E7,"unreinveloss":null,"netpro1itse":null,"netpro1form":null,"netprofit":8.819611647E7,"parenetp":8.819611647E7,"mergeformnetprof":null,"minysharrigh":null,"netpro2itse":null,"netpro2form":null,"basiceps":0.18,"dilutedeps":0.18,"othercompinco":null,"parecompinco":null,"minysharinco":null,"compincoamt":8.819611647E7,"parecompincoamt":8.819611647E7,"minysharincoamt":null,"earlyundiprof":null,"undisprofredu":null,"otherinto":null,"otherdistprof":null,"legalsurp":null,"welfare":null,"capitalreserve":null,"staffaward":null,"reservefund":null,"developfund":null,"profreturninvest":null,"supplycurcap":null,"avaidistshareprof":null,"preferredskdiv":null,"freesurplu":null,"dealwithdivi":null,"capitalizeddivi":null,"undisprofit":null,"selldepartgain":null,"natudisasterloss":null,"accpolicychg":null,"accestimatechg":null,"debtrestruloss":null,"othersupply":null},{"compcode":"80155110","publishdate":"20151021","begindate":"20150101","enddate":"20150930","reporttype":"100111","adjustdate":"20151021","accstacode":"2","accstaname":"新会计准则","biztotinco":2.06743184412E9,"bizinco":2.06743184412E9,"inteinco":null,"earnprem":null,"pouninco":null,"realsale":null,"otherbizinco":null,"biztotincoitse":null,"biztotincoform":null,"biztotcost":2.00128853909E9,"bizcost":1.41198212588E9,"inteexpe":null,"pounexpe":null,"realsalecost":null,"deveexpe":null,"surrgold":null,"compnetexpe":null,"contress":null,"polidiviexpe":null,"reinexpe":null,"otherbizcost":null,"biztax":8957158.72,"salesexpe":3.5114965806E8,"manaexpe":1.2876904164E8,"finexpe":8.037921603E7,"asseimpaloss":2.005133876E7,"biztotcostitse":null,"biztotcostform":null,"valuechgloss":null,"inveinco":6429037.66,"assoinveprof":null,"exchggain":null,"futuloss":null,"custinco":null,"subsidyincome":null,"otherbizprof":null,"bizprofitse":null,"operprofform":null,"perprofit":7.257234269E7,"nonoreve":1.541887747E7,"nonoexpe":4026020.05,"noncassetsdisl":3911498.12,"proftotitse":null,"proftotform":null,"totprofit":8.396520011E7,"incotaxexpe":1.783405813E7,"unreinveloss":null,"netpro1itse":null,"netpro1form":null,"netprofit":6.613114198E7,"parenetp":6.613114198E7,"mergeformnetprof":null,"minysharrigh":null,"netpro2itse":null,"netpro2form":null,"basiceps":0.14,"dilutedeps":0.14,"othercompinco":null,"parecompinco":null,"minysharinco":null,"compincoamt":6.613114198E7,"parecompincoamt":6.613114198E7,"minysharincoamt":null,"earlyundiprof":null,"undisprofredu":null,"otherinto":null,"otherdistprof":null,"legalsurp":null,"welfare":null,"capitalreserve":null,"staffaward":null,"reservefund":null,"developfund":null,"profreturninvest":null,"supplycurcap":null,"avaidistshareprof":null,"preferredskdiv":null,"freesurplu":null,"dealwithdivi":null,"capitalizeddivi":null,"undisprofit":null,"selldepartgain":null,"natudisasterloss":null,"accpolicychg":null,"accestimatechg":null,"debtrestruloss":null,"othersupply":null},{"compcode":"80155110","publishdate":"20150826","begindate":"20150101","enddate":"20150630","reporttype":"100111","adjustdate":"20150826","accstacode":"2","accstaname":"新会计准则","biztotinco":1.29955858608E9,"bizinco":1.29955858608E9,"inteinco":null,"earnprem":null,"pouninco":null,"realsale":null,"otherbizinco":null,"biztotincoitse":null,"biztotincoform":null,"biztotcost":1.23965302769E9,"bizcost":8.9813582343E8,"inteexpe":null,"pounexpe":null,"realsalecost":null,"deveexpe":null,"surrgold":null,"compnetexpe":null,"contress":null,"polidiviexpe":null,"reinexpe":null,"otherbizcost":null,"biztax":5547127.51,"salesexpe":2.083956134E8,"manaexpe":8.239784443E7,"finexpe":4.550811761E7,"asseimpaloss":-331498.69,"biztotcostitse":null,"biztotcostform":null,"valuechgloss":null,"inveinco":35287.67,"assoinveprof":null,"exchggain":null,"futuloss":null,"custinco":null,"subsidyincome":null,"otherbizprof":null,"bizprofitse":null,"operprofform":null,"perprofit":5.994084606E7,"nonoreve":5641995.5,"nonoexpe":1920840.49,"noncassetsdisl":1808518.56,"proftotitse":null,"proftotform":null,"totprofit":6.366200107E7,"incotaxexpe":1.787046531E7,"unreinveloss":null,"netpro1itse":null,"netpro1form":null,"netprofit":4.579153576E7,"parenetp":4.579153576E7,"mergeformnetprof":null,"minysharrigh":0.0,"netpro2itse":null,"netpro2form":null,"basiceps":0.09,"dilutedeps":0.09,"othercompinco":null,"parecompinco":null,"minysharinco":null,"compincoamt":4.579153576E7,"parecompincoamt":4.579153576E7,"minysharincoamt":0.0,"earlyundiprof":null,"undisprofredu":null,"otherinto":null,"otherdistprof":null,"legalsurp":null,"welfare":null,"capitalreserve":null,"staffaward":null,"reservefund":null,"developfund":null,"profreturninvest":null,"supplycurcap":null,"avaidistshareprof":null,"preferredskdiv":null,"freesurplu":null,"dealwithdivi":null,"capitalizeddivi":null,"undisprofit":null,"selldepartgain":null,"natudisasterloss":null,"accpolicychg":null,"accestimatechg":null,"debtrestruloss":null,"othersupply":null},{"compcode":"80155110","publishdate":"20150424","begindate":"20150101","enddate":"20150331","reporttype":"100111","adjustdate":"20150424","accstacode":"2","accstaname":"新会计准则","biztotinco":6.0369366138E8,"bizinco":6.0369366138E8,"inteinco":null,"earnprem":null,"pouninco":null,"realsale":null,"otherbizinco":null,"biztotincoitse":null,"biztotincoform":null,"biztotcost":5.7628945002E8,"bizcost":4.2681682978E8,"inteexpe":null,"pounexpe":null,"realsalecost":null,"deveexpe":null,"surrgold":null,"compnetexpe":null,"contress":null,"polidiviexpe":null,"reinexpe":null,"otherbizcost":null,"biztax":2637280.58,"salesexpe":8.600142236E7,"manaexpe":3.667042963E7,"finexpe":2.399885103E7,"asseimpaloss":164636.64,"biztotcostitse":null,"biztotcostform":null,"valuechgloss":null,"inveinco":null,"assoinveprof":null,"exchggain":null,"futuloss":null,"custinco":null,"subsidyincome":null,"otherbizprof":null,"bizprofitse":null,"operprofform":null,"perprofit":2.740421136E7,"nonoreve":4901812.74,"nonoexpe":132658.88,"noncassetsdisl":21649.85,"proftotitse":null,"proftotform":null,"totprofit":3.217336522E7,"incotaxexpe":9929898.75,"unreinveloss":null,"netpro1itse":null,"netpro1form":null,"netprofit":2.224346647E7,"parenetp":2.224346647E7,"mergeformnetprof":null,"minysharrigh":null,"netpro2itse":null,"netpro2form":null,"basiceps":0.05,"dilutedeps":0.05,"othercompinco":null,"parecompinco":null,"minysharinco":null,"compincoamt":2.224346647E7,"parecompincoamt":2.224346647E7,"minysharincoamt":null,"earlyundiprof":null,"undisprofredu":null,"otherinto":null,"otherdistprof":null,"legalsurp":null,"welfare":null,"capitalreserve":null,"staffaward":null,"reservefund":null,"developfund":null,"profreturninvest":null,"supplycurcap":null,"avaidistshareprof":null,"preferredskdiv":null,"freesurplu":null,"dealwithdivi":null,"capitalizeddivi":null,"undisprofit":null,"selldepartgain":null,"natudisasterloss":null,"accpolicychg":null,"accestimatechg":null,"debtrestruloss":null,"othersupply":null},{"compcode":"80155110","publishdate":"20150415","begindate":"20140101","enddate":"20141231","reporttype":"100111","adjustdate":"20150415","accstacode":"2","accstaname":"新会计准则","biztotinco":2.52178017053E9,"bizinco":2.52178017053E9,"inteinco":null,"earnprem":null,"pouninco":null,"realsale":null,"otherbizinco":null,"biztotincoitse":null,"biztotincoform":null,"biztotcost":2.43115730839E9,"bizcost":1.76420507036E9,"inteexpe":null,"pounexpe":null,"realsalecost":null,"deveexpe":null,"surrgold":null,"compnetexpe":null,"contress":null,"polidiviexpe":null,"reinexpe":null,"otherbizcost":null,"biztax":9069239.92,"salesexpe":3.9527508948E8,"manaexpe":1.6799294257E8,"finexpe":7.253913999E7,"asseimpaloss":2.207582607E7,"biztotcostitse":null,"biztotcostform":null,"valuechgloss":null,"inveinco":263309.11,"assoinveprof":null,"exchggain":null,"futuloss":null,"custinco":null,"subsidyincome":null,"otherbizprof":null,"bizprofitse":null,"operprofform":null,"perprofit":9.088617125E7,"nonoreve":1.159529432E7,"nonoexpe":8222675.96,"noncassetsdisl":6322252.71,"proftotitse":null,"proftotform":null,"totprofit":9.425878961E7,"incotaxexpe":2.675659719E7,"unreinveloss":null,"netpro1itse":null,"netpro1form":null,"netprofit":6.750219242E7,"parenetp":6.750219242E7,"mergeformnetprof":null,"minysharrigh":null,"netpro2itse":null,"netpro2form":null,"basiceps":0.17,"dilutedeps":0.17,"othercompinco":null,"parecompinco":null,"minysharinco":null,"compincoamt":6.750219242E7,"parecompincoamt":6.750219242E7,"minysharincoamt":null,"earlyundiprof":null,"undisprofredu":null,"otherinto":null,"otherdistprof":null,"legalsurp":null,"welfare":null,"capitalreserve":null,"staffaward":null,"reservefund":null,"developfund":null,"profreturninvest":null,"supplycurcap":null,"avaidistshareprof":null,"preferredskdiv":null,"freesurplu":null,"dealwithdivi":null,"capitalizeddivi":null,"undisprofit":null,"selldepartgain":null,"natudisasterloss":null,"accpolicychg":null,"accestimatechg":null,"debtrestruloss":null,"othersupply":null},{"compcode":"80155110","publishdate":"20141024","begindate":"20140101","enddate":"20140930","reporttype":"100111","adjustdate":"20141024","accstacode":"2","accstaname":"新会计准则","biztotinco":1.76943229058E9,"bizinco":1.76943229058E9,"inteinco":null,"earnprem":null,"pouninco":null,"realsale":null,"otherbizinco":null,"biztotincoitse":null,"biztotincoform":null,"biztotcost":1.70322886497E9,"bizcost":1.24406888389E9,"inteexpe":null,"pounexpe":null,"realsalecost":null,"deveexpe":null,"surrgold":null,"compnetexpe":null,"contress":null,"polidiviexpe":null,"reinexpe":null,"otherbizcost":null,"biztax":5642520.2,"salesexpe":2.8542519809E8,"manaexpe":1.2305618348E8,"finexpe":4.571995118E7,"asseimpaloss":-683871.87,"biztotcostitse":null,"biztotcostform":null,"valuechgloss":null,"inveinco":null,"assoinveprof":null,"exchggain":null,"futuloss":null,"custinco":null,"subsidyincome":null,"otherbizprof":null,"bizprofitse":null,"operprofform":null,"perprofit":6.620342561E7,"nonoreve":1.264804172E7,"nonoexpe":5917895.01,"noncassetsdisl":5386863.56,"proftotitse":null,"proftotform":null,"totprofit":7.293357232E7,"incotaxexpe":2.19771629E7,"unreinveloss":null,"netpro1itse":null,"netpro1form":null,"netprofit":5.095640942E7,"parenetp":5.095640942E7,"mergeformnetprof":null,"minysharrigh":null,"netpro2itse":null,"netpro2form":null,"basiceps":0.13,"dilutedeps":0.13,"othercompinco":null,"parecompinco":null,"minysharinco":null,"compincoamt":5.095640942E7,"parecompincoamt":5.095640942E7,"minysharincoamt":null,"earlyundiprof":null,"undisprofredu":null,"otherinto":null,"otherdistprof":null,"legalsurp":null,"welfare":null,"capitalreserve":null,"staffaward":null,"reservefund":null,"developfund":null,"profreturninvest":null,"supplycurcap":null,"avaidistshareprof":null,"preferredskdiv":null,"freesurplu":null,"dealwithdivi":null,"capitalizeddivi":null,"undisprofit":null,"selldepartgain":null,"natudisasterloss":null,"accpolicychg":null,"accestimatechg":null,"debtrestruloss":null,"othersupply":null},{"compcode":"80155110","publishdate":"20140828","begindate":"20140101","enddate":"20140630","reporttype":"100111","adjustdate":"20140828","accstacode":"2","accstaname":"新会计准则","biztotinco":1.12867064074E9,"bizinco":1.12867064074E9,"inteinco":null,"earnprem":null,"pouninco":null,"realsale":null,"otherbizinco":null,"biztotincoitse":null,"biztotincoform":null,"biztotcost":1.08638439192E9,"bizcost":7.9839370719E8,"inteexpe":null,"pounexpe":null,"realsalecost":null,"deveexpe":null,"surrgold":null,"compnetexpe":null,"contress":null,"polidiviexpe":null,"reinexpe":null,"otherbizcost":null,"biztax":2979670.52,"salesexpe":1.7779085565E8,"manaexpe":7.898120824E7,"finexpe":2.984896498E7,"asseimpaloss":-1610014.66,"biztotcostitse":null,"biztotcostform":null,"valuechgloss":null,"inveinco":null,"assoinveprof":null,"exchggain":null,"futuloss":null,"custinco":null,"subsidyincome":null,"otherbizprof":null,"bizprofitse":null,"operprofform":null,"perprofit":4.228624882E7,"nonoreve":1.145206663E7,"nonoexpe":246464.59,"noncassetsdisl":215433.92,"proftotitse":null,"proftotform":null,"totprofit":5.349185086E7,"incotaxexpe":1.733593388E7,"unreinveloss":null,"netpro1itse":null,"netpro1form":null,"netprofit":3.615591698E7,"parenetp":3.615591698E7,"mergeformnetprof":null,"minysharrigh":null,"netpro2itse":null,"netpro2form":null,"basiceps":0.09,"dilutedeps":0.09,"othercompinco":null,"parecompinco":null,"minysharinco":null,"compincoamt":3.615591698E7,"parecompincoamt":3.615591698E7,"minysharincoamt":null,"earlyundiprof":null,"undisprofredu":null,"otherinto":null,"otherdistprof":null,"legalsurp":null,"welfare":null,"capitalreserve":null,"staffaward":null,"reservefund":null,"developfund":null,"profreturninvest":null,"supplycurcap":null,"avaidistshareprof":null,"preferredskdiv":null,"freesurplu":null,"dealwithdivi":null,"capitalizeddivi":null,"undisprofit":null,"selldepartgain":null,"natudisasterloss":null,"accpolicychg":null,"accestimatechg":null,"debtrestruloss":null,"othersupply":null},{"compcode":"80155110","publishdate":"20140426","begindate":"20140101","enddate":"20140331","reporttype":"100111","adjustdate":"20140426","accstacode":"2","accstaname":"新会计准则","biztotinco":5.3719427645E8,"bizinco":5.3719427645E8,"inteinco":null,"earnprem":null,"pouninco":null,"realsale":null,"otherbizinco":null,"biztotincoitse":null,"biztotincoform":null,"biztotcost":5.1595905799E8,"bizcost":3.9576205655E8,"inteexpe":null,"pounexpe":null,"realsalecost":null,"deveexpe":null,"surrgold":null,"compnetexpe":null,"contress":null,"polidiviexpe":null,"reinexpe":null,"otherbizcost":null,"biztax":1408298.18,"salesexpe":6.847902904E7,"manaexpe":3.816884064E7,"finexpe":1.342258803E7,"asseimpaloss":-1281754.45,"biztotcostitse":null,"biztotcostform":null,"valuechgloss":null,"inveinco":null,"assoinveprof":null,"exchggain":null,"futuloss":null,"custinco":null,"subsidyincome":null,"otherbizprof":null,"bizprofitse":null,"operprofform":null,"perprofit":2.123521846E7,"nonoreve":8692547.98,"nonoexpe":21504.64,"noncassetsdisl":1504.64,"proftotitse":null,"proftotform":null,"totprofit":2.99062618E7,"incotaxexpe":8666394.66,"unreinveloss":null,"netpro1itse":null,"netpro1form":null,"netprofit":2.123986714E7,"parenetp":2.123986714E7,"mergeformnetprof":null,"minysharrigh":null,"netpro2itse":null,"netpro2form":null,"basiceps":0.07,"dilutedeps":0.07,"othercompinco":null,"parecompinco":null,"minysharinco":null,"compincoamt":2.123986714E7,"parecompincoamt":2.123986714E7,"minysharincoamt":null,"earlyundiprof":null,"undisprofredu":null,"otherinto":null,"otherdistprof":null,"legalsurp":null,"welfare":null,"capitalreserve":null,"staffaward":null,"reservefund":null,"developfund":null,"profreturninvest":null,"supplycurcap":null,"avaidistshareprof":null,"preferredskdiv":null,"freesurplu":null,"dealwithdivi":null,"capitalizeddivi":null,"undisprofit":null,"selldepartgain":null,"natudisasterloss":null,"accpolicychg":null,"accestimatechg":null,"debtrestruloss":null,"othersupply":null},{"compcode":"80155110","publishdate":"20140410","begindate":"20130101","enddate":"20131231","reporttype":"100111","adjustdate":"20140410","accstacode":"2","accstaname":"新会计准则","biztotinco":2.50171871031E9,"bizinco":2.50171871031E9,"inteinco":null,"earnprem":null,"pouninco":null,"realsale":null,"otherbizinco":null,"biztotincoitse":null,"biztotincoform":null,"biztotcost":2.38242762485E9,"bizcost":1.74504431939E9,"inteexpe":null,"pounexpe":null,"realsalecost":null,"deveexpe":null,"surrgold":null,"compnetexpe":null,"contress":null,"polidiviexpe":null,"reinexpe":null,"otherbizcost":null,"biztax":1.176046749E7,"salesexpe":4.1437315999E8,"manaexpe":1.6673454593E8,"finexpe":4.044221119E7,"asseimpaloss":4072920.86,"biztotcostitse":null,"biztotcostform":null,"valuechgloss":null,"inveinco":null,"assoinveprof":null,"exchggain":null,"futuloss":null,"custinco":null,"subsidyincome":null,"otherbizprof":null,"bizprofitse":null,"operprofform":null,"perprofit":1.1929108546E8,"nonoreve":3.914915797E7,"nonoexpe":8405810.6,"noncassetsdisl":6124460.22,"proftotitse":null,"proftotform":null,"totprofit":1.5003443283E8,"incotaxexpe":3.40775422E7,"unreinveloss":null,"netpro1itse":null,"netpro1form":null,"netprofit":1.1595689063E8,"parenetp":1.1593522189E8,"mergeformnetprof":null,"minysharrigh":21668.74,"netpro2itse":null,"netpro2form":null,"basiceps":0.37,"dilutedeps":0.37,"othercompinco":null,"parecompinco":null,"minysharinco":null,"compincoamt":1.1595689063E8,"parecompincoamt":1.1593522189E8,"minysharincoamt":21668.74,"earlyundiprof":null,"undisprofredu":null,"otherinto":null,"otherdistprof":null,"legalsurp":null,"welfare":null,"capitalreserve":null,"staffaward":null,"reservefund":null,"developfund":null,"profreturninvest":null,"supplycurcap":null,"avaidistshareprof":null,"preferredskdiv":null,"freesurplu":null,"dealwithdivi":null,"capitalizeddivi":null,"undisprofit":null,"selldepartgain":null,"natudisasterloss":null,"accpolicychg":null,"accestimatechg":null,"debtrestruloss":null,"othersupply":null},{"compcode":"80155110","publishdate":"20131023","begindate":"20130101","enddate":"20130930","reporttype":"100111","adjustdate":"20131023","accstacode":"2","accstaname":"新会计准则","biztotinco":1.81255225115E9,"bizinco":1.81255225115E9,"inteinco":null,"earnprem":null,"pouninco":null,"realsale":null,"otherbizinco":null,"biztotincoitse":null,"biztotincoform":null,"biztotcost":1.68396215047E9,"bizcost":1.2474612434E9,"inteexpe":null,"pounexpe":null,"realsalecost":null,"deveexpe":null,"surrgold":null,"compnetexpe":null,"contress":null,"polidiviexpe":null,"reinexpe":null,"otherbizcost":null,"biztax":7917127.61,"salesexpe":2.8399070472E8,"manaexpe":1.1237989478E8,"finexpe":3.11637434E7,"asseimpaloss":1049436.56,"biztotcostitse":null,"biztotcostform":null,"valuechgloss":null,"inveinco":null,"assoinveprof":null,"exchggain":null,"futuloss":null,"custinco":null,"subsidyincome":null,"otherbizprof":null,"bizprofitse":null,"operprofform":null,"perprofit":1.2859010068E8,"nonoreve":1.827696673E7,"nonoexpe":7488557.16,"noncassetsdisl":6091499.87,"proftotitse":null,"proftotform":null,"totprofit":1.3937851025E8,"incotaxexpe":3.190552645E7,"unreinveloss":null,"netpro1itse":null,"netpro1form":null,"netprofit":1.074729838E8,"parenetp":1.0745131506E8,"mergeformnetprof":null,"minysharrigh":21668.74,"netpro2itse":null,"netpro2form":null,"basiceps":0.34,"dilutedeps":0.34,"othercompinco":null,"parecompinco":null,"minysharinco":null,"compincoamt":1.074729838E8,"parecompincoamt":1.0745131506E8,"minysharincoamt":21668.74,"earlyundiprof":null,"undisprofredu":null,"otherinto":null,"otherdistprof":null,"legalsurp":null,"welfare":null,"capitalreserve":null,"staffaward":null,"reservefund":null,"developfund":null,"profreturninvest":null,"supplycurcap":null,"avaidistshareprof":null,"preferredskdiv":null,"freesurplu":null,"dealwithdivi":null,"capitalizeddivi":null,"undisprofit":null,"selldepartgain":null,"natudisasterloss":null,"accpolicychg":null,"accestimatechg":null,"debtrestruloss":null,"othersupply":null},{"compcode":"80155110","publishdate":"20130823","begindate":"20130101","enddate":"20130630","reporttype":"100111","adjustdate":"20130823","accstacode":"2","accstaname":"新会计准则","biztotinco":1.13920373751E9,"bizinco":1.13920373751E9,"inteinco":null,"earnprem":null,"pouninco":null,"realsale":null,"otherbizinco":null,"biztotincoitse":null,"biztotincoform":null,"biztotcost":1.02941023612E9,"bizcost":7.6987215132E8,"inteexpe":null,"pounexpe":null,"realsalecost":null,"deveexpe":null,"surrgold":null,"compnetexpe":null,"contress":null,"polidiviexpe":null,"reinexpe":null,"otherbizcost":null,"biztax":4683723.75,"salesexpe":1.6170735822E8,"manaexpe":7.139891222E7,"finexpe":2.085850223E7,"asseimpaloss":889588.38,"biztotcostitse":null,"biztotcostform":null,"valuechgloss":null,"inveinco":null,"assoinveprof":null,"exchggain":null,"futuloss":null,"custinco":null,"subsidyincome":null,"otherbizprof":null,"bizprofitse":null,"operprofform":null,"perprofit":1.0979350139E8,"nonoreve":6942668.93,"nonoexpe":6644309.74,"noncassetsdisl":5276483.97,"proftotitse":null,"proftotform":null,"totprofit":1.1009186058E8,"incotaxexpe":2.854829583E7,"unreinveloss":null,"netpro1itse":null,"netpro1form":null,"netprofit":8.154356475E7,"parenetp":8.152189601E7,"mergeformnetprof":null,"minysharrigh":21668.74,"netpro2itse":null,"netpro2form":null,"basiceps":0.26,"dilutedeps":0.26,"othercompinco":null,"parecompinco":null,"minysharinco":null,"compincoamt":8.154356475E7,"parecompincoamt":8.152189601E7,"minysharincoamt":21668.74,"earlyundiprof":null,"undisprofredu":null,"otherinto":null,"otherdistprof":null,"legalsurp":null,"welfare":null,"capitalreserve":null,"staffaward":null,"reservefund":null,"developfund":null,"profreturninvest":null,"supplycurcap":null,"avaidistshareprof":null,"preferredskdiv":null,"freesurplu":null,"dealwithdivi":null,"capitalizeddivi":null,"undisprofit":null,"selldepartgain":null,"natudisasterloss":null,"accpolicychg":null,"accestimatechg":null,"debtrestruloss":null,"othersupply":null},{"compcode":"80155110","publishdate":"20130426","begindate":"20130101","enddate":"20130331","reporttype":"100111","adjustdate":"20130426","accstacode":"2","accstaname":"新会计准则","biztotinco":5.1832206211E8,"bizinco":5.1832206211E8,"inteinco":null,"earnprem":null,"pouninco":null,"realsale":null,"otherbizinco":null,"biztotincoitse":null,"biztotincoform":null,"biztotcost":4.6285326245E8,"bizcost":3.4678036644E8,"inteexpe":null,"pounexpe":null,"realsalecost":null,"deveexpe":null,"surrgold":null,"compnetexpe":null,"contress":null,"polidiviexpe":null,"reinexpe":null,"otherbizcost":null,"biztax":3003841.44,"salesexpe":6.891325402E7,"manaexpe":3.495169372E7,"finexpe":9018250.48,"asseimpaloss":185856.35,"biztotcostitse":null,"biztotcostform":null,"valuechgloss":null,"inveinco":null,"assoinveprof":null,"exchggain":null,"futuloss":null,"custinco":null,"subsidyincome":null,"otherbizprof":null,"bizprofitse":null,"operprofform":null,"perprofit":5.546879966E7,"nonoreve":3562387.15,"nonoexpe":2814372.1,"noncassetsdisl":1975760.04,"proftotitse":null,"proftotform":null,"totprofit":5.621681471E7,"incotaxexpe":1.503807488E7,"unreinveloss":null,"netpro1itse":null,"netpro1form":null,"netprofit":4.117873983E7,"parenetp":4.115707109E7,"mergeformnetprof":null,"minysharrigh":21668.74,"netpro2itse":null,"netpro2form":null,"basiceps":0.2,"dilutedeps":0.2,"othercompinco":null,"parecompinco":null,"minysharinco":null,"compincoamt":4.117873983E7,"parecompincoamt":4.115707109E7,"minysharincoamt":21668.74,"earlyundiprof":null,"undisprofredu":null,"otherinto":null,"otherdistprof":null,"legalsurp":null,"welfare":null,"capitalreserve":null,"staffaward":null,"reservefund":null,"developfund":null,"profreturninvest":null,"supplycurcap":null,"avaidistshareprof":null,"preferredskdiv":null,"freesurplu":null,"dealwithdivi":null,"capitalizeddivi":null,"undisprofit":null,"selldepartgain":null,"natudisasterloss":null,"accpolicychg":null,"accestimatechg":null,"debtrestruloss":null,"othersupply":null},{"compcode":"80155110","publishdate":"20130424","begindate":"20120101","enddate":"20121231","reporttype":"100111","adjustdate":"20130424","accstacode":"2","accstaname":"新会计准则","biztotinco":2.33945497291E9,"bizinco":2.33945497291E9,"inteinco":null,"earnprem":null,"pouninco":null,"realsale":null,"otherbizinco":null,"biztotincoitse":null,"biztotincoform":null,"biztotcost":2.12124763927E9,"bizcost":1.60846027496E9,"inteexpe":null,"pounexpe":null,"realsalecost":null,"deveexpe":null,"surrgold":null,"compnetexpe":null,"contress":null,"polidiviexpe":null,"reinexpe":null,"otherbizcost":null,"biztax":9299258.41,"salesexpe":3.4376526943E8,"manaexpe":1.3387768196E8,"finexpe":2.290118462E7,"asseimpaloss":2943969.89,"biztotcostitse":null,"biztotcostform":null,"valuechgloss":null,"inveinco":473.92,"assoinveprof":null,"exchggain":null,"futuloss":null,"custinco":null,"subsidyincome":null,"otherbizprof":null,"bizprofitse":null,"operprofform":null,"perprofit":2.1820780756E8,"nonoreve":7281794.58,"nonoexpe":7757765.64,"noncassetsdisl":6370717.62,"proftotitse":null,"proftotform":null,"totprofit":2.177318365E8,"incotaxexpe":5.88552228E7,"unreinveloss":null,"netpro1itse":null,"netpro1form":null,"netprofit":1.588766137E8,"parenetp":1.5890862505E8,"mergeformnetprof":null,"minysharrigh":-32011.35,"netpro2itse":null,"netpro2form":null,"basiceps":0.76,"dilutedeps":0.76,"othercompinco":null,"parecompinco":null,"minysharinco":null,"compincoamt":1.588766137E8,"parecompincoamt":1.5890862505E8,"minysharincoamt":-32011.35,"earlyundiprof":null,"undisprofredu":null,"otherinto":null,"otherdistprof":null,"legalsurp":null,"welfare":null,"capitalreserve":null,"staffaward":null,"reservefund":null,"developfund":null,"profreturninvest":null,"supplycurcap":null,"avaidistshareprof":null,"preferredskdiv":null,"freesurplu":null,"dealwithdivi":null,"capitalizeddivi":null,"undisprofit":null,"selldepartgain":null,"natudisasterloss":null,"accpolicychg":null,"accestimatechg":null,"debtrestruloss":null,"othersupply":null},{"compcode":"80155110","publishdate":"20121026","begindate":"20120101","enddate":"20120930","reporttype":"100111","adjustdate":"20121026","accstacode":"2","accstaname":"新会计准则","biztotinco":1.67724277928E9,"bizinco":1.67724277928E9,"inteinco":null,"earnprem":null,"pouninco":null,"realsale":null,"otherbizinco":null,"biztotincoitse":null,"biztotincoform":null,"biztotcost":1.5325084337E9,"bizcost":1.16297682881E9,"inteexpe":null,"pounexpe":null,"realsalecost":null,"deveexpe":null,"surrgold":null,"compnetexpe":null,"contress":null,"polidiviexpe":null,"reinexpe":null,"otherbizcost":null,"biztax":7184359.92,"salesexpe":2.5257730059E8,"manaexpe":9.228104021E7,"finexpe":1.797274124E7,"asseimpaloss":-483837.07,"biztotcostitse":null,"biztotcostform":null,"valuechgloss":null,"inveinco":473.85,"assoinveprof":null,"exchggain":null,"futuloss":null,"custinco":null,"subsidyincome":null,"otherbizprof":null,"bizprofitse":null,"operprofform":null,"perprofit":1.4473481943E8,"nonoreve":8472620.57,"nonoexpe":5364665.75,"noncassetsdisl":4610866.98,"proftotitse":null,"proftotform":null,"totprofit":1.4784277425E8,"incotaxexpe":4.091654083E7,"unreinveloss":null,"netpro1itse":null,"netpro1form":null,"netprofit":1.0692623342E8,"parenetp":1.0702569525E8,"mergeformnetprof":null,"minysharrigh":-99461.83,"netpro2itse":null,"netpro2form":null,"basiceps":0.51,"dilutedeps":0.51,"othercompinco":null,"parecompinco":null,"minysharinco":null,"compincoamt":1.0692623342E8,"parecompincoamt":1.0702569525E8,"minysharincoamt":-99461.83,"earlyundiprof":null,"undisprofredu":null,"otherinto":null,"otherdistprof":null,"legalsurp":null,"welfare":null,"capitalreserve":null,"staffaward":null,"reservefund":null,"developfund":null,"profreturninvest":null,"supplycurcap":null,"avaidistshareprof":null,"preferredskdiv":null,"freesurplu":null,"dealwithdivi":null,"capitalizeddivi":null,"undisprofit":null,"selldepartgain":null,"natudisasterloss":null,"accpolicychg":null,"accestimatechg":null,"debtrestruloss":null,"othersupply":null},{"compcode":"80155110","publishdate":"20120809","begindate":"20120101","enddate":"20120630","reporttype":"100111","adjustdate":"20120809","accstacode":"2","accstaname":"新会计准则","biztotinco":1.08937279475E9,"bizinco":1.08937279475E9,"inteinco":null,"earnprem":null,"pouninco":null,"realsale":null,"otherbizinco":null,"biztotincoitse":null,"biztotincoform":null,"biztotcost":1.00304878875E9,"bizcost":7.5519866348E8,"inteexpe":null,"pounexpe":null,"realsalecost":null,"deveexpe":null,"surrgold":null,"compnetexpe":null,"contress":null,"polidiviexpe":null,"reinexpe":null,"otherbizcost":null,"biztax":4761266.22,"salesexpe":1.7097104296E8,"manaexpe":5.927638363E7,"finexpe":1.3479597E7,"asseimpaloss":-638164.54,"biztotcostitse":null,"biztotcostform":null,"valuechgloss":0.0,"inveinco":0.0,"assoinveprof":0.0,"exchggain":0.0,"futuloss":null,"custinco":null,"subsidyincome":null,"otherbizprof":null,"bizprofitse":null,"operprofform":null,"perprofit":8.6324006E7,"nonoreve":7921575.93,"nonoexpe":2344725.43,"noncassetsdisl":1776378.36,"proftotitse":null,"proftotform":null,"totprofit":9.19008565E7,"incotaxexpe":2.628840535E7,"unreinveloss":null,"netpro1itse":null,"netpro1form":null,"netprofit":6.561245115E7,"parenetp":6.572972427E7,"mergeformnetprof":null,"minysharrigh":-117273.12,"netpro2itse":null,"netpro2form":null,"basiceps":0.32,"dilutedeps":0.32,"othercompinco":null,"parecompinco":null,"minysharinco":null,"compincoamt":6.561245115E7,"parecompincoamt":6.572972427E7,"minysharincoamt":-117273.12,"earlyundiprof":null,"undisprofredu":null,"otherinto":null,"otherdistprof":null,"legalsurp":null,"welfare":null,"capitalreserve":null,"staffaward":null,"reservefund":null,"developfund":null,"profreturninvest":null,"supplycurcap":null,"avaidistshareprof":null,"preferredskdiv":null,"freesurplu":null,"dealwithdivi":null,"capitalizeddivi":null,"undisprofit":null,"selldepartgain":null,"natudisasterloss":null,"accpolicychg":null,"accestimatechg":null,"debtrestruloss":null,"othersupply":null},{"compcode":"80155110","publishdate":"20120418","begindate":"20120101","enddate":"20120331","reporttype":"100111","adjustdate":"20120418","accstacode":"2","accstaname":"新会计准则","biztotinco":5.1673251531E8,"bizinco":5.1673251531E8,"inteinco":null,"earnprem":null,"pouninco":null,"realsale":null,"otherbizinco":null,"biztotincoitse":null,"biztotincoform":null,"biztotcost":4.8540916603E8,"bizcost":3.6044963129E8,"inteexpe":null,"pounexpe":null,"realsalecost":null,"deveexpe":null,"surrgold":null,"compnetexpe":null,"contress":null,"polidiviexpe":null,"reinexpe":null,"otherbizcost":null,"biztax":2315871.63,"salesexpe":8.983964053E7,"manaexpe":2.564163938E7,"finexpe":6884331.0,"asseimpaloss":278052.2,"biztotcostitse":null,"biztotcostform":null,"valuechgloss":null,"inveinco":null,"assoinveprof":null,"exchggain":null,"futuloss":null,"custinco":null,"subsidyincome":null,"otherbizprof":null,"bizprofitse":null,"operprofform":null,"perprofit":3.132334928E7,"nonoreve":4294649.58,"nonoexpe":481996.38,"noncassetsdisl":null,"proftotitse":null,"proftotform":null,"totprofit":3.513600248E7,"incotaxexpe":9383984.42,"unreinveloss":null,"netpro1itse":null,"netpro1form":null,"netprofit":2.575201806E7,"parenetp":2.579731487E7,"mergeformnetprof":null,"minysharrigh":-45296.81,"netpro2itse":null,"netpro2form":null,"basiceps":0.16,"dilutedeps":0.16,"othercompinco":null,"parecompinco":null,"minysharinco":null,"compincoamt":2.575201806E7,"parecompincoamt":2.579731487E7,"minysharincoamt":-45296.81,"earlyundiprof":null,"undisprofredu":null,"otherinto":null,"otherdistprof":null,"legalsurp":null,"welfare":null,"capitalreserve":null,"staffaward":null,"reservefund":null,"developfund":null,"profreturninvest":null,"supplycurcap":null,"avaidistshareprof":null,"preferredskdiv":null,"freesurplu":null,"dealwithdivi":null,"capitalizeddivi":null,"undisprofit":null,"selldepartgain":null,"natudisasterloss":null,"accpolicychg":null,"accestimatechg":null,"debtrestruloss":null,"othersupply":null},{"compcode":"80155110","publishdate":"20120416","begindate":"20110101","enddate":"20111231","reporttype":"100111","adjustdate":"20120416","accstacode":"2","accstaname":"新会计准则","biztotinco":1.85625818985E9,"bizinco":1.85625818985E9,"inteinco":null,"earnprem":null,"pouninco":null,"realsale":null,"otherbizinco":null,"biztotincoitse":null,"biztotincoform":null,"biztotcost":1.75830007224E9,"bizcost":1.37692888949E9,"inteexpe":null,"pounexpe":null,"realsalecost":null,"deveexpe":null,"surrgold":null,"compnetexpe":null,"contress":null,"polidiviexpe":null,"reinexpe":null,"otherbizcost":null,"biztax":8982431.97,"salesexpe":2.7200355664E8,"manaexpe":1.0334281221E8,"finexpe":5379696.81,"asseimpaloss":-8337314.88,"biztotcostitse":null,"biztotcostform":null,"valuechgloss":null,"inveinco":null,"assoinveprof":null,"exchggain":null,"futuloss":null,"custinco":null,"subsidyincome":null,"otherbizprof":null,"bizprofitse":null,"operprofform":null,"perprofit":9.795811761E7,"nonoreve":1.422974365E7,"nonoexpe":1041961.53,"noncassetsdisl":70749.04,"proftotitse":null,"proftotform":null,"totprofit":1.1114589973E8,"incotaxexpe":3.04501414E7,"unreinveloss":null,"netpro1itse":null,"netpro1form":null,"netprofit":8.069575833E7,"parenetp":8.053805364E7,"mergeformnetprof":null,"minysharrigh":157704.69,"netpro2itse":null,"netpro2form":null,"basiceps":0.5,"dilutedeps":0.5,"othercompinco":null,"parecompinco":null,"minysharinco":null,"compincoamt":8.069575833E7,"parecompincoamt":8.053805364E7,"minysharincoamt":157704.69,"earlyundiprof":null,"undisprofredu":null,"otherinto":null,"otherdistprof":null,"legalsurp":null,"welfare":null,"capitalreserve":null,"staffaward":null,"reservefund":null,"developfund":null,"profreturninvest":null,"supplycurcap":null,"avaidistshareprof":null,"preferredskdiv":null,"freesurplu":null,"dealwithdivi":null,"capitalizeddivi":null,"undisprofit":null,"selldepartgain":null,"natudisasterloss":null,"accpolicychg":null,"accestimatechg":null,"debtrestruloss":null,"othersupply":null},{"compcode":"80155110","publishdate":"20111026","begindate":"20110101","enddate":"20110930","reporttype":"100111","adjustdate":"20111026","accstacode":"2","accstaname":"新会计准则","biztotinco":1.30501694368E9,"bizinco":1.30501694368E9,"inteinco":null,"earnprem":null,"pouninco":null,"realsale":null,"otherbizinco":null,"biztotincoitse":null,"biztotincoform":null,"biztotcost":1.23375762186E9,"bizcost":9.6006024197E8,"inteexpe":null,"pounexpe":null,"realsalecost":null,"deveexpe":null,"surrgold":null,"compnetexpe":null,"contress":null,"polidiviexpe":null,"reinexpe":null,"otherbizcost":null,"biztax":6485305.04,"salesexpe":1.9899284596E8,"manaexpe":7.734115767E7,"finexpe":-790338.94,"asseimpaloss":-8331589.84,"biztotcostitse":null,"biztotcostform":null,"valuechgloss":null,"inveinco":null,"assoinveprof":null,"exchggain":null,"futuloss":null,"custinco":null,"subsidyincome":null,"otherbizprof":null,"bizprofitse":null,"operprofform":null,"perprofit":7.125932182E7,"nonoreve":1.834373769E7,"nonoexpe":1009275.4,"noncassetsdisl":null,"proftotitse":null,"proftotform":null,"totprofit":8.859378411E7,"incotaxexpe":2.48684287E7,"unreinveloss":null,"netpro1itse":null,"netpro1form":null,"netprofit":6.372535541E7,"parenetp":6.357116491E7,"mergeformnetprof":null,"minysharrigh":154190.5,"netpro2itse":null,"netpro2form":null,"basiceps":0.4,"dilutedeps":0.4,"othercompinco":null,"parecompinco":null,"minysharinco":null,"compincoamt":6.372535541E7,"parecompincoamt":6.357116491E7,"minysharincoamt":154190.5,"earlyundiprof":null,"undisprofredu":null,"otherinto":null,"otherdistprof":null,"legalsurp":null,"welfare":null,"capitalreserve":null,"staffaward":null,"reservefund":null,"developfund":null,"profreturninvest":null,"supplycurcap":null,"avaidistshareprof":null,"preferredskdiv":null,"freesurplu":null,"dealwithdivi":null,"capitalizeddivi":null,"undisprofit":null,"selldepartgain":null,"natudisasterloss":null,"accpolicychg":null,"accestimatechg":null,"debtrestruloss":null,"othersupply":null},{"compcode":"80155110","publishdate":"20110815","begindate":"20110101","enddate":"20110630","reporttype":"100111","adjustdate":"20110815","accstacode":"2","accstaname":"新会计准则","biztotinco":8.2785915435E8,"bizinco":8.2785915435E8,"inteinco":null,"earnprem":null,"pouninco":null,"realsale":null,"otherbizinco":null,"biztotincoitse":null,"biztotincoform":null,"biztotcost":7.7616508982E8,"bizcost":6.0042075578E8,"inteexpe":null,"pounexpe":null,"realsalecost":null,"deveexpe":null,"surrgold":null,"compnetexpe":null,"contress":null,"polidiviexpe":null,"reinexpe":null,"otherbizcost":null,"biztax":4156926.65,"salesexpe":1.2515455076E8,"manaexpe":5.016960069E7,"finexpe":1966269.05,"asseimpaloss":-5703013.11,"biztotcostitse":null,"biztotcostform":null,"valuechgloss":null,"inveinco":null,"assoinveprof":null,"exchggain":null,"futuloss":null,"custinco":null,"subsidyincome":null,"otherbizprof":null,"bizprofitse":null,"operprofform":null,"perprofit":5.169406453E7,"nonoreve":1.640229322E7,"nonoexpe":935814.84,"noncassetsdisl":null,"proftotitse":null,"proftotform":null,"totprofit":6.716054291E7,"incotaxexpe":1.930378839E7,"unreinveloss":null,"netpro1itse":null,"netpro1form":null,"netprofit":4.785675452E7,"parenetp":4.775875163E7,"mergeformnetprof":null,"minysharrigh":98002.89,"netpro2itse":null,"netpro2form":null,"basiceps":0.3,"dilutedeps":0.3,"othercompinco":null,"parecompinco":null,"minysharinco":null,"compincoamt":4.785675452E7,"parecompincoamt":4.775875163E7,"minysharincoamt":98002.89,"earlyundiprof":null,"undisprofredu":null,"otherinto":null,"otherdistprof":null,"legalsurp":null,"welfare":null,"capitalreserve":null,"staffaward":null,"reservefund":null,"developfund":null,"profreturninvest":null,"supplycurcap":null,"avaidistshareprof":null,"preferredskdiv":null,"freesurplu":null,"dealwithdivi":null,"capitalizeddivi":null,"undisprofit":null,"selldepartgain":null,"natudisasterloss":null,"accpolicychg":null,"accestimatechg":null,"debtrestruloss":null,"othersupply":null},{"compcode":"80155110","publishdate":"20110426","begindate":"20110101","enddate":"20110331","reporttype":"100111","adjustdate":"20110426","accstacode":"2","accstaname":"新会计准则","biztotinco":4.0711699808E8,"bizinco":4.0711699808E8,"inteinco":null,"earnprem":null,"pouninco":null,"realsale":null,"otherbizinco":null,"biztotincoitse":null,"biztotincoform":null,"biztotcost":3.8615707647E8,"bizcost":2.981160825E8,"inteexpe":null,"pounexpe":null,"realsalecost":null,"deveexpe":null,"surrgold":null,"compnetexpe":null,"contress":null,"polidiviexpe":null,"reinexpe":null,"otherbizcost":null,"biztax":1757526.26,"salesexpe":6.043586299E7,"manaexpe":2.577716534E7,"finexpe":2204172.78,"asseimpaloss":-2133733.4,"biztotcostitse":null,"biztotcostform":null,"valuechgloss":null,"inveinco":null,"assoinveprof":null,"exchggain":null,"futuloss":null,"custinco":null,"subsidyincome":null,"otherbizprof":null,"bizprofitse":null,"operprofform":null,"perprofit":2.095992161E7,"nonoreve":9464233.33,"nonoexpe":463940.85,"noncassetsdisl":null,"proftotitse":null,"proftotform":null,"totprofit":2.996021409E7,"incotaxexpe":4333217.85,"unreinveloss":null,"netpro1itse":null,"netpro1form":null,"netprofit":2.562699624E7,"parenetp":2.559043189E7,"mergeformnetprof":null,"minysharrigh":36564.35,"netpro2itse":null,"netpro2form":null,"basiceps":0.16,"dilutedeps":0.16,"othercompinco":null,"parecompinco":null,"minysharinco":null,"compincoamt":2.562699624E7,"parecompincoamt":2.559043189E7,"minysharincoamt":36564.35,"earlyundiprof":null,"undisprofredu":null,"otherinto":null,"otherdistprof":null,"legalsurp":null,"welfare":null,"capitalreserve":null,"staffaward":null,"reservefund":null,"developfund":null,"profreturninvest":null,"supplycurcap":null,"avaidistshareprof":null,"preferredskdiv":null,"freesurplu":null,"dealwithdivi":null,"capitalizeddivi":null,"undisprofit":null,"selldepartgain":null,"natudisasterloss":null,"accpolicychg":null,"accestimatechg":null,"debtrestruloss":null,"othersupply":null},{"compcode":"80155110","publishdate":"20110426","begindate":"20100101","enddate":"20101231","reporttype":"100111","adjustdate":"20110426","accstacode":"2","accstaname":"新会计准则","biztotinco":1.77886604525E9,"bizinco":1.77886604525E9,"inteinco":null,"earnprem":null,"pouninco":null,"realsale":null,"otherbizinco":null,"biztotincoitse":null,"biztotincoform":null,"biztotcost":1.63829116966E9,"bizcost":1.24405699811E9,"inteexpe":null,"pounexpe":null,"realsalecost":null,"deveexpe":null,"surrgold":null,"compnetexpe":null,"contress":null,"polidiviexpe":null,"reinexpe":null,"otherbizcost":null,"biztax":6430049.73,"salesexpe":2.6144413779E8,"manaexpe":8.939640235E7,"finexpe":2.96462004E7,"asseimpaloss":7317381.28,"biztotcostitse":null,"biztotcostform":null,"valuechgloss":null,"inveinco":null,"assoinveprof":null,"exchggain":null,"futuloss":null,"custinco":null,"subsidyincome":null,"otherbizprof":null,"bizprofitse":null,"operprofform":null,"perprofit":1.4057487559E8,"nonoreve":5969774.26,"nonoexpe":2687106.72,"noncassetsdisl":356680.12,"proftotitse":null,"proftotform":null,"totprofit":1.4385754313E8,"incotaxexpe":2.41107449E7,"unreinveloss":null,"netpro1itse":null,"netpro1form":null,"netprofit":1.1974679823E8,"parenetp":1.0887942103E8,"mergeformnetprof":null,"minysharrigh":1.08673772E7,"netpro2itse":null,"netpro2form":null,"basiceps":0.88,"dilutedeps":0.88,"othercompinco":null,"parecompinco":null,"minysharinco":null,"compincoamt":1.1974679823E8,"parecompincoamt":1.0887942103E8,"minysharincoamt":1.08673772E7,"earlyundiprof":null,"undisprofredu":null,"otherinto":null,"otherdistprof":null,"legalsurp":null,"welfare":null,"capitalreserve":null,"staffaward":null,"reservefund":null,"developfund":null,"profreturninvest":null,"supplycurcap":null,"avaidistshareprof":null,"preferredskdiv":null,"freesurplu":null,"dealwithdivi":null,"capitalizeddivi":null,"undisprofit":null,"selldepartgain":null,"natudisasterloss":null,"accpolicychg":null,"accestimatechg":null,"debtrestruloss":null,"othersupply":null},{"compcode":"80155110","publishdate":"20101124","begindate":"20100101","enddate":"20100930","reporttype":"100111","adjustdate":"19000101","accstacode":"2","accstaname":"新会计准则","biztotinco":1.2894987893E9,"bizinco":1.2894987893E9,"inteinco":0.0,"earnprem":0.0,"pouninco":0.0,"realsale":0.0,"otherbizinco":0.0,"biztotincoitse":0.0,"biztotincoform":0.0,"biztotcost":1.16221304712E9,"bizcost":8.8465849977E8,"inteexpe":0.0,"pounexpe":0.0,"realsalecost":0.0,"deveexpe":0.0,"surrgold":0.0,"compnetexpe":0.0,"contress":0.0,"polidiviexpe":0.0,"reinexpe":0.0,"otherbizcost":0.0,"biztax":4012589.89,"salesexpe":1.8458399267E8,"manaexpe":6.510353576E7,"finexpe":2.333611986E7,"asseimpaloss":518309.17,"biztotcostitse":0.0,"biztotcostform":0.0,"valuechgloss":0.0,"inveinco":0.0,"assoinveprof":0.0,"exchggain":0.0,"futuloss":0.0,"custinco":0.0,"subsidyincome":0.0,"otherbizprof":0.0,"bizprofitse":0.0,"operprofform":0.0,"perprofit":1.2728574218E8,"nonoreve":3449121.67,"nonoexpe":1644019.17,"noncassetsdisl":0.0,"proftotitse":0.0,"proftotform":0.0,"totprofit":1.2909084468E8,"incotaxexpe":2.293047698E7,"unreinveloss":0.0,"netpro1itse":0.0,"netpro1form":0.0,"netprofit":1.061603677E8,"parenetp":9.489572664E7,"mergeformnetprof":0.0,"minysharrigh":1.126464106E7,"netpro2itse":null,"netpro2form":null,"basiceps":0.79,"dilutedeps":0.79,"othercompinco":0.0,"parecompinco":0.0,"minysharinco":0.0,"compincoamt":1.061603677E8,"parecompincoamt":9.489572664E7,"minysharincoamt":1.126464106E7,"earlyundiprof":null,"undisprofredu":null,"otherinto":null,"otherdistprof":null,"legalsurp":null,"welfare":null,"capitalreserve":null,"staffaward":null,"reservefund":null,"developfund":null,"profreturninvest":null,"supplycurcap":null,"avaidistshareprof":null,"preferredskdiv":null,"freesurplu":null,"dealwithdivi":null,"capitalizeddivi":null,"undisprofit":null,"selldepartgain":null,"natudisasterloss":null,"accpolicychg":null,"accestimatechg":null,"debtrestruloss":null,"othersupply":null},{"compcode":"80155110","publishdate":"20101105","begindate":"20100101","enddate":"20100630","reporttype":"100111","adjustdate":"19000101","accstacode":"2","accstaname":"新会计准则","biztotinco":8.4418927511E8,"bizinco":8.4418927511E8,"inteinco":0.0,"earnprem":0.0,"pouninco":0.0,"realsale":0.0,"otherbizinco":0.0,"biztotincoitse":null,"biztotincoform":null,"biztotcost":7.4625011263E8,"bizcost":5.6507279223E8,"inteexpe":0.0,"pounexpe":0.0,"realsalecost":0.0,"deveexpe":0.0,"surrgold":0.0,"compnetexpe":0.0,"contress":0.0,"polidiviexpe":0.0,"reinexpe":0.0,"otherbizcost":0.0,"biztax":2532304.42,"salesexpe":1.2053344776E8,"manaexpe":4.243932193E7,"finexpe":1.608388034E7,"asseimpaloss":-411634.05,"biztotcostitse":null,"biztotcostform":null,"valuechgloss":0.0,"inveinco":0.0,"assoinveprof":0.0,"exchggain":0.0,"futuloss":0.0,"custinco":0.0,"subsidyincome":0.0,"otherbizprof":0.0,"bizprofitse":null,"operprofform":null,"perprofit":9.793916248E7,"nonoreve":2494810.59,"nonoexpe":1071327.54,"noncassetsdisl":219523.73,"proftotitse":null,"proftotform":null,"totprofit":9.936264553E7,"incotaxexpe":1.670135058E7,"unreinveloss":0.0,"netpro1itse":null,"netpro1form":null,"netprofit":8.266129495E7,"parenetp":7.223456858E7,"mergeformnetprof":0.0,"minysharrigh":1.042672637E7,"netpro2itse":null,"netpro2form":null,"basiceps":0.6,"dilutedeps":0.6,"othercompinco":0.0,"parecompinco":0.0,"minysharinco":0.0,"compincoamt":8.266129495E7,"parecompincoamt":7.223456858E7,"minysharincoamt":1.042672637E7,"earlyundiprof":null,"undisprofredu":null,"otherinto":null,"otherdistprof":null,"legalsurp":null,"welfare":null,"capitalreserve":null,"staffaward":null,"reservefund":null,"developfund":null,"profreturninvest":null,"supplycurcap":null,"avaidistshareprof":null,"preferredskdiv":null,"freesurplu":null,"dealwithdivi":null,"capitalizeddivi":null,"undisprofit":null,"selldepartgain":null,"natudisasterloss":null,"accpolicychg":null,"accestimatechg":null,"debtrestruloss":null,"othersupply":null},{"compcode":"80155110","publishdate":"20101105","begindate":"20090101","enddate":"20091231","reporttype":"100111","adjustdate":"19000101","accstacode":"2","accstaname":"新会计准则","biztotinco":1.61869329036E9,"bizinco":1.61869329036E9,"inteinco":0.0,"earnprem":null,"pouninco":0.0,"realsale":null,"otherbizinco":null,"biztotincoitse":null,"biztotincoform":null,"biztotcost":1.46952292411E9,"bizcost":1.05124447874E9,"inteexpe":null,"pounexpe":null,"realsalecost":null,"deveexpe":null,"surrgold":null,"compnetexpe":null,"contress":null,"polidiviexpe":null,"reinexpe":null,"otherbizcost":null,"biztax":7113923.96,"salesexpe":2.9547610983E8,"manaexpe":8.217809529E7,"finexpe":3.230974289E7,"asseimpaloss":1200573.4,"biztotcostitse":null,"biztotcostform":null,"valuechgloss":0.0,"inveinco":1610.89,"assoinveprof":0.0,"exchggain":0.0,"futuloss":null,"custinco":null,"subsidyincome":null,"otherbizprof":null,"bizprofitse":null,"operprofform":null,"perprofit":1.4917197714E8,"nonoreve":6047474.7,"nonoexpe":1073890.57,"noncassetsdisl":332387.55,"proftotitse":null,"proftotform":null,"totprofit":1.5414556127E8,"incotaxexpe":2.56932702E7,"unreinveloss":null,"netpro1itse":null,"netpro1form":null,"netprofit":1.2845229107E8,"parenetp":1.1044143516E8,"mergeformnetprof":null,"minysharrigh":1.801085591E7,"netpro2itse":null,"netpro2form":null,"basiceps":0.92,"dilutedeps":0.92,"othercompinco":0.0,"parecompinco":null,"minysharinco":null,"compincoamt":1.2845229107E8,"parecompincoamt":1.1044143516E8,"minysharincoamt":1.801085591E7,"earlyundiprof":null,"undisprofredu":null,"otherinto":null,"otherdistprof":null,"legalsurp":null,"welfare":null,"capitalreserve":null,"staffaward":null,"reservefund":null,"developfund":null,"profreturninvest":null,"supplycurcap":null,"avaidistshareprof":null,"preferredskdiv":null,"freesurplu":null,"dealwithdivi":null,"capitalizeddivi":null,"undisprofit":null,"selldepartgain":null,"natudisasterloss":null,"accpolicychg":null,"accestimatechg":null,"debtrestruloss":null,"othersupply":null},{"compcode":"80155110","publishdate":"20101124","begindate":"20090101","enddate":"20090930","reporttype":"100111","adjustdate":"19000101","accstacode":"2","accstaname":"新会计准则","biztotinco":1.21539766009E9,"bizinco":1.21539766009E9,"inteinco":0.0,"earnprem":0.0,"pouninco":0.0,"realsale":0.0,"otherbizinco":0.0,"biztotincoitse":0.0,"biztotincoform":0.0,"biztotcost":1.09365687986E9,"bizcost":7.9114841684E8,"inteexpe":0.0,"pounexpe":0.0,"realsalecost":0.0,"deveexpe":0.0,"surrgold":0.0,"compnetexpe":0.0,"contress":0.0,"polidiviexpe":0.0,"reinexpe":0.0,"otherbizcost":0.0,"biztax":5292353.39,"salesexpe":2.1498483692E8,"manaexpe":5.590654207E7,"finexpe":2.501377376E7,"asseimpaloss":1310956.88,"biztotcostitse":0.0,"biztotcostform":0.0,"valuechgloss":0.0,"inveinco":1610.89,"assoinveprof":0.0,"exchggain":0.0,"futuloss":0.0,"custinco":0.0,"subsidyincome":0.0,"otherbizprof":0.0,"bizprofitse":0.0,"operprofform":0.0,"perprofit":1.2174239112E8,"nonoreve":4472385.76,"nonoexpe":613193.1,"noncassetsdisl":0.0,"proftotitse":0.0,"proftotform":0.0,"totprofit":1.2560158378E8,"incotaxexpe":2.141989331E7,"unreinveloss":0.0,"netpro1itse":0.0,"netpro1form":0.0,"netprofit":1.0418169047E8,"parenetp":9.025852541E7,"mergeformnetprof":0.0,"minysharrigh":1.392316506E7,"netpro2itse":null,"netpro2form":null,"basiceps":0.75,"dilutedeps":0.75,"othercompinco":0.0,"parecompinco":0.0,"minysharinco":0.0,"compincoamt":1.0418169047E8,"parecompincoamt":9.025852541E7,"minysharincoamt":1.392316506E7,"earlyundiprof":null,"undisprofredu":null,"otherinto":null,"otherdistprof":null,"legalsurp":null,"welfare":null,"capitalreserve":null,"staffaward":null,"reservefund":null,"developfund":null,"profreturninvest":null,"supplycurcap":null,"avaidistshareprof":null,"preferredskdiv":null,"freesurplu":null,"dealwithdivi":null,"capitalizeddivi":null,"undisprofit":null,"selldepartgain":null,"natudisasterloss":null,"accpolicychg":null,"accestimatechg":null,"debtrestruloss":null,"othersupply":null},{"compcode":"80155110","publishdate":"20101105","begindate":"20080101","enddate":"20081231","reporttype":"100111","adjustdate":"19000101","accstacode":"2","accstaname":"新会计准则","biztotinco":1.44596423971E9,"bizinco":1.44596423971E9,"inteinco":0.0,"earnprem":null,"pouninco":0.0,"realsale":null,"otherbizinco":null,"biztotincoitse":null,"biztotincoform":null,"biztotcost":1.38794800853E9,"bizcost":1.09871577061E9,"inteexpe":null,"pounexpe":null,"realsalecost":null,"deveexpe":null,"surrgold":null,"compnetexpe":null,"contress":null,"polidiviexpe":null,"reinexpe":null,"otherbizcost":null,"biztax":3311796.94,"salesexpe":1.8511382937E8,"manaexpe":5.655832972E7,"finexpe":4.117186809E7,"asseimpaloss":3076413.8,"biztotcostitse":null,"biztotcostform":null,"valuechgloss":0.0,"inveinco":-400639.33,"assoinveprof":0.0,"exchggain":0.0,"futuloss":null,"custinco":null,"subsidyincome":null,"otherbizprof":null,"bizprofitse":null,"operprofform":null,"perprofit":5.761559185E7,"nonoreve":8600050.99,"nonoexpe":3133075.51,"noncassetsdisl":2006297.78,"proftotitse":null,"proftotform":null,"totprofit":6.308256733E7,"incotaxexpe":936598.75,"unreinveloss":null,"netpro1itse":null,"netpro1form":null,"netprofit":6.214596858E7,"parenetp":5.083639093E7,"mergeformnetprof":null,"minysharrigh":1.130957765E7,"netpro2itse":null,"netpro2form":null,"basiceps":0.42,"dilutedeps":0.42,"othercompinco":2.7E7,"parecompinco":null,"minysharinco":null,"compincoamt":8.914596858E7,"parecompincoamt":7.783639093E7,"minysharincoamt":1.130957765E7,"earlyundiprof":null,"undisprofredu":null,"otherinto":null,"otherdistprof":null,"legalsurp":null,"welfare":null,"capitalreserve":null,"staffaward":null,"reservefund":null,"developfund":null,"profreturninvest":null,"supplycurcap":null,"avaidistshareprof":null,"preferredskdiv":null,"freesurplu":null,"dealwithdivi":null,"capitalizeddivi":null,"undisprofit":null,"selldepartgain":null,"natudisasterloss":null,"accpolicychg":null,"accestimatechg":null,"debtrestruloss":null,"othersupply":null},{"compcode":"80155110","publishdate":"20101105","begindate":"20070101","enddate":"20071231","reporttype":"100111","adjustdate":"19000101","accstacode":"2","accstaname":"新会计准则","biztotinco":1.23630619252E9,"bizinco":1.23630619252E9,"inteinco":0.0,"earnprem":null,"pouninco":0.0,"realsale":null,"otherbizinco":null,"biztotincoitse":null,"biztotincoform":null,"biztotcost":1.20209290478E9,"bizcost":1.0009048436E9,"inteexpe":null,"pounexpe":null,"realsalecost":null,"deveexpe":null,"surrgold":null,"compnetexpe":null,"contress":null,"polidiviexpe":null,"reinexpe":null,"otherbizcost":null,"biztax":1657678.77,"salesexpe":1.2634831097E8,"manaexpe":4.507318604E7,"finexpe":2.70081177E7,"asseimpaloss":1100767.7,"biztotcostitse":null,"biztotcostform":null,"valuechgloss":0.0,"inveinco":6450703.54,"assoinveprof":30019.2,"exchggain":0.0,"futuloss":null,"custinco":null,"subsidyincome":null,"otherbizprof":null,"bizprofitse":null,"operprofform":null,"perprofit":4.066399128E7,"nonoreve":7498376.45,"nonoexpe":2152722.81,"noncassetsdisl":17187.0,"proftotitse":null,"proftotform":null,"totprofit":4.600964492E7,"incotaxexpe":2722223.57,"unreinveloss":null,"netpro1itse":null,"netpro1form":null,"netprofit":4.328742135E7,"parenetp":4.070400856E7,"mergeformnetprof":null,"minysharrigh":2583412.79,"netpro2itse":null,"netpro2form":null,"basiceps":0.36,"dilutedeps":0.36,"othercompinco":64011.84,"parecompinco":null,"minysharinco":null,"compincoamt":4.335143319E7,"parecompincoamt":4.07680204E7,"minysharincoamt":2583412.79,"earlyundiprof":null,"undisprofredu":null,"otherinto":null,"otherdistprof":null,"legalsurp":null,"welfare":null,"capitalreserve":null,"staffaward":null,"reservefund":null,"developfund":null,"profreturninvest":null,"supplycurcap":null,"avaidistshareprof":null,"preferredskdiv":null,"freesurplu":null,"dealwithdivi":null,"capitalizeddivi":null,"undisprofit":null,"selldepartgain":null,"natudisasterloss":null,"accpolicychg":null,"accestimatechg":null,"debtrestruloss":null,"othersupply":null}],"comptype":4,"name":"中顺洁柔"}