{"SZ002543":{"symbol":"SZ002543","exchange":"SZ","code":"002543","name":"万和电气","current":"23.45","percentage":"-1.18","change":"-0.28","open":"23.7","high":"23.73","low":"23.3","close":"23.45","last_close":"23.73","high52week":"26.59","low52week":"18.3","volume":"1122206.0","lot_volume":"11222.06","volumeAverage":"11243993","marketCapital":"1.0318E10","eps":"0.63","pe_ttm":"25.433","pe_lyr":"25.433","beta":"0.0","totalShares":"440000000","time":"Tue Mar 20 15:04:03 +0800 2018","afterHours":"0.0","afterHoursPct":"0.0","afterHoursChg":"0.0","afterHoursTime":"Wed Oct 19 21:59:01 -0400 2011","updateAt":"1510207575001","dividend":"0.73","yield":"3.11","turnover_rate":"0.30%","instOwn":"0.0","rise_stop":"26.1","fall_stop":"21.36","currency_unit":"CNY","amount":"2.63126894E7","net_assets":"6.5398","hasexist":"","has_warrant":"0","type":"11","flag":"1","rest_day":"","amplitude":"1.81%","market_status":"已收盘","lot_size":"100","min_order_quantity":"0","max_order_quantity":"0","tick_size":"0.01","variable_tick_size":"","kzz_stock_symbol":"","kzz_stock_name":"","kzz_stock_current":"0.0","kzz_convert_price":"0.0","kzz_covert_value":"0.0","kzz_cpr":"0.0","kzz_putback_price":"0.0","kzz_convert_time":"","kzz_redempt_price":"0.0","kzz_straight_price":"0.0","kzz_stock_percent":"","pb":"3.59","benefit_before_tax":"0.0","benefit_after_tax":"0.0","convert_bond_ratio":"","totalissuescale":"","outstandingamt":"","maturitydate":"","remain_year":"","convertrate":"0.0","interestrtmemo":"","release_date":"","circulation":"0.0","par_value":"0.0","due_time":"0.0","value_date":"","due_date":"","publisher":"","redeem_type":"F","issue_type":"","bond_type":"","warrant":"","sale_rrg":"","rate":"","after_hour_vol":"0","float_shares":"373277750","float_market_capital":"8.7533632375E9","disnext_pay_date":"","convert_rate":"0.0","volume_ratio":"0.42","percent5m":"0.17","pankou_ratio":"17.22%","psr":"1.6733"}}