{"list":[{"compcode":"80166381","publishdate":"20171026","reportdate":"20170930","reporttype":"100111","adjustdate":"20171026","accstacode":"2","accstaname":"新会计准则","curfds":1.15041566455E9,"tradfinasset":null,"notesrece":6.9592699915E8,"accorece":5.4608212722E8,"prep":1.2121016311E8,"premrece":null,"interece":null,"dividrece":null,"otherrece":3.353879963E7,"expotaxrebarece":null,"subsrece":null,"margrece":null,"intelrece":null,"inve":1.10320379066E9,"prepexpe":null,"unseg":null,"expinoncurrasset":null,"othercurrasse":2.577239484E7,"currassetitse":null,"currasseform":null,"totcurrasset":3.67614993916E9,"lendandloan":null,"avaisellasse":7.44146296E8,"holdinvedue":null,"longrece":null,"equiinve":1.3720923587E8,"otherlonginve":null,"inveprop":null,"fixedasseimmo":null,"accudepr":null,"fixedassenetw":null,"fixedasseimpa":null,"fixedassenet":1.0078706659E9,"consprog":1.249357973E7,"engimate":null,"fixedasseclea":null,"prodasse":null,"comasse":null,"hydrasset":null,"intaasset":3.2335448021E8,"deveexpe":null,"goodwill":null,"logprepexpe":1.959499401E7,"tradshartrad":null,"defetaxasset":1.351398E7,"othernoncasse":1.5316802129E8,"noncasseitse":null,"noncasseform":null,"totalnoncassets":2.41135125301E9,"totassetitse":null,"totalasseform":null,"totasset":6.08750119217E9,"shorttermborr":1.6986359772E8,"tradfinliab":null,"notespaya":5.4561091131E8,"accopaya":1.11359204606E9,"advapaym":4.0531428393E8,"copeworkersal":4.340122093E7,"taxespaya":7.074430039E7,"intepaya":457726.39,"divipaya":null,"otherfeepaya":null,"margrequ":null,"intelpay":null,"otherpay":2.397312814E8,"accrexpe":null,"expecurrliab":null,"copewithreinrece":null,"inteticksett":null,"dometicksett":null,"defereve":null,"shorttermbdspaya":null,"duenoncliab":null,"othercurreliabi":3.7677802038E8,"currliabitse":null,"currliabform":null,"totalcurrliab":2.96549338851E9,"longborr":7791348.4,"bdspaya":null,"longpaya":null,"specpaya":null,"expenoncliab":6791048.62,"longdefeinco":1.530661207E7,"defeincotaxliab":null,"othernoncliabi":5.486324322E7,"longliabitse":null,"longliabform":null,"totalnoncliab":8.475225231E7,"totliabitse":null,"totliabform":null,"totliab":3.05024564082E9,"paidincapi":4.4E8,"capisurp":1.24905413072E9,"treastk":null,"specrese":null,"rese":1.3284040526E8,"generiskrese":null,"unreinveloss":null,"undiprof":1.05544221534E9,"topaycashdivi":null,"curtrandiff":null,"sharrighitse":null,"sharrightform":null,"paresharrigh":2.87750067309E9,"minysharrigh":1.5975487826E8,"righaggritse":null,"rightaggrform":null,"righaggr":3.03725555135E9,"rightotitse":null,"rightotform":null,"totliabsharequi":6.08750119217E9,"settresedepo":null,"plac":null,"derifinaasset":null,"reinrece":null,"reincontrese":null,"purcresaasset":null,"cenbankborr":null,"deposit":null,"fdsborr":null,"deriliab":null,"sellrepasse":null,"copepoun":null,"insucontrese":null,"actitradsecu":null,"actiundesecu":null},{"compcode":"80166381","publishdate":"20170826","reportdate":"20170630","reporttype":"100111","adjustdate":"20170826","accstacode":"2","accstaname":"新会计准则","curfds":1.01064737494E9,"tradfinasset":0.0,"notesrece":7.0627955949E8,"accorece":8.0213200902E8,"prep":9.360264907E7,"premrece":null,"interece":null,"dividrece":null,"otherrece":2.87853925E7,"expotaxrebarece":null,"subsrece":null,"margrece":null,"intelrece":null,"inve":9.301879416E8,"prepexpe":null,"unseg":null,"expinoncurrasset":null,"othercurrasse":3.409863147E7,"currassetitse":null,"currasseform":null,"totcurrasset":3.60573355809E9,"lendandloan":null,"avaisellasse":2.44146296E8,"holdinvedue":null,"longrece":null,"equiinve":1.2486870515E8,"otherlonginve":null,"inveprop":null,"fixedasseimmo":1.28057294104E9,"accudepr":4.384897689E8,"fixedassenetw":8.4208317214E8,"fixedasseimpa":null,"fixedassenet":8.4208317214E8,"consprog":1.597738367E8,"engimate":null,"fixedasseclea":null,"prodasse":null,"comasse":null,"hydrasset":null,"intaasset":3.2491622063E8,"deveexpe":null,"goodwill":null,"logprepexpe":1.080093875E7,"tradshartrad":null,"defetaxasset":1.335206346E7,"othernoncasse":1.309215267E8,"noncasseitse":null,"noncasseform":null,"totalnoncassets":1.85086275953E9,"totassetitse":null,"totalasseform":null,"totasset":5.45659631762E9,"shorttermborr":2.027512188E7,"tradfinliab":null,"notespaya":5.4465233141E8,"accopaya":1.01953003137E9,"advapaym":2.9030648207E8,"copeworkersal":4.531766761E7,"taxespaya":4.370869242E7,"intepaya":457726.39,"divipaya":null,"otherfeepaya":null,"margrequ":null,"intelpay":null,"otherpay":2.1566416272E8,"accrexpe":null,"expecurrliab":null,"copewithreinrece":null,"inteticksett":null,"dometicksett":null,"defereve":null,"shorttermbdspaya":null,"duenoncliab":null,"othercurreliabi":2.2441778938E8,"currliabitse":null,"currliabform":null,"totalcurrliab":2.40433000525E9,"longborr":7791348.4,"bdspaya":null,"longpaya":null,"specpaya":null,"expenoncliab":5735391.8,"longdefeinco":7.014081139E7,"defeincotaxliab":null,"othernoncliabi":null,"longliabitse":null,"longliabform":null,"totalnoncliab":8.366755159E7,"totliabitse":null,"totliabform":null,"totliab":2.48799755684E9,"paidincapi":4.4E8,"capisurp":1.24905413072E9,"treastk":null,"specrese":null,"rese":1.3284040526E8,"generiskrese":null,"unreinveloss":null,"undiprof":9.9413336283E8,"topaycashdivi":null,"curtrandiff":null,"sharrighitse":null,"sharrightform":null,"paresharrigh":2.81607813123E9,"minysharrigh":1.5252062955E8,"righaggritse":null,"rightaggrform":null,"righaggr":2.96859876078E9,"rightotitse":null,"rightotform":null,"totliabsharequi":5.45659631762E9,"settresedepo":null,"plac":null,"derifinaasset":null,"reinrece":null,"reincontrese":null,"purcresaasset":null,"cenbankborr":null,"deposit":null,"fdsborr":null,"deriliab":null,"sellrepasse":null,"copepoun":null,"insucontrese":null,"actitradsecu":null,"actiundesecu":null},{"compcode":"80166381","publishdate":"20170420","reportdate":"20170331","reporttype":"100111","adjustdate":"20170420","accstacode":"2","accstaname":"新会计准则","curfds":1.46108844577E9,"tradfinasset":null,"notesrece":6.7302147404E8,"accorece":5.8039991676E8,"prep":6.982172247E7,"premrece":null,"interece":null,"dividrece":null,"otherrece":5.714898109E7,"expotaxrebarece":null,"subsrece":null,"margrece":null,"intelrece":null,"inve":8.500779791E8,"prepexpe":null,"unseg":null,"expinoncurrasset":null,"othercurrasse":2184818.44,"currassetitse":null,"currasseform":null,"totcurrasset":3.69374333767E9,"lendandloan":null,"avaisellasse":4.4146296E7,"holdinvedue":null,"longrece":null,"equiinve":1.7175713989E8,"otherlonginve":null,"inveprop":null,"fixedasseimmo":null,"accudepr":null,"fixedassenetw":null,"fixedasseimpa":null,"fixedassenet":7.7447617018E8,"consprog":2.1668220874E8,"engimate":null,"fixedasseclea":null,"prodasse":null,"comasse":null,"hydrasset":null,"intaasset":3.2558297909E8,"deveexpe":null,"goodwill":null,"logprepexpe":1.194281653E7,"tradshartrad":null,"defetaxasset":1.153036345E7,"othernoncasse":9.500035494E7,"noncasseitse":null,"noncasseform":null,"totalnoncassets":1.65111832882E9,"totassetitse":null,"totalasseform":null,"totasset":5.34486166649E9,"shorttermborr":2.064893546E7,"tradfinliab":null,"notespaya":5.1362276974E8,"accopaya":8.6402404401E8,"advapaym":2.7621519616E8,"copeworkersal":4.028422467E7,"taxespaya":2.542771489E7,"intepaya":129476.39,"divipaya":null,"otherfeepaya":null,"margrequ":null,"intelpay":null,"otherpay":2.3104917307E8,"accrexpe":null,"expecurrliab":null,"copewithreinrece":null,"inteticksett":null,"dometicksett":null,"defereve":null,"shorttermbdspaya":null,"duenoncliab":null,"othercurreliabi":2.3765258635E8,"currliabitse":null,"currliabform":null,"totalcurrliab":2.20905412074E9,"longborr":7791348.4,"bdspaya":null,"longpaya":null,"specpaya":null,"expenoncliab":4756726.86,"longdefeinco":7.211994832E7,"defeincotaxliab":null,"othernoncliabi":null,"longliabitse":null,"longliabform":null,"totalnoncliab":8.466802358E7,"totliabitse":null,"totliabform":null,"totliab":2.29372214432E9,"paidincapi":4.4E8,"capisurp":1.24905413072E9,"treastk":null,"specrese":null,"rese":1.2012416905E8,"generiskrese":null,"unreinveloss":null,"undiprof":1.24028555375E9,"topaycashdivi":null,"curtrandiff":null,"sharrighitse":null,"sharrightform":null,"paresharrigh":3.04949125968E9,"minysharrigh":1648262.49,"righaggritse":null,"rightaggrform":null,"righaggr":3.05113952217E9,"rightotitse":null,"rightotform":null,"totliabsharequi":5.34486166649E9,"settresedepo":null,"plac":null,"derifinaasset":null,"reinrece":null,"reincontrese":null,"purcresaasset":null,"cenbankborr":null,"deposit":null,"fdsborr":null,"deriliab":null,"sellrepasse":null,"copepoun":null,"insucontrese":null,"actitradsecu":null,"actiundesecu":null},{"compcode":"80166381","publishdate":"20170420","reportdate":"20161231","reporttype":"100111","adjustdate":"20170420","accstacode":"2","accstaname":"新会计准则","curfds":1.20849002158E9,"tradfinasset":509.02,"notesrece":6.8308240065E8,"accorece":6.0662349287E8,"prep":5.777810253E7,"premrece":null,"interece":null,"dividrece":null,"otherrece":2.64805381E7,"expotaxrebarece":null,"subsrece":null,"margrece":null,"intelrece":null,"inve":8.7526166944E8,"prepexpe":null,"unseg":null,"expinoncurrasset":null,"othercurrasse":1.318219812E7,"currassetitse":null,"currasseform":null,"totcurrasset":3.47089893231E9,"lendandloan":null,"avaisellasse":4.4146296E7,"holdinvedue":null,"longrece":null,"equiinve":1.6963815715E8,"otherlonginve":null,"inveprop":null,"fixedasseimmo":1.26207298156E9,"accudepr":4.809243087E8,"fixedassenetw":7.8114867286E8,"fixedasseimpa":null,"fixedassenet":7.8114867286E8,"consprog":1.9515290347E8,"engimate":null,"fixedasseclea":null,"prodasse":null,"comasse":null,"hydrasset":null,"intaasset":2.557367645E8,"deveexpe":null,"goodwill":null,"logprepexpe":1.060115655E7,"tradshartrad":null,"defetaxasset":1.152449646E7,"othernoncasse":1.5158723119E8,"noncasseitse":null,"noncasseform":null,"totalnoncassets":1.61953567818E9,"totassetitse":null,"totalasseform":null,"totasset":5.09043461049E9,"shorttermborr":2.07617679E7,"tradfinliab":null,"notespaya":4.1920738316E8,"accopaya":9.2254998616E8,"advapaym":2.2226251975E8,"copeworkersal":5.991042497E7,"taxespaya":6.461394122E7,"intepaya":129476.39,"divipaya":null,"otherfeepaya":null,"margrequ":null,"intelpay":null,"otherpay":1.7974555406E8,"accrexpe":null,"expecurrliab":null,"copewithreinrece":null,"inteticksett":null,"dometicksett":null,"defereve":null,"shorttermbdspaya":null,"duenoncliab":null,"othercurreliabi":1.9495386991E8,"currliabitse":null,"currliabform":null,"totalcurrliab":2.08413492352E9,"longborr":7791348.4,"bdspaya":null,"longpaya":null,"specpaya":null,"expenoncliab":3058942.99,"longdefeinco":7.234769833E7,"defeincotaxliab":null,"othernoncliabi":null,"longliabitse":null,"longliabform":null,"totalnoncliab":8.319798972E7,"totliabitse":null,"totliabform":null,"totliab":2.16733291324E9,"paidincapi":4.4E8,"capisurp":1.24905413072E9,"treastk":null,"specrese":null,"rese":1.2012416905E8,"generiskrese":null,"unreinveloss":null,"undiprof":1.11432088404E9,"topaycashdivi":null,"curtrandiff":null,"sharrighitse":null,"sharrightform":null,"paresharrigh":2.92344727189E9,"minysharrigh":-345574.64,"righaggritse":null,"rightaggrform":null,"righaggr":2.92310169725E9,"rightotitse":null,"rightotform":null,"totliabsharequi":5.09043461049E9,"settresedepo":null,"plac":null,"derifinaasset":null,"reinrece":null,"reincontrese":null,"purcresaasset":null,"cenbankborr":null,"deposit":null,"fdsborr":null,"deriliab":null,"sellrepasse":null,"copepoun":null,"insucontrese":null,"actitradsecu":null,"actiundesecu":null},{"compcode":"80166381","publishdate":"20161026","reportdate":"20160930","reporttype":"100111","adjustdate":"20161026","accstacode":"2","accstaname":"新会计准则","curfds":1.18337023204E9,"tradfinasset":509.02,"notesrece":3.4071047812E8,"accorece":5.410551159E7,"prep":null,"premrece":null,"interece":null,"dividrece":null,"otherrece":3.364751874E7,"expotaxrebarece":null,"subsrece":null,"margrece":null,"intelrece":null,"inve":7.5222131467E8,"prepexpe":null,"unseg":null,"expinoncurrasset":1.673030601E7,"othercurrasse":null,"currassetitse":null,"currasseform":null,"totcurrasset":3.04197838566E9,"lendandloan":null,"avaisellasse":4.4146296E7,"holdinvedue":null,"longrece":null,"equiinve":1.6624873748E8,"otherlonginve":null,"inveprop":null,"fixedasseimmo":null,"accudepr":null,"fixedassenetw":null,"fixedasseimpa":null,"fixedassenet":7.6841209615E8,"consprog":1.8092254328E8,"engimate":null,"fixedasseclea":null,"prodasse":null,"comasse":null,"hydrasset":null,"intaasset":2.5303200626E8,"deveexpe":null,"goodwill":null,"logprepexpe":3.56987293E7,"tradshartrad":null,"defetaxasset":1.520981904E7,"othernoncasse":7.377598883E7,"noncasseitse":null,"noncasseform":null,"totalnoncassets":1.53744621634E9,"totassetitse":null,"totalasseform":null,"totasset":4.579424602E9,"shorttermborr":null,"tradfinliab":null,"notespaya":3.5224820259E8,"accopaya":6.3926353333E8,"advapaym":1.6262273948E8,"copeworkersal":3.13917085E7,"taxespaya":6.261079804E7,"intepaya":null,"divipaya":null,"otherfeepaya":null,"margrequ":null,"intelpay":null,"otherpay":7.841529867E7,"accrexpe":null,"expecurrliab":null,"copewithreinrece":null,"inteticksett":null,"dometicksett":null,"defereve":null,"shorttermbdspaya":null,"duenoncliab":null,"othercurreliabi":3.8567309604E8,"currliabitse":null,"currliabform":null,"totalcurrliab":1.71222537665E9,"longborr":7791348.4,"bdspaya":null,"longpaya":null,"specpaya":null,"expenoncliab":4458024.82,"longdefeinco":6.915598554E7,"defeincotaxliab":null,"othernoncliabi":null,"longliabitse":null,"longliabform":null,"totalnoncliab":8.140535876E7,"totliabitse":null,"totliabform":null,"totliab":1.79363073541E9,"paidincapi":4.4E8,"capisurp":1.24897303656E9,"treastk":null,"specrese":null,"rese":9.698425014E7,"generiskrese":null,"unreinveloss":null,"undiprof":9.9997580803E8,"topaycashdivi":null,"curtrandiff":null,"sharrighitse":null,"sharrightform":null,"paresharrigh":2.78565417073E9,"minysharrigh":139695.86,"righaggritse":null,"rightaggrform":null,"righaggr":2.78579386659E9,"rightotitse":null,"rightotform":null,"totliabsharequi":4.579424602E9,"settresedepo":null,"plac":null,"derifinaasset":6.6119251547E8,"reinrece":null,"reincontrese":null,"purcresaasset":null,"cenbankborr":null,"deposit":null,"fdsborr":null,"deriliab":null,"sellrepasse":null,"copepoun":null,"insucontrese":null,"actitradsecu":null,"actiundesecu":null},{"compcode":"80166381","publishdate":"20160823","reportdate":"20160630","reporttype":"100111","adjustdate":"20160823","accstacode":"2","accstaname":"新会计准则","curfds":1.22353047551E9,"tradfinasset":1.2921393589E8,"notesrece":5.3965812462E8,"accorece":4.1734822783E8,"prep":4.324190402E7,"premrece":null,"interece":null,"dividrece":null,"otherrece":2.590077739E7,"expotaxrebarece":null,"subsrece":null,"margrece":null,"intelrece":null,"inve":6.8916969918E8,"prepexpe":null,"unseg":null,"expinoncurrasset":null,"othercurrasse":6.250412426E7,"currassetitse":null,"currasseform":null,"totcurrasset":3.1305672687E9,"lendandloan":null,"avaisellasse":4.4146296E7,"holdinvedue":null,"longrece":null,"equiinve":1.6079121633E8,"otherlonginve":null,"inveprop":null,"fixedasseimmo":1.21646843036E9,"accudepr":4.3721100722E8,"fixedassenetw":7.7925742314E8,"fixedasseimpa":null,"fixedassenet":7.7925742314E8,"consprog":1.3567432003E8,"engimate":null,"fixedasseclea":null,"prodasse":null,"comasse":null,"hydrasset":null,"intaasset":2.5433655266E8,"deveexpe":null,"goodwill":null,"logprepexpe":2.753427057E7,"tradshartrad":null,"defetaxasset":1.520981904E7,"othernoncasse":5.465104085E7,"noncasseitse":null,"noncasseform":null,"totalnoncassets":1.47160093862E9,"totassetitse":null,"totalasseform":null,"totasset":4.60216820732E9,"shorttermborr":3.004239741E7,"tradfinliab":null,"notespaya":3.4147338375E8,"accopaya":6.3256153338E8,"advapaym":1.4857434113E8,"copeworkersal":3.052864218E7,"taxespaya":5.120541522E7,"intepaya":null,"divipaya":null,"otherfeepaya":null,"margrequ":null,"intelpay":null,"otherpay":7.638163236E7,"accrexpe":null,"expecurrliab":null,"copewithreinrece":null,"inteticksett":null,"dometicksett":null,"defereve":null,"shorttermbdspaya":null,"duenoncliab":null,"othercurreliabi":2.6906221712E8,"currliabitse":null,"currliabform":null,"totalcurrliab":1.57982956255E9,"longborr":7791348.4,"bdspaya":null,"longpaya":null,"specpaya":null,"expenoncliab":3868556.92,"longdefeinco":6.938373555E7,"defeincotaxliab":null,"othernoncliabi":null,"longliabitse":null,"longliabform":null,"totalnoncliab":8.104364087E7,"totliabitse":null,"totliabform":null,"totliab":1.66087320342E9,"paidincapi":4.4E8,"capisurp":1.24897303656E9,"treastk":null,"specrese":null,"rese":9.698425014E7,"generiskrese":null,"unreinveloss":null,"undiprof":1.15660166742E9,"topaycashdivi":null,"curtrandiff":null,"sharrighitse":null,"sharrightform":null,"paresharrigh":2.94105141468E9,"minysharrigh":243589.22,"righaggritse":null,"rightaggrform":null,"righaggr":2.9412950039E9,"rightotitse":null,"rightotform":null,"totliabsharequi":4.60216820732E9,"settresedepo":null,"plac":null,"derifinaasset":null,"reinrece":null,"reincontrese":null,"purcresaasset":null,"cenbankborr":null,"deposit":null,"fdsborr":null,"deriliab":null,"sellrepasse":null,"copepoun":null,"insucontrese":null,"actitradsecu":null,"actiundesecu":null},{"compcode":"80166381","publishdate":"20160426","reportdate":"20160331","reporttype":"100111","adjustdate":"20160426","accstacode":"2","accstaname":"新会计准则","curfds":9.1510458996E8,"tradfinasset":1.083325545E8,"notesrece":4.8164050481E8,"accorece":5.5122198437E8,"prep":3.668504787E7,"premrece":null,"interece":null,"dividrece":null,"otherrece":3.522087104E7,"expotaxrebarece":null,"subsrece":null,"margrece":null,"intelrece":null,"inve":6.1181955099E8,"prepexpe":null,"unseg":null,"expinoncurrasset":null,"othercurrasse":2.2446500813E8,"currassetitse":null,"currasseform":null,"totcurrasset":2.96449011167E9,"lendandloan":null,"avaisellasse":4.4146296E7,"holdinvedue":null,"longrece":null,"equiinve":1.5783893757E8,"otherlonginve":null,"inveprop":null,"fixedasseimmo":null,"accudepr":null,"fixedassenetw":null,"fixedasseimpa":null,"fixedassenet":7.9557371536E8,"consprog":9.411461157E7,"engimate":null,"fixedasseclea":null,"prodasse":null,"comasse":null,"hydrasset":null,"intaasset":2.5591362106E8,"deveexpe":null,"goodwill":null,"logprepexpe":3.064665239E7,"tradshartrad":null,"defetaxasset":1.306786631E7,"othernoncasse":4.128969261E7,"noncasseitse":null,"noncasseform":null,"totalnoncassets":1.43259139287E9,"totassetitse":null,"totalasseform":null,"totasset":4.39708150454E9,"shorttermborr":null,"tradfinliab":null,"notespaya":3.3732897404E8,"accopaya":5.2238993728E8,"advapaym":1.2845414099E8,"copeworkersal":3.862127337E7,"taxespaya":6.129369688E7,"intepaya":null,"divipaya":null,"otherfeepaya":null,"margrequ":null,"intelpay":null,"otherpay":8.824412383E7,"accrexpe":null,"expecurrliab":null,"copewithreinrece":null,"inteticksett":null,"dometicksett":null,"defereve":null,"shorttermbdspaya":null,"duenoncliab":null,"othercurreliabi":2.1114618266E8,"currliabitse":null,"currliabform":null,"totalcurrliab":1.38747832905E9,"longborr":7791348.4,"bdspaya":null,"longpaya":null,"specpaya":null,"expenoncliab":3850467.38,"longdefeinco":6.961148556E7,"defeincotaxliab":null,"othernoncliabi":null,"longliabitse":null,"longliabform":null,"totalnoncliab":8.125330134E7,"totliabitse":null,"totliabform":null,"totliab":1.46873163039E9,"paidincapi":4.4E8,"capisurp":1.24897303656E9,"treastk":null,"specrese":null,"rese":9.698425014E7,"generiskrese":null,"unreinveloss":null,"undiprof":1.14285742097E9,"topaycashdivi":null,"curtrandiff":null,"sharrighitse":null,"sharrightform":null,"paresharrigh":2.92775515441E9,"minysharrigh":594719.74,"righaggritse":null,"rightaggrform":null,"righaggr":2.92834987415E9,"rightotitse":null,"rightotform":null,"totliabsharequi":4.39708150454E9,"settresedepo":null,"plac":null,"derifinaasset":null,"reinrece":null,"reincontrese":null,"purcresaasset":null,"cenbankborr":null,"deposit":null,"fdsborr":null,"deriliab":null,"sellrepasse":null,"copepoun":null,"insucontrese":null,"actitradsecu":null,"actiundesecu":null},{"compcode":"80166381","publishdate":"20160331","reportdate":"20151231","reporttype":"100111","adjustdate":"20160331","accstacode":"2","accstaname":"新会计准则","curfds":5.9014999726E8,"tradfinasset":1.322842514E8,"notesrece":5.2812186317E8,"accorece":4.8723709231E8,"prep":2.599167512E7,"premrece":null,"interece":null,"dividrece":null,"otherrece":3.166668314E7,"expotaxrebarece":null,"subsrece":null,"margrece":null,"intelrece":null,"inve":7.9443687921E8,"prepexpe":null,"unseg":null,"expinoncurrasset":null,"othercurrasse":2.3702979907E8,"currassetitse":null,"currasseform":null,"totcurrasset":2.82691824068E9,"lendandloan":null,"avaisellasse":4.4146296E7,"holdinvedue":null,"longrece":null,"equiinve":1.5671950613E8,"otherlonginve":null,"inveprop":0.0,"fixedasseimmo":1.18048049816E9,"accudepr":3.9332759534E8,"fixedassenetw":7.8715290282E8,"fixedasseimpa":null,"fixedassenet":7.8715290282E8,"consprog":8.685728732E7,"engimate":null,"fixedasseclea":null,"prodasse":null,"comasse":null,"hydrasset":null,"intaasset":2.5780952334E8,"deveexpe":null,"goodwill":null,"logprepexpe":4.013467774E7,"tradshartrad":null,"defetaxasset":1.306786631E7,"othernoncasse":4.3151422E7,"noncasseitse":null,"noncasseform":null,"totalnoncassets":1.42903948166E9,"totassetitse":null,"totalasseform":null,"totasset":4.25595772234E9,"shorttermborr":0.0,"tradfinliab":null,"notespaya":2.5748058759E8,"accopaya":6.9652111463E8,"advapaym":1.4979828117E8,"copeworkersal":5.118222853E7,"taxespaya":1.885801198E7,"intepaya":null,"divipaya":null,"otherfeepaya":null,"margrequ":null,"intelpay":null,"otherpay":9.315644215E7,"accrexpe":null,"expecurrliab":null,"copewithreinrece":null,"inteticksett":null,"dometicksett":null,"defereve":null,"shorttermbdspaya":null,"duenoncliab":null,"othercurreliabi":8.6338634E7,"currliabitse":null,"currliabform":null,"totalcurrliab":1.35333530005E9,"longborr":7791348.4,"bdspaya":null,"longpaya":null,"specpaya":null,"expenoncliab":3883941.71,"longdefeinco":6.983923557E7,"defeincotaxliab":null,"othernoncliabi":null,"longliabitse":null,"longliabform":null,"totalnoncliab":8.151452568E7,"totliabitse":null,"totliabform":null,"totliab":1.43484982573E9,"paidincapi":4.4E8,"capisurp":1.24897303656E9,"treastk":null,"specrese":null,"rese":9.698425014E7,"generiskrese":null,"unreinveloss":null,"undiprof":1.0362930982E9,"topaycashdivi":null,"curtrandiff":null,"sharrighitse":null,"sharrightform":null,"paresharrigh":2.82051860617E9,"minysharrigh":589290.44,"righaggritse":null,"rightaggrform":null,"righaggr":2.82110789661E9,"rightotitse":null,"rightotform":null,"totliabsharequi":4.25595772234E9,"settresedepo":null,"plac":null,"derifinaasset":null,"reinrece":null,"reincontrese":null,"purcresaasset":null,"cenbankborr":null,"deposit":null,"fdsborr":null,"deriliab":null,"sellrepasse":null,"copepoun":null,"insucontrese":null,"actitradsecu":null,"actiundesecu":null},{"compcode":"80166381","publishdate":"20151029","reportdate":"20150930","reporttype":"100111","adjustdate":"20151029","accstacode":"2","accstaname":"新会计准则","curfds":7.6144241183E8,"tradfinasset":null,"notesrece":5.6135900576E8,"accorece":3.2821940286E8,"prep":3.259915682E7,"premrece":null,"interece":null,"dividrece":null,"otherrece":2.953267863E7,"expotaxrebarece":null,"subsrece":null,"margrece":null,"intelrece":null,"inve":6.5785239077E8,"prepexpe":null,"unseg":null,"expinoncurrasset":null,"othercurrasse":2.1511019409E8,"currassetitse":null,"currasseform":null,"totcurrasset":2.58611524076E9,"lendandloan":null,"avaisellasse":4.4146296E7,"holdinvedue":null,"longrece":null,"equiinve":1.5216360237E8,"otherlonginve":null,"inveprop":null,"fixedasseimmo":null,"accudepr":null,"fixedassenetw":null,"fixedasseimpa":null,"fixedassenet":7.7574073163E8,"consprog":6.076054763E7,"engimate":null,"fixedasseclea":null,"prodasse":null,"comasse":null,"hydrasset":null,"intaasset":2.589182501E8,"deveexpe":null,"goodwill":null,"logprepexpe":6.129899044E7,"tradshartrad":null,"defetaxasset":1.621099199E7,"othernoncasse":7.082780531E7,"noncasseitse":null,"noncasseform":null,"totalnoncassets":1.44006721547E9,"totassetitse":null,"totalasseform":null,"totasset":4.02618245623E9,"shorttermborr":null,"tradfinliab":null,"notespaya":1.4181602307E8,"accopaya":6.0083891688E8,"advapaym":1.0802116278E8,"copeworkersal":2.383065476E7,"taxespaya":5.517669374E7,"intepaya":null,"divipaya":null,"otherfeepaya":null,"margrequ":null,"intelpay":null,"otherpay":6.880533148E7,"accrexpe":null,"expecurrliab":null,"copewithreinrece":null,"inteticksett":null,"dometicksett":null,"defereve":null,"shorttermbdspaya":null,"duenoncliab":null,"othercurreliabi":1.8768837475E8,"currliabitse":null,"currliabform":null,"totalcurrliab":1.18617715746E9,"longborr":7791348.4,"bdspaya":null,"longpaya":null,"specpaya":null,"expenoncliab":3668194.29,"longdefeinco":7.05044873E7,"defeincotaxliab":null,"othernoncliabi":null,"longliabitse":null,"longliabform":null,"totalnoncliab":8.196402999E7,"totliabitse":null,"totliabform":null,"totliab":1.26814118745E9,"paidincapi":4.4E8,"capisurp":1.24897303656E9,"treastk":null,"specrese":null,"rese":8.098191259E7,"generiskrese":null,"unreinveloss":null,"undiprof":9.8936784959E8,"topaycashdivi":null,"curtrandiff":null,"sharrighitse":null,"sharrightform":null,"paresharrigh":2.75804126878E9,"minysharrigh":null,"righaggritse":null,"rightaggrform":null,"righaggr":2.75804126878E9,"rightotitse":null,"rightotform":null,"totliabsharequi":4.02618245623E9,"settresedepo":null,"plac":null,"derifinaasset":null,"reinrece":null,"reincontrese":null,"purcresaasset":null,"cenbankborr":null,"deposit":null,"fdsborr":null,"deriliab":null,"sellrepasse":null,"copepoun":null,"insucontrese":null,"actitradsecu":null,"actiundesecu":null},{"compcode":"80166381","publishdate":"20150828","reportdate":"20150630","reporttype":"100111","adjustdate":"20150828","accstacode":"2","accstaname":"新会计准则","curfds":7.0677473455E8,"tradfinasset":null,"notesrece":6.0419016104E8,"accorece":3.4805043289E8,"prep":2.836966096E7,"premrece":null,"interece":null,"dividrece":null,"otherrece":2.483804302E7,"expotaxrebarece":null,"subsrece":null,"margrece":null,"intelrece":null,"inve":5.6816517564E8,"prepexpe":null,"unseg":null,"expinoncurrasset":null,"othercurrasse":2.1458995089E8,"currassetitse":null,"currasseform":null,"totcurrasset":2.49497815899E9,"lendandloan":null,"avaisellasse":2.9484E7,"holdinvedue":null,"longrece":null,"equiinve":1.4429225636E8,"otherlonginve":null,"inveprop":null,"fixedasseimmo":1.12573262061E9,"accudepr":3.4837207912E8,"fixedassenetw":7.7736054149E8,"fixedasseimpa":null,"fixedassenet":7.7736054149E8,"consprog":3.267565028E7,"engimate":null,"fixedasseclea":null,"prodasse":null,"comasse":null,"hydrasset":null,"intaasset":2.6059564005E8,"deveexpe":null,"goodwill":null,"logprepexpe":6.020599341E7,"tradshartrad":null,"defetaxasset":1.635651516E7,"othernoncasse":8.222177792E7,"noncasseitse":null,"noncasseform":null,"totalnoncassets":1.40319237467E9,"totassetitse":null,"totalasseform":null,"totasset":3.89817053366E9,"shorttermborr":null,"tradfinliab":null,"notespaya":2.1883933891E8,"accopaya":5.2014350425E8,"advapaym":9.686926601E7,"copeworkersal":2.134594695E7,"taxespaya":6.344461473E7,"intepaya":null,"divipaya":null,"otherfeepaya":null,"margrequ":null,"intelpay":null,"otherpay":7.165227547E7,"accrexpe":null,"expecurrliab":null,"copewithreinrece":null,"inteticksett":null,"dometicksett":null,"defereve":null,"shorttermbdspaya":null,"duenoncliab":null,"othercurreliabi":1.2854441454E8,"currliabitse":null,"currliabform":null,"totalcurrliab":1.12083936086E9,"longborr":null,"bdspaya":null,"longpaya":null,"specpaya":null,"expenoncliab":3517768.6,"longdefeinco":7.073223731E7,"defeincotaxliab":null,"othernoncliabi":null,"longliabitse":null,"longliabform":null,"totalnoncliab":7.425000591E7,"totliabitse":null,"totliabform":null,"totliab":1.19508936677E9,"paidincapi":4.4E8,"capisurp":1.24897303656E9,"treastk":null,"specrese":null,"rese":8.098191259E7,"generiskrese":null,"unreinveloss":null,"undiprof":9.340685306E8,"topaycashdivi":null,"curtrandiff":null,"sharrighitse":null,"sharrightform":null,"paresharrigh":2.70308116689E9,"minysharrigh":null,"righaggritse":null,"rightaggrform":null,"righaggr":2.70308116689E9,"rightotitse":null,"rightotform":null,"totliabsharequi":3.89817053366E9,"settresedepo":null,"plac":null,"derifinaasset":null,"reinrece":null,"reincontrese":null,"purcresaasset":null,"cenbankborr":null,"deposit":null,"fdsborr":null,"deriliab":null,"sellrepasse":null,"copepoun":null,"insucontrese":null,"actitradsecu":null,"actiundesecu":null},{"compcode":"80166381","publishdate":"20150424","reportdate":"20150331","reporttype":"100111","adjustdate":"20150424","accstacode":"2","accstaname":"新会计准则","curfds":6.9490238648E8,"tradfinasset":null,"notesrece":5.0747454746E8,"accorece":5.3514532838E8,"prep":3.168386957E7,"premrece":null,"interece":null,"dividrece":null,"otherrece":2.964353343E7,"expotaxrebarece":null,"subsrece":null,"margrece":null,"intelrece":null,"inve":5.9515787042E8,"prepexpe":null,"unseg":null,"expinoncurrasset":null,"othercurrasse":2.087971732E7,"currassetitse":null,"currasseform":null,"totcurrasset":2.41488725306E9,"lendandloan":null,"avaisellasse":2.9484E7,"holdinvedue":null,"longrece":null,"equiinve":1.5015762612E8,"otherlonginve":null,"inveprop":null,"fixedasseimmo":null,"accudepr":null,"fixedassenetw":null,"fixedasseimpa":null,"fixedassenet":6.8546538446E8,"consprog":8.473196284E7,"engimate":null,"fixedasseclea":null,"prodasse":null,"comasse":null,"hydrasset":null,"intaasset":2.6219609299E8,"deveexpe":null,"goodwill":null,"logprepexpe":7.479765454E7,"tradshartrad":null,"defetaxasset":1.745100371E7,"othernoncasse":7.545022079E7,"noncasseitse":null,"noncasseform":null,"totalnoncassets":1.37973394545E9,"totassetitse":null,"totalasseform":null,"totasset":3.79462119851E9,"shorttermborr":null,"tradfinliab":null,"notespaya":2.3224395378E8,"accopaya":4.6150093404E8,"advapaym":9.806080367E7,"copeworkersal":2.064285454E7,"taxespaya":3.800351682E7,"intepaya":null,"divipaya":null,"otherfeepaya":null,"margrequ":null,"intelpay":null,"otherpay":7.949297123E7,"accrexpe":null,"expecurrliab":null,"copewithreinrece":null,"inteticksett":null,"dometicksett":null,"defereve":null,"shorttermbdspaya":null,"duenoncliab":null,"othercurreliabi":1.0701601591E8,"currliabitse":null,"currliabform":null,"totalcurrliab":1.03696104999E9,"longborr":null,"bdspaya":null,"longpaya":null,"specpaya":null,"expenoncliab":3400524.26,"longdefeinco":7.095998732E7,"defeincotaxliab":null,"othernoncliabi":null,"longliabitse":null,"longliabform":null,"totalnoncliab":7.436051158E7,"totliabitse":null,"totliabform":null,"totliab":1.11132156157E9,"paidincapi":4.4E8,"capisurp":1.24897303656E9,"treastk":null,"specrese":null,"rese":8.098191259E7,"generiskrese":null,"unreinveloss":null,"undiprof":9.1556385576E8,"topaycashdivi":null,"curtrandiff":null,"sharrighitse":null,"sharrightform":null,"paresharrigh":2.68329963694E9,"minysharrigh":null,"righaggritse":null,"rightaggrform":null,"righaggr":2.68329963694E9,"rightotitse":null,"rightotform":null,"totliabsharequi":3.79462119851E9,"settresedepo":null,"plac":null,"derifinaasset":null,"reinrece":null,"reincontrese":null,"purcresaasset":null,"cenbankborr":null,"deposit":null,"fdsborr":null,"deriliab":null,"sellrepasse":null,"copepoun":null,"insucontrese":null,"actitradsecu":null,"actiundesecu":null},{"compcode":"80166381","publishdate":"20150424","reportdate":"20141231","reporttype":"100111","adjustdate":"20150424","accstacode":"2","accstaname":"新会计准则","curfds":5.3806735012E8,"tradfinasset":null,"notesrece":5.4589454697E8,"accorece":4.1432516589E8,"prep":3.494127454E7,"premrece":null,"interece":null,"dividrece":null,"otherrece":3.546259867E7,"expotaxrebarece":null,"subsrece":null,"margrece":null,"intelrece":null,"inve":7.9939998157E8,"prepexpe":null,"unseg":null,"expinoncurrasset":null,"othercurrasse":2.102277275E7,"currassetitse":null,"currasseform":null,"totcurrasset":2.38911369051E9,"lendandloan":null,"avaisellasse":2.9484E7,"holdinvedue":null,"longrece":null,"equiinve":1.4653059214E8,"otherlonginve":null,"inveprop":null,"fixedasseimmo":1.00170352047E9,"accudepr":3.0571320197E8,"fixedassenetw":6.959903185E8,"fixedasseimpa":null,"fixedassenet":6.959903185E8,"consprog":6.978787146E7,"engimate":null,"fixedasseclea":null,"prodasse":null,"comasse":null,"hydrasset":null,"intaasset":2.6263874606E8,"deveexpe":null,"goodwill":null,"logprepexpe":8.2702424E7,"tradshartrad":null,"defetaxasset":1.745100371E7,"othernoncasse":6.250524452E7,"noncasseitse":null,"noncasseform":null,"totalnoncassets":1.36709020039E9,"totassetitse":null,"totalasseform":null,"totasset":3.7562038909E9,"shorttermborr":null,"tradfinliab":null,"notespaya":2.1956644189E8,"accopaya":5.7213409135E8,"advapaym":1.3580224629E8,"copeworkersal":4.085611793E7,"taxespaya":1.964905312E7,"intepaya":null,"divipaya":null,"otherfeepaya":null,"margrequ":null,"intelpay":null,"otherpay":7.414792689E7,"accrexpe":null,"expecurrliab":null,"copewithreinrece":null,"inteticksett":null,"dometicksett":null,"defereve":null,"shorttermbdspaya":null,"duenoncliab":null,"othercurreliabi":4.016369405E7,"currliabitse":null,"currliabform":null,"totalcurrliab":1.10231957152E9,"longborr":null,"bdspaya":null,"longpaya":null,"specpaya":null,"expenoncliab":2219509.16,"longdefeinco":7.118773733E7,"defeincotaxliab":null,"othernoncliabi":null,"longliabitse":null,"longliabform":null,"totalnoncliab":7.340724649E7,"totliabitse":null,"totliabform":null,"totliab":1.17572681801E9,"paidincapi":4.4E8,"capisurp":1.24897303656E9,"treastk":null,"specrese":null,"rese":8.098191259E7,"generiskrese":null,"unreinveloss":null,"undiprof":8.1239675083E8,"topaycashdivi":null,"curtrandiff":null,"sharrighitse":null,"sharrightform":null,"paresharrigh":2.58047707289E9,"minysharrigh":null,"righaggritse":null,"rightaggrform":null,"righaggr":2.58047707289E9,"rightotitse":null,"rightotform":null,"totliabsharequi":3.7562038909E9,"settresedepo":null,"plac":null,"derifinaasset":null,"reinrece":null,"reincontrese":null,"purcresaasset":null,"cenbankborr":null,"deposit":null,"fdsborr":null,"deriliab":null,"sellrepasse":null,"copepoun":null,"insucontrese":null,"actitradsecu":null,"actiundesecu":null},{"compcode":"80166381","publishdate":"20141023","reportdate":"20140930","reporttype":"100111","adjustdate":"20141023","accstacode":"2","accstaname":"新会计准则","curfds":8.3489776669E8,"tradfinasset":null,"notesrece":5.8014169567E8,"accorece":3.189112784E8,"prep":1.058969135E8,"premrece":null,"interece":null,"dividrece":null,"otherrece":3.683102395E7,"expotaxrebarece":null,"subsrece":null,"margrece":null,"intelrece":null,"inve":6.6503531503E8,"prepexpe":null,"unseg":null,"expinoncurrasset":null,"othercurrasse":null,"currassetitse":null,"currasseform":null,"totcurrasset":2.54171399324E9,"lendandloan":null,"avaisellasse":null,"holdinvedue":null,"longrece":null,"equiinve":1.3539041393E8,"otherlonginve":null,"inveprop":null,"fixedasseimmo":null,"accudepr":null,"fixedassenetw":null,"fixedasseimpa":null,"fixedassenet":6.8889488521E8,"consprog":4.643192882E7,"engimate":null,"fixedasseclea":null,"prodasse":null,"comasse":null,"hydrasset":null,"intaasset":2.6393225143E8,"deveexpe":null,"goodwill":null,"logprepexpe":5.975681796E7,"tradshartrad":null,"defetaxasset":1.339891265E7,"othernoncasse":null,"noncasseitse":null,"noncasseform":null,"totalnoncassets":1.20780521E9,"totassetitse":null,"totalasseform":null,"totasset":3.74951920324E9,"shorttermborr":null,"tradfinliab":null,"notespaya":2.4704920702E8,"accopaya":5.9632950139E8,"advapaym":9.316535849E7,"copeworkersal":2.079356551E7,"taxespaya":8821882.89,"intepaya":null,"divipaya":null,"otherfeepaya":null,"margrequ":null,"intelpay":null,"otherpay":5.766923545E7,"accrexpe":null,"expecurrliab":null,"copewithreinrece":null,"inteticksett":null,"dometicksett":null,"defereve":null,"shorttermbdspaya":null,"duenoncliab":null,"othercurreliabi":752182.93,"currliabitse":null,"currliabform":null,"totalcurrliab":1.02458093368E9,"longborr":null,"bdspaya":null,"longpaya":null,"specpaya":null,"expenoncliab":3439821.66,"longdefeinco":null,"defeincotaxliab":null,"othernoncliabi":7.14581221E7,"longliabitse":null,"longliabform":null,"totalnoncliab":7.489794376E7,"totliabitse":null,"totliabform":null,"totliab":1.09947887744E9,"paidincapi":4.4E8,"capisurp":1.24848003366E9,"treastk":null,"specrese":null,"rese":7.37494225E7,"generiskrese":null,"unreinveloss":null,"undiprof":8.8933682388E8,"topaycashdivi":null,"curtrandiff":-1525954.24,"sharrighitse":null,"sharrightform":null,"paresharrigh":2.6500403258E9,"minysharrigh":null,"righaggritse":null,"rightaggrform":null,"righaggr":2.6500403258E9,"rightotitse":null,"rightotform":null,"totliabsharequi":3.74951920324E9,"settresedepo":null,"plac":null,"derifinaasset":null,"reinrece":null,"reincontrese":null,"purcresaasset":null,"cenbankborr":null,"deposit":null,"fdsborr":null,"deriliab":null,"sellrepasse":null,"copepoun":null,"insucontrese":null,"actitradsecu":null,"actiundesecu":null},{"compcode":"80166381","publishdate":"20140822","reportdate":"20140630","reporttype":"100111","adjustdate":"20140822","accstacode":"2","accstaname":"新会计准则","curfds":8.9792086385E8,"tradfinasset":null,"notesrece":5.9413653088E8,"accorece":3.6791592633E8,"prep":9.560537895E7,"premrece":null,"interece":null,"dividrece":null,"otherrece":3.81320077E7,"expotaxrebarece":null,"subsrece":null,"margrece":null,"intelrece":null,"inve":6.2761168291E8,"prepexpe":null,"unseg":null,"expinoncurrasset":null,"othercurrasse":null,"currassetitse":null,"currasseform":null,"totcurrasset":2.62132239062E9,"lendandloan":null,"avaisellasse":null,"holdinvedue":null,"longrece":null,"equiinve":1.3315223525E8,"otherlonginve":null,"inveprop":null,"fixedasseimmo":9.6000804048E8,"accudepr":2.7035528768E8,"fixedassenetw":6.896527528E8,"fixedasseimpa":null,"fixedassenet":6.896527528E8,"consprog":2.612197882E7,"engimate":null,"fixedasseclea":null,"prodasse":null,"comasse":null,"hydrasset":null,"intaasset":2.1052652692E8,"deveexpe":null,"goodwill":null,"logprepexpe":7.708141613E7,"tradshartrad":null,"defetaxasset":1.373197726E7,"othernoncasse":null,"noncasseitse":null,"noncasseform":null,"totalnoncassets":1.15026688718E9,"totassetitse":null,"totalasseform":null,"totasset":3.7715892778E9,"shorttermborr":null,"tradfinliab":null,"notespaya":2.586421306E8,"accopaya":5.848908267E8,"advapaym":1.2340666825E8,"copeworkersal":2.052173659E7,"taxespaya":9887418.14,"intepaya":null,"divipaya":null,"otherfeepaya":null,"margrequ":null,"intelpay":null,"otherpay":8.411110617E7,"accrexpe":null,"expecurrliab":null,"copewithreinrece":null,"inteticksett":null,"dometicksett":null,"defereve":null,"shorttermbdspaya":null,"duenoncliab":null,"othercurreliabi":719736.28,"currliabitse":null,"currliabform":null,"totalcurrliab":1.08217962273E9,"longborr":null,"bdspaya":null,"longpaya":null,"specpaya":null,"expenoncliab":3090651.71,"longdefeinco":null,"defeincotaxliab":null,"othernoncliabi":7.168587211E7,"longliabitse":null,"longliabform":null,"totalnoncliab":7.477652382E7,"totliabitse":null,"totliabform":null,"totliab":1.15695614655E9,"paidincapi":4.4E8,"capisurp":1.26288425123E9,"treastk":null,"specrese":null,"rese":7.37494225E7,"generiskrese":null,"unreinveloss":null,"undiprof":8.2959780524E8,"topaycashdivi":null,"curtrandiff":-1879633.42,"sharrighitse":null,"sharrightform":null,"paresharrigh":2.60435184555E9,"minysharrigh":1.02812857E7,"righaggritse":null,"rightaggrform":null,"righaggr":2.61463313125E9,"rightotitse":null,"rightotform":null,"totliabsharequi":3.7715892778E9,"settresedepo":null,"plac":null,"derifinaasset":null,"reinrece":null,"reincontrese":null,"purcresaasset":null,"cenbankborr":null,"deposit":null,"fdsborr":null,"deriliab":null,"sellrepasse":null,"copepoun":null,"insucontrese":null,"actitradsecu":null,"actiundesecu":null},{"compcode":"80166381","publishdate":"20140424","reportdate":"20140331","reporttype":"100111","adjustdate":"20140424","accstacode":"2","accstaname":"新会计准则","curfds":8.6289142514E8,"tradfinasset":null,"notesrece":4.9335504677E8,"accorece":4.7816663178E8,"prep":8.894773709E7,"premrece":null,"interece":null,"dividrece":null,"otherrece":3.033390623E7,"expotaxrebarece":null,"subsrece":null,"margrece":null,"intelrece":null,"inve":5.5595127119E8,"prepexpe":null,"unseg":null,"expinoncurrasset":null,"othercurrasse":null,"currassetitse":null,"currasseform":null,"totcurrasset":2.5096460182E9,"lendandloan":null,"avaisellasse":null,"holdinvedue":null,"longrece":null,"equiinve":1.3507903822E8,"otherlonginve":null,"inveprop":null,"fixedasseimmo":null,"accudepr":null,"fixedassenetw":null,"fixedasseimpa":null,"fixedassenet":6.9744547656E8,"consprog":8625770.82,"engimate":null,"fixedasseclea":null,"prodasse":null,"comasse":null,"hydrasset":null,"intaasset":2.1089138346E8,"deveexpe":null,"goodwill":null,"logprepexpe":8.101565195E7,"tradshartrad":null,"defetaxasset":1.214115755E7,"othernoncasse":null,"noncasseitse":null,"noncasseform":null,"totalnoncassets":1.14519847856E9,"totassetitse":null,"totalasseform":null,"totasset":3.65484449676E9,"shorttermborr":null,"tradfinliab":null,"notespaya":2.2997921855E8,"accopaya":5.0025192917E8,"advapaym":8.392947257E7,"copeworkersal":1.90116053E7,"taxespaya":3.863619141E7,"intepaya":null,"divipaya":null,"otherfeepaya":null,"margrequ":null,"intelpay":null,"otherpay":5.286178328E7,"accrexpe":null,"expecurrliab":null,"copewithreinrece":null,"inteticksett":null,"dometicksett":null,"defereve":null,"shorttermbdspaya":null,"duenoncliab":null,"othercurreliabi":5.638737107E7,"currliabitse":null,"currliabform":null,"totalcurrliab":9.8105757135E8,"longborr":null,"bdspaya":null,"longpaya":null,"specpaya":null,"expenoncliab":3048094.39,"longdefeinco":null,"defeincotaxliab":null,"othernoncliabi":5.191362212E7,"longliabitse":null,"longliabform":null,"totalnoncliab":5.496171651E7,"totliabitse":null,"totliabform":null,"totliab":1.03601928786E9,"paidincapi":4.0E8,"capisurp":1.30288425123E9,"treastk":null,"specrese":null,"rese":5.619030234E7,"generiskrese":null,"unreinveloss":null,"undiprof":8.2255987932E8,"topaycashdivi":null,"curtrandiff":-1667001.78,"sharrighitse":null,"sharrightform":null,"paresharrigh":2.57996743111E9,"minysharrigh":3.885777779E7,"righaggritse":null,"rightaggrform":null,"righaggr":2.6188252089E9,"rightotitse":null,"rightotform":null,"totliabsharequi":3.65484449676E9,"settresedepo":null,"plac":null,"derifinaasset":null,"reinrece":null,"reincontrese":null,"purcresaasset":null,"cenbankborr":null,"deposit":null,"fdsborr":null,"deriliab":null,"sellrepasse":null,"copepoun":null,"insucontrese":null,"actitradsecu":null,"actiundesecu":null},{"compcode":"80166381","publishdate":"20140424","reportdate":"20131231","reporttype":"100111","adjustdate":"20140424","accstacode":"2","accstaname":"新会计准则","curfds":7.5895270154E8,"tradfinasset":null,"notesrece":4.9941058592E8,"accorece":3.3600269976E8,"prep":8.298418443E7,"premrece":null,"interece":null,"dividrece":null,"otherrece":3.152338124E7,"expotaxrebarece":null,"subsrece":null,"margrece":null,"intelrece":null,"inve":6.9622951338E8,"prepexpe":null,"unseg":null,"expinoncurrasset":null,"othercurrasse":null,"currassetitse":null,"currasseform":null,"totcurrasset":2.40510306627E9,"lendandloan":null,"avaisellasse":null,"holdinvedue":null,"longrece":null,"equiinve":1.2867952008E8,"otherlonginve":null,"inveprop":null,"fixedasseimmo":9.3285954573E8,"accudepr":2.3219389175E8,"fixedassenetw":7.0066565398E8,"fixedasseimpa":null,"fixedassenet":7.0066565398E8,"consprog":3857350.32,"engimate":null,"fixedasseclea":null,"prodasse":null,"comasse":null,"hydrasset":null,"intaasset":2.1141197245E8,"deveexpe":null,"goodwill":null,"logprepexpe":9.590292919E7,"tradshartrad":null,"defetaxasset":1.214115755E7,"othernoncasse":null,"noncasseitse":null,"noncasseform":null,"totalnoncassets":1.15265858357E9,"totassetitse":null,"totalasseform":null,"totasset":3.55776164984E9,"shorttermborr":0.0,"tradfinliab":null,"notespaya":1.9034272841E8,"accopaya":5.7300186691E8,"advapaym":9.714406772E7,"copeworkersal":3.42891085E7,"taxespaya":1.553685729E7,"intepaya":null,"divipaya":null,"otherfeepaya":null,"margrequ":null,"intelpay":null,"otherpay":6.397514144E7,"accrexpe":null,"expecurrliab":null,"copewithreinrece":null,"inteticksett":null,"dometicksett":null,"defereve":null,"shorttermbdspaya":null,"duenoncliab":null,"othercurreliabi":808135.72,"currliabitse":null,"currliabform":null,"totalcurrliab":9.7509790599E8,"longborr":null,"bdspaya":null,"longpaya":null,"specpaya":null,"expenoncliab":1747216.08,"longdefeinco":null,"defeincotaxliab":null,"othernoncliabi":4.579137213E7,"longliabitse":null,"longliabform":null,"totalnoncliab":4.753858821E7,"totliabitse":null,"totliabform":null,"totliab":1.0226364942E9,"paidincapi":4.0E8,"capisurp":1.30288425123E9,"treastk":null,"specrese":null,"rese":5.619030234E7,"generiskrese":null,"unreinveloss":null,"undiprof":7.4030200586E8,"topaycashdivi":null,"curtrandiff":-1901050.47,"sharrighitse":null,"sharrightform":null,"paresharrigh":2.49747550896E9,"minysharrigh":3.764964668E7,"righaggritse":null,"rightaggrform":null,"righaggr":2.53512515564E9,"rightotitse":null,"rightotform":null,"totliabsharequi":3.55776164984E9,"settresedepo":null,"plac":null,"derifinaasset":null,"reinrece":null,"reincontrese":null,"purcresaasset":null,"cenbankborr":null,"deposit":null,"fdsborr":null,"deriliab":null,"sellrepasse":null,"copepoun":null,"insucontrese":null,"actitradsecu":null,"actiundesecu":null},{"compcode":"80166381","publishdate":"20131029","reportdate":"20130930","reporttype":"100111","adjustdate":"20131029","accstacode":"2","accstaname":"新会计准则","curfds":9.2872158309E8,"tradfinasset":null,"notesrece":4.4632952184E8,"accorece":3.0864358459E8,"prep":1.0711230948E8,"premrece":null,"interece":null,"dividrece":null,"otherrece":3.190926424E7,"expotaxrebarece":null,"subsrece":null,"margrece":null,"intelrece":null,"inve":5.5513158275E8,"prepexpe":null,"unseg":null,"expinoncurrasset":null,"othercurrasse":null,"currassetitse":null,"currasseform":null,"totcurrasset":2.37784784599E9,"lendandloan":null,"avaisellasse":null,"holdinvedue":null,"longrece":null,"equiinve":1.242542356E8,"otherlonginve":null,"inveprop":null,"fixedasseimmo":null,"accudepr":null,"fixedassenetw":null,"fixedasseimpa":null,"fixedassenet":6.677394636E8,"consprog":8811693.23,"engimate":null,"fixedasseclea":null,"prodasse":null,"comasse":null,"hydrasset":null,"intaasset":2.1097352807E8,"deveexpe":null,"goodwill":null,"logprepexpe":8.263765114E7,"tradshartrad":null,"defetaxasset":1.229345062E7,"othernoncasse":null,"noncasseitse":null,"noncasseform":null,"totalnoncassets":1.10671002226E9,"totassetitse":null,"totalasseform":null,"totasset":3.48455786825E9,"shorttermborr":3.055556E7,"tradfinliab":null,"notespaya":1.7228616605E8,"accopaya":5.0829253997E8,"advapaym":9.804830775E7,"copeworkersal":1.594173668E7,"taxespaya":3.051553318E7,"intepaya":null,"divipaya":null,"otherfeepaya":null,"margrequ":null,"intelpay":null,"otherpay":4.421403743E7,"accrexpe":null,"expecurrliab":null,"copewithreinrece":null,"inteticksett":null,"dometicksett":null,"defereve":null,"shorttermbdspaya":null,"duenoncliab":null,"othercurreliabi":4.266544954E7,"currliabitse":null,"currliabform":null,"totalcurrliab":9.425193306E8,"longborr":null,"bdspaya":null,"longpaya":null,"specpaya":null,"expenoncliab":3138526.6,"longdefeinco":null,"defeincotaxliab":null,"othernoncliabi":4.62456433E7,"longliabitse":null,"longliabform":null,"totalnoncliab":4.93841699E7,"totliabitse":null,"totliabform":null,"totliab":9.919035005E8,"paidincapi":4.0E8,"capisurp":1.30288425123E9,"treastk":null,"specrese":null,"rese":4.185754671E7,"generiskrese":null,"unreinveloss":null,"undiprof":7.121858202E8,"topaycashdivi":null,"curtrandiff":-1769623.69,"sharrighitse":null,"sharrightform":null,"paresharrigh":2.45515799445E9,"minysharrigh":3.74963733E7,"righaggritse":null,"rightaggrform":null,"righaggr":2.49265436775E9,"rightotitse":null,"rightotform":null,"totliabsharequi":3.48455786825E9,"settresedepo":null,"plac":null,"derifinaasset":null,"reinrece":null,"reincontrese":null,"purcresaasset":null,"cenbankborr":null,"deposit":null,"fdsborr":null,"deriliab":null,"sellrepasse":null,"copepoun":null,"insucontrese":null,"actitradsecu":null,"actiundesecu":null},{"compcode":"80166381","publishdate":"20130827","reportdate":"20130630","reporttype":"100111","adjustdate":"20130827","accstacode":"2","accstaname":"新会计准则","curfds":7.6843462588E8,"tradfinasset":null,"notesrece":4.1300297854E8,"accorece":3.9383560931E8,"prep":6.757981074E7,"premrece":null,"interece":null,"dividrece":null,"otherrece":3.344720415E7,"expotaxrebarece":null,"subsrece":null,"margrece":null,"intelrece":null,"inve":4.8555398309E8,"prepexpe":null,"unseg":null,"expinoncurrasset":null,"othercurrasse":4.1E7,"currassetitse":null,"currasseform":null,"totcurrasset":2.20285421171E9,"lendandloan":null,"avaisellasse":null,"holdinvedue":null,"longrece":null,"equiinve":1.2223667196E8,"otherlonginve":null,"inveprop":null,"fixedasseimmo":8.6263707983E8,"accudepr":2.0124107259E8,"fixedassenetw":6.6139600724E8,"fixedasseimpa":null,"fixedassenet":6.6139600724E8,"consprog":4759487.11,"engimate":null,"fixedasseclea":null,"prodasse":null,"comasse":null,"hydrasset":null,"intaasset":1.6930561354E8,"deveexpe":null,"goodwill":null,"logprepexpe":8.088349743E7,"tradshartrad":null,"defetaxasset":9536362.34,"othernoncasse":4.0182252E7,"noncasseitse":null,"noncasseform":null,"totalnoncassets":1.08829989162E9,"totassetitse":null,"totalasseform":null,"totasset":3.29115410333E9,"shorttermborr":3.0708139E7,"tradfinliab":null,"notespaya":1.2747317291E8,"accopaya":4.9791201293E8,"advapaym":8.26647005E7,"copeworkersal":1.547149743E7,"taxespaya":1.582942366E7,"intepaya":null,"divipaya":null,"otherfeepaya":null,"margrequ":null,"intelpay":null,"otherpay":3.914334719E7,"accrexpe":null,"expecurrliab":null,"copewithreinrece":null,"inteticksett":null,"dometicksett":null,"defereve":null,"shorttermbdspaya":null,"duenoncliab":null,"othercurreliabi":865525.41,"currliabitse":null,"currliabform":null,"totalcurrliab":8.1006781903E8,"longborr":null,"bdspaya":null,"longpaya":null,"specpaya":null,"expenoncliab":1155898.84,"longdefeinco":null,"defeincotaxliab":null,"othernoncliabi":4.645023331E7,"longliabitse":null,"longliabform":null,"totalnoncliab":4.760613215E7,"totliabitse":null,"totliabform":null,"totliab":8.5767395118E8,"paidincapi":4.0E8,"capisurp":1.30288425123E9,"treastk":null,"specrese":null,"rese":4.185754671E7,"generiskrese":null,"unreinveloss":null,"undiprof":6.5347524538E8,"topaycashdivi":null,"curtrandiff":-1628278.99,"sharrighitse":null,"sharrightform":null,"paresharrigh":2.39658876433E9,"minysharrigh":3.689138782E7,"righaggritse":null,"rightaggrform":null,"righaggr":2.43348015215E9,"rightotitse":null,"rightotform":null,"totliabsharequi":3.29115410333E9,"settresedepo":null,"plac":null,"derifinaasset":null,"reinrece":null,"reincontrese":null,"purcresaasset":null,"cenbankborr":null,"deposit":null,"fdsborr":null,"deriliab":null,"sellrepasse":null,"copepoun":null,"insucontrese":null,"actitradsecu":null,"actiundesecu":null},{"compcode":"80166381","publishdate":"20130425","reportdate":"20130331","reporttype":"100111","adjustdate":"20130425","accstacode":"2","accstaname":"新会计准则","curfds":8.2119576483E8,"tradfinasset":null,"notesrece":4.0784515189E8,"accorece":2.3942514877E8,"prep":1.1338795317E8,"premrece":null,"interece":null,"dividrece":null,"otherrece":1.110674036E7,"expotaxrebarece":null,"subsrece":null,"margrece":null,"intelrece":null,"inve":5.0008124532E8,"prepexpe":null,"unseg":null,"expinoncurrasset":null,"othercurrasse":null,"currassetitse":null,"currasseform":null,"totcurrasset":2.09304200434E9,"lendandloan":null,"avaisellasse":null,"holdinvedue":null,"longrece":null,"equiinve":1.2014411908E8,"otherlonginve":null,"inveprop":null,"fixedasseimmo":null,"accudepr":null,"fixedassenetw":null,"fixedasseimpa":null,"fixedassenet":6.659766301E8,"consprog":3255218.28,"engimate":null,"fixedasseclea":null,"prodasse":null,"comasse":null,"hydrasset":null,"intaasset":1.7050451072E8,"deveexpe":null,"goodwill":null,"logprepexpe":8.286534637E7,"tradshartrad":null,"defetaxasset":1.222259171E7,"othernoncasse":null,"noncasseitse":null,"noncasseform":null,"totalnoncassets":1.05496841626E9,"totassetitse":null,"totalasseform":null,"totasset":3.1480104206E9,"shorttermborr":null,"tradfinliab":null,"notespaya":8.310555899E7,"accopaya":4.5684610657E8,"advapaym":9.660614333E7,"copeworkersal":1.599605061E7,"taxespaya":4909380.23,"intepaya":null,"divipaya":null,"otherfeepaya":null,"margrequ":null,"intelpay":null,"otherpay":3.582503885E7,"accrexpe":null,"expecurrliab":null,"copewithreinrece":null,"inteticksett":null,"dometicksett":null,"defereve":null,"shorttermbdspaya":null,"duenoncliab":null,"othercurreliabi":3.084963955E7,"currliabitse":null,"currliabform":null,"totalcurrliab":7.2413791813E8,"longborr":null,"bdspaya":null,"longpaya":null,"specpaya":null,"expenoncliab":2392194.13,"longdefeinco":null,"defeincotaxliab":null,"othernoncliabi":8632623.33,"longliabitse":null,"longliabform":null,"totalnoncliab":1.102481746E7,"totliabitse":null,"totliabform":null,"totliab":7.3516273559E8,"paidincapi":2.0E8,"capisurp":1.50288425123E9,"treastk":null,"specrese":null,"rese":4.185754671E7,"generiskrese":null,"unreinveloss":null,"undiprof":6.3305416463E8,"topaycashdivi":null,"curtrandiff":-1437066.46,"sharrighitse":null,"sharrightform":null,"paresharrigh":2.37635889611E9,"minysharrigh":3.64887889E7,"righaggritse":null,"rightaggrform":null,"righaggr":2.41284768501E9,"rightotitse":null,"rightotform":null,"totliabsharequi":3.1480104206E9,"settresedepo":null,"plac":null,"derifinaasset":null,"reinrece":null,"reincontrese":null,"purcresaasset":null,"cenbankborr":null,"deposit":null,"fdsborr":null,"deriliab":null,"sellrepasse":null,"copepoun":null,"insucontrese":null,"actitradsecu":null,"actiundesecu":null},{"compcode":"80166381","publishdate":"20130425","reportdate":"20121231","reporttype":"100111","adjustdate":"20130425","accstacode":"2","accstaname":"新会计准则","curfds":8.1832024545E8,"tradfinasset":null,"notesrece":4.8890783479E8,"accorece":2.6558121972E8,"prep":8.824450763E7,"premrece":null,"interece":null,"dividrece":null,"otherrece":6899072.88,"expotaxrebarece":null,"subsrece":null,"margrece":null,"intelrece":null,"inve":5.2401081167E8,"prepexpe":null,"unseg":null,"expinoncurrasset":null,"othercurrasse":null,"currassetitse":null,"currasseform":null,"totcurrasset":2.19196369214E9,"lendandloan":null,"avaisellasse":null,"holdinvedue":null,"longrece":null,"equiinve":1.222787541E7,"otherlonginve":null,"inveprop":null,"fixedasseimmo":8.1312075467E8,"accudepr":1.6861461405E8,"fixedassenetw":6.4450614062E8,"fixedasseimpa":null,"fixedassenet":6.4450614062E8,"consprog":395897.1,"engimate":null,"fixedasseclea":null,"prodasse":null,"comasse":null,"hydrasset":null,"intaasset":1.7114323266E8,"deveexpe":null,"goodwill":null,"logprepexpe":9.393052718E7,"tradshartrad":null,"defetaxasset":1.222259171E7,"othernoncasse":null,"noncasseitse":null,"noncasseform":null,"totalnoncassets":9.3442626468E8,"totassetitse":null,"totalasseform":null,"totasset":3.12638995682E9,"shorttermborr":362787.37,"tradfinliab":null,"notespaya":8.354409721E7,"accopaya":5.2096846979E8,"advapaym":9.968006213E7,"copeworkersal":2.307966907E7,"taxespaya":1265119.99,"intepaya":null,"divipaya":null,"otherfeepaya":null,"margrequ":null,"intelpay":null,"otherpay":3.851350996E7,"accrexpe":null,"expecurrliab":null,"copewithreinrece":null,"inteticksett":null,"dometicksett":null,"defereve":null,"shorttermbdspaya":null,"duenoncliab":null,"othercurreliabi":1086188.69,"currliabitse":null,"currliabform":null,"totalcurrliab":7.6849990421E8,"longborr":0.0,"bdspaya":null,"longpaya":null,"specpaya":null,"expenoncliab":1610358.02,"longdefeinco":null,"defeincotaxliab":0.0,"othernoncliabi":8837213.34,"longliabitse":null,"longliabform":null,"totalnoncliab":1.044757136E7,"totliabitse":null,"totliabform":null,"totliab":7.7894747557E8,"paidincapi":2.0E8,"capisurp":1.50288425123E9,"treastk":null,"specrese":null,"rese":4.185754671E7,"generiskrese":null,"unreinveloss":null,"undiprof":5.6691767232E8,"topaycashdivi":null,"curtrandiff":-1430247.53,"sharrighitse":null,"sharrightform":null,"paresharrigh":2.31022922273E9,"minysharrigh":3.721325852E7,"righaggritse":null,"rightaggrform":null,"righaggr":2.34744248125E9,"rightotitse":null,"rightotform":null,"totliabsharequi":3.12638995682E9,"settresedepo":null,"plac":null,"derifinaasset":null,"reinrece":null,"reincontrese":null,"purcresaasset":null,"cenbankborr":null,"deposit":null,"fdsborr":null,"deriliab":null,"sellrepasse":null,"copepoun":null,"insucontrese":null,"actitradsecu":null,"actiundesecu":null},{"compcode":"80166381","publishdate":"20121029","reportdate":"20120930","reporttype":"100111","adjustdate":"20121029","accstacode":"2","accstaname":"新会计准则","curfds":8.3870043123E8,"tradfinasset":null,"notesrece":5.0677887153E8,"accorece":2.0293156709E8,"prep":1.1715401212E8,"premrece":null,"interece":null,"dividrece":null,"otherrece":9498985.77,"expotaxrebarece":null,"subsrece":null,"margrece":null,"intelrece":null,"inve":4.2605057496E8,"prepexpe":null,"unseg":null,"expinoncurrasset":null,"othercurrasse":null,"currassetitse":null,"currasseform":null,"totcurrasset":2.1011144427E9,"lendandloan":null,"avaisellasse":null,"holdinvedue":null,"longrece":null,"equiinve":1.220332279E7,"otherlonginve":null,"inveprop":null,"fixedasseimmo":null,"accudepr":null,"fixedassenetw":null,"fixedasseimpa":null,"fixedassenet":5.4425638324E8,"consprog":4.997336871E7,"engimate":null,"fixedasseclea":null,"prodasse":null,"comasse":null,"hydrasset":null,"intaasset":1.7059506547E8,"deveexpe":1500000.0,"goodwill":null,"logprepexpe":7.264406868E7,"tradshartrad":null,"defetaxasset":7057439.95,"othernoncasse":null,"noncasseitse":null,"noncasseform":null,"totalnoncassets":8.5822964884E8,"totassetitse":null,"totalasseform":null,"totasset":2.95934409154E9,"shorttermborr":null,"tradfinliab":null,"notespaya":7.365270443E7,"accopaya":4.1426029308E8,"advapaym":1.0013961132E8,"copeworkersal":1.399476454E7,"taxespaya":1.220134058E7,"intepaya":null,"divipaya":null,"otherfeepaya":null,"margrequ":null,"intelpay":null,"otherpay":3.130192157E7,"accrexpe":null,"expecurrliab":null,"copewithreinrece":null,"inteticksett":null,"dometicksett":null,"defereve":null,"shorttermbdspaya":null,"duenoncliab":null,"othercurreliabi":3426530.75,"currliabitse":null,"currliabform":null,"totalcurrliab":6.4897716627E8,"longborr":null,"bdspaya":null,"longpaya":null,"specpaya":null,"expenoncliab":2894353.09,"longdefeinco":null,"defeincotaxliab":null,"othernoncliabi":null,"longliabitse":null,"longliabform":null,"totalnoncliab":2894353.09,"totliabitse":null,"totliabform":null,"totliab":6.5187151936E8,"paidincapi":2.0E8,"capisurp":1.50288425123E9,"treastk":null,"specrese":null,"rese":3.705805677E7,"generiskrese":null,"unreinveloss":null,"undiprof":5.3178588294E8,"topaycashdivi":null,"curtrandiff":-1408187.33,"sharrighitse":null,"sharrightform":null,"paresharrigh":2.27032000361E9,"minysharrigh":3.715256857E7,"righaggritse":null,"rightaggrform":null,"righaggr":2.30747257218E9,"rightotitse":null,"rightotform":null,"totliabsharequi":2.95934409154E9,"settresedepo":null,"plac":null,"derifinaasset":null,"reinrece":null,"reincontrese":null,"purcresaasset":null,"cenbankborr":null,"deposit":null,"fdsborr":null,"deriliab":null,"sellrepasse":null,"copepoun":null,"insucontrese":null,"actitradsecu":null,"actiundesecu":null},{"compcode":"80166381","publishdate":"20120829","reportdate":"20120630","reporttype":"100111","adjustdate":"20120829","accstacode":"2","accstaname":"新会计准则","curfds":8.8780035515E8,"tradfinasset":null,"notesrece":4.8748585577E8,"accorece":2.2812559638E8,"prep":1.0670562041E8,"premrece":null,"interece":null,"dividrece":null,"otherrece":1.124958538E7,"expotaxrebarece":null,"subsrece":null,"margrece":null,"intelrece":null,"inve":4.248480797E8,"prepexpe":null,"unseg":null,"expinoncurrasset":null,"othercurrasse":null,"currassetitse":null,"currasseform":null,"totcurrasset":2.14621509279E9,"lendandloan":null,"avaisellasse":null,"holdinvedue":null,"longrece":null,"equiinve":1.220332279E7,"otherlonginve":null,"inveprop":null,"fixedasseimmo":5.7637359697E8,"accudepr":1.422116285E8,"fixedassenetw":4.3416196847E8,"fixedasseimpa":null,"fixedassenet":4.3416196847E8,"consprog":1.2608063476E8,"engimate":null,"fixedasseclea":null,"prodasse":null,"comasse":null,"hydrasset":null,"intaasset":1.7035436758E8,"deveexpe":null,"goodwill":null,"logprepexpe":6.184055103E7,"tradshartrad":null,"defetaxasset":6124557.18,"othernoncasse":null,"noncasseitse":null,"noncasseform":null,"totalnoncassets":8.1076540181E8,"totassetitse":null,"totalasseform":null,"totasset":2.9569804946E9,"shorttermborr":null,"tradfinliab":null,"notespaya":6.967475453E7,"accopaya":4.1514443591E8,"advapaym":9.785081441E7,"copeworkersal":1.35167864E7,"taxespaya":7689802.36,"intepaya":null,"divipaya":6.0E7,"otherfeepaya":null,"margrequ":null,"intelpay":null,"otherpay":3.424070487E7,"accrexpe":null,"expecurrliab":null,"copewithreinrece":null,"inteticksett":null,"dometicksett":null,"defereve":null,"shorttermbdspaya":null,"duenoncliab":null,"othercurreliabi":447598.09,"currliabitse":null,"currliabform":null,"totalcurrliab":6.9856489657E8,"longborr":null,"bdspaya":null,"longpaya":null,"specpaya":null,"expenoncliab":2356659.4,"longdefeinco":null,"defeincotaxliab":null,"othernoncliabi":null,"longliabitse":null,"longliabform":null,"totalnoncliab":2356659.4,"totliabitse":null,"totliabform":null,"totliab":7.0092155597E8,"paidincapi":2.0E8,"capisurp":1.50288425123E9,"treastk":null,"specrese":null,"rese":3.705805677E7,"generiskrese":null,"unreinveloss":null,"undiprof":4.8162997727E8,"topaycashdivi":null,"curtrandiff":-1327192.53,"sharrighitse":null,"sharrightform":null,"paresharrigh":2.22024509274E9,"minysharrigh":3.581384589E7,"righaggritse":null,"rightaggrform":null,"righaggr":2.25605893863E9,"rightotitse":null,"rightotform":null,"totliabsharequi":2.9569804946E9,"settresedepo":null,"plac":null,"derifinaasset":null,"reinrece":null,"reincontrese":null,"purcresaasset":null,"cenbankborr":null,"deposit":null,"fdsborr":null,"deriliab":null,"sellrepasse":null,"copepoun":null,"insucontrese":null,"actitradsecu":null,"actiundesecu":null},{"compcode":"80166381","publishdate":"20120423","reportdate":"20120331","reporttype":"100111","adjustdate":"20120423","accstacode":"2","accstaname":"新会计准则","curfds":9.1548306085E8,"tradfinasset":null,"notesrece":4.5012980776E8,"accorece":2.484944606E8,"prep":1.1763114293E8,"premrece":null,"interece":null,"dividrece":null,"otherrece":1.20664469E7,"expotaxrebarece":null,"subsrece":null,"margrece":null,"intelrece":null,"inve":4.0250732022E8,"prepexpe":null,"unseg":null,"expinoncurrasset":null,"othercurrasse":null,"currassetitse":null,"currasseform":null,"totcurrasset":2.14631223926E9,"lendandloan":null,"avaisellasse":null,"holdinvedue":null,"longrece":null,"equiinve":9824467.49,"otherlonginve":null,"inveprop":null,"fixedasseimmo":null,"accudepr":null,"fixedassenetw":null,"fixedasseimpa":null,"fixedassenet":3.8761722634E8,"consprog":1.1058700162E8,"engimate":null,"fixedasseclea":null,"prodasse":null,"comasse":null,"hydrasset":null,"intaasset":1.7130724046E8,"deveexpe":null,"goodwill":null,"logprepexpe":6.062395216E7,"tradshartrad":null,"defetaxasset":6559102.13,"othernoncasse":null,"noncasseitse":null,"noncasseform":null,"totalnoncassets":7.465189902E8,"totassetitse":null,"totalasseform":null,"totasset":2.89283122946E9,"shorttermborr":null,"tradfinliab":null,"notespaya":9.48989832E7,"accopaya":3.8793543367E8,"advapaym":6.655769859E7,"copeworkersal":1.238329628E7,"taxespaya":2.165212708E7,"intepaya":null,"divipaya":null,"otherfeepaya":null,"margrequ":null,"intelpay":null,"otherpay":3.124024685E7,"accrexpe":null,"expecurrliab":null,"copewithreinrece":null,"inteticksett":null,"dometicksett":null,"defereve":null,"shorttermbdspaya":null,"duenoncliab":null,"othercurreliabi":3.075519634E7,"currliabitse":null,"currliabform":null,"totalcurrliab":6.4542298201E8,"longborr":null,"bdspaya":null,"longpaya":null,"specpaya":null,"expenoncliab":null,"longdefeinco":null,"defeincotaxliab":null,"othernoncliabi":null,"longliabitse":null,"longliabform":null,"totalnoncliab":0.0,"totliabitse":null,"totliabform":null,"totliab":6.4542298201E8,"paidincapi":2.0E8,"capisurp":1.50288425123E9,"treastk":null,"specrese":null,"rese":2.901478441E7,"generiskrese":null,"unreinveloss":null,"undiprof":4.8228912176E8,"topaycashdivi":null,"curtrandiff":-1428469.74,"sharrighitse":null,"sharrightform":null,"paresharrigh":2.21275968766E9,"minysharrigh":3.464855979E7,"righaggritse":null,"rightaggrform":null,"righaggr":2.24740824745E9,"rightotitse":null,"rightotform":null,"totliabsharequi":2.89283122946E9,"settresedepo":null,"plac":null,"derifinaasset":null,"reinrece":null,"reincontrese":null,"purcresaasset":null,"cenbankborr":null,"deposit":null,"fdsborr":null,"deriliab":null,"sellrepasse":null,"copepoun":null,"insucontrese":null,"actitradsecu":null,"actiundesecu":null},{"compcode":"80166381","publishdate":"20120423","reportdate":"20111231","reporttype":"100111","adjustdate":"20120423","accstacode":"2","accstaname":"新会计准则","curfds":9.7850895467E8,"tradfinasset":null,"notesrece":3.2315508243E8,"accorece":2.2681556563E8,"prep":9.447809733E7,"premrece":null,"interece":null,"dividrece":null,"otherrece":9075412.07,"expotaxrebarece":null,"subsrece":null,"margrece":null,"intelrece":null,"inve":4.7533609695E8,"prepexpe":null,"unseg":null,"expinoncurrasset":null,"othercurrasse":null,"currassetitse":null,"currasseform":null,"totcurrasset":2.10736920908E9,"lendandloan":null,"avaisellasse":null,"holdinvedue":null,"longrece":null,"equiinve":9888911.48,"otherlonginve":null,"inveprop":null,"fixedasseimmo":4.9930986394E8,"accudepr":1.2163088534E8,"fixedassenetw":3.776789786E8,"fixedasseimpa":null,"fixedassenet":3.776789786E8,"consprog":7.900596622E7,"engimate":null,"fixedasseclea":null,"prodasse":null,"comasse":null,"hydrasset":null,"intaasset":1.2251430068E8,"deveexpe":null,"goodwill":null,"logprepexpe":5.600809819E7,"tradshartrad":null,"defetaxasset":6559102.13,"othernoncasse":null,"noncasseitse":null,"noncasseform":null,"totalnoncassets":6.516553573E8,"totassetitse":null,"totalasseform":null,"totasset":2.75902456638E9,"shorttermborr":null,"tradfinliab":null,"notespaya":3.377982643E7,"accopaya":4.438892034E8,"advapaym":6.048940697E7,"copeworkersal":1.397921595E7,"taxespaya":-5215872.16,"intepaya":null,"divipaya":null,"otherfeepaya":null,"margrequ":null,"intelpay":null,"otherpay":2.425834427E7,"accrexpe":null,"expecurrliab":null,"copewithreinrece":null,"inteticksett":null,"dometicksett":null,"defereve":null,"shorttermbdspaya":null,"duenoncliab":null,"othercurreliabi":1096612.18,"currliabitse":null,"currliabform":null,"totalcurrliab":5.7227673704E8,"longborr":null,"bdspaya":null,"longpaya":null,"specpaya":null,"expenoncliab":null,"longdefeinco":null,"defeincotaxliab":null,"othernoncliabi":null,"longliabitse":null,"longliabform":null,"totalnoncliab":0.0,"totliabitse":null,"totliabform":null,"totliab":5.7227673704E8,"paidincapi":2.0E8,"capisurp":1.50288425123E9,"treastk":null,"specrese":null,"rese":2.901478441E7,"generiskrese":null,"unreinveloss":null,"undiprof":4.2301690807E8,"topaycashdivi":null,"curtrandiff":-1430247.52,"sharrighitse":null,"sharrightform":null,"paresharrigh":2.15348569619E9,"minysharrigh":3.326213315E7,"righaggritse":null,"rightaggrform":null,"righaggr":2.18674782934E9,"rightotitse":null,"rightotform":null,"totliabsharequi":2.75902456638E9,"settresedepo":null,"plac":null,"derifinaasset":null,"reinrece":null,"reincontrese":null,"purcresaasset":null,"cenbankborr":null,"deposit":null,"fdsborr":null,"deriliab":null,"sellrepasse":null,"copepoun":null,"insucontrese":null,"actitradsecu":null,"actiundesecu":null},{"compcode":"80166381","publishdate":"20111027","reportdate":"20110930","reporttype":"100111","adjustdate":"20111027","accstacode":"2","accstaname":"新会计准则","curfds":1.18046428682E9,"tradfinasset":null,"notesrece":3.5151788608E8,"accorece":1.8772905876E8,"prep":6.920890784E7,"premrece":null,"interece":null,"dividrece":null,"otherrece":1.311327287E7,"expotaxrebarece":null,"subsrece":null,"margrece":null,"intelrece":null,"inve":3.4740554008E8,"prepexpe":null,"unseg":null,"expinoncurrasset":null,"othercurrasse":2502500.06,"currassetitse":null,"currasseform":null,"totcurrasset":2.15194145251E9,"lendandloan":null,"avaisellasse":null,"holdinvedue":null,"longrece":null,"equiinve":9934319.55,"otherlonginve":null,"inveprop":null,"fixedasseimmo":null,"accudepr":null,"fixedassenetw":null,"fixedasseimpa":null,"fixedassenet":3.1116512458E8,"consprog":6.497971887E7,"engimate":null,"fixedasseclea":87579.17,"prodasse":null,"comasse":null,"hydrasset":null,"intaasset":1.1866486059E8,"deveexpe":null,"goodwill":null,"logprepexpe":3.475357907E7,"tradshartrad":null,"defetaxasset":1497028.15,"othernoncasse":null,"noncasseitse":null,"noncasseform":null,"totalnoncassets":5.4108220998E8,"totassetitse":null,"totalasseform":null,"totasset":2.69302366249E9,"shorttermborr":null,"tradfinliab":null,"notespaya":6.279967649E7,"accopaya":3.8341727299E8,"advapaym":3.96335049E7,"copeworkersal":1.376488718E7,"taxespaya":1.618518461E7,"intepaya":null,"divipaya":null,"otherfeepaya":null,"margrequ":null,"intelpay":null,"otherpay":2.269160144E7,"accrexpe":null,"expecurrliab":null,"copewithreinrece":null,"inteticksett":null,"dometicksett":null,"defereve":null,"shorttermbdspaya":null,"duenoncliab":null,"othercurreliabi":4915481.61,"currliabitse":null,"currliabform":null,"totalcurrliab":5.4340760922E8,"longborr":null,"bdspaya":null,"longpaya":null,"specpaya":null,"expenoncliab":null,"longdefeinco":null,"defeincotaxliab":null,"othernoncliabi":null,"longliabitse":null,"longliabform":null,"totalnoncliab":0.0,"totliabitse":null,"totliabform":null,"totliab":5.4340760922E8,"paidincapi":2.0E8,"capisurp":1.50288425123E9,"treastk":null,"specrese":null,"rese":1.656087256E7,"generiskrese":null,"unreinveloss":null,"undiprof":3.9882963022E8,"topaycashdivi":null,"curtrandiff":-229706.5,"sharrighitse":null,"sharrightform":null,"paresharrigh":2.11804504751E9,"minysharrigh":3.157100576E7,"righaggritse":null,"rightaggrform":null,"righaggr":2.14961605327E9,"rightotitse":null,"rightotform":null,"totliabsharequi":2.69302366249E9,"settresedepo":null,"plac":null,"derifinaasset":null,"reinrece":null,"reincontrese":null,"purcresaasset":null,"cenbankborr":null,"deposit":null,"fdsborr":null,"deriliab":null,"sellrepasse":null,"copepoun":null,"insucontrese":null,"actitradsecu":null,"actiundesecu":null},{"compcode":"80166381","publishdate":"20110822","reportdate":"20110630","reporttype":"100111","adjustdate":"20110822","accstacode":"2","accstaname":"新会计准则","curfds":1.28444667793E9,"tradfinasset":null,"notesrece":3.1433438247E8,"accorece":1.592961919E8,"prep":7.17740376E7,"premrece":null,"interece":null,"dividrece":null,"otherrece":4116325.0,"expotaxrebarece":null,"subsrece":null,"margrece":null,"intelrece":null,"inve":3.2637766351E8,"prepexpe":null,"unseg":null,"expinoncurrasset":null,"othercurrasse":5005000.04,"currassetitse":null,"currasseform":null,"totcurrasset":2.16535027845E9,"lendandloan":null,"avaisellasse":null,"holdinvedue":null,"longrece":null,"equiinve":9934319.55,"otherlonginve":null,"inveprop":null,"fixedasseimmo":4.0523832917E8,"accudepr":9.993604876E7,"fixedassenetw":3.0530228041E8,"fixedasseimpa":null,"fixedassenet":3.0530228041E8,"consprog":4.697108552E7,"engimate":null,"fixedasseclea":87579.17,"prodasse":null,"comasse":null,"hydrasset":null,"intaasset":1.1947025671E8,"deveexpe":null,"goodwill":null,"logprepexpe":1.413738238E7,"tradshartrad":null,"defetaxasset":1497028.15,"othernoncasse":null,"noncasseitse":null,"noncasseform":null,"totalnoncassets":4.9739993189E8,"totassetitse":null,"totalasseform":null,"totasset":2.66275021034E9,"shorttermborr":null,"tradfinliab":null,"notespaya":1.2461555369E8,"accopaya":3.1318356646E8,"advapaym":7.630939448E7,"copeworkersal":1.285041883E7,"taxespaya":7666453.06,"intepaya":null,"divipaya":null,"otherfeepaya":null,"margrequ":null,"intelpay":null,"otherpay":2.736994764E7,"accrexpe":null,"expecurrliab":null,"copewithreinrece":null,"inteticksett":null,"dometicksett":null,"defereve":null,"shorttermbdspaya":null,"duenoncliab":null,"othercurreliabi":819303.01,"currliabitse":null,"currliabform":null,"totalcurrliab":5.6281463717E8,"longborr":null,"bdspaya":null,"longpaya":null,"specpaya":null,"expenoncliab":null,"longdefeinco":null,"defeincotaxliab":null,"othernoncliabi":null,"longliabitse":null,"longliabform":null,"totalnoncliab":0.0,"totliabitse":null,"totliabform":null,"totliab":5.6281463717E8,"paidincapi":2.0E8,"capisurp":1.50288425123E9,"treastk":null,"specrese":null,"rese":1.656087256E7,"generiskrese":null,"unreinveloss":null,"undiprof":3.5035034002E8,"topaycashdivi":null,"curtrandiff":-188281.31,"sharrighitse":null,"sharrightform":null,"paresharrigh":2.0696071825E9,"minysharrigh":3.032839067E7,"righaggritse":null,"rightaggrform":null,"righaggr":2.09993557317E9,"rightotitse":null,"rightotform":null,"totliabsharequi":2.66275021034E9,"settresedepo":null,"plac":null,"derifinaasset":null,"reinrece":null,"reincontrese":null,"purcresaasset":null,"cenbankborr":null,"deposit":null,"fdsborr":null,"deriliab":null,"sellrepasse":null,"copepoun":null,"insucontrese":null,"actitradsecu":null,"actiundesecu":null},{"compcode":"80166381","publishdate":"20110422","reportdate":"20110331","reporttype":"100111","adjustdate":"20110422","accstacode":"2","accstaname":"新会计准则","curfds":1.4884736005E9,"tradfinasset":null,"notesrece":2.054507582E8,"accorece":1.8329750833E8,"prep":5.957702084E7,"premrece":null,"interece":null,"dividrece":null,"otherrece":9867723.84,"expotaxrebarece":null,"subsrece":null,"margrece":null,"intelrece":null,"inve":3.4025122633E8,"prepexpe":null,"unseg":null,"expinoncurrasset":null,"othercurrasse":null,"currassetitse":null,"currasseform":null,"totcurrasset":2.28691783804E9,"lendandloan":null,"avaisellasse":null,"holdinvedue":null,"longrece":null,"equiinve":4968567.25,"otherlonginve":null,"inveprop":null,"fixedasseimmo":null,"accudepr":null,"fixedassenetw":null,"fixedasseimpa":null,"fixedassenet":3.0291031277E8,"consprog":3.048348E7,"engimate":null,"fixedasseclea":null,"prodasse":null,"comasse":null,"hydrasset":null,"intaasset":1.2025829171E8,"deveexpe":null,"goodwill":null,"logprepexpe":2.029803017E7,"tradshartrad":null,"defetaxasset":1551360.38,"othernoncasse":null,"noncasseitse":null,"noncasseform":null,"totalnoncassets":4.8047004228E8,"totassetitse":null,"totalasseform":null,"totasset":2.76738788032E9,"shorttermborr":1.35E7,"tradfinliab":null,"notespaya":1.364258332E8,"accopaya":3.26917442E8,"advapaym":1.237435439E8,"copeworkersal":1.214938096E7,"taxespaya":1.308362208E7,"intepaya":null,"divipaya":null,"otherfeepaya":null,"margrequ":null,"intelpay":null,"otherpay":3.238047494E7,"accrexpe":null,"expecurrliab":null,"copewithreinrece":null,"inteticksett":null,"dometicksett":null,"defereve":null,"shorttermbdspaya":null,"duenoncliab":null,"othercurreliabi":2.364134967E7,"currliabitse":null,"currliabform":null,"totalcurrliab":6.8184164675E8,"longborr":null,"bdspaya":null,"longpaya":null,"specpaya":null,"expenoncliab":null,"longdefeinco":null,"defeincotaxliab":null,"othernoncliabi":null,"longliabitse":null,"longliabform":null,"totalnoncliab":0.0,"totliabitse":null,"totliabform":null,"totliab":6.8184164675E8,"paidincapi":2.0E8,"capisurp":1.50288425123E9,"treastk":null,"specrese":null,"rese":1.656087256E7,"generiskrese":null,"unreinveloss":null,"undiprof":3.3870005838E8,"topaycashdivi":null,"curtrandiff":-784950.86,"sharrighitse":null,"sharrightform":null,"paresharrigh":2.05736023131E9,"minysharrigh":2.818600226E7,"righaggritse":null,"rightaggrform":null,"righaggr":2.08554623357E9,"rightotitse":null,"rightotform":null,"totliabsharequi":2.76738788032E9,"settresedepo":null,"plac":null,"derifinaasset":null,"reinrece":null,"reincontrese":null,"purcresaasset":null,"cenbankborr":null,"deposit":null,"fdsborr":null,"deriliab":null,"sellrepasse":null,"copepoun":null,"insucontrese":null,"actitradsecu":null,"actiundesecu":null},{"compcode":"80166381","publishdate":"20110301","reportdate":"20101231","reporttype":"100111","adjustdate":"20110301","accstacode":"2","accstaname":"新会计准则","curfds":4.131862842E7,"tradfinasset":null,"notesrece":1.7721521809E8,"accorece":1.454608049E8,"prep":6.069449458E7,"premrece":null,"interece":null,"dividrece":null,"otherrece":1.599974884E7,"expotaxrebarece":null,"subsrece":null,"margrece":null,"intelrece":null,"inve":4.098376377E8,"prepexpe":null,"unseg":null,"expinoncurrasset":null,"othercurrasse":null,"currassetitse":null,"currasseform":null,"totcurrasset":8.5052653253E8,"lendandloan":null,"avaisellasse":null,"holdinvedue":null,"longrece":null,"equiinve":4968567.25,"otherlonginve":null,"inveprop":null,"fixedasseimmo":3.7802283261E8,"accudepr":8.725852058E7,"fixedassenetw":2.9076431203E8,"fixedasseimpa":null,"fixedassenet":2.9076431203E8,"consprog":2.170843331E7,"engimate":null,"fixedasseclea":null,"prodasse":null,"comasse":null,"hydrasset":null,"intaasset":1.2066974338E8,"deveexpe":null,"goodwill":null,"logprepexpe":1.272985653E7,"tradshartrad":null,"defetaxasset":1551360.38,"othernoncasse":null,"noncasseitse":null,"noncasseform":null,"totalnoncassets":4.5239227288E8,"totassetitse":null,"totalasseform":null,"totasset":1.30291880541E9,"shorttermborr":1.35E7,"tradfinliab":null,"notespaya":8.270794322E7,"accopaya":4.286762059E8,"advapaym":1.1041286026E8,"copeworkersal":1.939240239E7,"taxespaya":2066693.01,"intepaya":null,"divipaya":null,"otherfeepaya":null,"margrequ":null,"intelpay":null,"otherpay":4.167874876E7,"accrexpe":null,"expecurrliab":null,"copewithreinrece":null,"inteticksett":null,"dometicksett":null,"defereve":null,"shorttermbdspaya":null,"duenoncliab":null,"othercurreliabi":961877.96,"currliabitse":null,"currliabform":null,"totalcurrliab":6.993967315E8,"longborr":null,"bdspaya":null,"longpaya":null,"specpaya":null,"expenoncliab":null,"longdefeinco":null,"defeincotaxliab":null,"othernoncliabi":null,"longliabitse":null,"longliabform":null,"totalnoncliab":0.0,"totliabitse":null,"totliabform":null,"totliab":6.993967315E8,"paidincapi":1.5E8,"capisurp":1.3139193323E8,"treastk":null,"specrese":null,"rese":1.656087256E7,"generiskrese":null,"unreinveloss":null,"undiprof":2.8118345718E8,"topaycashdivi":null,"curtrandiff":-612879.65,"sharrighitse":null,"sharrightform":null,"paresharrigh":5.7852338332E8,"minysharrigh":2.499869059E7,"righaggritse":null,"rightaggrform":null,"righaggr":6.0352207391E8,"rightotitse":null,"rightotform":null,"totliabsharequi":1.30291880541E9,"settresedepo":null,"plac":null,"derifinaasset":null,"reinrece":null,"reincontrese":null,"purcresaasset":null,"cenbankborr":null,"deposit":null,"fdsborr":null,"deriliab":null,"sellrepasse":null,"copepoun":null,"insucontrese":null,"actitradsecu":null,"actiundesecu":null},{"compcode":"80166381","publishdate":"20110127","reportdate":"20100930","reporttype":"100111","adjustdate":"19000101","accstacode":"2","accstaname":"新会计准则","curfds":1.1648461209E8,"tradfinasset":0.0,"notesrece":1.8008551847E8,"accorece":1.4247184977E8,"prep":7.427809614E7,"premrece":0.0,"interece":0.0,"dividrece":0.0,"otherrece":8314057.96,"expotaxrebarece":0.0,"subsrece":0.0,"margrece":0.0,"intelrece":0.0,"inve":3.3984596109E8,"prepexpe":0.0,"unseg":0.0,"expinoncurrasset":0.0,"othercurrasse":0.0,"currassetitse":0.0,"currasseform":0.0,"totcurrasset":8.6148009552E8,"lendandloan":0.0,"avaisellasse":0.0,"holdinvedue":0.0,"longrece":0.0,"equiinve":4967061.87,"otherlonginve":0.0,"inveprop":0.0,"fixedasseimmo":0.0,"accudepr":0.0,"fixedassenetw":0.0,"fixedasseimpa":0.0,"fixedassenet":2.8138678539E8,"consprog":1.523441211E7,"engimate":0.0,"fixedasseclea":117387.25,"prodasse":0.0,"comasse":0.0,"hydrasset":0.0,"intaasset":1.2146469505E8,"deveexpe":0.0,"goodwill":0.0,"logprepexpe":1.089996285E7,"tradshartrad":0.0,"defetaxasset":2024603.34,"othernoncasse":0.0,"noncasseitse":0.0,"noncasseform":0.0,"totalnoncassets":4.3609490786E8,"totassetitse":0.0,"totalasseform":0.0,"totasset":1.29757500338E9,"shorttermborr":0.0,"tradfinliab":0.0,"notespaya":1.1674435092E8,"accopaya":3.9136330802E8,"advapaym":1.4555947929E8,"copeworkersal":1.15292814E7,"taxespaya":1.118570306E7,"intepaya":0.0,"divipaya":0.0,"otherfeepaya":0.0,"margrequ":0.0,"intelpay":0.0,"otherpay":4.194217256E7,"accrexpe":0.0,"expecurrliab":0.0,"copewithreinrece":0.0,"inteticksett":0.0,"dometicksett":0.0,"defereve":0.0,"shorttermbdspaya":0.0,"duenoncliab":0.0,"othercurreliabi":2.609766E7,"currliabitse":0.0,"currliabform":0.0,"totalcurrliab":7.4442195525E8,"longborr":0.0,"bdspaya":0.0,"longpaya":0.0,"specpaya":0.0,"expenoncliab":0.0,"longdefeinco":0.0,"defeincotaxliab":0.0,"othernoncliabi":0.0,"longliabitse":0.0,"longliabform":0.0,"totalnoncliab":0.0,"totliabitse":0.0,"totliabform":0.0,"totliab":7.4442195525E8,"paidincapi":1.5E8,"capisurp":1.3139193323E8,"treastk":0.0,"specrese":0.0,"rese":5952801.88,"generiskrese":0.0,"unreinveloss":0.0,"undiprof":2.4292396897E8,"topaycashdivi":0.0,"curtrandiff":-186639.99,"sharrighitse":0.0,"sharrightform":0.0,"paresharrigh":5.3008206409E8,"minysharrigh":2.307098404E7,"righaggritse":0.0,"rightaggrform":0.0,"righaggr":5.5315304813E8,"rightotitse":0.0,"rightotform":0.0,"totliabsharequi":1.29757500338E9,"settresedepo":0.0,"plac":0.0,"derifinaasset":0.0,"reinrece":0.0,"reincontrese":0.0,"purcresaasset":0.0,"cenbankborr":0.0,"deposit":0.0,"fdsborr":0.0,"deriliab":0.0,"sellrepasse":0.0,"copepoun":0.0,"insucontrese":0.0,"actitradsecu":0.0,"actiundesecu":0.0},{"compcode":"80166381","publishdate":"20110111","reportdate":"20100630","reporttype":"100111","adjustdate":"19000101","accstacode":"2","accstaname":"新会计准则","curfds":7.913278476E7,"tradfinasset":0.0,"notesrece":1.7804613661E8,"accorece":1.4932494061E8,"prep":5.380909647E7,"premrece":0.0,"interece":0.0,"dividrece":0.0,"otherrece":6273417.46,"expotaxrebarece":0.0,"subsrece":0.0,"margrece":0.0,"intelrece":0.0,"inve":2.9907002106E8,"prepexpe":0.0,"unseg":0.0,"expinoncurrasset":0.0,"othercurrasse":0.0,"currassetitse":0.0,"currasseform":0.0,"totcurrasset":7.6565639697E8,"lendandloan":0.0,"avaisellasse":0.0,"holdinvedue":0.0,"longrece":0.0,"equiinve":4967061.87,"otherlonginve":0.0,"inveprop":0.0,"fixedasseimmo":3.3927542609E8,"accudepr":7.183275022E7,"fixedassenetw":2.6744267587E8,"fixedasseimpa":0.0,"fixedassenet":2.6744267587E8,"consprog":1.05416634E7,"engimate":0.0,"fixedasseclea":0.0,"prodasse":0.0,"comasse":0.0,"hydrasset":0.0,"intaasset":1.2163929745E8,"deveexpe":0.0,"goodwill":0.0,"logprepexpe":1.214891365E7,"tradshartrad":0.0,"defetaxasset":2235795.14,"othernoncasse":0.0,"noncasseitse":0.0,"noncasseform":0.0,"totalnoncassets":4.1897540738E8,"totassetitse":0.0,"totalasseform":0.0,"totasset":1.18463180435E9,"shorttermborr":0.0,"tradfinliab":0.0,"notespaya":7.446365913E7,"accopaya":3.7933594461E8,"advapaym":1.3506191528E8,"copeworkersal":1.155017996E7,"taxespaya":1.399758391E7,"intepaya":0.0,"divipaya":0.0,"otherfeepaya":0.0,"margrequ":0.0,"intelpay":0.0,"otherpay":6.128787992E7,"accrexpe":0.0,"expecurrliab":0.0,"copewithreinrece":0.0,"inteticksett":0.0,"dometicksett":0.0,"defereve":0.0,"shorttermbdspaya":0.0,"duenoncliab":0.0,"othercurreliabi":5619434.41,"currliabitse":0.0,"currliabform":0.0,"totalcurrliab":6.8131659722E8,"longborr":622800.0,"bdspaya":0.0,"longpaya":0.0,"specpaya":0.0,"expenoncliab":0.0,"longdefeinco":0.0,"defeincotaxliab":0.0,"othernoncliabi":0.0,"longliabitse":0.0,"longliabform":0.0,"totalnoncliab":622800.0,"totliabitse":0.0,"totliabform":0.0,"totliab":6.8193939722E8,"paidincapi":1.5E8,"capisurp":1.3139193323E8,"treastk":0.0,"specrese":0.0,"rese":5952801.88,"generiskrese":0.0,"unreinveloss":0.0,"undiprof":1.9636622464E8,"topaycashdivi":0.0,"curtrandiff":-186639.99,"sharrighitse":0.0,"sharrightform":0.0,"paresharrigh":4.8352431976E8,"minysharrigh":1.916808737E7,"righaggritse":0.0,"rightaggrform":0.0,"righaggr":5.0269240713E8,"rightotitse":0.0,"rightotform":0.0,"totliabsharequi":1.18463180435E9,"settresedepo":0.0,"plac":0.0,"derifinaasset":0.0,"reinrece":0.0,"reincontrese":0.0,"purcresaasset":0.0,"cenbankborr":0.0,"deposit":0.0,"fdsborr":0.0,"deriliab":0.0,"sellrepasse":0.0,"copepoun":0.0,"insucontrese":0.0,"actitradsecu":0.0,"actiundesecu":0.0},{"compcode":"80166381","publishdate":"20110111","reportdate":"20091231","reporttype":"100111","adjustdate":"19000101","accstacode":"2","accstaname":"新会计准则","curfds":8.512134017E7,"tradfinasset":0.0,"notesrece":1.5946552494E8,"accorece":1.2084610852E8,"prep":2.430593429E7,"premrece":0.0,"interece":0.0,"dividrece":0.0,"otherrece":4860954.03,"expotaxrebarece":0.0,"subsrece":0.0,"margrece":0.0,"intelrece":0.0,"inve":2.9151328762E8,"prepexpe":0.0,"unseg":0.0,"expinoncurrasset":0.0,"othercurrasse":0.0,"currassetitse":0.0,"currasseform":0.0,"totcurrasset":6.8611314957E8,"lendandloan":0.0,"avaisellasse":0.0,"holdinvedue":0.0,"longrece":0.0,"equiinve":4967582.99,"otherlonginve":0.0,"inveprop":0.0,"fixedasseimmo":3.2934304309E8,"accudepr":5.812409995E7,"fixedassenetw":2.7121894314E8,"fixedasseimpa":0.0,"fixedassenet":2.7121894314E8,"consprog":117228.4,"engimate":0.0,"fixedasseclea":0.0,"prodasse":0.0,"comasse":0.0,"hydrasset":0.0,"intaasset":1.2142600944E8,"deveexpe":0.0,"goodwill":0.0,"logprepexpe":1.106906258E7,"tradshartrad":0.0,"defetaxasset":1658777.15,"othernoncasse":0.0,"noncasseitse":0.0,"noncasseform":0.0,"totalnoncassets":4.104576037E8,"totassetitse":0.0,"totalasseform":0.0,"totasset":1.09657075327E9,"shorttermborr":3.0E7,"tradfinliab":0.0,"notespaya":6.877209517E7,"accopaya":3.5898859184E8,"advapaym":1.3703263841E8,"copeworkersal":1.535187759E7,"taxespaya":6388800.5,"intepaya":0.0,"divipaya":0.0,"otherfeepaya":0.0,"margrequ":0.0,"intelpay":0.0,"otherpay":7.262143531E7,"accrexpe":0.0,"expecurrliab":0.0,"copewithreinrece":0.0,"inteticksett":0.0,"dometicksett":0.0,"defereve":0.0,"shorttermbdspaya":0.0,"duenoncliab":0.0,"othercurreliabi":1407665.34,"currliabitse":0.0,"currliabform":0.0,"totalcurrliab":6.9056310416E8,"longborr":0.0,"bdspaya":0.0,"longpaya":0.0,"specpaya":0.0,"expenoncliab":0.0,"longdefeinco":0.0,"defeincotaxliab":0.0,"othernoncliabi":0.0,"longliabitse":0.0,"longliabform":0.0,"totalnoncliab":0.0,"totliabitse":0.0,"totliabform":0.0,"totliab":6.9056310416E8,"paidincapi":1.5E8,"capisurp":1.3139193323E8,"treastk":0.0,"specrese":0.0,"rese":5952801.88,"generiskrese":0.0,"unreinveloss":0.0,"undiprof":1.0590200702E8,"topaycashdivi":0.0,"curtrandiff":-25364.44,"sharrighitse":0.0,"sharrightform":0.0,"paresharrigh":3.9322137769E8,"minysharrigh":1.278627142E7,"righaggritse":0.0,"rightaggrform":0.0,"righaggr":4.0600764911E8,"rightotitse":0.0,"rightotform":0.0,"totliabsharequi":1.09657075327E9,"settresedepo":0.0,"plac":0.0,"derifinaasset":0.0,"reinrece":0.0,"reincontrese":0.0,"purcresaasset":0.0,"cenbankborr":0.0,"deposit":0.0,"fdsborr":0.0,"deriliab":0.0,"sellrepasse":0.0,"copepoun":0.0,"insucontrese":0.0,"actitradsecu":0.0,"actiundesecu":0.0},{"compcode":"80166381","publishdate":"20110111","reportdate":"20081231","reporttype":"100111","adjustdate":"19000101","accstacode":"2","accstaname":"新会计准则","curfds":9.874347681E7,"tradfinasset":0.0,"notesrece":1.4585437646E8,"accorece":9.38118424E7,"prep":1.863122887E7,"premrece":0.0,"interece":0.0,"dividrece":0.0,"otherrece":7295502.09,"expotaxrebarece":0.0,"subsrece":0.0,"margrece":0.0,"intelrece":0.0,"inve":2.7624973776E8,"prepexpe":0.0,"unseg":0.0,"expinoncurrasset":0.0,"othercurrasse":0.0,"currassetitse":0.0,"currasseform":0.0,"totcurrasset":6.4058616439E8,"lendandloan":0.0,"avaisellasse":0.0,"holdinvedue":0.0,"longrece":0.0,"equiinve":1250000.0,"otherlonginve":0.0,"inveprop":0.0,"fixedasseimmo":0.0,"accudepr":0.0,"fixedassenetw":0.0,"fixedasseimpa":0.0,"fixedassenet":2.5739733849E8,"consprog":3800.0,"engimate":0.0,"fixedasseclea":0.0,"prodasse":0.0,"comasse":0.0,"hydrasset":0.0,"intaasset":7.561099953E7,"deveexpe":0.0,"goodwill":0.0,"logprepexpe":9400967.59,"tradshartrad":0.0,"defetaxasset":1274430.65,"othernoncasse":0.0,"noncasseitse":0.0,"noncasseform":0.0,"totalnoncassets":3.4493753626E8,"totassetitse":0.0,"totalasseform":0.0,"totasset":9.8552370065E8,"shorttermborr":2.3E8,"tradfinliab":0.0,"notespaya":5.620838151E7,"accopaya":2.5150624766E8,"advapaym":1.3435472053E8,"copeworkersal":1.489375991E7,"taxespaya":-3145664.98,"intepaya":0.0,"divipaya":0.0,"otherfeepaya":0.0,"margrequ":0.0,"intelpay":0.0,"otherpay":2.76606788E7,"accrexpe":0.0,"expecurrliab":0.0,"copewithreinrece":0.0,"inteticksett":0.0,"dometicksett":0.0,"defereve":0.0,"shorttermbdspaya":0.0,"duenoncliab":0.0,"othercurreliabi":766040.81,"currliabitse":0.0,"currliabform":0.0,"totalcurrliab":7.1224416424E8,"longborr":0.0,"bdspaya":0.0,"longpaya":0.0,"specpaya":0.0,"expenoncliab":0.0,"longdefeinco":0.0,"defeincotaxliab":0.0,"othernoncliabi":0.0,"longliabitse":0.0,"longliabform":0.0,"totalnoncliab":0.0,"totliabitse":0.0,"totliabform":0.0,"totliab":7.1224416424E8,"paidincapi":1.5E8,"capisurp":5.000405E7,"treastk":0.0,"specrese":0.0,"rese":6132260.24,"generiskrese":0.0,"unreinveloss":0.0,"undiprof":6.131800664E7,"topaycashdivi":0.0,"curtrandiff":0.0,"sharrighitse":0.0,"sharrightform":0.0,"paresharrigh":2.6745431688E8,"minysharrigh":5825219.53,"righaggritse":0.0,"rightaggrform":0.0,"righaggr":2.7327953641E8,"rightotitse":0.0,"rightotform":0.0,"totliabsharequi":9.8552370065E8,"settresedepo":0.0,"plac":0.0,"derifinaasset":0.0,"reinrece":0.0,"reincontrese":0.0,"purcresaasset":0.0,"cenbankborr":0.0,"deposit":0.0,"fdsborr":0.0,"deriliab":0.0,"sellrepasse":0.0,"copepoun":0.0,"insucontrese":0.0,"actitradsecu":0.0,"actiundesecu":0.0},{"compcode":"80166381","publishdate":"20110111","reportdate":"20071231","reporttype":"100111","adjustdate":"19000101","accstacode":"2","accstaname":"新会计准则","curfds":1.0270158434E8,"tradfinasset":0.0,"notesrece":3.665446558E7,"accorece":1.0326795247E8,"prep":4.548248109E7,"premrece":0.0,"interece":0.0,"dividrece":0.0,"otherrece":2.516469505E7,"expotaxrebarece":0.0,"subsrece":0.0,"margrece":0.0,"intelrece":0.0,"inve":4.0131269216E8,"prepexpe":0.0,"unseg":0.0,"expinoncurrasset":0.0,"othercurrasse":0.0,"currassetitse":0.0,"currasseform":0.0,"totcurrasset":7.1458387069E8,"lendandloan":0.0,"avaisellasse":0.0,"holdinvedue":0.0,"longrece":0.0,"equiinve":0.0,"otherlonginve":0.0,"inveprop":0.0,"fixedasseimmo":0.0,"accudepr":0.0,"fixedassenetw":0.0,"fixedasseimpa":0.0,"fixedassenet":1.8220107507E8,"consprog":32000.0,"engimate":0.0,"fixedasseclea":0.0,"prodasse":0.0,"comasse":0.0,"hydrasset":0.0,"intaasset":1.668915124E7,"deveexpe":0.0,"goodwill":0.0,"logprepexpe":9147660.86,"tradshartrad":0.0,"defetaxasset":552243.64,"othernoncasse":0.0,"noncasseitse":0.0,"noncasseform":0.0,"totalnoncassets":2.0862213081E8,"totassetitse":0.0,"totalasseform":0.0,"totasset":9.232060015E8,"shorttermborr":3.0E7,"tradfinliab":0.0,"notespaya":1.6049844583E8,"accopaya":2.285040212E8,"advapaym":1.5905565143E8,"copeworkersal":1.258180149E7,"taxespaya":-2.658832861E7,"intepaya":0.0,"divipaya":0.0,"otherfeepaya":0.0,"margrequ":0.0,"intelpay":0.0,"otherpay":2.2388131717E8,"accrexpe":0.0,"expecurrliab":0.0,"copewithreinrece":0.0,"inteticksett":0.0,"dometicksett":0.0,"defereve":0.0,"shorttermbdspaya":0.0,"duenoncliab":0.0,"othercurreliabi":279195.28,"currliabitse":0.0,"currliabform":0.0,"totalcurrliab":7.8821210379E8,"longborr":0.0,"bdspaya":0.0,"longpaya":0.0,"specpaya":0.0,"expenoncliab":0.0,"longdefeinco":0.0,"defeincotaxliab":0.0,"othernoncliabi":0.0,"longliabitse":0.0,"longliabform":0.0,"totalnoncliab":0.0,"totliabitse":0.0,"totliabform":0.0,"totliab":7.8821210379E8,"paidincapi":1.0E8,"capisurp":1.252201458E7,"treastk":0.0,"specrese":0.0,"rese":2353321.34,"generiskrese":0.0,"unreinveloss":0.0,"undiprof":1.782305051E7,"topaycashdivi":0.0,"curtrandiff":0.0,"sharrighitse":0.0,"sharrightform":0.0,"paresharrigh":1.3269838643E8,"minysharrigh":2295511.28,"righaggritse":0.0,"rightaggrform":0.0,"righaggr":1.3499389771E8,"rightotitse":0.0,"rightotform":0.0,"totliabsharequi":9.232060015E8,"settresedepo":0.0,"plac":0.0,"derifinaasset":0.0,"reinrece":0.0,"reincontrese":0.0,"purcresaasset":0.0,"cenbankborr":0.0,"deposit":0.0,"fdsborr":0.0,"deriliab":0.0,"sellrepasse":0.0,"copepoun":0.0,"insucontrese":0.0,"actitradsecu":0.0,"actiundesecu":0.0}],"comptype":4,"name":"万和电气"}