{"list":[{"bonusimpdate":"20170517","bonusyear":"2016","cur":"人民币","bonusskratio":null,"tranaddskraio":null,"recorddate":"20170522","exrightdate":"20170523","cdividend":7.3,"fdividendbh":0.0,"tranaddsklistdate":null,"bonussklistdate":null,"tranaddskaccday":null,"bonusskaccday":null,"symbol":null,"secode":"2010004480","divitype":"A","taxfdividendbh":0.0,"taxcdividend":7.3,"divibegdate":"20170523","summarize":"10派7.3"},{"bonusimpdate":"20160914","bonusyear":"2016","cur":"人民币","bonusskratio":null,"tranaddskraio":null,"recorddate":"20160922","exrightdate":"20160923","cdividend":5.0,"fdividendbh":0.0,"tranaddsklistdate":null,"bonussklistdate":null,"tranaddskaccday":null,"bonusskaccday":null,"symbol":null,"secode":"2010004480","divitype":"A","taxfdividendbh":0.0,"taxcdividend":5.0,"divibegdate":"20160923","summarize":"10派5"},{"bonusimpdate":"20160521","bonusyear":"2015","cur":"人民币","bonusskratio":null,"tranaddskraio":null,"recorddate":"20160526","exrightdate":"20160527","cdividend":2.5,"fdividendbh":0.0,"tranaddsklistdate":null,"bonussklistdate":null,"tranaddskaccday":null,"bonusskaccday":null,"symbol":null,"secode":"2010004480","divitype":"A","taxfdividendbh":0.0,"taxcdividend":2.5,"divibegdate":"20160527","summarize":"10派2.5"},{"bonusimpdate":"20150604","bonusyear":"2014","cur":"人民币","bonusskratio":null,"tranaddskraio":null,"recorddate":"20150610","exrightdate":"20150611","cdividend":1.8,"fdividendbh":0.0,"tranaddsklistdate":null,"bonussklistdate":null,"tranaddskaccday":null,"bonusskaccday":null,"symbol":null,"secode":"2010004480","divitype":"A","taxfdividendbh":0.0,"taxcdividend":1.71,"divibegdate":"20150611","summarize":"10派1.8"},{"bonusimpdate":"20141009","bonusyear":"2014","cur":"人民币","bonusskratio":null,"tranaddskraio":null,"recorddate":"20141016","exrightdate":"20141017","cdividend":2.5,"fdividendbh":0.0,"tranaddsklistdate":null,"bonussklistdate":null,"tranaddskaccday":null,"bonusskaccday":null,"symbol":null,"secode":"2010004480","divitype":"A","taxfdividendbh":0.0,"taxcdividend":2.375,"divibegdate":"20141017","summarize":"10派2.5"},{"bonusimpdate":"20140612","bonusyear":"2013","cur":"人民币","bonusskratio":null,"tranaddskraio":1.0,"recorddate":"20140617","exrightdate":"20140618","cdividend":1.5,"fdividendbh":0.0,"tranaddsklistdate":"20140618","bonussklistdate":null,"tranaddskaccday":"20140618","bonusskaccday":null,"symbol":null,"secode":"2010004480","divitype":"AC","taxfdividendbh":0.0,"taxcdividend":1.425,"divibegdate":"20140618","summarize":"10转1派1.5"},{"bonusimpdate":"20130523","bonusyear":"2012","cur":"人民币","bonusskratio":null,"tranaddskraio":10.0,"recorddate":"20130528","exrightdate":"20130529","cdividend":3.0,"fdividendbh":0.0,"tranaddsklistdate":"20130529","bonussklistdate":null,"tranaddskaccday":"20130529","bonusskaccday":null,"symbol":null,"secode":"2010004480","divitype":"AC","taxfdividendbh":0.0,"taxcdividend":2.85,"divibegdate":"20130529","summarize":"10转10派3"},{"bonusimpdate":"20120629","bonusyear":"2011","cur":"人民币","bonusskratio":null,"tranaddskraio":null,"recorddate":"20120705","exrightdate":"20120706","cdividend":3.0,"fdividendbh":0.0,"tranaddsklistdate":null,"bonussklistdate":null,"tranaddskaccday":null,"bonusskaccday":null,"symbol":null,"secode":"2010004480","divitype":"A","taxfdividendbh":0.0,"taxcdividend":2.7,"divibegdate":"20120706","summarize":"10派3"},{"bonusimpdate":"20110413","bonusyear":"2010","cur":"人民币","bonusskratio":null,"tranaddskraio":null,"recorddate":"20110419","exrightdate":"20110420","cdividend":2.5,"fdividendbh":0.0,"tranaddsklistdate":null,"bonussklistdate":null,"tranaddskaccday":null,"bonusskaccday":null,"symbol":null,"secode":"2010004480","divitype":"A","taxfdividendbh":0.0,"taxcdividend":2.25,"divibegdate":"20110420","summarize":"10派2.5"}]}