{
    "name" : "五粮液",
    "list" : [
      {
            "reportdate" : "",
            "finstmtcomments" : "",
            "acntfirm" : "",
            "finstmtspecials" : "",
            "sharecount" : 0.0,

            "shorttermborrdetail" : "",
            "longborrdetail" : "",
            
            "curfds_cash" : 0.0,
            "curfds_bank" : 0.0,
            "curfds_other" : 0.0,
            "curfds_limit" : 0.0,
            
            "notesrece_bank" : 0.0,
            "notesrece_business" : 0.0,
            "notesrece_other" : 0.0,
            
            "accorece_credit_tot" : 0.0,
            "accorece_credit_bad" : 0.0,
            "accorece_single_tot" : 0.0,
            "accorece_single_bad" : 0.0,
            "accorece_single_imp_tot" : 0.0,
            "accorece_single_imp_bad" : 0.0,
            "accorece_0_1_tot" : 0.0,
            "accorece_0_1_bad" : 0.0,
            "accorece_1_2_tot" : 0.0,
            "accorece_1_2_bad" : 0.0,
            "accorece_2_3_tot" : 0.0,
            "accorece_2_3_bad" : 0.0,
            "accorece_3_4_tot" : 0.0,
            "accorece_3_4_bad" : 0.0,
            "accorece_4_5_tot" : 0.0,
            "accorece_4_5_bad" : 0.0,
            "accorece_5_n_tot" : 0.0,
            "accorece_5_n_bad" : 0.0,
            "accorece_bad_standard" : "",

            "prep_0_1" : 0.0,
            "prep_1_n" : 0.0,

            "otherrecedetail" : "",

            "inverevvallossstandard" : "",
            "inverevvallosstot" : 0.0,
            "inveincal" : "",
            "inveoutcal" : "",
            "inve_prod" : 0.0,
            "inve_sale" : 0.0,
            "inve_save" : 0.0,
            "inve_unit" : "",

            "holdinvedue_inrate" : 0.0,
            "holdinvedue_losscur" : 0.0,
            "holdinvedue_lossback" : 0.0,

            "avaisellassecur" : 0.0,
            "avaisellassecost" : 0.0,

            "invepropcal" : "",

            "fixedassedepolicy" : "",
            "intaassetdmopolicy" : "",
            "findevexp" : 0.0,

            "emplyescnt" : 0.0,
            "equfinpubpri" : 0.0,
            "debtfininrate" : 0.0
        },
        {
            "reportdate" : "20081231",
            "finstmtcomments" : "标准无保留意见",
            "acntfirm" : "四川华信(集团)会计师事务所",
            "finstmtspecials" : "",
            "sharecount" : 3795966720.00,

            "shorttermborrdetail" : "",
            "longborrdetail" : "",
            
            "curfds_cash" : 15782.07,
            "curfds_bank" : 5842434841.12,
            "curfds_other" : 82945971.49,
            "curfds_limit" : 82945971.49,
            
            "notesrece_bank" : 601748849.88,
            "notesrece_business" : 0.0,
            "notesrece_other" : 0.0,
            
            "accorece_credit_tot" : 0.0,
            "accorece_credit_bad" : 0.0,
            "accorece_single_tot" : 0.0,
            "accorece_single_bad" : 0.0,
            "accorece_single_imp_tot" : 0.0,
            "accorece_single_imp_bad" : 0.0,
            "accorece_0_1_tot" : 0.0,
            "accorece_0_1_bad" : 0.0,
            "accorece_1_2_tot" : 0.0,
            "accorece_1_2_bad" : 0.0,
            "accorece_2_3_tot" : 0.0,
            "accorece_2_3_bad" : 0.0,
            "accorece_3_4_tot" : 0.0,
            "accorece_3_4_bad" : 0.0,
            "accorece_4_5_tot" : 0.0,
            "accorece_4_5_bad" : 0.0,
            "accorece_5_n_tot" : 0.0,
            "accorece_5_n_bad" : 0.0,
            "accorece_bad_standard" : "",

            "prep_0_1" : 44194586.79,
            "prep_1_n" : 1268400.00,

            "otherrecedetail" : "",

            "inverevvallossstandard" : "存货以成本与可变现净值孰低计量，按单个存货项目的成本高于其 可变现净值的差额计提存货跌价准备",
            "inverevvallosstot" : 0.0,
            "inveincal" : "",
            "inveoutcal" : "粮食、原煤及白酒生产用辅料采用实际成本进行核算、发出按加权平均法计价;纸张、油墨及印刷品生产用辅料购入与发出按计划成本核算，实际成本与计 划成本的差额计入“材料成本差异”，月末按分类材料成本差异率计算发出材料应 分摊的差异，将发出材料成本调整为实际成本;在产品、自制半成品、产成品按 实际成本进行核算，发出按加权平均法计价，低值易耗品领用时按一次摊销法摊 销(如成批领用，列入待摊费用分期摊销)。",
            "inve_prod" : 0.0,
            "inve_sale" : 0.0,
            "inve_save" : 0.0,
            "inve_unit" : "",

            "holdinvedue_inrate" : 0.0,
            "holdinvedue_losscur" : 0.0,
            "holdinvedue_lossback" : 0.0,

            "avaisellassecur" : 0.0,
            "avaisellassecost" : 0.0,

            "invepropcal" : "成本模式",

            "fixedassedepolicy" : "固定资产折旧采用直线法计提,并按各类固定资产预计使用年限扣除净残值(净残值率为原值的 3%、5%)确定其折旧率",
            "intaassetdmopolicy" : "使用寿命有限的无形资产，在自可供使用当月起至终止确认时止的使用寿命期间内分期平均摊销，计入当期损益。 使用寿命不确定的无形资产不摊销，直接在期末进行减值测试。",
            "findevexp" : 0.0,

            "emplyescnt" : 0.0,
            "equfinpubpri" : 0.0,
            "debtfininrate" : 0.0
        }
    ]
}