{"SH603027":{"symbol":"SH603027","exchange":"SH","code":"603027","name":"千禾味业","current":"18.21","percentage":"-3.8","change":"-0.72","open":"17.96","high":"18.44","low":"17.5","close":"18.21","last_close":"18.93","high52week":"24.85","low52week":"15.16","volume":"3779670.0","lot_volume":"37796.7","volumeAverage":"","marketCapital":"5.8272E9","eps":"0.33","pe_ttm":"43.9568","pe_lyr":"58.2204","beta":"0.0","totalShares":"320000000","time":"Tue Nov 28 14:39:50 +0800 2017","afterHours":"0.0","afterHoursPct":"0.0","afterHoursChg":"0.0","updateAt":"1510122646302","dividend":"0.19","yield":"1.0","turnover_rate":"2.84%","instOwn":"0.0","rise_stop":"20.82","fall_stop":"17.04","currency_unit":"CNY","amount":"6.8479382E7","net_assets":"3.0153","hasexist":"","has_warrant":"0","type":"11","flag":"1","rest_day":"","amplitude":"4.97%","market_status":"交易中","lot_size":"100","min_order_quantity":"0","max_order_quantity":"0","tick_size":"0.01","variable_tick_size":"","kzz_stock_symbol":"","kzz_stock_name":"","kzz_stock_current":"0.0","kzz_convert_price":"0.0","kzz_covert_value":"0.0","kzz_cpr":"0.0","kzz_putback_price":"0.0","kzz_convert_time":"","kzz_redempt_price":"0.0","kzz_straight_price":"0.0","kzz_stock_percent":"","pb":"6.04","benefit_before_tax":"0.0","benefit_after_tax":"0.0","convert_bond_ratio":"","totalissuescale":"","outstandingamt":"","maturitydate":"","remain_year":"","convertrate":"0.0","interestrtmemo":"","release_date":"","circulation":"0.0","par_value":"0.0","due_time":"0.0","value_date":"","due_date":"","publisher":"","redeem_type":"F","issue_type":"","bond_type":"","warrant":"","sale_rrg":"","rate":"","after_hour_vol":"0","float_shares":"133190272","float_market_capital":"2.42539485312E9","disnext_pay_date":"","convert_rate":"0.0","volume_ratio":"1.39","percent5m":"0.17","pankou_ratio":"-19.05%","psr":"6.6471"}}