{"list":[{"compcode":"80362507","publishdate":"20171026","begindate":"20170101","enddate":"20170930","reporttype":"100111","adjustdate":"20171026","accstacode":"2","accstaname":"新会计准则","laborgetcash":7.8460548657E8,"deponetr":null,"bankloannetincr":null,"fininstnetr":null,"inspremcash":null,"insnetc":null,"savinetr":null,"disptradnetincr":null,"charintecash":null,"fdsborrnetr":null,"repnetincr":null,"taxrefd":null,"receotherbizcash":7697885.78,"bizinflitse":null,"bizinflform":null,"bizcashinfl":7.9230337235E8,"labopayc":3.9817326135E8,"loansnetr":null,"tradepaymnetr":null,"paycompgold":null,"payintecash":null,"paydivicash":null,"payworkcash":1.0035847231E8,"paytax":6.053436294E7,"payacticash":8.758466618E7,"bizoutfitse":null,"bizoutfform":null,"bizcashoutf":6.4665076278E8,"biznetitse":null,"biznetform":null,"mananetr":1.4565260957E8,"withinvgetcash":3.516375E8,"inveretugetcash":5096458.57,"fixedassetnetc":627198.13,"subsnetc":null,"receinvcash":1200000.0,"reducashpled":null,"invinflitse":null,"invinffrom":null,"invcashinfl":3.585611567E8,"acquassetcash":1.2450509372E8,"invpayc":4.89E8,"loannetr":null,"subspaynetcash":null,"payinvecash":null,"incrcashpled":null,"invoutfitse":null,"invoutfform":null,"invcashoutf":6.1350509372E8,"netinvitse":null,"netinvform":null,"invnetcashflow":-2.5494393702E8,"invrececash":null,"subsrececash":null,"recefromloan":8.0E7,"issbdrececash":null,"recefincash":null,"fininflitse":null,"fininflform":null,"fincashinfl":8.0E7,"debtpaycash":null,"diviprofpaycash":3.116629165E7,"subspaydivid":null,"finrelacash":1691518.0,"finoutfitse":null,"finoutfform":null,"fincashoutf":3.285780965E7,"finnetitse":null,"finnetform":null,"finnetcflow":4.714219035E7,"chgexchgchgs":null,"netcashitse":null,"netcashform":null,"cashnetr":-6.21491371E7,"inicashbala":9.20474708E7,"cashfinalitse":null,"cashfinalform":null,"finalcashbala":2.98983337E7,"netprofit":null,"minysharrigh":null,"unreinveloss":null,"asseimpa":null,"assedepr":null,"realestadep":null,"intaasseamor":null,"longdefeexpenamor":null,"prepexpedecr":null,"accrexpeincr":null,"dispfixedassetloss":null,"fixedassescraloss":null,"valuechgloss":null,"defeincoincr":null,"estidebts":null,"finexpe":null,"inveloss":null,"defetaxassetdecr":null,"defetaxliabincr":null,"inveredu":null,"receredu":null,"payaincr":null,"unseparachg":null,"unfiparachg":null,"other":null,"biznetscheitse":null,"biznetscheform":null,"biznetcflow":null,"debtintocapi":null,"expiconvbd":null,"finfixedasset":null,"cashfinalbala":2.98983337E7,"cashopenbala":9.20474708E7,"equfinalbala":null,"equopenbala":null,"netcashscheitse":null,"netcashscheform":null,"cashneti":-6.21491371E7},{"compcode":"80362507","publishdate":"20170825","begindate":"20170101","enddate":"20170630","reporttype":"100111","adjustdate":"20170825","accstacode":"2","accstaname":"新会计准则","laborgetcash":5.4364279438E8,"deponetr":null,"bankloannetincr":null,"fininstnetr":null,"inspremcash":null,"insnetc":null,"savinetr":null,"disptradnetincr":null,"charintecash":null,"fdsborrnetr":null,"repnetincr":null,"taxrefd":null,"receotherbizcash":4721158.84,"bizinflitse":null,"bizinflform":null,"bizcashinfl":5.4836395322E8,"labopayc":2.764105336E8,"loansnetr":null,"tradepaymnetr":null,"paycompgold":null,"payintecash":null,"paydivicash":null,"payworkcash":6.930465096E7,"paytax":4.25264704E7,"payacticash":6.011051616E7,"bizoutfitse":null,"bizoutfform":null,"bizcashoutf":4.4835217112E8,"biznetitse":null,"biznetform":null,"mananetr":1.000117821E8,"withinvgetcash":1.8E8,"inveretugetcash":2800963.12,"fixedassetnetc":564876.4,"subsnetc":null,"receinvcash":1200000.0,"reducashpled":null,"invinflitse":null,"invinffrom":null,"invcashinfl":1.8456583952E8,"acquassetcash":6.983420275E7,"invpayc":2.43E8,"loannetr":null,"subspaynetcash":null,"payinvecash":null,"incrcashpled":null,"invoutfitse":null,"invoutfform":null,"invcashoutf":3.1283420275E8,"netinvitse":null,"netinvform":null,"invnetcashflow":-1.2826836323E8,"invrececash":null,"subsrececash":null,"recefromloan":5.0E7,"issbdrececash":null,"recefincash":null,"fininflitse":null,"fininflform":null,"fincashinfl":5.0E7,"debtpaycash":null,"diviprofpaycash":3.033133333E7,"subspaydivid":null,"finrelacash":1691518.0,"finoutfitse":null,"finoutfform":null,"fincashoutf":3.202285133E7,"finnetitse":null,"finnetform":null,"finnetcflow":1.797714867E7,"chgexchgchgs":null,"netcashitse":null,"netcashform":null,"cashnetr":-1.027943246E7,"inicashbala":9.20474708E7,"cashfinalitse":null,"cashfinalform":null,"finalcashbala":8.176803834E7,"netprofit":7.534985865E7,"minysharrigh":null,"unreinveloss":null,"asseimpa":177377.34,"assedepr":2.210281528E7,"realestadep":null,"intaasseamor":1087911.08,"longdefeexpenamor":41472.42,"prepexpedecr":null,"accrexpeincr":null,"dispfixedassetloss":null,"fixedassescraloss":990628.41,"valuechgloss":null,"defeincoincr":null,"estidebts":null,"finexpe":307479.45,"inveloss":-2449747.98,"defetaxassetdecr":-114826.74,"defetaxliabincr":null,"inveredu":-1.944048675E7,"receredu":2.631575203E7,"payaincr":-2744917.96,"unseparachg":null,"unfiparachg":null,"other":-1611533.13,"biznetscheitse":null,"biznetscheform":null,"biznetcflow":1.000117821E8,"debtintocapi":null,"expiconvbd":null,"finfixedasset":null,"cashfinalbala":8.176803834E7,"cashopenbala":9.20474708E7,"equfinalbala":null,"equopenbala":null,"netcashscheitse":null,"netcashscheform":null,"cashneti":-1.027943246E7},{"compcode":"80362507","publishdate":"20170426","begindate":"20170101","enddate":"20170331","reporttype":"100111","adjustdate":"20170426","accstacode":"2","accstaname":"新会计准则","laborgetcash":2.8610813927E8,"deponetr":null,"bankloannetincr":null,"fininstnetr":null,"inspremcash":null,"insnetc":null,"savinetr":null,"disptradnetincr":null,"charintecash":null,"fdsborrnetr":null,"repnetincr":null,"taxrefd":null,"receotherbizcash":4412794.49,"bizinflitse":null,"bizinflform":null,"bizcashinfl":2.9052093376E8,"labopayc":1.3644976912E8,"loansnetr":null,"tradepaymnetr":null,"paycompgold":null,"payintecash":null,"paydivicash":null,"payworkcash":3.611836018E7,"paytax":1.710582642E7,"payacticash":2.64409974E7,"bizoutfitse":null,"bizoutfform":null,"bizcashoutf":2.1611495312E8,"biznetitse":null,"biznetform":null,"mananetr":7.440598064E7,"withinvgetcash":3.0E7,"inveretugetcash":1147064.94,"fixedassetnetc":501916.4,"subsnetc":null,"receinvcash":null,"reducashpled":null,"invinflitse":null,"invinffrom":null,"invcashinfl":3.164898134E7,"acquassetcash":2.267540329E7,"invpayc":1.03E8,"loannetr":null,"subspaynetcash":null,"payinvecash":null,"incrcashpled":null,"invoutfitse":null,"invoutfform":null,"invcashoutf":1.2567540329E8,"netinvitse":null,"netinvform":null,"invnetcashflow":-9.402642195E7,"invrececash":null,"subsrececash":null,"recefromloan":null,"issbdrececash":null,"recefincash":null,"fininflitse":null,"fininflform":null,"fincashinfl":0.0,"debtpaycash":null,"diviprofpaycash":null,"subspaydivid":null,"finrelacash":null,"finoutfitse":null,"finoutfform":null,"fincashoutf":0.0,"finnetitse":null,"finnetform":null,"finnetcflow":0.0,"chgexchgchgs":null,"netcashitse":null,"netcashform":null,"cashnetr":-1.962044131E7,"inicashbala":9.20474708E7,"cashfinalitse":null,"cashfinalform":null,"finalcashbala":7.242702949E7,"netprofit":null,"minysharrigh":null,"unreinveloss":null,"asseimpa":null,"assedepr":null,"realestadep":null,"intaasseamor":null,"longdefeexpenamor":null,"prepexpedecr":null,"accrexpeincr":null,"dispfixedassetloss":null,"fixedassescraloss":null,"valuechgloss":null,"defeincoincr":null,"estidebts":null,"finexpe":null,"inveloss":null,"defetaxassetdecr":null,"defetaxliabincr":null,"inveredu":null,"receredu":null,"payaincr":null,"unseparachg":null,"unfiparachg":null,"other":null,"biznetscheitse":null,"biznetscheform":null,"biznetcflow":null,"debtintocapi":null,"expiconvbd":null,"finfixedasset":null,"cashfinalbala":7.242702949E7,"cashopenbala":9.20474708E7,"equfinalbala":null,"equopenbala":null,"netcashscheitse":null,"netcashscheform":null,"cashneti":-1.962044131E7},{"compcode":"80362507","publishdate":"20170322","begindate":"20160101","enddate":"20161231","reporttype":"100111","adjustdate":"20170322","accstacode":"2","accstaname":"新会计准则","laborgetcash":8.7393751362E8,"deponetr":null,"bankloannetincr":null,"fininstnetr":null,"inspremcash":null,"insnetc":null,"savinetr":null,"disptradnetincr":null,"charintecash":null,"fdsborrnetr":null,"repnetincr":null,"taxrefd":null,"receotherbizcash":1.91659096E7,"bizinflitse":null,"bizinflform":null,"bizcashinfl":8.9310342322E8,"labopayc":5.2543059762E8,"loansnetr":null,"tradepaymnetr":null,"paycompgold":null,"payintecash":null,"paydivicash":null,"payworkcash":1.1167187791E8,"paytax":7.795388602E7,"payacticash":1.0855505578E8,"bizoutfitse":null,"bizoutfform":null,"bizcashoutf":8.2361141733E8,"biznetitse":null,"biznetform":null,"mananetr":6.949200589E7,"withinvgetcash":1.9981198071E8,"inveretugetcash":1741004.85,"fixedassetnetc":1178532.11,"subsnetc":null,"receinvcash":1490000.0,"reducashpled":null,"invinflitse":null,"invinffrom":null,"invcashinfl":2.0422151767E8,"acquassetcash":1.1237954747E8,"invpayc":3.0981198071E8,"loannetr":null,"subspaynetcash":null,"payinvecash":null,"incrcashpled":null,"invoutfitse":null,"invoutfform":null,"invcashoutf":4.2219152818E8,"netinvitse":null,"netinvform":null,"invnetcashflow":-2.1797001051E8,"invrececash":3.4415183588E8,"subsrececash":null,"recefromloan":2.0E7,"issbdrececash":null,"recefincash":1.690038856E7,"fininflitse":null,"fininflform":null,"fincashinfl":3.8105222444E8,"debtpaycash":1.545E8,"diviprofpaycash":1.754449066E7,"subspaydivid":null,"finrelacash":null,"finoutfitse":null,"finoutfform":null,"fincashoutf":1.7204449066E8,"finnetitse":null,"finnetform":null,"finnetcflow":2.0900773378E8,"chgexchgchgs":null,"netcashitse":null,"netcashform":null,"cashnetr":6.052972916E7,"inicashbala":3.151774164E7,"cashfinalitse":null,"cashfinalform":null,"finalcashbala":9.20474708E7,"netprofit":1.0008856558E8,"minysharrigh":null,"unreinveloss":null,"asseimpa":1344487.03,"assedepr":2.974592351E7,"realestadep":null,"intaasseamor":1480578.71,"longdefeexpenamor":82944.84,"prepexpedecr":null,"accrexpeincr":null,"dispfixedassetloss":null,"fixedassescraloss":1698886.48,"valuechgloss":null,"defeincoincr":null,"estidebts":null,"finexpe":1363181.63,"inveloss":-1741004.85,"defetaxassetdecr":-2649523.83,"defetaxliabincr":null,"inveredu":-4.052434543E7,"receredu":-5.475677826E7,"payaincr":3.580922777E7,"unseparachg":null,"unfiparachg":null,"other":-2450137.29,"biznetscheitse":null,"biznetscheform":null,"biznetcflow":6.949200589E7,"debtintocapi":null,"expiconvbd":null,"finfixedasset":null,"cashfinalbala":9.20474708E7,"cashopenbala":3.151774164E7,"equfinalbala":null,"equopenbala":null,"netcashscheitse":null,"netcashscheform":null,"cashneti":6.052972916E7},{"compcode":"80362507","publishdate":"20161027","begindate":"20160101","enddate":"20160930","reporttype":"100111","adjustdate":"20161027","accstacode":"2","accstaname":"新会计准则","laborgetcash":6.1772582359E8,"deponetr":null,"bankloannetincr":null,"fininstnetr":null,"inspremcash":null,"insnetc":null,"savinetr":null,"disptradnetincr":null,"charintecash":null,"fdsborrnetr":null,"repnetincr":null,"taxrefd":null,"receotherbizcash":1.290580382E7,"bizinflitse":null,"bizinflform":null,"bizcashinfl":6.3063162741E8,"labopayc":3.5232226999E8,"loansnetr":null,"tradepaymnetr":null,"paycompgold":null,"payintecash":null,"paydivicash":null,"payworkcash":8.204122065E7,"paytax":5.180685197E7,"payacticash":6.981234195E7,"bizoutfitse":null,"bizoutfform":null,"bizcashoutf":5.5598268456E8,"biznetitse":null,"biznetform":null,"mananetr":7.464894285E7,"withinvgetcash":2.0E7,"inveretugetcash":355194.52,"fixedassetnetc":367394.13,"subsnetc":null,"receinvcash":1490000.0,"reducashpled":null,"invinflitse":null,"invinffrom":null,"invcashinfl":2.221258865E7,"acquassetcash":6.846719477E7,"invpayc":1.695E8,"loannetr":null,"subspaynetcash":null,"payinvecash":null,"incrcashpled":null,"invoutfitse":null,"invoutfform":null,"invcashoutf":2.3796719477E8,"netinvitse":null,"netinvform":null,"invnetcashflow":-2.1575460612E8,"invrececash":3.3883410006E8,"subsrececash":null,"recefromloan":2.0E7,"issbdrececash":null,"recefincash":2.158600653E7,"fininflitse":null,"fininflform":null,"fincashinfl":3.8042010659E8,"debtpaycash":1.545E8,"diviprofpaycash":1.754449066E7,"subspaydivid":null,"finrelacash":null,"finoutfitse":null,"finoutfform":null,"fincashoutf":1.7204449066E8,"finnetitse":null,"finnetform":null,"finnetcflow":2.0837561593E8,"chgexchgchgs":null,"netcashitse":null,"netcashform":null,"cashnetr":6.726995266E7,"inicashbala":3.151774164E7,"cashfinalitse":null,"cashfinalform":null,"finalcashbala":9.87876943E7,"netprofit":null,"minysharrigh":null,"unreinveloss":null,"asseimpa":null,"assedepr":null,"realestadep":null,"intaasseamor":null,"longdefeexpenamor":null,"prepexpedecr":null,"accrexpeincr":null,"dispfixedassetloss":null,"fixedassescraloss":null,"valuechgloss":null,"defeincoincr":null,"estidebts":null,"finexpe":null,"inveloss":null,"defetaxassetdecr":null,"defetaxliabincr":null,"inveredu":null,"receredu":null,"payaincr":null,"unseparachg":null,"unfiparachg":null,"other":null,"biznetscheitse":null,"biznetscheform":null,"biznetcflow":null,"debtintocapi":null,"expiconvbd":null,"finfixedasset":null,"cashfinalbala":9.87876943E7,"cashopenbala":3.151774164E7,"equfinalbala":null,"equopenbala":null,"netcashscheitse":null,"netcashscheform":null,"cashneti":6.726995266E7},{"compcode":"80362507","publishdate":"20160826","begindate":"20160101","enddate":"20160630","reporttype":"100111","adjustdate":"20160826","accstacode":"2","accstaname":"新会计准则","laborgetcash":4.034038394E8,"deponetr":null,"bankloannetincr":null,"fininstnetr":null,"inspremcash":null,"insnetc":null,"savinetr":null,"disptradnetincr":null,"charintecash":null,"fdsborrnetr":null,"repnetincr":null,"taxrefd":null,"receotherbizcash":8680540.46,"bizinflitse":null,"bizinflform":null,"bizcashinfl":4.1208437986E8,"labopayc":2.4666488986E8,"loansnetr":null,"tradepaymnetr":null,"paycompgold":null,"payintecash":null,"paydivicash":null,"payworkcash":5.557645988E7,"paytax":3.551501498E7,"payacticash":4.547873493E7,"bizoutfitse":null,"bizoutfform":null,"bizcashoutf":3.8323509965E8,"biznetitse":null,"biznetform":null,"mananetr":2.884928021E7,"withinvgetcash":null,"inveretugetcash":null,"fixedassetnetc":281894.13,"subsnetc":null,"receinvcash":1490000.0,"reducashpled":null,"invinflitse":null,"invinffrom":null,"invcashinfl":1771894.13,"acquassetcash":3.121154451E7,"invpayc":null,"loannetr":null,"subspaynetcash":null,"payinvecash":null,"incrcashpled":null,"invoutfitse":null,"invoutfform":null,"invcashoutf":3.121154451E7,"netinvitse":null,"netinvform":null,"invnetcashflow":-2.943965038E7,"invrececash":3.3883410006E8,"subsrececash":null,"recefromloan":2.0E7,"issbdrececash":null,"recefincash":1.922600653E7,"fininflitse":null,"fininflform":null,"fincashinfl":3.7806010659E8,"debtpaycash":1.545E8,"diviprofpaycash":1.754449066E7,"subspaydivid":null,"finrelacash":null,"finoutfitse":null,"finoutfform":null,"fincashoutf":1.7204449066E8,"finnetitse":null,"finnetform":null,"finnetcflow":2.0601561593E8,"chgexchgchgs":null,"netcashitse":null,"netcashform":null,"cashnetr":2.0542524576E8,"inicashbala":3.151774164E7,"cashfinalitse":null,"cashfinalform":null,"finalcashbala":2.369429874E8,"netprofit":4.822389208E7,"minysharrigh":null,"unreinveloss":null,"asseimpa":225396.9,"assedepr":1.466788154E7,"realestadep":null,"intaasseamor":608643.6,"longdefeexpenamor":41472.42,"prepexpedecr":null,"accrexpeincr":null,"dispfixedassetloss":null,"fixedassescraloss":821959.42,"valuechgloss":null,"defeincoincr":null,"estidebts":null,"finexpe":1363181.63,"inveloss":null,"defetaxassetdecr":300608.73,"defetaxliabincr":null,"inveredu":-2.830327832E7,"receredu":2.139794417E7,"payaincr":-2.925389837E7,"unseparachg":null,"unfiparachg":null,"other":-1244523.59,"biznetscheitse":null,"biznetscheform":null,"biznetcflow":2.884928021E7,"debtintocapi":null,"expiconvbd":null,"finfixedasset":null,"cashfinalbala":2.369429874E8,"cashopenbala":3.151774164E7,"equfinalbala":null,"equopenbala":null,"netcashscheitse":null,"netcashscheform":null,"cashneti":2.0542524576E8},{"compcode":"80362507","publishdate":"20160428","begindate":"20160101","enddate":"20160331","reporttype":"100111","adjustdate":"20160428","accstacode":"2","accstaname":"新会计准则","laborgetcash":1.9808543722E8,"deponetr":null,"bankloannetincr":null,"fininstnetr":null,"inspremcash":null,"insnetc":null,"savinetr":null,"disptradnetincr":null,"charintecash":null,"fdsborrnetr":null,"repnetincr":null,"taxrefd":null,"receotherbizcash":1757252.83,"bizinflitse":null,"bizinflform":null,"bizcashinfl":1.9984269005E8,"labopayc":1.2932238067E8,"loansnetr":null,"tradepaymnetr":null,"paycompgold":null,"payintecash":null,"paydivicash":null,"payworkcash":3.011540235E7,"paytax":1.55350486E7,"payacticash":2.354216656E7,"bizoutfitse":null,"bizoutfform":null,"bizcashoutf":1.9851499818E8,"biznetitse":null,"biznetform":null,"mananetr":1327691.87,"withinvgetcash":null,"inveretugetcash":null,"fixedassetnetc":272864.13,"subsnetc":null,"receinvcash":1350000.0,"reducashpled":null,"invinflitse":null,"invinffrom":null,"invcashinfl":1622864.13,"acquassetcash":1.698253917E7,"invpayc":null,"loannetr":null,"subspaynetcash":null,"payinvecash":null,"incrcashpled":null,"invoutfitse":null,"invoutfform":null,"invcashoutf":1.698253917E7,"netinvitse":null,"netinvform":null,"invnetcashflow":-1.535967504E7,"invrececash":3.3883410006E8,"subsrececash":null,"recefromloan":2.0E7,"issbdrececash":null,"recefincash":1.824173764E7,"fininflitse":null,"fininflform":null,"fincashinfl":3.770758377E8,"debtpaycash":1.35E8,"diviprofpaycash":1381782.53,"subspaydivid":null,"finrelacash":null,"finoutfitse":null,"finoutfform":null,"fincashoutf":1.3638178253E8,"finnetitse":null,"finnetform":null,"finnetcflow":2.4069405517E8,"chgexchgchgs":null,"netcashitse":null,"netcashform":null,"cashnetr":2.26662072E8,"inicashbala":3.151774164E7,"cashfinalitse":null,"cashfinalform":null,"finalcashbala":2.5817981364E8,"netprofit":null,"minysharrigh":null,"unreinveloss":null,"asseimpa":null,"assedepr":null,"realestadep":null,"intaasseamor":null,"longdefeexpenamor":null,"prepexpedecr":null,"accrexpeincr":null,"dispfixedassetloss":null,"fixedassescraloss":null,"valuechgloss":null,"defeincoincr":null,"estidebts":null,"finexpe":null,"inveloss":null,"defetaxassetdecr":null,"defetaxliabincr":null,"inveredu":null,"receredu":null,"payaincr":null,"unseparachg":null,"unfiparachg":null,"other":null,"biznetscheitse":null,"biznetscheform":null,"biznetcflow":null,"debtintocapi":null,"expiconvbd":null,"finfixedasset":null,"cashfinalbala":2.5817981364E8,"cashopenbala":3.151774164E7,"equfinalbala":null,"equopenbala":null,"netcashscheitse":null,"netcashscheform":null,"cashneti":2.26662072E8},{"compcode":"80362507","publishdate":"20160217","begindate":"20150101","enddate":"20151231","reporttype":"100111","adjustdate":"20160217","accstacode":"2","accstaname":"新会计准则","laborgetcash":7.3499603746E8,"deponetr":null,"bankloannetincr":null,"fininstnetr":null,"inspremcash":null,"insnetc":null,"savinetr":null,"disptradnetincr":null,"charintecash":null,"fdsborrnetr":null,"repnetincr":null,"taxrefd":null,"receotherbizcash":5395538.64,"bizinflitse":null,"bizinflform":null,"bizcashinfl":7.403915761E8,"labopayc":4.5730251634E8,"loansnetr":null,"tradepaymnetr":null,"paycompgold":null,"payintecash":null,"paydivicash":null,"payworkcash":8.198014836E7,"paytax":5.509866426E7,"payacticash":7.297631057E7,"bizoutfitse":null,"bizoutfform":null,"bizcashoutf":6.6735763953E8,"biznetitse":null,"biznetform":null,"mananetr":7.303393657E7,"withinvgetcash":null,"inveretugetcash":null,"fixedassetnetc":406976.49,"subsnetc":null,"receinvcash":null,"reducashpled":null,"invinflitse":null,"invinffrom":null,"invcashinfl":406976.49,"acquassetcash":6.096051243E7,"invpayc":null,"loannetr":null,"subspaynetcash":null,"payinvecash":null,"incrcashpled":null,"invoutfitse":null,"invoutfform":null,"invcashoutf":6.096051243E7,"netinvitse":null,"netinvform":null,"invnetcashflow":-6.055353594E7,"invrececash":null,"subsrececash":null,"recefromloan":1.745E8,"issbdrececash":null,"recefincash":null,"fininflitse":null,"fininflform":null,"fincashinfl":1.745E8,"debtpaycash":1.7E8,"diviprofpaycash":7485892.85,"subspaydivid":null,"finrelacash":1.248827286E7,"finoutfitse":null,"finoutfform":null,"fincashoutf":1.8997416571E8,"finnetitse":null,"finnetform":null,"finnetcflow":-1.547416571E7,"chgexchgchgs":null,"netcashitse":null,"netcashform":null,"cashnetr":-2993765.08,"inicashbala":3.451150672E7,"cashfinalitse":null,"cashfinalform":null,"finalcashbala":3.151774164E7,"netprofit":6.65311186E7,"minysharrigh":null,"unreinveloss":null,"asseimpa":309430.31,"assedepr":2.361850856E7,"realestadep":null,"intaasseamor":1083776.81,"longdefeexpenamor":null,"prepexpedecr":null,"accrexpeincr":null,"dispfixedassetloss":125632.7,"fixedassescraloss":null,"valuechgloss":null,"defeincoincr":null,"estidebts":null,"finexpe":7418041.55,"inveloss":null,"defetaxassetdecr":-1029014.71,"defetaxliabincr":null,"inveredu":-5.708515815E7,"receredu":3238306.59,"payaincr":3.099693603E7,"unseparachg":null,"unfiparachg":null,"other":-2173641.72,"biznetscheitse":null,"biznetscheform":null,"biznetcflow":7.303393657E7,"debtintocapi":null,"expiconvbd":null,"finfixedasset":null,"cashfinalbala":3.151774164E7,"cashopenbala":3.451150672E7,"equfinalbala":null,"equopenbala":null,"netcashscheitse":null,"netcashscheform":null,"cashneti":-2993765.08},{"compcode":"80362507","publishdate":"20161027","begindate":"20150101","enddate":"20150930","reporttype":"100111","adjustdate":"20161027","accstacode":"2","accstaname":"新会计准则","laborgetcash":5.373992476E8,"deponetr":null,"bankloannetincr":null,"fininstnetr":null,"inspremcash":null,"insnetc":null,"savinetr":null,"disptradnetincr":null,"charintecash":null,"fdsborrnetr":null,"repnetincr":null,"taxrefd":null,"receotherbizcash":3514227.58,"bizinflitse":null,"bizinflform":null,"bizcashinfl":5.4091347518E8,"labopayc":3.423308513E8,"loansnetr":null,"tradepaymnetr":null,"paycompgold":null,"payintecash":null,"paydivicash":null,"payworkcash":6.133003754E7,"paytax":3.624464936E7,"payacticash":5.351990731E7,"bizoutfitse":null,"bizoutfform":null,"bizcashoutf":4.9342544551E8,"biznetitse":null,"biznetform":null,"mananetr":4.748802967E7,"withinvgetcash":null,"inveretugetcash":null,"fixedassetnetc":73964.0,"subsnetc":null,"receinvcash":null,"reducashpled":null,"invinflitse":null,"invinffrom":null,"invcashinfl":73964.0,"acquassetcash":4.4726707E7,"invpayc":null,"loannetr":null,"subspaynetcash":null,"payinvecash":null,"incrcashpled":null,"invoutfitse":null,"invoutfform":null,"invcashoutf":4.4726707E7,"netinvitse":null,"netinvform":null,"invnetcashflow":-4.4652743E7,"invrececash":null,"subsrececash":null,"recefromloan":1.15E8,"issbdrececash":null,"recefincash":null,"fininflitse":null,"fininflform":null,"fincashinfl":1.15E8,"debtpaycash":1.1E8,"diviprofpaycash":5890949.05,"subspaydivid":null,"finrelacash":1976304.45,"finoutfitse":null,"finoutfform":null,"fincashoutf":1.178672535E8,"finnetitse":null,"finnetform":null,"finnetcflow":-2867253.5,"chgexchgchgs":null,"netcashitse":null,"netcashform":null,"cashnetr":-31966.83,"inicashbala":3.451150672E7,"cashfinalitse":null,"cashfinalform":null,"finalcashbala":3.447953989E7,"netprofit":null,"minysharrigh":null,"unreinveloss":null,"asseimpa":null,"assedepr":null,"realestadep":null,"intaasseamor":null,"longdefeexpenamor":null,"prepexpedecr":null,"accrexpeincr":null,"dispfixedassetloss":null,"fixedassescraloss":null,"valuechgloss":null,"defeincoincr":null,"estidebts":null,"finexpe":null,"inveloss":null,"defetaxassetdecr":null,"defetaxliabincr":null,"inveredu":null,"receredu":null,"payaincr":null,"unseparachg":null,"unfiparachg":null,"other":null,"biznetscheitse":null,"biznetscheform":null,"biznetcflow":null,"debtintocapi":null,"expiconvbd":null,"finfixedasset":null,"cashfinalbala":3.447953989E7,"cashopenbala":3.451150672E7,"equfinalbala":null,"equopenbala":null,"netcashscheitse":null,"netcashscheform":null,"cashneti":-31966.83},{"compcode":"80362507","publishdate":"20160826","begindate":"20150101","enddate":"20150630","reporttype":"100111","adjustdate":"20160826","accstacode":"2","accstaname":"新会计准则","laborgetcash":3.5923241479E8,"deponetr":null,"bankloannetincr":null,"fininstnetr":null,"inspremcash":null,"insnetc":null,"savinetr":null,"disptradnetincr":null,"charintecash":null,"fdsborrnetr":null,"repnetincr":null,"taxrefd":null,"receotherbizcash":1932778.08,"bizinflitse":null,"bizinflform":null,"bizcashinfl":3.6116519287E8,"labopayc":2.4112421875E8,"loansnetr":null,"tradepaymnetr":null,"paycompgold":null,"payintecash":null,"paydivicash":null,"payworkcash":3.809449233E7,"paytax":2.595765871E7,"payacticash":3.525815607E7,"bizoutfitse":null,"bizoutfform":null,"bizcashoutf":3.4043452586E8,"biznetitse":null,"biznetform":null,"mananetr":2.073066701E7,"withinvgetcash":null,"inveretugetcash":null,"fixedassetnetc":73964.0,"subsnetc":null,"receinvcash":null,"reducashpled":null,"invinflitse":null,"invinffrom":null,"invcashinfl":73964.0,"acquassetcash":3.782811955E7,"invpayc":null,"loannetr":null,"subspaynetcash":null,"payinvecash":null,"incrcashpled":null,"invoutfitse":null,"invoutfform":null,"invcashoutf":3.782811955E7,"netinvitse":null,"netinvform":null,"invnetcashflow":-3.775415555E7,"invrececash":null,"subsrececash":null,"recefromloan":6.0E7,"issbdrececash":null,"recefincash":null,"fininflitse":null,"fininflform":null,"fincashinfl":6.0E7,"debtpaycash":6.0E7,"diviprofpaycash":4067287.92,"subspaydivid":null,"finrelacash":844005.36,"finoutfitse":null,"finoutfform":null,"fincashoutf":6.491129328E7,"finnetitse":null,"finnetform":null,"finnetcflow":-4911293.28,"chgexchgchgs":null,"netcashitse":null,"netcashform":null,"cashnetr":-2.193478182E7,"inicashbala":3.451150672E7,"cashfinalitse":null,"cashfinalform":null,"finalcashbala":1.25767249E7,"netprofit":3.246267552E7,"minysharrigh":null,"unreinveloss":null,"asseimpa":-330067.41,"assedepr":1.092263219E7,"realestadep":null,"intaasseamor":526898.5,"longdefeexpenamor":null,"prepexpedecr":null,"accrexpeincr":null,"dispfixedassetloss":null,"fixedassescraloss":-49882.28,"valuechgloss":null,"defeincoincr":null,"estidebts":null,"finexpe":4031843.48,"inveloss":null,"defetaxassetdecr":-340696.56,"defetaxliabincr":null,"inveredu":-4.709064943E7,"receredu":1.19072621E7,"payaincr":9687551.98,"unseparachg":null,"unfiparachg":null,"other":-996901.08,"biznetscheitse":null,"biznetscheform":null,"biznetcflow":2.073066701E7,"debtintocapi":null,"expiconvbd":null,"finfixedasset":null,"cashfinalbala":1.25767249E7,"cashopenbala":3.451150672E7,"equfinalbala":null,"equopenbala":null,"netcashscheitse":null,"netcashscheform":null,"cashneti":-2.193478182E7},{"compcode":"80362507","publishdate":"20160428","begindate":"20150101","enddate":"20150331","reporttype":"100111","adjustdate":"20160428","accstacode":"2","accstaname":"新会计准则","laborgetcash":1.8415319467E8,"deponetr":null,"bankloannetincr":null,"fininstnetr":null,"inspremcash":null,"insnetc":null,"savinetr":null,"disptradnetincr":null,"charintecash":null,"fdsborrnetr":null,"repnetincr":null,"taxrefd":null,"receotherbizcash":918132.67,"bizinflitse":null,"bizinflform":null,"bizcashinfl":1.8507132734E8,"labopayc":1.3272161399E8,"loansnetr":null,"tradepaymnetr":null,"paycompgold":null,"payintecash":null,"paydivicash":null,"payworkcash":2.018134588E7,"paytax":1.294952357E7,"payacticash":1.780728082E7,"bizoutfitse":null,"bizoutfform":null,"bizcashoutf":1.8365976426E8,"biznetitse":null,"biznetform":null,"mananetr":1411563.08,"withinvgetcash":null,"inveretugetcash":null,"fixedassetnetc":141110.4,"subsnetc":null,"receinvcash":null,"reducashpled":null,"invinflitse":null,"invinffrom":null,"invcashinfl":141110.4,"acquassetcash":2.673569838E7,"invpayc":null,"loannetr":null,"subspaynetcash":null,"payinvecash":null,"incrcashpled":null,"invoutfitse":null,"invoutfform":null,"invcashoutf":2.673569838E7,"netinvitse":null,"netinvform":null,"invnetcashflow":-2.659458798E7,"invrececash":null,"subsrececash":null,"recefromloan":4.0E7,"issbdrececash":null,"recefincash":881987.32,"fininflitse":null,"fininflform":null,"fincashinfl":4.088198732E7,"debtpaycash":3.0E7,"diviprofpaycash":2097835.15,"subspaydivid":null,"finrelacash":null,"finoutfitse":null,"finoutfform":null,"fincashoutf":3.209783515E7,"finnetitse":null,"finnetform":null,"finnetcflow":8784152.17,"chgexchgchgs":null,"netcashitse":null,"netcashform":null,"cashnetr":-1.639887273E7,"inicashbala":3.451150672E7,"cashfinalitse":null,"cashfinalform":null,"finalcashbala":1.811263399E7,"netprofit":null,"minysharrigh":null,"unreinveloss":null,"asseimpa":null,"assedepr":null,"realestadep":null,"intaasseamor":null,"longdefeexpenamor":null,"prepexpedecr":null,"accrexpeincr":null,"dispfixedassetloss":null,"fixedassescraloss":null,"valuechgloss":null,"defeincoincr":null,"estidebts":null,"finexpe":null,"inveloss":null,"defetaxassetdecr":null,"defetaxliabincr":null,"inveredu":null,"receredu":null,"payaincr":null,"unseparachg":null,"unfiparachg":null,"other":null,"biznetscheitse":null,"biznetscheform":null,"biznetcflow":null,"debtintocapi":null,"expiconvbd":null,"finfixedasset":null,"cashfinalbala":1.811263399E7,"cashopenbala":3.451150672E7,"equfinalbala":null,"equopenbala":null,"netcashscheitse":null,"netcashscheform":null,"cashneti":-1.639887273E7},{"compcode":"80362507","publishdate":"20160217","begindate":"20140101","enddate":"20141231","reporttype":"100111","adjustdate":"20160217","accstacode":"2","accstaname":"新会计准则","laborgetcash":7.5130219386E8,"deponetr":null,"bankloannetincr":null,"fininstnetr":null,"inspremcash":null,"insnetc":null,"savinetr":null,"disptradnetincr":null,"charintecash":null,"fdsborrnetr":null,"repnetincr":null,"taxrefd":null,"receotherbizcash":7084339.69,"bizinflitse":null,"bizinflform":null,"bizcashinfl":7.5838653355E8,"labopayc":4.6708805987E8,"loansnetr":null,"tradepaymnetr":null,"paycompgold":null,"payintecash":null,"paydivicash":null,"payworkcash":8.034613248E7,"paytax":4.601561272E7,"payacticash":6.571204841E7,"bizoutfitse":null,"bizoutfform":null,"bizcashoutf":6.5916185348E8,"biznetitse":null,"biznetform":null,"mananetr":9.922468007E7,"withinvgetcash":null,"inveretugetcash":null,"fixedassetnetc":2087454.61,"subsnetc":null,"receinvcash":3792710.0,"reducashpled":null,"invinflitse":null,"invinffrom":null,"invcashinfl":5880164.61,"acquassetcash":1.1858510346E8,"invpayc":null,"loannetr":null,"subspaynetcash":null,"payinvecash":null,"incrcashpled":null,"invoutfitse":null,"invoutfform":null,"invcashoutf":1.1858510346E8,"netinvitse":null,"netinvform":null,"invnetcashflow":-1.1270493885E8,"invrececash":null,"subsrececash":null,"recefromloan":1.3E8,"issbdrececash":null,"recefincash":null,"fininflitse":null,"fininflform":null,"fincashinfl":1.3E8,"debtpaycash":8.0E7,"diviprofpaycash":2.010554167E7,"subspaydivid":null,"finrelacash":6362115.7,"finoutfitse":null,"finoutfform":null,"fincashoutf":1.0646765737E8,"finnetitse":null,"finnetform":null,"finnetcflow":2.353234263E7,"chgexchgchgs":null,"netcashitse":null,"netcashform":null,"cashnetr":1.005208385E7,"inicashbala":2.445942287E7,"cashfinalitse":null,"cashfinalform":null,"finalcashbala":3.451150672E7,"netprofit":5.297032469E7,"minysharrigh":null,"unreinveloss":null,"asseimpa":-139292.96,"assedepr":2.114712796E7,"realestadep":null,"intaasseamor":1030755.6,"longdefeexpenamor":null,"prepexpedecr":null,"accrexpeincr":null,"dispfixedassetloss":2425016.35,"fixedassescraloss":null,"valuechgloss":null,"defeincoincr":null,"estidebts":null,"finexpe":7004541.67,"inveloss":null,"defetaxassetdecr":-1196786.28,"defetaxliabincr":null,"inveredu":-1.03703335E7,"receredu":5925420.26,"payaincr":2.241072088E7,"unseparachg":null,"unfiparachg":null,"other":-1982814.6,"biznetscheitse":null,"biznetscheform":null,"biznetcflow":9.922468007E7,"debtintocapi":null,"expiconvbd":null,"finfixedasset":null,"cashfinalbala":3.451150672E7,"cashopenbala":2.445942287E7,"equfinalbala":null,"equopenbala":null,"netcashscheitse":null,"netcashscheform":null,"cashneti":1.005208385E7},{"compcode":"80362507","publishdate":"20160217","begindate":"20130101","enddate":"20131231","reporttype":"100111","adjustdate":"20160217","accstacode":"2","accstaname":"新会计准则","laborgetcash":7.1231228301E8,"deponetr":null,"bankloannetincr":null,"fininstnetr":null,"inspremcash":null,"insnetc":null,"savinetr":null,"disptradnetincr":null,"charintecash":null,"fdsborrnetr":null,"repnetincr":null,"taxrefd":null,"receotherbizcash":1.173518573E7,"bizinflitse":null,"bizinflform":null,"bizcashinfl":7.2404746874E8,"labopayc":4.5906441674E8,"loansnetr":null,"tradepaymnetr":null,"paycompgold":null,"payintecash":null,"paydivicash":null,"payworkcash":6.506660694E7,"paytax":5.829010908E7,"payacticash":5.149417029E7,"bizoutfitse":null,"bizoutfform":null,"bizcashoutf":6.3391530305E8,"biznetitse":null,"biznetform":null,"mananetr":9.013216569E7,"withinvgetcash":null,"inveretugetcash":null,"fixedassetnetc":1642375.4,"subsnetc":null,"receinvcash":8167290.0,"reducashpled":null,"invinflitse":null,"invinffrom":null,"invcashinfl":9809665.4,"acquassetcash":9.339379134E7,"invpayc":null,"loannetr":null,"subspaynetcash":null,"payinvecash":null,"incrcashpled":null,"invoutfitse":null,"invoutfform":null,"invcashoutf":9.339379134E7,"netinvitse":null,"netinvform":null,"invnetcashflow":-8.358412594E7,"invrececash":null,"subsrececash":null,"recefromloan":9.0E7,"issbdrececash":null,"recefincash":null,"fininflitse":null,"fininflform":null,"fincashinfl":9.0E7,"debtpaycash":8.8E7,"diviprofpaycash":1.59982E7,"subspaydivid":null,"finrelacash":900000.0,"finoutfitse":null,"finoutfform":null,"fincashoutf":1.048982E8,"finnetitse":null,"finnetform":null,"finnetcflow":-1.48982E7,"chgexchgchgs":34096.68,"netcashitse":null,"netcashform":null,"cashnetr":-8316063.57,"inicashbala":3.277548644E7,"cashfinalitse":null,"cashfinalform":null,"finalcashbala":2.445942287E7,"netprofit":7.04691726E7,"minysharrigh":null,"unreinveloss":null,"asseimpa":451896.95,"assedepr":1.900583976E7,"realestadep":null,"intaasseamor":937702.02,"longdefeexpenamor":null,"prepexpedecr":null,"accrexpeincr":null,"dispfixedassetloss":4470008.08,"fixedassescraloss":null,"valuechgloss":null,"defeincoincr":null,"estidebts":null,"finexpe":3997466.66,"inveloss":null,"defetaxassetdecr":-870905.39,"defetaxliabincr":null,"inveredu":-8677876.87,"receredu":763355.39,"payaincr":1585993.98,"unseparachg":null,"unfiparachg":null,"other":-2000487.49,"biznetscheitse":null,"biznetscheform":null,"biznetcflow":9.013216569E7,"debtintocapi":null,"expiconvbd":null,"finfixedasset":null,"cashfinalbala":2.445942287E7,"cashopenbala":3.277548644E7,"equfinalbala":null,"equopenbala":null,"netcashscheitse":null,"netcashscheform":null,"cashneti":-8316063.57},{"compcode":"80362507","publishdate":"20150611","begindate":"20120101","enddate":"20121231","reporttype":"100111","adjustdate":"20150611","accstacode":"2","accstaname":"新会计准则","laborgetcash":6.2735536288E8,"deponetr":null,"bankloannetincr":null,"fininstnetr":null,"inspremcash":null,"insnetc":null,"savinetr":null,"disptradnetincr":null,"charintecash":null,"fdsborrnetr":null,"repnetincr":null,"taxrefd":11903.75,"receotherbizcash":1.488244699E7,"bizinflitse":null,"bizinflform":null,"bizcashinfl":6.4224971362E8,"labopayc":4.2734889692E8,"loansnetr":null,"tradepaymnetr":null,"paycompgold":null,"payintecash":null,"paydivicash":null,"payworkcash":5.389345842E7,"paytax":5.680458277E7,"payacticash":4.107340009E7,"bizoutfitse":null,"bizoutfform":null,"bizcashoutf":5.791203382E8,"biznetitse":null,"biznetform":null,"mananetr":6.312937542E7,"withinvgetcash":null,"inveretugetcash":312457.47,"fixedassetnetc":288586.86,"subsnetc":null,"receinvcash":1000000.0,"reducashpled":null,"invinflitse":null,"invinffrom":null,"invcashinfl":1601044.33,"acquassetcash":6.178011429E7,"invpayc":null,"loannetr":null,"subspaynetcash":2538956.83,"payinvecash":null,"incrcashpled":null,"invoutfitse":null,"invoutfform":null,"invcashoutf":6.431907112E7,"netinvitse":null,"netinvform":null,"invnetcashflow":-6.271802679E7,"invrececash":null,"subsrececash":null,"recefromloan":4.0E7,"issbdrececash":null,"recefincash":2750250.0,"fininflitse":null,"fininflform":null,"fincashinfl":4.275025E7,"debtpaycash":2.2E7,"diviprofpaycash":3.005938248E7,"subspaydivid":null,"finrelacash":9345000.0,"finoutfitse":null,"finoutfform":null,"fincashoutf":6.140438248E7,"finnetitse":null,"finnetform":null,"finnetcflow":-1.865413248E7,"chgexchgchgs":null,"netcashitse":null,"netcashform":null,"cashnetr":-1.824278385E7,"inicashbala":5.101827029E7,"cashfinalitse":null,"cashfinalform":null,"finalcashbala":3.277548644E7,"netprofit":6.189461679E7,"minysharrigh":null,"unreinveloss":null,"asseimpa":2242449.24,"assedepr":1.787185244E7,"realestadep":null,"intaasseamor":443430.79,"longdefeexpenamor":null,"prepexpedecr":null,"accrexpeincr":null,"dispfixedassetloss":363321.11,"fixedassescraloss":null,"valuechgloss":null,"defeincoincr":null,"estidebts":null,"finexpe":4859392.98,"inveloss":-312457.47,"defetaxassetdecr":-291656.8,"defetaxliabincr":null,"inveredu":-897206.89,"receredu":-2.343286022E7,"payaincr":2355923.53,"unseparachg":null,"unfiparachg":null,"other":-1967430.08,"biznetscheitse":null,"biznetscheform":null,"biznetcflow":6.312937542E7,"debtintocapi":null,"expiconvbd":null,"finfixedasset":null,"cashfinalbala":3.277548644E7,"cashopenbala":5.101827029E7,"equfinalbala":null,"equopenbala":null,"netcashscheitse":null,"netcashscheform":null,"cashneti":-1.824278385E7},{"compcode":"80362507","publishdate":"20140604","begindate":"20110101","enddate":"20111231","reporttype":"100111","adjustdate":"20140604","accstacode":"2","accstaname":"新会计准则","laborgetcash":5.7676015771E8,"deponetr":null,"bankloannetincr":null,"fininstnetr":null,"inspremcash":null,"insnetc":null,"savinetr":null,"disptradnetincr":null,"charintecash":null,"fdsborrnetr":null,"repnetincr":null,"taxrefd":466228.35,"receotherbizcash":6153219.47,"bizinflitse":null,"bizinflform":null,"bizcashinfl":5.8337960553E8,"labopayc":3.8414037328E8,"loansnetr":null,"tradepaymnetr":null,"paycompgold":null,"payintecash":null,"paydivicash":null,"payworkcash":4.396877041E7,"paytax":4.583708251E7,"payacticash":2.320365352E7,"bizoutfitse":null,"bizoutfform":null,"bizcashoutf":4.9714987972E8,"biznetitse":null,"biznetform":null,"mananetr":8.622972581E7,"withinvgetcash":null,"inveretugetcash":32794.52,"fixedassetnetc":3315496.02,"subsnetc":null,"receinvcash":9784000.0,"reducashpled":null,"invinflitse":null,"invinffrom":null,"invcashinfl":1.313229054E7,"acquassetcash":4.185045094E7,"invpayc":null,"loannetr":null,"subspaynetcash":null,"payinvecash":null,"incrcashpled":null,"invoutfitse":null,"invoutfform":null,"invcashoutf":4.185045094E7,"netinvitse":null,"netinvform":null,"invnetcashflow":-2.87181604E7,"invrececash":1.1445566178E8,"subsrececash":null,"recefromloan":9.2E7,"issbdrececash":null,"recefincash":6.540975E7,"fininflitse":null,"fininflform":null,"fincashinfl":2.7186541178E8,"debtpaycash":1.838E8,"diviprofpaycash":2.619071287E7,"subspaydivid":null,"finrelacash":9.102936322E7,"finoutfitse":null,"finoutfform":null,"fincashoutf":3.0102007609E8,"finnetitse":null,"finnetform":null,"finnetcflow":-2.915466431E7,"chgexchgchgs":null,"netcashitse":null,"netcashform":null,"cashnetr":2.83569011E7,"inicashbala":2.266136919E7,"cashfinalitse":null,"cashfinalform":null,"finalcashbala":5.101827029E7,"netprofit":4.705499946E7,"minysharrigh":null,"unreinveloss":null,"asseimpa":1.119237923E7,"assedepr":1.392133113E7,"realestadep":null,"intaasseamor":408117.47,"longdefeexpenamor":null,"prepexpedecr":null,"accrexpeincr":null,"dispfixedassetloss":-2160390.59,"fixedassescraloss":null,"valuechgloss":null,"defeincoincr":null,"estidebts":null,"finexpe":1.222762295E7,"inveloss":-32794.52,"defetaxassetdecr":-882753.8,"defetaxliabincr":-13242.25,"inveredu":2490738.83,"receredu":2.10461692E7,"payaincr":-1.732188463E7,"unseparachg":null,"unfiparachg":null,"other":-1700566.67,"biznetscheitse":null,"biznetscheform":null,"biznetcflow":8.622972581E7,"debtintocapi":null,"expiconvbd":null,"finfixedasset":null,"cashfinalbala":5.101827029E7,"cashopenbala":2.266136919E7,"equfinalbala":null,"equopenbala":null,"netcashscheitse":null,"netcashscheform":null,"cashneti":2.83569011E7}],"comptype":4,"name":"千禾味业"}