{"list":[{"compcode":"80362507","publishdate":"20171026","reportdate":"20170930","reporttype":"100111","adjustdate":"20171026","accstacode":"2","accstaname":"新会计准则","curfds":3.08798517E7,"tradfinasset":null,"notesrece":250000.0,"accorece":5.757162579E7,"prep":1.219308888E7,"premrece":null,"interece":null,"dividrece":null,"otherrece":6278093.63,"expotaxrebarece":null,"subsrece":null,"margrece":null,"intelrece":null,"inve":2.398889621E8,"prepexpe":null,"unseg":null,"expinoncurrasset":null,"othercurrasse":2.4815934175E8,"currassetitse":null,"currasseform":null,"totcurrasset":5.9522096385E8,"lendandloan":null,"avaisellasse":null,"holdinvedue":null,"longrece":null,"equiinve":null,"otherlonginve":null,"inveprop":null,"fixedasseimmo":null,"accudepr":null,"fixedassenetw":null,"fixedasseimpa":null,"fixedassenet":4.1733439087E8,"consprog":9.295997317E7,"engimate":24585.63,"fixedasseclea":null,"prodasse":null,"comasse":null,"hydrasset":null,"intaasset":5.821084256E7,"deveexpe":null,"goodwill":null,"logprepexpe":269570.53,"tradshartrad":null,"defetaxasset":8024125.65,"othernoncasse":1.176006934E7,"noncasseitse":null,"noncasseform":null,"totalnoncassets":5.8858355775E8,"totassetitse":null,"totalasseform":null,"totasset":1.1838045216E9,"shorttermborr":8.0E7,"tradfinliab":null,"notespaya":3271723.5,"accopaya":5.811332631E7,"advapaym":7617739.19,"copeworkersal":1.264758144E7,"taxespaya":1.282094556E7,"intepaya":96666.67,"divipaya":null,"otherfeepaya":null,"margrequ":null,"intelpay":null,"otherpay":1.032911226E7,"accrexpe":null,"expecurrliab":null,"copewithreinrece":null,"inteticksett":null,"dometicksett":null,"defereve":null,"shorttermbdspaya":null,"duenoncliab":null,"othercurreliabi":1.529201098E7,"currliabitse":null,"currliabform":null,"totalcurrliab":2.0018910591E8,"longborr":null,"bdspaya":null,"longpaya":null,"specpaya":null,"expenoncliab":null,"longdefeinco":1.870770533E7,"defeincotaxliab":null,"othernoncliabi":null,"longliabitse":null,"longliabform":null,"totalnoncliab":1.870770533E7,"totliabitse":null,"totliabform":null,"totliab":2.1889681124E8,"paidincapi":3.2E8,"capisurp":2.3539438418E8,"treastk":null,"specrese":null,"rese":3.132089195E7,"generiskrese":null,"unreinveloss":null,"undiprof":3.7819243423E8,"topaycashdivi":null,"curtrandiff":null,"sharrighitse":null,"sharrightform":null,"paresharrigh":9.6490771036E8,"minysharrigh":null,"righaggritse":null,"rightaggrform":null,"righaggr":9.6490771036E8,"rightotitse":null,"rightotform":null,"totliabsharequi":1.1838045216E9,"settresedepo":null,"plac":null,"derifinaasset":null,"reinrece":null,"reincontrese":null,"purcresaasset":null,"cenbankborr":null,"deposit":null,"fdsborr":null,"deriliab":null,"sellrepasse":null,"copepoun":null,"insucontrese":null,"actitradsecu":null,"actiundesecu":null},{"compcode":"80362507","publishdate":"20170825","reportdate":"20170630","reporttype":"100111","adjustdate":"20170825","accstacode":"2","accstaname":"新会计准则","curfds":8.274955634E7,"tradfinasset":null,"notesrece":800000.0,"accorece":5.793735117E7,"prep":1.24329664E7,"premrece":null,"interece":null,"dividrece":null,"otherrece":4652491.45,"expotaxrebarece":null,"subsrece":null,"margrece":null,"intelrece":null,"inve":2.3088565366E8,"prepexpe":null,"unseg":null,"expinoncurrasset":null,"othercurrasse":1.7233902384E8,"currassetitse":null,"currasseform":null,"totcurrasset":5.6179704286E8,"lendandloan":null,"avaisellasse":null,"holdinvedue":null,"longrece":null,"equiinve":2672087.78,"otherlonginve":null,"inveprop":null,"fixedasseimmo":5.7481358756E8,"accudepr":1.5111823617E8,"fixedassenetw":4.2369535139E8,"fixedasseimpa":1219809.02,"fixedassenet":4.2247554237E8,"consprog":5.013290583E7,"engimate":24376.9,"fixedasseclea":null,"prodasse":null,"comasse":null,"hydrasset":null,"intaasset":5.148425256E7,"deveexpe":null,"goodwill":null,"logprepexpe":290306.74,"tradshartrad":null,"defetaxasset":8076086.33,"othernoncasse":2.800152182E7,"noncasseitse":null,"noncasseform":null,"totalnoncassets":5.6315708033E8,"totassetitse":null,"totalasseform":null,"totasset":1.12495412319E9,"shorttermborr":5.0E7,"tradfinliab":null,"notespaya":3271723.5,"accopaya":5.686982345E7,"advapaym":7358936.05,"copeworkersal":1.285508957E7,"taxespaya":1.482746192E7,"intepaya":56146.12,"divipaya":null,"otherfeepaya":null,"margrequ":null,"intelpay":null,"otherpay":8499719.63,"accrexpe":null,"expecurrliab":null,"copewithreinrece":null,"inteticksett":null,"dometicksett":null,"defereve":null,"shorttermbdspaya":null,"duenoncliab":null,"othercurreliabi":1.600111004E7,"currliabitse":null,"currliabform":null,"totalcurrliab":1.6974001028E8,"longborr":null,"bdspaya":null,"longpaya":null,"specpaya":null,"expenoncliab":null,"longdefeinco":1.952350013E7,"defeincotaxliab":null,"othernoncliabi":null,"longliabitse":null,"longliabform":null,"totalnoncliab":1.952350013E7,"totliabitse":null,"totliabform":null,"totliab":1.8926351041E8,"paidincapi":3.2E8,"capisurp":2.3539438418E8,"treastk":null,"specrese":null,"rese":3.132089195E7,"generiskrese":null,"unreinveloss":null,"undiprof":3.4897533665E8,"topaycashdivi":null,"curtrandiff":null,"sharrighitse":null,"sharrightform":null,"paresharrigh":9.3569061278E8,"minysharrigh":null,"righaggritse":null,"rightaggrform":null,"righaggr":9.3569061278E8,"rightotitse":null,"rightotform":null,"totliabsharequi":1.12495412319E9,"settresedepo":null,"plac":null,"derifinaasset":null,"reinrece":null,"reincontrese":null,"purcresaasset":null,"cenbankborr":null,"deposit":null,"fdsborr":null,"deriliab":null,"sellrepasse":null,"copepoun":null,"insucontrese":null,"actitradsecu":null,"actiundesecu":null},{"compcode":"80362507","publishdate":"20170426","reportdate":"20170331","reporttype":"100111","adjustdate":"20170426","accstacode":"2","accstaname":"新会计准则","curfds":7.242702949E7,"tradfinasset":null,"notesrece":1270000.0,"accorece":6.045066577E7,"prep":1.278574542E7,"premrece":null,"interece":null,"dividrece":null,"otherrece":5298705.47,"expotaxrebarece":null,"subsrece":null,"margrece":null,"intelrece":null,"inve":2.1931128595E8,"prepexpe":null,"unseg":null,"expinoncurrasset":null,"othercurrasse":1.8260242691E8,"currassetitse":null,"currasseform":null,"totcurrasset":5.5414585901E8,"lendandloan":null,"avaisellasse":null,"holdinvedue":null,"longrece":null,"equiinve":3000000.0,"otherlonginve":null,"inveprop":null,"fixedasseimmo":null,"accudepr":null,"fixedassenetw":null,"fixedasseimpa":null,"fixedassenet":4.3054779588E8,"consprog":1.104687408E7,"engimate":26768.6,"fixedasseclea":null,"prodasse":null,"comasse":null,"hydrasset":null,"intaasset":5.19944949E7,"deveexpe":null,"goodwill":null,"logprepexpe":311042.95,"tradshartrad":null,"defetaxasset":7731469.09,"othernoncasse":1.560273014E7,"noncasseitse":null,"noncasseform":null,"totalnoncassets":5.2026117564E8,"totassetitse":null,"totalasseform":null,"totasset":1.07440703465E9,"shorttermborr":null,"tradfinliab":null,"notespaya":null,"accopaya":5.898944965E7,"advapaym":1.427299175E7,"copeworkersal":1.261706029E7,"taxespaya":1.697731669E7,"intepaya":null,"divipaya":null,"otherfeepaya":null,"margrequ":null,"intelpay":null,"otherpay":9930279.58,"accrexpe":null,"expecurrliab":null,"copewithreinrece":null,"inteticksett":null,"dometicksett":null,"defereve":null,"shorttermbdspaya":null,"duenoncliab":null,"othercurreliabi":1.434941887E7,"currliabitse":null,"currliabform":null,"totalcurrliab":1.2713651683E8,"longborr":null,"bdspaya":null,"longpaya":null,"specpaya":null,"expenoncliab":null,"longdefeinco":1.934762827E7,"defeincotaxliab":null,"othernoncliabi":null,"longliabitse":null,"longliabform":null,"totalnoncliab":1.934762827E7,"totliabitse":null,"totliabform":null,"totliab":1.464841451E8,"paidincapi":1.6E8,"capisurp":3.9539438418E8,"treastk":null,"specrese":null,"rese":3.132089195E7,"generiskrese":null,"unreinveloss":null,"undiprof":3.4120761342E8,"topaycashdivi":null,"curtrandiff":null,"sharrighitse":null,"sharrightform":null,"paresharrigh":9.2792288955E8,"minysharrigh":null,"righaggritse":null,"rightaggrform":null,"righaggr":9.2792288955E8,"rightotitse":null,"rightotform":null,"totliabsharequi":1.07440703465E9,"settresedepo":null,"plac":null,"derifinaasset":null,"reinrece":null,"reincontrese":null,"purcresaasset":null,"cenbankborr":null,"deposit":null,"fdsborr":null,"deriliab":null,"sellrepasse":null,"copepoun":null,"insucontrese":null,"actitradsecu":null,"actiundesecu":null},{"compcode":"80362507","publishdate":"20170322","reportdate":"20161231","reporttype":"100111","adjustdate":"20170322","accstacode":"2","accstaname":"新会计准则","curfds":9.20474708E7,"tradfinasset":null,"notesrece":543831.99,"accorece":5.645809029E7,"prep":3.650148245E7,"premrece":null,"interece":null,"dividrece":null,"otherrece":4184063.85,"expotaxrebarece":null,"subsrece":null,"margrece":null,"intelrece":null,"inve":2.1144516691E8,"prepexpe":null,"unseg":null,"expinoncurrasset":null,"othercurrasse":1.1703749365E8,"currassetitse":null,"currasseform":null,"totcurrasset":5.1821759994E8,"lendandloan":null,"avaisellasse":null,"holdinvedue":null,"longrece":null,"equiinve":null,"otherlonginve":null,"inveprop":null,"fixedasseimmo":5.7546086609E8,"accudepr":1.326824985E8,"fixedassenetw":4.4277836759E8,"fixedasseimpa":1655504.32,"fixedassenet":4.4112286327E8,"consprog":351208.05,"engimate":32762.84,"fixedasseclea":null,"prodasse":null,"comasse":null,"hydrasset":null,"intaasset":5.253797561E7,"deveexpe":null,"goodwill":null,"logprepexpe":331779.16,"tradshartrad":null,"defetaxasset":7961259.59,"othernoncasse":6100355.25,"noncasseitse":null,"noncasseform":null,"totalnoncassets":5.0843820377E8,"totassetitse":null,"totalasseform":null,"totasset":1.02665580371E9,"shorttermborr":null,"tradfinliab":null,"notespaya":null,"accopaya":5.25742033E7,"advapaym":1.664941626E7,"copeworkersal":1.339837083E7,"taxespaya":8919928.84,"intepaya":null,"divipaya":null,"otherfeepaya":null,"margrequ":null,"intelpay":null,"otherpay":1.055453125E7,"accrexpe":null,"expecurrliab":null,"copewithreinrece":null,"inteticksett":null,"dometicksett":null,"defereve":null,"shorttermbdspaya":null,"duenoncliab":null,"othercurreliabi":1.420356584E7,"currliabitse":null,"currliabform":null,"totalcurrliab":1.1630001632E8,"longborr":null,"bdspaya":null,"longpaya":null,"specpaya":null,"expenoncliab":null,"longdefeinco":1.993503326E7,"defeincotaxliab":null,"othernoncliabi":null,"longliabitse":null,"longliabform":null,"totalnoncliab":1.993503326E7,"totliabitse":null,"totliabform":null,"totliab":1.3623504958E8,"paidincapi":1.6E8,"capisurp":3.9539438418E8,"treastk":null,"specrese":null,"rese":3.132089195E7,"generiskrese":null,"unreinveloss":null,"undiprof":3.03705478E8,"topaycashdivi":null,"curtrandiff":null,"sharrighitse":null,"sharrightform":null,"paresharrigh":8.9042075413E8,"minysharrigh":null,"righaggritse":null,"rightaggrform":null,"righaggr":8.9042075413E8,"rightotitse":null,"rightotform":null,"totliabsharequi":1.02665580371E9,"settresedepo":null,"plac":null,"derifinaasset":null,"reinrece":null,"reincontrese":null,"purcresaasset":null,"cenbankborr":null,"deposit":null,"fdsborr":null,"deriliab":null,"sellrepasse":null,"copepoun":null,"insucontrese":null,"actitradsecu":null,"actiundesecu":null},{"compcode":"80362507","publishdate":"20161027","reportdate":"20160930","reporttype":"100111","adjustdate":"20161027","accstacode":"2","accstaname":"新会计准则","curfds":9.87876943E7,"tradfinasset":null,"notesrece":683831.99,"accorece":4.979859389E7,"prep":7152938.99,"premrece":null,"interece":null,"dividrece":null,"otherrece":3959771.53,"expotaxrebarece":null,"subsrece":null,"margrece":null,"intelrece":null,"inve":1.8206042907E8,"prepexpe":null,"unseg":null,"expinoncurrasset":null,"othercurrasse":1.495E8,"currassetitse":null,"currasseform":null,"totcurrasset":4.9194325977E8,"lendandloan":null,"avaisellasse":null,"holdinvedue":null,"longrece":null,"equiinve":null,"otherlonginve":null,"inveprop":null,"fixedasseimmo":null,"accudepr":null,"fixedassenetw":null,"fixedasseimpa":null,"fixedassenet":2.9556723104E8,"consprog":1.0922755073E8,"engimate":55914.74,"fixedasseclea":null,"prodasse":null,"comasse":null,"hydrasset":null,"intaasset":4.884482144E7,"deveexpe":null,"goodwill":null,"logprepexpe":359427.44,"tradshartrad":null,"defetaxasset":6432562.53,"othernoncasse":1.63342154E7,"noncasseitse":null,"noncasseform":null,"totalnoncassets":4.7682172332E8,"totassetitse":null,"totalasseform":null,"totasset":9.6876498309E8,"shorttermborr":null,"tradfinliab":null,"notespaya":null,"accopaya":3.273457581E7,"advapaym":9749616.38,"copeworkersal":9758462.76,"taxespaya":1.222334204E7,"intepaya":null,"divipaya":null,"otherfeepaya":null,"margrequ":null,"intelpay":null,"otherpay":7471283.49,"accrexpe":null,"expecurrliab":null,"copewithreinrece":null,"inteticksett":null,"dometicksett":null,"defereve":null,"shorttermbdspaya":null,"duenoncliab":null,"othercurreliabi":1.385571415E7,"currliabitse":null,"currliabform":null,"totalcurrliab":8.579299463E7,"longborr":null,"bdspaya":null,"longpaya":null,"specpaya":null,"expenoncliab":null,"longdefeinco":2.055074333E7,"defeincotaxliab":null,"othernoncliabi":null,"longliabitse":null,"longliabform":null,"totalnoncliab":2.055074333E7,"totliabitse":null,"totliabform":null,"totliab":1.0634373796E8,"paidincapi":1.6E8,"capisurp":3.9539438418E8,"treastk":null,"specrese":null,"rese":2.316833713E7,"generiskrese":null,"unreinveloss":null,"undiprof":2.8385852382E8,"topaycashdivi":null,"curtrandiff":null,"sharrighitse":null,"sharrightform":null,"paresharrigh":8.6242124513E8,"minysharrigh":null,"righaggritse":null,"rightaggrform":null,"righaggr":8.6242124513E8,"rightotitse":null,"rightotform":null,"totliabsharequi":9.6876498309E8,"settresedepo":null,"plac":null,"derifinaasset":null,"reinrece":null,"reincontrese":null,"purcresaasset":null,"cenbankborr":null,"deposit":null,"fdsborr":null,"deriliab":null,"sellrepasse":null,"copepoun":null,"insucontrese":null,"actitradsecu":null,"actiundesecu":null},{"compcode":"80362507","publishdate":"20160826","reportdate":"20160630","reporttype":"100111","adjustdate":"20160826","accstacode":"2","accstaname":"新会计准则","curfds":2.4077343939E8,"tradfinasset":null,"notesrece":1570000.0,"accorece":3.400904419E7,"prep":4520574.44,"premrece":null,"interece":null,"dividrece":null,"otherrece":4463450.98,"expotaxrebarece":null,"subsrece":null,"margrece":null,"intelrece":null,"inve":1.9607849499E8,"prepexpe":null,"unseg":null,"expinoncurrasset":null,"othercurrasse":null,"currassetitse":null,"currasseform":null,"totcurrasset":4.8141500399E8,"lendandloan":null,"avaisellasse":null,"holdinvedue":null,"longrece":null,"equiinve":null,"otherlonginve":null,"inveprop":null,"fixedasseimmo":4.1267317641E8,"accudepr":1.2458761875E8,"fixedassenetw":2.8808555766E8,"fixedasseimpa":2291331.1,"fixedassenet":2.8579422656E8,"consprog":1.1890749055E8,"engimate":28543.03,"fixedasseclea":null,"prodasse":null,"comasse":null,"hydrasset":null,"intaasset":4.506358085E7,"deveexpe":null,"goodwill":null,"logprepexpe":373251.58,"tradshartrad":null,"defetaxasset":6242357.57,"othernoncasse":2947975.98,"noncasseitse":null,"noncasseform":null,"totalnoncassets":4.5935742612E8,"totassetitse":null,"totalasseform":null,"totasset":9.4077243011E8,"shorttermborr":null,"tradfinliab":null,"notespaya":3510000.0,"accopaya":3.682208682E7,"advapaym":7016213.7,"copeworkersal":9275333.37,"taxespaya":6311141.57,"intepaya":null,"divipaya":null,"otherfeepaya":null,"margrequ":null,"intelpay":null,"otherpay":8573978.86,"accrexpe":null,"expecurrliab":null,"copewithreinrece":null,"inteticksett":null,"dometicksett":null,"defereve":null,"shorttermbdspaya":null,"duenoncliab":null,"othercurreliabi":9566948.2,"currliabitse":null,"currliabform":null,"totalcurrliab":8.107570252E7,"longborr":null,"bdspaya":null,"longpaya":null,"specpaya":null,"expenoncliab":null,"longdefeinco":2.114064696E7,"defeincotaxliab":null,"othernoncliabi":null,"longliabitse":null,"longliabform":null,"totalnoncliab":2.114064696E7,"totliabitse":null,"totliabform":null,"totliab":1.0221634948E8,"paidincapi":1.6E8,"capisurp":3.9539438418E8,"treastk":null,"specrese":null,"rese":2.316833713E7,"generiskrese":null,"unreinveloss":null,"undiprof":2.5999335932E8,"topaycashdivi":null,"curtrandiff":null,"sharrighitse":null,"sharrightform":null,"paresharrigh":8.3855608063E8,"minysharrigh":null,"righaggritse":null,"rightaggrform":null,"righaggr":8.3855608063E8,"rightotitse":null,"rightotform":null,"totliabsharequi":9.4077243011E8,"settresedepo":null,"plac":null,"derifinaasset":null,"reinrece":null,"reincontrese":null,"purcresaasset":null,"cenbankborr":null,"deposit":null,"fdsborr":null,"deriliab":null,"sellrepasse":null,"copepoun":null,"insucontrese":null,"actitradsecu":null,"actiundesecu":null},{"compcode":"80362507","publishdate":"20160428","reportdate":"20160331","reporttype":"100111","adjustdate":"20160428","accstacode":"2","accstaname":"新会计准则","curfds":2.6442424791E8,"tradfinasset":null,"notesrece":800000.0,"accorece":3.956042241E7,"prep":4760735.29,"premrece":null,"interece":null,"dividrece":null,"otherrece":3867366.87,"expotaxrebarece":null,"subsrece":null,"margrece":null,"intelrece":null,"inve":1.8473321463E8,"prepexpe":null,"unseg":null,"expinoncurrasset":null,"othercurrasse":null,"currassetitse":null,"currasseform":null,"totcurrasset":4.9814598711E8,"lendandloan":null,"avaisellasse":null,"holdinvedue":null,"longrece":null,"equiinve":null,"otherlonginve":null,"inveprop":null,"fixedasseimmo":null,"accudepr":null,"fixedassenetw":null,"fixedasseimpa":null,"fixedassenet":2.9011979983E8,"consprog":1.068520939E8,"engimate":88092.47,"fixedasseclea":null,"prodasse":null,"comasse":null,"hydrasset":null,"intaasset":4.536790265E7,"deveexpe":null,"goodwill":null,"logprepexpe":393987.79,"tradshartrad":null,"defetaxasset":6217776.25,"othernoncasse":6998435.64,"noncasseitse":null,"noncasseform":null,"totalnoncassets":4.5603808853E8,"totassetitse":null,"totalasseform":null,"totasset":9.5418407564E8,"shorttermborr":1.95E7,"tradfinliab":null,"notespaya":9145905.16,"accopaya":4.001589723E7,"advapaym":7708746.35,"copeworkersal":8369179.74,"taxespaya":4684380.35,"intepaya":73312.61,"divipaya":null,"otherfeepaya":null,"margrequ":null,"intelpay":null,"otherpay":6305110.06,"accrexpe":null,"expecurrliab":null,"copewithreinrece":null,"inteticksett":null,"dometicksett":null,"defereve":null,"shorttermbdspaya":null,"duenoncliab":null,"othercurreliabi":6996820.77,"currliabitse":null,"currliabform":null,"totalcurrliab":1.0279935227E8,"longborr":null,"bdspaya":null,"longpaya":null,"specpaya":null,"expenoncliab":null,"longdefeinco":2.163451528E7,"defeincotaxliab":null,"othernoncliabi":null,"longliabitse":null,"longliabform":null,"totalnoncliab":2.163451528E7,"totliabitse":null,"totliabform":null,"totliab":1.2443386755E8,"paidincapi":1.6E8,"capisurp":3.9539438418E8,"treastk":null,"specrese":null,"rese":2.316833713E7,"generiskrese":null,"unreinveloss":null,"undiprof":2.5118748678E8,"topaycashdivi":null,"curtrandiff":null,"sharrighitse":null,"sharrightform":null,"paresharrigh":8.2975020809E8,"minysharrigh":null,"righaggritse":null,"rightaggrform":null,"righaggr":8.2975020809E8,"rightotitse":null,"rightotform":null,"totliabsharequi":9.5418407564E8,"settresedepo":null,"plac":null,"derifinaasset":null,"reinrece":null,"reincontrese":null,"purcresaasset":null,"cenbankborr":null,"deposit":null,"fdsborr":null,"deriliab":null,"sellrepasse":null,"copepoun":null,"insucontrese":null,"actitradsecu":null,"actiundesecu":null},{"compcode":"80362507","publishdate":"20160217","reportdate":"20151231","reporttype":"100111","adjustdate":"20160217","accstacode":"2","accstaname":"新会计准则","curfds":4.84181302E7,"tradfinasset":null,"notesrece":300000.0,"accorece":3.53160359E7,"prep":1.277308659E7,"premrece":null,"interece":null,"dividrece":null,"otherrece":2986993.56,"expotaxrebarece":null,"subsrece":null,"margrece":null,"intelrece":null,"inve":1.7092082148E8,"prepexpe":null,"unseg":null,"expinoncurrasset":null,"othercurrasse":null,"currassetitse":null,"currasseform":null,"totcurrasset":2.7071506773E8,"lendandloan":null,"avaisellasse":null,"holdinvedue":null,"longrece":null,"equiinve":null,"otherlonginve":null,"inveprop":null,"fixedasseimmo":4.1280055658E8,"accudepr":1.1290005999E8,"fixedassenetw":2.9990049659E8,"fixedasseimpa":3188449.54,"fixedassenet":2.9671204705E8,"consprog":1.0011389414E8,"engimate":387152.93,"fixedasseclea":null,"prodasse":null,"comasse":null,"hydrasset":null,"intaasset":4.552957487E7,"deveexpe":null,"goodwill":null,"logprepexpe":null,"tradshartrad":null,"defetaxasset":6542966.3,"othernoncasse":4121903.16,"noncasseitse":null,"noncasseform":null,"totalnoncassets":4.5340753845E8,"totassetitse":null,"totalasseform":null,"totasset":7.2412260618E8,"shorttermborr":1.345E8,"tradfinliab":null,"notespaya":1.415013562E7,"accopaya":4.624482941E7,"advapaym":1.177164674E7,"copeworkersal":9608928.73,"taxespaya":1504024.67,"intepaya":181309.03,"divipaya":null,"otherfeepaya":null,"margrequ":null,"intelpay":null,"otherpay":7948203.34,"accrexpe":null,"expecurrliab":null,"copewithreinrece":null,"inteticksett":null,"dometicksett":null,"defereve":null,"shorttermbdspaya":null,"duenoncliab":null,"othercurreliabi":9820269.6,"currliabitse":null,"currliabform":null,"totalcurrliab":2.3572934714E8,"longborr":null,"bdspaya":null,"longpaya":null,"specpaya":null,"expenoncliab":null,"longdefeinco":2.089517055E7,"defeincotaxliab":null,"othernoncliabi":null,"longliabitse":null,"longliabform":null,"totalnoncliab":2.089517055E7,"totliabitse":null,"totliabform":null,"totliab":2.5662451769E8,"paidincapi":1.2E8,"capisurp":9.656028412E7,"treastk":null,"specrese":null,"rese":2.316833713E7,"generiskrese":null,"unreinveloss":null,"undiprof":2.2776946724E8,"topaycashdivi":null,"curtrandiff":null,"sharrighitse":null,"sharrightform":null,"paresharrigh":4.6749808849E8,"minysharrigh":null,"righaggritse":null,"rightaggrform":null,"righaggr":4.6749808849E8,"rightotitse":null,"rightotform":null,"totliabsharequi":7.2412260618E8,"settresedepo":null,"plac":null,"derifinaasset":null,"reinrece":null,"reincontrese":null,"purcresaasset":null,"cenbankborr":null,"deposit":null,"fdsborr":null,"deriliab":null,"sellrepasse":null,"copepoun":null,"insucontrese":null,"actitradsecu":null,"actiundesecu":null},{"compcode":"80362507","publishdate":"20160217","reportdate":"20141231","reporttype":"100111","adjustdate":"20160217","accstacode":"2","accstaname":"新会计准则","curfds":3.957362242E7,"tradfinasset":null,"notesrece":null,"accorece":3.663577251E7,"prep":1.496859383E7,"premrece":null,"interece":null,"dividrece":null,"otherrece":2384382.2,"expotaxrebarece":null,"subsrece":null,"margrece":null,"intelrece":null,"inve":1.1383566333E8,"prepexpe":null,"unseg":null,"expinoncurrasset":null,"othercurrasse":null,"currassetitse":null,"currasseform":null,"totcurrasset":2.0739803429E8,"lendandloan":null,"avaisellasse":null,"holdinvedue":null,"longrece":null,"equiinve":null,"otherlonginve":null,"inveprop":null,"fixedasseimmo":3.1185646826E8,"accudepr":9.017345945E7,"fixedassenetw":2.2168300881E8,"fixedasseimpa":2903345.13,"fixedassenet":2.1877966368E8,"consprog":1.6690183524E8,"engimate":1673963.91,"fixedasseclea":null,"prodasse":null,"comasse":null,"hydrasset":null,"intaasset":4.600772355E7,"deveexpe":null,"goodwill":null,"logprepexpe":null,"tradshartrad":null,"defetaxasset":5513951.59,"othernoncasse":2769695.03,"noncasseitse":null,"noncasseform":null,"totalnoncassets":4.41646833E8,"totassetitse":null,"totalasseform":null,"totasset":6.4904486729E8,"shorttermborr":1.3E8,"tradfinliab":null,"notespaya":1.818131809E7,"accopaya":5.407199159E7,"advapaym":6926219.1,"copeworkersal":7873654.71,"taxespaya":-1667715.11,"intepaya":249333.33,"divipaya":null,"otherfeepaya":null,"margrequ":null,"intelpay":null,"otherpay":5443444.81,"accrexpe":null,"expecurrliab":null,"copewithreinrece":null,"inteticksett":null,"dometicksett":null,"defereve":null,"shorttermbdspaya":null,"duenoncliab":null,"othercurreliabi":3930838.61,"currliabitse":null,"currliabform":null,"totalcurrliab":2.2500908513E8,"longborr":null,"bdspaya":null,"longpaya":null,"specpaya":null,"expenoncliab":null,"longdefeinco":2.306881227E7,"defeincotaxliab":null,"othernoncliabi":null,"longliabitse":null,"longliabform":null,"totalnoncliab":2.306881227E7,"totliabitse":null,"totliabform":null,"totliab":2.480778974E8,"paidincapi":1.2E8,"capisurp":9.656028412E7,"treastk":null,"specrese":null,"rese":1.356767905E7,"generiskrese":null,"unreinveloss":null,"undiprof":1.7083900672E8,"topaycashdivi":null,"curtrandiff":null,"sharrighitse":null,"sharrightform":null,"paresharrigh":4.0096696989E8,"minysharrigh":null,"righaggritse":null,"rightaggrform":null,"righaggr":4.0096696989E8,"rightotitse":null,"rightotform":null,"totliabsharequi":6.4904486729E8,"settresedepo":null,"plac":null,"derifinaasset":null,"reinrece":null,"reincontrese":null,"purcresaasset":null,"cenbankborr":null,"deposit":null,"fdsborr":null,"deriliab":null,"sellrepasse":null,"copepoun":null,"insucontrese":null,"actitradsecu":null,"actiundesecu":null},{"compcode":"80362507","publishdate":"20160217","reportdate":"20131231","reporttype":"100111","adjustdate":"20160217","accstacode":"2","accstaname":"新会计准则","curfds":2.445942287E7,"tradfinasset":null,"notesrece":null,"accorece":3.845415926E7,"prep":1.531346719E7,"premrece":null,"interece":null,"dividrece":null,"otherrece":2493045.48,"expotaxrebarece":null,"subsrece":null,"margrece":null,"intelrece":null,"inve":1.0346532983E8,"prepexpe":null,"unseg":null,"expinoncurrasset":null,"othercurrasse":1060045.25,"currassetitse":null,"currasseform":null,"totcurrasset":1.8524546988E8,"lendandloan":null,"avaisellasse":null,"holdinvedue":null,"longrece":null,"equiinve":null,"otherlonginve":null,"inveprop":null,"fixedasseimmo":null,"accudepr":null,"fixedassenetw":null,"fixedasseimpa":null,"fixedassenet":2.2664417211E8,"consprog":3.438214385E7,"engimate":1891129.74,"fixedasseclea":null,"prodasse":null,"comasse":null,"hydrasset":null,"intaasset":4.705518855E7,"deveexpe":null,"goodwill":null,"logprepexpe":null,"tradshartrad":null,"defetaxasset":4317165.31,"othernoncasse":1.825645274E7,"noncasseitse":null,"noncasseform":null,"totalnoncassets":3.325462523E8,"totassetitse":null,"totalasseform":null,"totasset":5.1779172218E8,"shorttermborr":8.0E7,"tradfinliab":null,"notespaya":null,"accopaya":2.795244831E7,"advapaym":1.037710714E7,"copeworkersal":7185632.55,"taxespaya":-2381444.74,"intepaya":150333.33,"divipaya":null,"otherfeepaya":null,"margrequ":null,"intelpay":null,"otherpay":5638029.58,"accrexpe":null,"expecurrliab":null,"copewithreinrece":null,"inteticksett":null,"dometicksett":null,"defereve":null,"shorttermbdspaya":null,"duenoncliab":null,"othercurreliabi":6414053.94,"currliabitse":null,"currliabform":null,"totalcurrliab":1.3533616011E8,"longborr":null,"bdspaya":null,"longpaya":null,"specpaya":null,"expenoncliab":null,"longdefeinco":2.125891687E7,"defeincotaxliab":null,"othernoncliabi":null,"longliabitse":null,"longliabform":null,"totalnoncliab":2.125891687E7,"totliabitse":null,"totliabform":null,"totliab":1.5659507698E8,"paidincapi":1.2E8,"capisurp":9.656028412E7,"treastk":null,"specrese":null,"rese":9159178.72,"generiskrese":null,"unreinveloss":null,"undiprof":1.3547718236E8,"topaycashdivi":null,"curtrandiff":null,"sharrighitse":null,"sharrightform":null,"paresharrigh":3.611966452E8,"minysharrigh":null,"righaggritse":null,"rightaggrform":null,"righaggr":3.611966452E8,"rightotitse":null,"rightotform":null,"totliabsharequi":5.1779172218E8,"settresedepo":null,"plac":null,"derifinaasset":null,"reinrece":null,"reincontrese":null,"purcresaasset":null,"cenbankborr":null,"deposit":null,"fdsborr":null,"deriliab":null,"sellrepasse":null,"copepoun":null,"insucontrese":null,"actitradsecu":null,"actiundesecu":null},{"compcode":"80362507","publishdate":"20150611","reportdate":"20121231","reporttype":"100111","adjustdate":"20150611","accstacode":"2","accstaname":"新会计准则","curfds":3.277548644E7,"tradfinasset":null,"notesrece":3365014.0,"accorece":3.259809968E7,"prep":1.379582965E7,"premrece":null,"interece":null,"dividrece":null,"otherrece":1186946.79,"expotaxrebarece":null,"subsrece":null,"margrece":null,"intelrece":null,"inve":9.478745296E7,"prepexpe":null,"unseg":null,"expinoncurrasset":null,"othercurrasse":6600000.0,"currassetitse":null,"currasseform":null,"totcurrasset":1.8510882952E8,"lendandloan":null,"avaisellasse":null,"holdinvedue":null,"longrece":null,"equiinve":null,"otherlonginve":null,"inveprop":null,"fixedasseimmo":null,"accudepr":null,"fixedassenetw":null,"fixedasseimpa":null,"fixedassenet":2.0167554642E8,"consprog":6839099.02,"engimate":null,"fixedasseclea":null,"prodasse":null,"comasse":null,"hydrasset":null,"intaasset":4.094475057E7,"deveexpe":null,"goodwill":null,"logprepexpe":null,"tradshartrad":null,"defetaxasset":3446259.92,"othernoncasse":8378493.42,"noncasseitse":null,"noncasseform":null,"totalnoncassets":2.6128414935E8,"totassetitse":null,"totalasseform":null,"totasset":4.4639297887E8,"shorttermborr":3.0E7,"tradfinliab":null,"notespaya":null,"accopaya":2.09590469E7,"advapaym":1.052506591E7,"copeworkersal":5439253.83,"taxespaya":376724.73,"intepaya":151066.67,"divipaya":null,"otherfeepaya":null,"margrequ":null,"intelpay":null,"otherpay":9836346.69,"accrexpe":null,"expecurrliab":null,"copewithreinrece":null,"inteticksett":null,"dometicksett":null,"defereve":null,"shorttermbdspaya":null,"duenoncliab":1.2E7,"othercurreliabi":3285887.18,"currliabitse":null,"currliabform":null,"totalcurrliab":9.257339191E7,"longborr":3.6E7,"bdspaya":null,"longpaya":null,"specpaya":null,"expenoncliab":null,"longdefeinco":1.509211436E7,"defeincotaxliab":null,"othernoncliabi":null,"longliabitse":null,"longliabform":null,"totalnoncliab":5.109211436E7,"totliabitse":null,"totliabform":null,"totliab":1.4366550627E8,"paidincapi":1.2E8,"capisurp":9.656028412E7,"treastk":null,"specrese":null,"rese":4050913.02,"generiskrese":null,"unreinveloss":null,"undiprof":8.211627546E7,"topaycashdivi":null,"curtrandiff":null,"sharrighitse":null,"sharrightform":null,"paresharrigh":3.027274726E8,"minysharrigh":null,"righaggritse":null,"rightaggrform":null,"righaggr":3.027274726E8,"rightotitse":null,"rightotform":null,"totliabsharequi":4.4639297887E8,"settresedepo":null,"plac":null,"derifinaasset":null,"reinrece":null,"reincontrese":null,"purcresaasset":null,"cenbankborr":null,"deposit":null,"fdsborr":null,"deriliab":null,"sellrepasse":null,"copepoun":null,"insucontrese":null,"actitradsecu":null,"actiundesecu":null},{"compcode":"80362507","publishdate":"20140604","reportdate":"20111231","reporttype":"100111","adjustdate":"20140604","accstacode":"2","accstaname":"新会计准则","curfds":5.376852029E7,"tradfinasset":null,"notesrece":null,"accorece":1.344842591E7,"prep":1.074424725E7,"premrece":null,"interece":null,"dividrece":null,"otherrece":393415.9,"expotaxrebarece":null,"subsrece":null,"margrece":null,"intelrece":null,"inve":8.684219237E7,"prepexpe":null,"unseg":null,"expinoncurrasset":null,"othercurrasse":16000.0,"currassetitse":null,"currasseform":null,"totcurrasset":1.6521280172E8,"lendandloan":null,"avaisellasse":null,"holdinvedue":null,"longrece":null,"equiinve":null,"otherlonginve":null,"inveprop":null,"fixedasseimmo":null,"accudepr":null,"fixedassenetw":null,"fixedasseimpa":null,"fixedassenet":1.9055396279E8,"consprog":7231901.51,"engimate":376.8,"fixedasseclea":null,"prodasse":null,"comasse":null,"hydrasset":null,"intaasset":1.601860636E7,"deveexpe":null,"goodwill":null,"logprepexpe":null,"tradshartrad":null,"defetaxasset":3154603.12,"othernoncasse":159859.55,"noncasseitse":null,"noncasseform":null,"totalnoncassets":2.1711931013E8,"totassetitse":null,"totalasseform":null,"totasset":3.8233211185E8,"shorttermborr":1.2E7,"tradfinliab":null,"notespaya":2750000.0,"accopaya":1.714865905E7,"advapaym":7057982.87,"copeworkersal":3701793.08,"taxespaya":1.100457642E7,"intepaya":128656.0,"divipaya":null,"otherfeepaya":null,"margrequ":null,"intelpay":null,"otherpay":2048044.18,"accrexpe":null,"expecurrliab":null,"copewithreinrece":null,"inteticksett":null,"dometicksett":null,"defereve":null,"shorttermbdspaya":null,"duenoncliab":null,"othercurreliabi":null,"currliabitse":null,"currliabform":null,"totalcurrliab":5.58397116E7,"longborr":4.8E7,"bdspaya":null,"longpaya":null,"specpaya":null,"expenoncliab":null,"longdefeinco":null,"defeincotaxliab":null,"othernoncliabi":1.605954444E7,"longliabitse":null,"longliabform":null,"totalnoncliab":6.405954444E7,"totliabitse":null,"totliabform":null,"totliab":1.1989925604E8,"paidincapi":1.12309889E8,"capisurp":9.91808373E7,"treastk":null,"specrese":null,"rese":3777649.73,"generiskrese":null,"unreinveloss":null,"undiprof":4.716447978E7,"topaycashdivi":null,"curtrandiff":null,"sharrighitse":null,"sharrightform":null,"paresharrigh":2.6243285581E8,"minysharrigh":null,"righaggritse":null,"rightaggrform":null,"righaggr":2.6243285581E8,"rightotitse":null,"rightotform":null,"totliabsharequi":3.8233211185E8,"settresedepo":null,"plac":null,"derifinaasset":null,"reinrece":null,"reincontrese":null,"purcresaasset":null,"cenbankborr":null,"deposit":null,"fdsborr":null,"deriliab":null,"sellrepasse":null,"copepoun":null,"insucontrese":null,"actitradsecu":null,"actiundesecu":null}],"comptype":4,"name":"千禾味业"}