{"SH603589": {"value_date": "", "kzz_convert_time": "", "code": "603589", "kzz_stock_name": "", "remain_year": "", "marketCapital": "2.964E10", "sale_rrg": "", "current": "49.40", "tick_size": "0.01", "fall_stop": "43.88", "outstandingamt": "", "after_hour_vol": "0", "kzz_covert_value": "0.0", "warrant": "", "due_date": "", "kzz_redempt_price": "0.0", "high52week": "52.58", "psr": "9.2324", "afterHoursPct": "0.0", "currency_unit": "CNY", "name": "\u53e3\u5b50\u7a96", "yield": "0.91", "lot_size": "100", "low52week": "30.46", "convert_bond_ratio": "", "rate": "", "close": "49.4", "turnover_rate": "2.69%", "afterHoursChg": "0.0", "kzz_stock_percent": "", "percent5m": "0.04", "volume_ratio": "1.37", "exchange": "SH", "last_close": "48.75", "redeem_type": "F", "dividend": "0.45", "lot_volume": "78830.46", "change": "0.65", "publisher": "", "kzz_convert_price": "0.0", "hasexist": "", "amount": "3.90824518E8", "issue_type": "1", "has_warrant": "0", "pankou_ratio": "-88.75%", "pe_lyr": "37.832", "benefit_before_tax": "0.0", "convert_rate": "0.0", "afterHours": "0.0", "par_value": "0.0", "maturitydate": "", "open": "48.98", "convertrate": "0.0", "kzz_stock_symbol": "", "pb": "6.08", "kzz_stock_current": "0.0", "low": "48.65", "time": "Fri Nov 03 14:59:58 +0800 2017", "percentage": "1.33", "type": "11", "rise_stop": "53.63", "kzz_cpr": "0.0", "benefit_after_tax": "0.0", "net_assets": "8.1201", "volume": "7883046.0", "flag": "1", "updateAt": "1493006400365", "totalissuescale": "", "circulation": "0.0", "amplitude": "3.18%", "release_date": "", "kzz_straight_price": "0.0", "interestrtmemo": "", "float_market_capital": "1.4500105113E10", "high": "50.2", "pe_ttm": "30.4915", "market_status": "\u4f11\u5e02", "max_order_quantity": "0", "due_time": "0.0", "min_order_quantity": "0", "volumeAverage": "8574426", "bond_type": "", "symbol": "SH603589", "instOwn": "0.0", "rest_day": "", "beta": "0.0", "variable_tick_size": "", "eps": "1.5", "float_shares": "293524395", "totalShares": "600000000", "disnext_pay_date": "", "kzz_putback_price": "0.0"}}